experiment,well,method,ref_mode,timepoint,true_dy,true_dx,est_dy,est_dx,abs_err_px,post_corr,reg_error,overlap,qc_pass
E1_baseline,0,A_cli,to_first,0,0.0,0.0,0.0,0.0,0.0,1.0,0.0,1.0,True
E1_baseline,0,A_cli,to_first,1,0.626488209332539,2.240818880338871,-0.5,-2.1,0.18928609077279154,0.9911960734602099,0.9999999485298775,0.9864868164062499,True
E1_baseline,0,A_cli,to_first,2,-3.8509863207130355,-7.6674154184266055,3.9,7.8,0.14135420767786672,0.9936140753759007,0.9999999423475914,0.9398876953124999,True
E1_baseline,0,A_cli,to_first,3,1.2641919103895614,2.2258596744375545,-1.2,-2.1,0.14128431975625838,0.9937862431837235,0.9999999388335732,0.9828808593750001,True
E1_baseline,0,A_cli,to_first,4,5.84333466828129,2.45754438096653,-5.9,-2.4,0.08076085437644016,0.9919525673893903,0.9999999485042416,0.9571549479166666,True
E1_baseline,0,A_cli,to_first,5,-4.896339659591682,-7.630676111873781,4.9,7.7,0.0694204548878885,0.9931123221248016,0.9999999442932747,0.9353984917534722,True
E1_baseline,0,A_cli,to_first,6,-2.091347067622241,-4.950269162225048,2.0,5.0,0.10400693721565331,0.9989661266980928,0.9999999326612297,0.9638129340277778,True
E1_baseline,0,A_cli,to_first,7,-4.608097427163688,6.3688384221642735,4.7,-6.3,0.11482513339857428,0.9900980938289187,0.9999999526105668,0.9435115559895834,True
E1_baseline,0,A_cli,to_first,8,3.9051956174327476,0.4162346306673186,-4.0,-0.2,0.2361043973622466,0.9935515107521244,0.999999928112075,0.9781467013888889,True
E1_baseline,0,A_cli,to_previous,0,0.0,0.0,0.0,0.0,0.0,1.0,0.0,1.0,True
E1_baseline,0,A_cli,to_previous,1,0.626488209332539,2.240818880338871,-0.5,-2.1,0.18928609077279154,0.9911960734602099,0.9999999485298775,0.9864868164062499,True
E1_baseline,0,A_cli,to_previous,2,-3.8509863207130355,-7.6674154184266055,4.1,7.800000000000001,0.2821107650250577,0.993237738793638,0.9999999471997657,0.9388883463541666,True
E1_baseline,0,A_cli,to_previous,3,1.2641919103895614,2.2258596744375545,-1.0,-2.0999999999999996,0.29263974980308693,0.9947185824704968,0.9999999351839807,0.9839111328125001,True
E1_baseline,0,A_cli,to_previous,4,5.84333466828129,2.45754438096653,-5.8,-2.1999999999999997,0.26116470213733456,0.9913090241547842,0.9999999193027792,0.9586794704861111,True
E1_baseline,0,A_cli,to_previous,5,-4.896339659591682,-7.630676111873781,5.1000000000000005,7.9,0.3376579496630528,0.9932984106196845,0.9999999471622747,0.9333846028645834,True
E1_baseline,0,A_cli,to_previous,6,-2.091347067622241,-4.950269162225048,2.2000000000000006,5.2,0.2723434431927184,0.9954197654763753,0.9999999377543942,0.9617686631944447,True
E1_baseline,0,A_cli,to_previous,7,-4.608097427163688,6.3688384221642735,4.800000000000001,-5.999999999999999,0.4157744329872,0.9905995868151856,0.9999999503413152,0.9445312499999999,True
E1_baseline,0,A_cli,to_previous,8,3.9051956174327476,0.4162346306673186,-3.799999999999999,-0.09999999999999876,0.3332723504288248,0.9923132221096367,0.9999999517241049,0.9796978081597223,True
E1_baseline,0,B_pilot,to_first,0,0.0,0.0,0.0,0.0,0.0,1.0,0.0,1.0,True
E1_baseline,0,B_pilot,to_first,1,0.626488209332539,2.240818880338871,-1.0,-2.0,0.44441511101140646,0.9891131476188173,,0.9844292534722222,True
E1_baseline,0,B_pilot,to_first,2,-3.8509863207130355,-7.6674154184266055,4.0,8.0,0.36444146377023057,0.9912831965688284,,0.9383680555555556,True
E1_baseline,0,B_pilot,to_first,3,1.2641919103895614,2.2258596744375545,-1.0,-2.0,0.3475772691824426,0.9924494368711666,,0.9844292534722222,True
E1_baseline,0,B_pilot,to_first,4,5.84333466828129,2.45754438096653,-6.0,-2.0,0.48362266977115365,0.9868726811362626,,0.9586588541666666,True
E1_baseline,0,B_pilot,to_first,5,-4.896339659591682,-7.630676111873781,5.0,8.0,0.38359562108323986,0.9905283132786205,,0.9333767361111112,True
E1_baseline,0,B_pilot,to_first,6,-2.091347067622241,-4.950269162225048,2.0,5.0,0.10400693721565331,0.9982147994263655,,0.9638129340277778,True
E1_baseline,0,B_pilot,to_first,7,-4.608097427163688,6.3688384221642735,5.0,-6.0,0.5381722849240301,0.9851333998950037,,0.9435221354166666,True
E1_baseline,0,B_pilot,to_first,8,3.9051956174327476,0.4162346306673186,-4.0,0.0,0.42689476305140717,0.9895116477590805,,0.9791666666666666,True
E1_baseline,0,B_pilot,to_previous,0,0.0,0.0,0.0,0.0,0.0,1.0,0.0,1.0,True
E1_baseline,0,B_pilot,to_previous,1,0.626488209332539,2.240818880338871,-1.0,-2.0,0.44441511101140646,0.9891131476188173,,0.9844292534722222,True
E1_baseline,0,B_pilot,to_previous,2,-3.8509863207130355,-7.6674154184266055,4.0,8.0,0.36444146377023057,0.9912831965688284,,0.9383680555555556,True
E1_baseline,0,B_pilot,to_previous,3,1.2641919103895614,2.2258596744375545,-1.0,-2.0,0.3475772691824426,0.9924494368711666,,0.9844292534722222,True
E1_baseline,0,B_pilot,to_previous,4,5.84333466828129,2.45754438096653,-6.0,-2.0,0.48362266977115365,0.9868726811362626,,0.9586588541666666,True
E1_baseline,0,B_pilot,to_previous,5,-4.896339659591682,-7.630676111873781,5.0,8.0,0.38359562108323986,0.9905283132786205,,0.9333767361111112,True
E1_baseline,0,B_pilot,to_previous,6,-2.091347067622241,-4.950269162225048,2.0,5.0,0.10400693721565331,0.9982147994263655,,0.9638129340277778,True
E1_baseline,0,B_pilot,to_previous,7,-4.608097427163688,6.3688384221642735,5.0,-6.0,0.5381722849240301,0.9851333998950037,,0.9435221354166666,True
E1_baseline,0,B_pilot,to_previous,8,3.9051956174327476,0.4162346306673186,-4.0,0.0,0.42689476305140717,0.9895116477590805,,0.9791666666666666,True
E1_baseline,0,stable_subpixel,to_first,0,0.0,0.0,0.0,0.0,0.0,1.0,0.0,1.0,True
E1_baseline,0,stable_subpixel,to_first,1,0.626488209332539,2.240818880338871,-0.800000011920929,-2.0999999046325684,0.22346438095688692,0.9881060049722478,0.9999999403953552,0.9849414066832267,True
E1_baseline,0,stable_subpixel,to_first,2,-3.8509863207130355,-7.6674154184266055,3.950000047683716,7.800000190734863,0.16547640308109493,0.9901871959327783,0.9999999403953552,0.9396378568616799,True
E1_baseline,0,stable_subpixel,to_first,3,1.2641919103895614,2.2258596744375545,-1.100000023841858,-2.0999999046325684,0.20688078031431054,0.9909604901489156,0.9999999403953552,0.9833959964647916,True
E1_baseline,0,stable_subpixel,to_first,4,5.84333466828129,2.45754438096653,-5.949999809265137,-2.3499999046325684,0.1514703492141278,0.9876633770446608,0.9999999403953552,0.9571501343835715,True
E1_baseline,0,stable_subpixel,to_first,5,-4.896339659591682,-7.630676111873781,4.949999809265137,7.800000190734863,0.17762335247689612,0.9899229659673812,0.9999999403953552,0.9346411132665041,True
E1_baseline,0,stable_subpixel,to_first,6,-2.091347067622241,-4.950269162225048,2.049999952316284,5.0,0.06467410741496686,0.9977609203354846,0.9999999403953552,0.9635592992870241,True
E1_baseline,0,stable_subpixel,to_first,7,-4.608097427163688,6.3688384221642735,4.75,-6.199999809265137,0.22055116726798188,0.9846324013098788,0.9999999403953552,0.9437676333473064,True
E1_baseline,0,stable_subpixel,to_first,8,3.9051956174327476,0.4162346306673186,-3.950000047683716,-0.30000001192092896,0.12457095795261604,0.9893824818909535,0.9999999403953552,0.9778967282068495,True
E1_baseline,0,stable_subpixel,to_previous,0,0.0,0.0,0.0,0.0,0.0,1.0,0.0,1.0,True
E1_baseline,0,stable_subpixel,to_previous,1,0.626488209332539,2.240818880338871,-0.800000011920929,-2.0999999046325684,0.22346438095688692,0.9881060049722478,0.9999999403953552,0.9849414066832267,True
E1_baseline,0,stable_subpixel,to_previous,2,-3.8509863207130355,-7.6674154184266055,3.8999997973442078,7.799999713897705,0.14135386905579317,0.9897279306984273,0.9999999403953552,0.9398876977849674,True
E1_baseline,0,stable_subpixel,to_previous,3,1.2641919103895614,2.2258596744375545,-1.1500003933906555,-2.0999999046325684,0.16994229670648653,0.9905539744338739,0.9999999403953552,0.9831384262016056,True
E1_baseline,0,stable_subpixel,to_previous,4,5.84333466828129,2.45754438096653,-5.950000584125519,-2.3499999046325684,0.15147089487038104,0.9876633825012479,0.9999999403953552,0.957150130397236,True
E1_baseline,0,stable_subpixel,to_previous,5,-4.896339659591682,-7.630676111873781,4.949999034404755,7.799999713897705,0.17762266383456293,0.9899229574388406,0.9999999403953552,0.9346411195577821,True
E1_baseline,0,stable_subpixel,to_previous,6,-2.091347067622241,-4.950269162225048,1.9999989867210388,4.999999761581421,0.10400771315953757,0.9982147887228022,0.9999999403953552,0.963812940396666,True
E1_baseline,0,stable_subpixel,to_previous,7,-4.608097427163688,6.3688384221642735,4.699999034404755,-6.200000047683716,0.1922298158734182,0.9844680848732971,0.9999999403953552,0.9440196443814138,True
E1_baseline,0,stable_subpixel,to_previous,8,3.9051956174327476,0.4162346306673186,-4.000000774860382,-0.2500002384185791,0.19136846929728613,0.9897853082780221,0.9999999403953552,0.9778917048230747,True
E2_sparse,0,A_cli,to_first,0,0.0,0.0,0.0,0.0,0.0,1.0,0.0,1.0,True
E2_sparse,0,A_cli,to_first,1,1.601383453299153,5.99285343616225,0.0,0.0,6.203121897224172,0.9861355300809942,0.9999999995626018,1.0,True
E2_sparse,0,A_cli,to_first,2,6.22339049509293,-4.179328834577516,0.0,0.0,7.496491096636085,0.9857863665674131,0.9999999995737824,1.0,True
E2_sparse,0,A_cli,to_first,3,-4.781703047180978,6.173112703801097,0.0,0.0,7.808457241046424,0.985731862089405,0.999999999675479,1.0,True
E2_sparse,0,A_cli,to_first,4,6.720174139226508,-3.0833799879885913,0.0,0.0,7.393779318579725,0.985778214441951,0.9999999996573138,1.0,True
E2_sparse,0,A_cli,to_first,5,-5.732934935897356,-6.745960241171835,0.0,0.0,8.852938639497259,0.9855922869492286,0.9999999997045156,1.0,True
E2_sparse,0,A_cli,to_first,6,-5.371517593745528,-2.8321692931881746,0.0,0.0,6.072428193498525,0.9863249781364919,0.9999999997136634,1.0,True
E2_sparse,0,A_cli,to_first,7,-0.06341292793153563,-1.4772243119112183,0.0,0.0,1.4785847514195534,0.991621234235025,0.999999999478061,1.0,True
E2_sparse,0,A_cli,to_first,8,0.40776949714290467,4.193508052947216,0.0,0.0,4.213286811140838,0.9879627421001591,0.9999999995185578,1.0,True
E2_sparse,0,A_cli,to_previous,0,0.0,0.0,0.0,0.0,0.0,1.0,0.0,1.0,True
E2_sparse,0,A_cli,to_previous,1,1.601383453299153,5.99285343616225,0.0,0.0,6.203121897224172,0.9861355300809942,0.9999999995626018,1.0,True
E2_sparse,0,A_cli,to_previous,2,6.22339049509293,-4.179328834577516,0.0,0.0,7.496491096636085,0.9857863665674131,0.99999999945776,1.0,True
E2_sparse,0,A_cli,to_previous,3,-4.781703047180978,6.173112703801097,0.0,0.0,7.808457241046424,0.985731862089405,0.9999999996399302,1.0,True
E2_sparse,0,A_cli,to_previous,4,6.720174139226508,-3.0833799879885913,0.0,0.0,7.393779318579725,0.985778214441951,0.9999999997400894,1.0,True
E2_sparse,0,A_cli,to_previous,5,-5.732934935897356,-6.745960241171835,0.0,0.0,8.852938639497259,0.9855922869492286,0.9999999997182396,1.0,True
E2_sparse,0,A_cli,to_previous,6,-5.371517593745528,-2.8321692931881746,0.0,0.0,6.072428193498525,0.9863249781364919,0.9999999997549202,1.0,True
E2_sparse,0,A_cli,to_previous,7,-0.06341292793153563,-1.4772243119112183,0.0,0.0,1.4785847514195534,0.991621234235025,0.9999999996144157,1.0,True
E2_sparse,0,A_cli,to_previous,8,0.40776949714290467,4.193508052947216,0.0,0.0,4.213286811140838,0.9879627421001591,0.9999999995983279,1.0,True
E2_sparse,0,B_pilot,to_first,0,0.0,0.0,0.0,0.0,0.0,1.0,0.0,1.0,True
E2_sparse,0,B_pilot,to_first,1,1.601383453299153,5.99285343616225,-2.0,-6.0,0.3986806048435207,0.7300824603811786,,0.9586588541666666,True
E2_sparse,0,B_pilot,to_first,2,6.22339049509293,-4.179328834577516,-6.0,4.0,0.2864649092101767,0.8459332989196625,,0.9485677083333334,True
E2_sparse,0,B_pilot,to_first,3,-4.781703047180978,6.173112703801097,5.0,-6.0,0.2786064748483008,0.7589784429329227,,0.9435221354166666,True
E2_sparse,0,B_pilot,to_first,4,6.720174139226508,-3.0833799879885913,-7.0,3.0,0.2919841344227516,0.8236615737780129,,0.948486328125,True
E2_sparse,0,B_pilot,to_first,5,-5.732934935897356,-6.745960241171835,6.0,7.0,0.3685918440899386,0.9494535550341313,,0.9334309895833334,True
E2_sparse,0,B_pilot,to_first,6,-5.371517593745528,-2.8321692931881746,5.0,3.0,0.4076671051377879,0.956008822696581,,0.958740234375,True
E2_sparse,0,B_pilot,to_first,7,-0.06341292793153563,-1.4772243119112183,0.0,1.0,0.48141898935125715,0.9904225951258476,,0.9947916666666666,True
E2_sparse,0,B_pilot,to_first,8,0.40776949714290467,4.193508052947216,0.0,-4.0,0.451354992611802,0.8437400548325638,,0.9791666666666666,True
E2_sparse,0,B_pilot,to_previous,0,0.0,0.0,0.0,0.0,0.0,1.0,0.0,1.0,True
E2_sparse,0,B_pilot,to_previous,1,1.601383453299153,5.99285343616225,-2.0,-6.0,0.3986806048435207,0.7300824603811786,,0.9586588541666666,True
E2_sparse,0,B_pilot,to_previous,2,6.22339049509293,-4.179328834577516,-7.0,4.0,0.7970452647264984,0.824499836992486,,0.9434678819444444,True
E2_sparse,0,B_pilot,to_previous,3,-4.781703047180978,6.173112703801097,4.0,-6.0,0.8006420312407737,0.7613333125422307,,0.9485677083333334,True
E2_sparse,0,B_pilot,to_previous,4,6.720174139226508,-3.0833799879885913,-7.0,3.0,0.2919841344227516,0.8236615737780129,,0.948486328125,True
E2_sparse,0,B_pilot,to_previous,5,-5.732934935897356,-6.745960241171835,5.0,7.0,0.7757124591782281,0.9539954453851296,,0.9384494357638888,True
E2_sparse,0,B_pilot,to_previous,6,-5.371517593745528,-2.8321692931881746,5.0,3.0,0.4076671051377879,0.956008822696581,,0.958740234375,True
E2_sparse,0,B_pilot,to_previous,7,-0.06341292793153563,-1.4772243119112183,0.0,2.0,0.5266076523233871,0.9883950208813564,,0.9895833333333334,True
E2_sparse,0,B_pilot,to_previous,8,0.40776949714290467,4.193508052947216,0.0,-4.0,0.451354992611802,0.8437400548325638,,0.9791666666666666,True
E2_sparse,0,stable_subpixel,to_first,0,0.0,0.0,0.0,0.0,0.0,1.0,0.0,1.0,True
E2_sparse,0,stable_subpixel,to_first,1,1.601383453299153,5.99285343616225,-2.0,-5.9,0.409288299259636,0.7306705584157535,0.9999999999832766,0.9591742621527778,True
E2_sparse,0,stable_subpixel,to_first,2,6.22339049509293,-4.179328834577516,-7.0,4.15,0.7771631126408916,0.8253272092208048,0.999999999986769,0.9427151150173612,True
E2_sparse,0,stable_subpixel,to_first,3,-4.781703047180978,6.173112703801097,4.7,-5.95,0.2376019076440529,0.7598567319459874,0.9999999999778101,0.9452898491753472,True
E2_sparse,0,stable_subpixel,to_first,4,6.720174139226508,-3.0833799879885913,-7.0,3.0,0.2919841344227516,0.8236615737780129,0.999999999980067,0.948486328125,True
E2_sparse,0,stable_subpixel,to_first,5,-5.732934935897356,-6.745960241171835,6.0,7.1,0.4434725462700644,0.9491075508584478,0.9999999999840818,0.9329264322916667,True
E2_sparse,0,stable_subpixel,to_first,6,-5.371517593745528,-2.8321692931881746,5.45,2.7,0.15371470376432303,0.9522883033077061,0.9999999999841707,0.9579512532552084,True
E2_sparse,0,stable_subpixel,to_first,7,-0.06341292793153563,-1.4772243119112183,-0.35,1.7,0.46961607317505133,0.9651805231917575,0.9999999999794421,0.9893390570746529,True
E2_sparse,0,stable_subpixel,to_first,8,0.40776949714290467,4.193508052947216,0.15,-4.1,0.5655533289699816,0.8060529235343957,0.9999999999840086,0.9778812662760417,True
E2_sparse,0,stable_subpixel,to_previous,0,0.0,0.0,0.0,0.0,0.0,1.0,0.0,1.0,True
E2_sparse,0,stable_subpixel,to_previous,1,1.601383453299153,5.99285343616225,-2.0,-5.9,0.409288299259636,0.7306705584157535,0.9999999999832766,0.9591742621527778,True
E2_sparse,0,stable_subpixel,to_previous,2,6.22339049509293,-4.179328834577516,-6.15,4.65,0.47635859468487046,0.8274949051148602,0.9999999999843244,0.9445257568359374,True
E2_sparse,0,stable_subpixel,to_previous,3,-4.781703047180978,6.173112703801097,4.549999999999999,-5.4,0.8070870800921008,0.760959021688306,0.9999999999828917,0.9488435872395833,True
E2_sparse,0,stable_subpixel,to_previous,4,6.720174139226508,-3.0833799879885913,-6.65,4.5,1.4183570313032559,0.8269228301656488,0.9999999999858546,0.9427388509114584,True
E2_sparse,0,stable_subpixel,to_previous,5,-5.732934935897356,-6.745960241171835,6.049999999999999,7.6,0.9109962483642197,0.9452822657440251,0.9999999999829672,0.930153537326389,True
E2_sparse,0,stable_subpixel,to_previous,6,-5.371517593745528,-2.8321692931881746,5.649999999999999,4.1,1.2980551420214212,0.9501576017926835,0.9999999999817256,0.9498471408420139,True
E2_sparse,0,stable_subpixel,to_previous,7,-0.06341292793153563,-1.4772243119112183,-0.15000000000000124,3.2499999999999996,1.785575178503264,0.9610821509145295,0.9999999999859411,0.9823048909505209,True
E2_sparse,0,stable_subpixel,to_previous,8,0.40776949714290467,4.193508052947216,-0.30000000000000127,-2.650000000000001,1.5472657735590667,0.8574013651650215,0.9999999999829091,0.9846569824218749,True
E3_mcherry,0,A_cli,to_first,0,0.0,0.0,0.0,0.0,0.0,1.0,0.0,1.0,True
E3_mcherry,0,A_cli,to_first,1,0.0,0.0,4.8,-5.8,7.528612089887485,0.966533569673004,0.9999999397898185,0.9455468749999998,True
E3_mcherry,0,A_cli,to_first,2,0.0,0.0,-6.7,3.0,7.340980860893182,0.9695076924555285,0.9999999551992742,0.9500244140625002,True
E3_mcherry,0,A_cli,to_first,3,0.0,0.0,5.9,6.9,9.078546139112804,0.9387569021140023,0.9999999477048062,0.9344376627604167,True
E3_mcherry,0,A_cli,to_first,4,0.0,0.0,5.4,2.9,6.129437168288781,0.9731728411526136,0.9999999165581518,0.9571956380208333,True
E3_mcherry,0,A_cli,to_first,5,0.0,0.0,0.0,1.4,1.4,0.9985598778894786,0.9999999021808886,0.9927083333333333,True
E3_mcherry,0,A_cli,to_first,6,0.0,0.0,-0.3,-4.0,4.011234224026316,0.9882346524240655,0.9999999267751942,0.9776367187499999,True
E3_mcherry,0,A_cli,to_first,7,0.0,0.0,3.2,-5.1,6.020797289396148,0.9777286565970192,0.9999999567565545,0.9572135416666667,True
E3_mcherry,0,A_cli,to_first,8,0.0,0.0,4.0,6.3,7.462573282722254,0.9580975891576465,0.9999999476145103,0.9470377604166667,True
E3_mcherry,0,A_cli,to_previous,0,0.0,0.0,0.0,0.0,0.0,1.0,0.0,1.0,True
E3_mcherry,0,A_cli,to_previous,1,0.0,0.0,4.8,-5.8,7.528612089887485,0.966533569673004,0.9999999397898185,0.9455468749999998,True
E3_mcherry,0,A_cli,to_previous,2,0.0,0.0,-6.7,3.2,7.424957912338629,0.9688837925971241,0.9999999793970148,0.9490190972222224,True
E3_mcherry,0,A_cli,to_previous,3,0.0,0.0,5.8,7.0,9.090654541890808,0.9384920136323173,0.9999999358773927,0.9344346788194444,True
E3_mcherry,0,A_cli,to_previous,4,0.0,0.0,5.5,3.0,6.264982043070834,0.9718117959856484,0.9999999349594766,0.9561767578125,True
E3_mcherry,0,A_cli,to_previous,5,0.0,0.0,0.2999999999999998,1.7,1.7262676501632068,0.9973899742247567,0.9999999197324017,0.9895971679687501,True
E3_mcherry,0,A_cli,to_previous,6,0.0,0.0,-0.20000000000000018,-3.8,3.8052595180880897,0.9888983572028464,0.9999999592650206,0.9791872829861111,True
E3_mcherry,0,A_cli,to_previous,7,0.0,0.0,3.5,-4.9,6.021627686929839,0.977207441847469,0.9999999008594854,0.9567152235243055,True
E3_mcherry,0,A_cli,to_previous,8,0.0,0.0,4.4,7.1,8.352843827104634,0.9455523234896237,0.9999999576900529,0.9409516059027777,True
E3_mcherry,0,B_pilot,to_first,0,0.0,0.0,0.0,0.0,0.0,1.0,0.0,1.0,True
E3_mcherry,0,B_pilot,to_first,1,0.0,0.0,0.0,0.0,0.0,1.0,,1.0,True
E3_mcherry,0,B_pilot,to_first,2,0.0,0.0,0.0,0.0,0.0,1.0,,1.0,True
E3_mcherry,0,B_pilot,to_first,3,0.0,0.0,0.0,0.0,0.0,1.0,,1.0,True
E3_mcherry,0,B_pilot,to_first,4,0.0,0.0,0.0,0.0,0.0,1.0,,1.0,True
E3_mcherry,0,B_pilot,to_first,5,0.0,0.0,0.0,0.0,0.0,1.0,,1.0,True
E3_mcherry,0,B_pilot,to_first,6,0.0,0.0,0.0,0.0,0.0,1.0,,1.0,True
E3_mcherry,0,B_pilot,to_first,7,0.0,0.0,0.0,0.0,0.0,1.0,,1.0,True
E3_mcherry,0,B_pilot,to_first,8,0.0,0.0,0.0,0.0,0.0,1.0,,1.0,True
E3_mcherry,0,B_pilot,to_previous,0,0.0,0.0,0.0,0.0,0.0,1.0,0.0,1.0,True
E3_mcherry,0,B_pilot,to_previous,1,0.0,0.0,0.0,0.0,0.0,1.0,,1.0,True
E3_mcherry,0,B_pilot,to_previous,2,0.0,0.0,0.0,0.0,0.0,1.0,,1.0,True
E3_mcherry,0,B_pilot,to_previous,3,0.0,0.0,0.0,0.0,0.0,1.0,,1.0,True
E3_mcherry,0,B_pilot,to_previous,4,0.0,0.0,0.0,0.0,0.0,1.0,,1.0,True
E3_mcherry,0,B_pilot,to_previous,5,0.0,0.0,0.0,0.0,0.0,1.0,,1.0,True
E3_mcherry,0,B_pilot,to_previous,6,0.0,0.0,0.0,0.0,0.0,1.0,,1.0,True
E3_mcherry,0,B_pilot,to_previous,7,0.0,0.0,0.0,0.0,0.0,1.0,,1.0,True
E3_mcherry,0,B_pilot,to_previous,8,0.0,0.0,0.0,0.0,0.0,1.0,,1.0,True
E3_mcherry,0,stable_subpixel,to_first,0,0.0,0.0,0.0,0.0,0.0,1.0,0.0,1.0,True
E3_mcherry,0,stable_subpixel,to_first,1,0.0,0.0,0.0,0.0,0.0,1.0,1.0,1.0,True
E3_mcherry,0,stable_subpixel,to_first,2,0.0,0.0,0.0,0.0,0.0,1.0,1.0,1.0,True
E3_mcherry,0,stable_subpixel,to_first,3,0.0,0.0,0.0,0.0,0.0,1.0,1.0,1.0,True
E3_mcherry,0,stable_subpixel,to_first,4,0.0,0.0,0.0,0.0,0.0,1.0,1.0,1.0,True
E3_mcherry,0,stable_subpixel,to_first,5,0.0,0.0,0.0,0.0,0.0,1.0,1.0,1.0,True
E3_mcherry,0,stable_subpixel,to_first,6,0.0,0.0,0.0,0.0,0.0,1.0,1.0,1.0,True
E3_mcherry,0,stable_subpixel,to_first,7,0.0,0.0,0.0,0.0,0.0,1.0,1.0,1.0,True
E3_mcherry,0,stable_subpixel,to_first,8,0.0,0.0,0.0,0.0,0.0,1.0,1.0,1.0,True
E3_mcherry,0,stable_subpixel,to_previous,0,0.0,0.0,0.0,0.0,0.0,1.0,0.0,1.0,True
E3_mcherry,0,stable_subpixel,to_previous,1,0.0,0.0,0.0,0.0,0.0,1.0,1.0,1.0,True
E3_mcherry,0,stable_subpixel,to_previous,2,0.0,0.0,0.0,0.0,0.0,1.0,1.0,1.0,True
E3_mcherry,0,stable_subpixel,to_previous,3,0.0,0.0,0.0,0.0,0.0,1.0,1.0,1.0,True
E3_mcherry,0,stable_subpixel,to_previous,4,0.0,0.0,0.0,0.0,0.0,1.0,1.0,1.0,True
E3_mcherry,0,stable_subpixel,to_previous,5,0.0,0.0,0.0,0.0,0.0,1.0,1.0,1.0,True
E3_mcherry,0,stable_subpixel,to_previous,6,0.0,0.0,0.0,0.0,0.0,1.0,1.0,1.0,True
E3_mcherry,0,stable_subpixel,to_previous,7,0.0,0.0,0.0,0.0,0.0,1.0,1.0,1.0,True
E3_mcherry,0,stable_subpixel,to_previous,8,0.0,0.0,0.0,0.0,0.0,1.0,1.0,1.0,True
E4_gradient,0,A_cli,to_first,0,0.0,0.0,0.0,0.0,0.0,1.0,0.0,1.0,True
E4_gradient,0,A_cli,to_first,1,-2.421154814464448,-3.6396411399625808,2.4,3.7,0.06395872231402067,0.9343069379385288,0.9999999989486205,0.9684700520833334,True
E4_gradient,0,A_cli,to_first,2,-5.6970681559013014,-5.507547650596743,5.8,5.5,0.10320819521282827,0.9247021698390826,0.9999999990615182,0.9420111762152776,True
E4_gradient,0,A_cli,to_first,3,3.129701517547794,0.46986615699940426,-2.9,-0.3,0.2856874138941121,0.863778442670765,0.9999999993216608,0.9833569335937499,True
E4_gradient,0,A_cli,to_first,4,1.6806141602541533,-2.8882397405347766,-1.9,3.0,0.24621231138333505,0.9198748528853635,0.999999999105273,0.9746337890625001,True
E4_gradient,0,A_cli,to_first,5,-5.750561563819954,0.948143932792171,5.8,-0.7,0.25302088916430204,0.9308334329206269,0.9999999992332411,0.9662559678819443,True
E4_gradient,0,A_cli,to_first,6,1.6693947558281659,4.382501001210968,-2.0,-4.3,0.3407436612392521,0.7903624438755336,0.9999999995835946,0.9674207899305556,True
E4_gradient,0,A_cli,to_first,7,1.8431582857248974,-3.6722547446937615,-2.0,3.7,0.15927687380395592,0.9099828655241285,0.9999999991081856,0.9705132378472222,True
E4_gradient,0,A_cli,to_first,8,-5.723007083905335,-1.5685103007166807,5.8,1.6,0.08318359387351552,0.940319113529679,0.9999999988692218,0.9617100694444444,True
E4_gradient,0,A_cli,to_previous,0,0.0,0.0,0.0,0.0,0.0,1.0,0.0,1.0,True
E4_gradient,0,A_cli,to_previous,1,-2.421154814464448,-3.6396411399625808,2.4,3.7,0.06395872231402067,0.9343069379385288,0.9999999989486205,0.9684700520833334,True
E4_gradient,0,A_cli,to_previous,2,-5.6970681559013014,-5.507547650596743,5.3,5.800000000000001,0.4931444992112812,0.9109518975992268,0.9999999993935357,0.9430213758680553,True
E4_gradient,0,A_cli,to_previous,3,3.129701517547794,0.46986615699940426,-3.7,-0.1999999999999993,0.6309263838047329,0.8232344721757575,0.9999999996535545,0.9797075737847223,True
E4_gradient,0,A_cli,to_previous,4,1.6806141602541533,-2.8882397405347766,-3.7,-0.1999999999999993,3.689870440108208,0.7479172443238847,0.999999999167313,0.9797075737847223,True
E4_gradient,0,A_cli,to_previous,5,-5.750561563819954,0.948143932792171,-3.7,-0.1999999999999993,9.480128333294058,0.6395396775588656,0.9999999995336017,0.9797075737847223,True
E4_gradient,0,A_cli,to_previous,6,1.6693947558281659,4.382501001210968,-3.7,-0.1999999999999993,4.649373321512148,0.7972668429570775,0.9999999989079614,0.9797075737847223,True
E4_gradient,0,A_cli,to_previous,7,1.8431582857248974,-3.6722547446937615,-3.7,-0.1999999999999993,4.294440354653379,0.7229967314074438,0.9999999990381526,0.9797075737847223,True
E4_gradient,0,A_cli,to_previous,8,-5.723007083905335,-1.5685103007166807,3.8999999999999995,-2.3999999999999995,4.367199197983008,0.7619846754090803,0.9999999994475735,0.9674414062499999,True
E4_gradient,0,B_pilot,to_first,0,0.0,0.0,0.0,0.0,0.0,1.0,0.0,1.0,True
E4_gradient,0,B_pilot,to_first,1,-2.421154814464448,-3.6396411399625808,2.0,4.0,0.5542832179978497,0.9253315684355283,,0.9689670138888888,True
E4_gradient,0,B_pilot,to_first,2,-5.6970681559013014,-5.507547650596743,6.0,6.0,0.5781669469987241,0.9323431550421931,,0.9384765625,True
E4_gradient,0,B_pilot,to_first,3,3.129701517547794,0.46986615699940426,-3.0,0.0,0.4874389081183297,0.8884124084229058,,0.984375,True
E4_gradient,0,B_pilot,to_first,4,1.6806141602541533,-2.8882397405347766,-2.0,3.0,0.3383750437397736,0.9205810804723638,,0.97412109375,True
E4_gradient,0,B_pilot,to_first,5,-5.750561563819954,0.948143932792171,6.0,-1.0,0.25477163333112646,0.9428174514387198,,0.9637044270833334,True
E4_gradient,0,B_pilot,to_first,6,1.6693947558281659,4.382501001210968,-2.0,-4.0,0.5055757543645768,0.8144433232366575,,0.9689670138888888,True
E4_gradient,0,B_pilot,to_first,7,1.8431582857248974,-3.6722547446937615,-2.0,4.0,0.3633404405134452,0.9159996125683468,,0.9689670138888888,True
E4_gradient,0,B_pilot,to_first,8,-5.723007083905335,-1.5685103007166807,6.0,2.0,0.5127459762438271,0.9483986242315144,,0.9586588541666666,True
E4_gradient,0,B_pilot,to_previous,0,0.0,0.0,0.0,0.0,0.0,1.0,0.0,1.0,True
E4_gradient,0,B_pilot,to_previous,1,-2.421154814464448,-3.6396411399625808,2.0,4.0,0.5542832179978497,0.9253315684355283,,0.9689670138888888,True
E4_gradient,0,B_pilot,to_previous,2,-5.6970681559013014,-5.507547650596743,5.0,6.0,0.8534713412906307,0.8941095571427753,,0.9435221354166666,True
E4_gradient,0,B_pilot,to_previous,3,3.129701517547794,0.46986615699940426,-4.0,0.0,0.9890367303856828,0.8313803551853509,,0.9791666666666666,True
E4_gradient,0,B_pilot,to_previous,4,1.6806141602541533,-2.8882397405347766,-3.0,3.0,1.3241107769811358,0.843961074304293,,0.968994140625,True
E4_gradient,0,B_pilot,to_previous,5,-5.750561563819954,0.948143932792171,5.0,-1.0,0.7523507910477115,0.8808835853007588,,0.9688856336805556,True
E4_gradient,0,B_pilot,to_previous,6,1.6693947558281659,4.382501001210968,-3.0,-4.0,1.3844917232489977,0.7562472351821886,,0.9638671875,True
E4_gradient,0,B_pilot,to_previous,7,1.8431582857248974,-3.6722547446937615,-3.0,4.0,1.2023725313989462,0.8433186605925662,,0.9638671875,True
E4_gradient,0,B_pilot,to_previous,8,-5.723007083905335,-1.5685103007166807,5.0,2.0,0.8419754176725741,0.9040850462094588,,0.9638129340277778,True
E4_gradient,0,stable_subpixel,to_first,0,0.0,0.0,0.0,0.0,0.0,1.0,0.0,1.0,True
E4_gradient,0,stable_subpixel,to_first,1,-2.421154814464448,-3.6396411399625808,2.299999952316284,3.799999952316284,0.2009812163403108,0.9333053494263879,0.9999999403953552,0.9684662548290928,True
E4_gradient,0,stable_subpixel,to_first,2,-5.6970681559013014,-5.507547650596743,5.849999904632568,5.550000190734863,0.1587146430994382,0.9267694456837058,0.9999999403953552,0.9415057368238922,True
E4_gradient,0,stable_subpixel,to_first,3,3.129701517547794,0.46986615699940426,-3.049999952316284,-0.4000000059604645,0.10598876620353936,0.8402794324617829,0.9999999403953552,0.9820643448353399,True
E4_gradient,0,stable_subpixel,to_first,4,1.6806141602541533,-2.8882397405347766,-1.850000023841858,2.950000047683716,0.18029394422021994,0.9183986159202696,0.9999999403953552,0.9751480437940983,True
E4_gradient,0,stable_subpixel,to_first,5,-5.750561563819954,0.948143932792171,5.900000095367432,-1.0,0.15818004430815366,0.9411918003041991,0.9999999403953552,0.9642225472489372,True
E4_gradient,0,stable_subpixel,to_first,6,1.6693947558281659,4.382501001210968,-1.850000023841858,-4.25,0.22399727265349997,0.7899590819405112,0.9999999403953552,0.9684424505079127,True
E4_gradient,0,stable_subpixel,to_first,7,1.8431582857248974,-3.6722547446937615,-1.9500000476837158,3.8499999046325684,0.207384917436483,0.9132713782612866,0.9999999403953552,0.9699953208863088,True
E4_gradient,0,stable_subpixel,to_first,8,-5.723007083905335,-1.5685103007166807,5.849999904632568,1.7000000476837158,0.18280243453989917,0.9436442441266165,0.9999999403953552,0.96094685897548,True
E4_gradient,0,stable_subpixel,to_previous,0,0.0,0.0,0.0,0.0,0.0,1.0,0.0,1.0,True
E4_gradient,0,stable_subpixel,to_previous,1,-2.421154814464448,-3.6396411399625808,2.299999952316284,3.799999952316284,0.2009812163403108,0.9333053494263879,0.9999999403953552,0.9684662548290928,True
E4_gradient,0,stable_subpixel,to_previous,2,-5.6970681559013014,-5.507547650596743,5.799999952316284,5.599999904632568,0.13835596839139314,0.9268846301061008,0.9999999403953552,0.9415060771116988,True
E4_gradient,0,stable_subpixel,to_previous,3,3.129701517547794,0.46986615699940426,-3.0999996662139893,-0.34999990463256836,0.1234913698568666,0.8396193612591709,0.9999999403953552,0.9820606847326658,True
E4_gradient,0,stable_subpixel,to_previous,4,1.6806141602541533,-2.8882397405347766,-1.8999996185302734,3.0,0.24621197147733756,0.9198878282839698,0.9999999403953552,0.9746337910182774,True
E4_gradient,0,stable_subpixel,to_previous,5,-5.750561563819954,0.948143932792171,5.800000190734863,-0.9500000476837158,0.049473457466830045,0.9376181789739011,0.9999999403953552,0.9649932170866263,True
E4_gradient,0,stable_subpixel,to_previous,6,1.6693947558281659,4.382501001210968,-1.8999996185302734,-4.200000047683716,0.2940836628243977,0.7905449219307991,0.9999999403953552,0.968445639718298,True
E4_gradient,0,stable_subpixel,to_previous,7,1.8431582857248974,-3.6722547446937615,-1.9999996200203896,3.8500001430511475,0.23704984872557117,0.9139658258356147,0.9999999403953552,0.9697401270701348,True
E4_gradient,0,stable_subpixel,to_previous,8,-5.723007083905335,-1.5685103007166807,5.800000570714474,1.7000000476837158,0.15237306378912224,0.9425532021528334,0.9999999403953552,0.9612049664310527,True
E5_drift,0,A_cli,to_first,0,0.0,0.0,0.0,0.0,0.0,1.0,0.0,1.0,True
E5_drift,0,A_cli,to_first,1,3.347888782708209,-2.780102360042359,-3.3,2.9,0.12910762787955715,0.994030967009042,0.9999999292739673,0.9679679361979167,True
E5_drift,0,A_cli,to_first,2,5.996172170096797,-4.321675432739033,-6.0,4.2,0.12173562836737137,0.9961918604921142,0.9999999295133347,0.9475585937500001,True
E5_drift,0,A_cli,to_first,3,9.443702156095165,-7.099907892043728,-9.4,7.1,0.043702253159783065,0.9936071009487497,0.9999999405081805,0.9158729383680555,True
E5_drift,0,A_cli,to_first,4,13.606723198014116,-9.907100939664545,-13.7,10.0,0.1316464857104974,0.9943206460126243,0.9999999368846718,0.8802788628472222,True
E5_drift,0,A_cli,to_first,5,16.091670126202914,-11.453266425680322,-16.0,11.4,0.1060222813507395,0.9937153106743272,0.9999999433805381,0.8622395833333333,True
E5_drift,0,A_cli,to_first,6,19.014897146886938,-13.33448278040219,-19.0,13.2,0.135305370218905,0.9950569647758805,0.9999999414680318,0.8390950520833333,True
E5_drift,0,A_cli,to_first,7,21.54488192389261,-16.630587583172726,-21.6,16.7,0.08863456393294443,0.9911728171769553,0.9999999540304874,0.8103059895833334,True
E5_drift,0,A_cli,to_first,8,25.405068739116476,-19.18261691200614,-25.3,19.1,0.1336599943474336,0.9926075597298046,0.99999994960818,0.7818584526909722,True
E5_drift,0,A_cli,to_previous,0,0.0,0.0,0.0,0.0,0.0,1.0,0.0,1.0,True
E5_drift,0,A_cli,to_previous,1,3.347888782708209,-2.780102360042359,-3.3,2.9,0.12910762787955715,0.994030967009042,0.9999999292739673,0.9679679361979167,True
E5_drift,0,A_cli,to_previous,2,5.996172170096797,-4.321675432739033,-6.1,4.3,0.10606621821688937,0.9952334983224524,0.9999999384877952,0.9465448676215278,True
E5_drift,0,A_cli,to_previous,3,9.443702156095165,-7.099907892043728,-9.5,7.1,0.05629791925292395,0.9934243709483708,0.9999999367638636,0.9153713650173612,True
E5_drift,0,A_cli,to_previous,4,13.606723198014116,-9.907100939664545,-13.8,10.0,0.2144438331990487,0.9944641972523312,0.999999928592055,0.87978515625,True
E5_drift,0,A_cli,to_previous,5,16.091670126202914,-11.453266425680322,-16.1,11.5,0.047470135518747486,0.9932106256438465,0.9999999392965357,0.8612725151909723,True
E5_drift,0,A_cli,to_previous,6,19.014897146886938,-13.33448278040219,-19.1,13.4,0.10740112509564954,0.9937494922449766,0.999999928615272,0.8376719835069444,True
E5_drift,0,A_cli,to_previous,7,21.54488192389261,-16.630587583172726,-21.6,16.9,0.2749928229145117,0.9913298284139004,0.9999999484496499,0.8093815104166667,True
E5_drift,0,A_cli,to_previous,8,25.405068739116476,-19.18261691200614,-25.400000000000002,19.299999999999997,0.11749247407048943,0.9915871080042881,0.9999999436170932,0.7804855685763887,True
E5_drift,0,B_pilot,to_first,0,0.0,0.0,0.0,0.0,0.0,1.0,0.0,1.0,True
E5_drift,0,B_pilot,to_first,1,3.347888782708209,-2.780102360042359,-3.0,3.0,0.41155993147188163,0.9917429866062684,,0.968994140625,True
E5_drift,0,B_pilot,to_first,2,5.996172170096797,-4.321675432739033,-6.0,4.0,0.32169820687969647,0.9943224751434462,,0.9485677083333334,True
E5_drift,0,B_pilot,to_first,3,9.443702156095165,-7.099907892043728,-9.0,7.0,0.45481115885180257,0.9894189263808518,,0.9183756510416666,True
E5_drift,0,B_pilot,to_first,4,13.606723198014116,-9.907100939664545,-14.0,10.0,0.4041000846219347,0.9906761723961313,,0.8787977430555556,True
E5_drift,0,B_pilot,to_first,5,16.091670126202914,-11.453266425680322,-16.0,11.0,0.462443363761524,0.9885175630792392,,0.8641493055555556,True
E5_drift,0,B_pilot,to_first,6,19.014897146886938,-13.33448278040219,-19.0,13.0,0.3348143595650445,0.9919662801961664,,0.8400336371527778,True
E5_drift,0,B_pilot,to_first,7,21.54488192389261,-16.630587583172726,-22.0,17.0,0.5861723269703705,0.9849120270498434,,0.8070203993055556,True
E5_drift,0,B_pilot,to_first,8,25.405068739116476,-19.18261691200614,-25.0,19.0,0.44433053007875806,0.9880260606001331,,0.7837185329861112,True
E5_drift,0,B_pilot,to_previous,0,0.0,0.0,0.0,0.0,0.0,1.0,0.0,1.0,True
E5_drift,0,B_pilot,to_previous,1,3.347888782708209,-2.780102360042359,-3.0,3.0,0.41155993147188163,0.9917429866062684,,0.968994140625,True
E5_drift,0,B_pilot,to_previous,2,5.996172170096797,-4.321675432739033,-6.0,4.0,0.32169820687969647,0.9943224751434462,,0.9485677083333334,True
E5_drift,0,B_pilot,to_previous,3,9.443702156095165,-7.099907892043728,-9.0,7.0,0.45481115885180257,0.9894189263808518,,0.9183756510416666,True
E5_drift,0,B_pilot,to_previous,4,13.606723198014116,-9.907100939664545,-13.0,10.0,0.6137941629077998,0.9827967818553578,,0.8837348090277778,True
E5_drift,0,B_pilot,to_previous,5,16.091670126202914,-11.453266425680322,-15.0,11.0,1.182029659988657,0.9680458808112594,,0.8690592447916666,True
E5_drift,0,B_pilot,to_previous,6,19.014897146886938,-13.33448278040219,-18.0,13.0,1.0685948479872183,0.9665063948949766,,0.8448893229166666,True
E5_drift,0,B_pilot,to_previous,7,21.54488192389261,-16.630587583172726,-21.0,16.0,0.8333888714378976,0.9782109162240696,,0.81640625,True
E5_drift,0,B_pilot,to_previous,8,25.405068739116476,-19.18261691200614,-25.0,18.0,1.2500653758793372,0.9694695896669453,,0.7882486979166666,True
E5_drift,0,stable_subpixel,to_first,0,0.0,0.0,0.0,0.0,0.0,1.0,0.0,1.0,True
E5_drift,0,stable_subpixel,to_first,1,3.347888782708209,-2.780102360042359,-3.200000047683716,2.9000000953674316,0.19038525384920435,0.9906942599278499,0.9999999403953552,0.9684809020447493,True
E5_drift,0,stable_subpixel,to_first,2,5.996172170096797,-4.321675432739033,-6.0,4.150000095367432,0.17171800646240043,0.9940006550526367,0.9999999403953552,0.94781087191465,True
E5_drift,0,stable_subpixel,to_first,3,9.443702156095165,-7.099907892043728,-9.350000381469727,7.050000190734863,0.10616402977417229,0.9898230173960688,0.9999999403953552,0.9163714571020358,True
E5_drift,0,stable_subpixel,to_first,4,13.606723198014116,-9.907100939664545,-13.75,9.949999809265137,0.1495612082069104,0.9903992890223806,0.9999999403953552,0.8802737775064694,True
E5_drift,0,stable_subpixel,to_first,5,16.091670126202914,-11.453266425680322,-16.049999237060547,11.350000381469727,0.11135680890192626,0.9891826930962442,0.9999999403953552,0.8622332782851946,True
E5_drift,0,stable_subpixel,to_first,6,19.014897146886938,-13.33448278040219,-19.0,13.199999809265137,0.13530555979419545,0.9915671279082602,0.9999999403953552,0.8390950529784378,True
E5_drift,0,stable_subpixel,to_first,7,21.54488192389261,-16.630587583172726,-21.649999618530273,16.799999237060547,0.19937411617094036,0.9854310049960938,0.9999999403953552,0.8096061251302147,True
E5_drift,0,stable_subpixel,to_first,8,25.405068739116476,-19.18261691200614,-25.25,19.049999237060547,0.20404352858924163,0.9877982629292349,0.9999999403953552,0.7823191359380467,True
E5_drift,0,stable_subpixel,to_previous,0,0.0,0.0,0.0,0.0,0.0,1.0,0.0,1.0,True
E5_drift,0,stable_subpixel,to_previous,1,3.347888782708209,-2.780102360042359,-3.200000047683716,2.9000000953674316,0.19038525384920435,0.9906942599278499,0.9999999403953552,0.9684809020447493,True
E5_drift,0,stable_subpixel,to_previous,2,5.996172170096797,-4.321675432739033,-6.0,4.150000095367432,0.17171800646240043,0.9940006550526367,0.9999999403953552,0.94781087191465,True
E5_drift,0,stable_subpixel,to_previous,3,9.443702156095165,-7.099907892043728,-9.349999904632568,7.0,0.1369733507722612,0.9901587184264544,0.9999999403953552,0.9166191953570686,True
E5_drift,0,stable_subpixel,to_previous,4,13.606723198014116,-9.907100939664545,-13.75,9.950000047683716,0.1495612765930497,0.9903992905371424,0.9999999403953552,0.8802737763536344,True
E5_drift,0,stable_subpixel,to_previous,5,16.091670126202914,-11.453266425680322,-16.049999952316284,11.350000023841858,0.11135687289253918,0.9891826890694027,0.9999999403953552,0.8622332764870629,True
E5_drift,0,stable_subpixel,to_previous,6,19.014897146886938,-13.33448278040219,-19.0,13.200000047683716,0.135305322825082,0.9915671269026025,0.9999998807907104,0.8390950518595572,True
E5_drift,0,stable_subpixel,to_previous,7,21.54488192389261,-16.630587583172726,-21.65000009536743,16.799999952316284,0.19937497534305298,0.9854310064746353,0.9999999403953552,0.8096061195587714,True
E5_drift,0,stable_subpixel,to_previous,8,25.405068739116476,-19.18261691200614,-25.300000190734863,19.09999990463257,0.13365990336067163,0.9874638361863076,0.9999999403953552,0.7818584522276393,True
E6_decorrelation,0,A_cli,to_first,0,0.0,0.0,0.0,0.0,0.0,1.0,0.0,1.0,True
E6_decorrelation,0,A_cli,to_first,1,2.768221876876783,-1.7833831330128305,-1.1,-1.1,3.3311953593617383,0.9281821329319688,0.999999999333226,0.9885744900173612,True
E6_decorrelation,0,A_cli,to_first,2,4.964165589193684,-3.6119434337946394,-10.0,1.1,5.627565017629295,0.9449619246185257,0.9999999996647558,0.9424858940972223,True
E6_decorrelation,0,A_cli,to_first,3,7.771639137133031,-6.104016817803197,-1.1,-1.1,9.818789491954519,0.8345724521116892,0.9999999994432194,0.9885744900173612,True
E6_decorrelation,0,A_cli,to_first,4,10.790822838396902,-8.65498800494606,-1.2,0.0,12.918695757826168,0.7831489492570719,0.9999999995104791,0.9937500000000001,True
E6_decorrelation,0,A_cli,to_first,5,14.696058471669904,-10.74537200364513,0.0,-82.0,93.90249284602227,-0.13878885432931876,0.9999999997842218,0.5729166666666666,False
E6_decorrelation,0,A_cli,to_first,6,18.798956515234988,-12.737774334046442,0.0,0.0,22.707964705071838,0.6000095391028778,0.9999999990652733,1.0,True
E6_decorrelation,0,A_cli,to_first,7,21.052549376091804,-16.00847642038578,0.0,2.2,25.17705019030493,0.522497989598329,0.9999999996157166,0.9885416666666669,True
E6_decorrelation,0,A_cli,to_first,8,24.093146824223453,-18.981493897877783,0.0,-2.3,32.14625493613522,0.4257016543258975,0.9999999997021082,0.9880208333333331,True
E6_decorrelation,0,A_cli,to_previous,0,0.0,0.0,0.0,0.0,0.0,1.0,0.0,1.0,True
E6_decorrelation,0,A_cli,to_previous,1,2.768221876876783,-1.7833831330128305,-1.1,-1.1,3.3311953593617383,0.9281821329319688,0.999999999333226,0.9885744900173612,True
E6_decorrelation,0,A_cli,to_previous,2,4.964165589193684,-3.6119434337946394,39.8,0.0,44.90964992365988,0.003978008357118286,0.9999999998259624,0.7927083333333332,False
E6_decorrelation,0,A_cli,to_previous,3,7.771639137133031,-6.104016817803197,39.8,-0.1,47.97447941217488,-0.022800844726381154,0.9999999997811415,0.7922954644097222,False
E6_decorrelation,0,A_cli,to_previous,4,10.790822838396902,-8.65498800494606,39.8,-0.1,51.34278109367286,0.11832399868801899,0.9999999994502918,0.7922954644097222,True
E6_decorrelation,0,A_cli,to_previous,5,14.696058471669904,-10.74537200364513,38.699999999999996,14.1,53.50133259372068,0.17132214262809517,0.999999999761526,0.7398022460937501,True
E6_decorrelation,0,A_cli,to_previous,6,18.798956515234988,-12.737774334046442,22.599999999999994,14.1,41.42136235465101,0.2623305329969133,0.9999999998469904,0.8174983723958333,True
E6_decorrelation,0,A_cli,to_previous,7,21.052549376091804,-16.00847642038578,22.599999999999994,14.0,43.69873046855455,0.22339164284091262,0.9999999993326458,0.8179578993055556,True
E6_decorrelation,0,A_cli,to_previous,8,24.093146824223453,-18.981493897877783,22.699999999999996,11.8,47.34102284825064,0.19463549742125297,0.999999999544325,0.8275786675347222,True
E6_decorrelation,0,B_pilot,to_first,0,0.0,0.0,0.0,0.0,0.0,1.0,0.0,1.0,True
E6_decorrelation,0,B_pilot,to_first,1,2.768221876876783,-1.7833831330128305,-5.0,1.0,2.365274344328875,0.9392548504834879,,0.9688856336805556,True
E6_decorrelation,0,B_pilot,to_first,2,4.964165589193684,-3.6119434337946394,-8.0,1.0,4.004814486487317,0.9379084015753059,,0.9533420138888888,True
E6_decorrelation,0,B_pilot,to_first,3,7.771639137133031,-6.104016817803197,-9.0,4.0,2.436340940636589,0.9150821999978845,,0.9332682291666666,True
E6_decorrelation,0,B_pilot,to_first,4,10.790822838396902,-8.65498800494606,-12.0,5.0,3.8498112582881396,0.8845814064164039,,0.9130859375,True
E6_decorrelation,0,B_pilot,to_first,5,14.696058471669904,-10.74537200364513,-15.0,7.0,3.757684379818557,0.8857241923590862,,0.8882649739583334,True
E6_decorrelation,0,B_pilot,to_first,6,18.798956515234988,-12.737774334046442,-20.0,10.0,2.9896343850812133,0.8728206283793828,,0.8491753472222222,True
E6_decorrelation,0,B_pilot,to_first,7,21.052549376091804,-16.00847642038578,-25.0,11.0,6.377084167686165,0.862406435236426,,0.8199598524305556,True
E6_decorrelation,0,B_pilot,to_first,8,24.093146824223453,-18.981493897877783,-28.0,12.0,8.000297418420143,0.8425858199833337,,0.80078125,True
E6_decorrelation,0,B_pilot,to_previous,0,0.0,0.0,0.0,0.0,0.0,1.0,0.0,1.0,True
E6_decorrelation,0,B_pilot,to_previous,1,2.768221876876783,-1.7833831330128305,-5.0,1.0,2.365274344328875,0.9392548504834879,,0.9688856336805556,True
E6_decorrelation,0,B_pilot,to_previous,2,4.964165589193684,-3.6119434337946394,-7.0,1.0,3.3116265262807087,0.9369585441995573,,0.9585232204861112,True
E6_decorrelation,0,B_pilot,to_previous,3,7.771639137133031,-6.104016817803197,-9.0,4.0,2.436340940636589,0.9150821999978845,,0.9332682291666666,True
E6_decorrelation,0,B_pilot,to_previous,4,10.790822838396902,-8.65498800494606,-11.0,6.0,2.663215423382756,0.8841578587163276,,0.9132486979166666,True
E6_decorrelation,0,B_pilot,to_previous,5,14.696058471669904,-10.74537200364513,-15.0,8.0,2.7621455231471987,0.8841663740195731,,0.8834635416666666,True
E6_decorrelation,0,B_pilot,to_previous,6,18.798956515234988,-12.737774334046442,-21.0,11.0,2.804363039604014,0.8714288064677641,,0.839599609375,True
E6_decorrelation,0,B_pilot,to_previous,7,21.052549376091804,-16.00847642038578,-24.0,13.0,4.211697466864642,0.8585751200485285,,0.8157552083333334,True
E6_decorrelation,0,B_pilot,to_previous,8,24.093146824223453,-18.981493897877783,-27.0,15.0,4.929714904977794,0.8329172745638658,,0.792236328125,True
E6_decorrelation,0,stable_subpixel,to_first,0,0.0,0.0,0.0,0.0,0.0,1.0,0.0,1.0,True
E6_decorrelation,0,stable_subpixel,to_first,1,2.768221876876783,-1.7833831330128305,-69.05000305175781,-32.150001525878906,74.46307212385965,0.23951877655825404,1.0,0.5331368496248293,True
E6_decorrelation,0,stable_subpixel,to_first,2,4.964165589193684,-3.6119434337946394,-34.099998474121094,30.799999237060547,39.850810986226094,0.1264671145247613,1.0,0.6904698450097607,True
E6_decorrelation,0,stable_subpixel,to_first,3,7.771639137133031,-6.104016817803197,-52.099998474121094,46.75,60.14232611361621,-0.10674226462209818,1.0,0.5512281689896352,False
E6_decorrelation,0,stable_subpixel,to_first,4,10.790822838396902,-8.65498800494606,-81.94999694824219,-16.950000762939453,75.6256802270156,0.11365169079070778,1.0,0.5225763061590906,True
E6_decorrelation,0,stable_subpixel,to_first,5,14.696058471669904,-10.74537200364513,-67.05000305175781,86.94999694824219,92.45582932428664,-0.15358143991698878,1.0,0.35606547202501004,False
E6_decorrelation,0,stable_subpixel,to_first,6,18.798956515234988,-12.737774334046442,-17.049999237060547,61.150001525878906,48.443808616111944,-0.09925871940623177,1.0,0.6209908673198272,False
E6_decorrelation,0,stable_subpixel,to_first,7,21.052549376091804,-16.00847642038578,-57.0,-11.850000381469727,45.47871959584877,0.2051574287246463,1.0,0.6597290025092661,True
E6_decorrelation,0,stable_subpixel,to_first,8,24.093146824223453,-18.981493897877783,-75.1500015258789,88.1500015258789,85.9714188524931,-0.16300454679368356,1.0,0.3291794749142396,False
E6_decorrelation,0,stable_subpixel,to_previous,0,0.0,0.0,0.0,0.0,0.0,1.0,0.0,1.0,True
E6_decorrelation,0,stable_subpixel,to_previous,1,2.768221876876783,-1.7833831330128305,-69.05000305175781,-32.150001525878906,74.46307212385965,0.23951877655825404,1.0,0.5331368496248293,True
E6_decorrelation,0,stable_subpixel,to_previous,2,4.964165589193684,-3.6119434337946394,-65.20000314712524,-35.05000162124634,71.57584873226811,0.2724454870274595,1.0,0.5398562093230432,True
E6_decorrelation,0,stable_subpixel,to_previous,3,7.771639137133031,-6.104016817803197,-10.150003910064697,-105.10000467300415,111.2294521011457,-0.0990680843342154,1.0,0.42867740371174023,False
E6_decorrelation,0,stable_subpixel,to_previous,4,10.790822838396902,-8.65498800494606,-55.25000238418579,-134.00000429153442,149.42243965681192,-0.05647828969664582,1.0,0.21515568779432243,False
E6_decorrelation,0,stable_subpixel,to_previous,5,14.696058471669904,-10.74537200364513,-104.25000238418579,-190.90000581741333,220.63718468763022,0.0,1.0,0.0026183942843801484,False
E6_decorrelation,0,stable_subpixel,to_previous,6,18.798956515234988,-12.737774334046442,-97.25000238418579,-191.15000581741333,218.46005010761627,0.0,1.0,0.0021847045023205003,False
E6_decorrelation,0,stable_subpixel,to_previous,7,21.052549376091804,-16.00847642038578,-32.100000858306885,-155.20000505447388,171.56453687513414,-0.0007511558739070255,1.0,0.15962237305240717,False
E6_decorrelation,0,stable_subpixel,to_previous,8,24.093146824223453,-18.981493897877783,-32.05000085756183,-152.3500051498413,171.51616277204437,0.0023427372297845626,1.0,0.17203821186741972,False
E1_baseline,1,A_cli,to_first,0,0.0,0.0,0.0,0.0,0.0,1.0,0.0,1.0,True
E1_baseline,1,A_cli,to_first,1,-4.0790378257970445,3.821797606755233,4.0,-3.9,0.11118719447820037,0.9954007972077261,0.9999999683194096,0.9592773437499998,True
E1_baseline,1,A_cli,to_first,2,-3.2644689488431116,-5.107777095517154,3.2,5.1,0.064936342518028,0.9907556513393303,0.9999999700397577,0.9572135416666667,True
E1_baseline,1,A_cli,to_first,3,3.091418145978741,-7.955556208811625,-3.0,8.0,0.10164904322907452,0.9976949031196456,0.9999999688854999,0.943359375,True
E1_baseline,1,A_cli,to_first,4,6.395657670405244,-5.103195425201509,-6.3,5.1,0.09571102679198878,0.9872589483998845,0.9999999733937537,0.9414965820312501,True
E1_baseline,1,A_cli,to_first,5,2.394846438499023,-1.3206120391506477,-2.3,1.2,0.1534376449376958,0.9840579059083753,0.9999999685008143,0.9818457031250001,True
E1_baseline,1,A_cli,to_first,6,-5.75364937567689,-7.730820994336158,5.9,7.8,0.1618772376351972,0.9882764309881523,0.9999999714388157,0.9298942057291666,True
E1_baseline,1,A_cli,to_first,7,5.6117215027693845,5.503336452291887,-5.7,-5.5,0.08834152470493052,0.9814341638458466,0.9999999766037326,0.9425170898437502,True
E1_baseline,1,A_cli,to_first,8,-2.855643738944009,-5.158770019866116,2.9,5.1,0.0736301102126772,0.9936261239480542,0.9999999694098365,0.9587345377604167,True
E1_baseline,1,A_cli,to_previous,0,0.0,0.0,0.0,0.0,0.0,1.0,0.0,1.0,True
E1_baseline,1,A_cli,to_previous,1,-4.0790378257970445,3.821797606755233,4.0,-3.9,0.11118719447820037,0.9954007972077261,0.9999999683194096,0.9592773437499998,True
E1_baseline,1,A_cli,to_previous,2,-3.2644689488431116,-5.107777095517154,3.2,5.1,0.064936342518028,0.9907556513393303,0.9999999689777871,0.9572135416666667,True
E1_baseline,1,A_cli,to_previous,3,3.091418145978741,-7.955556208811625,-3.0,8.0,0.10164904322907452,0.9976949031196456,0.9999999678478291,0.943359375,True
E1_baseline,1,A_cli,to_previous,4,6.395657670405244,-5.103195425201509,-6.3,5.0,0.14071135593788656,0.9881747086209135,0.9999999701433452,0.9420003255208333,True
E1_baseline,1,A_cli,to_previous,5,2.394846438499023,-1.3206120391506477,-2.3,1.2000000000000002,0.1534376449376956,0.9840579059083753,0.9999999728674513,0.9818457031250001,True
E1_baseline,1,A_cli,to_previous,6,-5.75364937567689,-7.730820994336158,5.8,7.8,0.08327133480243937,0.9873244276371099,0.9999999745743545,0.9303938802083331,True
E1_baseline,1,A_cli,to_previous,7,5.6117215027693845,5.503336452291887,-5.7,-5.500000000000001,0.0883415247049305,0.9814341638459164,0.9999999764217438,0.9425170898437502,True
E1_baseline,1,A_cli,to_previous,8,-2.855643738944009,-5.158770019866116,2.8999999999999995,5.099999999999999,0.07363011021267762,0.9936261239480622,0.999999975783798,0.9587345377604167,True
E1_baseline,1,B_pilot,to_first,0,0.0,0.0,0.0,0.0,0.0,1.0,0.0,1.0,True
E1_baseline,1,B_pilot,to_first,1,-4.0790378257970445,3.821797606755233,4.0,-4.0,0.19494376333929384,0.9941185365737003,,0.9587673611111112,True
E1_baseline,1,B_pilot,to_first,2,-3.2644689488431116,-5.107777095517154,3.0,5.0,0.28558663697780756,0.9901055931593307,,0.958740234375,True
E1_baseline,1,B_pilot,to_first,3,3.091418145978741,-7.955556208811625,-3.0,8.0,0.10164904322907452,0.9961428891551939,,0.943359375,True
E1_baseline,1,B_pilot,to_first,4,6.395657670405244,-5.103195425201509,-6.0,5.0,0.4088939812873565,0.9826590614536002,,0.9435221354166666,True
E1_baseline,1,B_pilot,to_first,5,2.394846438499023,-1.3206120391506477,-2.0,1.0,0.5086214600699613,0.9779068732535686,,0.9844292534722222,True
E1_baseline,1,B_pilot,to_first,6,-5.75364937567689,-7.730820994336158,6.0,8.0,0.3648917198218684,0.98528587464802,,0.9283854166666666,True
E1_baseline,1,B_pilot,to_first,7,5.6117215027693845,5.503336452291887,-6.0,-6.0,0.6304243579000374,0.969702635842403,,0.9384765625,True
E1_baseline,1,B_pilot,to_first,8,-2.855643738944009,-5.158770019866116,3.0,5.0,0.21458483011236482,0.9932583475315812,,0.958740234375,True
E1_baseline,1,B_pilot,to_previous,0,0.0,0.0,0.0,0.0,0.0,1.0,0.0,1.0,True
E1_baseline,1,B_pilot,to_previous,1,-4.0790378257970445,3.821797606755233,4.0,-4.0,0.19494376333929384,0.9941185365737003,,0.9587673611111112,True
E1_baseline,1,B_pilot,to_previous,2,-3.2644689488431116,-5.107777095517154,3.0,5.0,0.28558663697780756,0.9901055931593307,,0.958740234375,True
E1_baseline,1,B_pilot,to_previous,3,3.091418145978741,-7.955556208811625,-3.0,8.0,0.10164904322907452,0.9961428891551939,,0.943359375,True
E1_baseline,1,B_pilot,to_previous,4,6.395657670405244,-5.103195425201509,-6.0,5.0,0.4088939812873565,0.9826590614536002,,0.9435221354166666,True
E1_baseline,1,B_pilot,to_previous,5,2.394846438499023,-1.3206120391506477,-2.0,1.0,0.5086214600699613,0.9779068732535686,,0.9844292534722222,True
E1_baseline,1,B_pilot,to_previous,6,-5.75364937567689,-7.730820994336158,6.0,8.0,0.3648917198218684,0.98528587464802,,0.9283854166666666,True
E1_baseline,1,B_pilot,to_previous,7,5.6117215027693845,5.503336452291887,-5.0,-5.0,0.7921810280208791,0.9597068943258188,,0.9485948350694444,True
E1_baseline,1,B_pilot,to_previous,8,-2.855643738944009,-5.158770019866116,4.0,6.0,1.4202883973665708,0.9301654118642848,,0.9485677083333334,True
E1_baseline,1,stable_subpixel,to_first,0,0.0,0.0,0.0,0.0,0.0,1.0,0.0,1.0,True
E1_baseline,1,stable_subpixel,to_first,1,-4.0790378257970445,3.821797606755233,4.050000190734863,-3.950000047683716,0.13144980072265455,0.9926326415702966,0.9999998807907104,0.9587672920781833,True
E1_baseline,1,stable_subpixel,to_first,2,-3.2644689488431116,-5.107777095517154,3.0999999046325684,5.050000190734863,0.1743222224208706,0.988124196186825,0.9999998807907104,0.9579767518934224,True
E1_baseline,1,stable_subpixel,to_first,3,3.091418145978741,-7.955556208811625,-3.049999952316284,8.0,0.06075127440191383,0.9954511074617755,0.9999998807907104,0.9431098092657825,True
E1_baseline,1,stable_subpixel,to_first,4,6.395657670405244,-5.103195425201509,-6.25,5.050000190734863,0.15506737218978128,0.9816823159749393,0.9999998807907104,0.9420020199807672,True
E1_baseline,1,stable_subpixel,to_first,5,2.394846438499023,-1.3206120391506477,-2.25,1.149999976158142,0.22380564511291934,0.976555988339005,0.9999998807907104,0.9823618572190753,True
E1_baseline,1,stable_subpixel,to_first,6,-5.75364937567689,-7.730820994336158,5.900000095367432,7.849999904632568,0.18873829980525786,0.9826353772552008,0.9999998807907104,0.9296417914546975,True
E1_baseline,1,stable_subpixel,to_first,7,5.6117215027693845,5.503336452291887,-5.75,-5.5,0.13831874316322199,0.9719683963998511,0.9999998807907104,0.9422641330295138,True
E1_baseline,1,stable_subpixel,to_first,8,-2.855643738944009,-5.158770019866116,2.950000047683716,5.050000190734863,0.14399301624809763,0.9917747099830739,0.9999998807907104,0.9587374526645807,True
E1_baseline,1,stable_subpixel,to_previous,0,0.0,0.0,0.0,0.0,0.0,1.0,0.0,1.0,True
E1_baseline,1,stable_subpixel,to_previous,1,-4.0790378257970445,3.821797606755233,4.050000190734863,-3.950000047683716,0.13144980072265455,0.9926326415702966,0.9999998807907104,0.9587672920781833,True
E1_baseline,1,stable_subpixel,to_previous,2,-3.2644689488431116,-5.107777095517154,3.150000214576721,4.999999761581421,0.15722291447128173,0.9883279081112541,0.9999998211860657,0.9579793295599909,True
E1_baseline,1,stable_subpixel,to_previous,3,3.091418145978741,-7.955556208811625,-2.9999998807907104,7.949999809265137,0.091586968428425,0.9955957802459391,0.9999998807907104,0.943615724229312,True
E1_baseline,1,stable_subpixel,to_previous,4,6.395657670405244,-5.103195425201509,-6.199999928474426,4.999999761581421,0.22120419744538508,0.9826428346112408,0.9999998211860657,0.9425075970506036,True
E1_baseline,1,stable_subpixel,to_previous,5,2.394846438499023,-1.3206120391506477,-2.1999999284744263,1.1499998569488525,0.25898586676578295,0.9767753848873933,0.9999998211860657,0.982620715082513,True
E1_baseline,1,stable_subpixel,to_previous,6,-5.75364937567689,-7.730820994336158,5.949999690055847,7.849999666213989,0.22968892395428905,0.9832355214141623,0.9999998807907104,0.9293920252597956,True
E1_baseline,1,stable_subpixel,to_previous,7,5.6117215027693845,5.503336452291887,-5.699999928474426,-5.500000715255737,0.08834142621972385,0.9717093581229247,0.9999998807907104,0.9425170865909119,True
E1_baseline,1,stable_subpixel,to_previous,8,-2.855643738944009,-5.158770019866116,2.9999998807907104,5.049999475479126,0.18074768882369505,0.9924611764090685,0.9999998807907104,0.9584838900124952,True
E2_sparse,1,A_cli,to_first,0,0.0,0.0,0.0,0.0,0.0,1.0,0.0,1.0,True
E2_sparse,1,A_cli,to_first,1,2.0663447649983695,5.983520513965816,0.0,0.0,6.330268432608992,0.9831248169167132,0.9999999995899698,1.0,True
E2_sparse,1,A_cli,to_first,2,2.5416679609024477,2.4579499522763744,0.0,0.0,3.5357593231685662,0.9870161565383408,0.9999999995755632,1.0,True
E2_sparse,1,A_cli,to_first,3,6.7537474624301765,4.042103999046168,0.0,0.0,7.870940828477055,0.9823347870353116,0.99999999956765,1.0,True
E2_sparse,1,A_cli,to_first,4,1.424379195866937,-6.465101029329569,0.0,0.0,6.6201501050245675,0.9830331580882307,0.999999999623621,1.0,True
E2_sparse,1,A_cli,to_first,5,-0.4647060175220883,1.8863934253456502,0.0,0.0,1.9427897050140386,0.990694720721503,0.9999999994642863,1.0,True
E2_sparse,1,A_cli,to_first,6,0.09911873560750806,4.27581563201611,0.0,0.0,4.276964325633516,0.9856735369620712,0.9999999996544626,1.0,True
E2_sparse,1,A_cli,to_first,7,1.04233047694715,-3.2951826396713777,0.0,0.0,3.456107847270467,0.9872781640391965,0.9999999996600663,1.0,True
E2_sparse,1,A_cli,to_first,8,7.211256060284688,-4.9837352394571575,0.0,0.0,8.765833155154148,0.9822625237601813,0.9999999996143556,1.0,True
E2_sparse,1,A_cli,to_previous,0,0.0,0.0,0.0,0.0,0.0,1.0,0.0,1.0,True
E2_sparse,1,A_cli,to_previous,1,2.0663447649983695,5.983520513965816,0.0,0.0,6.330268432608992,0.9831248169167132,0.9999999995899698,1.0,True
E2_sparse,1,A_cli,to_previous,2,2.5416679609024477,2.4579499522763744,0.0,0.0,3.5357593231685662,0.9870161565383408,0.9999999995372543,1.0,True
E2_sparse,1,A_cli,to_previous,3,6.7537474624301765,4.042103999046168,0.0,0.0,7.870940828477055,0.9823347870353116,0.9999999994964602,1.0,True
E2_sparse,1,A_cli,to_previous,4,1.424379195866937,-6.465101029329569,0.0,0.0,6.6201501050245675,0.9830331580882307,0.9999999995464028,1.0,True
E2_sparse,1,A_cli,to_previous,5,-0.4647060175220883,1.8863934253456502,0.0,0.0,1.9427897050140386,0.990694720721503,0.9999999996616195,1.0,True
E2_sparse,1,A_cli,to_previous,6,0.09911873560750806,4.27581563201611,0.0,0.0,4.276964325633516,0.9856735369620712,0.9999999995419777,1.0,True
E2_sparse,1,A_cli,to_previous,7,1.04233047694715,-3.2951826396713777,0.0,0.0,3.456107847270467,0.9872781640391965,0.9999999996374925,1.0,True
E2_sparse,1,A_cli,to_previous,8,7.211256060284688,-4.9837352394571575,0.0,0.0,8.765833155154148,0.9822625237601813,0.9999999996393304,1.0,True
E2_sparse,1,B_pilot,to_first,0,0.0,0.0,0.0,0.0,0.0,1.0,0.0,1.0,True
E2_sparse,1,B_pilot,to_first,1,2.0663447649983695,5.983520513965816,-2.0,-6.0,0.0683608170126699,0.7322822103481902,,0.9586588541666666,True
E2_sparse,1,B_pilot,to_first,2,2.5416679609024477,2.4579499522763744,-2.0,-2.0,0.7093111719535716,0.8677937784272789,,0.9792751736111112,True
E2_sparse,1,B_pilot,to_first,3,6.7537474624301765,4.042103999046168,-7.0,-4.0,0.24982605747851241,0.6924830297314799,,0.9434678819444444,True
E2_sparse,1,B_pilot,to_first,4,1.424379195866937,-6.465101029329569,-1.0,6.0,0.6296162874069352,0.9583218836609086,,0.9637044270833334,True
E2_sparse,1,B_pilot,to_first,5,-0.4647060175220883,1.8863934253456502,0.0,-2.0,0.4783911961208461,0.917721765098127,,0.9895833333333334,True
E2_sparse,1,B_pilot,to_first,6,0.09911873560750806,4.27581563201611,0.0,-4.0,0.2930849477760286,0.8457372077475702,,0.9791666666666666,True
E2_sparse,1,B_pilot,to_first,7,1.04233047694715,-3.2951826396713777,-1.0,3.0,0.29820238101318974,0.9617402651208956,,0.979248046875,True
E2_sparse,1,B_pilot,to_first,8,7.211256060284688,-4.9837352394571575,-7.0,5.0,0.21188125316441694,0.8260270460909154,,0.9384494357638888,True
E2_sparse,1,B_pilot,to_previous,0,0.0,0.0,0.0,0.0,0.0,1.0,0.0,1.0,True
E2_sparse,1,B_pilot,to_previous,1,2.0663447649983695,5.983520513965816,-2.0,-6.0,0.0683608170126699,0.7322822103481902,,0.9586588541666666,True
E2_sparse,1,B_pilot,to_previous,2,2.5416679609024477,2.4579499522763744,-2.0,-2.0,0.7093111719535716,0.8677937784272789,,0.9792751736111112,True
E2_sparse,1,B_pilot,to_previous,3,6.7537474624301765,4.042103999046168,-6.0,-3.0,1.2861244037603614,0.7436907473223059,,0.95361328125,True
E2_sparse,1,B_pilot,to_previous,4,1.424379195866937,-6.465101029329569,-1.0,7.0,0.6827990998155716,0.9572926133377604,,0.9585232204861112,True
E2_sparse,1,B_pilot,to_previous,5,-0.4647060175220883,1.8863934253456502,1.0,-1.0,1.0354868189277242,0.9477003743326323,,0.9896104600694444,True
E2_sparse,1,B_pilot,to_previous,6,0.09911873560750806,4.27581563201611,0.0,-3.0,1.2796601309117581,0.8805570325845854,,0.984375,True
E2_sparse,1,B_pilot,to_previous,7,1.04233047694715,-3.2951826396713777,-1.0,5.0,1.7053428105094954,0.9577830762488525,,0.9688856336805556,True
E2_sparse,1,B_pilot,to_previous,8,7.211256060284688,-4.9837352394571575,-7.0,7.0,2.027301829430905,0.8264072893124942,,0.9284125434027778,True
E2_sparse,1,stable_subpixel,to_first,0,0.0,0.0,0.0,0.0,0.0,1.0,0.0,1.0,True
E2_sparse,1,stable_subpixel,to_first,1,2.0663447649983695,5.983520513965816,-2.4,-5.85,0.3593793865731436,0.7131069313980015,0.9999999999767416,0.957412109375,True
E2_sparse,1,stable_subpixel,to_first,2,2.5416679609024477,2.4579499522763744,-2.3,-2.2,0.3534707642877001,0.8130896956442614,0.9999999999820111,0.9766997612847221,True
E2_sparse,1,stable_subpixel,to_first,3,6.7537474624301765,4.042103999046168,-6.45,-4.1,0.30921589199007465,0.6654863412127795,0.9999999999817346,0.9457694498697917,True
E2_sparse,1,stable_subpixel,to_first,4,1.424379195866937,-6.465101029329569,-0.95,5.7,0.9002306407540943,0.9593847044698145,0.9999999999834247,0.9655114746093751,True
E2_sparse,1,stable_subpixel,to_first,5,-0.4647060175220883,1.8863934253456502,0.4,-1.55,0.34256007548946554,0.9141676307804406,0.9999999999804482,0.9898605685763887,True
E2_sparse,1,stable_subpixel,to_first,6,0.09911873560750806,4.27581563201611,-0.05,-4.15,0.13506377548141268,0.7903765058622106,0.999999999980972,0.9781306287977429,True
E2_sparse,1,stable_subpixel,to_first,7,1.04233047694715,-3.2951826396713777,-1.35,3.15,0.34020366587901046,0.9378820494005964,0.999999999980199,0.9766778564453126,True
E2_sparse,1,stable_subpixel,to_first,8,7.211256060284688,-4.9837352394571575,-6.65,4.85,0.5769692188314315,0.8272411580175386,0.999999999983888,0.9409790717230904,True
E2_sparse,1,stable_subpixel,to_previous,0,0.0,0.0,0.0,0.0,0.0,1.0,0.0,1.0,True
E2_sparse,1,stable_subpixel,to_previous,1,2.0663447649983695,5.983520513965816,-2.4,-5.85,0.3593793865731436,0.7131069313980015,0.9999999999767416,0.957412109375,True
E2_sparse,1,stable_subpixel,to_previous,2,2.5416679609024477,2.4579499522763744,-2.4499999999999997,-1.6499999999999995,0.8131335317396579,0.8463499139445569,0.999999999983362,0.9787554931640625,True
E2_sparse,1,stable_subpixel,to_previous,3,6.7537474624301765,4.042103999046168,-6.3,-2.3499999999999996,1.7518854709283533,0.7252862685802703,0.9999999999832069,0.9553495279947916,True
E2_sparse,1,stable_subpixel,to_previous,4,1.424379195866937,-6.465101029329569,-0.5999999999999996,8.4,2.1031963972201253,0.9554766622141025,0.9999999999785963,0.95326171875,True
E2_sparse,1,stable_subpixel,to_previous,5,-0.4647060175220883,1.8863934253456502,1.5000000000000004,-0.29999999999999893,1.8943277779029912,0.942428642275475,0.9999999999822201,0.9906372070312499,True
E2_sparse,1,stable_subpixel,to_previous,6,0.09911873560750806,4.27581563201611,0.9500000000000004,-2.5999999999999988,1.977121178358134,0.8761285941773055,0.9999999999844882,0.9815774197048612,True
E2_sparse,1,stable_subpixel,to_previous,7,1.04233047694715,-3.2951826396713777,-0.5999999999999996,5.300000000000002,2.0530340715904654,0.9581293262417278,0.9999999999828983,0.9693570963541666,True
E2_sparse,1,stable_subpixel,to_previous,8,7.211256060284688,-4.9837352394571575,-6.75,7.100000000000001,2.1659486812629734,0.827591619052409,0.999999999981899,0.9291646321614583,True
E3_mcherry,1,A_cli,to_first,0,0.0,0.0,0.0,0.0,0.0,1.0,0.0,1.0,True
E3_mcherry,1,A_cli,to_first,1,0.0,0.0,-2.1,-6.1,6.4513564465157245,0.9700837573783029,0.9999999535117584,0.9576391601562501,True
E3_mcherry,1,A_cli,to_first,2,0.0,0.0,-2.6,-2.5,3.606937759374287,0.9896252451913172,0.999999972759083,0.9736138237847223,True
E3_mcherry,1,A_cli,to_first,3,0.0,0.0,-6.8,-4.1,7.940403012442126,0.9529856901947548,0.9999999699416433,0.9439854600694445,True
E3_mcherry,1,A_cli,to_first,4,0.0,0.0,-1.3,6.6,6.726812023536855,0.9761980726620926,0.9999999719550943,0.9590869140625,True
E3_mcherry,1,A_cli,to_first,5,0.0,0.0,0.4,-2.0,2.039607805437114,0.9977153206140739,0.9999999564200757,0.9875217013888888,True
E3_mcherry,1,A_cli,to_first,6,0.0,0.0,-0.1,-4.2,4.201190307520001,0.9891642585660262,0.9999999454617078,0.9776155598958334,True
E3_mcherry,1,A_cli,to_first,7,0.0,0.0,-1.0,3.2,3.3526109228480423,0.9944781282407121,0.9999999465056207,0.9782118055555556,True
E3_mcherry,1,A_cli,to_first,8,0.0,0.0,-7.1,5.0,8.683893136145793,0.9712901295053936,0.9999999318945584,0.9379421657986112,True
E3_mcherry,1,A_cli,to_previous,0,0.0,0.0,0.0,0.0,0.0,1.0,0.0,1.0,True
E3_mcherry,1,A_cli,to_previous,1,0.0,0.0,-2.1,-6.1,6.4513564465157245,0.9700837573783029,0.9999999535117584,0.9576391601562501,True
E3_mcherry,1,A_cli,to_previous,2,0.0,0.0,-2.6,-2.6999999999999997,3.7483329627982624,0.9885439240198947,0.9999999658353151,0.9725862630208335,True
E3_mcherry,1,A_cli,to_previous,3,0.0,0.0,-6.699999999999999,-4.199999999999999,7.9075912893876845,0.9530447227320558,0.999999963047748,0.9439925130208334,True
E3_mcherry,1,A_cli,to_previous,4,0.0,0.0,-1.3999999999999995,6.600000000000001,6.746851117373201,0.9763843635226381,0.9999999877810338,0.9585839843749999,True
E3_mcherry,1,A_cli,to_previous,5,0.0,0.0,0.5000000000000004,-1.8999999999999986,1.9646882704388489,0.9980262628836095,0.9999999701002643,0.9875257703993056,True
E3_mcherry,1,A_cli,to_previous,6,0.0,0.0,-0.09999999999999953,-4.199999999999998,4.201190307519999,0.9891642585798176,0.9999999644970217,0.9776155598958334,True
E3_mcherry,1,A_cli,to_previous,7,0.0,0.0,-0.9999999999999996,3.4000000000000012,3.5440090293338713,0.9937537572098823,0.9999999627468908,0.9771755642361111,True
E3_mcherry,1,A_cli,to_previous,8,0.0,0.0,-7.1,5.200000000000001,8.80056816347672,0.9704872514116797,0.9999999521245037,0.9369390190972222,True
E3_mcherry,1,B_pilot,to_first,0,0.0,0.0,0.0,0.0,0.0,1.0,0.0,1.0,True
E3_mcherry,1,B_pilot,to_first,1,0.0,0.0,0.0,0.0,0.0,1.0,,1.0,True
E3_mcherry,1,B_pilot,to_first,2,0.0,0.0,0.0,0.0,0.0,1.0,,1.0,True
E3_mcherry,1,B_pilot,to_first,3,0.0,0.0,0.0,0.0,0.0,1.0,,1.0,True
E3_mcherry,1,B_pilot,to_first,4,0.0,0.0,0.0,0.0,0.0,1.0,,1.0,True
E3_mcherry,1,B_pilot,to_first,5,0.0,0.0,0.0,0.0,0.0,1.0,,1.0,True
E3_mcherry,1,B_pilot,to_first,6,0.0,0.0,0.0,0.0,0.0,1.0,,1.0,True
E3_mcherry,1,B_pilot,to_first,7,0.0,0.0,0.0,0.0,0.0,1.0,,1.0,True
E3_mcherry,1,B_pilot,to_first,8,0.0,0.0,0.0,0.0,0.0,1.0,,1.0,True
E3_mcherry,1,B_pilot,to_previous,0,0.0,0.0,0.0,0.0,0.0,1.0,0.0,1.0,True
E3_mcherry,1,B_pilot,to_previous,1,0.0,0.0,0.0,0.0,0.0,1.0,,1.0,True
E3_mcherry,1,B_pilot,to_previous,2,0.0,0.0,0.0,0.0,0.0,1.0,,1.0,True
E3_mcherry,1,B_pilot,to_previous,3,0.0,0.0,0.0,0.0,0.0,1.0,,1.0,True
E3_mcherry,1,B_pilot,to_previous,4,0.0,0.0,0.0,0.0,0.0,1.0,,1.0,True
E3_mcherry,1,B_pilot,to_previous,5,0.0,0.0,0.0,0.0,0.0,1.0,,1.0,True
E3_mcherry,1,B_pilot,to_previous,6,0.0,0.0,0.0,0.0,0.0,1.0,,1.0,True
E3_mcherry,1,B_pilot,to_previous,7,0.0,0.0,0.0,0.0,0.0,1.0,,1.0,True
E3_mcherry,1,B_pilot,to_previous,8,0.0,0.0,0.0,0.0,0.0,1.0,,1.0,True
E3_mcherry,1,stable_subpixel,to_first,0,0.0,0.0,0.0,0.0,0.0,1.0,0.0,1.0,True
E3_mcherry,1,stable_subpixel,to_first,1,0.0,0.0,0.0,0.0,0.0,1.0,1.0,1.0,True
E3_mcherry,1,stable_subpixel,to_first,2,0.0,0.0,0.0,0.0,0.0,1.0,1.0,1.0,True
E3_mcherry,1,stable_subpixel,to_first,3,0.0,0.0,0.0,0.0,0.0,1.0,1.0,1.0,True
E3_mcherry,1,stable_subpixel,to_first,4,0.0,0.0,0.0,0.0,0.0,1.0,1.0,1.0,True
E3_mcherry,1,stable_subpixel,to_first,5,0.0,0.0,0.0,0.0,0.0,1.0,1.0,1.0,True
E3_mcherry,1,stable_subpixel,to_first,6,0.0,0.0,0.0,0.0,0.0,1.0,1.0,1.0,True
E3_mcherry,1,stable_subpixel,to_first,7,0.0,0.0,0.0,0.0,0.0,1.0,1.0,1.0,True
E3_mcherry,1,stable_subpixel,to_first,8,0.0,0.0,0.0,0.0,0.0,1.0,1.0,1.0,True
E3_mcherry,1,stable_subpixel,to_previous,0,0.0,0.0,0.0,0.0,0.0,1.0,0.0,1.0,True
E3_mcherry,1,stable_subpixel,to_previous,1,0.0,0.0,0.0,0.0,0.0,1.0,1.0,1.0,True
E3_mcherry,1,stable_subpixel,to_previous,2,0.0,0.0,0.0,0.0,0.0,1.0,1.0,1.0,True
E3_mcherry,1,stable_subpixel,to_previous,3,0.0,0.0,0.0,0.0,0.0,1.0,1.0,1.0,True
E3_mcherry,1,stable_subpixel,to_previous,4,0.0,0.0,0.0,0.0,0.0,1.0,1.0,1.0,True
E3_mcherry,1,stable_subpixel,to_previous,5,0.0,0.0,0.0,0.0,0.0,1.0,1.0,1.0,True
E3_mcherry,1,stable_subpixel,to_previous,6,0.0,0.0,0.0,0.0,0.0,1.0,1.0,1.0,True
E3_mcherry,1,stable_subpixel,to_previous,7,0.0,0.0,0.0,0.0,0.0,1.0,1.0,1.0,True
E3_mcherry,1,stable_subpixel,to_previous,8,0.0,0.0,0.0,0.0,0.0,1.0,1.0,1.0,True
E4_gradient,1,A_cli,to_first,0,0.0,0.0,0.0,0.0,0.0,1.0,0.0,1.0,True
E4_gradient,1,A_cli,to_first,1,-0.8760375284643409,5.846104636046959,0.9,-6.0,0.1557497450666817,0.8317879399987843,0.9999999988284731,0.9642089843749999,True
E4_gradient,1,A_cli,to_first,2,-3.0592783693477834,2.8663482050664246,3.1,-2.8,0.07784815680869979,0.8756422313154771,0.9999999990245911,0.9695062934027777,True
E4_gradient,1,A_cli,to_first,3,-2.4483517116323337,-3.8308328216378653,2.6,3.9,0.16667723878029134,0.9484007892127916,0.9999999989636001,0.9664208984375,True
E4_gradient,1,A_cli,to_first,4,2.318563609484056,-5.966667156608719,-2.3,5.9,0.0692034491002288,0.8829178268202132,0.9999999991244651,0.9576597764756944,True
E4_gradient,1,A_cli,to_first,5,4.7967432528039335,-3.827396568901132,-4.8,3.9,0.07267643778851009,0.8417417995603735,0.999999999223522,0.9551953125,True
E4_gradient,1,A_cli,to_first,6,1.7961348288742673,-0.9904590293629858,-2.1,1.0,0.3040149212521767,0.9050473959600748,0.9999999982960124,0.9839111328125001,True
E4_gradient,1,A_cli,to_first,7,-4.315237031757667,-5.798115745752119,4.2,5.9,0.1538179922894736,0.9281969624849857,0.9999999991316737,0.9480680338541667,True
E4_gradient,1,A_cli,to_first,8,4.208791127077038,4.127502339218915,-4.2,-4.1,0.028873215577710117,0.7368138132349458,0.9999999995595455,0.9572379557291667,True
E4_gradient,1,A_cli,to_previous,0,0.0,0.0,0.0,0.0,0.0,1.0,0.0,1.0,True
E4_gradient,1,A_cli,to_previous,1,-0.8760375284643409,5.846104636046959,0.9,-6.0,0.1557497450666817,0.8317879399987843,0.9999999988284731,0.9642089843749999,True
E4_gradient,1,A_cli,to_previous,2,-3.0592783693477834,2.8663482050664246,3.1,-3.3,0.4355595601661007,0.8456131264419796,0.9999999990660027,0.9669441731770834,True
E4_gradient,1,A_cli,to_previous,3,-2.4483517116323337,-3.8308328216378653,2.7,3.5,0.4156647891164801,0.9356518660548095,0.9999999992105959,0.9679646809895834,True
E4_gradient,1,A_cli,to_previous,4,2.318563609484056,-5.966667156608719,-2.0999999999999996,5.6,0.42686631997174734,0.8717053683962047,0.999999999498981,0.96021484375,True
E4_gradient,1,A_cli,to_previous,5,4.7967432528039335,-3.827396568901132,-2.0999999999999996,5.6,3.227157742578912,0.8450278330441886,0.9999999990046133,0.96021484375,True
E4_gradient,1,A_cli,to_previous,6,1.7961348288742673,-0.9904590293629858,0.6000000000000005,2.8,3.0026489376146293,0.9266400423414886,0.9999999991516987,0.9823372395833333,True
E4_gradient,1,A_cli,to_previous,7,-4.315237031757667,-5.798115745752119,6.6000000000000005,7.6,2.9097987364692353,0.9052058129701304,0.9999999991903491,0.9274023437500001,True
E4_gradient,1,A_cli,to_previous,8,4.208791127077038,4.127502339218915,-1.7999999999999998,-2.3000000000000007,3.0235805750361067,0.8063757664291186,0.9999999997130836,0.9787581380208332,True
E4_gradient,1,B_pilot,to_first,0,0.0,0.0,0.0,0.0,0.0,1.0,0.0,1.0,True
E4_gradient,1,B_pilot,to_first,1,-0.8760375284643409,5.846104636046959,1.0,-6.0,0.197611936368905,0.8345612187331368,,0.9637044270833334,True
E4_gradient,1,B_pilot,to_first,2,-3.0592783693477834,2.8663482050664246,3.0,-3.0,0.14620782250447037,0.8798164169752397,,0.968994140625,True
E4_gradient,1,B_pilot,to_first,3,-2.4483517116323337,-3.8308328216378653,2.0,4.0,0.4792043317402813,0.931229700174524,,0.9689670138888888,True
E4_gradient,1,B_pilot,to_first,4,2.318563609484056,-5.966667156608719,-2.0,6.0,0.3203027501225328,0.9122671268374948,,0.9586588541666666,True
E4_gradient,1,B_pilot,to_first,5,4.7967432528039335,-3.827396568901132,-5.0,4.0,0.2666556763090323,0.8474333708121445,,0.9536675347222222,True
E4_gradient,1,B_pilot,to_first,6,1.7961348288742673,-0.9904590293629858,-2.0,1.0,0.2040883096084159,0.9353108475249637,,0.9844292534722222,True
E4_gradient,1,B_pilot,to_first,7,-4.315237031757667,-5.798115745752119,4.0,6.0,0.3743416064300196,0.9253332991199474,,0.9485677083333334,True
E4_gradient,1,B_pilot,to_first,8,4.208791127077038,4.127502339218915,-4.0,-4.0,0.2446437844139827,0.7849757251849315,,0.9587673611111112,True
E4_gradient,1,B_pilot,to_previous,0,0.0,0.0,0.0,0.0,0.0,1.0,0.0,1.0,True
E4_gradient,1,B_pilot,to_previous,1,-0.8760375284643409,5.846104636046959,1.0,-6.0,0.197611936368905,0.8345612187331368,,0.9637044270833334,True
E4_gradient,1,B_pilot,to_previous,2,-3.0592783693477834,2.8663482050664246,3.0,-3.0,0.14620782250447037,0.8798164169752397,,0.968994140625,True
E4_gradient,1,B_pilot,to_previous,3,-2.4483517116323337,-3.8308328216378653,2.0,4.0,0.4792043317402813,0.931229700174524,,0.9689670138888888,True
E4_gradient,1,B_pilot,to_previous,4,2.318563609484056,-5.966667156608719,-3.0,6.0,0.682251150800016,0.863128679877794,,0.95361328125,True
E4_gradient,1,B_pilot,to_previous,5,4.7967432528039335,-3.827396568901132,-6.0,4.0,1.2155734219289103,0.7747659969144949,,0.9485677083333334,True
E4_gradient,1,B_pilot,to_previous,6,1.7961348288742673,-0.9904590293629858,-3.0,1.0,1.2039029779721813,0.8456742404804999,,0.979248046875,True
E4_gradient,1,B_pilot,to_previous,7,-4.315237031757667,-5.798115745752119,3.0,6.0,1.3306410867773257,0.8624370009733251,,0.95361328125,True
E4_gradient,1,B_pilot,to_previous,8,4.208791127077038,4.127502339218915,-5.0,-4.0,0.8014164504789744,0.7257102580687537,,0.9536675347222222,True
E4_gradient,1,stable_subpixel,to_first,0,0.0,0.0,0.0,0.0,0.0,1.0,0.0,1.0,True
E4_gradient,1,stable_subpixel,to_first,1,-0.8760375284643409,5.846104636046959,0.949999988079071,-5.949999809265137,0.12753294652871397,0.8325772155336204,0.9999999403953552,0.9642158349245276,True
E4_gradient,1,stable_subpixel,to_first,2,-3.0592783693477834,2.8663482050664246,3.0,-2.950000047683716,0.10252587890771911,0.8790653944157969,0.9999999403953552,0.9692504880367778,True
E4_gradient,1,stable_subpixel,to_first,3,-2.4483517116323337,-3.8308328216378653,2.3499999046325684,3.950000047683716,0.15451183030299626,0.9433848457716499,0.9999999403953552,0.967439304169125,True
E4_gradient,1,stable_subpixel,to_first,4,2.318563609484056,-5.966667156608719,-2.1500000953674316,6.0,0.17182763671741813,0.8869027161018808,0.9999999403953552,0.9579020177479833,True
E4_gradient,1,stable_subpixel,to_first,5,4.7967432528039335,-3.827396568901132,-4.900000095367432,3.950000047683716,0.16029219739517755,0.8449469489404476,0.9999999403953552,0.9544312872489294,True
E4_gradient,1,stable_subpixel,to_first,6,1.7961348288742673,-0.9904590293629858,-1.899999976158142,1.0,0.10430243976531595,0.9340497494493772,0.9999999403953552,0.9849473742554741,True
E4_gradient,1,stable_subpixel,to_first,7,-4.315237031757667,-5.798115745752119,4.150000095367432,5.900000095367432,0.19412281124114728,0.9265890597059686,0.9999999403953552,0.9483204471662692,True
E4_gradient,1,stable_subpixel,to_first,8,4.208791127077038,4.127502339218915,-4.099999904632568,-4.050000190734863,0.13357437291863344,0.7402347499043606,0.9999999403953552,0.958002522300489,True
E4_gradient,1,stable_subpixel,to_previous,0,0.0,0.0,0.0,0.0,0.0,1.0,0.0,1.0,True
E4_gradient,1,stable_subpixel,to_previous,1,-0.8760375284643409,5.846104636046959,0.949999988079071,-5.949999809265137,0.12753294652871397,0.8325772155336204,0.9999999403953552,0.9642158349245276,True
E4_gradient,1,stable_subpixel,to_previous,2,-3.0592783693477834,2.8663482050664246,2.9999999403953552,-2.9499998092651367,0.10252571884208403,0.8790653888865242,0.9999999403953552,0.9692504895648099,True
E4_gradient,1,stable_subpixel,to_previous,3,-2.4483517116323337,-3.8308328216378653,2.349999964237213,3.950000286102295,0.15451197624312069,0.9433848514252977,0.9999999403953552,0.9674393026385063,True
E4_gradient,1,stable_subpixel,to_previous,4,2.318563609484056,-5.966667156608719,-2.20000022649765,6.000000238418579,0.12315993718788563,0.8839087288672438,0.9999999403953552,0.9576497372129881,True
E4_gradient,1,stable_subpixel,to_previous,5,4.7967432528039335,-3.827396568901132,-4.95000022649765,3.950000286102295,0.19626352553976842,0.8457382115982278,0.9999999403953552,0.9541762262340409,True
E4_gradient,1,stable_subpixel,to_previous,6,1.7961348288742673,-0.9904590293629858,-1.9500002264976501,1.000000238418579,0.1541609394627713,0.93149713724504,0.9999999403953552,0.9846883113994005,True
E4_gradient,1,stable_subpixel,to_previous,7,-4.315237031757667,-5.798115745752119,4.099999964237213,5.900000333786011,0.23813329148533693,0.9249270151804647,0.9999999403953552,0.9485728608923899,True
E4_gradient,1,stable_subpixel,to_previous,8,4.208791127077038,4.127502339218915,-4.150000035762787,-4.049999475479126,0.09727839588412712,0.7392033326228274,0.9999999403953552,0.9577476017743497,True
E5_drift,1,A_cli,to_first,0,0.0,0.0,0.0,0.0,0.0,1.0,0.0,1.0,True
E5_drift,1,A_cli,to_first,1,2.612650339719212,-2.977724700844404,-2.7,3.0,0.09014517238122312,0.9916922255678632,0.9999999594538752,0.9705322265625002,True
E5_drift,1,A_cli,to_first,2,5.352577066462476,-4.839252563904759,-5.3,4.9,0.08034051848192779,0.9898167154235374,0.999999962391717,0.9475794813368056,True
E5_drift,1,A_cli,to_first,3,9.085611151771655,-6.344808037803306,-9.0,6.3,0.09662830620191906,0.9909459599002582,0.9999999631420021,0.9218505859374999,True
E5_drift,1,A_cli,to_first,4,13.334932662772474,-8.206908609653118,-13.2,8.1,0.17215189310847853,0.9892048899010649,0.9999999661698576,0.891962890625,True
E5_drift,1,A_cli,to_first,5,16.959127418787947,-10.541832104759287,-17.0,10.6,0.0710919962560512,0.9888504382384168,0.9999999674370086,0.8611382378472222,True
E5_drift,1,A_cli,to_first,6,19.31011970383843,-12.075479480467267,-19.2,12.0,0.13350468585436462,0.9906732421242069,0.999999967480568,0.8437500000000001,True
E5_drift,1,A_cli,to_first,7,23.436951188646148,-15.263396537003754,-23.4,15.2,0.07337922898499089,0.9838794845276938,0.9999999740317028,0.8086067708333333,True
E5_drift,1,A_cli,to_first,8,26.240756854436146,-17.118550284520488,-26.2,17.1,0.04477984188583361,0.9860744061520399,0.9999999703491828,0.7866324869791668,True
E5_drift,1,A_cli,to_previous,0,0.0,0.0,0.0,0.0,0.0,1.0,0.0,1.0,True
E5_drift,1,A_cli,to_previous,1,2.612650339719212,-2.977724700844404,-2.7,3.0,0.09014517238122312,0.9916922255678632,0.9999999594538752,0.9705322265625002,True
E5_drift,1,A_cli,to_previous,2,5.352577066462476,-4.839252563904759,-5.300000000000001,4.9,0.0803405184819272,0.9898167154235374,0.9999999592188311,0.9475794813368056,True
E5_drift,1,A_cli,to_previous,3,9.085611151771655,-6.344808037803306,-9.100000000000001,6.300000000000001,0.047061653234037694,0.9901253347292667,0.9999999654209175,0.9213468424479166,True
E5_drift,1,A_cli,to_previous,4,13.334932662772474,-8.206908609653118,-13.3,8.200000000000001,0.03560926586879386,0.9878734629570103,0.9999999606543952,0.8909792751736111,True
E5_drift,1,A_cli,to_previous,5,16.959127418787947,-10.541832104759287,-17.1,10.600000000000001,0.15240927850390734,0.9879408221415588,0.9999999660465279,0.8606461588541667,True
E5_drift,1,A_cli,to_previous,6,19.31011970383843,-12.075479480467267,-19.3,12.200000000000001,0.12493105374757493,0.9880676800269931,0.9999999672711211,0.8423247612847222,True
E5_drift,1,A_cli,to_previous,7,23.436951188646148,-15.263396537003754,-23.4,15.3,0.05201157415115369,0.9832712498246498,0.9999999668191141,0.8081494140624998,True
E5_drift,1,A_cli,to_previous,8,26.240756854436146,-17.118550284520488,-26.2,17.2,0.09107786413406167,0.9850792007333181,0.9999999649385609,0.7861827256944446,True
E5_drift,1,B_pilot,to_first,0,0.0,0.0,0.0,0.0,0.0,1.0,0.0,1.0,True
E5_drift,1,B_pilot,to_first,1,2.612650339719212,-2.977724700844404,-3.0,3.0,0.3879896239232608,0.9875320088550212,,0.968994140625,True
E5_drift,1,B_pilot,to_first,2,5.352577066462476,-4.839252563904759,-5.0,5.0,0.3874923560619982,0.9867789456529472,,0.9485948350694444,True
E5_drift,1,B_pilot,to_first,3,9.085611151771655,-6.344808037803306,-9.0,6.0,0.3552771484931663,0.9875002675173882,,0.92333984375,True
E5_drift,1,B_pilot,to_first,4,13.334932662772474,-8.206908609653118,-13.0,8.0,0.3936890414279342,0.9847963976580657,,0.8934461805555556,True
E5_drift,1,B_pilot,to_first,5,16.959127418787947,-10.541832104759287,-17.0,11.0,0.4599873782227518,0.9804984611930605,,0.8592393663194444,True
E5_drift,1,B_pilot,to_first,6,19.31011970383843,-12.075479480467267,-19.0,12.0,0.31917296671310524,0.986600607398891,,0.8447265625,True
E5_drift,1,B_pilot,to_first,7,23.436951188646148,-15.263396537003754,-23.0,15.0,0.510200036225843,0.9763524123248636,,0.8114420572916666,True
E5_drift,1,B_pilot,to_first,8,26.240756854436146,-17.118550284520488,-26.0,17.0,0.26836175755475344,0.9839171501397317,,0.7880316840277778,True
E5_drift,1,B_pilot,to_previous,0,0.0,0.0,0.0,0.0,0.0,1.0,0.0,1.0,True
E5_drift,1,B_pilot,to_previous,1,2.612650339719212,-2.977724700844404,-3.0,3.0,0.3879896239232608,0.9875320088550212,,0.968994140625,True
E5_drift,1,B_pilot,to_previous,2,5.352577066462476,-4.839252563904759,-6.0,5.0,0.6670803497941812,0.9683728601140388,,0.9435221354166666,True
E5_drift,1,B_pilot,to_previous,3,9.085611151771655,-6.344808037803306,-10.0,6.0,0.9772407833784493,0.9489347392857668,,0.9182942708333334,True
E5_drift,1,B_pilot,to_previous,4,13.334932662772474,-8.206908609653118,-14.0,8.0,0.6965096810493725,0.9668305618082407,,0.8884548611111112,True
E5_drift,1,B_pilot,to_previous,5,16.959127418787947,-10.541832104759287,-18.0,10.0,1.1734554785192834,0.9454462868292581,,0.8590494791666666,True
E5_drift,1,B_pilot,to_previous,6,19.31011970383843,-12.075479480467267,-20.0,11.0,1.2777288194050087,0.9444207420245018,,0.8445095486111112,True
E5_drift,1,B_pilot,to_previous,7,23.436951188646148,-15.263396537003754,-24.0,14.0,1.3831828417385976,0.9485953314243764,,0.8111979166666666,True
E5_drift,1,B_pilot,to_previous,8,26.240756854436146,-17.118550284520488,-27.0,16.0,1.3518893790124102,0.941676071615623,,0.7877604166666666,True
E5_drift,1,stable_subpixel,to_first,0,0.0,0.0,0.0,0.0,0.0,1.0,0.0,1.0,True
E5_drift,1,stable_subpixel,to_first,1,2.612650339719212,-2.977724700844404,-2.75,3.0,0.13914423499275572,0.9874673206895532,0.9999997615814209,0.97027587890625,True
E5_drift,1,stable_subpixel,to_first,2,5.352577066462476,-4.839252563904759,-5.199999809265137,4.949999809265137,0.18853321131507447,0.9853821549347861,0.9999997615814209,0.9478336607884719,True
E5_drift,1,stable_subpixel,to_first,3,9.085611151771655,-6.344808037803306,-9.050000190734863,6.199999809265137,0.14912264616189755,0.9859739216895804,0.9999998211860657,0.9220949978151152,True
E5_drift,1,stable_subpixel,to_first,4,13.334932662772474,-8.206908609653118,-13.199999809265137,8.100000381469727,0.1721518057092183,0.982735591314366,0.9999998211860657,0.8919628897262738,True
E5_drift,1,stable_subpixel,to_first,5,16.959127418787947,-10.541832104759287,-17.0,10.649999618530273,0.11563208434657064,0.9825016427736241,0.9999998211860657,0.860900880717155,True
E5_drift,1,stable_subpixel,to_first,6,19.31011970383843,-12.075479480467267,-19.149999618530273,12.0,0.1770186252649714,0.985603472729216,0.9999998211860657,0.8439941424876451,True
E5_drift,1,stable_subpixel,to_first,7,23.436951188646148,-15.263396537003754,-23.299999237060547,15.100000381469727,0.21319976708806423,0.9759272853497217,0.9999998211860657,0.8095440014813923,True
E5_drift,1,stable_subpixel,to_first,8,26.240756854436146,-17.118550284520488,-26.100000381469727,17.049999237060547,0.15656190721181662,0.9814390802027981,0.9999998211860657,0.7873319514928799,True
E5_drift,1,stable_subpixel,to_previous,0,0.0,0.0,0.0,0.0,0.0,1.0,0.0,1.0,True
E5_drift,1,stable_subpixel,to_previous,1,2.612650339719212,-2.977724700844404,-2.75,3.0,0.13914423499275572,0.9874673206895532,0.9999997615814209,0.97027587890625,True
E5_drift,1,stable_subpixel,to_previous,2,5.352577066462476,-4.839252563904759,-5.200000047683716,4.950000047683716,0.18853315841725096,0.9853821558219787,0.9999997615814209,0.9478336583705903,True
E5_drift,1,stable_subpixel,to_previous,3,9.085611151771655,-6.344808037803306,-9.049999952316284,6.200000047683716,0.14912247157663888,0.9859739228500617,0.9999997615814209,0.9220949978335476,True
E5_drift,1,stable_subpixel,to_previous,4,13.334932662772474,-8.206908609653118,-13.200000047683716,8.100000023841858,0.1721518409278691,0.9827355932243437,0.9999997615814209,0.8919628902714855,True
E5_drift,1,stable_subpixel,to_previous,5,16.959127418787947,-10.541832104759287,-17.0,10.649999976158142,0.11563241888802267,0.9825016428148828,0.9999998211860657,0.8609008790194316,True
E5_drift,1,stable_subpixel,to_previous,6,19.31011970383843,-12.075479480467267,-19.15000009536743,12.049999952316284,0.1621341893978657,0.9849569997722312,0.9999997615814209,0.8437596975662099,True
E5_drift,1,stable_subpixel,to_previous,7,23.436951188646148,-15.263396537003754,-23.300000190734863,15.149999856948853,0.17780433874450408,0.9755830082796555,0.9999997615814209,0.8093151852864927,True
E5_drift,1,stable_subpixel,to_previous,8,26.240756854436146,-17.118550284520488,-26.100000143051147,17.049999833106995,0.15656186058205077,0.9814390759066183,0.9999997615814209,0.7873319499419691,True
E6_decorrelation,1,A_cli,to_first,0,0.0,0.0,0.0,0.0,0.0,1.0,0.0,1.0,True
E6_decorrelation,1,A_cli,to_first,1,3.6340546800431834,-3.344218432803772,0.0,-9.7,13.540974408817167,0.7483296996826587,0.9999999994597085,0.9494791666666669,True
E6_decorrelation,1,A_cli,to_first,2,7.515633429894147,-6.02226583228714,0.0,-88.0,94.32216716175371,-0.10489517864143856,0.9999999996029029,0.5416666666666666,False
E6_decorrelation,1,A_cli,to_first,3,9.755461394061403,-8.464177580096878,-39.0,-1.1,30.768759010689084,0.4852623577847943,0.9999999994535879,0.7923095703125,True
E6_decorrelation,1,A_cli,to_first,4,13.30021036677166,-10.976567422047816,0.0,-83.8,95.70524190506158,-0.10918839311429158,0.9999999995688914,0.5635416666666667,False
E6_decorrelation,1,A_cli,to_first,5,17.218306559274176,-13.606858731666211,-0.1,0.0,21.86739636995704,0.48647261668151626,0.9999999980910735,0.9994791666666667,True
E6_decorrelation,1,A_cli,to_first,6,19.95343427182552,-17.008265739201796,77.0,0.0,98.43398559723414,-0.04293108940126564,0.9999999996108622,0.5989583333333334,False
E6_decorrelation,1,A_cli,to_first,7,22.42472564066034,-20.08767460509595,0.0,-59.9,83.07163420078842,-0.11695474158782657,0.9999999996117551,0.6880208333333333,False
E6_decorrelation,1,A_cli,to_first,8,25.534447298244604,-22.06077027606735,-1.1,53.0,39.42433449889764,0.4089071128345087,0.999999999574534,0.7198106553819446,True
E6_decorrelation,1,A_cli,to_previous,0,0.0,0.0,0.0,0.0,0.0,1.0,0.0,1.0,True
E6_decorrelation,1,A_cli,to_previous,1,3.6340546800431834,-3.344218432803772,0.0,-9.7,13.540974408817167,0.7483296996826587,0.9999999994597085,0.9494791666666669,True
E6_decorrelation,1,A_cli,to_previous,2,7.515633429894147,-6.02226583228714,-1.2,45.5,39.97972887148436,0.3187408755345689,0.9999999993869287,0.758251953125,True
E6_decorrelation,1,A_cli,to_previous,3,9.755461394061403,-8.464177580096878,-8.0,45.5,37.077402646688164,0.34342521721271857,0.9999999996457368,0.7312282986111112,True
E6_decorrelation,1,A_cli,to_previous,4,13.30021036677166,-10.976567422047816,-8.0,61.7,50.99959649273801,0.08925250709961699,0.9999999995308607,0.6503689236111111,True
E6_decorrelation,1,A_cli,to_previous,5,17.218306559274176,-13.606858731666211,-8.0,-1.5,17.69729800165203,0.6144687905573699,0.9999999994805122,0.9508463541666666,True
E6_decorrelation,1,A_cli,to_previous,6,19.95343427182552,-17.008265739201796,5.1,-1.5,31.14852274965207,0.25037070009848983,0.9999999995344222,0.9658325195312502,True
E6_decorrelation,1,A_cli,to_previous,7,22.42472564066034,-20.08767460509595,89.3,-0.3999999999999999,113.5876715590434,-0.030320089065878592,0.9999999997187596,0.5337814670138888,False
E6_decorrelation,1,A_cli,to_previous,8,25.534447298244604,-22.06077027606735,89.3,3.5,116.32477156450496,-0.03256099394317603,0.9999999995289821,0.5251451280381945,False
E6_decorrelation,1,B_pilot,to_first,0,0.0,0.0,0.0,0.0,0.0,1.0,0.0,1.0,True
E6_decorrelation,1,B_pilot,to_first,1,3.6340546800431834,-3.344218432803772,-4.0,4.0,0.7509763252411075,0.9749069815892644,,0.9587673611111112,True
E6_decorrelation,1,B_pilot,to_first,2,7.515633429894147,-6.02226583228714,-9.0,8.0,2.4728074232715116,0.9734045631287432,,0.9134114583333334,True
E6_decorrelation,1,B_pilot,to_first,3,9.755461394061403,-8.464177580096878,-11.0,11.0,2.824760465412052,0.9568689306815878,,0.8886990017361112,True
E6_decorrelation,1,B_pilot,to_first,4,13.30021036677166,-10.976567422047816,-13.0,13.0,2.0455819860947626,0.9575250153070907,,0.8691677517361112,True
E6_decorrelation,1,B_pilot,to_first,5,17.218306559274176,-13.606858731666211,-16.0,15.0,1.8507062073449578,0.9545538665555369,,0.8450520833333334,True
E6_decorrelation,1,B_pilot,to_first,6,19.95343427182552,-17.008265739201796,-20.0,16.0,1.009340461830677,0.9352218976921857,,0.8211805555555556,True
E6_decorrelation,1,B_pilot,to_first,7,22.42472564066034,-20.08767460509595,-23.0,21.0,1.0785537606909026,0.9397059258989225,,0.783935546875,True
E6_decorrelation,1,B_pilot,to_first,8,25.534447298244604,-22.06077027606735,-27.0,22.0,1.4668121038755584,0.9391270761229266,,0.7609049479166666,True
E6_decorrelation,1,B_pilot,to_previous,0,0.0,0.0,0.0,0.0,0.0,1.0,0.0,1.0,True
E6_decorrelation,1,B_pilot,to_previous,1,3.6340546800431834,-3.344218432803772,-4.0,4.0,0.7509763252411075,0.9749069815892644,,0.9587673611111112,True
E6_decorrelation,1,B_pilot,to_previous,2,7.515633429894147,-6.02226583228714,-9.0,8.0,2.4728074232715116,0.9734045631287432,,0.9134114583333334,True
E6_decorrelation,1,B_pilot,to_previous,3,9.755461394061403,-8.464177580096878,-11.0,11.0,2.824760465412052,0.9568689306815878,,0.8886990017361112,True
E6_decorrelation,1,B_pilot,to_previous,4,13.30021036677166,-10.976567422047816,-13.0,13.0,2.0455819860947626,0.9575250153070907,,0.8691677517361112,True
E6_decorrelation,1,B_pilot,to_previous,5,17.218306559274176,-13.606858731666211,-16.0,15.0,1.8507062073449578,0.9545538665555369,,0.8450520833333334,True
E6_decorrelation,1,B_pilot,to_previous,6,19.95343427182552,-17.008265739201796,-20.0,16.0,1.009340461830677,0.9352218976921857,,0.8211805555555556,True
E6_decorrelation,1,B_pilot,to_previous,7,22.42472564066034,-20.08767460509595,-23.0,21.0,1.0785537606909026,0.9397059258989225,,0.783935546875,True
E6_decorrelation,1,B_pilot,to_previous,8,25.534447298244604,-22.06077027606735,-26.0,22.0,0.46950223062840735,0.9381899408744546,,0.7655164930555556,True
E6_decorrelation,1,stable_subpixel,to_first,0,0.0,0.0,0.0,0.0,0.0,1.0,0.0,1.0,True
E6_decorrelation,1,stable_subpixel,to_first,1,3.6340546800431834,-3.344218432803772,-5.0,14.199999809265137,10.941379982005804,0.8619609750502568,1.0,0.9019259992314296,True
E6_decorrelation,1,stable_subpixel,to_first,2,7.515633429894147,-6.02226583228714,-25.799999237060547,58.95000076293945,55.99699240012511,-0.051629941208371215,1.0,0.5998510735326756,False
E6_decorrelation,1,stable_subpixel,to_first,3,9.755461394061403,-8.464177580096878,56.04999923706055,-3.75,66.92940148269878,-0.09198815835477203,1.0,0.6942433714090536,False
E6_decorrelation,1,stable_subpixel,to_first,4,13.30021036677166,-10.976567422047816,-67.0,-53.849998474121094,84.17927923511408,-0.10657219283411462,1.0,0.46844482939276433,False
E6_decorrelation,1,stable_subpixel,to_first,5,17.218306559274176,-13.606858731666211,39.900001525878906,-30.049999237060547,71.89174059801337,-0.11128210072773882,1.0,0.6682019007412924,False
E6_decorrelation,1,stable_subpixel,to_first,6,19.95343427182552,-17.008265739201796,79.8499984741211,-7.900000095367432,102.86470188923049,-0.055274005823953296,1.0,0.5600807093700859,False
E6_decorrelation,1,stable_subpixel,to_first,7,22.42472564066034,-20.08767460509595,41.150001525878906,84.05000305175781,90.18273335078369,-0.07555385349027287,1.0,0.4417387390116024,False
E6_decorrelation,1,stable_subpixel,to_first,8,25.534447298244604,-22.06077027606735,18.850000381469727,-41.95000076293945,77.89324749194535,-0.11758499379160639,1.0,0.7047839982274713,False
E6_decorrelation,1,stable_subpixel,to_previous,0,0.0,0.0,0.0,0.0,0.0,1.0,0.0,1.0,True
E6_decorrelation,1,stable_subpixel,to_previous,1,3.6340546800431834,-3.344218432803772,-5.0,14.199999809265137,10.941379982005804,0.8619609750502568,1.0,0.9019259992314296,True
E6_decorrelation,1,stable_subpixel,to_previous,2,7.515633429894147,-6.02226583228714,-8.25,25.300000190734863,19.2917167783006,0.7053764486805469,1.0,0.8309224437107332,True
E6_decorrelation,1,stable_subpixel,to_previous,3,9.755461394061403,-8.464177580096878,-8.350000001490116,-12.850001335144043,21.360466861866787,0.518824611153558,1.0,0.8924939576425195,True
E6_decorrelation,1,stable_subpixel,to_previous,4,13.30021036677166,-10.976567422047816,19.50000037997961,64.05000019073486,62.39104976584095,0.08084395340997551,1.0,0.5987243630229993,True
E6_decorrelation,1,stable_subpixel,to_previous,5,17.218306559274176,-13.606858731666211,1.4500011429190636,4.000000953674316,20.995176322915956,0.5330176778897013,1.0,0.971771907644547,True
E6_decorrelation,1,stable_subpixel,to_previous,6,19.95343427182552,-17.008265739201796,49.29999961704016,100.15000247955322,108.20622206509843,-0.06019118144393804,1.0,0.355549985930518,False
E6_decorrelation,1,stable_subpixel,to_previous,7,22.42472564066034,-20.08767460509595,44.649999521672726,103.2000024318695,106.80204957016319,-0.061190857745472775,1.0,0.3549446528900686,False
E6_decorrelation,1,stable_subpixel,to_previous,8,25.534447298244604,-22.06077027606735,18.799999140203,111.10000252723694,99.46621547480983,-0.05523569859407091,1.0,0.38009656119358015,False
E1_baseline,2,A_cli,to_first,0,0.0,0.0,0.0,0.0,0.0,1.0,0.0,1.0,True
E1_baseline,2,A_cli,to_first,1,-3.832138358982636,1.4441927436049404,3.8,-1.5,0.06439972037548544,0.9894348992182413,0.9999999856605069,0.9725504557291667,True
E1_baseline,2,A_cli,to_first,2,5.434518232106722,-4.1266207210655015,-5.4,4.0,0.13124143915288738,0.9910300279510682,0.9999999847175877,0.9516276041666666,True
E1_baseline,2,A_cli,to_first,3,7.692118793492208,6.952632713068102,-7.8,-7.0,0.11782196140306635,0.9938854607460773,0.9999999831908916,0.9243977864583334,True
E1_baseline,2,A_cli,to_first,4,-1.604186327625774,5.7112000473701965,1.7,-5.8,0.13063572023336817,0.9891420042436634,0.9999999846959194,0.9612049696180556,True
E1_baseline,2,A_cli,to_first,5,-4.279031600711116,-5.1169733142656195,4.2,5.1,0.08083370156142036,0.9932302507456923,0.9999999826178905,0.9521435546875,True
E1_baseline,2,A_cli,to_first,6,-3.0907029388711678,-4.888731921709686,3.0,4.9,0.09140017892883713,0.9975281386655671,0.9999999802204166,0.9592529296875001,True
E1_baseline,2,A_cli,to_first,7,0.9994284461798291,3.842440583227532,-1.0,-4.0,0.15756045343756045,0.9985313025728194,0.999999980205247,0.9740668402777778,True
E1_baseline,2,A_cli,to_first,8,7.919114792403088,5.304228148724132,-8.0,-5.2,0.13193151175687834,0.9937516433335859,0.9999999847272858,0.9323784722222224,True
E1_baseline,2,A_cli,to_previous,0,0.0,0.0,0.0,0.0,0.0,1.0,0.0,1.0,True
E1_baseline,2,A_cli,to_previous,1,-3.832138358982636,1.4441927436049404,3.8,-1.5,0.06439972037548544,0.9894348992182413,0.9999999856605069,0.9725504557291667,True
E1_baseline,2,A_cli,to_previous,2,5.434518232106722,-4.1266207210655015,-5.500000000000001,4.0,0.14255058375740443,0.9906558661846318,0.9999999859173739,0.9511176215277778,True
E1_baseline,2,A_cli,to_previous,3,7.692118793492208,6.952632713068102,-7.9,-7.0,0.2132094179214987,0.9943869691197884,0.9999999824495401,0.9238959418402778,True
E1_baseline,2,A_cli,to_previous,4,-1.604186327625774,5.7112000473701965,1.5,-5.9,0.2156390803568808,0.9886711869552465,0.9999999872638367,0.9616984049479166,True
E1_baseline,2,A_cli,to_previous,5,-4.279031600711116,-5.1169733142656195,4.0,5.0,0.30255807780604893,0.9950538899753999,0.9999999838727788,0.9536675347222222,True
E1_baseline,2,A_cli,to_previous,6,-3.0907029388711678,-4.888731921709686,2.9,4.9,0.1910355476932422,0.9964394324777001,0.9999999752131413,0.9597604709201389,True
E1_baseline,2,A_cli,to_previous,7,0.9994284461798291,3.842440583227532,-1.1,-4.0,0.1869213932418755,0.9977525426629915,0.9999999789351437,0.973556857638889,True
E1_baseline,2,A_cli,to_previous,8,7.919114792403088,5.304228148724132,-8.1,-5.3,0.18093461683440057,0.9920130715199812,0.9999999843373857,0.9313728841145833,True
E1_baseline,2,B_pilot,to_first,0,0.0,0.0,0.0,0.0,0.0,1.0,0.0,1.0,True
E1_baseline,2,B_pilot,to_first,1,-3.832138358982636,1.4441927436049404,4.0,-1.0,0.47485231809092676,0.9863886336671627,,0.9740668402777778,True
E1_baseline,2,B_pilot,to_first,2,5.434518232106722,-4.1266207210655015,-5.0,4.0,0.45259131789761353,0.9869065650186494,,0.9536675347222222,True
E1_baseline,2,B_pilot,to_first,3,7.692118793492208,6.952632713068102,-8.0,-7.0,0.31150360702884744,0.9921935558837053,,0.9233940972222222,True
E1_baseline,2,B_pilot,to_first,4,-1.604186327625774,5.7112000473701965,2.0,-6.0,0.489973342006836,0.9860460916107628,,0.9586588541666666,True
E1_baseline,2,B_pilot,to_first,5,-4.279031600711116,-5.1169733142656195,4.0,5.0,0.30255807780604893,0.9927463724264255,,0.9536675347222222,True
E1_baseline,2,B_pilot,to_first,6,-3.0907029388711678,-4.888731921709686,3.0,5.0,0.14355350349708007,0.9971364433980279,,0.958740234375,True
E1_baseline,2,B_pilot,to_first,7,0.9994284461798291,3.842440583227532,-1.0,-4.0,0.15756045343756045,0.9978452799551568,,0.9740668402777778,True
E1_baseline,2,B_pilot,to_first,8,7.919114792403088,5.304228148724132,-8.0,-5.0,0.31479705094569754,0.9920581606034452,,0.9333767361111112,True
E1_baseline,2,B_pilot,to_previous,0,0.0,0.0,0.0,0.0,0.0,1.0,0.0,1.0,True
E1_baseline,2,B_pilot,to_previous,1,-3.832138358982636,1.4441927436049404,4.0,-1.0,0.47485231809092676,0.9863886336671627,,0.9740668402777778,True
E1_baseline,2,B_pilot,to_previous,2,5.434518232106722,-4.1266207210655015,-5.0,4.0,0.45259131789761353,0.9869065650186494,,0.9536675347222222,True
E1_baseline,2,B_pilot,to_previous,3,7.692118793492208,6.952632713068102,-7.0,-7.0,0.6937377632624578,0.9719415186069226,,0.9284125434027778,True
E1_baseline,2,B_pilot,to_previous,4,-1.604186327625774,5.7112000473701965,2.0,-6.0,0.489973342006836,0.9860460916107628,,0.9586588541666666,True
E1_baseline,2,B_pilot,to_previous,5,-4.279031600711116,-5.1169733142656195,5.0,5.0,0.7303959125183127,0.9706674865959747,,0.9485948350694444,True
E1_baseline,2,B_pilot,to_previous,6,-3.0907029388711678,-4.888731921709686,4.0,5.0,0.9160795438300926,0.9557023628432836,,0.9536675347222222,True
E1_baseline,2,B_pilot,to_previous,7,0.9994284461798291,3.842440583227532,0.0,-4.0,1.0117718067069805,0.9489237767052242,,0.9791666666666666,True
E1_baseline,2,B_pilot,to_previous,8,7.919114792403088,5.304228148724132,-7.0,-5.0,0.968156375845495,0.959304669206502,,0.9384494357638888,True
E1_baseline,2,stable_subpixel,to_first,0,0.0,0.0,0.0,0.0,0.0,1.0,0.0,1.0,True
E1_baseline,2,stable_subpixel,to_first,1,-3.832138358982636,1.4441927436049404,3.950000047683716,-1.350000023841858,0.15087626095525042,0.9868898186930972,0.9999999403953552,0.9725404862854177,True
E1_baseline,2,stable_subpixel,to_first,2,5.434518232106722,-4.1266207210655015,-5.300000190734863,4.050000190734863,0.15480894393628988,0.9869934126975723,0.9999999403953552,0.9518843567855139,True
E1_baseline,2,stable_subpixel,to_first,3,7.692118793492208,6.952632713068102,-7.849999904632568,-7.0,0.16483356795933188,0.9915414633706462,0.9999999403953552,0.9241468646279019,True
E1_baseline,2,stable_subpixel,to_first,4,-1.604186327625774,5.7112000473701965,1.75,-5.849999904632568,0.20131325695868352,0.9850689460106009,0.9999999403953552,0.9606943771197822,True
E1_baseline,2,stable_subpixel,to_first,5,-4.279031600711116,-5.1169733142656195,4.150000095367432,5.050000190734863,0.14537719438317429,0.9911130891484905,0.9999999403953552,0.9526518404498024,True
E1_baseline,2,stable_subpixel,to_first,6,-3.0907029388711678,-4.888731921709686,3.049999952316284,4.949999809265137,0.07355601375818534,0.9961537848100224,0.9999999403953552,0.9587428804513506,True
E1_baseline,2,stable_subpixel,to_first,7,0.9994284461798291,3.842440583227532,-1.0,-3.950000047683716,0.1075609830183345,0.9975571331902908,0.9999999403953552,0.9743259003605798,True
E1_baseline,2,stable_subpixel,to_first,8,7.919114792403088,5.304228148724132,-7.949999809265137,-5.150000095367432,0.15729010365806942,0.9908323311080056,0.9999999403953552,0.9328814702171884,True
E1_baseline,2,stable_subpixel,to_previous,0,0.0,0.0,0.0,0.0,0.0,1.0,0.0,1.0,True
E1_baseline,2,stable_subpixel,to_previous,1,-3.832138358982636,1.4441927436049404,3.950000047683716,-1.350000023841858,0.15087626095525042,0.9868898186930972,0.9999999403953552,0.9725404862854177,True
E1_baseline,2,stable_subpixel,to_previous,2,5.434518232106722,-4.1266207210655015,-5.299999952316284,4.050000071525574,0.1548092101061786,0.986993414050626,0.9999999403953552,0.9518843586048268,True
E1_baseline,2,stable_subpixel,to_previous,3,7.692118793492208,6.952632713068102,-7.799999952316284,-7.0000001192092896,0.11782196566756913,0.9909993059136217,0.9999999403953552,0.9243977861019731,True
E1_baseline,2,stable_subpixel,to_previous,4,-1.604186327625774,5.7112000473701965,1.8000004291534424,-5.900000095367432,0.27200849339836125,0.9855209241433707,0.9999999403953552,0.9601839166122955,True
E1_baseline,2,stable_subpixel,to_previous,5,-4.279031600711116,-5.1169733142656195,4.200000524520874,4.999999523162842,0.1411693267276718,0.9911649309194341,0.9999999403953552,0.9526529945601295,True
E1_baseline,2,stable_subpixel,to_previous,6,-3.0907029388711678,-4.888731921709686,3.100000500679016,4.899999521672726,0.014608335445828369,0.9949330799830911,0.9999999403953552,0.9587453883647726,True
E1_baseline,2,stable_subpixel,to_previous,7,0.9994284461798291,3.842440583227532,-0.9499996900558472,-4.000000096857548,0.16513086406632538,0.997283694515209,0.9999999403953552,0.9743218326759132,True
E1_baseline,2,stable_subpixel,to_previous,8,7.919114792403088,5.304228148724132,-7.899999499320984,-5.200000144541264,0.10596636865326058,0.9898526948431168,0.9999999403953552,0.9328852014680119,True
E2_sparse,2,A_cli,to_first,0,0.0,0.0,0.0,0.0,0.0,1.0,0.0,1.0,True
E2_sparse,2,A_cli,to_first,1,-0.4954028188465962,5.360476286203562,0.0,0.0,5.383319604841597,0.9861182626177621,0.9999999996793686,1.0,True
E2_sparse,2,A_cli,to_first,2,2.9326785751219067,-4.8963789025645745,0.0,0.0,5.707462657123437,0.9857544976456968,0.9999999996270232,1.0,True
E2_sparse,2,A_cli,to_first,3,-5.331736304402314,-2.8741704544809004,0.0,0.0,6.057084102197409,0.9863089636524041,0.9999999995046974,1.0,True
E2_sparse,2,A_cli,to_first,4,0.9517406812769842,4.92751843857495,0.0,0.0,5.0185902688796675,0.9865419026494433,0.9999999996177228,1.0,True
E2_sparse,2,A_cli,to_first,5,-0.43123247917856133,7.103282816877162,0.0,0.0,7.116360602698603,0.98495721846731,0.9999999995763174,1.0,True
E2_sparse,2,A_cli,to_first,6,5.569639535688097,3.6556553728190373,0.0,0.0,6.66218438369283,0.9858188596103862,0.9999999995948817,1.0,True
E2_sparse,2,A_cli,to_first,7,4.865545889840863,-3.3992017714400333,0.0,0.0,5.93532724364111,0.986090519384637,0.9999999996431896,1.0,True
E2_sparse,2,A_cli,to_first,8,0.3210553020732032,-4.87377273457901,0.0,0.0,4.884335899107992,0.9868171284019953,0.9999999995218629,1.0,True
E2_sparse,2,A_cli,to_previous,0,0.0,0.0,0.0,0.0,0.0,1.0,0.0,1.0,True
E2_sparse,2,A_cli,to_previous,1,-0.4954028188465962,5.360476286203562,0.0,0.0,5.383319604841597,0.9861182626177621,0.9999999996793686,1.0,True
E2_sparse,2,A_cli,to_previous,2,2.9326785751219067,-4.8963789025645745,0.0,0.0,5.707462657123437,0.9857544976456968,0.999999999610819,1.0,True
E2_sparse,2,A_cli,to_previous,3,-5.331736304402314,-2.8741704544809004,0.0,0.0,6.057084102197409,0.9863089636524041,0.9999999995210568,1.0,True
E2_sparse,2,A_cli,to_previous,4,0.9517406812769842,4.92751843857495,0.0,0.0,5.0185902688796675,0.9865419026494433,0.9999999995825993,1.0,True
E2_sparse,2,A_cli,to_previous,5,-0.43123247917856133,7.103282816877162,0.0,0.0,7.116360602698603,0.98495721846731,0.9999999996147202,1.0,True
E2_sparse,2,A_cli,to_previous,6,5.569639535688097,3.6556553728190373,0.0,0.0,6.66218438369283,0.9858188596103862,0.9999999996308649,1.0,True
E2_sparse,2,A_cli,to_previous,7,4.865545889840863,-3.3992017714400333,0.0,0.0,5.93532724364111,0.986090519384637,0.999999999575593,1.0,True
E2_sparse,2,A_cli,to_previous,8,0.3210553020732032,-4.87377273457901,0.0,0.0,4.884335899107992,0.9868171284019953,0.999999999617268,1.0,True
E2_sparse,2,B_pilot,to_first,0,0.0,0.0,0.0,0.0,0.0,1.0,0.0,1.0,True
E2_sparse,2,B_pilot,to_first,1,-0.4954028188465962,5.360476286203562,1.0,-5.0,0.620130202572874,0.8054165440787525,,0.9688856336805556,True
E2_sparse,2,B_pilot,to_first,2,2.9326785751219067,-4.8963789025645745,-3.0,5.0,0.12356984292835653,0.918422539210787,,0.958740234375,True
E2_sparse,2,B_pilot,to_first,3,-5.331736304402314,-2.8741704544809004,5.0,3.0,0.35479860510442834,0.9568054749731761,,0.958740234375,True
E2_sparse,2,B_pilot,to_first,4,0.9517406812769842,4.92751843857495,-1.0,-5.0,0.08707777322728777,0.7879229219234497,,0.9688856336805556,True
E2_sparse,2,B_pilot,to_first,5,-0.43123247917856133,7.103282816877162,1.0,-7.0,0.578069055566415,0.7378564070263839,,0.9585232204861112,True
E2_sparse,2,B_pilot,to_first,6,5.569639535688097,3.6556553728190373,-6.0,-4.0,0.5511654484010703,0.7182686528882694,,0.9485677083333334,True
E2_sparse,2,B_pilot,to_first,7,4.865545889840863,-3.3992017714400333,-5.0,3.0,0.421236230706175,0.8741748729396892,,0.958740234375,True
E2_sparse,2,B_pilot,to_first,8,0.3210553020732032,-4.87377273457901,0.0,5.0,0.34497801310370035,0.9861599922708209,,0.9739583333333334,True
E2_sparse,2,B_pilot,to_previous,0,0.0,0.0,0.0,0.0,0.0,1.0,0.0,1.0,True
E2_sparse,2,B_pilot,to_previous,1,-0.4954028188465962,5.360476286203562,1.0,-5.0,0.620130202572874,0.8054165440787525,,0.9688856336805556,True
E2_sparse,2,B_pilot,to_previous,2,2.9326785751219067,-4.8963789025645745,-3.0,5.0,0.12356984292835653,0.918422539210787,,0.958740234375,True
E2_sparse,2,B_pilot,to_previous,3,-5.331736304402314,-2.8741704544809004,5.0,3.0,0.35479860510442834,0.9568054749731761,,0.958740234375,True
E2_sparse,2,B_pilot,to_previous,4,0.9517406812769842,4.92751843857495,-1.0,-5.0,0.08707777322728777,0.7879229219234497,,0.9688856336805556,True
E2_sparse,2,B_pilot,to_previous,5,-0.43123247917856133,7.103282816877162,0.0,-7.0,0.44342845123037566,0.7407806866868384,,0.9635416666666666,True
E2_sparse,2,B_pilot,to_previous,6,5.569639535688097,3.6556553728190373,-6.0,-4.0,0.5511654484010703,0.7182686528882694,,0.9485677083333334,True
E2_sparse,2,B_pilot,to_previous,7,4.865545889840863,-3.3992017714400333,-5.0,3.0,0.421236230706175,0.8741748729396892,,0.958740234375,True
E2_sparse,2,B_pilot,to_previous,8,0.3210553020732032,-4.87377273457901,0.0,4.0,0.9308895201273869,0.9870599723804272,,0.9791666666666666,True
E2_sparse,2,stable_subpixel,to_first,0,0.0,0.0,0.0,0.0,0.0,1.0,0.0,1.0,True
E2_sparse,2,stable_subpixel,to_first,1,-0.4954028188465962,5.360476286203562,0.05,-4.9,0.6406419289995923,0.8054747275075874,0.9999999999841264,0.9742253960503471,True
E2_sparse,2,stable_subpixel,to_first,2,2.9326785751219067,-4.8963789025645745,-3.55,5.05,0.6361487115374703,0.8975382813598071,0.9999999999874903,0.955694647894965,True
E2_sparse,2,stable_subpixel,to_first,3,-5.331736304402314,-2.8741704544809004,5.1,2.3,0.6191715639278391,0.9515696503551864,0.9999999999853679,0.9617765299479166,True
E2_sparse,2,stable_subpixel,to_first,4,0.9517406812769842,4.92751843857495,-0.4,-4.65,0.6176036456539652,0.7901927336109397,0.9999999999836438,0.9737483723958332,True
E2_sparse,2,stable_subpixel,to_first,5,-0.43123247917856133,7.103282816877162,0.6,-6.85,0.30435942799500176,0.7389848020768719,0.9999999999848326,0.9613094075520833,True
E2_sparse,2,stable_subpixel,to_first,6,5.569639535688097,3.6556553728190373,-5.65,-3.0,0.6605617095555081,0.751435306801812,0.999999999986501,0.9554077148437501,True
E2_sparse,2,stable_subpixel,to_first,7,4.865545889840863,-3.3992017714400333,-5.15,4.35,0.9924371074376434,0.8556247463242818,0.9999999999868616,0.9511285400390624,True
E2_sparse,2,stable_subpixel,to_first,8,0.3210553020732032,-4.87377273457901,-0.25,4.95,0.10420869419715548,0.96439082693447,0.9999999999843936,0.9729502360026042,True
E2_sparse,2,stable_subpixel,to_previous,0,0.0,0.0,0.0,0.0,0.0,1.0,0.0,1.0,True
E2_sparse,2,stable_subpixel,to_previous,1,-0.4954028188465962,5.360476286203562,0.05,-4.9,0.6406419289995923,0.8054747275075874,0.9999999999841264,0.9742253960503471,True
E2_sparse,2,stable_subpixel,to_previous,2,2.9326785751219067,-4.8963789025645745,-3.45,4.75,0.5376320672671135,0.8982419580866173,0.9999999999895836,0.9577362060546876,True
E2_sparse,2,stable_subpixel,to_previous,3,-5.331736304402314,-2.8741704544809004,4.749999999999999,2.65,0.6234336536647958,0.9580309844330317,0.9999999999854247,0.9617997911241319,True
E2_sparse,2,stable_subpixel,to_previous,4,0.9517406812769842,4.92751843857495,-1.4000000000000012,-5.15,0.5004342734027637,0.7363131931106315,0.9999999999889889,0.9660810004340278,True
E2_sparse,2,stable_subpixel,to_previous,5,-0.43123247917856133,7.103282816877162,-0.15000000000000124,-7.0,0.5903376450084642,0.7214699197018444,0.9999999999875478,0.9627888997395834,True
E2_sparse,2,stable_subpixel,to_previous,6,5.569639535688097,3.6556553728190373,-6.100000000000001,-4.2,0.7599955889647784,0.6711400196523369,0.999999999987604,0.9470491536458334,True
E2_sparse,2,stable_subpixel,to_previous,7,4.865545889840863,-3.3992017714400333,-6.250000000000002,3.05,1.4278147850170866,0.8329492713839203,0.9999999999849637,0.9520796034071181,True
E2_sparse,2,stable_subpixel,to_previous,8,0.3210553020732032,-4.87377273457901,-1.3500000000000014,4.65,1.0529964046152474,0.9416910606252544,0.9999999999859777,0.9689202880859374,True
E3_mcherry,2,A_cli,to_first,0,0.0,0.0,0.0,0.0,0.0,1.0,0.0,1.0,True
E3_mcherry,2,A_cli,to_first,1,0.0,0.0,4.9,5.1,7.07248188403477,0.9750307074672201,0.9999999741090135,0.9485945638020833,True
E3_mcherry,2,A_cli,to_first,2,0.0,0.0,2.9,-1.0,3.0675723300355937,0.9922446239130438,0.9999999510267971,0.9797661675347222,True
E3_mcherry,2,A_cli,to_first,3,0.0,0.0,-5.0,0.4,5.015974481593781,0.9814854092600486,0.9999999658173955,0.9719292534722221,True
E3_mcherry,2,A_cli,to_first,4,0.0,0.0,-7.2,-5.6,9.121403400793104,0.9573959742275064,0.999999972455292,0.9344270833333334,True
E3_mcherry,2,A_cli,to_first,5,0.0,0.0,-3.8,-4.8,6.1220911460055865,0.9810245272745413,0.9999999690162314,0.9557031249999999,True
E3_mcherry,2,A_cli,to_first,6,0.0,0.0,3.3,-0.3,3.313608305156178,0.9916781105235575,0.9999999694769602,0.9812768554687499,True
E3_mcherry,2,A_cli,to_first,7,0.0,0.0,4.9,6.9,8.462860036654275,0.9647786969708824,0.9999999719506804,0.9394588216145833,True
E3_mcherry,2,A_cli,to_first,8,0.0,0.0,-6.0,-4.3,7.381734213584231,0.9715025491235988,0.9999999620854514,0.9470540364583333,True
E3_mcherry,2,A_cli,to_previous,0,0.0,0.0,0.0,0.0,0.0,1.0,0.0,1.0,True
E3_mcherry,2,A_cli,to_previous,1,0.0,0.0,4.9,5.1,7.07248188403477,0.9750307074672201,0.9999999741090135,0.9485945638020833,True
E3_mcherry,2,A_cli,to_previous,2,0.0,0.0,3.0000000000000004,-1.0,3.16227766016838,0.9917592766114272,0.9999999821520529,0.979248046875,True
E3_mcherry,2,A_cli,to_previous,3,0.0,0.0,-4.9,0.3999999999999999,4.9162994213127424,0.9822122241547377,0.9999999752912129,0.9724490017361112,True
E3_mcherry,2,A_cli,to_previous,4,0.0,0.0,-7.0,-5.6,8.964373932405989,0.9589895755090988,0.9999999633679856,0.9354383680555556,True
E3_mcherry,2,A_cli,to_previous,5,0.0,0.0,-3.4,-4.8,5.882176467941097,0.9823005864724356,0.9999999671398715,0.9577343749999999,True
E3_mcherry,2,A_cli,to_previous,6,0.0,0.0,3.6,-0.39999999999999947,3.622154055254967,0.9899061707670026,0.9999999719808667,0.9792057291666667,True
E3_mcherry,2,A_cli,to_previous,7,0.0,0.0,5.1,6.7,8.420213774008353,0.9649740725901306,0.9999999880467523,0.9394685872395834,True
E3_mcherry,2,A_cli,to_previous,8,0.0,0.0,-5.800000000000001,-4.6000000000000005,7.4027022093287,0.9715955771128587,0.9999999837970915,0.9465570746527777,True
E3_mcherry,2,B_pilot,to_first,0,0.0,0.0,0.0,0.0,0.0,1.0,0.0,1.0,True
E3_mcherry,2,B_pilot,to_first,1,0.0,0.0,0.0,0.0,0.0,1.0,,1.0,True
E3_mcherry,2,B_pilot,to_first,2,0.0,0.0,0.0,0.0,0.0,1.0,,1.0,True
E3_mcherry,2,B_pilot,to_first,3,0.0,0.0,0.0,0.0,0.0,1.0,,1.0,True
E3_mcherry,2,B_pilot,to_first,4,0.0,0.0,0.0,0.0,0.0,1.0,,1.0,True
E3_mcherry,2,B_pilot,to_first,5,0.0,0.0,0.0,0.0,0.0,1.0,,1.0,True
E3_mcherry,2,B_pilot,to_first,6,0.0,0.0,0.0,0.0,0.0,1.0,,1.0,True
E3_mcherry,2,B_pilot,to_first,7,0.0,0.0,0.0,0.0,0.0,1.0,,1.0,True
E3_mcherry,2,B_pilot,to_first,8,0.0,0.0,0.0,0.0,0.0,1.0,,1.0,True
E3_mcherry,2,B_pilot,to_previous,0,0.0,0.0,0.0,0.0,0.0,1.0,0.0,1.0,True
E3_mcherry,2,B_pilot,to_previous,1,0.0,0.0,0.0,0.0,0.0,1.0,,1.0,True
E3_mcherry,2,B_pilot,to_previous,2,0.0,0.0,0.0,0.0,0.0,1.0,,1.0,True
E3_mcherry,2,B_pilot,to_previous,3,0.0,0.0,0.0,0.0,0.0,1.0,,1.0,True
E3_mcherry,2,B_pilot,to_previous,4,0.0,0.0,0.0,0.0,0.0,1.0,,1.0,True
E3_mcherry,2,B_pilot,to_previous,5,0.0,0.0,0.0,0.0,0.0,1.0,,1.0,True
E3_mcherry,2,B_pilot,to_previous,6,0.0,0.0,0.0,0.0,0.0,1.0,,1.0,True
E3_mcherry,2,B_pilot,to_previous,7,0.0,0.0,0.0,0.0,0.0,1.0,,1.0,True
E3_mcherry,2,B_pilot,to_previous,8,0.0,0.0,0.0,0.0,0.0,1.0,,1.0,True
E3_mcherry,2,stable_subpixel,to_first,0,0.0,0.0,0.0,0.0,0.0,1.0,0.0,1.0,True
E3_mcherry,2,stable_subpixel,to_first,1,0.0,0.0,0.0,0.0,0.0,1.0,1.0,1.0,True
E3_mcherry,2,stable_subpixel,to_first,2,0.0,0.0,0.0,0.0,0.0,1.0,1.0,1.0,True
E3_mcherry,2,stable_subpixel,to_first,3,0.0,0.0,0.0,0.0,0.0,1.0,1.0,1.0,True
E3_mcherry,2,stable_subpixel,to_first,4,0.0,0.0,0.0,0.0,0.0,1.0,1.0,1.0,True
E3_mcherry,2,stable_subpixel,to_first,5,0.0,0.0,0.0,0.0,0.0,1.0,1.0,1.0,True
E3_mcherry,2,stable_subpixel,to_first,6,0.0,0.0,0.0,0.0,0.0,1.0,1.0,1.0,True
E3_mcherry,2,stable_subpixel,to_first,7,0.0,0.0,0.0,0.0,0.0,1.0,1.0,1.0,True
E3_mcherry,2,stable_subpixel,to_first,8,0.0,0.0,0.0,0.0,0.0,1.0,1.0,1.0,True
E3_mcherry,2,stable_subpixel,to_previous,0,0.0,0.0,0.0,0.0,0.0,1.0,0.0,1.0,True
E3_mcherry,2,stable_subpixel,to_previous,1,0.0,0.0,0.0,0.0,0.0,1.0,1.0,1.0,True
E3_mcherry,2,stable_subpixel,to_previous,2,0.0,0.0,0.0,0.0,0.0,1.0,1.0,1.0,True
E3_mcherry,2,stable_subpixel,to_previous,3,0.0,0.0,0.0,0.0,0.0,1.0,1.0,1.0,True
E3_mcherry,2,stable_subpixel,to_previous,4,0.0,0.0,0.0,0.0,0.0,1.0,1.0,1.0,True
E3_mcherry,2,stable_subpixel,to_previous,5,0.0,0.0,0.0,0.0,0.0,1.0,1.0,1.0,True
E3_mcherry,2,stable_subpixel,to_previous,6,0.0,0.0,0.0,0.0,0.0,1.0,1.0,1.0,True
E3_mcherry,2,stable_subpixel,to_previous,7,0.0,0.0,0.0,0.0,0.0,1.0,1.0,1.0,True
E3_mcherry,2,stable_subpixel,to_previous,8,0.0,0.0,0.0,0.0,0.0,1.0,1.0,1.0,True
E4_gradient,2,A_cli,to_first,0,0.0,0.0,0.0,0.0,0.0,1.0,0.0,1.0,True
E4_gradient,2,A_cli,to_first,1,5.95595112612091,4.505976522061157,0.0,0.0,7.468412028946133,0.9024337601276039,0.9999999996712257,1.0,True
E4_gradient,2,A_cli,to_first,2,-5.592250361935896,-5.624715885520329,5.6,5.7,0.07568193168195964,0.9272285855749386,0.9999999991021431,0.94201171875,True
E4_gradient,2,A_cli,to_first,3,-1.6145021513637672,-2.161163963113864,1.5,2.1,0.12981437921403446,0.9309984333870325,0.9999999988725049,0.9813354492187502,True
E4_gradient,2,A_cli,to_first,4,2.702294929201323,-3.5993395175666323,-2.6,3.6,0.1022970614306613,0.8734196505119131,0.999999999204745,0.9679622395833333,True
E4_gradient,2,A_cli,to_first,5,1.6642838437710465,4.6290344715510905,0.0,0.0,4.919126025163984,0.9231392352165235,0.999999999626329,1.0,True
E4_gradient,2,A_cli,to_first,6,-2.874103769236977,1.0831445577037053,2.8,-1.0,0.11137497964476564,0.9461690726633774,0.9999999990525845,0.9802842881944444,True
E4_gradient,2,A_cli,to_first,7,4.0758886740800415,-3.094965540799126,-4.1,3.1,0.024631317810131663,0.8219856813973258,0.9999999992573857,0.9628447808159724,True
E4_gradient,2,A_cli,to_first,8,5.769089095119156,5.214474534801076,0.0,0.0,7.776447367629493,0.9001875072891881,0.9999999996787421,1.0,True
E4_gradient,2,A_cli,to_previous,0,0.0,0.0,0.0,0.0,0.0,1.0,0.0,1.0,True
E4_gradient,2,A_cli,to_previous,1,5.95595112612091,4.505976522061157,0.0,0.0,7.468412028946133,0.9024337601276039,0.9999999996712257,1.0,True
E4_gradient,2,A_cli,to_previous,2,-5.592250361935896,-5.624715885520329,5.9,0.0,5.6331286717554505,0.7629843733260133,0.9999999996841408,0.9692708333333333,True
E4_gradient,2,A_cli,to_previous,3,-1.6145021513637672,-2.161163963113864,1.7000000000000002,-3.6,5.7617983383665266,0.7563783897236969,0.999999999518962,0.9725618489583334,True
E4_gradient,2,A_cli,to_previous,4,2.702294929201323,-3.5993395175666323,-0.19999999999999973,-3.6,7.621808801190385,0.7069396971708976,0.9999999997134651,0.9802278645833334,True
E4_gradient,2,A_cli,to_previous,5,1.6642838437710465,4.6290344715510905,-0.19999999999999973,-3.6,1.7897036399273885,0.8129494773165619,0.9999999989478832,0.9802278645833334,True
E4_gradient,2,A_cli,to_previous,6,-2.874103769236977,1.0831445577037053,-0.19999999999999973,-3.6,3.9729932420598786,0.7498547649257897,0.9999999992196246,0.9802278645833334,True
E4_gradient,2,A_cli,to_previous,7,4.0758886740800415,-3.094965540799126,-7.199999999999999,0.3999999999999999,4.125883037949099,0.6483977501580702,0.9999999994918233,0.9604947916666666,True
E4_gradient,2,A_cli,to_previous,8,5.769089095119156,5.214474534801076,-7.199999999999999,0.3999999999999999,5.793947731869582,0.7332877249564814,0.9999999992068327,0.9604947916666666,True
E4_gradient,2,B_pilot,to_first,0,0.0,0.0,0.0,0.0,0.0,1.0,0.0,1.0,True
E4_gradient,2,B_pilot,to_first,1,5.95595112612091,4.505976522061157,-6.0,-5.0,0.4959833667017535,0.6972056705153522,,0.9435221354166666,True
E4_gradient,2,B_pilot,to_first,2,-5.592250361935896,-5.624715885520329,6.0,6.0,0.554164175964306,0.9367120219410336,,0.9384765625,True
E4_gradient,2,B_pilot,to_first,3,-1.6145021513637672,-2.161163963113864,2.0,2.0,0.417830604802629,0.9405450928188583,,0.9792751736111112,True
E4_gradient,2,B_pilot,to_first,4,2.702294929201323,-3.5993395175666323,-3.0,4.0,0.49915641973532116,0.8834311357168183,,0.9638671875,True
E4_gradient,2,B_pilot,to_first,5,1.6642838437710465,4.6290344715510905,-2.0,-5.0,0.5003206580289503,0.7875366752099027,,0.9638129340277778,True
E4_gradient,2,B_pilot,to_first,6,-2.874103769236977,1.0831445577037053,3.0,-1.0,0.1508737167172636,0.9510568513396017,,0.979248046875,True
E4_gradient,2,B_pilot,to_first,7,4.0758886740800415,-3.094965540799126,-4.0,3.0,0.12156292523996473,0.8475187598955328,,0.9638671875,True
E4_gradient,2,B_pilot,to_first,8,5.769089095119156,5.214474534801076,-6.0,-5.0,0.3151494440277948,0.7055266099137045,,0.9435221354166666,True
E4_gradient,2,B_pilot,to_previous,0,0.0,0.0,0.0,0.0,0.0,1.0,0.0,1.0,True
E4_gradient,2,B_pilot,to_previous,1,5.95595112612091,4.505976522061157,-6.0,-5.0,0.4959833667017535,0.6972056705153522,,0.9435221354166666,True
E4_gradient,2,B_pilot,to_previous,2,-5.592250361935896,-5.624715885520329,6.0,5.0,0.74600918557539,0.9037061842612351,,0.9435221354166666,True
E4_gradient,2,B_pilot,to_previous,3,-1.6145021513637672,-2.161163963113864,2.0,1.0,1.2234828730053635,0.8811658806683916,,0.9844292534722222,True
E4_gradient,2,B_pilot,to_previous,4,2.702294929201323,-3.5993395175666323,-2.0,3.0,0.9232692049986803,0.8626280589635431,,0.97412109375,True
E4_gradient,2,B_pilot,to_previous,5,1.6642838437710465,4.6290344715510905,-1.0,-5.0,0.7608471912234511,0.7983940156873693,,0.9688856336805556,True
E4_gradient,2,B_pilot,to_previous,6,-2.874103769236977,1.0831445577037053,4.0,-1.0,1.1289620631013813,0.8955438077075155,,0.9740668402777778,True
E4_gradient,2,B_pilot,to_previous,7,4.0758886740800415,-3.094965540799126,-3.0,3.0,1.0800717073199262,0.818505919097979,,0.968994140625,True
E4_gradient,2,B_pilot,to_previous,8,5.769089095119156,5.214474534801076,-5.0,-5.0,0.7984343193458938,0.7018350510110736,,0.9485948350694444,True
E4_gradient,2,stable_subpixel,to_first,0,0.0,0.0,0.0,0.0,0.0,1.0,0.0,1.0,True
E4_gradient,2,stable_subpixel,to_first,1,5.95595112612091,4.505976522061157,-6.0,-4.5,0.04445247018966982,0.7004438362998896,1.0,0.946044921875,True
E4_gradient,2,stable_subpixel,to_first,2,-5.592250361935896,-5.624715885520329,5.75,5.800000190734863,0.23581674233162,0.9323809698059758,1.0,0.9407484256856454,True
E4_gradient,2,stable_subpixel,to_first,3,-1.6145021513637672,-2.161163963113864,1.75,2.049999952316284,0.17526295752854307,0.9365677029580233,1.0,0.980305650745221,True
E4_gradient,2,stable_subpixel,to_first,4,2.702294929201323,-3.5993395175666323,-2.8499999046325684,3.75,0.21098658899133813,0.879702962501532,1.0,0.9659149174791916,True
E4_gradient,2,stable_subpixel,to_first,5,1.6642838437710465,4.6290344715510905,-1.7999999523162842,-4.800000190734863,0.21828453736966202,0.7862249934867401,1.0,0.9658593742580464,True
E4_gradient,2,stable_subpixel,to_first,6,-2.874103769236977,1.0831445577037053,2.950000047683716,-1.0499999523162842,0.08281793252884768,0.9222030560417652,1.0,0.9792506917293132,True
E4_gradient,2,stable_subpixel,to_first,7,4.0758886740800415,-3.094965540799126,-4.0,3.049999952316284,0.08820994842553222,0.8468581942352844,1.0,0.9636121964237342,True
E4_gradient,2,stable_subpixel,to_first,8,5.769089095119156,5.214474534801076,-5.900000095367432,-5.099999904632568,0.1739026478758177,0.6819331535134693,1.0,0.9435245768208471,True
E4_gradient,2,stable_subpixel,to_previous,0,0.0,0.0,0.0,0.0,0.0,1.0,0.0,1.0,True
E4_gradient,2,stable_subpixel,to_previous,1,5.95595112612091,4.505976522061157,-6.0,-4.5,0.04445247018966982,0.7004438362998896,1.0,0.946044921875,True
E4_gradient,2,stable_subpixel,to_previous,2,-5.592250361935896,-5.624715885520329,5.699999809265137,5.75,0.16524543183008725,0.9305261464350775,1.0,0.9412536630730352,True
E4_gradient,2,stable_subpixel,to_previous,3,-1.6145021513637672,-2.161163963113864,1.6999998092651367,2.049999952316284,0.1402401041187008,0.9354167868063916,1.0,0.9805632879043049,True
E4_gradient,2,stable_subpixel,to_previous,4,2.702294929201323,-3.5993395175666323,-2.9000000953674316,3.6999999284744263,0.22185547334446018,0.8789790257289186,1.0,0.9659160697582411,True
E4_gradient,2,stable_subpixel,to_previous,5,1.6642838437710465,4.6290344715510905,-1.8500001430511475,-4.800000071525574,0.2524277722298619,0.7865215919838516,1.0,0.9656054676546287,True
E4_gradient,2,stable_subpixel,to_previous,6,-2.874103769236977,1.0831445577037053,2.8999998569488525,-1.0500000715255737,0.042061435101450155,0.921057613647349,1.0,0.979509684618873,True
E4_gradient,2,stable_subpixel,to_previous,7,4.0758886740800415,-3.094965540799126,-4.049999952316284,3.0000001192092896,0.09843097689394655,0.8205121910997979,1.0,0.9636108394804371,True
E4_gradient,2,stable_subpixel,to_previous,8,5.769089095119156,5.214474534801076,-5.949999928474426,-5.100000262260437,0.21408663830096183,0.6825049702299629,1.0,0.9432710765129821,True
E5_drift,2,A_cli,to_first,0,0.0,0.0,0.0,0.0,0.0,1.0,0.0,1.0,True
E5_drift,2,A_cli,to_first,1,2.651228381408963,-2.6805240929506176,-2.8,2.8,0.1908074601881947,0.9920244790450445,0.9999999805645065,0.9710460069444442,True
E5_drift,2,A_cli,to_first,2,6.750371855175638,-4.66469650281743,-6.9,4.8,0.20173154952414873,0.9929917456698838,0.9999999800728417,0.9399609374999999,True
E5_drift,2,A_cli,to_first,3,11.202265416658797,-8.033775591950942,-11.1,8.0,0.10769868177482002,0.9967836355487552,0.999999978752644,0.9029296874999999,True
E5_drift,2,A_cli,to_first,4,14.201611302967269,-11.247675597872217,-14.1,11.1,0.17925662915949,0.9940695104865437,0.9999999814299143,0.87299560546875,True
E5_drift,2,A_cli,to_first,5,16.783012615356157,-13.108053933589014,-16.9,13.1,0.11726429129134969,0.9949296661423239,0.9999999807688221,0.8497555881076388,True
E5_drift,2,A_cli,to_first,6,19.550090281157537,-14.996962443375303,-19.6,15.0,0.05000206780906235,0.9920687764072695,0.9999999838580816,0.8277669270833333,True
E5_drift,2,A_cli,to_first,7,22.956250975873136,-17.977267516278744,-23.0,18.0,0.04930256512789291,0.9957618759456272,0.9999999815234981,0.7976888020833334,True
E5_drift,2,A_cli,to_first,8,27.44361266218612,-21.14029603486926,-27.4,21.1,0.05937873970660777,0.9858382474608086,0.9999999860922193,0.7630788845486111,True
E5_drift,2,A_cli,to_previous,0,0.0,0.0,0.0,0.0,0.0,1.0,0.0,1.0,True
E5_drift,2,A_cli,to_previous,1,2.651228381408963,-2.6805240929506176,-2.8,2.8,0.1908074601881947,0.9920244790450445,0.9999999805645065,0.9710460069444442,True
E5_drift,2,A_cli,to_previous,2,6.750371855175638,-4.66469650281743,-6.8999999999999995,4.8,0.20173154952414807,0.9929917456698873,0.9999999776562289,0.9399609374999999,True
E5_drift,2,A_cli,to_previous,3,11.202265416658797,-8.033775591950942,-11.1,8.0,0.10769868177482002,0.9967836355487552,0.999999979936121,0.9029296874999999,True
E5_drift,2,A_cli,to_previous,4,14.201611302967269,-11.247675597872217,-14.1,11.1,0.17925662915949,0.9940695104865437,0.9999999773493417,0.87299560546875,True
E5_drift,2,A_cli,to_previous,5,16.783012615356157,-13.108053933589014,-16.8,13.0,0.10938109434951257,0.9948654551145658,0.9999999777852366,0.8507161458333333,True
E5_drift,2,A_cli,to_previous,6,19.550090281157537,-14.996962443375303,-19.5,15.0,0.05018229784186224,0.9918597059099395,0.9999999791131152,0.8282470703125,True
E5_drift,2,A_cli,to_previous,7,22.956250975873136,-17.977267516278744,-22.9,18.0,0.060670735143209385,0.9953728479324253,0.9999999803929701,0.7981608072916666,True
E5_drift,2,A_cli,to_previous,8,27.44361266218612,-21.14029603486926,-27.299999999999997,21.1,0.14915886553057986,0.98592995665044,0.9999999818690268,0.76354248046875,True
E5_drift,2,B_pilot,to_first,0,0.0,0.0,0.0,0.0,0.0,1.0,0.0,1.0,True
E5_drift,2,B_pilot,to_first,1,2.651228381408963,-2.6805240929506176,-3.0,3.0,0.47297621200186934,0.9892826205631344,,0.968994140625,True
E5_drift,2,B_pilot,to_first,2,6.750371855175638,-4.66469650281743,-7.0,5.0,0.4180223031266567,0.99053040385164,,0.9384494357638888,True
E5_drift,2,B_pilot,to_first,3,11.202265416658797,-8.033775591950942,-11.0,8.0,0.2050660610334954,0.9954614755153574,,0.9034288194444444,True
E5_drift,2,B_pilot,to_first,4,14.201611302967269,-11.247675597872217,-14.0,11.0,0.3193592323160861,0.9920143492527987,,0.8739691840277778,True
E5_drift,2,B_pilot,to_first,5,16.783012615356157,-13.108053933589014,-17.0,13.0,0.24240292419571663,0.9933109862597916,,0.8497450086805556,True
E5_drift,2,B_pilot,to_first,6,19.550090281157537,-14.996962443375303,-20.0,15.0,0.44991997272754203,0.9870624396424443,,0.8258463541666666,True
E5_drift,2,B_pilot,to_first,7,22.956250975873136,-17.977267516278744,-23.0,18.0,0.04930256512789291,0.993538872111337,,0.7976888020833334,True
E5_drift,2,B_pilot,to_first,8,27.44361266218612,-21.14029603486926,-27.0,21.0,0.46526892379772383,0.9819958191374025,,0.765380859375,True
E5_drift,2,B_pilot,to_previous,0,0.0,0.0,0.0,0.0,0.0,1.0,0.0,1.0,True
E5_drift,2,B_pilot,to_previous,1,2.651228381408963,-2.6805240929506176,-3.0,3.0,0.47297621200186934,0.9892826205631344,,0.968994140625,True
E5_drift,2,B_pilot,to_previous,2,6.750371855175638,-4.66469650281743,-7.0,5.0,0.4180223031266567,0.99053040385164,,0.9384494357638888,True
E5_drift,2,B_pilot,to_previous,3,11.202265416658797,-8.033775591950942,-11.0,8.0,0.2050660610334954,0.9954614755153574,,0.9034288194444444,True
E5_drift,2,B_pilot,to_previous,4,14.201611302967269,-11.247675597872217,-14.0,11.0,0.3193592323160861,0.9920143492527987,,0.8739691840277778,True
E5_drift,2,B_pilot,to_previous,5,16.783012615356157,-13.108053933589014,-17.0,13.0,0.24240292419571663,0.9933109862597916,,0.8497450086805556,True
E5_drift,2,B_pilot,to_previous,6,19.550090281157537,-14.996962443375303,-20.0,15.0,0.44991997272754203,0.9870624396424443,,0.8258463541666666,True
E5_drift,2,B_pilot,to_previous,7,22.956250975873136,-17.977267516278744,-23.0,18.0,0.04930256512789291,0.993538872111337,,0.7976888020833334,True
E5_drift,2,B_pilot,to_previous,8,27.44361266218612,-21.14029603486926,-27.0,21.0,0.46526892379772383,0.9819958191374025,,0.765380859375,True
E5_drift,2,stable_subpixel,to_first,0,0.0,0.0,0.0,0.0,0.0,1.0,0.0,1.0,True
E5_drift,2,stable_subpixel,to_first,1,2.651228381408963,-2.6805240929506176,-2.799999952316284,2.8499999046325684,0.2255106007607804,0.9883458934482042,0.9999999403953552,0.9707893887549613,True
E5_drift,2,stable_subpixel,to_first,2,6.750371855175638,-4.66469650281743,-6.900000095367432,4.800000190734863,0.20173174818791242,0.9894421453634902,0.9999999403953552,0.9399609360580023,True
E5_drift,2,stable_subpixel,to_first,3,11.202265416658797,-8.033775591950942,-11.100000381469727,8.0,0.10769831954983483,0.9947883389342937,0.9999999403953552,0.9029296855959628,True
E5_drift,2,stable_subpixel,to_first,4,14.201611302967269,-11.247675597872217,-14.100000381469727,11.100000381469727,0.17925609866083214,0.9906945128171242,0.9999999403953552,0.8729956017558773,True
E5_drift,2,stable_subpixel,to_first,5,16.783012615356157,-13.108053933589014,-16.899999618530273,13.050000190734863,0.13059937201624172,0.9923241795362154,0.9999999403953552,0.8499930836281016,True
E5_drift,2,stable_subpixel,to_first,6,19.550090281157537,-14.996962443375303,-19.649999618530273,15.0,0.09995550232232076,0.9881450596840604,0.9999999403953552,0.827526857300351,True
E5_drift,2,stable_subpixel,to_first,7,22.956250975873136,-17.977267516278744,-23.0,18.0,0.04930256512789291,0.993538872111337,0.9999999403953552,0.7976888020833334,True
E5_drift,2,stable_subpixel,to_first,8,27.44361266218612,-21.14029603486926,-27.350000381469727,21.049999237060547,0.13006448706480986,0.9811184309380034,0.9999999403953552,0.7635340050023256,True
E5_drift,2,stable_subpixel,to_previous,0,0.0,0.0,0.0,0.0,0.0,1.0,0.0,1.0,True
E5_drift,2,stable_subpixel,to_previous,1,2.651228381408963,-2.6805240929506176,-2.799999952316284,2.8499999046325684,0.2255106007607804,0.9883458934482042,0.9999999403953552,0.9707893887549613,True
E5_drift,2,stable_subpixel,to_previous,2,6.750371855175638,-4.66469650281743,-6.8999998569488525,4.849999904632568,0.23817197492338973,0.9896673143957929,0.9999998807907104,0.9397098807623843,True
E5_drift,2,stable_subpixel,to_previous,3,11.202265416658797,-8.033775591950942,-11.09999966621399,8.049999952316284,0.10354474193943491,0.9942990089279002,0.9999999403953552,0.9026843280714496,True
E5_drift,2,stable_subpixel,to_previous,4,14.201611302967269,-11.247675597872217,-14.09999966621399,11.149999856948853,0.14094493637094094,0.9903548551428718,0.9999998807907104,0.8727543154788954,True
E5_drift,2,stable_subpixel,to_previous,5,16.783012615356157,-13.108053933589014,-16.899999618530273,13.099999904632568,0.11726391727250164,0.9918896124609695,0.9999999403953552,0.8497555904118861,True
E5_drift,2,stable_subpixel,to_previous,6,19.550090281157537,-14.996962443375303,-19.649999618530273,15.049999952316284,0.1131143361777097,0.9877759170578039,0.9999999403953552,0.8272930928743315,True
E5_drift,2,stable_subpixel,to_previous,7,22.956250975873136,-17.977267516278744,-22.999999523162842,18.049999952316284,0.08487604280310528,0.993197690516617,0.9999999403953552,0.797459583631846,True
E5_drift,2,stable_subpixel,to_previous,8,27.44361266218612,-21.14029603486926,-27.34999942779541,21.09999990463257,0.10191769112937234,0.9808407004513139,0.9999999403953552,0.7633106855873484,True
E6_decorrelation,2,A_cli,to_first,0,0.0,0.0,0.0,0.0,0.0,1.0,0.0,1.0,True
E6_decorrelation,2,A_cli,to_first,1,2.484940796474285,-1.8335329619497107,-1.0,-1.0,3.1990558318805857,0.9431784462093159,0.9999999997258121,0.9896104600694444,True
E6_decorrelation,2,A_cli,to_first,2,5.285851662961644,-4.4525005471093335,58.8,0.0,64.24033891947592,-0.050255160163005644,0.9999999997695418,0.69375,False
E6_decorrelation,2,A_cli,to_first,3,9.30577641898898,-6.898596487212013,-3.2,-1.0,9.983402834028078,0.7791782358710514,0.9999999997924169,0.9782118055555556,True
E6_decorrelation,2,A_cli,to_first,4,13.665664359126037,-10.094801429173025,0.0,-52.8,64.36230596545926,-0.17138058687564606,0.999999999873157,0.725,False
E6_decorrelation,2,A_cli,to_first,5,17.486860511129013,-13.202994665403132,0.0,38.3,30.588395958279126,0.45858430463828587,0.9999999997652678,0.8005208333333332,True
E6_decorrelation,2,A_cli,to_first,6,20.205735234341507,-15.743126578162283,1.1,36.9,30.025783034977195,0.4680848693521009,0.9999999998404592,0.8031844075520833,True
E6_decorrelation,2,A_cli,to_first,7,22.694208244563537,-17.37151508958428,-83.1,0.0,62.85403100922652,0.13595089569529242,0.999999999756311,0.5671875000000001,True
E6_decorrelation,2,A_cli,to_first,8,26.872957993849514,-20.414825294031413,61.9,0.0,91.09008268062773,-0.113263574295114,0.9999999998862088,0.6776041666666666,False
E6_decorrelation,2,A_cli,to_previous,0,0.0,0.0,0.0,0.0,0.0,1.0,0.0,1.0,True
E6_decorrelation,2,A_cli,to_previous,1,2.484940796474285,-1.8335329619497107,-1.0,-1.0,3.1990558318805857,0.9431784462093159,0.9999999997258121,0.9896104600694444,True
E6_decorrelation,2,A_cli,to_previous,2,5.285851662961644,-4.4525005471093335,-1.0,0.10000000000000009,6.108419230005267,0.8621067173286919,0.9999999992647645,0.9942735460069445,True
E6_decorrelation,2,A_cli,to_previous,3,9.30577641898898,-6.898596487212013,-1.0,0.10000000000000009,10.733444746127168,0.7547338083713404,0.9999999982770876,0.9942735460069445,True
E6_decorrelation,2,A_cli,to_previous,4,13.665664359126037,-10.094801429173025,-1.0,-83.10000000000001,94.05152878651695,-0.14525787455379707,0.9999999998151868,0.5642333984375,False
E6_decorrelation,2,A_cli,to_previous,5,17.486860511129013,-13.202994665403132,-1.0,-83.00000000000001,97.6054955015598,-0.14476857401808516,0.9999999995209616,0.5647515190972221,False
E6_decorrelation,2,A_cli,to_previous,6,20.205735234341507,-15.743126578162283,-1.0,-84.00000000000001,101.57534920185573,-0.13838997050499027,0.999999999682986,0.5595703124999999,False
E6_decorrelation,2,A_cli,to_previous,7,22.694208244563537,-17.37151508958428,-1.1,-81.80000000000001,101.49531631988356,-0.1416973451585591,0.9999999995343299,0.5706700303819443,False
E6_decorrelation,2,A_cli,to_previous,8,26.872957993849514,-20.414825294031413,1.0,-80.70000000000002,104.88617488291486,-0.1352997192443026,0.9999999998198333,0.5766682942708332,False
E6_decorrelation,2,B_pilot,to_first,0,0.0,0.0,0.0,0.0,0.0,1.0,0.0,1.0,True
E6_decorrelation,2,B_pilot,to_first,1,2.484940796474285,-1.8335329619497107,-2.0,1.0,0.9643364427116565,0.9394181433311171,,0.9844292534722222,True
E6_decorrelation,2,B_pilot,to_first,2,5.285851662961644,-4.4525005471093335,-7.0,4.0,1.7728680905542882,0.9248880111535571,,0.9434678819444444,True
E6_decorrelation,2,B_pilot,to_first,3,9.30577641898898,-6.898596487212013,-9.0,8.0,1.1430612041318877,0.9377670441375963,,0.9134114583333334,True
E6_decorrelation,2,B_pilot,to_first,4,13.665664359126037,-10.094801429173025,-14.0,10.0,0.3475163762067215,0.8823860416143469,,0.8787977430555556,True
E6_decorrelation,2,B_pilot,to_first,5,17.486860511129013,-13.202994665403132,-16.0,14.0,1.6870007951778492,0.8824994538282973,,0.8498263888888888,True
E6_decorrelation,2,B_pilot,to_first,6,20.205735234341507,-15.743126578162283,-19.0,16.0,1.2327941475279587,0.8809755134907717,,0.8259548611111112,True
E6_decorrelation,2,B_pilot,to_first,7,22.694208244563537,-17.37151508958428,-21.0,17.0,1.7344639049965485,0.871466957632974,,0.811767578125,True
E6_decorrelation,2,B_pilot,to_first,8,26.872957993849514,-20.414825294031413,-24.0,20.0,2.9027517391248043,0.8610439459709961,,0.7838541666666666,True
E6_decorrelation,2,B_pilot,to_previous,0,0.0,0.0,0.0,0.0,0.0,1.0,0.0,1.0,True
E6_decorrelation,2,B_pilot,to_previous,1,2.484940796474285,-1.8335329619497107,-2.0,1.0,0.9643364427116565,0.9394181433311171,,0.9844292534722222,True
E6_decorrelation,2,B_pilot,to_previous,2,5.285851662961644,-4.4525005471093335,-6.0,4.0,0.8454375153900467,0.9245585777214892,,0.9485677083333334,True
E6_decorrelation,2,B_pilot,to_previous,3,9.30577641898898,-6.898596487212013,-9.0,8.0,1.1430612041318877,0.9377670441375963,,0.9134114583333334,True
E6_decorrelation,2,B_pilot,to_previous,4,13.665664359126037,-10.094801429173025,-14.0,10.0,0.3475163762067215,0.8823860416143469,,0.8787977430555556,True
E6_decorrelation,2,B_pilot,to_previous,5,17.486860511129013,-13.202994665403132,-16.0,13.0,1.500653528878988,0.8826621488098718,,0.8546006944444444,True
E6_decorrelation,2,B_pilot,to_previous,6,20.205735234341507,-15.743126578162283,-18.0,16.0,2.2206422221650657,0.8802069726893273,,0.8307291666666666,True
E6_decorrelation,2,B_pilot,to_previous,7,22.694208244563537,-17.37151508958428,-21.0,17.0,1.7344639049965485,0.871466957632974,,0.811767578125,True
E6_decorrelation,2,B_pilot,to_previous,8,26.872957993849514,-20.414825294031413,-24.0,21.0,2.9319476582860835,0.8597151279400318,,0.779296875,True
E6_decorrelation,2,stable_subpixel,to_first,0,0.0,0.0,0.0,0.0,0.0,1.0,0.0,1.0,True
E6_decorrelation,2,stable_subpixel,to_first,1,2.484940796474285,-1.8335329619497107,0.8999999761581421,0.75,3.554133890817976,0.9262038047139707,1.0,0.9914245606705663,True
E6_decorrelation,2,stable_subpixel,to_first,2,5.285851662961644,-4.4525005471093335,47.849998474121094,-13.949999809265137,56.232291338312706,-0.12640860072589852,1.0,0.6962323079203876,False
E6_decorrelation,2,stable_subpixel,to_first,3,9.30577641898898,-6.898596487212013,-44.099998474121094,-45.150001525878906,62.607463161752314,0.11150289191706395,1.0,0.5891687011284132,True
E6_decorrelation,2,stable_subpixel,to_first,4,13.665664359126037,-10.094801429173025,63.25,-36.900001525878906,90.13617990901261,-0.14857762426389337,1.0,0.5416971789155569,False
E6_decorrelation,2,stable_subpixel,to_first,5,17.486860511129013,-13.202994665403132,88.0,-93.1500015258789,149.79465123747656,-0.05527055292666821,1.0,0.27887369361188674,False
E6_decorrelation,2,stable_subpixel,to_first,6,20.205735234341507,-15.743126578162283,0.15000000596046448,7.050000190734863,22.13428118464791,0.4105089528121731,1.0,0.9625286855008987,True
E6_decorrelation,2,stable_subpixel,to_first,7,22.694208244563537,-17.37151508958428,-82.0999984741211,-70.19999694824219,105.81974122718965,-0.10259447744055383,1.0,0.36311362091037974,False
E6_decorrelation,2,stable_subpixel,to_first,8,26.872957993849514,-20.414825294031413,-84.19999694824219,58.25,68.68689715156465,-0.17168774311871604,1.0,0.3911200740064184,False
E6_decorrelation,2,stable_subpixel,to_previous,0,0.0,0.0,0.0,0.0,0.0,1.0,0.0,1.0,True
E6_decorrelation,2,stable_subpixel,to_previous,1,2.484940796474285,-1.8335329619497107,0.8999999761581421,0.75,3.554133890817976,0.9262038047139707,1.0,0.9914245606705663,True
E6_decorrelation,2,stable_subpixel,to_previous,2,5.285851662961644,-4.4525005471093335,83.05000150203705,38.650001525878906,94.72429481173855,0.06331320969780907,1.0,0.4532194581005348,False
E6_decorrelation,2,stable_subpixel,to_previous,3,9.30577641898898,-6.898596487212013,77.80000150203705,35.60000157356262,91.71252477801436,0.10801741033604927,1.0,0.48450736722495,False
E6_decorrelation,2,stable_subpixel,to_previous,4,13.665664359126037,-10.094801429173025,21.80000150203705,54.60000157356262,56.908051230628566,0.2516241327950859,1.0,0.6343717319281618,True
E6_decorrelation,2,stable_subpixel,to_previous,5,17.486860511129013,-13.202994665403132,11.950001120567322,-14.299999952316284,40.28577336561803,-0.04720619856591246,1.0,0.8679167971316363,False
E6_decorrelation,2,stable_subpixel,to_previous,6,20.205735234341507,-15.743126578162283,10.850001096725464,-93.3500030040741,113.42737624185516,-0.12408252201425478,1.0,0.4847668958230255,False
E6_decorrelation,2,stable_subpixel,to_previous,7,22.694208244563537,-17.37151508958428,17.750001192092896,-64.50000262260437,91.31637032566148,-0.17094033057450347,1.0,0.6026712888188842,False
E6_decorrelation,2,stable_subpixel,to_previous,8,26.872957993849514,-20.414825294031413,-4.2499988079071045,-149.40000414848328,171.31513237574538,-0.0036335284489507334,1.0,0.21696368467625374,False
E1_baseline,3,A_cli,to_first,0,0.0,0.0,0.0,0.0,0.0,1.0,0.0,1.0,True
E1_baseline,3,A_cli,to_first,1,-0.8805828828094331,-5.089564388870736,0.9,5.0,0.09164499000916851,0.9960598015652322,0.9999999704345952,0.9693929036458333,True
E1_baseline,3,A_cli,to_first,2,-4.429352869055858,-5.191424240441783,4.4,5.1,0.09602074079159888,0.9834282456835207,0.9999999733512746,0.9511295572916667,True
E1_baseline,3,A_cli,to_first,3,1.5036955988028655,5.414418794512029,-1.6,-5.3,0.14955332904193278,0.9784203783567561,0.9999999768159392,0.9642925347222222,True
E1_baseline,3,A_cli,to_first,4,5.246172374570278,4.779328187442658,-5.1,-4.9,0.18954695838601096,0.9887139720644897,0.9999999703681436,0.9485945638020833,True
E1_baseline,3,A_cli,to_first,5,0.5790156961769846,-0.5095391214379195,-0.5,0.4,0.13506405653513,0.977838840099752,0.9999999684290327,0.9953179253472223,True
E1_baseline,3,A_cli,to_first,6,-2.4702783673128845,0.7961563616656999,2.5,-0.8,0.029969134208927564,0.982154545956979,0.9999999735307877,0.9828667534722223,True
E1_baseline,3,A_cli,to_first,7,-5.2192560368880425,6.225163131863532,5.1,-6.1,0.17288091829964983,0.9890755844438515,0.9999999693201711,0.9425105794270833,True
E1_baseline,3,A_cli,to_first,8,-6.172794089742974,6.156711414474254,6.1,-6.1,0.09227764644364729,0.9914295552279997,0.9999999680399142,0.9374677191840279,True
E1_baseline,3,A_cli,to_previous,0,0.0,0.0,0.0,0.0,0.0,1.0,0.0,1.0,True
E1_baseline,3,A_cli,to_previous,1,-0.8805828828094331,-5.089564388870736,0.9,5.0,0.09164499000916851,0.9960598015652322,0.9999999704345952,0.9693929036458333,True
E1_baseline,3,A_cli,to_previous,2,-4.429352869055858,-5.191424240441783,4.4,5.0,0.19366163985292503,0.9842664188026471,0.9999999633503833,0.951638454861111,True
E1_baseline,3,A_cli,to_previous,3,1.5036955988028655,5.414418794512029,-1.5,-5.5,0.08566096067221086,0.9776305839806015,0.9999999744255611,0.9637654622395834,True
E1_baseline,3,A_cli,to_previous,4,5.246172374570278,4.779328187442658,-5.1,-5.2,0.44534384128198434,0.9851915077781254,0.9999999667083613,0.9470735677083335,True
E1_baseline,3,A_cli,to_previous,5,0.5790156961769846,-0.5095391214379195,-0.5999999999999996,0.20000000000000018,0.31024959098683036,0.9774985146507627,0.999999973459044,0.9958365885416668,True
E1_baseline,3,A_cli,to_previous,6,-2.4702783673128845,0.7961563616656999,2.4000000000000004,-1.2999999999999998,0.5087213980187087,0.9785968503858172,0.9999999740647688,0.9808138020833331,True
E1_baseline,3,A_cli,to_previous,7,-5.2192560368880425,6.225163131863532,5.1000000000000005,-6.5,0.2995952376479045,0.9816024921800796,0.9999999711252773,0.9404825846354168,True
E1_baseline,3,A_cli,to_previous,8,-6.172794089742974,6.156711414474254,6.000000000000001,-6.5,0.38432388736893547,0.9823651885411328,0.999999949844778,0.9359537760416666,True
E1_baseline,3,B_pilot,to_first,0,0.0,0.0,0.0,0.0,0.0,1.0,0.0,1.0,True
E1_baseline,3,B_pilot,to_first,1,-0.8805828828094331,-5.089564388870736,1.0,5.0,0.14927232708005184,0.9956029695129224,,0.9688856336805556,True
E1_baseline,3,B_pilot,to_first,2,-4.429352869055858,-5.191424240441783,4.0,5.0,0.47009267809147015,0.9768595526184721,,0.9536675347222222,True
E1_baseline,3,B_pilot,to_first,3,1.5036955988028655,5.414418794512029,-2.0,-5.0,0.6465763650895767,0.9652718581403067,,0.9638129340277778,True
E1_baseline,3,B_pilot,to_first,4,5.246172374570278,4.779328187442658,-5.0,-5.0,0.3306007968213507,0.9860364663593364,,0.9485948350694444,True
E1_baseline,3,B_pilot,to_first,5,0.5790156961769846,-0.5095391214379195,-1.0,1.0,0.6463587683827279,0.9659431917678161,,0.9896104600694444,True
E1_baseline,3,B_pilot,to_first,6,-2.4702783673128845,0.7961563616656999,2.0,-1.0,0.512556310713113,0.9744811206464241,,0.9844292534722222,True
E1_baseline,3,B_pilot,to_first,7,-5.2192560368880425,6.225163131863532,5.0,-6.0,0.31427956609115537,0.9865710697027849,,0.9435221354166666,True
E1_baseline,3,B_pilot,to_first,8,-6.172794089742974,6.156711414474254,6.0,-6.0,0.2332729407295757,0.9904523313790657,,0.9384765625,True
E1_baseline,3,B_pilot,to_previous,0,0.0,0.0,0.0,0.0,0.0,1.0,0.0,1.0,True
E1_baseline,3,B_pilot,to_previous,1,-0.8805828828094331,-5.089564388870736,1.0,5.0,0.14927232708005184,0.9956029695129224,,0.9688856336805556,True
E1_baseline,3,B_pilot,to_previous,2,-4.429352869055858,-5.191424240441783,4.0,5.0,0.47009267809147015,0.9768595526184721,,0.9536675347222222,True
E1_baseline,3,B_pilot,to_previous,3,1.5036955988028655,5.414418794512029,-2.0,-5.0,0.6465763650895767,0.9652718581403067,,0.9638129340277778,True
E1_baseline,3,B_pilot,to_previous,4,5.246172374570278,4.779328187442658,-6.0,-4.0,1.084254819036407,0.933016185179381,,0.9485677083333334,True
E1_baseline,3,B_pilot,to_previous,5,0.5790156961769846,-0.5095391214379195,-1.0,1.0,0.6463587683827279,0.9659431917678161,,0.9896104600694444,True
E1_baseline,3,B_pilot,to_previous,6,-2.4702783673128845,0.7961563616656999,2.0,0.0,0.9246765353264011,0.9422015158614221,,0.9895833333333334,True
E1_baseline,3,B_pilot,to_previous,7,-5.2192560368880425,6.225163131863532,5.0,-5.0,1.2446276187637444,0.9273029927622416,,0.9485948350694444,True
E1_baseline,3,B_pilot,to_previous,8,-6.172794089742974,6.156711414474254,6.0,-5.0,1.1695465334158925,0.9233591385558731,,0.9435221354166666,True
E1_baseline,3,stable_subpixel,to_first,0,0.0,0.0,0.0,0.0,0.0,1.0,0.0,1.0,True
E1_baseline,3,stable_subpixel,to_first,1,-0.8805828828094331,-5.089564388870736,0.949999988079071,5.050000190734863,0.07990031463111129,0.9939063233052895,0.9999998211860657,0.9688801395884528,True
E1_baseline,3,stable_subpixel,to_first,2,-4.429352869055858,-5.191424240441783,4.300000190734863,5.099999904632568,0.1583998881532777,0.9760424032100354,0.9999998211860657,0.9516365555081412,True
E1_baseline,3,stable_subpixel,to_first,3,1.5036955988028655,5.414418794512029,-1.5,-5.300000190734863,0.1144782701687433,0.9682365262211868,0.9999998211860657,0.964798989899767,True
E1_baseline,3,stable_subpixel,to_first,4,5.246172374570278,4.779328187442658,-5.099999904632568,-4.900000095367432,0.18954709264427064,0.9832894687594738,0.9999998211860657,0.9485945638026008,True
E1_baseline,3,stable_subpixel,to_first,5,0.5790156961769846,-0.5095391214379195,-0.699999988079071,0.550000011920929,0.12757069626574655,0.9689058310972892,0.9999998211860657,0.9935000271267845,True
E1_baseline,3,stable_subpixel,to_first,6,-2.4702783673128845,0.7961563616656999,2.4000000953674316,-0.8999999761581421,0.1253895202099999,0.9757191255735959,0.9999998211860657,0.9828710933782472,True
E1_baseline,3,stable_subpixel,to_first,7,-5.2192560368880425,6.225163131863532,5.099999904632568,-6.099999904632568,0.17288105313019397,0.9835054822017548,0.9999998211860657,0.9425105803915196,True
E1_baseline,3,stable_subpixel,to_first,8,-6.172794089742974,6.156711414474254,6.050000190734863,-6.050000190734863,0.16268259558284723,0.9886332932495351,0.9999998211860657,0.9379720711009577,True
E1_baseline,3,stable_subpixel,to_previous,0,0.0,0.0,0.0,0.0,0.0,1.0,0.0,1.0,True
E1_baseline,3,stable_subpixel,to_previous,1,-0.8805828828094331,-5.089564388870736,0.949999988079071,5.050000190734863,0.07990031463111129,0.9939063233052895,0.9999998211860657,0.9688801395884528,True
E1_baseline,3,stable_subpixel,to_previous,2,-4.429352869055858,-5.191424240441783,4.299999892711639,5.100000191479921,0.15839996596492362,0.9760424002047541,0.9999998211860657,0.951636555558578,True
E1_baseline,3,stable_subpixel,to_previous,3,1.5036955988028655,5.414418794512029,-1.550000011920929,-5.250000189989805,0.1708144495856358,0.9684013422047344,0.9999998211860657,0.9648040761065053,True
E1_baseline,3,stable_subpixel,to_previous,4,5.246172374570278,4.779328187442658,-5.149999916553497,-4.850000184029341,0.11934685912305182,0.9815803229668626,0.9999998211860657,0.9485942242087437,True
E1_baseline,3,stable_subpixel,to_previous,5,0.5790156961769846,-0.5095391214379195,-0.7499998211860657,0.599999625235796,0.1934390698708167,0.9690345828049062,0.9999998211860657,0.9929809599039344,True
E1_baseline,3,stable_subpixel,to_previous,6,-2.4702783673128845,0.7961563616656999,2.3500000834465027,-0.8500004224479198,0.13178030373072191,0.9749959902800064,0.9999998211860657,0.9833875163827028,True
E1_baseline,3,stable_subpixel,to_previous,7,-5.2192560368880425,6.225163131863532,5.0500001311302185,-6.050000231713057,0.2435766885870378,0.9849945818692161,0.9999998211860657,0.943016287768489,True
E1_baseline,3,stable_subpixel,to_previous,8,-6.172794089742974,6.156711414474254,6.0000001192092896,-6.0000002309679985,0.23327269726379649,0.9900020358909786,0.9999998211860657,0.938476560733155,True
E2_sparse,3,A_cli,to_first,0,0.0,0.0,0.0,0.0,0.0,1.0,0.0,1.0,True
E2_sparse,3,A_cli,to_first,1,5.4020988113928485,6.79193199148947,0.0,0.0,8.678306963058528,0.9784612651271531,0.9999999996137235,1.0,True
E2_sparse,3,A_cli,to_first,2,0.3645450299652886,4.2788402739086635,0.0,0.0,4.294341296228696,0.9813490342222709,0.9999999996297039,1.0,True
E2_sparse,3,A_cli,to_first,3,-0.927551269731957,-3.6161641707319383,0.0,0.0,3.7332284510416414,0.98225227162967,0.9999999996547769,1.0,True
E2_sparse,3,A_cli,to_first,4,-4.616124782780263,2.0571338142610305,0.0,0.0,5.05375182809507,0.9795477674449936,0.999999999748997,1.0,True
E2_sparse,3,A_cli,to_first,5,-4.604757645627927,-0.5326030062214642,0.0,0.0,4.63545671290381,0.980329119041941,0.9999999996991327,1.0,True
E2_sparse,3,A_cli,to_first,6,6.657325892231881,-1.1585157413750746,0.0,0.0,6.7573772100123914,0.9777137643168289,0.9999999996735722,1.0,True
E2_sparse,3,A_cli,to_first,7,-6.825708959892323,-0.7989121862839355,0.0,0.0,6.872304088626121,0.9780691236693329,0.9999999997189482,1.0,True
E2_sparse,3,A_cli,to_first,8,-3.58161617321071,1.9646315854771892,0.0,0.0,4.085064464467989,0.9813527045976806,0.9999999997608746,1.0,True
E2_sparse,3,A_cli,to_previous,0,0.0,0.0,0.0,0.0,0.0,1.0,0.0,1.0,True
E2_sparse,3,A_cli,to_previous,1,5.4020988113928485,6.79193199148947,0.0,0.0,8.678306963058528,0.9784612651271531,0.9999999996137235,1.0,True
E2_sparse,3,A_cli,to_previous,2,0.3645450299652886,4.2788402739086635,0.0,0.0,4.294341296228696,0.9813490342222709,0.9999999996138494,1.0,True
E2_sparse,3,A_cli,to_previous,3,-0.927551269731957,-3.6161641707319383,0.0,0.0,3.7332284510416414,0.98225227162967,0.9999999995408054,1.0,True
E2_sparse,3,A_cli,to_previous,4,-4.616124782780263,2.0571338142610305,0.0,0.0,5.05375182809507,0.9795477674449936,0.9999999997126898,1.0,True
E2_sparse,3,A_cli,to_previous,5,-4.604757645627927,-0.5326030062214642,0.0,0.0,4.63545671290381,0.980329119041941,0.9999999997229967,1.0,True
E2_sparse,3,A_cli,to_previous,6,6.657325892231881,-1.1585157413750746,0.0,0.0,6.7573772100123914,0.9777137643168289,0.9999999995876802,1.0,True
E2_sparse,3,A_cli,to_previous,7,-6.825708959892323,-0.7989121862839355,0.0,0.0,6.872304088626121,0.9780691236693329,0.9999999996705274,1.0,True
E2_sparse,3,A_cli,to_previous,8,-3.58161617321071,1.9646315854771892,0.0,0.0,4.085064464467989,0.9813527045976806,0.999999999703185,1.0,True
E2_sparse,3,B_pilot,to_first,0,0.0,0.0,0.0,0.0,0.0,1.0,0.0,1.0,True
E2_sparse,3,B_pilot,to_first,1,5.4020988113928485,6.79193199148947,-5.0,-7.0,0.45274247678904567,0.6260614847513832,,0.9384494357638888,True
E2_sparse,3,B_pilot,to_first,2,0.3645450299652886,4.2788402739086635,0.0,-4.0,0.4589607578277817,0.8448752199213826,,0.9791666666666666,True
E2_sparse,3,B_pilot,to_first,3,-0.927551269731957,-3.6161641707319383,1.0,4.0,0.3906133156298595,0.9728153884814158,,0.9740668402777778,True
E2_sparse,3,B_pilot,to_first,4,-4.616124782780263,2.0571338142610305,5.0,-2.0,0.38810366543942126,0.8946579220491971,,0.9638129340277778,True
E2_sparse,3,B_pilot,to_first,5,-4.604757645627927,-0.5326030062214642,5.0,1.0,0.6121082163170102,0.9593701953076217,,0.9688856336805556,True
E2_sparse,3,B_pilot,to_first,6,6.657325892231881,-1.1585157413750746,-7.0,1.0,0.3775616299339297,0.7910244083659207,,0.9585232204861112,True
E2_sparse,3,B_pilot,to_first,7,-6.825708959892323,-0.7989121862839355,7.0,1.0,0.2661083904857618,0.950544413111828,,0.9585232204861112,True
E2_sparse,3,B_pilot,to_first,8,-3.58161617321071,1.9646315854771892,4.0,-2.0,0.41987611418692045,0.8983726606418941,,0.9689670138888888,True
E2_sparse,3,B_pilot,to_previous,0,0.0,0.0,0.0,0.0,0.0,1.0,0.0,1.0,True
E2_sparse,3,B_pilot,to_previous,1,5.4020988113928485,6.79193199148947,-5.0,-7.0,0.45274247678904567,0.6260614847513832,,0.9384494357638888,True
E2_sparse,3,B_pilot,to_previous,2,0.3645450299652886,4.2788402739086635,0.0,-5.0,0.8080621445214005,0.8102301925922964,,0.9739583333333334,True
E2_sparse,3,B_pilot,to_previous,3,-0.927551269731957,-3.6161641707319383,1.0,3.0,0.6204088199012235,0.9749452688450841,,0.979248046875,True
E2_sparse,3,B_pilot,to_previous,4,-4.616124782780263,2.0571338142610305,5.0,-3.0,1.018016122959481,0.8618720071086156,,0.958740234375,True
E2_sparse,3,B_pilot,to_previous,5,-4.604757645627927,-0.5326030062214642,5.0,0.0,0.6632363688201365,0.9609738775713793,,0.9739583333333334,True
E2_sparse,3,B_pilot,to_previous,6,6.657325892231881,-1.1585157413750746,-6.0,1.0,0.676169038674597,0.8166332459129889,,0.9637044270833334,True
E2_sparse,3,B_pilot,to_previous,7,-6.825708959892323,-0.7989121862839355,7.0,1.0,0.2661083904857618,0.950544413111828,,0.9585232204861112,True
E2_sparse,3,B_pilot,to_previous,8,-3.58161617321071,1.9646315854771892,4.0,-2.0,0.41987611418692045,0.8983726606418941,,0.9689670138888888,True
E2_sparse,3,stable_subpixel,to_first,0,0.0,0.0,0.0,0.0,0.0,1.0,0.0,1.0,True
E2_sparse,3,stable_subpixel,to_first,1,5.4020988113928485,6.79193199148947,-5.6,-6.5,0.3526884859293413,0.6071260569236909,0.9999999999695922,0.9379665798611112,True
E2_sparse,3,stable_subpixel,to_first,2,0.3645450299652886,4.2788402739086635,-0.4,-4.2,0.0864456111676894,0.7880962592456273,0.9999999999689659,0.9760872395833334,True
E2_sparse,3,stable_subpixel,to_first,3,-0.927551269731957,-3.6161641707319383,1.15,3.55,0.23208001871447187,0.9704012346634812,0.9999999999677912,0.9756315782335068,True
E2_sparse,3,stable_subpixel,to_first,4,-4.616124782780263,2.0571338142610305,4.6,-2.25,0.19353907672924703,0.8654436953182282,0.9999999999670951,0.9646036783854167,True
E2_sparse,3,stable_subpixel,to_first,5,-4.604757645627927,-0.5326030062214642,3.75,0.15,0.9364804819797897,0.9657618730509726,0.999999999965339,0.9797027587890624,True
E2_sparse,3,stable_subpixel,to_first,6,6.657325892231881,-1.1585157413750746,-6.85,0.9,0.32241851736980753,0.7923451507837137,0.9999999999733085,0.9598026529947917,True
E2_sparse,3,stable_subpixel,to_first,7,-6.825708959892323,-0.7989121862839355,6.75,0.6,0.2128330436286442,0.9530324898620638,0.9999999999638698,0.9618286132812499,True
E2_sparse,3,stable_subpixel,to_first,8,-3.58161617321071,1.9646315854771892,3.45,-1.4,0.579768612783683,0.90135100131397,0.999999999967616,0.9748706054687502,True
E2_sparse,3,stable_subpixel,to_previous,0,0.0,0.0,0.0,0.0,0.0,1.0,0.0,1.0,True
E2_sparse,3,stable_subpixel,to_previous,1,5.4020988113928485,6.79193199148947,-5.6,-6.5,0.3526884859293413,0.6071260569236909,0.9999999999695922,0.9379665798611112,True
E2_sparse,3,stable_subpixel,to_previous,2,0.3645450299652886,4.2788402739086635,0.15000000000000036,-3.55,0.8921685562343228,0.8434864573117304,0.9999999999640992,0.9807436116536459,True
E2_sparse,3,stable_subpixel,to_previous,3,-0.927551269731957,-3.6161641707319383,1.3000000000000003,4.6499999999999995,1.098878782467228,0.9678993232370722,0.9999999999665663,0.9691743977864582,True
E2_sparse,3,stable_subpixel,to_previous,4,-4.616124782780263,2.0571338142610305,5.6,-0.9000000000000004,1.5188709975391144,0.9241044130433596,0.9999999999669434,0.9662825520833334,True
E2_sparse,3,stable_subpixel,to_previous,5,-4.604757645627927,-0.5326030062214642,5.3,1.8999999999999995,1.533993634246048,0.953952668448714,0.9999999999690775,0.9627731662326389,True
E2_sparse,3,stable_subpixel,to_previous,6,6.657325892231881,-1.1585157413750746,-5.8500000000000005,2.2999999999999994,1.398127822824686,0.8178097147852826,0.9999999999656362,0.9579170735677083,True
E2_sparse,3,stable_subpixel,to_previous,7,-6.825708959892323,-0.7989121862839355,7.099999999999999,2.1499999999999995,1.378649286459542,0.9437140662237897,0.9999999999637473,0.9522370062934028,True
E2_sparse,3,stable_subpixel,to_previous,8,-3.58161617321071,1.9646315854771892,3.6499999999999986,-0.25000000000000044,1.715994703279228,0.9331178790637507,0.999999999967242,0.9797122531467013,True
E3_mcherry,3,A_cli,to_first,0,0.0,0.0,0.0,0.0,0.0,1.0,0.0,1.0,True
E3_mcherry,3,A_cli,to_first,1,0.0,0.0,-5.2,-6.8,8.560373823613078,0.9609542773045512,0.99999997018922,0.9384592013888889,True
E3_mcherry,3,A_cli,to_first,2,0.0,0.0,-0.3,-4.2,4.21070065428546,0.9885036140774611,0.9999999237358723,0.9765966796875001,True
E3_mcherry,3,A_cli,to_first,3,0.0,0.0,0.9,3.5,3.6138621999185303,0.992202541871227,0.9999999317851632,0.9771687825520833,True
E3_mcherry,3,A_cli,to_first,4,0.0,0.0,4.6,-2.1,5.056678751908213,0.979649086085245,0.9999999057037806,0.9653662109375001,True
E3_mcherry,3,A_cli,to_first,5,0.0,0.0,4.6,0.4,4.617358552246078,0.9856852781598227,0.9999999236707459,0.9740082465277777,True
E3_mcherry,3,A_cli,to_first,6,0.0,0.0,-6.7,1.2,6.806614430096654,0.9659550841785534,0.9999999135790817,0.9590722656250001,True
E3_mcherry,3,A_cli,to_first,7,0.0,0.0,6.8,0.7,6.83593446428504,0.9692193336735893,0.999999926038475,0.9610666232638889,True
E3_mcherry,3,A_cli,to_first,8,0.0,0.0,3.6,-2.0,4.1182520563948,0.986259660460404,0.9999999048738588,0.9710286458333334,True
E3_mcherry,3,A_cli,to_previous,0,0.0,0.0,0.0,0.0,0.0,1.0,0.0,1.0,True
E3_mcherry,3,A_cli,to_previous,1,0.0,0.0,-5.2,-6.8,8.560373823613078,0.9609542773045512,0.99999997018922,0.9384592013888889,True
E3_mcherry,3,A_cli,to_previous,2,0.0,0.0,-0.20000000000000018,-4.4,4.404543109109048,0.9872161479132961,0.9999999256355515,0.9760655381944444,True
E3_mcherry,3,A_cli,to_previous,3,0.0,0.0,0.9999999999999998,3.3,3.4481879299133333,0.9927621931499784,0.999999961817377,0.9776936848958333,True
E3_mcherry,3,A_cli,to_previous,4,0.0,0.0,4.7,-2.2,5.189412298131649,0.9784677526654812,0.9999999424363937,0.9643429904513889,True
E3_mcherry,3,A_cli,to_previous,5,0.0,0.0,4.6000000000000005,0.3999999999999999,4.6173585522460785,0.9856852781598227,0.9999999046093102,0.9740082465277777,True
E3_mcherry,3,A_cli,to_previous,6,0.0,0.0,-6.7,1.2,6.806614430096654,0.9659550841785534,0.9999999342433198,0.9590722656250001,True
E3_mcherry,3,A_cli,to_previous,7,0.0,0.0,6.8,0.7,6.83593446428504,0.9692193336735893,0.9999999436497711,0.9610666232638889,True
E3_mcherry,3,A_cli,to_previous,8,0.0,0.0,3.5999999999999996,-1.9000000000000001,4.070626487409523,0.986608418263736,0.9999999267991219,0.9715397135416666,True
E3_mcherry,3,B_pilot,to_first,0,0.0,0.0,0.0,0.0,0.0,1.0,0.0,1.0,True
E3_mcherry,3,B_pilot,to_first,1,0.0,0.0,0.0,0.0,0.0,0.9999999999999999,,1.0,True
E3_mcherry,3,B_pilot,to_first,2,0.0,0.0,0.0,0.0,0.0,0.9999999999999999,,1.0,True
E3_mcherry,3,B_pilot,to_first,3,0.0,0.0,0.0,0.0,0.0,0.9999999999999999,,1.0,True
E3_mcherry,3,B_pilot,to_first,4,0.0,0.0,0.0,0.0,0.0,0.9999999999999999,,1.0,True
E3_mcherry,3,B_pilot,to_first,5,0.0,0.0,0.0,0.0,0.0,0.9999999999999999,,1.0,True
E3_mcherry,3,B_pilot,to_first,6,0.0,0.0,0.0,0.0,0.0,0.9999999999999999,,1.0,True
E3_mcherry,3,B_pilot,to_first,7,0.0,0.0,0.0,0.0,0.0,0.9999999999999999,,1.0,True
E3_mcherry,3,B_pilot,to_first,8,0.0,0.0,0.0,0.0,0.0,0.9999999999999999,,1.0,True
E3_mcherry,3,B_pilot,to_previous,0,0.0,0.0,0.0,0.0,0.0,1.0,0.0,1.0,True
E3_mcherry,3,B_pilot,to_previous,1,0.0,0.0,0.0,0.0,0.0,0.9999999999999999,,1.0,True
E3_mcherry,3,B_pilot,to_previous,2,0.0,0.0,0.0,0.0,0.0,0.9999999999999999,,1.0,True
E3_mcherry,3,B_pilot,to_previous,3,0.0,0.0,0.0,0.0,0.0,0.9999999999999999,,1.0,True
E3_mcherry,3,B_pilot,to_previous,4,0.0,0.0,0.0,0.0,0.0,0.9999999999999999,,1.0,True
E3_mcherry,3,B_pilot,to_previous,5,0.0,0.0,0.0,0.0,0.0,0.9999999999999999,,1.0,True
E3_mcherry,3,B_pilot,to_previous,6,0.0,0.0,0.0,0.0,0.0,0.9999999999999999,,1.0,True
E3_mcherry,3,B_pilot,to_previous,7,0.0,0.0,0.0,0.0,0.0,0.9999999999999999,,1.0,True
E3_mcherry,3,B_pilot,to_previous,8,0.0,0.0,0.0,0.0,0.0,0.9999999999999999,,1.0,True
E3_mcherry,3,stable_subpixel,to_first,0,0.0,0.0,0.0,0.0,0.0,1.0,0.0,1.0,True
E3_mcherry,3,stable_subpixel,to_first,1,0.0,0.0,0.0,0.0,0.0,0.9999999999999999,1.0,1.0,True
E3_mcherry,3,stable_subpixel,to_first,2,0.0,0.0,0.0,0.0,0.0,0.9999999999999999,1.0,1.0,True
E3_mcherry,3,stable_subpixel,to_first,3,0.0,0.0,0.0,0.0,0.0,0.9999999999999999,1.0,1.0,True
E3_mcherry,3,stable_subpixel,to_first,4,0.0,0.0,0.0,0.0,0.0,0.9999999999999999,1.0,1.0,True
E3_mcherry,3,stable_subpixel,to_first,5,0.0,0.0,0.0,0.0,0.0,0.9999999999999999,1.0,1.0,True
E3_mcherry,3,stable_subpixel,to_first,6,0.0,0.0,0.0,0.0,0.0,0.9999999999999999,1.0,1.0,True
E3_mcherry,3,stable_subpixel,to_first,7,0.0,0.0,0.0,0.0,0.0,0.9999999999999999,1.0,1.0,True
E3_mcherry,3,stable_subpixel,to_first,8,0.0,0.0,0.0,0.0,0.0,0.9999999999999999,1.0,1.0,True
E3_mcherry,3,stable_subpixel,to_previous,0,0.0,0.0,0.0,0.0,0.0,1.0,0.0,1.0,True
E3_mcherry,3,stable_subpixel,to_previous,1,0.0,0.0,0.0,0.0,0.0,0.9999999999999999,1.0,1.0,True
E3_mcherry,3,stable_subpixel,to_previous,2,0.0,0.0,0.0,0.0,0.0,0.9999999999999999,1.0,1.0,True
E3_mcherry,3,stable_subpixel,to_previous,3,0.0,0.0,0.0,0.0,0.0,0.9999999999999999,1.0,1.0,True
E3_mcherry,3,stable_subpixel,to_previous,4,0.0,0.0,0.0,0.0,0.0,0.9999999999999999,1.0,1.0,True
E3_mcherry,3,stable_subpixel,to_previous,5,0.0,0.0,0.0,0.0,0.0,0.9999999999999999,1.0,1.0,True
E3_mcherry,3,stable_subpixel,to_previous,6,0.0,0.0,0.0,0.0,0.0,0.9999999999999999,1.0,1.0,True
E3_mcherry,3,stable_subpixel,to_previous,7,0.0,0.0,0.0,0.0,0.0,0.9999999999999999,1.0,1.0,True
E3_mcherry,3,stable_subpixel,to_previous,8,0.0,0.0,0.0,0.0,0.0,0.9999999999999999,1.0,1.0,True
E4_gradient,3,A_cli,to_first,0,0.0,0.0,0.0,0.0,0.0,1.0,0.0,1.0,True
E4_gradient,3,A_cli,to_first,1,1.0016101463149165,-0.25094769921039317,-1.0,0.1,0.15095628661326685,0.9327975248797368,0.9999999976771342,0.9942735460069445,True
E4_gradient,3,A_cli,to_first,2,-0.6604371621070748,-3.817173291653052,0.6,3.9,0.10253250303755994,0.9426207500637446,0.999999998387579,0.9766259765624999,True
E4_gradient,3,A_cli,to_first,3,-3.3220146517918936,-3.8935681803313376,3.3,4.0,0.10868476034615439,0.9327716292891769,0.9999999984285967,0.9623372395833333,True
E4_gradient,3,A_cli,to_first,4,1.1277716991021491,4.060814095884021,-1.1,-3.9,0.1631944873640514,0.8314085405496602,0.999999999084798,0.97407470703125,True
E4_gradient,3,A_cli,to_first,5,3.934629280927709,3.5844961405819937,-3.9,-3.6,0.03794149119925952,0.7697055698763781,0.99999999931832,0.961318359375,True
E4_gradient,3,A_cli,to_first,6,0.4342617721327384,-0.3821543410784396,-0.3,0.4,0.13544257454201042,0.9114331160680842,0.9999999983378062,0.9963574218749999,True
E4_gradient,3,A_cli,to_first,7,-1.8527087754846634,0.5971172712492749,1.8,-0.5,0.11049877550451812,0.9251990610364027,0.9999999987026047,0.9880452473958332,True
E4_gradient,3,A_cli,to_first,8,-3.914442027666032,4.668872348897649,3.9,-4.7,0.03431476105491838,0.8321335368472031,0.9999999990226683,0.9557055664062502,True
E4_gradient,3,A_cli,to_previous,0,0.0,0.0,0.0,0.0,0.0,1.0,0.0,1.0,True
E4_gradient,3,A_cli,to_previous,1,1.0016101463149165,-0.25094769921039317,-1.0,0.1,0.15095628661326685,0.9327975248797368,0.9999999976771342,0.9942735460069445,True
E4_gradient,3,A_cli,to_previous,2,-0.6604371621070748,-3.817173291653052,0.6000000000000001,3.8000000000000003,0.06282971040644386,0.9390316231701216,0.9999999986345545,0.9771451822916666,True
E4_gradient,3,A_cli,to_previous,3,-3.3220146517918936,-3.8935681803313376,3.1,3.8000000000000003,0.24092635800342266,0.9215791091486266,0.9999999974594017,0.9643820529513888,True
E4_gradient,3,A_cli,to_previous,4,1.1277716991021491,4.060814095884021,-1.1999999999999997,-4.1,0.08217336875154317,0.8056801411834276,0.9999999991987982,0.972529296875,True
E4_gradient,3,A_cli,to_previous,5,3.934629280927709,3.5844961405819937,-1.1999999999999997,-4.1,2.7827938359106046,0.724779597830067,0.9999999983509069,0.972529296875,True
E4_gradient,3,A_cli,to_previous,6,0.4342617721327384,-0.3821543410784396,-1.1999999999999997,-2.8999999999999995,3.370295558593836,0.7478622693631478,0.9999999989361957,0.978740234375,True
E4_gradient,3,A_cli,to_previous,7,-1.8527087754846634,0.5971172712492749,0.40000000000000036,-3.9999999999999996,3.6999964394577636,0.7520460697599491,0.9999999985744564,0.977126736111111,True
E4_gradient,3,A_cli,to_previous,8,-3.914442027666032,4.668872348897649,0.40000000000000036,-3.9999999999999996,3.5775260984296375,0.7079024189117684,0.9999999991128866,0.977126736111111,True
E4_gradient,3,B_pilot,to_first,0,0.0,0.0,0.0,0.0,0.0,1.0,0.0,1.0,True
E4_gradient,3,B_pilot,to_first,1,1.0016101463149165,-0.25094769921039317,-1.0,0.0,0.25095286471794936,0.9335305117275453,,0.9947916666666666,True
E4_gradient,3,B_pilot,to_first,2,-0.6604371621070748,-3.817173291653052,1.0,4.0,0.3856533756663839,0.9567123142548262,,0.9740668402777778,True
E4_gradient,3,B_pilot,to_first,3,-3.3220146517918936,-3.8935681803313376,3.0,4.0,0.3391477085380899,0.9290815120036308,,0.9638671875,True
E4_gradient,3,B_pilot,to_first,4,1.1277716991021491,4.060814095884021,-1.0,-4.0,0.14150604704266556,0.8621917966078763,,0.9740668402777778,True
E4_gradient,3,B_pilot,to_first,5,3.934629280927709,3.5844961405819937,-4.0,-4.0,0.4206147739955014,0.7751799939000596,,0.9587673611111112,True
E4_gradient,3,B_pilot,to_first,6,0.4342617721327384,-0.3821543410784396,0.0,0.0,0.578468000101097,0.9253529943921182,,1.0,True
E4_gradient,3,B_pilot,to_first,7,-1.8527087754846634,0.5971172712492749,2.0,-1.0,0.42896293306631705,0.936838417360112,,0.9844292534722222,True
E4_gradient,3,B_pilot,to_first,8,-3.914442027666032,4.668872348897649,4.0,-5.0,0.3420024677607757,0.8415378062769293,,0.9536675347222222,True
E4_gradient,3,B_pilot,to_previous,0,0.0,0.0,0.0,0.0,0.0,1.0,0.0,1.0,True
E4_gradient,3,B_pilot,to_previous,1,1.0016101463149165,-0.25094769921039317,-1.0,0.0,0.25095286471794936,0.9335305117275453,,0.9947916666666666,True
E4_gradient,3,B_pilot,to_previous,2,-0.6604371621070748,-3.817173291653052,1.0,4.0,0.3856533756663839,0.9567123142548262,,0.9740668402777778,True
E4_gradient,3,B_pilot,to_previous,3,-3.3220146517918936,-3.8935681803313376,3.0,4.0,0.3391477085380899,0.9290815120036308,,0.9638671875,True
E4_gradient,3,B_pilot,to_previous,4,1.1277716991021491,4.060814095884021,-1.0,-4.0,0.14150604704266556,0.8621917966078763,,0.9740668402777778,True
E4_gradient,3,B_pilot,to_previous,5,3.934629280927709,3.5844961405819937,-4.0,-4.0,0.4206147739955014,0.7751799939000596,,0.9587673611111112,True
E4_gradient,3,B_pilot,to_previous,6,0.4342617721327384,-0.3821543410784396,0.0,0.0,0.578468000101097,0.9253529943921182,,1.0,True
E4_gradient,3,B_pilot,to_previous,7,-1.8527087754846634,0.5971172712492749,2.0,-1.0,0.42896293306631705,0.936838417360112,,0.9844292534722222,True
E4_gradient,3,B_pilot,to_previous,8,-3.914442027666032,4.668872348897649,4.0,-5.0,0.3420024677607757,0.8415378062769293,,0.9536675347222222,True
E4_gradient,3,stable_subpixel,to_first,0,0.0,0.0,0.0,0.0,0.0,1.0,0.0,1.0,True
E4_gradient,3,stable_subpixel,to_first,1,1.0016101463149165,-0.25094769921039317,-1.0,0.10000000149011612,0.1509562851232355,0.9329090122363387,0.9999998807907104,0.9942735459992238,True
E4_gradient,3,stable_subpixel,to_first,2,-0.6604371621070748,-3.817173291653052,0.800000011920929,3.950000047683716,0.19266742372750492,0.9519733308170122,0.9999998807907104,0.975346136844649,True
E4_gradient,3,stable_subpixel,to_first,3,-3.3220146517918936,-3.8935681803313376,3.1500000953674316,3.950000047683716,0.18103470185238194,0.929065729393313,0.9999999403953552,0.9633583570166311,True
E4_gradient,3,stable_subpixel,to_first,4,1.1277716991021491,4.060814095884021,-1.0499999523162842,-4.0,0.09872587733879924,0.8383469939757965,0.9999998807907104,0.973811849201512,True
E4_gradient,3,stable_subpixel,to_first,5,3.934629280927709,3.5844961405819937,-4.0,-3.700000047683716,0.13271956701176985,0.774548512396178,0.9999999403953552,0.9602973087845991,True
E4_gradient,3,stable_subpixel,to_first,6,0.4342617721327384,-0.3821543410784396,-0.30000001192092896,0.25,0.18839052556073504,0.9078096525675844,0.9999999403953552,0.9971374511098676,True
E4_gradient,3,stable_subpixel,to_first,7,-1.8527087754846634,0.5971172712492749,1.9500000476837158,-0.75,0.1812145700444031,0.9350361761993006,0.9999998807907104,0.9859771726041799,True
E4_gradient,3,stable_subpixel,to_first,8,-3.914442027666032,4.668872348897649,3.950000047683716,-4.800000190734863,0.13586347446044328,0.8367661844430752,0.9999999403953552,0.9549414050348827,True
E4_gradient,3,stable_subpixel,to_previous,0,0.0,0.0,0.0,0.0,0.0,1.0,0.0,1.0,True
E4_gradient,3,stable_subpixel,to_previous,1,1.0016101463149165,-0.25094769921039317,-1.0,0.10000000149011612,0.1509562851232355,0.9329090122363387,0.9999998807907104,0.9942735459992238,True
E4_gradient,3,stable_subpixel,to_previous,2,-0.6604371621070748,-3.817173291653052,0.7999999523162842,3.8999999538064003,0.16228995155105785,0.9505065397399352,0.9999999403953552,0.9756054692328973,True
E4_gradient,3,stable_subpixel,to_previous,3,-3.3220146517918936,-3.8935681803313376,3.200000047683716,3.9499999545514584,0.13443254352018355,0.9300374523308997,0.9999998807907104,0.9631032986006337,True
E4_gradient,3,stable_subpixel,to_previous,4,1.1277716991021491,4.060814095884021,-0.9999997615814209,-4.050000045448542,0.12822874757487876,0.8384046391845901,0.9999999403953552,0.9738077809280085,True
E4_gradient,3,stable_subpixel,to_previous,5,3.934629280927709,3.5844961405819937,-3.9499998092651367,-3.7500000335276127,0.16621609946550475,0.7735394277360121,0.9999998807907104,0.960297648914957,True
E4_gradient,3,stable_subpixel,to_previous,6,0.4342617721327384,-0.3821543410784396,-0.2999997138977051,0.20000001415610313,0.2262885306374075,0.9062236361760839,0.9999999403953552,0.9973974623524495,True
E4_gradient,3,stable_subpixel,to_previous,7,-1.8527087754846634,0.5971172712492749,1.950000286102295,-0.7499999739229679,0.18121467604770183,0.9350361824662717,0.9999998807907104,0.9859771715017056,True
E4_gradient,3,stable_subpixel,to_previous,8,-3.914442027666032,4.668872348897649,3.950000286102295,-4.849999878555536,0.1845848632553302,0.8377774594943915,0.9999998807907104,0.9546863462807504,True
E5_drift,3,A_cli,to_first,0,0.0,0.0,0.0,0.0,0.0,1.0,0.0,1.0,True
E5_drift,3,A_cli,to_first,1,3.1124089245610262,-1.863804451391158,-3.0,1.9,0.11809269266157633,0.9964498580730154,0.9999999521475647,0.9746337890625001,True
E5_drift,3,A_cli,to_first,2,5.670322538771048,-3.7148764213359353,-5.8,3.8,0.15512017146510482,0.9873657919229721,0.9999999609986262,0.9505978732638888,True
E5_drift,3,A_cli,to_first,3,9.155274976083996,-6.891678770649939,-9.1,6.9,0.05589781604841742,0.994011195893917,0.9999999581944985,0.9183699544270834,True
E5_drift,3,A_cli,to_first,4,13.224989409610602,-9.989094794080271,-13.1,10.0,0.12546424204114362,0.9937823839647286,0.9999999599970686,0.8832411024305555,True
E5_drift,3,A_cli,to_first,5,16.565460612138256,-12.42540240390053,-16.6,12.4,0.04287483455116472,0.9813774762896349,0.9999999725673057,0.8545421006944445,True
E5_drift,3,A_cli,to_first,6,19.42947961724562,-15.024921949108744,-19.4,15.0,0.03860247894018099,0.985714030918946,0.9999999695253035,0.8287272135416667,True
E5_drift,3,A_cli,to_first,7,21.86397086148186,-18.303067340591685,-21.9,18.2,0.10918321995161051,0.985140822528022,0.9999999697420879,0.8019580078125,True
E5_drift,3,A_cli,to_first,8,24.14947178495952,-21.572656267400966,-24.1,21.6,0.05652554484061515,0.9784174236627304,0.9999999750579811,0.7761002604166668,True
E5_drift,3,A_cli,to_previous,0,0.0,0.0,0.0,0.0,0.0,1.0,0.0,1.0,True
E5_drift,3,A_cli,to_previous,1,3.1124089245610262,-1.863804451391158,-3.0,1.9,0.11809269266157633,0.9964498580730154,0.9999999521475647,0.9746337890625001,True
E5_drift,3,A_cli,to_previous,2,5.670322538771048,-3.7148764213359353,-5.7,3.8,0.09014862921627342,0.9866916424923649,0.9999999570014118,0.9511083984375001,True
E5_drift,3,A_cli,to_previous,3,9.155274976083996,-6.891678770649939,-9.0,6.9,0.1554977847295,0.995040517272001,0.9999999615056485,0.9188720703124998,True
E5_drift,3,A_cli,to_previous,4,13.224989409610602,-9.989094794080271,-13.1,9.9,0.15349343584340308,0.9927979636512796,0.9999999531497892,0.8837263997395833,True
E5_drift,3,A_cli,to_previous,5,16.565460612138256,-12.42540240390053,-16.5,12.3,0.1414597279989854,0.9812667882124843,0.9999999661941691,0.8555053710937499,True
E5_drift,3,A_cli,to_previous,6,19.42947961724562,-15.024921949108744,-19.3,14.9,0.1799179386587102,0.9851728127258679,0.9999999681152596,0.8296758355034721,True
E5_drift,3,A_cli,to_previous,7,21.86397086148186,-18.303067340591685,-21.8,18.1,0.21290518061735864,0.9846416699298949,0.9999999640276159,0.8028911675347222,True
E5_drift,3,A_cli,to_previous,8,24.14947178495952,-21.572656267400966,-24.0,21.5,0.16619490874159032,0.9800639620067941,0.9999999699808536,0.7770182291666666,True
E5_drift,3,B_pilot,to_first,0,0.0,0.0,0.0,0.0,0.0,1.0,0.0,1.0,True
E5_drift,3,B_pilot,to_first,1,3.1124089245610262,-1.863804451391158,-3.0,2.0,0.17659273422717575,0.9957386693497821,,0.97412109375,True
E5_drift,3,B_pilot,to_first,2,5.670322538771048,-3.7148764213359353,-6.0,4.0,0.4358700305739892,0.9834287870190986,,0.9485677083333334,True
E5_drift,3,B_pilot,to_first,3,9.155274976083996,-6.891678770649939,-9.0,7.0,0.18932460729074305,0.9933531099833438,,0.9183756510416666,True
E5_drift,3,B_pilot,to_first,4,13.224989409610602,-9.989094794080271,-13.0,10.0,0.22525354148842816,0.9913048918813597,,0.8837348090277778,True
E5_drift,3,B_pilot,to_first,5,16.565460612138256,-12.42540240390053,-17.0,12.0,0.6081049949207861,0.9711227090828344,,0.8544921875,True
E5_drift,3,B_pilot,to_first,6,19.42947961724562,-15.024921949108744,-19.0,15.0,0.4302020980618552,0.9785340542955452,,0.8306477864583334,True
E5_drift,3,B_pilot,to_first,7,21.86397086148186,-18.303067340591685,-22.0,18.0,0.3321953332894725,0.9808698126084706,,0.8024088541666666,True
E5_drift,3,B_pilot,to_first,8,24.14947178495952,-21.572656267400966,-24.0,22.0,0.45273003025054553,0.9721558379952374,,0.7747395833333334,True
E5_drift,3,B_pilot,to_previous,0,0.0,0.0,0.0,0.0,0.0,1.0,0.0,1.0,True
E5_drift,3,B_pilot,to_previous,1,3.1124089245610262,-1.863804451391158,-3.0,2.0,0.17659273422717575,0.9957386693497821,,0.97412109375,True
E5_drift,3,B_pilot,to_previous,2,5.670322538771048,-3.7148764213359353,-6.0,4.0,0.4358700305739892,0.9834287870190986,,0.9485677083333334,True
E5_drift,3,B_pilot,to_previous,3,9.155274976083996,-6.891678770649939,-9.0,7.0,0.18932460729074305,0.9933531099833438,,0.9183756510416666,True
E5_drift,3,B_pilot,to_previous,4,13.224989409610602,-9.989094794080271,-13.0,10.0,0.22525354148842816,0.9913048918813597,,0.8837348090277778,True
E5_drift,3,B_pilot,to_previous,5,16.565460612138256,-12.42540240390053,-16.0,12.0,0.7076107045008025,0.9656587382514645,,0.859375,True
E5_drift,3,B_pilot,to_previous,6,19.42947961724562,-15.024921949108744,-19.0,15.0,0.4302020980618552,0.9785340542955452,,0.8306477864583334,True
E5_drift,3,B_pilot,to_previous,7,21.86397086148186,-18.303067340591685,-22.0,18.0,0.3321953332894725,0.9808698126084706,,0.8024088541666666,True
E5_drift,3,B_pilot,to_previous,8,24.14947178495952,-21.572656267400966,-24.0,21.0,0.5918420524874785,0.9640479028754156,,0.779296875,True
E5_drift,3,stable_subpixel,to_first,0,0.0,0.0,0.0,0.0,0.0,1.0,0.0,1.0,True
E5_drift,3,stable_subpixel,to_first,1,3.1124089245610262,-1.863804451391158,-3.049999952316284,1.9500000476837158,0.10641691894090238,0.9943685219407575,0.9999997615814209,0.9741196695977771,True
E5_drift,3,stable_subpixel,to_first,2,5.670322538771048,-3.7148764213359353,-5.849999904632568,3.8499999046325684,0.22481617277489216,0.9814819699084417,0.9999997615814209,0.9500901295490459,True
E5_drift,3,stable_subpixel,to_first,3,9.155274976083996,-6.891678770649939,-9.050000190734863,6.949999809265137,0.12035000612987677,0.9919762372955073,0.9999997615814209,0.9183728705403499,True
E5_drift,3,stable_subpixel,to_first,4,13.224989409610602,-9.989094794080271,-13.100000381469727,10.0,0.12546386201513282,0.9901784359041578,0.9999997615814209,0.8832411005472144,True
E5_drift,3,stable_subpixel,to_first,5,16.565460612138256,-12.42540240390053,-16.700000762939453,12.300000190734863,0.1839205460095644,0.9719219447003554,0.9999998211860657,0.8545304315718305,True
E5_drift,3,stable_subpixel,to_first,6,19.42947961724562,-15.024921949108744,-19.299999237060547,15.0,0.1318570149830854,0.9790779580886904,0.9999998211860657,0.8292073604340354,True
E5_drift,3,stable_subpixel,to_first,7,21.86397086148186,-18.303067340591685,-21.950000762939453,18.149999618530273,0.17558721901628463,0.9793038000194761,0.9999998211860657,0.8019529197111519,True
E5_drift,3,stable_subpixel,to_first,8,24.14947178495952,-21.572656267400966,-24.049999237060547,21.700000762939453,0.1615902482499031,0.97077358442499,0.9999998211860657,0.7758757867239829,True
E5_drift,3,stable_subpixel,to_previous,0,0.0,0.0,0.0,0.0,0.0,1.0,0.0,1.0,True
E5_drift,3,stable_subpixel,to_previous,1,3.1124089245610262,-1.863804451391158,-3.049999952316284,1.9500000476837158,0.10641691894090238,0.9943685219407575,0.9999997615814209,0.9741196695977771,True
E5_drift,3,stable_subpixel,to_previous,2,5.670322538771048,-3.7148764213359353,-5.849999904632568,3.850000023841858,0.22481624442444825,0.9814819711412223,0.9999997615814209,0.9500901289470818,True
E5_drift,3,stable_subpixel,to_previous,3,9.155274976083996,-6.891678770649939,-9.099999904632568,6.949999928474426,0.0803535374078154,0.9912272180315407,0.9999997615814209,0.9181218812589456,True
E5_drift,3,stable_subpixel,to_previous,4,13.224989409610602,-9.989094794080271,-13.150000095367432,9.99999988079071,0.0757780850036683,0.9894988877673,0.9999997615814209,0.8829942492394669,True
E5_drift,3,stable_subpixel,to_previous,5,16.565460612138256,-12.42540240390053,-16.75,12.299999833106995,0.22311564363355366,0.9719829524647469,0.9999997615814209,0.8542867032673611,True
E5_drift,3,stable_subpixel,to_previous,6,19.42947961724562,-15.024921949108744,-19.40000009536743,14.99999988079071,0.03860248307318156,0.9786849334737807,0.9999997615814209,0.8287272136419133,True
E5_drift,3,stable_subpixel,to_previous,7,21.86397086148186,-18.303067340591685,-22.050000190734863,18.149999976158142,0.24090771967073468,0.9779171128310885,0.9999997615814209,0.8014813224526006,True
E5_drift,3,stable_subpixel,to_previous,8,24.14947178495952,-21.572656267400966,-24.15000009536743,21.649999976158142,0.07734551309676625,0.96949908548804,0.9999997615814209,0.7756414791600481,True
E6_decorrelation,3,A_cli,to_first,0,0.0,0.0,0.0,0.0,0.0,1.0,0.0,1.0,True
E6_decorrelation,3,A_cli,to_first,1,2.6849743483231348,-1.9229844021524671,0.0,1.1,2.8082718132936306,0.9226787650039653,0.9999999991786146,0.9942708333333334,True
E6_decorrelation,3,A_cli,to_first,2,6.256401506801421,-3.8473896964489764,0.0,0.0,7.34472377224963,0.7840226054178373,0.999999999052131,1.0,True
E6_decorrelation,3,A_cli,to_first,3,9.423182287079317,-7.179555432977962,-87.7,1.1,78.51255431792082,0.14919695046940662,0.9999999995804892,0.5401169162326389,True
E6_decorrelation,3,A_cli,to_first,4,12.492164202489462,-8.826341812991421,0.0,1.1,14.688448668022732,0.41312681835564036,0.9999999987260202,0.9942708333333334,True
E6_decorrelation,3,A_cli,to_first,5,15.617334173382599,-10.878639791340081,0.1,-1.1,19.761639728738512,0.2925629484268653,0.9999999992610712,0.9937529839409722,True
E6_decorrelation,3,A_cli,to_first,6,19.17430785861341,-13.887497869927518,0.1,2.2,22.540997091703087,0.20084120801935543,0.9999999996273604,0.9880268012152779,True
E6_decorrelation,3,A_cli,to_first,7,22.120562461079604,-15.586222869655069,2.2,-0.1,28.9404102655744,0.24512471359672486,0.9999999996754556,0.9880268012152779,True
E6_decorrelation,3,A_cli,to_first,8,25.94360145760377,-17.162192726665953,0.0,-80.8,101.3393391551742,-0.10614250072595026,0.9999999997042551,0.5791666666666667,False
E6_decorrelation,3,A_cli,to_previous,0,0.0,0.0,0.0,0.0,0.0,1.0,0.0,1.0,True
E6_decorrelation,3,A_cli,to_previous,1,2.6849743483231348,-1.9229844021524671,0.0,1.1,2.8082718132936306,0.9226787650039653,0.9999999991786146,0.9942708333333334,True
E6_decorrelation,3,A_cli,to_previous,2,6.256401506801421,-3.8473896964489764,-15.0,1.1,9.165078546003762,0.848614507811871,0.9999999996477205,0.9165934244791667,True
E6_decorrelation,3,A_cli,to_previous,3,9.423182287079317,-7.179555432977962,-15.0,3.2,6.851113577170524,0.8415859464138973,0.9999999991729109,0.9065104166666667,True
E6_decorrelation,3,A_cli,to_previous,4,12.492164202489462,-8.826341812991421,-15.0,3.3000000000000003,6.06874733543032,0.7223476559816769,0.9999999991469887,0.9060302734375001,True
E6_decorrelation,3,A_cli,to_previous,5,15.617334173382599,-10.878639791340081,-15.0,3.3000000000000003,7.603741353341077,0.663713074962007,0.9999999990283299,0.9060302734375001,True
E6_decorrelation,3,A_cli,to_previous,6,19.17430785861341,-13.887497869927518,-15.0,5.4,9.458460032717051,0.5835458039482555,0.9999999996202003,0.8959472656249999,True
E6_decorrelation,3,A_cli,to_previous,7,22.120562461079604,-15.586222869655069,-15.1,5.4,12.3712341187209,0.5023949294992244,0.9999999996210424,0.8954410807291667,True
E6_decorrelation,3,A_cli,to_previous,8,25.94360145760377,-17.162192726665953,-15.1,4.6000000000000005,16.594950396829923,0.4419171320078395,0.9999999995859189,0.8992800564236112,True
E6_decorrelation,3,B_pilot,to_first,0,0.0,0.0,0.0,0.0,0.0,1.0,0.0,1.0,True
E6_decorrelation,3,B_pilot,to_first,1,2.6849743483231348,-1.9229844021524671,-3.0,2.0,0.32430319691030884,0.917787344361482,,0.97412109375,True
E6_decorrelation,3,B_pilot,to_first,2,6.256401506801421,-3.8473896964489764,-8.0,4.0,1.750264440087352,0.9144498937319809,,0.9383680555555556,True
E6_decorrelation,3,B_pilot,to_first,3,9.423182287079317,-7.179555432977962,-12.0,9.0,3.154997297498341,0.8780681211848675,,0.8935546875,True
E6_decorrelation,3,B_pilot,to_first,4,12.492164202489462,-8.826341812991421,-15.0,12.0,4.044916151818464,0.8041216269774248,,0.8642578125,True
E6_decorrelation,3,B_pilot,to_first,5,15.617334173382599,-10.878639791340081,-16.0,14.0,3.1447293503680522,0.8048993629495325,,0.8498263888888888,True
E6_decorrelation,3,B_pilot,to_first,6,19.17430785861341,-13.887497869927518,-20.0,17.0,3.220161024242935,0.798236846897093,,0.8165147569444444,True
E6_decorrelation,3,B_pilot,to_first,7,22.120562461079604,-15.586222869655069,-22.0,18.0,2.416786159757992,0.7247156065426184,,0.8024088541666666,True
E6_decorrelation,3,B_pilot,to_first,8,25.94360145760377,-17.162192726665953,-26.0,18.0,0.8397034136145032,0.7198697552187343,,0.7835286458333334,True
E6_decorrelation,3,B_pilot,to_previous,0,0.0,0.0,0.0,0.0,0.0,1.0,0.0,1.0,True
E6_decorrelation,3,B_pilot,to_previous,1,2.6849743483231348,-1.9229844021524671,-3.0,2.0,0.32430319691030884,0.917787344361482,,0.97412109375,True
E6_decorrelation,3,B_pilot,to_previous,2,6.256401506801421,-3.8473896964489764,-8.0,4.0,1.750264440087352,0.9144498937319809,,0.9383680555555556,True
E6_decorrelation,3,B_pilot,to_previous,3,9.423182287079317,-7.179555432977962,-12.0,8.0,2.704277872774497,0.8770611396956512,,0.8984375,True
E6_decorrelation,3,B_pilot,to_previous,4,12.492164202489462,-8.826341812991421,-15.0,10.0,2.768883155210342,0.79916972178986,,0.8738606770833334,True
E6_decorrelation,3,B_pilot,to_previous,5,15.617334173382599,-10.878639791340081,-17.0,12.0,1.7802284981601093,0.7980250750510397,,0.8544921875,True
E6_decorrelation,3,B_pilot,to_previous,6,19.17430785861341,-13.887497869927518,-20.0,15.0,1.3854344090441024,0.7904462773871139,,0.8258463541666666,True
E6_decorrelation,3,B_pilot,to_previous,7,22.120562461079604,-15.586222869655069,-24.0,16.0,1.9244471871941926,0.7179754929452618,,0.8020833333333334,True
E6_decorrelation,3,B_pilot,to_previous,8,25.94360145760377,-17.162192726665953,-27.0,16.0,1.5705635339877608,0.7133495882872669,,0.7877604166666666,True
E6_decorrelation,3,stable_subpixel,to_first,0,0.0,0.0,0.0,0.0,0.0,1.0,0.0,1.0,True
E6_decorrelation,3,stable_subpixel,to_first,1,2.6849743483231348,-1.9229844021524671,-73.94999694824219,16.100000381469727,72.66148380156291,0.24438491408778784,1.0,0.5632865530537027,True
E6_decorrelation,3,stable_subpixel,to_first,2,6.256401506801421,-3.8473896964489764,45.70000076293945,-39.099998474121094,67.40879681086703,0.08921502506190628,1.0,0.6068052871794336,True
E6_decorrelation,3,stable_subpixel,to_first,3,9.423182287079317,-7.179555432977962,-85.9000015258789,33.75,80.96105486820943,0.17285468551188224,1.0,0.45546670894448954,False
E6_decorrelation,3,stable_subpixel,to_first,4,12.492164202489462,-8.826341812991421,73.8499984741211,-63.95000076293945,112.92194248419361,-0.06594656721800028,1.0,0.410403309604153,False
E6_decorrelation,3,stable_subpixel,to_first,5,15.617334173382599,-10.878639791340081,-76.94999694824219,-69.19999694824219,100.86765380995348,-0.1084563670170989,1.0,0.38325034521106244,False
E6_decorrelation,3,stable_subpixel,to_first,6,19.17430785861341,-13.887497869927518,-87.0,-2.950000047683716,69.88437486723132,-0.029842267253715863,1.0,0.5384724933537655,False
E6_decorrelation,3,stable_subpixel,to_first,7,22.120562461079604,-15.586222869655069,-26.049999237060547,6.849999904632568,9.579251801211722,0.5883241866970116,1.0,0.8334864002030291,True
E6_decorrelation,3,stable_subpixel,to_first,8,25.94360145760377,-17.162192726665953,6.300000190734863,-32.0,58.79261042810221,-0.10454456876196588,1.0,0.805989582505491,False
E6_decorrelation,3,stable_subpixel,to_previous,0,0.0,0.0,0.0,0.0,0.0,1.0,0.0,1.0,True
E6_decorrelation,3,stable_subpixel,to_previous,1,2.6849743483231348,-1.9229844021524671,-73.94999694824219,16.100000381469727,72.66148380156291,0.24438491408778784,1.0,0.5632865530537027,True
E6_decorrelation,3,stable_subpixel,to_previous,2,6.256401506801421,-3.8473896964489764,-18.999996185302734,13.000000476837158,15.689789336610131,0.6320112960072555,1.0,0.8400336534379877,True
E6_decorrelation,3,stable_subpixel,to_previous,3,9.423182287079317,-7.179555432977962,4.100004196166992,16.050000429153442,16.17285896466145,0.5730244097411583,1.0,0.8968371359875893,True
E6_decorrelation,3,stable_subpixel,to_previous,4,12.492164202489462,-8.826341812991421,32.15000343322754,90.30000042915344,92.90253053344873,-0.1390653193367107,1.0,0.44099242030817554,False
E6_decorrelation,3,stable_subpixel,to_previous,5,15.617334173382599,-10.878639791340081,64.15000343322754,56.250001192092896,91.76812400940014,-0.0908456952306443,1.0,0.4708017817255395,False
E6_decorrelation,3,stable_subpixel,to_previous,6,19.17430785861341,-13.887497869927518,138.10000038146973,-19.65000033378601,160.81035979737365,-0.02034919780933804,1.0,0.2519982887441034,False
E6_decorrelation,3,stable_subpixel,to_previous,7,22.120562461079604,-15.586222869655069,213.10000038146973,-8.549999952316284,236.4556415822586,0.0,1.0,0.0,False
E6_decorrelation,3,stable_subpixel,to_previous,8,25.94360145760377,-17.162192726665953,292.1999988555908,-27.750000715255737,321.29807895473994,0.0,1.0,0.0,False
E1_baseline,4,A_cli,to_first,0,0.0,0.0,0.0,0.0,0.0,1.0,0.0,1.0,True
E1_baseline,4,A_cli,to_first,1,-5.071209774759366,4.508835166488062,5.0,-4.5,0.07175578156602685,0.9900506023580313,0.999999983594742,0.9511311848958334,True
E1_baseline,4,A_cli,to_first,2,5.2082703054842,-6.733988521045736,-5.1,6.8,0.1268068389455841,0.9914914490054625,0.9999999816751252,0.9389615885416666,True
E1_baseline,4,A_cli,to_first,3,-4.059446305611486,-5.957477448384505,4.0,6.0,0.07308919651184137,0.9986036762120694,0.9999999792029712,0.9485677083333334,True
E1_baseline,4,A_cli,to_first,4,-5.25757534885836,-3.542287835753049,5.2,3.6,0.08152063970694115,0.9872420584926136,0.9999999845615081,0.9546744791666667,True
E1_baseline,4,A_cli,to_first,5,0.6997576743853564,7.18910559876689,-0.7,-7.1,0.08910592827253162,0.990681926554995,0.9999999823357314,0.9595098198784723,True
E1_baseline,4,A_cli,to_first,6,-6.967194538986034,7.699453844211863,7.0,-7.8,0.10576260074388823,0.9932832616827442,0.9999999825350839,0.9243977864583334,True
E1_baseline,4,A_cli,to_first,7,7.200158939856742,-1.9987226765508712,-7.1,2.0,0.10016708435619054,0.996639957388968,0.9999999795359146,0.9529893663194444,True
E1_baseline,4,A_cli,to_first,8,-3.863933760917419,-6.896895384383786,3.9,7.0,0.10923065212168759,0.9965656651542238,0.999999979607327,0.9439697265625,True
E1_baseline,4,A_cli,to_previous,0,0.0,0.0,0.0,0.0,0.0,1.0,0.0,1.0,True
E1_baseline,4,A_cli,to_previous,1,-5.071209774759366,4.508835166488062,5.0,-4.5,0.07175578156602685,0.9900506023580313,0.999999983594742,0.9511311848958334,True
E1_baseline,4,A_cli,to_previous,2,5.2082703054842,-6.733988521045736,-5.1,6.800000000000001,0.12680683894558453,0.9914914490054625,0.9999999832293305,0.9389615885416666,True
E1_baseline,4,A_cli,to_previous,3,-4.059446305611486,-5.957477448384505,4.0,6.000000000000001,0.0730891965118419,0.9985356201008827,0.9999999801744357,0.9485677083333334,True
E1_baseline,4,A_cli,to_previous,4,-5.25757534885836,-3.542287835753049,5.1,3.600000000000001,0.16781145512121978,0.9877761129974927,0.9999999839895795,0.955185546875,True
E1_baseline,4,A_cli,to_previous,5,0.6997576743853564,7.18910559876689,-0.8000000000000007,-7.099999999999998,0.13412058595248802,0.9915052356930498,0.9999999822324213,0.9590082465277777,True
E1_baseline,4,A_cli,to_previous,6,-6.967194538986034,7.699453844211863,6.999999999999999,-7.599999999999998,0.10472471246490382,0.9911628465221183,0.9999999815436017,0.9254014756944444,True
E1_baseline,4,A_cli,to_previous,7,7.200158939856742,-1.9987226765508712,-7.1000000000000005,2.200000000000003,0.2248207600913952,0.9941875554449733,0.9999999813208972,0.9519862196180556,True
E1_baseline,4,A_cli,to_previous,8,-3.863933760917419,-6.896895384383786,3.8999999999999995,7.200000000000003,0.30524282400969965,0.9935365904041168,0.9999999777462965,0.9429492187500002,True
E1_baseline,4,B_pilot,to_first,0,0.0,0.0,0.0,0.0,0.0,1.0,0.0,1.0,True
E1_baseline,4,B_pilot,to_first,1,-5.071209774759366,4.508835166488062,5.0,-5.0,0.4963000359662383,0.9825043681333862,,0.9485948350694444,True
E1_baseline,4,B_pilot,to_first,2,5.2082703054842,-6.733988521045736,-5.0,7.0,0.3378440869423598,0.9901911801670638,,0.9384494357638888,True
E1_baseline,4,B_pilot,to_first,3,-4.059446305611486,-5.957477448384505,4.0,6.0,0.07308919651184137,0.9977163314963817,,0.9485677083333334,True
E1_baseline,4,B_pilot,to_first,4,-5.25757534885836,-3.542287835753049,5.0,4.0,0.5252099443452435,0.9820550440049252,,0.9536675347222222,True
E1_baseline,4,B_pilot,to_first,5,0.6997576743853564,7.18910559876689,-1.0,-7.0,0.3548328924655571,0.9900550705037088,,0.9585232204861112,True
E1_baseline,4,B_pilot,to_first,6,-6.967194538986034,7.699453844211863,7.0,-8.0,0.302331258773164,0.9914632507638207,,0.9233940972222222,True
E1_baseline,4,B_pilot,to_first,7,7.200158939856742,-1.9987226765508712,-7.0,2.0,0.2001630154643172,0.9958258480918516,,0.9535047743055556,True
E1_baseline,4,B_pilot,to_first,8,-3.863933760917419,-6.896895384383786,4.0,7.0,0.1707178466928555,0.9958589209224761,,0.9434678819444444,True
E1_baseline,4,B_pilot,to_previous,0,0.0,0.0,0.0,0.0,0.0,1.0,0.0,1.0,True
E1_baseline,4,B_pilot,to_previous,1,-5.071209774759366,4.508835166488062,5.0,-5.0,0.4963000359662383,0.9825043681333862,,0.9485948350694444,True
E1_baseline,4,B_pilot,to_previous,2,5.2082703054842,-6.733988521045736,-5.0,6.0,0.7629650510825443,0.9663605193725435,,0.9435221354166666,True
E1_baseline,4,B_pilot,to_previous,3,-4.059446305611486,-5.957477448384505,4.0,5.0,0.9593210762908096,0.9426353896021401,,0.9536675347222222,True
E1_baseline,4,B_pilot,to_previous,4,-5.25757534885836,-3.542287835753049,5.0,3.0,0.600350861701082,0.9778848480968484,,0.958740234375,True
E1_baseline,4,B_pilot,to_previous,5,0.6997576743853564,7.18910559876689,-1.0,-8.0,0.8646936937677375,0.961353475332163,,0.9533420138888888,True
E1_baseline,4,B_pilot,to_previous,6,-6.967194538986034,7.699453844211863,7.0,-9.0,1.3009598385836665,0.9476617107463109,,0.9183756510416666,True
E1_baseline,4,B_pilot,to_previous,7,7.200158939856742,-1.9987226765508712,-7.0,1.0,1.0185826357549548,0.9442108373333958,,0.9585232204861112,True
E1_baseline,4,B_pilot,to_previous,8,-3.863933760917419,-6.896895384383786,4.0,6.0,0.9071578429066339,0.951658656095684,,0.9485677083333334,True
E1_baseline,4,stable_subpixel,to_first,0,0.0,0.0,0.0,0.0,0.0,1.0,0.0,1.0,True
E1_baseline,4,stable_subpixel,to_first,1,-5.071209774759366,4.508835166488062,5.0,-4.550000190734863,0.0822519984104905,0.9857597321772962,0.9999999403953552,0.9508775489456538,True
E1_baseline,4,stable_subpixel,to_first,2,5.2082703054842,-6.733988521045736,-5.099999904632568,6.900000095367432,0.19819768542881827,0.9884781516210438,0.9999999403953552,0.9384545898390935,True
E1_baseline,4,stable_subpixel,to_first,3,-4.059446305611486,-5.957477448384505,4.0,6.0,0.07308919651184137,0.9977163314963817,0.9999999403953552,0.9485677083333334,True
E1_baseline,4,stable_subpixel,to_first,4,-5.25757534885836,-3.542287835753049,5.099999904632568,3.6500000953674316,0.19087155758308197,0.9824905798757414,0.9999999403953552,0.9549320475297929,True
E1_baseline,4,stable_subpixel,to_first,5,0.6997576743853564,7.18910559876689,-0.8500000238418579,-7.099999904632568,0.17467852843829657,0.98807761404947,0.9999999403953552,0.9587574602273526,True
E1_baseline,4,stable_subpixel,to_first,6,-6.967194538986034,7.699453844211863,7.0,-7.849999904632568,0.15407892321967168,0.9907234456841569,0.9999999403953552,0.9241468646279019,True
E1_baseline,4,stable_subpixel,to_first,7,7.200158939856742,-1.9987226765508712,-7.099999904632568,2.0,0.10016717971586758,0.9949327214565143,0.9999999403953552,0.9529893668109758,True
E1_baseline,4,stable_subpixel,to_first,8,-3.863933760917419,-6.896895384383786,3.950000047683716,6.949999809265137,0.10113103213018963,0.9948969429769356,0.9999999403953552,0.9439738641233676,True
E1_baseline,4,stable_subpixel,to_previous,0,0.0,0.0,0.0,0.0,0.0,1.0,0.0,1.0,True
E1_baseline,4,stable_subpixel,to_previous,1,-5.071209774759366,4.508835166488062,5.0,-4.550000190734863,0.0822519984104905,0.9857597321772962,0.9999999403953552,0.9508775489456538,True
E1_baseline,4,stable_subpixel,to_previous,2,5.2082703054842,-6.733988521045736,-5.100000381469727,6.84999942779541,0.1586849297538409,0.9879948135890089,0.9999999403953552,0.9387080901778406,True
E1_baseline,4,stable_subpixel,to_previous,3,-4.059446305611486,-5.957477448384505,4.0,5.949999451637268,0.05991480356477737,0.997357121947681,0.9999999403953552,0.9488227024493325,True
E1_baseline,4,stable_subpixel,to_previous,4,-5.25757534885836,-3.542287835753049,5.100000023841858,3.5999995470046997,0.16781127694422152,0.982421558672915,0.9999999403953552,0.9551855490498321,True
E1_baseline,4,stable_subpixel,to_previous,5,0.6997576743853564,7.18910559876689,-0.8499997854232788,-7.100000262260437,0.17467814094230455,0.9880776078704397,0.9999999403953552,0.9587574595687975,True
E1_baseline,4,stable_subpixel,to_previous,6,-6.967194538986034,7.699453844211863,7.0000001192092896,-7.850000262260437,0.15407929802877618,0.9905135475334395,0.9999999403953552,0.9241468622376688,True
E1_baseline,4,stable_subpixel,to_previous,7,7.200158939856742,-1.9987226765508712,-7.050000071525574,2.0000001192092896,0.15016430201030678,0.9952116699206749,0.9999999403953552,0.9532470693457678,True
E1_baseline,4,stable_subpixel,to_previous,8,-3.863933760917419,-6.896895384383786,4.0000001192092896,6.949999928474426,0.14606213219683745,0.995202306420754,0.9999999403953552,0.9437228730302498,True
E2_sparse,4,A_cli,to_first,0,0.0,0.0,0.0,0.0,0.0,1.0,0.0,1.0,True
E2_sparse,4,A_cli,to_first,1,3.5767297964891878,-6.751596187200608,0.0,0.0,7.640487360902796,0.9768161421618778,0.9999999996947078,1.0,True
E2_sparse,4,A_cli,to_first,2,5.071473457177495,-6.994178927308532,0.0,0.0,8.639350779662935,0.9766689857896834,0.9999999997315706,1.0,True
E2_sparse,4,A_cli,to_first,3,-7.759245047648955,3.891568409066558,0.0,0.0,8.68044862849321,0.9766111836770182,0.9999999998135607,1.0,True
E2_sparse,4,A_cli,to_first,4,-7.283898477549336,6.213340594584411,0.0,0.0,9.573963566650757,0.9763756397384767,0.9999999997460325,1.0,True
E2_sparse,4,A_cli,to_first,5,5.857963010433103,3.86260322147783,0.0,0.0,7.016796582356751,0.9770603283236456,0.9999999997230664,1.0,True
E2_sparse,4,A_cli,to_first,6,6.081173139830588,1.7749902344563964,0.0,0.0,6.334923605617718,0.9776938871009021,0.999999999665536,1.0,True
E2_sparse,4,A_cli,to_first,7,1.777729898543539,5.985506261103243,0.0,0.0,6.243925751791235,0.977698504534471,0.9999999998058716,1.0,True
E2_sparse,4,A_cli,to_first,8,-5.574272990227378,-4.304180603978857,0.0,0.0,7.042619543979802,0.9770029781104048,0.9999999996979866,1.0,True
E2_sparse,4,A_cli,to_previous,0,0.0,0.0,0.0,0.0,0.0,1.0,0.0,1.0,True
E2_sparse,4,A_cli,to_previous,1,3.5767297964891878,-6.751596187200608,0.0,0.0,7.640487360902796,0.9768161421618778,0.9999999996947078,1.0,True
E2_sparse,4,A_cli,to_previous,2,5.071473457177495,-6.994178927308532,0.0,0.0,8.639350779662935,0.9766689857896834,0.9999999995720463,1.0,True
E2_sparse,4,A_cli,to_previous,3,-7.759245047648955,3.891568409066558,0.0,0.0,8.68044862849321,0.9766111836770182,0.9999999996704206,1.0,True
E2_sparse,4,A_cli,to_previous,4,-7.283898477549336,6.213340594584411,0.0,0.0,9.573963566650757,0.9763756397384767,0.9999999996941263,1.0,True
E2_sparse,4,A_cli,to_previous,5,5.857963010433103,3.86260322147783,0.0,0.0,7.016796582356751,0.9770603283236456,0.9999999996287683,1.0,True
E2_sparse,4,A_cli,to_previous,6,6.081173139830588,1.7749902344563964,0.0,0.0,6.334923605617718,0.9776938871009021,0.9999999995679321,1.0,True
E2_sparse,4,A_cli,to_previous,7,1.777729898543539,5.985506261103243,0.0,0.0,6.243925751791235,0.977698504534471,0.999999999627837,1.0,True
E2_sparse,4,A_cli,to_previous,8,-5.574272990227378,-4.304180603978857,0.0,0.0,7.042619543979802,0.9770029781104048,0.999999999745453,1.0,True
E2_sparse,4,B_pilot,to_first,0,0.0,0.0,0.0,0.0,0.0,1.0,0.0,1.0,True
E2_sparse,4,B_pilot,to_first,1,3.5767297964891878,-6.751596187200608,-4.0,7.0,0.4907770567104373,0.883488761707523,,0.9434678819444444,True
E2_sparse,4,B_pilot,to_first,2,5.071473457177495,-6.994178927308532,-5.0,7.0,0.07171011064126578,0.861537680981305,,0.9384494357638888,True
E2_sparse,4,B_pilot,to_first,3,-7.759245047648955,3.891568409066558,8.0,-4.0,0.2640461266406143,0.8150340782412056,,0.9383680555555556,True
E2_sparse,4,B_pilot,to_first,4,-7.283898477549336,6.213340594584411,7.0,-6.0,0.3551232952827238,0.7565188968984816,,0.9334309895833334,True
E2_sparse,4,B_pilot,to_first,5,5.857963010433103,3.86260322147783,-6.0,-4.0,0.19761675322071523,0.7044372266424531,,0.9485677083333334,True
E2_sparse,4,B_pilot,to_first,6,6.081173139830588,1.7749902344563964,-6.0,-2.0,0.23920383195079384,0.7678114735187506,,0.9586588541666666,True
E2_sparse,4,B_pilot,to_first,7,1.777729898543539,5.985506261103243,-2.0,-6.0,0.2227421524289303,0.7280974009535972,,0.9586588541666666,True
E2_sparse,4,B_pilot,to_first,8,-5.574272990227378,-4.304180603978857,6.0,4.0,0.5232297073818346,0.9490648386516145,,0.9485677083333334,True
E2_sparse,4,B_pilot,to_previous,0,0.0,0.0,0.0,0.0,0.0,1.0,0.0,1.0,True
E2_sparse,4,B_pilot,to_previous,1,3.5767297964891878,-6.751596187200608,-4.0,7.0,0.4907770567104373,0.883488761707523,,0.9434678819444444,True
E2_sparse,4,B_pilot,to_previous,2,5.071473457177495,-6.994178927308532,-5.0,7.0,0.07171011064126578,0.861537680981305,,0.9384494357638888,True
E2_sparse,4,B_pilot,to_previous,3,-7.759245047648955,3.891568409066558,8.0,-4.0,0.2640461266406143,0.8150340782412056,,0.9383680555555556,True
E2_sparse,4,B_pilot,to_previous,4,-7.283898477549336,6.213340594584411,8.0,-6.0,0.7472051925366879,0.7543207132268157,,0.9283854166666666,True
E2_sparse,4,B_pilot,to_previous,5,5.857963010433103,3.86260322147783,-5.0,-4.0,0.8688949315191701,0.7256725294076337,,0.9536675347222222,True
E2_sparse,4,B_pilot,to_previous,6,6.081173139830588,1.7749902344563964,-5.0,-2.0,1.104339057029642,0.7900086323879598,,0.9638129340277778,True
E2_sparse,4,B_pilot,to_previous,7,1.777729898543539,5.985506261103243,-1.0,-6.0,0.7778649391480187,0.750234813020856,,0.9637044270833334,True
E2_sparse,4,B_pilot,to_previous,8,-5.574272990227378,-4.304180603978857,6.0,4.0,0.5232297073818346,0.9490648386516145,,0.9485677083333334,True
E2_sparse,4,stable_subpixel,to_first,0,0.0,0.0,0.0,0.0,0.0,1.0,0.0,1.0,True
E2_sparse,4,stable_subpixel,to_first,1,3.5767297964891878,-6.751596187200608,-3.5,6.9,0.16706631414701542,0.8857317805107464,0.9999999999709556,0.9464884440104167,True
E2_sparse,4,stable_subpixel,to_first,2,5.071473457177495,-6.994178927308532,-4.7,7.35,0.514393978540483,0.8635177886089211,0.9999999999714425,0.9381766764322916,True
E2_sparse,4,stable_subpixel,to_first,3,-7.759245047648955,3.891568409066558,8.05,-3.65,0.37801288149427764,0.8133273545480918,0.9999999999718087,0.9398595513237846,True
E2_sparse,4,stable_subpixel,to_first,4,-7.283898477549336,6.213340594584411,7.15,-6.5,0.31638966007638286,0.7267316091218824,0.9999999999728842,0.9301669650607638,True
E2_sparse,4,stable_subpixel,to_first,5,5.857963010433103,3.86260322147783,-5.8,-3.7,0.17262536955336596,0.7067020197908026,0.9999999999727406,0.9511029730902778,True
E2_sparse,4,stable_subpixel,to_first,6,6.081173139830588,1.7749902344563964,-6.15,-2.35,0.5791142954126499,0.7171519558272572,0.9999999999713631,0.9561212158203125,True
E2_sparse,4,stable_subpixel,to_first,7,1.777729898543539,5.985506261103243,-0.8,-6.05,0.9798546815027431,0.7200674661275454,0.999999999975974,0.9644542100694442,True
E2_sparse,4,stable_subpixel,to_first,8,-5.574272990227378,-4.304180603978857,5.75,4.7,0.433073869253468,0.950681562780432,0.9999999999744119,0.9463060167100694,True
E2_sparse,4,stable_subpixel,to_previous,0,0.0,0.0,0.0,0.0,0.0,1.0,0.0,1.0,True
E2_sparse,4,stable_subpixel,to_previous,1,3.5767297964891878,-6.751596187200608,-3.5,6.9,0.16706631414701542,0.8857317805107464,0.9999999999709556,0.9464884440104167,True
E2_sparse,4,stable_subpixel,to_previous,2,5.071473457177495,-6.994178927308532,-4.05,6.95,1.0224283844535405,0.8618254264073587,0.9999999999729878,0.9434718831380208,True
E2_sparse,4,stable_subpixel,to_previous,3,-7.759245047648955,3.891568409066558,9.350000000000001,-4.249999999999999,1.6306362328270698,0.780443742266305,0.9999999999710224,0.9302446153428819,True
E2_sparse,4,stable_subpixel,to_previous,4,-7.283898477549336,6.213340594584411,9.350000000000001,-6.399999999999999,2.0745161447197895,0.7216979011262865,0.9999999999747909,0.9195920138888888,True
E2_sparse,4,stable_subpixel,to_previous,5,5.857963010433103,3.86260322147783,-4.049999999999999,-3.8499999999999988,1.8080069381188646,0.726061151987525,0.9999999999702234,0.9592771402994791,True
E2_sparse,4,stable_subpixel,to_previous,6,6.081173139830588,1.7749902344563964,-3.999999999999999,-2.2499999999999987,2.1346934007754133,0.7801516915100064,0.9999999999636049,0.9676920572916666,True
E2_sparse,4,stable_subpixel,to_previous,7,1.777729898543539,5.985506261103243,0.5500000000000007,-6.499999999999998,2.383910713079976,0.7368091890889893,0.9999999999713638,0.9633782280815972,True
E2_sparse,4,stable_subpixel,to_previous,8,-5.574272990227378,-4.304180603978857,7.9,4.250000000000002,2.326358025290479,0.9374863076261916,0.9999999999691078,0.9376295301649306,True
E3_mcherry,4,A_cli,to_first,0,0.0,0.0,0.0,0.0,0.0,1.0,0.0,1.0,True
E3_mcherry,4,A_cli,to_first,1,0.0,0.0,6.8,-4.9,8.381527307120106,0.9573585338786493,0.9999999814011405,0.9399663628472221,True
E3_mcherry,4,A_cli,to_first,2,0.0,0.0,7.0,7.8,10.480458005259122,0.9434375903817084,0.9999999735865887,0.9243977864583334,True
E3_mcherry,4,A_cli,to_first,3,0.0,0.0,-3.9,7.2,8.188406438373708,0.9556738308018313,0.9999999738730839,0.9429492187500002,True
E3_mcherry,4,A_cli,to_first,4,0.0,0.0,-6.2,-5.9,8.558621384311845,0.9618602249188443,0.9999999629877366,0.9379714626736112,True
E3_mcherry,4,A_cli,to_first,5,0.0,0.0,-3.9,-6.0,7.156116265125938,0.9716216144862786,0.9999999584346978,0.9490722656249999,True
E3_mcherry,4,A_cli,to_first,6,0.0,0.0,-1.8,-1.8,2.545584412271571,0.9964858601576785,0.9999999587047722,0.9813378906249999,True
E3_mcherry,4,A_cli,to_first,7,0.0,0.0,-6.0,5.6,8.207313811473277,0.9571277994658938,0.9999999746904785,0.9404947916666667,True
E3_mcherry,4,A_cli,to_first,8,0.0,0.0,4.3,4.1,5.941380311005179,0.9813619895079487,0.9999999607955844,0.9567282443576389,True
E3_mcherry,4,A_cli,to_previous,0,0.0,0.0,0.0,0.0,0.0,1.0,0.0,1.0,True
E3_mcherry,4,A_cli,to_previous,1,0.0,0.0,6.8,-4.9,8.381527307120106,0.9573585338786493,0.9999999814011405,0.9399663628472221,True
E3_mcherry,4,A_cli,to_previous,2,0.0,0.0,6.8999999999999995,7.9,10.489041900955492,0.9431412148317919,0.9999999842129728,0.9243953450520832,True
E3_mcherry,4,A_cli,to_previous,3,0.0,0.0,-4.000000000000001,7.5,8.5,0.9522100646510565,0.9999999694758128,0.94091796875,True
E3_mcherry,4,A_cli,to_previous,4,0.0,0.0,-6.4,-5.6,8.50411665018772,0.962392732873971,0.9999999838475107,0.9384722222222222,True
E3_mcherry,4,A_cli,to_previous,5,0.0,0.0,-4.0,-5.699999999999999,6.963476143421473,0.9730268027829022,0.9999999690803748,0.9500976562500001,True
E3_mcherry,4,A_cli,to_previous,6,0.0,0.0,-1.9,-1.4999999999999991,2.4207436873820405,0.9966991818768749,0.999999962774334,0.9823689778645832,True
E3_mcherry,4,A_cli,to_previous,7,0.0,0.0,-6.1,5.800000000000001,8.417244204607586,0.9547583770362278,0.9999999780356904,0.9389805772569445,True
E3_mcherry,4,A_cli,to_previous,8,0.0,0.0,4.200000000000001,4.4,6.082762530298221,0.9802458152718049,0.9999999755615798,0.9557096354166666,True
E3_mcherry,4,B_pilot,to_first,0,0.0,0.0,0.0,0.0,0.0,1.0,0.0,1.0,True
E3_mcherry,4,B_pilot,to_first,1,0.0,0.0,0.0,0.0,0.0,1.0,,1.0,True
E3_mcherry,4,B_pilot,to_first,2,0.0,0.0,0.0,0.0,0.0,1.0,,1.0,True
E3_mcherry,4,B_pilot,to_first,3,0.0,0.0,0.0,0.0,0.0,1.0,,1.0,True
E3_mcherry,4,B_pilot,to_first,4,0.0,0.0,0.0,0.0,0.0,1.0,,1.0,True
E3_mcherry,4,B_pilot,to_first,5,0.0,0.0,0.0,0.0,0.0,1.0,,1.0,True
E3_mcherry,4,B_pilot,to_first,6,0.0,0.0,0.0,0.0,0.0,1.0,,1.0,True
E3_mcherry,4,B_pilot,to_first,7,0.0,0.0,0.0,0.0,0.0,1.0,,1.0,True
E3_mcherry,4,B_pilot,to_first,8,0.0,0.0,0.0,0.0,0.0,1.0,,1.0,True
E3_mcherry,4,B_pilot,to_previous,0,0.0,0.0,0.0,0.0,0.0,1.0,0.0,1.0,True
E3_mcherry,4,B_pilot,to_previous,1,0.0,0.0,0.0,0.0,0.0,1.0,,1.0,True
E3_mcherry,4,B_pilot,to_previous,2,0.0,0.0,0.0,0.0,0.0,1.0,,1.0,True
E3_mcherry,4,B_pilot,to_previous,3,0.0,0.0,0.0,0.0,0.0,1.0,,1.0,True
E3_mcherry,4,B_pilot,to_previous,4,0.0,0.0,0.0,0.0,0.0,1.0,,1.0,True
E3_mcherry,4,B_pilot,to_previous,5,0.0,0.0,0.0,0.0,0.0,1.0,,1.0,True
E3_mcherry,4,B_pilot,to_previous,6,0.0,0.0,0.0,0.0,0.0,1.0,,1.0,True
E3_mcherry,4,B_pilot,to_previous,7,0.0,0.0,0.0,0.0,0.0,1.0,,1.0,True
E3_mcherry,4,B_pilot,to_previous,8,0.0,0.0,0.0,0.0,0.0,1.0,,1.0,True
E3_mcherry,4,stable_subpixel,to_first,0,0.0,0.0,0.0,0.0,0.0,1.0,0.0,1.0,True
E3_mcherry,4,stable_subpixel,to_first,1,0.0,0.0,0.0,0.0,0.0,1.0,1.0,1.0,True
E3_mcherry,4,stable_subpixel,to_first,2,0.0,0.0,0.0,0.0,0.0,1.0,1.0,1.0,True
E3_mcherry,4,stable_subpixel,to_first,3,0.0,0.0,0.0,0.0,0.0,1.0,1.0,1.0,True
E3_mcherry,4,stable_subpixel,to_first,4,0.0,0.0,0.0,0.0,0.0,1.0,1.0,1.0,True
E3_mcherry,4,stable_subpixel,to_first,5,0.0,0.0,0.0,0.0,0.0,1.0,1.0,1.0,True
E3_mcherry,4,stable_subpixel,to_first,6,0.0,0.0,0.0,0.0,0.0,1.0,1.0,1.0,True
E3_mcherry,4,stable_subpixel,to_first,7,0.0,0.0,0.0,0.0,0.0,1.0,1.0,1.0,True
E3_mcherry,4,stable_subpixel,to_first,8,0.0,0.0,0.0,0.0,0.0,1.0,1.0,1.0,True
E3_mcherry,4,stable_subpixel,to_previous,0,0.0,0.0,0.0,0.0,0.0,1.0,0.0,1.0,True
E3_mcherry,4,stable_subpixel,to_previous,1,0.0,0.0,0.0,0.0,0.0,1.0,1.0,1.0,True
E3_mcherry,4,stable_subpixel,to_previous,2,0.0,0.0,0.0,0.0,0.0,1.0,1.0,1.0,True
E3_mcherry,4,stable_subpixel,to_previous,3,0.0,0.0,0.0,0.0,0.0,1.0,1.0,1.0,True
E3_mcherry,4,stable_subpixel,to_previous,4,0.0,0.0,0.0,0.0,0.0,1.0,1.0,1.0,True
E3_mcherry,4,stable_subpixel,to_previous,5,0.0,0.0,0.0,0.0,0.0,1.0,1.0,1.0,True
E3_mcherry,4,stable_subpixel,to_previous,6,0.0,0.0,0.0,0.0,0.0,1.0,1.0,1.0,True
E3_mcherry,4,stable_subpixel,to_previous,7,0.0,0.0,0.0,0.0,0.0,1.0,1.0,1.0,True
E3_mcherry,4,stable_subpixel,to_previous,8,0.0,0.0,0.0,0.0,0.0,1.0,1.0,1.0,True
E4_gradient,4,A_cli,to_first,0,0.0,0.0,0.0,0.0,0.0,1.0,0.0,1.0,True
E4_gradient,4,A_cli,to_first,1,3.483081151575413,0.32781041400489697,-3.4,-0.2,0.15244008552608437,0.8244730156511808,0.9999999993212092,0.9812684461805556,True
E4_gradient,4,A_cli,to_first,2,-4.556020405744844,-5.291956922087879,4.6,5.2,0.10193272404249919,0.904255369448651,0.9999999991287847,0.949607204861111,True
E4_gradient,4,A_cli,to_first,3,-3.6355828302778326,2.174503423018114,3.7,-2.1,0.09849026244472375,0.8712111615023684,0.99999999908736,0.9700024414062501,True
E4_gradient,4,A_cli,to_first,4,0.18547669586612026,-4.783270666651953,-0.1,4.8,0.087098427830009,0.9295425180961027,0.9999999985720031,0.9744921875,True
E4_gradient,4,A_cli,to_first,5,-3.8034073310695242,3.3816263748660464,3.8,-3.3,0.08169746005103043,0.8447707648893833,0.9999999991610421,0.9633610026041666,True
E4_gradient,4,A_cli,to_first,6,3.9062027291131503,-5.050491390784302,-4.0,5.0,0.10652374650355739,0.850406995961308,0.9999999991203884,0.9536675347222222,True
E4_gradient,4,A_cli,to_first,7,-3.0445847292086143,-4.468108086288379,3.1,4.5,0.06393705026877676,0.9108996317374091,0.9999999988391072,0.9607950846354166,True
E4_gradient,4,A_cli,to_first,8,-3.94318151164377,-2.6567158768147867,4.0,2.8,0.1541385110089051,0.9528172679572348,0.9999999985679204,0.9648871527777777,True
E4_gradient,4,A_cli,to_previous,0,0.0,0.0,0.0,0.0,0.0,1.0,0.0,1.0,True
E4_gradient,4,A_cli,to_previous,1,3.483081151575413,0.32781041400489697,-3.4,-0.2,0.15244008552608437,0.8244730156511808,0.9999999993212092,0.9812684461805556,True
E4_gradient,4,A_cli,to_previous,2,-4.556020405744844,-5.291956922087879,4.5,5.3,0.05659484925430417,0.9035290493726974,0.9999999996040314,0.9496053059895834,True
E4_gradient,4,A_cli,to_previous,3,-3.6355828302778326,2.174503423018114,3.9,-2.0,0.3168089081590356,0.9037167163767289,0.9999999994661677,0.969482421875,True
E4_gradient,4,A_cli,to_previous,4,0.18547669586612026,-4.783270666651953,0.10000000000000009,5.0,0.35842509373106984,0.9599281466632141,0.9999999993651146,0.9734510633680556,True
E4_gradient,4,A_cli,to_previous,5,-3.8034073310695242,3.3816263748660464,4.1,-3.0999999999999996,0.4089995431336002,0.8464651543538004,0.9999999994315145,0.9628447808159724,True
E4_gradient,4,A_cli,to_previous,6,3.9062027291131503,-5.050491390784302,4.1,-3.0999999999999996,11.424963547027529,0.6323457602271485,0.9999999995946917,0.9628447808159724,True
E4_gradient,4,A_cli,to_previous,7,-3.0445847292086143,-4.468108086288379,11.1,-3.4999999999999996,11.330510211798641,0.654121002157919,0.9999999992728992,0.9250122070312501,True
E4_gradient,4,A_cli,to_previous,8,-3.94318151164377,-2.6567158768147867,11.7,-5.3999999999999995,11.183868015182604,0.6578444671180796,0.9999999992433996,0.9126513671875001,True
E4_gradient,4,B_pilot,to_first,0,0.0,0.0,0.0,0.0,0.0,1.0,0.0,1.0,True
E4_gradient,4,B_pilot,to_first,1,3.483081151575413,0.32781041400489697,-3.0,0.0,0.5838039624201682,0.8728346199687758,,0.984375,True
E4_gradient,4,B_pilot,to_first,2,-4.556020405744844,-5.291956922087879,5.0,5.0,0.5313724912620154,0.9050481706149651,,0.9485948350694444,True
E4_gradient,4,B_pilot,to_first,3,-3.6355828302778326,2.174503423018114,4.0,-2.0,0.404043708320466,0.9046902144636069,,0.9689670138888888,True
E4_gradient,4,B_pilot,to_first,4,0.18547669586612026,-4.783270666651953,0.0,5.0,0.2852598966607506,0.9634885998697266,,0.9739583333333334,True
E4_gradient,4,B_pilot,to_first,5,-3.8034073310695242,3.3816263748660464,4.0,-3.0,0.4292870455424993,0.8764771866197754,,0.9638671875,True
E4_gradient,4,B_pilot,to_first,6,3.9062027291131503,-5.050491390784302,-4.0,5.0,0.10652374650355739,0.8506785802344518,,0.9536675347222222,True
E4_gradient,4,B_pilot,to_first,7,-3.0445847292086143,-4.468108086288379,3.0,4.0,0.47022651831556034,0.8929773565568516,,0.9638671875,True
E4_gradient,4,B_pilot,to_first,8,-3.94318151164377,-2.6567158768147867,4.0,3.0,0.347954493935813,0.9557580071461829,,0.9638671875,True
E4_gradient,4,B_pilot,to_previous,0,0.0,0.0,0.0,0.0,0.0,1.0,0.0,1.0,True
E4_gradient,4,B_pilot,to_previous,1,3.483081151575413,0.32781041400489697,-3.0,0.0,0.5838039624201682,0.8728346199687758,,0.984375,True
E4_gradient,4,B_pilot,to_previous,2,-4.556020405744844,-5.291956922087879,5.0,5.0,0.5313724912620154,0.9050481706149651,,0.9485948350694444,True
E4_gradient,4,B_pilot,to_previous,3,-3.6355828302778326,2.174503423018114,4.0,-2.0,0.404043708320466,0.9046902144636069,,0.9689670138888888,True
E4_gradient,4,B_pilot,to_previous,4,0.18547669586612026,-4.783270666651953,0.0,5.0,0.2852598966607506,0.9634885998697266,,0.9739583333333334,True
E4_gradient,4,B_pilot,to_previous,5,-3.8034073310695242,3.3816263748660464,4.0,-3.0,0.4292870455424993,0.8764771866197754,,0.9638671875,True
E4_gradient,4,B_pilot,to_previous,6,3.9062027291131503,-5.050491390784302,-4.0,5.0,0.10652374650355739,0.8506785802344518,,0.9536675347222222,True
E4_gradient,4,B_pilot,to_previous,7,-3.0445847292086143,-4.468108086288379,3.0,4.0,0.47022651831556034,0.8929773565568516,,0.9638671875,True
E4_gradient,4,B_pilot,to_previous,8,-3.94318151164377,-2.6567158768147867,4.0,2.0,0.6591692373584352,0.8987905408064968,,0.9689670138888888,True
E4_gradient,4,stable_subpixel,to_first,0,0.0,0.0,0.0,0.0,0.0,1.0,0.0,1.0,True
E4_gradient,4,stable_subpixel,to_first,1,3.483081151575413,0.32781041400489697,-3.450000047683716,-0.15000000596046448,0.18086155103730822,0.8250867902214668,0.9999999403953552,0.9812640378072925,True
E4_gradient,4,stable_subpixel,to_first,2,-4.556020405744844,-5.291956922087879,4.650000095367432,5.150000095367432,0.17024665257824292,0.9039396114482312,0.9999999403953552,0.949607949878296,True
E4_gradient,4,stable_subpixel,to_first,3,-3.6355828302778326,2.174503423018114,3.799999952316284,-2.049999952316284,0.20623797961628812,0.8749057493712168,0.9999999403953552,0.9697425677634439,True
E4_gradient,4,stable_subpixel,to_first,4,0.18547669586612026,-4.783270666651953,-0.10000000149011612,4.900000095367432,0.1446790406717255,0.9330663878032825,0.9999999403953552,0.9739716249300182,True
E4_gradient,4,stable_subpixel,to_first,5,-3.8034073310695242,3.3816263748660464,3.9000000953674316,-3.25,0.16326562612836812,0.8485439045726821,0.9999999403953552,0.9631042475585774,True
E4_gradient,4,stable_subpixel,to_first,6,3.9062027291131503,-5.050491390784302,-3.950000047683716,5.0,0.06684000042867064,0.8494195810605856,0.9999999403953552,0.9539211694629759,True
E4_gradient,4,stable_subpixel,to_first,7,-3.0445847292086143,-4.468108086288379,3.0,4.400000095367432,0.08140329542403875,0.9090127463714269,0.9999999403953552,0.9618164057610556,True
E4_gradient,4,stable_subpixel,to_first,8,-3.94318151164377,-2.6567158768147867,4.0,2.799999952316284,0.15413846668306347,0.9527101875909134,0.9999999403953552,0.9648871530209564,True
E4_gradient,4,stable_subpixel,to_previous,0,0.0,0.0,0.0,0.0,0.0,1.0,0.0,1.0,True
E4_gradient,4,stable_subpixel,to_previous,1,3.483081151575413,0.32781041400489697,-3.450000047683716,-0.15000000596046448,0.18086155103730822,0.8250867902214668,0.9999999403953552,0.9812640378072925,True
E4_gradient,4,stable_subpixel,to_previous,2,-4.556020405744844,-5.291956922087879,4.6000001430511475,5.199999898672104,0.10193287717425045,0.9040888492104888,0.9999999403953552,0.9496072046513372,True
E4_gradient,4,stable_subpixel,to_previous,3,-3.6355828302778326,2.174503423018114,3.7000001668930054,-1.9999999105930328,0.18601362612798805,0.8989910998660816,0.9999999403953552,0.9705132374437299,True
E4_gradient,4,stable_subpixel,to_previous,4,0.18547669586612026,-4.783270666651953,-0.149999737739563,4.949999898672104,0.1704618765822516,0.933355532396613,0.9999999403953552,0.9734576434596237,True
E4_gradient,4,stable_subpixel,to_previous,5,-3.8034073310695242,3.3816263748660464,3.850000262260437,-3.1999997198581696,0.1875077146314558,0.8473767459125898,0.9999999403953552,0.9636154514755293,True
E4_gradient,4,stable_subpixel,to_previous,6,3.9062027291131503,-5.050491390784302,-4.049999833106995,5.0500002801418304,0.1437979426371589,0.8241348472661313,0.9999999403953552,0.9531589756550561,True
E4_gradient,4,stable_subpixel,to_previous,7,-3.0445847292086143,-4.468108086288379,2.9500001668930054,4.4500002562999725,0.09630229974057915,0.9090762056311384,0.9999999403953552,0.9618144373981584,True
E4_gradient,4,stable_subpixel,to_previous,8,-3.94318151164377,-2.6567158768147867,3.9000001549720764,2.8000002801418304,0.1496497571023587,0.9499809573532143,0.9999999403953552,0.9654003884001899,True
E5_drift,4,A_cli,to_first,0,0.0,0.0,0.0,0.0,0.0,1.0,0.0,1.0,True
E5_drift,4,A_cli,to_first,1,2.4576234726938493,-3.0636043958110077,-2.4,3.0,0.08582530962240768,0.9926247992265611,0.9999999798524425,0.9720703125000001,True
E5_drift,4,A_cli,to_first,2,6.5214157079257555,-4.7218558306802905,-6.6,4.8,0.11082419482891591,0.9898266504665407,0.9999999808720038,0.9414843749999999,True
E5_drift,4,A_cli,to_first,3,9.13712722267396,-6.477171149632227,-9.1,6.5,0.04358425257585654,0.9910913843044193,0.9999999799484447,0.9203545464409724,True
E5_drift,4,A_cli,to_first,4,11.565631074414842,-8.534385170163095,-11.6,8.6,0.07407110732535394,0.9881636394801032,0.9999999833049977,0.8974978298611112,True
E5_drift,4,A_cli,to_first,5,14.924968211037553,-11.933023370008955,-15.0,12.0,0.10057652966702724,0.9977278573212198,0.9999999769597522,0.8642578125,True
E5_drift,4,A_cli,to_first,6,17.086344064320986,-15.395455100535438,-17.0,15.3,0.12871275640625926,0.9921552852774179,0.999999981037497,0.8388264973958333,True
E5_drift,4,A_cli,to_first,7,21.4613688986736,-17.645614765966577,-21.4,17.7,0.08199936222484305,0.9882901707222993,0.9999999852000145,0.8066292317708333,True
E5_drift,4,A_cli,to_first,8,24.107629248530255,-19.283502842918605,-24.0,19.2,0.13622327229470274,0.9931665979645601,0.9999999816523968,0.7875000000000001,True
E5_drift,4,A_cli,to_previous,0,0.0,0.0,0.0,0.0,0.0,1.0,0.0,1.0,True
E5_drift,4,A_cli,to_previous,1,2.4576234726938493,-3.0636043958110077,-2.4,3.0,0.08582530962240768,0.9926247992265611,0.9999999798524425,0.9720703125000001,True
E5_drift,4,A_cli,to_previous,2,6.5214157079257555,-4.7218558306802905,-6.5,4.8,0.08102557463312847,0.9897792561436791,0.9999999778310024,0.9419921874999999,True
E5_drift,4,A_cli,to_previous,3,9.13712722267396,-6.477171149632227,-9.0,6.4,0.15735075955912467,0.9916017889222664,0.9999999799686734,0.9213541666666666,True
E5_drift,4,A_cli,to_previous,4,11.565631074414842,-8.534385170163095,-11.5,8.5,0.07409303513820653,0.9878906814836133,0.9999999798083525,0.8984849717881944,True
E5_drift,4,A_cli,to_previous,5,14.924968211037553,-11.933023370008955,-14.9,11.9,0.041399933927050415,0.9965579201462276,0.9999999794506937,0.8652265082465278,True
E5_drift,4,A_cli,to_previous,6,17.086344064320986,-15.395455100535438,-16.9,15.2,0.2700496373502153,0.9916178883838094,0.9999999771523538,0.8397808159722222,True
E5_drift,4,A_cli,to_previous,7,21.4613688986736,-17.645614765966577,-21.299999999999997,17.599999999999998,0.16769206401412626,0.987938607897199,0.9999999798327651,0.8075651041666666,True
E5_drift,4,A_cli,to_previous,8,24.107629248530255,-19.283502842918605,-23.9,19.099999999999998,0.27709781342415885,0.9927793710122071,0.9999999821227952,0.7884247504340278,True
E5_drift,4,B_pilot,to_first,0,0.0,0.0,0.0,0.0,0.0,1.0,0.0,1.0,True
E5_drift,4,B_pilot,to_first,1,2.4576234726938493,-3.0636043958110077,-2.0,3.0,0.4620224690714312,0.9877280835224899,,0.97412109375,True
E5_drift,4,B_pilot,to_first,2,6.5214157079257555,-4.7218558306802905,-7.0,5.0,0.5535405166261608,0.9841872617361702,,0.9384494357638888,True
E5_drift,4,B_pilot,to_first,3,9.13712722267396,-6.477171149632227,-9.0,6.0,0.49648381770165984,0.9854953718908015,,0.92333984375,True
E5_drift,4,B_pilot,to_first,4,11.565631074414842,-8.534385170163095,-12.0,9.0,0.6367680372616507,0.9809219915469222,,0.8935546875,True
E5_drift,4,B_pilot,to_first,5,14.924968211037553,-11.933023370008955,-15.0,12.0,0.10057652966702724,0.9958460161127237,,0.8642578125,True
E5_drift,4,B_pilot,to_first,6,17.086344064320986,-15.395455100535438,-17.0,15.0,0.4047715824795015,0.9878515550489819,,0.8402506510416666,True
E5_drift,4,B_pilot,to_first,7,21.4613688986736,-17.645614765966577,-21.0,18.0,0.5817646902006134,0.9818557408400589,,0.80712890625,True
E5_drift,4,B_pilot,to_first,8,24.107629248530255,-19.283502842918605,-24.0,19.0,0.3032456381914148,0.9898570406927175,,0.7884114583333334,True
E5_drift,4,B_pilot,to_previous,0,0.0,0.0,0.0,0.0,0.0,1.0,0.0,1.0,True
E5_drift,4,B_pilot,to_previous,1,2.4576234726938493,-3.0636043958110077,-2.0,3.0,0.4620224690714312,0.9877280835224899,,0.97412109375,True
E5_drift,4,B_pilot,to_previous,2,6.5214157079257555,-4.7218558306802905,-6.0,5.0,0.5909640593117893,0.9825501010709662,,0.9435221354166666,True
E5_drift,4,B_pilot,to_previous,3,9.13712722267396,-6.477171149632227,-9.0,7.0,0.5405126103757074,0.9834698684421028,,0.9183756510416666,True
E5_drift,4,B_pilot,to_previous,4,11.565631074414842,-8.534385170163095,-12.0,9.0,0.6367680372616507,0.9809219915469222,,0.8935546875,True
E5_drift,4,B_pilot,to_previous,5,14.924968211037553,-11.933023370008955,-15.0,12.0,0.10057652966702724,0.9958460161127237,,0.8642578125,True
E5_drift,4,B_pilot,to_previous,6,17.086344064320986,-15.395455100535438,-17.0,15.0,0.4047715824795015,0.9878515550489819,,0.8402506510416666,True
E5_drift,4,B_pilot,to_previous,7,21.4613688986736,-17.645614765966577,-21.0,17.0,0.7935235892507359,0.9744704432631566,,0.811767578125,True
E5_drift,4,B_pilot,to_previous,8,24.107629248530255,-19.283502842918605,-24.0,19.0,0.3032456381914148,0.9898570406927175,,0.7884114583333334,True
E5_drift,4,stable_subpixel,to_first,0,0.0,0.0,0.0,0.0,0.0,1.0,0.0,1.0,True
E5_drift,4,stable_subpixel,to_first,1,2.4576234726938493,-3.0636043958110077,-2.3499999046325684,3.0,0.1250134055560623,0.9892173464449543,0.9999998807907104,0.9723266606451944,True
E5_drift,4,stable_subpixel,to_first,2,6.5214157079257555,-4.7218558306802905,-6.599999904632568,4.849999904632568,0.1503209222335398,0.9850931155819124,0.9999998807907104,0.9412329111200395,True
E5_drift,4,stable_subpixel,to_first,3,9.13712722267396,-6.477171149632227,-9.050000190734863,6.400000095367432,0.11638939518210605,0.9869735286594769,0.9999998807907104,0.9211024291219656,True
E5_drift,4,stable_subpixel,to_first,4,11.565631074414842,-8.534385170163095,-11.699999809265137,8.600000381469727,0.1495336512631279,0.9823260378178607,0.9999999403953552,0.897000324603998,True
E5_drift,4,stable_subpixel,to_first,5,14.924968211037553,-11.933023370008955,-15.0,12.0,0.10057652966702724,0.9958460161127237,0.9999998807907104,0.8642578125,True
E5_drift,4,stable_subpixel,to_first,6,17.086344064320986,-15.395455100535438,-17.049999237060547,15.25,0.1499270914156795,0.987449538725028,0.9999999403953552,0.8388241274644517,True
E5_drift,4,stable_subpixel,to_first,7,21.4613688986736,-17.645614765966577,-21.350000381469727,17.799999237060547,0.19036152851654267,0.9824661626876313,0.9999999403953552,0.8064027252534611,True
E5_drift,4,stable_subpixel,to_first,8,24.107629248530255,-19.283502842918605,-24.049999237060547,19.149999618530273,0.1454108976111482,0.9886853887273168,0.9999999403953552,0.787493427081758,True
E5_drift,4,stable_subpixel,to_previous,0,0.0,0.0,0.0,0.0,0.0,1.0,0.0,1.0,True
E5_drift,4,stable_subpixel,to_previous,1,2.4576234726938493,-3.0636043958110077,-2.3499999046325684,3.0,0.1250134055560623,0.9892173464449543,0.9999998807907104,0.9723266606451944,True
E5_drift,4,stable_subpixel,to_previous,2,6.5214157079257555,-4.7218558306802905,-6.5,4.850000023841858,0.1299213869499182,0.9850184330178053,0.9999998807907104,0.941740586902597,True
E5_drift,4,stable_subpixel,to_previous,3,9.13712722267396,-6.477171149632227,-9.0,6.399999976158142,0.15735077125213354,0.9873422934309497,0.9999998807907104,0.9213541667850222,True
E5_drift,4,stable_subpixel,to_previous,4,11.565631074414842,-8.534385170163095,-11.599999904632568,8.550000071525574,0.03774972364262881,0.9821291591045193,0.9999998807907104,0.8977425131453978,True
E5_drift,4,stable_subpixel,to_previous,5,14.924968211037553,-11.933023370008955,-14.899999856948853,11.899999976158142,0.041400039218878554,0.9941615922575814,0.9999998807907104,0.8652265090599475,True
E5_drift,4,stable_subpixel,to_previous,6,17.086344064320986,-15.395455100535438,-16.949999809265137,15.199999928474426,0.23831172898565905,0.9875157120395662,0.9999998807907104,0.8395410168794074,True
E5_drift,4,stable_subpixel,to_previous,7,21.4613688986736,-17.645614765966577,-21.299999713897705,17.74999988079071,0.19218810054757512,0.9822973279158647,0.9999998807907104,0.8068705259929023,True
E5_drift,4,stable_subpixel,to_previous,8,24.107629248530255,-19.283502842918605,-23.949999809265137,19.09999990463257,0.24190983544007572,0.9888995052083258,0.9999998807907104,0.7881902411296808,True
E6_decorrelation,4,A_cli,to_first,0,0.0,0.0,0.0,0.0,0.0,1.0,0.0,1.0,True
E6_decorrelation,4,A_cli,to_first,1,2.157159542608042,-1.5300943690438806,-60.2,0.0,58.063004720221265,-0.03100747822255318,0.9999999997731721,0.6864583333333334,False
E6_decorrelation,4,A_cli,to_first,2,6.015217106524692,-3.119607059350214,0.1,39.1,36.49636360548121,0.4035927172168774,0.9999999998691614,0.7959393988715279,True
E6_decorrelation,4,A_cli,to_first,3,10.236051574428506,-6.351852435654352,3.4,-0.1,15.085367161323358,0.6688336682339243,0.9999999997477265,0.981780056423611,True
E6_decorrelation,4,A_cli,to_first,4,14.089583327784418,-9.611999078133175,16.2,1.1,31.4628826790702,0.25692278349411324,0.9999999998369253,0.9103792317708334,True
E6_decorrelation,4,A_cli,to_first,5,17.61692555191823,-12.334215315451118,0.0,8.9,17.948534779605506,0.552022653721771,0.999999999837408,0.9536458333333333,True
E6_decorrelation,4,A_cli,to_first,6,21.80216090521561,-14.137431191672697,1.1,51.8,44.07922484992647,0.45029942381277255,0.9999999997002287,0.7260248480902778,True
E6_decorrelation,4,A_cli,to_first,7,24.379632685843916,-16.11043016828563,-1.1,-80.0,98.88961565867632,-0.10457686140175834,0.9999999997609917,0.5799913194444444,False
E6_decorrelation,4,A_cli,to_first,8,28.042759085320373,-18.62728318750972,96.0,1.1,125.274944571666,-0.08737189716388376,0.9999999998475306,0.4971354166666667,False
E6_decorrelation,4,A_cli,to_previous,0,0.0,0.0,0.0,0.0,0.0,1.0,0.0,1.0,True
E6_decorrelation,4,A_cli,to_previous,1,2.157159542608042,-1.5300943690438806,-60.2,0.0,58.063004720221265,-0.03100747822255318,0.9999999997731721,0.6864583333333334,False
E6_decorrelation,4,A_cli,to_previous,2,6.015217106524692,-3.119607059350214,-2.200000000000003,0.0,4.928268435735447,0.8942293404859885,0.9999999998919917,0.9885416666666669,True
E6_decorrelation,4,A_cli,to_previous,3,10.236051574428506,-6.351852435654352,-70.4,0.0,60.4983199726997,-0.0061951503395240165,0.9999999998998694,0.6333333333333333,False
E6_decorrelation,4,A_cli,to_previous,4,14.089583327784418,-9.611999078133175,-101.2,0.0,87.63911922814519,-0.11131723866326518,0.9999999998494916,0.47291666666666665,False
E6_decorrelation,4,A_cli,to_previous,5,17.61692555191823,-12.334215315451118,-101.2,13.4,83.58986918991678,-0.11254882924065987,0.9999999997659212,0.4399110243055555,False
E6_decorrelation,4,A_cli,to_previous,6,21.80216090521561,-14.137431191672697,-101.2,13.4,79.40126357737466,-0.10885038483336519,0.999999998964809,0.4399110243055555,False
E6_decorrelation,4,A_cli,to_previous,7,24.379632685843916,-16.11043016828563,-101.2,13.4,76.86816809303454,-0.11091831239572697,0.9999999980119665,0.4399110243055555,False
E6_decorrelation,4,A_cli,to_previous,8,28.042759085320373,-18.62728318750972,-101.10000000000001,14.5,73.17373105545077,-0.10985637264892793,0.9999999997310217,0.43768310546874994,False
E6_decorrelation,4,B_pilot,to_first,0,0.0,0.0,0.0,0.0,0.0,1.0,0.0,1.0,True
E6_decorrelation,4,B_pilot,to_first,1,2.157159542608042,-1.5300943690438806,-2.0,2.0,0.49549008449921345,0.9446559561993805,,0.9792751736111112,True
E6_decorrelation,4,B_pilot,to_first,2,6.015217106524692,-3.119607059350214,-6.0,3.0,0.12057117805424897,0.8978493882345484,,0.95361328125,True
E6_decorrelation,4,B_pilot,to_first,3,10.236051574428506,-6.351852435654352,-11.0,7.0,1.0018545114438324,0.9185427614411071,,0.9083387586805556,True
E6_decorrelation,4,B_pilot,to_first,4,14.089583327784418,-9.611999078133175,-14.0,12.0,2.389680642984274,0.8812187172736428,,0.869140625,True
E6_decorrelation,4,B_pilot,to_first,5,17.61692555191823,-12.334215315451118,-17.0,16.0,3.7173343258419407,0.8363611019612517,,0.8355034722222222,True
E6_decorrelation,4,B_pilot,to_first,6,21.80216090521561,-14.137431191672697,-19.0,18.0,4.77195384908339,0.8552839130450772,,0.8165690104166666,True
E6_decorrelation,4,B_pilot,to_first,7,24.379632685843916,-16.11043016828563,-20.0,20.0,5.857468389901471,0.8696356707347532,,0.8025173611111112,True
E6_decorrelation,4,B_pilot,to_first,8,28.042759085320373,-18.62728318750972,-25.0,21.0,3.8585188769233354,0.8487014175358091,,0.774658203125,True
E6_decorrelation,4,B_pilot,to_previous,0,0.0,0.0,0.0,0.0,0.0,1.0,0.0,1.0,True
E6_decorrelation,4,B_pilot,to_previous,1,2.157159542608042,-1.5300943690438806,-2.0,2.0,0.49549008449921345,0.9446559561993805,,0.9792751736111112,True
E6_decorrelation,4,B_pilot,to_previous,2,6.015217106524692,-3.119607059350214,-6.0,3.0,0.12057117805424897,0.8978493882345484,,0.95361328125,True
E6_decorrelation,4,B_pilot,to_previous,3,10.236051574428506,-6.351852435654352,-11.0,7.0,1.0018545114438324,0.9185427614411071,,0.9083387586805556,True
E6_decorrelation,4,B_pilot,to_previous,4,14.089583327784418,-9.611999078133175,-14.0,13.0,3.3891850671197323,0.8810919016733135,,0.8643120659722222,True
E6_decorrelation,4,B_pilot,to_previous,5,17.61692555191823,-12.334215315451118,-17.0,16.0,3.7173343258419407,0.8363611019612517,,0.8355034722222222,True
E6_decorrelation,4,B_pilot,to_previous,6,21.80216090521561,-14.137431191672697,-19.0,18.0,4.77195384908339,0.8552839130450772,,0.8165690104166666,True
E6_decorrelation,4,B_pilot,to_previous,7,24.379632685843916,-16.11043016828563,-21.0,20.0,5.152734280652079,0.8687947264224186,,0.7978515625,True
E6_decorrelation,4,B_pilot,to_previous,8,28.042759085320373,-18.62728318750972,-26.0,22.0,3.943105803540343,0.8457366026284137,,0.7655164930555556,True
E6_decorrelation,4,stable_subpixel,to_first,0,0.0,0.0,0.0,0.0,0.0,1.0,0.0,1.0,True
E6_decorrelation,4,stable_subpixel,to_first,1,2.157159542608042,-1.5300943690438806,34.099998474121094,87.80000305175781,93.57926400423261,0.05629529154060897,1.0,0.44632106329003957,False
E6_decorrelation,4,stable_subpixel,to_first,2,6.015217106524692,-3.119607059350214,-24.950000762939453,35.0,37.07944829909776,0.20105808779768933,1.0,0.7114488357264135,True
E6_decorrelation,4,stable_subpixel,to_first,3,10.236051574428506,-6.351852435654352,-36.04999923706055,35.95000076293945,39.27353152357292,0.10402444076299792,1.0,0.6601561821852293,True
E6_decorrelation,4,stable_subpixel,to_first,4,14.089583327784418,-9.611999078133175,14.0,70.0999984741211,66.69199923872112,0.17809311941166675,1.0,0.5886013528539075,True
E6_decorrelation,4,stable_subpixel,to_first,5,17.61692555191823,-12.334215315451118,84.19999694824219,70.1500015258789,117.08693711312789,-0.13057586989659556,1.0,0.35632134894116047,False
E6_decorrelation,4,stable_subpixel,to_first,6,21.80216090521561,-14.137431191672697,-55.0,-4.849999904632568,38.244202962019415,0.13653934635198706,1.0,0.6955173072120588,True
E6_decorrelation,4,stable_subpixel,to_first,7,24.379632685843916,-16.11043016828563,-19.0,-73.0,89.2726677802983,0.0039956939367707806,1.0,0.5584581163194444,False
E6_decorrelation,4,stable_subpixel,to_first,8,28.042759085320373,-18.62728318750972,-27.0,28.0,9.430544361655702,0.8074003428524583,1.0,0.7340494791666666,True
E6_decorrelation,4,stable_subpixel,to_previous,0,0.0,0.0,0.0,0.0,0.0,1.0,0.0,1.0,True
E6_decorrelation,4,stable_subpixel,to_previous,1,2.157159542608042,-1.5300943690438806,34.099998474121094,87.80000305175781,93.57926400423261,0.05629529154060897,1.0,0.44632106329003957,False
E6_decorrelation,4,stable_subpixel,to_previous,2,6.015217106524692,-3.119607059350214,55.14999771118164,122.95000457763672,134.5381272096751,-0.09140188096029928,1.0,0.256333876725079,False
E6_decorrelation,4,stable_subpixel,to_previous,3,10.236051574428506,-6.351852435654352,98.99999618530273,48.05000305175781,116.92412024458227,-0.11829651911833071,1.0,0.3631551178741369,False
E6_decorrelation,4,stable_subpixel,to_previous,4,14.089583327784418,-9.611999078133175,53.89999771118164,68.00000381469727,89.61998787642835,-0.12535855887438202,1.0,0.46452907326941667,False
E6_decorrelation,4,stable_subpixel,to_previous,5,17.61692555191823,-12.334215315451118,57.14999771118164,8.85000228881836,74.84806313222288,-0.16000305462881795,1.0,0.669970095772296,False
E6_decorrelation,4,stable_subpixel,to_previous,6,21.80216090521561,-14.137431191672697,106.0999984741211,29.050003051757812,128.76857991520856,-0.06908282443175152,1.0,0.37970391130902686,False
E6_decorrelation,4,stable_subpixel,to_previous,7,24.379632685843916,-16.11043016828563,173.04999542236328,-65.14999389648438,213.49874607156653,0.0,1.0,0.0652074706037019,False
E6_decorrelation,4,stable_subpixel,to_previous,8,28.042759085320373,-18.62728318750972,256.1999969482422,-155.14999389648438,333.15534873131276,0.0,1.0,0.0,False
E1_baseline,5,A_cli,to_first,0,0.0,0.0,0.0,0.0,0.0,1.0,0.0,1.0,True
E1_baseline,5,A_cli,to_first,1,3.6981078465445734,-3.5723103416624458,-3.8,3.6,0.10558753768619981,0.9902984003061367,0.9999999724119424,0.9618294270833333,True
E1_baseline,5,A_cli,to_first,2,-0.5584057906451978,-6.2138954957611485,0.4,6.1,0.19510145684901511,0.990705663867421,0.99999996905608,0.9662120225694445,True
E1_baseline,5,A_cli,to_first,3,-6.212956182213549,-1.2757907550722365,6.1,1.2,0.1360269739966319,0.9934458169717433,0.9999999710904705,0.962177734375,True
E1_baseline,5,A_cli,to_first,4,4.54480864533399,-7.741812936505447,-4.6,7.8,0.0801986283423124,0.9902801447867917,0.9999999724317341,0.9363899739583333,True
E1_baseline,5,A_cli,to_first,5,1.0642756866918557,2.9524265288432954,-1.0,-3.0,0.07996623698541405,0.999243591312416,0.9999999657049582,0.979248046875,True
E1_baseline,5,A_cli,to_first,6,-0.5047059559611125,-0.6638270357529876,0.4,0.6,0.12262637443365754,0.9891522765132281,0.9999999701208754,0.9947981770833333,True
E1_baseline,5,A_cli,to_first,7,-3.177443858253188,6.806463004089361,3.1,-6.9,0.12143607695049624,0.9952848452872004,0.9999999669462857,0.9484969075520833,True
E1_baseline,5,A_cli,to_first,8,-3.6567961888406852,4.778592164995635,3.8,-4.9,0.1877423605130177,0.9926475838022844,0.9999999685592803,0.9551925998263887,True
E1_baseline,5,A_cli,to_previous,0,0.0,0.0,0.0,0.0,0.0,1.0,0.0,1.0,True
E1_baseline,5,A_cli,to_previous,1,3.6981078465445734,-3.5723103416624458,-3.8,3.6,0.10558753768619981,0.9902984003061367,0.9999999724119424,0.9618294270833333,True
E1_baseline,5,A_cli,to_previous,2,-0.5584057906451978,-6.2138954957611485,0.6000000000000005,6.1,0.12125288535341763,0.9912931633631946,0.999999971114031,0.9652034505208333,True
E1_baseline,5,A_cli,to_previous,3,-6.212956182213549,-1.2757907550722365,6.1000000000000005,1.1999999999999993,0.13602697399663155,0.993445816971697,0.9999999676519318,0.962177734375,True
E1_baseline,5,A_cli,to_previous,4,4.54480864533399,-7.741812936505447,-4.599999999999999,7.8999999999999995,0.16753874980701847,0.9906670069178556,0.9999999705014655,0.935881618923611,True
E1_baseline,5,A_cli,to_previous,5,1.0642756866918557,2.9524265288432954,-1.0999999999999988,-2.9000000000000012,0.0634410552236887,0.9980018427302164,0.9999999702588286,0.9792532009548611,True
E1_baseline,5,A_cli,to_previous,6,-0.5047059559611125,-0.6638270357529876,0.5000000000000013,0.7999999999999989,0.13625425576225403,0.9899448961423732,0.999999969687966,0.993240017361111,True
E1_baseline,5,A_cli,to_previous,7,-3.177443858253188,6.806463004089361,3.1000000000000014,-6.800000000000001,0.07771307227872747,0.9945254394409673,0.999999970834129,0.9490093315972222,True
E1_baseline,5,A_cli,to_previous,8,-3.6567961888406852,4.778592164995635,3.6000000000000014,-4.800000000000001,0.06069680771177985,0.9911421971389365,0.9999999636311334,0.9567187499999998,True
E1_baseline,5,B_pilot,to_first,0,0.0,0.0,0.0,0.0,0.0,1.0,0.0,1.0,True
E1_baseline,5,B_pilot,to_first,1,3.6981078465445734,-3.5723103416624458,-4.0,4.0,0.5235048387234341,0.9851152489500187,,0.9587673611111112,True
E1_baseline,5,B_pilot,to_first,2,-0.5584057906451978,-6.2138954957611485,1.0,6.0,0.49066967385665927,0.9862249948681304,,0.9637044270833334,True
E1_baseline,5,B_pilot,to_first,3,-6.212956182213549,-1.2757907550722365,6.0,1.0,0.34844063501016176,0.9917361852997145,,0.9637044270833334,True
E1_baseline,5,B_pilot,to_first,4,4.54480864533399,-7.741812936505447,-5.0,8.0,0.5233160891073552,0.9845652149921801,,0.9333767361111112,True
E1_baseline,5,B_pilot,to_first,5,1.0642756866918557,2.9524265288432954,-1.0,-3.0,0.07996623698541405,0.9987842478142632,,0.979248046875,True
E1_baseline,5,B_pilot,to_first,6,-0.5047059559611125,-0.6638270357529876,1.0,1.0,0.5986054225873823,0.9825550817502207,,0.9896104600694444,True
E1_baseline,5,B_pilot,to_first,7,-3.177443858253188,6.806463004089361,3.0,-7.0,0.26256978428199274,0.994163522436203,,0.948486328125,True
E1_baseline,5,B_pilot,to_first,8,-3.6567961888406852,4.778592164995635,4.0,-5.0,0.40842414888887124,0.9895466859384501,,0.9536675347222222,True
E1_baseline,5,B_pilot,to_previous,0,0.0,0.0,0.0,0.0,0.0,1.0,0.0,1.0,True
E1_baseline,5,B_pilot,to_previous,1,3.6981078465445734,-3.5723103416624458,-4.0,4.0,0.5235048387234341,0.9851152489500187,,0.9587673611111112,True
E1_baseline,5,B_pilot,to_previous,2,-0.5584057906451978,-6.2138954957611485,0.0,7.0,0.964249614265258,0.9665129661212045,,0.9635416666666666,True
E1_baseline,5,B_pilot,to_previous,3,-6.212956182213549,-1.2757907550722365,6.0,2.0,0.7548704299294097,0.9721146392172311,,0.9586588541666666,True
E1_baseline,5,B_pilot,to_previous,4,4.54480864533399,-7.741812936505447,-5.0,9.0,1.3379962093024493,0.9618009073995741,,0.9283040364583334,True
E1_baseline,5,B_pilot,to_previous,5,1.0642756866918557,2.9524265288432954,-1.0,-2.0,0.954592927243963,0.9517620326672181,,0.9844292534722222,True
E1_baseline,5,B_pilot,to_previous,6,-0.5047059559611125,-0.6638270357529876,1.0,2.0,1.4250173263666106,0.9625837184552848,,0.9844292534722222,True
E1_baseline,5,B_pilot,to_previous,7,-3.177443858253188,6.806463004089361,4.0,-6.0,1.1519466929030344,0.9595576422259918,,0.9485677083333334,True
E1_baseline,5,B_pilot,to_previous,8,-3.6567961888406852,4.778592164995635,5.0,-4.0,1.55254701626247,0.960166717417171,,0.9536675347222222,True
E1_baseline,5,stable_subpixel,to_first,0,0.0,0.0,0.0,0.0,0.0,1.0,0.0,1.0,True
E1_baseline,5,stable_subpixel,to_first,1,3.6981078465445734,-3.5723103416624458,-3.8499999046325684,3.700000047683716,0.19843351111645738,0.9847531438883457,0.9999999403953552,0.9610635039329968,True
E1_baseline,5,stable_subpixel,to_first,2,-0.5584057906451978,-6.2138954957611485,0.6499999761581421,6.099999904632568,0.14615642475891494,0.9860846131663088,0.9999999403953552,0.9649513081239355,True
E1_baseline,5,stable_subpixel,to_first,3,-6.212956182213549,-1.2757907550722365,6.099999904632568,1.149999976158142,0.16906342213727427,0.9897609861368273,0.9999999403953552,0.9624298780011142,True
E1_baseline,5,stable_subpixel,to_first,4,4.54480864533399,-7.741812936505447,-4.650000095367432,7.900000095367432,0.18996951963134706,0.9849402853595937,0.9999999403953552,0.9356319163567645,True
E1_baseline,5,stable_subpixel,to_first,5,1.0642756866918557,2.9524265288432954,-1.0,-3.0,0.07996623698541405,0.9987842478142632,0.9999999403953552,0.979248046875,True
E1_baseline,5,stable_subpixel,to_first,6,-0.5047059559611125,-0.6638270357529876,0.5,0.800000011920929,0.13625426767607188,0.9837374978717569,0.9999999403953552,0.9932400172991847,True
E1_baseline,5,stable_subpixel,to_first,7,-3.177443858253188,6.806463004089361,3.049999952316284,-6.900000095367432,0.15808585200838346,0.9927804698801433,0.9999999403953552,0.9487479652454041,True
E1_baseline,5,stable_subpixel,to_first,8,-3.6567961888406852,4.778592164995635,3.799999952316284,-4.900000095367432,0.18774238581294952,0.9881248238416732,0.9999999403953552,0.9551925995815286,True
E1_baseline,5,stable_subpixel,to_previous,0,0.0,0.0,0.0,0.0,0.0,1.0,0.0,1.0,True
E1_baseline,5,stable_subpixel,to_previous,1,3.6981078465445734,-3.5723103416624458,-3.8499999046325684,3.700000047683716,0.19843351111645738,0.9847531438883457,0.9999999403953552,0.9610635039329968,True
E1_baseline,5,stable_subpixel,to_previous,2,-0.5584057906451978,-6.2138954957611485,0.6500000953674316,6.1000001430511475,0.14615631367301576,0.986084611619717,0.9999999403953552,0.9649513062852202,True
E1_baseline,5,stable_subpixel,to_previous,3,-6.212956182213549,-1.2757907550722365,6.099999904632568,1.1500003337860107,0.16906315604624733,0.9897609830400849,0.9999999403953552,0.962429876197647,True
E1_baseline,5,stable_subpixel,to_previous,4,4.54480864533399,-7.741812936505447,-4.650000095367432,7.900000333786011,0.18996971816196628,0.984940286767906,0.9999999403953552,0.9356319151450749,True
E1_baseline,5,stable_subpixel,to_previous,5,1.0642756866918557,2.9524265288432954,-1.0500001907348633,-2.950000047683716,0.014480248465958757,0.9979141761297782,0.9999999403953552,0.9792506905066288,True
E1_baseline,5,stable_subpixel,to_previous,6,-0.5047059559611125,-0.6638270357529876,0.4999997615814209,0.8499999046325684,0.1862323424445738,0.9839620713844146,0.9999999403953552,0.9929802805945251,True
E1_baseline,5,stable_subpixel,to_previous,7,-3.177443858253188,6.806463004089361,3.049999713897705,-6.900000095367432,0.15808604421410288,0.9927804721122395,0.9999999403953552,0.9487479664425417,True
E1_baseline,5,stable_subpixel,to_previous,8,-3.6567961888406852,4.778592164995635,3.799999713897705,-4.900000095367432,0.1877422039551033,0.9881248223717571,0.9999999403953552,0.9551926007916012,True
E2_sparse,5,A_cli,to_first,0,0.0,0.0,0.0,0.0,0.0,1.0,0.0,1.0,True
E2_sparse,5,A_cli,to_first,1,2.4260553220604457,0.14861726531997732,0.0,0.0,2.4306031180036367,0.9903020195434006,0.9999999995682392,1.0,True
E2_sparse,5,A_cli,to_first,2,5.083735831343377,7.167637952555616,0.0,0.0,8.787457187480358,0.9835974883371046,0.999999999637724,1.0,True
E2_sparse,5,A_cli,to_first,3,-4.310219899252283,-3.537898831715376,0.0,0.0,5.5762643161316685,0.9849534446492515,0.9999999996777656,1.0,True
E2_sparse,5,A_cli,to_first,4,5.655968212817642,0.8279811839810058,0.0,0.0,5.7162513297991175,0.9848763697778213,0.9999999997158674,1.0,True
E2_sparse,5,A_cli,to_first,5,-7.853778567127556,-6.903385132007804,0.0,0.0,10.456508215570748,0.9835537749478426,0.9999999996815617,1.0,True
E2_sparse,5,A_cli,to_first,6,5.527679117219934,-3.752764135455859,0.0,0.0,6.681203116154538,0.9841487862618689,0.999999999641011,1.0,True
E2_sparse,5,A_cli,to_first,7,2.899612647542389,4.09043657371673,0.0,0.0,5.0139231016627335,0.9857417169544097,0.9999999996807877,1.0,True
E2_sparse,5,A_cli,to_first,8,0.8796166158686649,1.634858661287959,0.0,0.0,1.8564719855953926,0.9914238150690045,0.9999999995812543,1.0,True
E2_sparse,5,A_cli,to_previous,0,0.0,0.0,0.0,0.0,0.0,1.0,0.0,1.0,True
E2_sparse,5,A_cli,to_previous,1,2.4260553220604457,0.14861726531997732,0.0,0.0,2.4306031180036367,0.9903020195434006,0.9999999995682392,1.0,True
E2_sparse,5,A_cli,to_previous,2,5.083735831343377,7.167637952555616,0.0,0.0,8.787457187480358,0.9835974883371046,0.9999999994803166,1.0,True
E2_sparse,5,A_cli,to_previous,3,-4.310219899252283,-3.537898831715376,0.0,0.0,5.5762643161316685,0.9849534446492515,0.999999999612965,1.0,True
E2_sparse,5,A_cli,to_previous,4,5.655968212817642,0.8279811839810058,0.0,0.0,5.7162513297991175,0.9848763697778213,0.9999999996534215,1.0,True
E2_sparse,5,A_cli,to_previous,5,-7.853778567127556,-6.903385132007804,0.0,0.0,10.456508215570748,0.9835537749478426,0.9999999996093907,1.0,True
E2_sparse,5,A_cli,to_previous,6,5.527679117219934,-3.752764135455859,0.0,0.0,6.681203116154538,0.9841487862618689,0.9999999995622122,1.0,True
E2_sparse,5,A_cli,to_previous,7,2.899612647542389,4.09043657371673,0.0,0.0,5.0139231016627335,0.9857417169544097,0.9999999996571421,1.0,True
E2_sparse,5,A_cli,to_previous,8,0.8796166158686649,1.634858661287959,0.0,0.0,1.8564719855953926,0.9914238150690045,0.9999999996417759,1.0,True
E2_sparse,5,B_pilot,to_first,0,0.0,0.0,0.0,0.0,0.0,1.0,0.0,1.0,True
E2_sparse,5,B_pilot,to_first,1,2.4260553220604457,0.14861726531997732,-2.0,0.0,0.45123190158411747,0.9417799581804637,,0.9895833333333334,True
E2_sparse,5,B_pilot,to_first,2,5.083735831343377,7.167637952555616,-5.0,-7.0,0.18738775997328475,0.641892027661812,,0.9384494357638888,True
E2_sparse,5,B_pilot,to_first,3,-4.310219899252283,-3.537898831715376,4.0,3.0,0.620944070792904,0.961995761447428,,0.9638671875,True
E2_sparse,5,B_pilot,to_first,4,5.655968212817642,0.8279811839810058,-6.0,-1.0,0.38464053823857886,0.8142837795478125,,0.9637044270833334,True
E2_sparse,5,B_pilot,to_first,5,-7.853778567127556,-6.903385132007804,8.0,7.0,0.17525735404946693,0.9404120775516172,,0.9233940972222222,True
E2_sparse,5,B_pilot,to_first,6,5.527679117219934,-3.752764135455859,-6.0,4.0,0.5331159245670959,0.8516109321784425,,0.9485677083333334,True
E2_sparse,5,B_pilot,to_first,7,2.899612647542389,4.09043657371673,-3.0,-4.0,0.13511622552110503,0.7782733433757456,,0.9638671875,True
E2_sparse,5,B_pilot,to_first,8,0.8796166158686649,1.634858661287959,-1.0,-2.0,0.38447412970359146,0.8933793336001846,,0.9844292534722222,True
E2_sparse,5,B_pilot,to_previous,0,0.0,0.0,0.0,0.0,0.0,1.0,0.0,1.0,True
E2_sparse,5,B_pilot,to_previous,1,2.4260553220604457,0.14861726531997732,-2.0,0.0,0.45123190158411747,0.9417799581804637,,0.9895833333333334,True
E2_sparse,5,B_pilot,to_previous,2,5.083735831343377,7.167637952555616,-5.0,-7.0,0.18738775997328475,0.641892027661812,,0.9384494357638888,True
E2_sparse,5,B_pilot,to_previous,3,-4.310219899252283,-3.537898831715376,4.0,4.0,0.5565733335528313,0.9615235170376604,,0.9587673611111112,True
E2_sparse,5,B_pilot,to_previous,4,5.655968212817642,0.8279811839810058,-6.0,0.0,0.8966106800716102,0.8474067106933204,,0.96875,True
E2_sparse,5,B_pilot,to_previous,5,-7.853778567127556,-6.903385132007804,8.0,8.0,1.1063204219993465,0.9399505882112197,,0.9184027777777778,True
E2_sparse,5,B_pilot,to_previous,6,5.527679117219934,-3.752764135455859,-5.0,5.0,1.3542682720034387,0.8725625941927841,,0.9485948350694444,True
E2_sparse,5,B_pilot,to_previous,7,2.899612647542389,4.09043657371673,-2.0,-3.0,1.413631789723656,0.8334756958176069,,0.97412109375,True
E2_sparse,5,B_pilot,to_previous,8,0.8796166158686649,1.634858661287959,0.0,-1.0,1.0847907220863302,0.9547507812148625,,0.9947916666666666,True
E2_sparse,5,stable_subpixel,to_first,0,0.0,0.0,0.0,0.0,0.0,1.0,0.0,1.0,True
E2_sparse,5,stable_subpixel,to_first,1,2.4260553220604457,0.14861726531997732,-2.3,-0.2,0.1361254187981082,0.8842890177858628,0.9999999999777675,0.9869916449652778,True
E2_sparse,5,stable_subpixel,to_first,2,5.083735831343377,7.167637952555616,-5.8,-7.35,0.7391145213358147,0.5959903925078331,0.9999999999870597,0.9326668294270833,True
E2_sparse,5,stable_subpixel,to_first,3,-4.310219899252283,-3.537898831715376,3.95,3.35,0.40628111791877325,0.962622574759224,0.9999999999849393,0.9623381212022569,True
E2_sparse,5,stable_subpixel,to_first,4,5.655968212817642,0.8279811839810058,-5.9,-1.25,0.4874950196971138,0.7835276565465161,0.9999999999809543,0.962960476345486,True
E2_sparse,5,stable_subpixel,to_first,5,-7.853778567127556,-6.903385132007804,8.4,6.9,0.5462319222161378,0.9366721555270848,0.9999999999813942,0.921884765625,True
E2_sparse,5,stable_subpixel,to_first,6,5.527679117219934,-3.752764135455859,-5.25,3.8,0.2816681008550212,0.8532134257047126,0.9999999999842227,0.9534057617187499,True
E2_sparse,5,stable_subpixel,to_first,7,2.899612647542389,4.09043657371673,-3.3,-4.2,0.4151074275256284,0.7276550625596693,0.9999999999821376,0.9613134765625,True
E2_sparse,5,stable_subpixel,to_first,8,0.8796166158686649,1.634858661287959,-0.7,-2.05,0.4523322449303575,0.8596764256707895,0.9999999999823619,0.9857160101996527,True
E2_sparse,5,stable_subpixel,to_previous,0,0.0,0.0,0.0,0.0,0.0,1.0,0.0,1.0,True
E2_sparse,5,stable_subpixel,to_previous,1,2.4260553220604457,0.14861726531997732,-2.3,-0.2,0.1361254187981082,0.8842890177858628,0.9999999999777675,0.9869916449652778,True
E2_sparse,5,stable_subpixel,to_previous,2,5.083735831343377,7.167637952555616,-4.75,-6.75,0.5346036518181501,0.6435625672453864,0.9999999999828504,0.9409739176432291,True
E2_sparse,5,stable_subpixel,to_previous,3,-4.310219899252283,-3.537898831715376,4.75,3.0500000000000007,0.6568499120825851,0.9563051283018269,0.9999999999846908,0.9597679985894096,True
E2_sparse,5,stable_subpixel,to_previous,4,5.655968212817642,0.8279811839810058,-5.550000000000001,-1.0999999999999996,0.29193063970083744,0.7842992692374288,0.9999999999832034,0.9655301920572916,True
E2_sparse,5,stable_subpixel,to_previous,5,-7.853778567127556,-6.903385132007804,8.75,7.15,0.9295330816354767,0.9361073421061948,0.9999999999864005,0.9188846164279513,True
E2_sparse,5,stable_subpixel,to_previous,6,5.527679117219934,-3.752764135455859,-4.5,3.8000000000000003,1.0287641104107275,0.873882804052226,0.9999999999820854,0.9572347005208334,True
E2_sparse,5,stable_subpixel,to_previous,7,2.899612647542389,4.09043657371673,-1.5499999999999998,-3.2999999999999994,1.5640474019272628,0.8017043784200925,0.9999999999842496,0.9748783365885415,True
E2_sparse,5,stable_subpixel,to_previous,8,0.8796166158686649,1.634858661287959,0.6000000000000001,-1.3999999999999995,1.4981401539030361,0.9130259401707269,0.9999999999825001,0.9896061197916666,True
E3_mcherry,5,A_cli,to_first,0,0.0,0.0,0.0,0.0,0.0,1.0,0.0,1.0,True
E3_mcherry,5,A_cli,to_first,1,0.0,0.0,4.2,3.5,5.4671747731346585,0.9814075583715702,0.9999999745804727,0.9602945963541667,True
E3_mcherry,5,A_cli,to_first,2,0.0,0.0,-5.8,-1.0,5.885575587824865,0.982350729807787,0.999999972695215,0.9647406684027777,True
E3_mcherry,5,A_cli,to_first,3,0.0,0.0,7.8,6.9,10.413932974625869,0.933879746703262,0.9999999773217988,0.9248974609374999,True
E3_mcherry,5,A_cli,to_first,4,0.0,0.0,-5.4,3.8,6.603029607687671,0.9788979775102277,0.999999974946778,0.9526399739583332,True
E3_mcherry,5,A_cli,to_first,5,0.0,0.0,-2.9,-4.1,5.021951811795888,0.9830864786578692,0.9999999623041523,0.9638642035590278,True
E3_mcherry,5,A_cli,to_first,6,0.0,0.0,-1.0,-1.7,1.972308292331602,0.9972340867429638,0.9999999656779442,0.985983615451389,True
E3_mcherry,5,A_cli,to_first,7,0.0,0.0,3.8,4.4,5.813776741499454,0.9779851654574815,0.9999999745965775,0.9577452256944444,True
E3_mcherry,5,A_cli,to_first,8,0.0,0.0,7.7,3.2,8.338465086573187,0.9621086140961365,0.9999999740159283,0.9438975694444446,True
E3_mcherry,5,A_cli,to_previous,0,0.0,0.0,0.0,0.0,0.0,1.0,0.0,1.0,True
E3_mcherry,5,A_cli,to_previous,1,0.0,0.0,4.2,3.5,5.4671747731346585,0.9814075583715702,0.9999999745804727,0.9602945963541667,True
E3_mcherry,5,A_cli,to_previous,2,0.0,0.0,-5.7,-0.7999999999999998,5.755866572463264,0.9834406792185836,0.9999999795358728,0.9662695312499999,True
E3_mcherry,5,A_cli,to_previous,3,0.0,0.0,7.7,7.0,10.406248123122953,0.933513742580228,0.9999999888131674,0.9248996310763888,True
E3_mcherry,5,A_cli,to_previous,4,0.0,0.0,-5.499999999999999,4.0,6.80073525436772,0.9773913462636016,0.9999999785216499,0.9511176215277778,True
E3_mcherry,5,A_cli,to_previous,5,0.0,0.0,-2.799999999999999,-3.9000000000000004,4.801041553663121,0.9843538228503295,0.9999999758231872,0.9654003906249999,True
E3_mcherry,5,A_cli,to_previous,6,0.0,0.0,-0.7999999999999989,-1.5000000000000004,1.7,0.9978688676843657,0.9999999668738049,0.9880533854166667,True
E3_mcherry,5,A_cli,to_previous,7,0.0,0.0,3.9000000000000012,4.5,5.954829972383763,0.9769491132642486,0.9999999747840945,0.95672607421875,True
E3_mcherry,5,A_cli,to_previous,8,0.0,0.0,7.800000000000001,3.4,8.508818954473059,0.9602694055785284,0.9999999563281659,0.9423860677083332,True
E3_mcherry,5,B_pilot,to_first,0,0.0,0.0,0.0,0.0,0.0,1.0,0.0,1.0,True
E3_mcherry,5,B_pilot,to_first,1,0.0,0.0,0.0,0.0,0.0,1.0,,1.0,True
E3_mcherry,5,B_pilot,to_first,2,0.0,0.0,0.0,0.0,0.0,1.0,,1.0,True
E3_mcherry,5,B_pilot,to_first,3,0.0,0.0,0.0,0.0,0.0,1.0,,1.0,True
E3_mcherry,5,B_pilot,to_first,4,0.0,0.0,0.0,0.0,0.0,1.0,,1.0,True
E3_mcherry,5,B_pilot,to_first,5,0.0,0.0,0.0,0.0,0.0,1.0,,1.0,True
E3_mcherry,5,B_pilot,to_first,6,0.0,0.0,0.0,0.0,0.0,1.0,,1.0,True
E3_mcherry,5,B_pilot,to_first,7,0.0,0.0,0.0,0.0,0.0,1.0,,1.0,True
E3_mcherry,5,B_pilot,to_first,8,0.0,0.0,0.0,0.0,0.0,1.0,,1.0,True
E3_mcherry,5,B_pilot,to_previous,0,0.0,0.0,0.0,0.0,0.0,1.0,0.0,1.0,True
E3_mcherry,5,B_pilot,to_previous,1,0.0,0.0,0.0,0.0,0.0,1.0,,1.0,True
E3_mcherry,5,B_pilot,to_previous,2,0.0,0.0,0.0,0.0,0.0,1.0,,1.0,True
E3_mcherry,5,B_pilot,to_previous,3,0.0,0.0,0.0,0.0,0.0,1.0,,1.0,True
E3_mcherry,5,B_pilot,to_previous,4,0.0,0.0,0.0,0.0,0.0,1.0,,1.0,True
E3_mcherry,5,B_pilot,to_previous,5,0.0,0.0,0.0,0.0,0.0,1.0,,1.0,True
E3_mcherry,5,B_pilot,to_previous,6,0.0,0.0,0.0,0.0,0.0,1.0,,1.0,True
E3_mcherry,5,B_pilot,to_previous,7,0.0,0.0,0.0,0.0,0.0,1.0,,1.0,True
E3_mcherry,5,B_pilot,to_previous,8,0.0,0.0,0.0,0.0,0.0,1.0,,1.0,True
E3_mcherry,5,stable_subpixel,to_first,0,0.0,0.0,0.0,0.0,0.0,1.0,0.0,1.0,True
E3_mcherry,5,stable_subpixel,to_first,1,0.0,0.0,0.0,0.0,0.0,1.0,0.9999999403953552,1.0,True
E3_mcherry,5,stable_subpixel,to_first,2,0.0,0.0,0.0,0.0,0.0,1.0,0.9999999403953552,1.0,True
E3_mcherry,5,stable_subpixel,to_first,3,0.0,0.0,0.0,0.0,0.0,1.0,0.9999999403953552,1.0,True
E3_mcherry,5,stable_subpixel,to_first,4,0.0,0.0,0.0,0.0,0.0,1.0,0.9999999403953552,1.0,True
E3_mcherry,5,stable_subpixel,to_first,5,0.0,0.0,0.0,0.0,0.0,1.0,0.9999999403953552,1.0,True
E3_mcherry,5,stable_subpixel,to_first,6,0.0,0.0,0.0,0.0,0.0,1.0,0.9999999403953552,1.0,True
E3_mcherry,5,stable_subpixel,to_first,7,0.0,0.0,0.0,0.0,0.0,1.0,0.9999999403953552,1.0,True
E3_mcherry,5,stable_subpixel,to_first,8,0.0,0.0,0.0,0.0,0.0,1.0,0.9999999403953552,1.0,True
E3_mcherry,5,stable_subpixel,to_previous,0,0.0,0.0,0.0,0.0,0.0,1.0,0.0,1.0,True
E3_mcherry,5,stable_subpixel,to_previous,1,0.0,0.0,0.0,0.0,0.0,1.0,0.9999999403953552,1.0,True
E3_mcherry,5,stable_subpixel,to_previous,2,0.0,0.0,0.0,0.0,0.0,1.0,0.9999999403953552,1.0,True
E3_mcherry,5,stable_subpixel,to_previous,3,0.0,0.0,0.0,0.0,0.0,1.0,0.9999999403953552,1.0,True
E3_mcherry,5,stable_subpixel,to_previous,4,0.0,0.0,0.0,0.0,0.0,1.0,0.9999999403953552,1.0,True
E3_mcherry,5,stable_subpixel,to_previous,5,0.0,0.0,0.0,0.0,0.0,1.0,0.9999999403953552,1.0,True
E3_mcherry,5,stable_subpixel,to_previous,6,0.0,0.0,0.0,0.0,0.0,1.0,0.9999999403953552,1.0,True
E3_mcherry,5,stable_subpixel,to_previous,7,0.0,0.0,0.0,0.0,0.0,1.0,0.9999999403953552,1.0,True
E3_mcherry,5,stable_subpixel,to_previous,8,0.0,0.0,0.0,0.0,0.0,1.0,0.9999999403953552,1.0,True
E4_gradient,5,A_cli,to_first,0,0.0,0.0,0.0,0.0,0.0,1.0,0.0,1.0,True
E4_gradient,5,A_cli,to_first,1,3.906837980864195,-3.706217391084492,-4.0,3.8,0.13219054256813975,0.866753075683221,0.9999999992434081,0.9597873263888889,True
E4_gradient,5,A_cli,to_first,2,2.77358088490843,-2.6792327562468343,-2.8,2.8,0.12362320496556503,0.8877491955197311,0.9999999992228029,0.9710460069444442,True
E4_gradient,5,A_cli,to_first,3,-0.41880434298389835,-4.660421621820861,0.4,4.9,0.24031521509468107,0.9447624971965279,0.9999999988883003,0.9724490017361112,True
E4_gradient,5,A_cli,to_first,4,-4.659717136660162,-0.9568430663041774,4.8,1.0,0.14677125969633584,0.9646852338449738,0.9999999984480867,0.9699218749999999,True
E4_gradient,5,A_cli,to_first,5,3.408606484000493,-5.806359702379085,-3.2,5.9,0.22865950779615826,0.855604329229832,0.9999999995178347,0.9531163194444444,True
E4_gradient,5,A_cli,to_first,6,0.7982067650188918,2.2143198966324715,0.1,0.0,2.3895581175916485,0.9322653567412104,0.9999999994551008,0.9994791666666667,True
E4_gradient,5,A_cli,to_first,7,-0.37852946697083434,-0.4978702768147407,0.3,0.7,0.21684856969247662,0.9510451288218313,0.9999999986698418,0.99479736328125,True
E4_gradient,5,A_cli,to_first,8,-2.383082893689891,5.104847253067021,2.3,-5.0,0.13377486198679367,0.8281030079974717,0.9999999993573828,0.9622911241319445,True
E4_gradient,5,A_cli,to_previous,0,0.0,0.0,0.0,0.0,0.0,1.0,0.0,1.0,True
E4_gradient,5,A_cli,to_previous,1,3.906837980864195,-3.706217391084492,-4.0,3.8,0.13219054256813975,0.866753075683221,0.9999999992434081,0.9597873263888889,True
E4_gradient,5,A_cli,to_previous,2,2.77358088490843,-2.6792327562468343,-4.0,3.8,1.6613919045583607,0.8307896308993348,0.9999999983869381,0.9597873263888889,True
E4_gradient,5,A_cli,to_previous,3,-0.41880434298389835,-4.660421621820861,-0.7000000000000002,5.699999999999999,1.5272348746205346,0.8946347423058597,0.9999999992859161,0.9667749023437501,True
E4_gradient,5,A_cli,to_previous,4,-4.659717136660162,-0.9568430663041774,3.5999999999999996,1.7999999999999994,1.354220818245885,0.901056399502275,0.9999999990051641,0.97205078125,True
E4_gradient,5,A_cli,to_previous,5,3.408606484000493,-5.806359702379085,-4.4,6.699999999999999,1.3347112365968385,0.8095299764584226,0.9999999995086356,0.9429871961805555,True
E4_gradient,5,A_cli,to_previous,6,0.7982067650188918,2.2143198966324715,-4.4,6.699999999999999,9.61446897790269,0.7891122384301968,0.9999999989839539,0.9429871961805555,True
E4_gradient,5,A_cli,to_previous,7,-0.37852946697083434,-0.4978702768147407,-4.4,6.699999999999999,7.829479993583649,0.7901007363521904,0.9999999992304901,0.9429871961805555,True
E4_gradient,5,A_cli,to_previous,8,-2.383082893689891,5.104847253067021,-2.4000000000000004,1.0999999999999996,7.834412001024851,0.7873843897624955,0.9999999993365342,0.9818424479166666,True
E4_gradient,5,B_pilot,to_first,0,0.0,0.0,0.0,0.0,0.0,1.0,0.0,1.0,True
E4_gradient,5,B_pilot,to_first,1,3.906837980864195,-3.706217391084492,-4.0,4.0,0.30820023217165554,0.8704042956976041,,0.9587673611111112,True
E4_gradient,5,B_pilot,to_first,2,2.77358088490843,-2.6792327562468343,-3.0,3.0,0.39262862904257556,0.8931506275750238,,0.968994140625,True
E4_gradient,5,B_pilot,to_first,3,-0.41880434298389835,-4.660421621820861,0.0,5.0,0.5391758086458898,0.931997515246952,,0.9739583333333334,True
E4_gradient,5,B_pilot,to_first,4,-4.659717136660162,-0.9568430663041774,5.0,1.0,0.34300867045715405,0.9670935655507462,,0.9688856336805556,True
E4_gradient,5,B_pilot,to_first,5,3.408606484000493,-5.806359702379085,-3.0,6.0,0.45216791530355344,0.8802277718617898,,0.95361328125,True
E4_gradient,5,B_pilot,to_first,6,0.7982067650188918,2.2143198966324715,-1.0,-2.0,0.2943697127367115,0.9031770399448167,,0.9844292534722222,True
E4_gradient,5,B_pilot,to_first,7,-0.37852946697083434,-0.4978702768147407,0.0,0.0,0.6254273498183546,0.9171505566193114,,1.0,True
E4_gradient,5,B_pilot,to_first,8,-2.383082893689891,5.104847253067021,2.0,-5.0,0.39717181409752655,0.8195426772288443,,0.9638129340277778,True
E4_gradient,5,B_pilot,to_previous,0,0.0,0.0,0.0,0.0,0.0,1.0,0.0,1.0,True
E4_gradient,5,B_pilot,to_previous,1,3.906837980864195,-3.706217391084492,-4.0,4.0,0.30820023217165554,0.8704042956976041,,0.9587673611111112,True
E4_gradient,5,B_pilot,to_previous,2,2.77358088490843,-2.6792327562468343,-3.0,3.0,0.39262862904257556,0.8931506275750238,,0.968994140625,True
E4_gradient,5,B_pilot,to_previous,3,-0.41880434298389835,-4.660421621820861,0.0,5.0,0.5391758086458898,0.931997515246952,,0.9739583333333334,True
E4_gradient,5,B_pilot,to_previous,4,-4.659717136660162,-0.9568430663041774,4.0,1.0,0.6611272353557283,0.920962157892562,,0.9740668402777778,True
E4_gradient,5,B_pilot,to_previous,5,3.408606484000493,-5.806359702379085,-4.0,6.0,0.622288402293483,0.8481820357126418,,0.9485677083333334,True
E4_gradient,5,B_pilot,to_previous,6,0.7982067650188918,2.2143198966324715,-2.0,-2.0,1.220753864519343,0.8321481437279838,,0.9792751736111112,True
E4_gradient,5,B_pilot,to_previous,7,-0.37852946697083434,-0.4978702768147407,-1.0,1.0,1.4671324923854006,0.8903247908546669,,0.9896104600694444,True
E4_gradient,5,B_pilot,to_previous,8,-2.383082893689891,5.104847253067021,1.0,-5.0,1.387051274212061,0.759552584287942,,0.9688856336805556,True
E4_gradient,5,stable_subpixel,to_first,0,0.0,0.0,0.0,0.0,0.0,1.0,0.0,1.0,True
E4_gradient,5,stable_subpixel,to_first,1,3.906837980864195,-3.706217391084492,-3.950000047683716,3.8499999046325684,0.1501212017482392,0.8672897983641398,0.9999999403953552,0.9597875300825236,True
E4_gradient,5,stable_subpixel,to_first,2,2.77358088490843,-2.6792327562468343,-2.9000000953674316,2.8499999046325684,0.21246937600716168,0.8901540456551919,0.9999999403953552,0.9702762858071624,True
E4_gradient,5,stable_subpixel,to_first,3,-0.41880434298389835,-4.660421621820861,0.30000001192092896,4.800000190734863,0.1832938787286704,0.9400376812453819,1.0,0.9734765614476054,True
E4_gradient,5,stable_subpixel,to_first,4,-4.659717136660162,-0.9568430663041774,4.800000190734863,1.0,0.14677144199929087,0.9646168751918406,0.9999999403953552,0.9699218740117632,True
E4_gradient,5,stable_subpixel,to_first,5,3.408606484000493,-5.806359702379085,-3.25,5.900000095367432,0.1841861557392698,0.8555151219190791,1.0,0.952863904676633,True
E4_gradient,5,stable_subpixel,to_first,6,0.7982067650188918,2.2143198966324715,-0.8999999761581421,-2.0999999046325684,0.15307161201508895,0.8748260809375407,0.9999999403953552,0.9844262701484452,True
E4_gradient,5,stable_subpixel,to_first,7,-0.37852946697083434,-0.4978702768147407,0.25,0.5,0.12854711043291728,0.9448750061669746,1.0,0.9960971408420138,True
E4_gradient,5,stable_subpixel,to_first,8,-2.383082893689891,5.104847253067021,2.25,-5.050000190734863,0.14394185228536696,0.8030551171994971,0.9999999403953552,0.96228739322396,True
E4_gradient,5,stable_subpixel,to_previous,0,0.0,0.0,0.0,0.0,0.0,1.0,0.0,1.0,True
E4_gradient,5,stable_subpixel,to_previous,1,3.906837980864195,-3.706217391084492,-3.950000047683716,3.8499999046325684,0.1501212017482392,0.8672897983641398,0.9999999403953552,0.9597875300825236,True
E4_gradient,5,stable_subpixel,to_previous,2,2.77358088490843,-2.6792327562468343,-2.9000000953674316,2.8499999046325684,0.21246937600716168,0.8901540456551919,0.9999999403953552,0.9702762858071624,True
E4_gradient,5,stable_subpixel,to_previous,3,-0.41880434298389835,-4.660421621820861,0.2999999523162842,4.849999904632568,0.22372842590010508,0.9408653848364916,0.9999999403953552,0.9732165534723836,True
E4_gradient,5,stable_subpixel,to_previous,4,-4.659717136660162,-0.9568430663041774,4.749999761581421,1.0,0.10006734376757662,0.9634129556162182,1.0,0.970180936565157,True
E4_gradient,5,stable_subpixel,to_previous,5,3.408606484000493,-5.806359702379085,-3.3000004291534424,5.949999809265137,0.18007708198345743,0.8562958782813049,0.9999999403953552,0.9523555489406377,True
E4_gradient,5,stable_subpixel,to_previous,6,0.7982067650188918,2.2143198966324715,-0.950000524520874,-2.0500001907348633,0.22370138839538323,0.8760362485698643,1.0,0.9844278256273699,True
E4_gradient,5,stable_subpixel,to_previous,7,-0.37852946697083434,-0.4978702768147407,0.19999945163726807,0.5499997138977051,0.18598506549072735,0.944172101682719,0.9999999403953552,0.9960967382774106,True
E4_gradient,5,stable_subpixel,to_previous,8,-2.383082893689891,5.104847253067021,2.199999451637268,-5.000000476837158,0.2109796038474597,0.8022227918461229,1.0,0.9627983944238319,True
E5_drift,5,A_cli,to_first,0,0.0,0.0,0.0,0.0,0.0,1.0,0.0,1.0,True
E5_drift,5,A_cli,to_first,1,3.8278293510225896,-2.0534612072921945,-3.9,2.0,0.08981482761192368,0.9978644240819756,0.9999999561585092,0.969482421875,True
E5_drift,5,A_cli,to_first,2,6.990578446234277,-3.7767242703220507,-7.0,3.9,0.12363523447218114,0.99732557219367,0.9999999612403468,0.9439697265625,True
E5_drift,5,A_cli,to_first,3,9.269804042763411,-6.117250425938021,-9.2,6.0,0.13645609832016897,0.9952002897326947,0.9999999633516685,0.9223307291666667,True
E5_drift,5,A_cli,to_first,4,13.229930393596847,-7.64952380887484,-13.1,7.7,0.13939064907925267,0.9926422963240819,0.9999999667369527,0.8944029405381946,True
E5_drift,5,A_cli,to_first,5,16.64622346964245,-10.518577124980252,-16.7,10.5,0.05689485732320903,0.9902954883021509,0.9999999717166747,0.8630900065104167,True
E5_drift,5,A_cli,to_first,6,19.817363164023526,-12.935598745511129,-19.9,13.0,0.10476816424822384,0.9962802126322496,0.9999999647291625,0.8356635199652778,True
E5_drift,5,A_cli,to_first,7,22.570887561171464,-16.286406621022298,-22.6,16.2,0.09117915469577731,0.9907464832872029,0.9999999730789989,0.8078483072916668,True
E5_drift,5,A_cli,to_first,8,25.249513156665106,-19.383730641646753,-25.1,19.3,0.17136220226917329,0.9914573139745582,0.9999999740512754,0.7818910047743055,True
E5_drift,5,A_cli,to_previous,0,0.0,0.0,0.0,0.0,0.0,1.0,0.0,1.0,True
E5_drift,5,A_cli,to_previous,1,3.8278293510225896,-2.0534612072921945,-3.9,2.0,0.08981482761192368,0.9978644240819756,0.9999999561585092,0.969482421875,True
E5_drift,5,A_cli,to_previous,2,6.990578446234277,-3.7767242703220507,-7.0,3.9,0.12363523447218114,0.99732557219367,0.9999999567077196,0.9439697265625,True
E5_drift,5,A_cli,to_previous,3,9.269804042763411,-6.117250425938021,-9.2,6.1,0.07190397472434609,0.9946729554587512,0.9999999562536288,0.9218348524305556,True
E5_drift,5,A_cli,to_previous,4,13.229930393596847,-7.64952380887484,-13.2,7.8,0.15342396343595666,0.9925095972518913,0.9999999602000508,0.89341796875,True
E5_drift,5,A_cli,to_previous,5,16.64622346964245,-10.518577124980252,-16.8,10.6,0.17400260304170168,0.9905200190976534,0.9999999669923119,0.8621223958333333,True
E5_drift,5,A_cli,to_previous,6,19.817363164023526,-12.935598745511129,-19.900000000000002,13.1,0.18400168243175788,0.995567962128809,0.9999999668293079,0.8351966688368055,True
E5_drift,5,A_cli,to_previous,7,22.570887561171464,-16.286406621022298,-22.6,16.3,0.03212964435808138,0.9904043899747216,0.9999999655398246,0.8073887803819444,True
E5_drift,5,A_cli,to_previous,8,25.249513156665106,-19.383730641646753,-25.1,19.400000000000002,0.1503957314460439,0.9911927151376254,0.9999999624925354,0.7814382595486111,True
E5_drift,5,B_pilot,to_first,0,0.0,0.0,0.0,0.0,0.0,1.0,0.0,1.0,True
E5_drift,5,B_pilot,to_first,1,3.8278293510225896,-2.0534612072921945,-4.0,2.0,0.18027987423570516,0.9971884716437904,,0.9689670138888888,True
E5_drift,5,B_pilot,to_first,2,6.990578446234277,-3.7767242703220507,-7.0,4.0,0.2234744216651675,0.9960561484583741,,0.9434678819444444,True
E5_drift,5,B_pilot,to_first,3,9.269804042763411,-6.117250425938021,-9.0,6.0,0.29418001950188255,0.9932772375253079,,0.92333984375,True
E5_drift,5,B_pilot,to_first,4,13.229930393596847,-7.64952380887484,-13.0,8.0,0.41916768296852336,0.9891468036382561,,0.8934461805555556,True
E5_drift,5,B_pilot,to_first,5,16.64622346964245,-10.518577124980252,-17.0,11.0,0.5974326891157746,0.9828645040901008,,0.8592393663194444,True
E5_drift,5,B_pilot,to_first,6,19.817363164023526,-12.935598745511129,-20.0,13.0,0.19365881192250947,0.993905867906119,,0.8351779513888888,True
E5_drift,5,B_pilot,to_first,7,22.570887561171464,-16.286406621022298,-23.0,16.0,0.51591301371722,0.9848504018893353,,0.8068576388888888,True
E5_drift,5,B_pilot,to_first,8,25.249513156665106,-19.383730641646753,-25.0,19.0,0.45771827654968605,0.9860168142476539,,0.7837185329861112,True
E5_drift,5,B_pilot,to_previous,0,0.0,0.0,0.0,0.0,0.0,1.0,0.0,1.0,True
E5_drift,5,B_pilot,to_previous,1,3.8278293510225896,-2.0534612072921945,-4.0,2.0,0.18027987423570516,0.9971884716437904,,0.9689670138888888,True
E5_drift,5,B_pilot,to_previous,2,6.990578446234277,-3.7767242703220507,-7.0,4.0,0.2234744216651675,0.9960561484583741,,0.9434678819444444,True
E5_drift,5,B_pilot,to_previous,3,9.269804042763411,-6.117250425938021,-9.0,6.0,0.29418001950188255,0.9932772375253079,,0.92333984375,True
E5_drift,5,B_pilot,to_previous,4,13.229930393596847,-7.64952380887484,-13.0,8.0,0.41916768296852336,0.9891468036382561,,0.8934461805555556,True
E5_drift,5,B_pilot,to_previous,5,16.64622346964245,-10.518577124980252,-17.0,11.0,0.5974326891157746,0.9828645040901008,,0.8592393663194444,True
E5_drift,5,B_pilot,to_previous,6,19.817363164023526,-12.935598745511129,-20.0,13.0,0.19365881192250947,0.993905867906119,,0.8351779513888888,True
E5_drift,5,B_pilot,to_previous,7,22.570887561171464,-16.286406621022298,-23.0,16.0,0.51591301371722,0.9848504018893353,,0.8068576388888888,True
E5_drift,5,B_pilot,to_previous,8,25.249513156665106,-19.383730641646753,-26.0,19.0,0.8428995831992104,0.9734331621831878,,0.7790256076388888,True
E5_drift,5,stable_subpixel,to_first,0,0.0,0.0,0.0,0.0,0.0,1.0,0.0,1.0,True
E5_drift,5,stable_subpixel,to_first,1,3.8278293510225896,-2.0534612072921945,-3.950000047683716,2.0,0.13335583904652962,0.9968842022214931,0.9999998807907104,0.9692247176361788,True
E5_drift,5,stable_subpixel,to_first,2,6.990578446234277,-3.7767242703220507,-7.0,3.9000000953674316,0.12363532956230501,0.9955064498655597,0.9999998807907104,0.9439697260839037,True
E5_drift,5,stable_subpixel,to_first,3,9.269804042763411,-6.117250425938021,-9.100000381469727,6.050000190734863,0.1826359152073338,0.9922116862429233,0.9999998807907104,0.922587209586054,True
E5_drift,5,stable_subpixel,to_first,4,13.229930393596847,-7.64952380887484,-13.100000381469727,7.800000190734863,0.19880882663764488,0.9879712139382955,0.9999998807907104,0.8939176403974286,True
E5_drift,5,stable_subpixel,to_first,5,16.64622346964245,-10.518577124980252,-16.799999237060547,10.550000190734863,0.1569534826196703,0.983783749457516,0.9999998807907104,0.8623600288904789,True
E5_drift,5,stable_subpixel,to_first,6,19.817363164023526,-12.935598745511129,-19.950000762939453,13.0,0.1474457670668194,0.9936461016518414,0.9999998807907104,0.8354207319724891,True
E5_drift,5,stable_subpixel,to_first,7,22.570887561171464,-16.286406621022298,-22.700000762939453,16.149999618530273,0.18782196144125607,0.9844607202722798,0.9999999403953552,0.8076010452045335,True
E5_drift,5,stable_subpixel,to_first,8,25.249513156665106,-19.383730641646753,-25.100000381469727,19.25,0.20059400405265476,0.9852582916780632,0.9999999403953552,0.7821173755995309,True
E5_drift,5,stable_subpixel,to_previous,0,0.0,0.0,0.0,0.0,0.0,1.0,0.0,1.0,True
E5_drift,5,stable_subpixel,to_previous,1,3.8278293510225896,-2.0534612072921945,-3.950000047683716,2.0,0.13335583904652962,0.9968842022214931,0.9999998807907104,0.9692247176361788,True
E5_drift,5,stable_subpixel,to_previous,2,6.990578446234277,-3.7767242703220507,-7.0,3.899999976158142,0.12363521069965036,0.9955064489063977,0.9999998807907104,0.9439697266821491,True
E5_drift,5,stable_subpixel,to_previous,3,9.269804042763411,-6.117250425938021,-9.150000095367432,6.050000071525574,0.13738848561745784,0.9918482347488126,0.9999998807907104,0.9223350007917746,True
E5_drift,5,stable_subpixel,to_previous,4,13.229930393596847,-7.64952380887484,-13.100000143051147,7.800000071525574,0.19880889222617984,0.9879712149866766,0.9999998807907104,0.8939176421672648,True
E5_drift,5,stable_subpixel,to_previous,5,16.64622346964245,-10.518577124980252,-16.800000190734863,10.600000023841858,0.17400278276211856,0.9837875984565237,0.9999998807907104,0.8621223947814562,True
E5_drift,5,stable_subpixel,to_previous,6,19.817363164023526,-12.935598745511129,-19.90000009536743,13.00000011920929,0.10476831274840476,0.9931652513227799,0.9999998807907104,0.8356635189456736,True
E5_drift,5,stable_subpixel,to_previous,7,22.570887561171464,-16.286406621022298,-22.65000009536743,16.15000021457672,0.15768798554837352,0.9843689636250148,0.9999998807907104,0.8078395574785989,True
E5_drift,5,stable_subpixel,to_previous,8,25.249513156665106,-19.383730641646753,-25.100000143051147,19.25000011920929,0.2005941022845009,0.9852582924821,0.9999998807907104,0.7821173761770802,True
E6_decorrelation,5,A_cli,to_first,0,0.0,0.0,0.0,0.0,0.0,1.0,0.0,1.0,True
E6_decorrelation,5,A_cli,to_first,1,3.3793720599970323,-1.5182776791090555,-1.1,0.0,2.738741334769659,0.9326089719852713,0.9999999995407131,0.9942708333333334,True
E6_decorrelation,5,A_cli,to_first,2,5.550718133120813,-4.709237568761547,0.0,1.1,6.620956699836962,0.8594451329420331,0.9999999997844534,0.9942708333333334,True
E6_decorrelation,5,A_cli,to_first,3,8.214348736955834,-7.571689149704346,37.1,0.0,45.942580228304564,0.2641205314357269,0.9999999997228417,0.8067708333333334,True
E6_decorrelation,5,A_cli,to_first,4,12.103479451599073,-10.18164122668793,1.0,1.1,15.942941419598737,0.47689281411961415,0.9999999997334995,0.9890923394097223,True
E6_decorrelation,5,A_cli,to_first,5,15.608926117425316,-12.204126233867843,1.1,-0.1,20.75041528202587,0.27977350854471555,0.9999999993330181,0.9937529839409722,True
E6_decorrelation,5,A_cli,to_first,6,18.15702903319541,-13.74161683321259,-0.1,1.0,22.099889072800078,0.24325725678867852,0.9999999997383184,0.9942735460069445,True
E6_decorrelation,5,A_cli,to_first,7,20.89122371630778,-16.548326481877943,0.0,-0.1,26.713479799756886,0.35328708784670027,0.9999999994998644,0.9994791666666667,True
E6_decorrelation,5,A_cli,to_first,8,22.89370320385708,-18.64996749785073,0.0,0.0,29.528679856322473,0.33095914348556854,0.9999999993560091,1.0,True
E6_decorrelation,5,A_cli,to_previous,0,0.0,0.0,0.0,0.0,0.0,1.0,0.0,1.0,True
E6_decorrelation,5,A_cli,to_previous,1,3.3793720599970323,-1.5182776791090555,-1.1,0.0,2.738741334769659,0.9326089719852713,0.9999999995407131,0.9942708333333334,True
E6_decorrelation,5,A_cli,to_previous,2,5.550718133120813,-4.709237568761547,-1.1,96.1,91.49907294428482,-0.04037040733715885,0.9999999997613223,0.4966175672743056,False
E6_decorrelation,5,A_cli,to_previous,3,8.214348736955834,-7.571689149704346,-1.1,17.299999999999997,12.052136323117374,0.5936315838209423,0.999999999801427,0.904682888454861,True
E6_decorrelation,5,A_cli,to_previous,4,12.103479451599073,-10.18164122668793,-27.700000000000003,17.299999999999997,17.14416766256914,0.6616184423334894,0.9999999997585193,0.7786244032118055,True
E6_decorrelation,5,A_cli,to_previous,5,15.608926117425316,-12.204126233867843,-27.700000000000003,17.299999999999997,13.121051675617837,0.7722475927596544,0.9999999986665397,0.7786244032118055,True
E6_decorrelation,5,A_cli,to_previous,6,18.15702903319541,-13.74161683321259,-27.700000000000003,17.299999999999997,10.184811516908468,0.7914109551928474,0.9999999993826384,0.7786244032118055,True
E6_decorrelation,5,A_cli,to_previous,7,20.89122371630778,-16.548326481877943,-27.700000000000003,17.299999999999997,6.850142156131918,0.7246645512823184,0.9999999986839849,0.7786244032118055,True
E6_decorrelation,5,A_cli,to_previous,8,22.89370320385708,-18.64996749785073,-27.700000000000003,17.299999999999997,4.992284160368588,0.7155798799466196,0.9999999987682631,0.7786244032118055,True
E6_decorrelation,5,B_pilot,to_first,0,0.0,0.0,0.0,0.0,0.0,1.0,0.0,1.0,True
E6_decorrelation,5,B_pilot,to_first,1,3.3793720599970323,-1.5182776791090555,-6.0,2.0,2.664535080341176,0.9541493712338808,,0.9586588541666666,True
E6_decorrelation,5,B_pilot,to_first,2,5.550718133120813,-4.709237568761547,-8.0,3.0,2.986716379218,0.9480526834357751,,0.943359375,True
E6_decorrelation,5,B_pilot,to_first,3,8.214348736955834,-7.571689149704346,-12.0,6.0,4.098946482778991,0.8748279161119293,,0.908203125,True
E6_decorrelation,5,B_pilot,to_first,4,12.103479451599073,-10.18164122668793,-17.0,9.0,5.037081443606116,0.8526298800641884,,0.8687337239583334,True
E6_decorrelation,5,B_pilot,to_first,5,15.608926117425316,-12.204126233867843,-22.0,11.0,6.503517921834074,0.830009315137514,,0.8346896701388888,True
E6_decorrelation,5,B_pilot,to_first,6,18.15702903319541,-13.74161683321259,-24.0,14.0,5.848681182950601,0.8073344402327574,,0.8111979166666666,True
E6_decorrelation,5,B_pilot,to_first,7,20.89122371630778,-16.548326481877943,-24.0,13.0,4.717532279067469,0.7326099594717217,,0.8157552083333334,True
E6_decorrelation,5,B_pilot,to_first,8,22.89370320385708,-18.64996749785073,-25.0,15.0,4.214113065498915,0.7158651138432764,,0.8018391927083334,True
E6_decorrelation,5,B_pilot,to_previous,0,0.0,0.0,0.0,0.0,0.0,1.0,0.0,1.0,True
E6_decorrelation,5,B_pilot,to_previous,1,3.3793720599970323,-1.5182776791090555,-6.0,2.0,2.664535080341176,0.9541493712338808,,0.9586588541666666,True
E6_decorrelation,5,B_pilot,to_previous,2,5.550718133120813,-4.709237568761547,-9.0,2.0,4.386059005664487,0.9467421945220482,,0.9431966145833334,True
E6_decorrelation,5,B_pilot,to_previous,3,8.214348736955834,-7.571689149704346,-12.0,5.0,4.576542425029506,0.8743086161404786,,0.9130859375,True
E6_decorrelation,5,B_pilot,to_previous,4,12.103479451599073,-10.18164122668793,-17.0,8.0,5.360547726016152,0.8513737777598781,,0.8734809027777778,True
E6_decorrelation,5,B_pilot,to_previous,5,15.608926117425316,-12.204126233867843,-23.0,10.0,7.712726210134913,0.8280874157193948,,0.8343641493055556,True
E6_decorrelation,5,B_pilot,to_previous,6,18.15702903319541,-13.74161683321259,-24.0,12.0,6.097010653808209,0.8042476533091737,,0.8203125,True
E6_decorrelation,5,B_pilot,to_previous,7,20.89122371630778,-16.548326481877943,-26.0,14.0,5.709077243745831,0.7301697814993541,,0.8015407986111112,True
E6_decorrelation,5,B_pilot,to_previous,8,22.89370320385708,-18.64996749785073,-28.0,15.0,6.276665492573759,0.707568550312332,,0.7874348958333334,True
E6_decorrelation,5,stable_subpixel,to_first,0,0.0,0.0,0.0,0.0,0.0,1.0,0.0,1.0,True
E6_decorrelation,5,stable_subpixel,to_first,1,3.3793720599970323,-1.5182776791090555,-75.05000305175781,-9.949999809265137,72.58237206999706,0.09939044533430373,1.0,0.5775484745750307,True
E6_decorrelation,5,stable_subpixel,to_first,2,5.550718133120813,-4.709237568761547,-2.0,24.0,19.614818746023474,0.5376081936183743,1.0,0.8658854166666666,True
E6_decorrelation,5,stable_subpixel,to_first,3,8.214348736955834,-7.571689149704346,-78.94999694824219,-26.0,78.29808580185876,-0.03925978993559701,1.0,0.5090684816241264,False
E6_decorrelation,5,stable_subpixel,to_first,4,12.103479451599073,-10.18164122668793,69.0999984741211,24.100000381469727,82.38765410420677,0.226712135620304,1.0,0.5597577639244911,True
E6_decorrelation,5,stable_subpixel,to_first,5,15.608926117425316,-12.204126233867843,-8.300000190734863,47.150001525878906,35.70202512640757,0.1486654524436633,1.0,0.7218138208568821,True
E6_decorrelation,5,stable_subpixel,to_first,6,18.15702903319541,-13.74161683321259,-92.9000015258789,62.04999923706055,88.99557150509484,0.04065154259115429,1.0,0.3493393250140879,False
E6_decorrelation,5,stable_subpixel,to_first,7,20.89122371630778,-16.548326481877943,61.95000076293945,-32.150001525878906,96.09472214420575,0.03190860973078222,1.0,0.5639239415040033,True
E6_decorrelation,5,stable_subpixel,to_first,8,22.89370320385708,-18.64996749785073,-25.899999618530273,11.050000190734863,8.172962816635527,0.708833925352744,1.0,0.8153156205877248,True
E6_decorrelation,5,stable_subpixel,to_previous,0,0.0,0.0,0.0,0.0,0.0,1.0,0.0,1.0,True
E6_decorrelation,5,stable_subpixel,to_previous,1,3.3793720599970323,-1.5182776791090555,-75.05000305175781,-9.949999809265137,72.58237206999706,0.09939044533430373,1.0,0.5775484745750307,True
E6_decorrelation,5,stable_subpixel,to_previous,2,5.550718133120813,-4.709237568761547,1.0,42.14999866485596,38.009505383711776,0.1855907399779069,1.0,0.7764038155114071,True
E6_decorrelation,5,stable_subpixel,to_previous,3,8.214348736955834,-7.571689149704346,67.1500015258789,90.14999866485596,111.79875890598883,0.16334912874796254,1.0,0.34494283070968873,False
E6_decorrelation,5,stable_subpixel,to_previous,4,12.103479451599073,-10.18164122668793,-4.099998474121094,157.99999713897705,148.03486769126062,-0.026691779033918336,1.0,0.17330188230973576,False
E6_decorrelation,5,stable_subpixel,to_previous,5,15.608926117425316,-12.204126233867843,1.100001335144043,202.0499963760376,190.57975408382922,0.0,1.0,0.0,False
E6_decorrelation,5,stable_subpixel,to_previous,6,18.15702903319541,-13.74161683321259,35.15000057220459,109.0499963760376,109.20314380286942,-0.05759555041447408,1.0,0.3529380431031394,False
E6_decorrelation,5,stable_subpixel,to_previous,7,20.89122371630778,-16.548326481877943,-56.7999963760376,36.89999485015869,41.27505735066445,0.014734435844014128,1.0,0.5688346695511917,False
E6_decorrelation,5,stable_subpixel,to_previous,8,22.89370320385708,-18.64996749785073,-72.49999618530273,80.69999408721924,79.44174030761387,-0.05015695156756372,1.0,0.3607951153199091,False
E1_baseline,6,A_cli,to_first,0,0.0,0.0,0.0,0.0,0.0,1.0,0.0,1.0,True
E1_baseline,6,A_cli,to_first,1,4.995351950614548,-6.88390851371282,-5.0,6.9,0.016749337121812296,0.9978675993981494,0.9999999634651133,0.9389567057291666,True
E1_baseline,6,A_cli,to_first,2,-4.062469893710043,-3.2187547443811457,4.0,3.1,0.13418337055378846,0.9962728682678491,0.9999999664610493,0.9633572048611112,True
E1_baseline,6,A_cli,to_first,3,0.8114438329508076,-0.6496635655828324,-0.8,0.6,0.050964998371493056,0.9900864881539421,0.9999999727570981,0.9927213541666666,True
E1_baseline,6,A_cli,to_first,4,4.198749525684246,-4.178050987169808,-4.1,4.1,0.12587066942320266,0.9944127896136019,0.9999999663396498,0.9577476671006946,True
E1_baseline,6,A_cli,to_first,5,-3.4862841623418834,7.130389283218921,3.5,-7.0,0.13110869300320202,0.9905882980179384,0.9999999706223189,0.9459771050347222,True
E1_baseline,6,A_cli,to_first,6,-7.5070114992590735,-2.006224952759883,7.5,2.0,0.009376095067924781,0.991437806543156,0.999999969918148,0.950927734375,True
E1_baseline,6,A_cli,to_first,7,2.746244810427031,3.2166656467637633,-2.9,-3.1,0.19300655806326047,0.993336992057812,0.999999966942032,0.9689938693576389,True
E1_baseline,6,A_cli,to_first,8,5.67983663010307,-7.659116384138356,-5.8,7.8,0.18516864929905827,0.9894966954262225,0.9999999730253155,0.9303938802083331,True
E1_baseline,6,A_cli,to_previous,0,0.0,0.0,0.0,0.0,0.0,1.0,0.0,1.0,True
E1_baseline,6,A_cli,to_previous,1,4.995351950614548,-6.88390851371282,-5.0,6.9,0.016749337121812296,0.9978675993981494,0.9999999634651133,0.9389567057291666,True
E1_baseline,6,A_cli,to_previous,2,-4.062469893710043,-3.2187547443811457,4.0,3.1000000000000005,0.13418337055378807,0.9962728682677625,0.9999999635681531,0.9633572048611112,True
E1_baseline,6,A_cli,to_previous,3,0.8114438329508076,-0.6496635655828324,-0.9000000000000004,0.7000000000000006,0.10186241383492936,0.9914705910913489,0.9999999668685512,0.9916837565104166,True
E1_baseline,6,A_cli,to_previous,4,4.198749525684246,-4.178050987169808,-4.1000000000000005,4.0,0.2036016278299526,0.9951236754223389,0.9999999683184735,0.9582573784722224,True
E1_baseline,6,A_cli,to_previous,5,-3.4862841623418834,7.130389283218921,3.499999999999999,-7.1,0.03334115680691984,0.9900198185935973,0.9999999692508914,0.9454657660590278,True
E1_baseline,6,A_cli,to_previous,6,-7.5070114992590735,-2.006224952759883,7.499999999999999,2.0,0.009376095067925446,0.9914378065417127,0.999999966818932,0.950927734375,True
E1_baseline,6,A_cli,to_previous,7,2.746244810427031,3.2166656467637633,-2.8000000000000016,-3.0999999999999996,0.1284542468773737,0.9926412091140712,0.9999999691848208,0.9695062934027777,True
E1_baseline,6,A_cli,to_previous,8,5.67983663010307,-7.659116384138356,-5.700000000000001,7.800000000000001,0.14231920005344317,0.9889928939313785,0.9999999690378611,0.9308935546875,True
E1_baseline,6,B_pilot,to_first,0,0.0,0.0,0.0,0.0,0.0,1.0,0.0,1.0,True
E1_baseline,6,B_pilot,to_first,1,4.995351950614548,-6.88390851371282,-5.0,7.0,0.11618449789647566,0.9973218319319355,,0.9384494357638888,True
E1_baseline,6,B_pilot,to_first,2,-4.062469893710043,-3.2187547443811457,4.0,3.0,0.22749972705347246,0.9951352279938928,,0.9638671875,True
E1_baseline,6,B_pilot,to_first,3,0.8114438329508076,-0.6496635655828324,-1.0,1.0,0.3978555584787239,0.9895990374817376,,0.9896104600694444,True
E1_baseline,6,B_pilot,to_first,4,4.198749525684246,-4.178050987169808,-4.0,4.0,0.2668398920548721,0.993525668043514,,0.9587673611111112,True
E1_baseline,6,B_pilot,to_first,5,-3.4862841623418834,7.130389283218921,3.0,-7.0,0.503461668573578,0.983284644793546,,0.948486328125,True
E1_baseline,6,B_pilot,to_first,6,-7.5070114992590735,-2.006224952759883,8.0,2.0,0.49302780033143084,0.9836525230361626,,0.9483506944444444,True
E1_baseline,6,B_pilot,to_first,7,2.746244810427031,3.2166656467637633,-3.0,-3.0,0.3336700446890209,0.9915769593465485,,0.968994140625,True
E1_baseline,6,B_pilot,to_first,8,5.67983663010307,-7.659116384138356,-6.0,8.0,0.4676603714092818,0.9856054952620356,,0.9283854166666666,True
E1_baseline,6,B_pilot,to_previous,0,0.0,0.0,0.0,0.0,0.0,1.0,0.0,1.0,True
E1_baseline,6,B_pilot,to_previous,1,4.995351950614548,-6.88390851371282,-5.0,7.0,0.11618449789647566,0.9973218319319355,,0.9384494357638888,True
E1_baseline,6,B_pilot,to_previous,2,-4.062469893710043,-3.2187547443811457,4.0,3.0,0.22749972705347246,0.9951352279938928,,0.9638671875,True
E1_baseline,6,B_pilot,to_previous,3,0.8114438329508076,-0.6496635655828324,-1.0,1.0,0.3978555584787239,0.9895990374817376,,0.9896104600694444,True
E1_baseline,6,B_pilot,to_previous,4,4.198749525684246,-4.178050987169808,-4.0,4.0,0.2668398920548721,0.993525668043514,,0.9587673611111112,True
E1_baseline,6,B_pilot,to_previous,5,-3.4862841623418834,7.130389283218921,4.0,-7.0,0.530005025484782,0.9819402330187791,,0.9434678819444444,True
E1_baseline,6,B_pilot,to_previous,6,-7.5070114992590735,-2.006224952759883,8.0,2.0,0.49302780033143084,0.9836525230361626,,0.9483506944444444,True
E1_baseline,6,B_pilot,to_previous,7,2.746244810427031,3.2166656467637633,-2.0,-3.0,0.7770619792377154,0.9675971921202761,,0.97412109375,True
E1_baseline,6,B_pilot,to_previous,8,5.67983663010307,-7.659116384138356,-5.0,8.0,0.7605126449920524,0.9713717618776833,,0.9333767361111112,True
E1_baseline,6,stable_subpixel,to_first,0,0.0,0.0,0.0,0.0,0.0,1.0,0.0,1.0,True
E1_baseline,6,stable_subpixel,to_first,1,4.995351950614548,-6.88390851371282,-5.0,6.949999809265137,0.06625453728518002,0.9970192029376463,0.9999999403953552,0.9387030717140684,True
E1_baseline,6,stable_subpixel,to_first,2,-4.062469893710043,-3.2187547443811457,4.0,3.0999999046325684,0.13418345495572231,0.9942364969281772,0.9999999403953552,0.9633572053474685,True
E1_baseline,6,stable_subpixel,to_first,3,0.8114438329508076,-0.6496635655828324,-0.949999988079071,0.800000011920929,0.2044476833360916,0.9885365434617706,0.9999999403953552,0.9909060329861595,True
E1_baseline,6,stable_subpixel,to_first,4,4.198749525684246,-4.178050987169808,-4.099999904632568,4.050000190734863,0.16170496011400987,0.9919287522675915,0.9999999403953552,0.958002522300489,True
E1_baseline,6,stable_subpixel,to_first,5,-3.4862841623418834,7.130389283218921,3.450000047683716,-7.050000190734863,0.08819831725683595,0.985361545072816,0.9999999403953552,0.9459722888242685,True
E1_baseline,6,stable_subpixel,to_first,6,-7.5070114992590735,-2.006224952759883,7.550000190734863,2.0,0.04343705367153042,0.9872147235586614,0.9999999403953552,0.9506700293988817,True
E1_baseline,6,stable_subpixel,to_first,7,2.746244810427031,3.2166656467637633,-2.9000000953674316,-3.0999999046325684,0.19300669168224768,0.9899074428612694,0.9999999403953552,0.9689938693581563,True
E1_baseline,6,stable_subpixel,to_first,8,5.67983663010307,-7.659116384138356,-5.849999904632568,7.800000190734863,0.22091579155805843,0.9843553749064273,0.9999999403953552,0.9301440424821339,True
E1_baseline,6,stable_subpixel,to_previous,0,0.0,0.0,0.0,0.0,0.0,1.0,0.0,1.0,True
E1_baseline,6,stable_subpixel,to_previous,1,4.995351950614548,-6.88390851371282,-5.0,6.949999809265137,0.06625453728518002,0.9970192029376463,0.9999999403953552,0.9387030717140684,True
E1_baseline,6,stable_subpixel,to_previous,2,-4.062469893710043,-3.2187547443811457,4.0,3.0999999046325684,0.13418345495572231,0.9942364969281772,0.9999999403953552,0.9633572053474685,True
E1_baseline,6,stable_subpixel,to_previous,3,0.8114438329508076,-0.6496635655828324,-0.9499998092651367,0.7999999523162842,0.2044475183231308,0.9885365415311713,0.9999999403953552,0.9909060342225064,True
E1_baseline,6,stable_subpixel,to_previous,4,4.198749525684246,-4.178050987169808,-4.099999904632568,4.049999952316284,0.16170514891279203,0.9919287546487191,0.9999999403953552,0.9580025235157357,True
E1_baseline,6,stable_subpixel,to_previous,5,-3.4862841623418834,7.130389283218921,3.450000286102295,-7.050000429153442,0.08819800186472844,0.9853615430649971,0.9999999403953552,0.9459722864086506,True
E1_baseline,6,stable_subpixel,to_previous,6,-7.5070114992590735,-2.006224952759883,7.500000476837158,1.999999761581421,0.009375896789587735,0.9872077352427153,0.9999999403953552,0.9509277331106003,True
E1_baseline,6,stable_subpixel,to_previous,7,2.746244810427031,3.2166656467637633,-2.8999991416931152,-3.1000001430511475,0.19300578783963734,0.9899074317160792,0.9999999403953552,0.9689938730220052,True
E1_baseline,6,stable_subpixel,to_previous,8,5.67983663010307,-7.659116384138356,-5.849999189376831,7.799999475479126,0.22091478448562019,0.9843553668259049,0.9999999403953552,0.9301440496678697,True
E2_sparse,6,A_cli,to_first,0,0.0,0.0,0.0,0.0,0.0,1.0,0.0,1.0,True
E2_sparse,6,A_cli,to_first,1,7.300152430885429,2.936829266543146,0.0,0.0,7.868747781889238,0.9751482436670776,0.9999999995894483,1.0,True
E2_sparse,6,A_cli,to_first,2,-1.6459040030450947,-1.9036697988557005,0.0,0.0,2.5165370433027943,0.98442282666079,0.9999999995464379,1.0,True
E2_sparse,6,A_cli,to_first,3,-7.813167173057746,2.9860286189588656,0.0,0.0,8.364325925463962,0.9744592384912842,0.9999999995780697,1.0,True
E2_sparse,6,A_cli,to_first,4,6.961193473823114,-6.745473413244946,0.0,0.0,9.693277368815561,0.9757710524983385,0.9999999996260518,1.0,True
E2_sparse,6,A_cli,to_first,5,-5.59398405668821,6.872106730913181,0.0,0.0,8.861067009539209,0.9758590043950569,0.999999999665154,1.0,True
E2_sparse,6,A_cli,to_first,6,7.035551362442623,-5.55192328746222,0.0,0.0,8.962300773988426,0.9751176400175615,0.9999999996770944,1.0,True
E2_sparse,6,A_cli,to_first,7,1.5980011146284383,5.018727226637687,0.0,0.0,5.266994450134549,0.976891044079285,0.9999999997887166,1.0,True
E2_sparse,6,A_cli,to_first,8,-3.6308057635554345,-0.4463505111363322,0.0,0.0,3.6581387714873568,0.9808110471790331,0.9999999996129122,1.0,True
E2_sparse,6,A_cli,to_previous,0,0.0,0.0,0.0,0.0,0.0,1.0,0.0,1.0,True
E2_sparse,6,A_cli,to_previous,1,7.300152430885429,2.936829266543146,0.0,0.0,7.868747781889238,0.9751482436670776,0.9999999995894483,1.0,True
E2_sparse,6,A_cli,to_previous,2,-1.6459040030450947,-1.9036697988557005,0.0,0.0,2.5165370433027943,0.98442282666079,0.9999999996375132,1.0,True
E2_sparse,6,A_cli,to_previous,3,-7.813167173057746,2.9860286189588656,0.0,0.0,8.364325925463962,0.9744592384912842,0.9999999996397866,1.0,True
E2_sparse,6,A_cli,to_previous,4,6.961193473823114,-6.745473413244946,0.0,0.0,9.693277368815561,0.9757710524983385,0.9999999995765617,1.0,True
E2_sparse,6,A_cli,to_previous,5,-5.59398405668821,6.872106730913181,0.0,0.0,8.861067009539209,0.9758590043950569,0.9999999997142461,1.0,True
E2_sparse,6,A_cli,to_previous,6,7.035551362442623,-5.55192328746222,0.0,0.0,8.962300773988426,0.9751176400175615,0.999999999731146,1.0,True
E2_sparse,6,A_cli,to_previous,7,1.5980011146284383,5.018727226637687,0.0,0.0,5.266994450134549,0.976891044079285,0.9999999998276156,1.0,True
E2_sparse,6,A_cli,to_previous,8,-3.6308057635554345,-0.4463505111363322,0.0,0.0,3.6581387714873568,0.9808110471790331,0.999999999743018,1.0,True
E2_sparse,6,B_pilot,to_first,0,0.0,0.0,0.0,0.0,0.0,1.0,0.0,1.0,True
E2_sparse,6,B_pilot,to_first,1,7.300152430885429,2.936829266543146,-7.0,-3.0,0.3067279304724454,0.7008398689588418,,0.948486328125,True
E2_sparse,6,B_pilot,to_first,2,-1.6459040030450947,-1.9036697988557005,2.0,2.0,0.3669652336557096,0.9725771772318271,,0.9792751736111112,True
E2_sparse,6,B_pilot,to_first,3,-7.813167173057746,2.9860286189588656,8.0,-3.0,0.18735448943495014,0.8527202339237004,,0.943359375,True
E2_sparse,6,B_pilot,to_first,4,6.961193473823114,-6.745473413244946,-7.0,7.0,0.25746792001935936,0.8008707549034068,,0.9284125434027778,True
E2_sparse,6,B_pilot,to_first,5,-5.59398405668821,6.872106730913181,6.0,-7.0,0.42568255132325516,0.7373932431647704,,0.9334309895833334,True
E2_sparse,6,B_pilot,to_first,6,7.035551362442623,-5.55192328746222,-7.0,6.0,0.449484860357044,0.7997231990993096,,0.9334309895833334,True
E2_sparse,6,B_pilot,to_first,7,1.5980011146284383,5.018727226637687,-2.0,-5.0,0.4024348554207467,0.7589660062384409,,0.9638129340277778,True
E2_sparse,6,B_pilot,to_first,8,-3.6308057635554345,-0.4463505111363322,4.0,0.0,0.5792522447220647,0.9657065053733891,,0.9791666666666666,True
E2_sparse,6,B_pilot,to_previous,0,0.0,0.0,0.0,0.0,0.0,1.0,0.0,1.0,True
E2_sparse,6,B_pilot,to_previous,1,7.300152430885429,2.936829266543146,-7.0,-3.0,0.3067279304724454,0.7008398689588418,,0.948486328125,True
E2_sparse,6,B_pilot,to_previous,2,-1.6459040030450947,-1.9036697988557005,2.0,2.0,0.3669652336557096,0.9725771772318271,,0.9792751736111112,True
E2_sparse,6,B_pilot,to_previous,3,-7.813167173057746,2.9860286189588656,8.0,-3.0,0.18735448943495014,0.8527202339237004,,0.943359375,True
E2_sparse,6,B_pilot,to_previous,4,6.961193473823114,-6.745473413244946,-7.0,7.0,0.25746792001935936,0.8008707549034068,,0.9284125434027778,True
E2_sparse,6,B_pilot,to_previous,5,-5.59398405668821,6.872106730913181,6.0,-7.0,0.42568255132325516,0.7373932431647704,,0.9334309895833334,True
E2_sparse,6,B_pilot,to_previous,6,7.035551362442623,-5.55192328746222,-7.0,5.0,0.5530670977509247,0.7985788595971844,,0.9384494357638888,True
E2_sparse,6,B_pilot,to_previous,7,1.5980011146284383,5.018727226637687,-2.0,-6.0,1.0604241413614386,0.7261525938944371,,0.9586588541666666,True
E2_sparse,6,B_pilot,to_previous,8,-3.6308057635554345,-0.4463505111363322,3.0,0.0,0.7727513766577317,0.9710590823567222,,0.984375,True
E2_sparse,6,stable_subpixel,to_first,0,0.0,0.0,0.0,0.0,0.0,1.0,0.0,1.0,True
E2_sparse,6,stable_subpixel,to_first,1,7.300152430885429,2.936829266543146,-6.85,-2.65,0.5337679637986349,0.7031146800447355,0.9999999999688928,0.9510132514105902,True
E2_sparse,6,stable_subpixel,to_first,2,-1.6459040030450947,-1.9036697988557005,1.85,1.8,0.22891614877023894,0.9747485277221296,0.9999999999612853,0.9810799153645833,True
E2_sparse,6,stable_subpixel,to_first,3,-7.813167173057746,2.9860286189588656,8.75,-3.0,0.9369370016841111,0.8504436749715029,0.9999999999670176,0.93951416015625,True
E2_sparse,6,stable_subpixel,to_first,4,6.961193473823114,-6.745473413244946,-7.55,7.2,0.743833007694396,0.7806392835650179,0.9999999999716958,0.9246516927083334,True
E2_sparse,6,stable_subpixel,to_first,5,-5.59398405668821,6.872106730913181,5.75,-7.2,0.363118397330552,0.7109109915420272,0.9999999999671807,0.9336751302083334,True
E2_sparse,6,stable_subpixel,to_first,6,7.035551362442623,-5.55192328746222,-7.45,5.8,0.4830214575738,0.7791782996541887,0.9999999999712084,0.9321617296006944,True
E2_sparse,6,stable_subpixel,to_first,7,1.5980011146284383,5.018727226637687,-2.2,-4.55,0.7629599406129133,0.73754769900616,0.9999999999671587,0.9651152886284723,True
E2_sparse,6,stable_subpixel,to_first,8,-3.6308057635554345,-0.4463505111363322,2.85,0.4,0.7821802926972682,0.9714650757671527,0.9999999999573608,0.9831038411458333,True
E2_sparse,6,stable_subpixel,to_previous,0,0.0,0.0,0.0,0.0,0.0,1.0,0.0,1.0,True
E2_sparse,6,stable_subpixel,to_previous,1,7.300152430885429,2.936829266543146,-6.85,-2.65,0.5337679637986349,0.7031146800447355,0.9999999999688928,0.9510132514105902,True
E2_sparse,6,stable_subpixel,to_previous,2,-1.6459040030450947,-1.9036697988557005,1.450000000000001,1.9499999999999997,0.2013078884374958,0.9748818130314773,0.9999999999669172,0.9823683675130209,True
E2_sparse,6,stable_subpixel,to_previous,3,-7.813167173057746,2.9860286189588656,7.750000000000001,-3.2000000000000006,0.2231005236586362,0.8252676838936762,0.9999999999695512,0.9436414930555556,True
E2_sparse,6,stable_subpixel,to_previous,4,6.961193473823114,-6.745473413244946,-6.599999999999999,6.399999999999999,0.4998125696613919,0.802455104510791,0.9999999999665771,0.9334374999999999,True
E2_sparse,6,stable_subpixel,to_previous,5,-5.59398405668821,6.872106730913181,6.050000000000002,-7.550000000000001,0.8170005047903935,0.7084467651044778,0.9999999999622073,0.9304057481553818,True
E2_sparse,6,stable_subpixel,to_previous,6,7.035551362442623,-5.55192328746222,-6.149999999999998,5.1,0.9942011231509704,0.7998129532219249,0.9999999999702422,0.9422570800781249,True
E2_sparse,6,stable_subpixel,to_previous,7,1.5980011146284383,5.018727226637687,-0.24999999999999734,-5.25,1.367696640610854,0.7542769568042251,0.9999999999671433,0.9713897705078125,True
E2_sparse,6,stable_subpixel,to_previous,8,-3.6308057635554345,-0.4463505111363322,4.650000000000003,1.0499999999999998,1.184546156554144,0.9581255783945708,0.9999999999702391,0.9704449462890624,True
E3_mcherry,6,A_cli,to_first,0,0.0,0.0,0.0,0.0,0.0,1.0,0.0,1.0,True
E3_mcherry,6,A_cli,to_first,1,0.0,0.0,-3.0,1.7,3.448187929913334,0.9905388787545644,0.9999999365097836,0.9756591796875002,True
E3_mcherry,6,A_cli,to_first,2,0.0,0.0,1.9,7.6,7.8339006886735545,0.9582056764038254,0.9999999774084112,0.9509125434027779,True
E3_mcherry,6,A_cli,to_first,3,0.0,0.0,-3.0,-6.9,7.523961722390672,0.9658113639273328,0.9999999855756073,0.9489990234375001,True
E3_mcherry,6,A_cli,to_first,4,0.0,0.0,6.7,5.3,8.542833253669418,0.9658498643330939,0.9999999738994263,0.9384632703993057,True
E3_mcherry,6,A_cli,to_first,5,0.0,0.0,-7.1,-7.0,9.970456358662826,0.9526871644347714,0.9999999863203284,0.9279106987847222,True
E3_mcherry,6,A_cli,to_first,6,0.0,0.0,5.6,-1.6,5.824087911424414,0.9766176297793696,0.9999999602129082,0.9627430555555557,True
E3_mcherry,6,A_cli,to_first,7,0.0,0.0,-5.1,3.6,6.2425956140054435,0.9679806084014196,0.9999999555358774,0.955185546875,True
E3_mcherry,6,A_cli,to_first,8,0.0,0.0,0.3,-0.2,0.36055512754639896,0.9998171692587284,0.9999999452560255,0.9973974609374999,True
E3_mcherry,6,A_cli,to_previous,0,0.0,0.0,0.0,0.0,0.0,1.0,0.0,1.0,True
E3_mcherry,6,A_cli,to_previous,1,0.0,0.0,-3.0,1.7,3.448187929913334,0.9905388787545644,0.9999999365097836,0.9756591796875002,True
E3_mcherry,6,A_cli,to_previous,2,0.0,0.0,1.9000000000000004,7.5,7.73692445355388,0.9591944050872658,0.9999999704922976,0.9514282226562499,True
E3_mcherry,6,A_cli,to_previous,3,0.0,0.0,-3.0999999999999996,-7.4,8.023091673413685,0.9605826772326834,0.9999999745715942,0.9459347873263889,True
E3_mcherry,6,A_cli,to_previous,4,0.0,0.0,6.800000000000001,5.4,8.683317338436964,0.964830135111144,0.9999999892401911,0.9374544270833334,True
E3_mcherry,6,A_cli,to_previous,5,0.0,0.0,-7.1,-7.5,10.327632836231157,0.9482689190774881,0.9999999889624192,0.9254028320312501,True
E3_mcherry,6,A_cli,to_previous,6,0.0,0.0,5.1,-2.2,5.554277630799526,0.9759772627065881,0.9999999867419451,0.9622835286458334,True
E3_mcherry,6,A_cli,to_previous,7,0.0,0.0,-5.6,2.8,6.260990336999411,0.9680675143012557,0.9999999630571084,0.9566753472222221,True
E3_mcherry,6,A_cli,to_previous,8,0.0,0.0,-0.1999999999999993,-1.0,1.0198039027185568,0.9975455083004032,0.99999995714776,0.9937554253472223,True
E3_mcherry,6,B_pilot,to_first,0,0.0,0.0,0.0,0.0,0.0,1.0,0.0,1.0,True
E3_mcherry,6,B_pilot,to_first,1,0.0,0.0,0.0,0.0,0.0,1.0,,1.0,True
E3_mcherry,6,B_pilot,to_first,2,0.0,0.0,0.0,0.0,0.0,1.0,,1.0,True
E3_mcherry,6,B_pilot,to_first,3,0.0,0.0,0.0,0.0,0.0,1.0,,1.0,True
E3_mcherry,6,B_pilot,to_first,4,0.0,0.0,0.0,0.0,0.0,1.0,,1.0,True
E3_mcherry,6,B_pilot,to_first,5,0.0,0.0,0.0,0.0,0.0,1.0,,1.0,True
E3_mcherry,6,B_pilot,to_first,6,0.0,0.0,0.0,0.0,0.0,1.0,,1.0,True
E3_mcherry,6,B_pilot,to_first,7,0.0,0.0,0.0,0.0,0.0,1.0,,1.0,True
E3_mcherry,6,B_pilot,to_first,8,0.0,0.0,0.0,0.0,0.0,1.0,,1.0,True
E3_mcherry,6,B_pilot,to_previous,0,0.0,0.0,0.0,0.0,0.0,1.0,0.0,1.0,True
E3_mcherry,6,B_pilot,to_previous,1,0.0,0.0,0.0,0.0,0.0,1.0,,1.0,True
E3_mcherry,6,B_pilot,to_previous,2,0.0,0.0,0.0,0.0,0.0,1.0,,1.0,True
E3_mcherry,6,B_pilot,to_previous,3,0.0,0.0,0.0,0.0,0.0,1.0,,1.0,True
E3_mcherry,6,B_pilot,to_previous,4,0.0,0.0,0.0,0.0,0.0,1.0,,1.0,True
E3_mcherry,6,B_pilot,to_previous,5,0.0,0.0,0.0,0.0,0.0,1.0,,1.0,True
E3_mcherry,6,B_pilot,to_previous,6,0.0,0.0,0.0,0.0,0.0,1.0,,1.0,True
E3_mcherry,6,B_pilot,to_previous,7,0.0,0.0,0.0,0.0,0.0,1.0,,1.0,True
E3_mcherry,6,B_pilot,to_previous,8,0.0,0.0,0.0,0.0,0.0,1.0,,1.0,True
E3_mcherry,6,stable_subpixel,to_first,0,0.0,0.0,0.0,0.0,0.0,1.0,0.0,1.0,True
E3_mcherry,6,stable_subpixel,to_first,1,0.0,0.0,0.0,0.0,0.0,1.0,1.0,1.0,True
E3_mcherry,6,stable_subpixel,to_first,2,0.0,0.0,0.0,0.0,0.0,1.0,1.0,1.0,True
E3_mcherry,6,stable_subpixel,to_first,3,0.0,0.0,0.0,0.0,0.0,1.0,1.0,1.0,True
E3_mcherry,6,stable_subpixel,to_first,4,0.0,0.0,0.0,0.0,0.0,1.0,1.0,1.0,True
E3_mcherry,6,stable_subpixel,to_first,5,0.0,0.0,0.0,0.0,0.0,1.0,1.0,1.0,True
E3_mcherry,6,stable_subpixel,to_first,6,0.0,0.0,0.0,0.0,0.0,1.0,1.0,1.0,True
E3_mcherry,6,stable_subpixel,to_first,7,0.0,0.0,0.0,0.0,0.0,1.0,1.0,1.0,True
E3_mcherry,6,stable_subpixel,to_first,8,0.0,0.0,0.0,0.0,0.0,1.0,1.0,1.0,True
E3_mcherry,6,stable_subpixel,to_previous,0,0.0,0.0,0.0,0.0,0.0,1.0,0.0,1.0,True
E3_mcherry,6,stable_subpixel,to_previous,1,0.0,0.0,0.0,0.0,0.0,1.0,1.0,1.0,True
E3_mcherry,6,stable_subpixel,to_previous,2,0.0,0.0,0.0,0.0,0.0,1.0,1.0,1.0,True
E3_mcherry,6,stable_subpixel,to_previous,3,0.0,0.0,0.0,0.0,0.0,1.0,1.0,1.0,True
E3_mcherry,6,stable_subpixel,to_previous,4,0.0,0.0,0.0,0.0,0.0,1.0,1.0,1.0,True
E3_mcherry,6,stable_subpixel,to_previous,5,0.0,0.0,0.0,0.0,0.0,1.0,1.0,1.0,True
E3_mcherry,6,stable_subpixel,to_previous,6,0.0,0.0,0.0,0.0,0.0,1.0,1.0,1.0,True
E3_mcherry,6,stable_subpixel,to_previous,7,0.0,0.0,0.0,0.0,0.0,1.0,1.0,1.0,True
E3_mcherry,6,stable_subpixel,to_previous,8,0.0,0.0,0.0,0.0,0.0,1.0,1.0,1.0,True
E4_gradient,6,A_cli,to_first,0,0.0,0.0,0.0,0.0,0.0,1.0,0.0,1.0,True
E4_gradient,6,A_cli,to_first,1,0.1496848280420715,-4.603810571720146,-0.1,4.8,0.20238298818415074,0.9236466247398293,0.9999999986235929,0.9744921875,True
E4_gradient,6,A_cli,to_first,2,-4.679396089822512,-3.628311541970528,4.9,3.6,0.2224131933909192,0.9265650957801377,0.9999999986572433,0.9562076822916666,True
E4_gradient,6,A_cli,to_first,3,2.2362108612126548,-1.466420474796971,-2.3,1.4,0.09209089911324696,0.8645398083756554,0.9999999984274932,0.9808165147569444,True
E4_gradient,6,A_cli,to_first,4,5.07116189947131,-3.6197767480871033,-5.0,3.7,0.10723705555378205,0.8353798720776832,0.9999999989778515,0.9551893446180555,True
E4_gradient,6,A_cli,to_first,5,-4.4037918004461165,5.446500007881341,4.4,-5.4,0.04665435117529696,0.7870101717827147,0.9999999992936152,0.9496028645833332,True
E4_gradient,6,A_cli,to_first,6,3.746513962960911,-5.162931385284615,-3.8,5.1,0.08259004426677281,0.8411667688592347,0.9999999990599633,0.9541715494791667,True
E4_gradient,6,A_cli,to_first,7,-3.0468524202825322,-2.4140660582858593,3.1,2.4,0.054977442879109925,0.9164816688917048,0.9999999983484662,0.9715559895833334,True
E4_gradient,6,A_cli,to_first,8,0.6085828747131057,-0.48724767418712434,-0.4,0.6,0.2371073651319081,0.9163235603113752,0.9999999983877692,0.9947981770833333,True
E4_gradient,6,A_cli,to_previous,0,0.0,0.0,0.0,0.0,0.0,1.0,0.0,1.0,True
E4_gradient,6,A_cli,to_previous,1,0.1496848280420715,-4.603810571720146,-0.1,4.8,0.20238298818415074,0.9236466247398293,0.9999999986235929,0.9744921875,True
E4_gradient,6,A_cli,to_previous,2,-4.679396089822512,-3.628311541970528,4.9,4.5,0.899170091277171,0.9105859364686928,0.999999998985176,0.9516398111979166,True
E4_gradient,6,A_cli,to_previous,3,2.2362108612126548,-1.466420474796971,-2.1999999999999993,2.2,0.7344726994700783,0.860379734264507,0.9999999991500608,0.9772146267361111,True
E4_gradient,6,A_cli,to_previous,4,5.07116189947131,-3.6197767480871033,-2.1999999999999993,2.2,3.2030199292830654,0.7796710292492166,0.9999999990798011,0.9772146267361111,True
E4_gradient,6,A_cli,to_previous,5,-4.4037918004461165,5.446500007881341,-2.1999999999999993,2.2,10.103416675272218,0.7038803533635474,0.9999999996265964,0.9772146267361111,True
E4_gradient,6,A_cli,to_previous,6,3.746513962960911,-5.162931385284615,-2.1999999999999993,2.2,3.342254902238558,0.7373699175196766,0.9999999995103394,0.9772146267361111,True
E4_gradient,6,A_cli,to_previous,7,-3.0468524202825322,-2.4140660582858593,4.700000000000001,-0.5,3.350325045779799,0.8136218044550031,0.9999999991191563,0.972980414496528,True
E4_gradient,6,A_cli,to_previous,8,0.6085828747131057,-0.48724767418712434,1.0000000000000009,-2.6,3.4811832854065714,0.8167597604102236,0.9999999983521038,0.9813205295138889,True
E4_gradient,6,B_pilot,to_first,0,0.0,0.0,0.0,0.0,0.0,1.0,0.0,1.0,True
E4_gradient,6,B_pilot,to_first,1,0.1496848280420715,-4.603810571720146,0.0,5.0,0.4235228575020504,0.951896992457252,,0.9739583333333334,True
E4_gradient,6,B_pilot,to_first,2,-4.679396089822512,-3.628311541970528,5.0,4.0,0.49085555620102894,0.9358336976327334,,0.9536675347222222,True
E4_gradient,6,B_pilot,to_first,3,2.2362108612126548,-1.466420474796971,-2.0,1.0,0.5228227522446358,0.8794129313283702,,0.9844292534722222,True
E4_gradient,6,B_pilot,to_first,4,5.07116189947131,-3.6197767480871033,-5.0,4.0,0.38682520242556967,0.8409179431664991,,0.9536675347222222,True
E4_gradient,6,B_pilot,to_first,5,-4.4037918004461165,5.446500007881341,4.0,-5.0,0.6020050457808092,0.7982100490900597,,0.9536675347222222,True
E4_gradient,6,B_pilot,to_first,6,3.746513962960911,-5.162931385284615,-4.0,5.0,0.3013333822936749,0.8469839366933924,,0.9536675347222222,True
E4_gradient,6,B_pilot,to_first,7,-3.0468524202825322,-2.4140660582858593,3.0,2.0,0.41670835114108246,0.9067263166685294,,0.97412109375,True
E4_gradient,6,B_pilot,to_first,8,0.6085828747131057,-0.48724767418712434,-1.0,0.0,0.6249941295473249,0.9012314388450271,,0.9947916666666666,True
E4_gradient,6,B_pilot,to_previous,0,0.0,0.0,0.0,0.0,0.0,1.0,0.0,1.0,True
E4_gradient,6,B_pilot,to_previous,1,0.1496848280420715,-4.603810571720146,0.0,5.0,0.4235228575020504,0.951896992457252,,0.9739583333333334,True
E4_gradient,6,B_pilot,to_previous,2,-4.679396089822512,-3.628311541970528,5.0,4.0,0.49085555620102894,0.9358336976327334,,0.9536675347222222,True
E4_gradient,6,B_pilot,to_previous,3,2.2362108612126548,-1.466420474796971,-2.0,2.0,0.5835260753991325,0.8943511385646241,,0.9792751736111112,True
E4_gradient,6,B_pilot,to_previous,4,5.07116189947131,-3.6197767480871033,-5.0,4.0,0.38682520242556967,0.8409179431664991,,0.9536675347222222,True
E4_gradient,6,B_pilot,to_previous,5,-4.4037918004461165,5.446500007881341,4.0,-5.0,0.6020050457808092,0.7982100490900597,,0.9536675347222222,True
E4_gradient,6,B_pilot,to_previous,6,3.746513962960911,-5.162931385284615,-4.0,6.0,0.8746079331422254,0.8044715567940083,,0.9485677083333334,True
E4_gradient,6,B_pilot,to_previous,7,-3.0468524202825322,-2.4140660582858593,3.0,3.0,0.5878041624036028,0.9066017841762563,,0.968994140625,True
E4_gradient,6,B_pilot,to_previous,8,0.6085828747131057,-0.48724767418712434,-1.0,1.0,0.6450754324839614,0.9218131494908092,,0.9896104600694444,True
E4_gradient,6,stable_subpixel,to_first,0,0.0,0.0,0.0,0.0,0.0,1.0,0.0,1.0,True
E4_gradient,6,stable_subpixel,to_first,1,0.1496848280420715,-4.603810571720146,-0.05000000074505806,4.75,0.17694183715002496,0.9234355130642079,0.9999999403953552,0.9750064425960419,True
E4_gradient,6,stable_subpixel,to_first,2,-4.679396089822512,-3.628311541970528,4.849999904632568,3.799999952316284,0.24203836860051098,0.9310752151988497,0.9999999403953552,0.9554478631421485,True
E4_gradient,6,stable_subpixel,to_first,3,2.2362108612126548,-1.466420474796971,-2.0999999046325684,1.399999976158142,0.15154242749769073,0.8685059640881527,0.9999999403953552,0.9818505865534016,True
E4_gradient,6,stable_subpixel,to_first,4,5.07116189947131,-3.6197767480871033,-5.0,3.75,0.14839848811606735,0.8370045484975241,0.9999999403953552,0.9549357096354166,True
E4_gradient,6,stable_subpixel,to_first,5,-4.4037918004461165,5.446500007881341,4.25,-5.349999904632568,0.18156042468413086,0.78417208439046,0.9999999403953552,0.950616794648037,True
E4_gradient,6,stable_subpixel,to_first,6,3.746513962960911,-5.162931385284615,-3.9000000953674316,5.050000190734863,0.19055562847511445,0.8435345996919889,0.9999999403953552,0.953919676277502,True
E4_gradient,6,stable_subpixel,to_first,7,-3.0468524202825322,-2.4140660582858593,3.0,2.299999952316284,0.12331352649808283,0.9155018136925369,0.9999999403953552,0.9725830080569722,True
E4_gradient,6,stable_subpixel,to_first,8,0.6085828747131057,-0.48724767418712434,-0.75,0.44999998807907104,0.14624019093536916,0.9183302262980035,0.9999999403953552,0.9937591553352831,True
E4_gradient,6,stable_subpixel,to_previous,0,0.0,0.0,0.0,0.0,0.0,1.0,0.0,1.0,True
E4_gradient,6,stable_subpixel,to_previous,1,0.1496848280420715,-4.603810571720146,-0.05000000074505806,4.75,0.17694183715002496,0.9234355130642079,0.9999999403953552,0.9750064425960419,True
E4_gradient,6,stable_subpixel,to_previous,2,-4.679396089822512,-3.628311541970528,4.850000094622374,3.800000011920929,0.24203854479743714,0.9310752205433835,0.9999998807907104,0.9554478618696035,True
E4_gradient,6,stable_subpixel,to_previous,3,2.2362108612126548,-1.466420474796971,-2.099999714642763,1.4500001072883606,0.13719732110723712,0.8696977870074479,0.9999999403953552,0.9815930185004547,True
E4_gradient,6,stable_subpixel,to_previous,4,5.07116189947131,-3.6197767480871033,-4.999999810010195,3.800000011920929,0.19376394866793073,0.8382481305991321,0.9999999403953552,0.9546820755622522,True
E4_gradient,6,stable_subpixel,to_previous,5,-4.4037918004461165,5.446500007881341,4.3000003807246685,-5.300000369548798,0.17954053258069577,0.7854422671540348,0.9999999403953552,0.9506182145061415,True
E4_gradient,6,stable_subpixel,to_previous,6,3.746513962960911,-5.162931385284615,-3.849999237805605,5.099999248981476,0.1211183548821512,0.8426802163059341,0.9999999403953552,0.9539180578276439,True
E4_gradient,6,stable_subpixel,to_previous,7,-3.0468524202825322,-2.4140660582858593,3.0500008575618267,2.2999992966651917,0.1141102044688724,0.9135821236395119,0.9999999403953552,0.9723257099125333,True
E4_gradient,6,stable_subpixel,to_previous,8,0.6085828747131057,-0.48724767418712434,-0.6999991424381733,0.44999927282333374,0.09871361308826293,0.9178204899545128,0.9999999403953552,0.9940189698181116,True
E5_drift,6,A_cli,to_first,0,0.0,0.0,0.0,0.0,0.0,1.0,0.0,1.0,True
E5_drift,6,A_cli,to_first,1,4.030523742283523,-1.6395114357858975,-4.0,1.8,0.16336547397322068,0.9948543723639865,0.9999999641289998,0.9699869791666667,True
E5_drift,6,A_cli,to_first,2,6.64576282139133,-3.7371670927382548,-6.7,3.8,0.08300389014011267,0.9917030928112047,0.9999999698684124,0.9460031467013889,True
E5_drift,6,A_cli,to_first,3,10.022550920289893,-6.1559591470404005,-10.0,6.1,0.060332165081408366,0.997458959441543,0.9999999634882526,0.9178005642361112,True
E5_drift,6,A_cli,to_first,4,13.928605533678056,-8.133702773644174,-14.0,8.1,0.07894964707144486,0.9970530379367467,0.9999999639420651,0.8879720052083333,True
E5_drift,6,A_cli,to_first,5,16.633873633312135,-11.525001434046539,-16.7,11.6,0.09998740553896554,0.9893354994104895,0.999999975601644,0.8578591579861112,True
E5_drift,6,A_cli,to_first,6,18.710903086552904,-13.774223314951554,-18.8,13.9,0.1541364151898429,0.9924745118294728,0.9999999704688902,0.8367762586805555,True
E5_drift,6,A_cli,to_first,7,22.39000383818213,-16.676306520797024,-22.3,16.8,0.15297309464363965,0.9892111504482042,0.9999999770709853,0.8065169270833332,True
E5_drift,6,A_cli,to_first,8,26.527478311635733,-18.21891697277973,-26.6,18.1,0.13928618631543824,0.9868542652524532,0.9999999778168316,0.7802479383680556,True
E5_drift,6,A_cli,to_previous,0,0.0,0.0,0.0,0.0,0.0,1.0,0.0,1.0,True
E5_drift,6,A_cli,to_previous,1,4.030523742283523,-1.6395114357858975,-4.0,1.8,0.16336547397322068,0.9948543723639865,0.9999999641289998,0.9699869791666667,True
E5_drift,6,A_cli,to_previous,2,6.64576282139133,-3.7371670927382548,-6.7,3.9000000000000004,0.17162816561025487,0.9921075688078577,0.9999999672959384,0.94550048828125,True
E5_drift,6,A_cli,to_previous,3,10.022550920289893,-6.1559591470404005,-10.0,6.2,0.04947868970910801,0.9966596587187696,0.9999999680578089,0.9173068576388889,True
E5_drift,6,A_cli,to_previous,4,13.928605533678056,-8.133702773644174,-14.0,8.2,0.09742942083308705,0.9962109249677892,0.9999999555096434,0.8874891493055556,True
E5_drift,6,A_cli,to_previous,5,16.633873633312135,-11.525001434046539,-16.8,11.7,0.24129332314566646,0.9894660862408774,0.9999999726309498,0.85689453125,True
E5_drift,6,A_cli,to_previous,6,18.710903086552904,-13.774223314951554,-18.900000000000002,14.0,0.29450425155960774,0.9932091111587077,0.9999999713979147,0.8358235677083333,True
E5_drift,6,A_cli,to_previous,7,22.39000383818213,-16.676306520797024,-22.500000000000004,16.9,0.249274804688713,0.9887753128278487,0.9999999720020244,0.8051066080729167,True
E5_drift,6,A_cli,to_previous,8,26.527478311635733,-18.21891697277973,-26.700000000000003,18.299999999999997,0.19062578592430993,0.9859178507181516,0.9999999762104635,0.77887939453125,True
E5_drift,6,B_pilot,to_first,0,0.0,0.0,0.0,0.0,0.0,1.0,0.0,1.0,True
E5_drift,6,B_pilot,to_first,1,4.030523742283523,-1.6395114357858975,-4.0,2.0,0.3617785286223272,0.9924160604247242,,0.9689670138888888,True
E5_drift,6,B_pilot,to_first,2,6.64576282139133,-3.7371670927382548,-7.0,4.0,0.44109535913257153,0.9891519705949244,,0.9434678819444444,True
E5_drift,6,B_pilot,to_first,3,10.022550920289893,-6.1559591470404005,-10.0,6.0,0.1575810888129993,0.9964370606576891,,0.9182942708333334,True
E5_drift,6,B_pilot,to_first,4,13.928605533678056,-8.133702773644174,-14.0,8.0,0.1515704506212886,0.9958135423229996,,0.8884548611111112,True
E5_drift,6,B_pilot,to_first,5,16.633873633312135,-11.525001434046539,-17.0,12.0,0.5997267328057854,0.9825920760948318,,0.8544921875,True
E5_drift,6,B_pilot,to_first,6,18.710903086552904,-13.774223314951554,-19.0,14.0,0.36681349058629675,0.9895343186281478,,0.8353407118055556,True
E5_drift,6,B_pilot,to_first,7,22.39000383818213,-16.676306520797024,-22.0,17.0,0.506833761972621,0.9845108882515978,,0.8070203993055556,True
E5_drift,6,B_pilot,to_first,8,26.527478311635733,-18.21891697277973,-27.0,18.0,0.5207699942831375,0.9803369532272219,,0.77880859375,True
E5_drift,6,B_pilot,to_previous,0,0.0,0.0,0.0,0.0,0.0,1.0,0.0,1.0,True
E5_drift,6,B_pilot,to_previous,1,4.030523742283523,-1.6395114357858975,-4.0,2.0,0.3617785286223272,0.9924160604247242,,0.9689670138888888,True
E5_drift,6,B_pilot,to_previous,2,6.64576282139133,-3.7371670927382548,-7.0,4.0,0.44109535913257153,0.9891519705949244,,0.9434678819444444,True
E5_drift,6,B_pilot,to_previous,3,10.022550920289893,-6.1559591470404005,-10.0,6.0,0.1575810888129993,0.9964370606576891,,0.9182942708333334,True
E5_drift,6,B_pilot,to_previous,4,13.928605533678056,-8.133702773644174,-14.0,8.0,0.1515704506212886,0.9958135423229996,,0.8884548611111112,True
E5_drift,6,B_pilot,to_previous,5,16.633873633312135,-11.525001434046539,-17.0,11.0,0.640058608359406,0.9812737513709565,,0.8592393663194444,True
E5_drift,6,B_pilot,to_previous,6,18.710903086552904,-13.774223314951554,-19.0,13.0,0.826437394349512,0.9722046228193576,,0.8400336371527778,True
E5_drift,6,B_pilot,to_previous,7,22.39000383818213,-16.676306520797024,-23.0,16.0,0.9107611253809146,0.9716400579765301,,0.8068576388888888,True
E5_drift,6,B_pilot,to_previous,8,26.527478311635733,-18.21891697277973,-27.0,17.0,1.3073007811919646,0.9621994620690685,,0.7832845052083334,True
E5_drift,6,stable_subpixel,to_first,0,0.0,0.0,0.0,0.0,0.0,1.0,0.0,1.0,True
E5_drift,6,stable_subpixel,to_first,1,4.030523742283523,-1.6395114357858975,-4.0,1.7999999523162842,0.16336542712922808,0.9921899919086234,0.9999998807907104,0.9699869794098454,True
E5_drift,6,stable_subpixel,to_first,2,6.64576282139133,-3.7371670927382548,-6.800000190734863,3.9000000953674316,0.22428498132342067,0.9882796062915907,0.9999998807907104,0.9449902329226543,True
E5_drift,6,stable_subpixel,to_first,3,10.022550920289893,-6.1559591470404005,-10.0,6.050000190734863,0.10833210247788903,0.9960684840630213,0.9999998807907104,0.9180474165930517,True
E5_drift,6,stable_subpixel,to_first,4,13.928605533678056,-8.133702773644174,-14.0,8.050000190734863,0.11001496355989619,0.9953983763854031,0.9999998807907104,0.8882134322387477,True
E5_drift,6,stable_subpixel,to_first,5,16.633873633312135,-11.525001434046539,-16.799999237060547,11.600000381469727,0.1822705635459565,0.9836039537370095,0.9999999403953552,0.8573697935872607,True
E5_drift,6,stable_subpixel,to_first,6,18.710903086552904,-13.774223314951554,-18.850000381469727,13.899999618530273,0.1875306268189382,0.988346944449798,0.9999999403953552,0.8365346950442634,True
E5_drift,6,stable_subpixel,to_first,7,22.39000383818213,-16.676306520797024,-22.25,16.850000381469727,0.22309332563103698,0.9836723451906952,0.9999999403953552,0.8065243173623458,True
E5_drift,6,stable_subpixel,to_first,8,26.527478311635733,-18.21891697277973,-26.600000381469727,18.100000381469727,0.13928605925144563,0.9810443829137604,0.9999999403953552,0.7802479348569694,True
E5_drift,6,stable_subpixel,to_previous,0,0.0,0.0,0.0,0.0,0.0,1.0,0.0,1.0,True
E5_drift,6,stable_subpixel,to_previous,1,4.030523742283523,-1.6395114357858975,-4.0,1.7999999523162842,0.16336542712922808,0.9921899919086234,0.9999998807907104,0.9699869794098454,True
E5_drift,6,stable_subpixel,to_previous,2,6.64576282139133,-3.7371670927382548,-6.799999952316284,3.8999998569488525,0.224284644272464,0.9882796039164867,0.9999998807907104,0.9449902353369786,True
E5_drift,6,stable_subpixel,to_previous,3,10.022550920289893,-6.1559591470404005,-10.0,6.099999904632568,0.06033225353639317,0.9956737007974192,0.9999998807907104,0.9178005647069464,True
E5_drift,6,stable_subpixel,to_previous,4,13.928605533678056,-8.133702773644174,-13.950000047683716,8.099999904632568,0.03992002766972788,0.9945648654077731,0.9999998807907104,0.8882214357696163,True
E5_drift,6,stable_subpixel,to_previous,5,16.633873633312135,-11.525001434046539,-16.75,11.649999856948853,0.1706163496508768,0.983457692729975,0.9999998807907104,0.8573767774812748,True
E5_drift,6,stable_subpixel,to_previous,6,18.710903086552904,-13.774223314951554,-18.799999952316284,13.949999809265137,0.19706757075183856,0.988323283830861,0.9999998807907104,0.8365413422722809,True
E5_drift,6,stable_subpixel,to_previous,7,22.39000383818213,-16.676306520797024,-22.200000047683716,16.899999856948853,0.2934964208342237,0.9839355649776668,0.9999998807907104,0.8065315759532515,True
E5_drift,6,stable_subpixel,to_previous,8,26.527478311635733,-18.21891697277973,-26.50000023841858,18.149999856948853,0.07419308163281751,0.9806717975674244,0.9999999403953552,0.7804951980855548,True
E6_decorrelation,6,A_cli,to_first,0,0.0,0.0,0.0,0.0,0.0,1.0,0.0,1.0,True
E6_decorrelation,6,A_cli,to_first,1,2.952551593928797,-1.5233541033677818,63.9,-1.2,66.90799886554105,-0.0793129083848679,0.9999999997257757,0.663017578125,False
E6_decorrelation,6,A_cli,to_first,2,6.66911856564112,-4.893503287595671,0.0,-54.7,59.965513226614306,0.04686851769897749,0.9999999997078769,0.7151041666666668,True
E6_decorrelation,6,A_cli,to_first,3,8.865138344821597,-6.694255280509644,-1.0,0.0,10.32828422071228,0.6991749820230143,0.9999999997819367,0.9947916666666666,True
E6_decorrelation,6,A_cli,to_first,4,13.188905021526782,-10.073699200814971,-1.0,1.1,15.13594010857958,0.5783770689487421,0.9999999997499724,0.9890923394097223,True
E6_decorrelation,6,A_cli,to_first,5,15.571417007860811,-12.773449340143525,3.2,0.0,22.705221966063647,0.44915214615328414,0.9999999997005236,0.9833333333333335,True
E6_decorrelation,6,A_cli,to_first,6,19.60559313702295,-14.819598619699097,0.0,-89.9,106.53907084879879,-0.12708860760945181,0.9999999995881532,0.5317708333333333,False
E6_decorrelation,6,A_cli,to_first,7,22.7858508696579,-17.3565705267563,-53.7,1.1,34.927935835723716,0.4342054027676223,0.9999999998237696,0.7161857096354167,True
E6_decorrelation,6,A_cli,to_first,8,26.016674120751553,-20.210122081522073,0.0,24.9,26.43600361619756,0.3140201817437126,0.9999999998470012,0.8703124999999999,True
E6_decorrelation,6,A_cli,to_previous,0,0.0,0.0,0.0,0.0,0.0,1.0,0.0,1.0,True
E6_decorrelation,6,A_cli,to_previous,1,2.952551593928797,-1.5233541033677818,63.9,-1.2,66.90799886554105,-0.0793129083848679,0.9999999997257757,0.663017578125,False
E6_decorrelation,6,A_cli,to_previous,2,6.66911856564112,-4.893503287595671,33.9,-1.2,41.02418997992509,0.1689330751761463,0.9999999996080505,0.818291015625,True
E6_decorrelation,6,A_cli,to_previous,3,8.865138344821597,-6.694255280509644,34.9,-0.09999999999999987,44.28938065900342,0.09284768701725919,0.9999999994911535,0.8178030056423612,True
E6_decorrelation,6,A_cli,to_previous,4,13.188905021526782,-10.073699200814971,34.8,1.3877787807814457e-16,49.034828650191265,0.07612889916155695,0.9999999996863322,0.81875,True
E6_decorrelation,6,A_cli,to_previous,5,15.571417007860811,-12.773449340143525,34.599999999999994,1.3877787807814457e-16,51.771923787144296,0.06686673422961578,0.9999999997028536,0.8197916666666667,True
E6_decorrelation,6,A_cli,to_previous,6,19.60559313702295,-14.819598619699097,34.599999999999994,-60.1,92.47265857902696,-0.10473451680639664,0.9999999997070035,0.5631797960069445,False
E6_decorrelation,6,A_cli,to_previous,7,22.7858508696579,-17.3565705267563,-10.400000000000006,-60.1,78.44061205480092,-0.090478892976788,0.999999999843,0.6497677951388889,False
E6_decorrelation,6,A_cli,to_previous,8,26.016674120751553,-20.210122081522073,-68.10000000000001,-60.1,90.6681974333228,-0.13775525880220046,0.9999999998293018,0.4433162434895833,False
E6_decorrelation,6,B_pilot,to_first,0,0.0,0.0,0.0,0.0,0.0,1.0,0.0,1.0,True
E6_decorrelation,6,B_pilot,to_first,1,2.952551593928797,-1.5233541033677818,-3.0,4.0,2.477100371108103,0.9326160049786749,,0.9638671875,True
E6_decorrelation,6,B_pilot,to_first,2,6.66911856564112,-4.893503287595671,-11.0,4.0,4.422090243699093,0.9038798653573404,,0.9230685763888888,True
E6_decorrelation,6,B_pilot,to_first,3,8.865138344821597,-6.694255280509644,-15.0,4.0,6.700413348796654,0.886471338688273,,0.9026692708333334,True
E6_decorrelation,6,B_pilot,to_first,4,13.188905021526782,-10.073699200814971,-19.0,6.0,7.096749257762823,0.8697305949397195,,0.8728841145833334,True
E6_decorrelation,6,B_pilot,to_first,5,15.571417007860811,-12.773449340143525,-21.0,8.0,7.228784953604549,0.8708170909582187,,0.853515625,True
E6_decorrelation,6,B_pilot,to_first,6,19.60559313702295,-14.819598619699097,-23.0,12.0,4.412724139081748,0.8762809171645611,,0.8251953125,True
E6_decorrelation,6,B_pilot,to_first,7,22.7858508696579,-17.3565705267563,-29.0,14.0,7.062734252059931,0.8771309899109425,,0.7870551215277778,True
E6_decorrelation,6,B_pilot,to_first,8,26.016674120751553,-20.210122081522073,-29.0,17.0,4.382364325346436,0.8448548078304287,,0.7737901475694444,True
E6_decorrelation,6,B_pilot,to_previous,0,0.0,0.0,0.0,0.0,0.0,1.0,0.0,1.0,True
E6_decorrelation,6,B_pilot,to_previous,1,2.952551593928797,-1.5233541033677818,-3.0,4.0,2.477100371108103,0.9326160049786749,,0.9638671875,True
E6_decorrelation,6,B_pilot,to_previous,2,6.66911856564112,-4.893503287595671,-11.0,3.0,4.726720712990143,0.9030573611818141,,0.927978515625,True
E6_decorrelation,6,B_pilot,to_previous,3,8.865138344821597,-6.694255280509644,-14.0,3.0,6.325687812040275,0.8861417172593796,,0.91259765625,True
E6_decorrelation,6,B_pilot,to_previous,4,13.188905021526782,-10.073699200814971,-19.0,6.0,7.096749257762823,0.8697305949397195,,0.8728841145833334,True
E6_decorrelation,6,B_pilot,to_previous,5,15.571417007860811,-12.773449340143525,-21.0,8.0,7.228784953604549,0.8708170909582187,,0.853515625,True
E6_decorrelation,6,B_pilot,to_previous,6,19.60559313702295,-14.819598619699097,-24.0,12.0,5.221201782500734,0.875147429384188,,0.8203125,True
E6_decorrelation,6,B_pilot,to_previous,7,22.7858508696579,-17.3565705267563,-30.0,14.0,7.956790394116509,0.8759534340025896,,0.7822265625,True
E6_decorrelation,6,B_pilot,to_previous,8,26.016674120751553,-20.210122081522073,-32.0,17.0,6.790071601651915,0.8403632120078838,,0.7595486111111112,True
E6_decorrelation,6,stable_subpixel,to_first,0,0.0,0.0,0.0,0.0,0.0,1.0,0.0,1.0,True
E6_decorrelation,6,stable_subpixel,to_first,1,2.952551593928797,-1.5233541033677818,30.850000381469727,-44.95000076293945,57.46638350008847,0.1290460625820152,1.0,0.6428251768922847,True
E6_decorrelation,6,stable_subpixel,to_first,2,6.66911856564112,-4.893503287595671,24.049999237060547,20.049999237060547,34.25468680403322,0.1151741823094122,1.0,0.783393087004208,True
E6_decorrelation,6,stable_subpixel,to_first,3,8.865138344821597,-6.694255280509644,-47.20000076293945,63.25,68.32359722227882,0.02980616559533957,1.0,0.5057237386548271,True
E6_decorrelation,6,stable_subpixel,to_first,4,13.188905021526782,-10.073699200814971,-73.94999694824219,-35.099998474121094,75.7137586819812,-0.11575374398988456,1.0,0.5024426448283097,False
E6_decorrelation,6,stable_subpixel,to_first,5,15.571417007860811,-12.773449340143525,26.100000381469727,66.0999984741211,67.67738078393936,-0.10420832028446753,1.0,0.5665909886370516,False
E6_decorrelation,6,stable_subpixel,to_first,6,19.60559313702295,-14.819598619699097,-13.699999809265137,43.95000076293945,29.722993819259862,0.2680747834400728,1.0,0.7160729951227808,True
E6_decorrelation,6,stable_subpixel,to_first,7,22.7858508696579,-17.3565705267563,-95.05000305175781,-22.100000381469727,82.33424972897708,-0.12443687789417261,1.0,0.44682629244039873,False
E6_decorrelation,6,stable_subpixel,to_first,8,26.016674120751553,-20.210122081522073,-28.0,-69.05000305175781,89.28215678595629,-0.12057085545406554,1.0,0.5469780680206087,False
E6_decorrelation,6,stable_subpixel,to_previous,0,0.0,0.0,0.0,0.0,0.0,1.0,0.0,1.0,True
E6_decorrelation,6,stable_subpixel,to_previous,1,2.952551593928797,-1.5233541033677818,30.850000381469727,-44.95000076293945,57.46638350008847,0.1290460625820152,1.0,0.6428251768922847,True
E6_decorrelation,6,stable_subpixel,to_previous,2,6.66911856564112,-4.893503287595671,125.00000190734863,-124.89999771118164,184.886749627036,-0.036959161219943124,1.0,0.121953668222866,False
E6_decorrelation,6,stable_subpixel,to_previous,3,8.865138344821597,-6.694255280509644,170.15000343322754,-158.99999618530273,243.92828035025153,8.250796347652504e-05,1.0,0.019559732260596065,False
E6_decorrelation,6,stable_subpixel,to_previous,4,13.188905021526782,-10.073699200814971,237.20000648498535,-226.09999465942383,344.1985192835753,0.0,1.0,0.0,False
E6_decorrelation,6,stable_subpixel,to_previous,5,15.571417007860811,-12.773449340143525,271.1500072479248,-227.1499946117401,373.8615172560541,0.0,1.0,0.0,False
E6_decorrelation,6,stable_subpixel,to_previous,6,19.60559313702295,-14.819598619699097,271.8500072360039,-315.299996137619,440.36951964405694,0.0,1.0,0.0,False
E6_decorrelation,6,stable_subpixel,to_previous,7,22.7858508696579,-17.3565705267563,201.80000418424606,-359.1499946117401,438.4016421988882,0.0,1.0,0.0,False
E6_decorrelation,6,stable_subpixel,to_previous,8,26.016674120751553,-20.210122081522073,128.90000265836716,-354.1499946117401,405.1477183878478,0.0,1.0,0.0,False
E1_baseline,7,A_cli,to_first,0,0.0,0.0,0.0,0.0,0.0,1.0,0.0,1.0,True
E1_baseline,7,A_cli,to_first,1,-6.29567552814814,-5.0546919463064075,6.2,5.0,0.11020442675867598,0.99192936162759,0.9999999642696464,0.9425075954861111,True
E1_baseline,7,A_cli,to_first,2,5.09445896696794,-3.2987110791478056,-5.0,3.2,0.13662493764746853,0.991711080032882,0.9999999628881232,0.9577256944444444,True
E1_baseline,7,A_cli,to_first,3,-2.0732629133732257,-1.6825514799271541,2.0,1.8,0.13842546493775792,0.9920912861597552,0.99999996336319,0.9803059895833334,True
E1_baseline,7,A_cli,to_first,4,4.658708348956091,-5.894034388940231,-4.8,6.0,0.17661268748870756,0.9905893603578977,0.9999999645981898,0.9445312499999999,True
E1_baseline,7,A_cli,to_first,5,-7.052016020341272,-2.999285265206529,7.0,3.0,0.0520209305757654,0.9983312641444977,0.999999957119142,0.948486328125,True
E1_baseline,7,A_cli,to_first,6,2.595972982888039,6.317717481821594,-2.7,-6.2,0.15709559451375318,0.984715928835236,0.9999999690602959,0.9540999348958334,True
E1_baseline,7,A_cli,to_first,7,-2.276409758768043,-4.702406889545358,2.2,4.8,0.12394703079623336,0.9873711116746438,0.9999999688652405,0.9638281249999999,True
E1_baseline,7,A_cli,to_first,8,-7.1572754380035555,0.11395646955082483,7.1,0.0,0.12754039654551508,0.9953736227298536,0.9999999478900998,0.9630208333333334,True
E1_baseline,7,A_cli,to_previous,0,0.0,0.0,0.0,0.0,0.0,1.0,0.0,1.0,True
E1_baseline,7,A_cli,to_previous,1,-6.29567552814814,-5.0546919463064075,6.2,5.0,0.11020442675867598,0.99192936162759,0.9999999642696464,0.9425075954861111,True
E1_baseline,7,A_cli,to_previous,2,5.09445896696794,-3.2987110791478056,-4.999999999999999,3.2,0.13662493764746914,0.991711080032917,0.9999999648311817,0.9577256944444444,True
E1_baseline,7,A_cli,to_previous,3,-2.0732629133732257,-1.6825514799271541,2.1000000000000005,1.7000000000000002,0.03192683282162787,0.990036716818812,0.999999967908498,0.98030517578125,True
E1_baseline,7,A_cli,to_previous,4,4.658708348956091,-5.894034388940231,-4.699999999999999,5.9,0.04172036626455122,0.9889645192665165,0.9999999648973394,0.9455438910590277,True
E1_baseline,7,A_cli,to_previous,5,-7.052016020341272,-2.999285265206529,7.100000000000001,2.9000000000000004,0.11027250877267702,0.9966316297898371,0.9999999604734997,0.9484752061631944,True
E1_baseline,7,A_cli,to_previous,6,2.595972982888039,6.317717481821594,-2.599999999999998,-6.299999999999999,0.018169370625273937,0.9837211318004268,0.999999965873284,0.9540901692708333,True
E1_baseline,7,A_cli,to_previous,7,-2.276409758768043,-4.702406889545358,2.3000000000000025,4.700000000000001,0.023712709644103973,0.9856108976634148,0.9999999677501444,0.9638349066840277,True
E1_baseline,7,A_cli,to_previous,8,-7.1572754380035555,0.11395646955082483,7.200000000000003,-0.1999999999999993,0.09606704601446994,0.9914346513388556,0.999999965675296,0.9614973958333335,True
E1_baseline,7,B_pilot,to_first,0,0.0,0.0,0.0,0.0,0.0,1.0,0.0,1.0,True
E1_baseline,7,B_pilot,to_first,1,-6.29567552814814,-5.0546919463064075,6.0,5.0,0.30069124851991325,0.98904019779715,,0.9435221354166666,True
E1_baseline,7,B_pilot,to_first,2,5.09445896696794,-3.2987110791478056,-5.0,3.0,0.31329028910308876,0.9888508321221057,,0.958740234375,True
E1_baseline,7,B_pilot,to_first,3,-2.0732629133732257,-1.6825514799271541,2.0,2.0,0.32579290565077196,0.9892125461579899,,0.9792751736111112,True
E1_baseline,7,B_pilot,to_first,4,4.658708348956091,-5.894034388940231,-5.0,6.0,0.3573635429077054,0.9861945468874386,,0.9435221354166666,True
E1_baseline,7,B_pilot,to_first,5,-7.052016020341272,-2.999285265206529,7.0,3.0,0.0520209305757654,0.9971675003088825,,0.948486328125,True
E1_baseline,7,B_pilot,to_first,6,2.595972982888039,6.317717481821594,-3.0,-6.0,0.5139866037276105,0.9772334198539459,,0.95361328125,True
E1_baseline,7,B_pilot,to_first,7,-2.276409758768043,-4.702406889545358,2.0,5.0,0.40615762227524,0.9839885730017962,,0.9638129340277778,True
E1_baseline,7,B_pilot,to_first,8,-7.1572754380035555,0.11395646955082483,7.0,0.0,0.19422059713557233,0.9940807811531085,,0.9635416666666666,True
E1_baseline,7,B_pilot,to_previous,0,0.0,0.0,0.0,0.0,0.0,1.0,0.0,1.0,True
E1_baseline,7,B_pilot,to_previous,1,-6.29567552814814,-5.0546919463064075,6.0,5.0,0.30069124851991325,0.98904019779715,,0.9435221354166666,True
E1_baseline,7,B_pilot,to_previous,2,5.09445896696794,-3.2987110791478056,-5.0,3.0,0.31329028910308876,0.9888508321221057,,0.958740234375,True
E1_baseline,7,B_pilot,to_previous,3,-2.0732629133732257,-1.6825514799271541,2.0,2.0,0.32579290565077196,0.9892125461579899,,0.9792751736111112,True
E1_baseline,7,B_pilot,to_previous,4,4.658708348956091,-5.894034388940231,-5.0,6.0,0.3573635429077054,0.9861945468874386,,0.9435221354166666,True
E1_baseline,7,B_pilot,to_previous,5,-7.052016020341272,-2.999285265206529,7.0,3.0,0.0520209305757654,0.9971675003088825,,0.948486328125,True
E1_baseline,7,B_pilot,to_previous,6,2.595972982888039,6.317717481821594,-3.0,-6.0,0.5139866037276105,0.9772334198539459,,0.95361328125,True
E1_baseline,7,B_pilot,to_previous,7,-2.276409758768043,-4.702406889545358,2.0,5.0,0.40615762227524,0.9839885730017962,,0.9638129340277778,True
E1_baseline,7,B_pilot,to_previous,8,-7.1572754380035555,0.11395646955082483,7.0,0.0,0.19422059713557233,0.9940807811531085,,0.9635416666666666,True
E1_baseline,7,stable_subpixel,to_first,0,0.0,0.0,0.0,0.0,0.0,1.0,0.0,1.0,True
E1_baseline,7,stable_subpixel,to_first,1,-6.29567552814814,-5.0546919463064075,6.150000095367432,5.0,0.15560379399818475,0.9877915036337896,0.9999998211860657,0.9427612299849797,True
E1_baseline,7,stable_subpixel,to_first,2,5.09445896696794,-3.2987110791478056,-5.050000190734863,3.1500000953674316,0.15521449507397633,0.9865990769937907,0.9999998211860657,0.9577231837606006,True
E1_baseline,7,stable_subpixel,to_first,3,-2.0732629133732257,-1.6825514799271541,2.0,1.850000023841858,0.18277436728132104,0.988245211494955,0.9999998211860657,0.980048285467395,True
E1_baseline,7,stable_subpixel,to_first,4,4.658708348956091,-5.894034388940231,-4.800000190734863,5.949999809265137,0.15197207909803992,0.9844658664347509,0.9999998211860657,0.9447851562559502,True
E1_baseline,7,stable_subpixel,to_first,5,-7.052016020341272,-2.999285265206529,7.0,3.0,0.0520209305757654,0.9971675003088825,0.9999998211860657,0.948486328125,True
E1_baseline,7,stable_subpixel,to_first,6,2.595972982888039,6.317717481821594,-2.75,-6.150000095367432,0.22771351237777523,0.9761485115500227,0.9999998807907104,0.9541046137682214,True
E1_baseline,7,stable_subpixel,to_first,7,-2.276409758768043,-4.702406889545358,2.1500000953674316,4.849999904632568,0.19432730406093063,0.9811252342715652,0.9999998211860657,0.9638245307144503,True
E1_baseline,7,stable_subpixel,to_first,8,-7.1572754380035555,0.11395646955082483,7.050000190734863,-0.05000000074505806,0.12489358902146287,0.9923977988720056,0.9999998211860657,0.9630303945109225,True
E1_baseline,7,stable_subpixel,to_previous,0,0.0,0.0,0.0,0.0,0.0,1.0,0.0,1.0,True
E1_baseline,7,stable_subpixel,to_previous,1,-6.29567552814814,-5.0546919463064075,6.150000095367432,5.0,0.15560379399818475,0.9877915036337896,0.9999998211860657,0.9427612299849797,True
E1_baseline,7,stable_subpixel,to_previous,2,5.09445896696794,-3.2987110791478056,-5.049999713897705,3.149999976158142,0.15521474587153594,0.9865990859746344,0.9999998211860657,0.9577231868079333,True
E1_baseline,7,stable_subpixel,to_previous,3,-2.0732629133732257,-1.6825514799271541,2.000000476837158,1.850000023841858,0.18277417614738628,0.9880349483881905,0.9999998211860657,0.980048283007798,True
E1_baseline,7,stable_subpixel,to_previous,4,4.658708348956091,-5.894034388940231,-4.84999942779541,6.0000001192092896,0.21868016104568194,0.9853967845199606,0.9999998211860657,0.9442789736360686,True
E1_baseline,7,stable_subpixel,to_previous,5,-7.052016020341272,-2.999285265206529,7.000000953674316,3.0500000715255737,0.07264680819104183,0.9963704885910789,0.9999998211860657,0.948235400568875,True
E1_baseline,7,stable_subpixel,to_previous,6,2.595972982888039,6.317717481821594,-2.7499990463256836,-6.0999995470047,0.2666929458366509,0.9765138767645954,0.9999998807907104,0.954361308133068,True
E1_baseline,7,stable_subpixel,to_previous,7,-2.276409758768043,-4.702406889545358,2.1000008583068848,4.9000004529953,0.2648835904293832,0.9822231128025709,0.9999998211860657,0.9638207940914436,True
E1_baseline,7,stable_subpixel,to_previous,8,-7.1572754380035555,0.11395646955082483,7.0500006675720215,3.5762786865234375e-07,0.15650570223404942,0.9932781295397959,0.9999998211860657,0.9632812447288113,True
E2_sparse,7,A_cli,to_first,0,0.0,0.0,0.0,0.0,0.0,1.0,0.0,1.0,True
E2_sparse,7,A_cli,to_first,1,2.6789395388920276,7.800962373198383,0.0,0.0,8.248135001386434,0.9743559112120552,0.9999999998237196,1.0,True
E2_sparse,7,A_cli,to_first,2,-3.5468675551585953,-7.006216509625045,0.0,0.0,7.852855482789637,0.9746303524369828,0.9999999997428463,1.0,True
E2_sparse,7,A_cli,to_first,3,4.993991866129509,1.0834337332205681,0.0,0.0,5.110164714884243,0.977247578736352,0.9999999997308809,1.0,True
E2_sparse,7,A_cli,to_first,4,6.202714328553785,2.3697797323187864,0.0,0.0,6.639994052810238,0.975065841531025,0.9999999998292061,1.0,True
E2_sparse,7,A_cli,to_first,5,7.832363628834841,-6.4907247356263795,0.0,0.0,10.172287235817077,0.9739724144735904,0.9999999997765371,1.0,True
E2_sparse,7,A_cli,to_first,6,-1.9504620412655669,-1.8544752301158223,0.0,0.0,2.691352922515175,0.9840629718676109,0.9999999996179083,1.0,True
E2_sparse,7,A_cli,to_first,7,-2.1454624432000156,3.0530621938410683,0.0,0.0,3.7315141504010696,0.9807211250875386,0.9999999997306304,1.0,True
E2_sparse,7,A_cli,to_first,8,4.667200995094367,2.9116874573166847,0.0,0.0,5.500971639420181,0.9765061685634024,0.9999999997256838,1.0,True
E2_sparse,7,A_cli,to_previous,0,0.0,0.0,0.0,0.0,0.0,1.0,0.0,1.0,True
E2_sparse,7,A_cli,to_previous,1,2.6789395388920276,7.800962373198383,0.0,0.0,8.248135001386434,0.9743559112120552,0.9999999998237196,1.0,True
E2_sparse,7,A_cli,to_previous,2,-3.5468675551585953,-7.006216509625045,0.0,0.0,7.852855482789637,0.9746303524369828,0.9999999998886216,1.0,True
E2_sparse,7,A_cli,to_previous,3,4.993991866129509,1.0834337332205681,0.0,0.0,5.110164714884243,0.977247578736352,0.9999999997693998,1.0,True
E2_sparse,7,A_cli,to_previous,4,6.202714328553785,2.3697797323187864,0.0,0.0,6.639994052810238,0.975065841531025,0.9999999997610625,1.0,True
E2_sparse,7,A_cli,to_previous,5,7.832363628834841,-6.4907247356263795,0.0,0.0,10.172287235817077,0.9739724144735904,0.9999999997881873,1.0,True
E2_sparse,7,A_cli,to_previous,6,-1.9504620412655669,-1.8544752301158223,0.0,0.0,2.691352922515175,0.9840629718676109,0.9999999997460651,1.0,True
E2_sparse,7,A_cli,to_previous,7,-2.1454624432000156,3.0530621938410683,0.0,0.0,3.7315141504010696,0.9807211250875386,0.999999999771132,1.0,True
E2_sparse,7,A_cli,to_previous,8,4.667200995094367,2.9116874573166847,0.0,0.0,5.500971639420181,0.9765061685634024,0.9999999997809266,1.0,True
E2_sparse,7,B_pilot,to_first,0,0.0,0.0,0.0,0.0,0.0,1.0,0.0,1.0,True
E2_sparse,7,B_pilot,to_first,1,2.6789395388920276,7.800962373198383,-3.0,-8.0,0.37775097163301086,0.6524301506276549,,0.943359375,True
E2_sparse,7,B_pilot,to_first,2,-3.5468675551585953,-7.006216509625045,3.0,7.0,0.5469028870622805,0.9630806705535288,,0.948486328125,True
E2_sparse,7,B_pilot,to_first,3,4.993991866129509,1.0834337332205681,-5.0,-1.0,0.08364977891020799,0.8462881997268328,,0.9688856336805556,True
E2_sparse,7,B_pilot,to_first,4,6.202714328553785,2.3697797323187864,-6.0,-2.0,0.4216991219279041,0.7933325061340379,,0.9586588541666666,True
E2_sparse,7,B_pilot,to_first,5,7.832363628834841,-6.4907247356263795,-8.0,6.0,0.5185679503141348,0.8312697921306568,,0.9283854166666666,True
E2_sparse,7,B_pilot,to_first,6,-1.9504620412655669,-1.8544752301158223,2.0,2.0,0.15372530047268498,0.9721018606520707,,0.9792751736111112,True
E2_sparse,7,B_pilot,to_first,7,-2.1454624432000156,3.0530621938410683,2.0,-3.0,0.15483836345345703,0.8663488188952959,,0.97412109375,True
E2_sparse,7,B_pilot,to_first,8,4.667200995094367,2.9116874573166847,-5.0,-3.0,0.3443171254256341,0.7787862165680908,,0.958740234375,True
E2_sparse,7,B_pilot,to_previous,0,0.0,0.0,0.0,0.0,0.0,1.0,0.0,1.0,True
E2_sparse,7,B_pilot,to_previous,1,2.6789395388920276,7.800962373198383,-3.0,-8.0,0.37775097163301086,0.6524301506276549,,0.943359375,True
E2_sparse,7,B_pilot,to_previous,2,-3.5468675551585953,-7.006216509625045,3.0,7.0,0.5469028870622805,0.9630806705535288,,0.948486328125,True
E2_sparse,7,B_pilot,to_previous,3,4.993991866129509,1.0834337332205681,-6.0,-1.0,1.0094620117927713,0.8255448632366241,,0.9637044270833334,True
E2_sparse,7,B_pilot,to_previous,4,6.202714328553785,2.3697797323187864,-7.0,-2.0,0.8788637507186166,0.7742498425265373,,0.9535047743055556,True
E2_sparse,7,B_pilot,to_previous,5,7.832363628834841,-6.4907247356263795,-9.0,7.0,1.2738665511624685,0.8148394235207199,,0.9183756510416666,True
E2_sparse,7,B_pilot,to_previous,6,-1.9504620412655669,-1.8544752301158223,1.0,2.0,0.9615381170481756,0.9787047714751521,,0.9844292534722222,True
E2_sparse,7,B_pilot,to_previous,7,-2.1454624432000156,3.0530621938410683,1.0,-3.0,1.1466908062755958,0.8711680665593114,,0.979248046875,True
E2_sparse,7,B_pilot,to_previous,8,4.667200995094367,2.9116874573166847,-6.0,-3.0,1.3357216374202514,0.7587695924772224,,0.95361328125,True
E2_sparse,7,stable_subpixel,to_first,0,0.0,0.0,0.0,0.0,0.0,1.0,0.0,1.0,True
E2_sparse,7,stable_subpixel,to_first,1,2.6789395388920276,7.800962373198383,-2.6,-8.15,0.35785292471040575,0.6248984678102265,0.9999999999519456,0.9445852322048611,True
E2_sparse,7,stable_subpixel,to_first,2,-3.5468675551585953,-7.006216509625045,3.2,7.25,0.4239663795645794,0.9587430122303008,0.999999999957791,0.9462022569444445,True
E2_sparse,7,stable_subpixel,to_first,3,4.993991866129509,1.0834337332205681,-5.1,-0.75,0.34987966345031957,0.8290221343682879,0.9999999999555037,0.969635009765625,True
E2_sparse,7,stable_subpixel,to_first,4,6.202714328553785,2.3697797323187864,-6.3,-2.85,0.4899755171032093,0.7450419395382489,0.9999999999569301,0.952830810546875,True
E2_sparse,7,stable_subpixel,to_first,5,7.832363628834841,-6.4907247356263795,-7.75,6.45,0.09188183414953116,0.8346894584269716,0.9999999999621552,0.9273976643880208,True
E2_sparse,7,stable_subpixel,to_first,6,-1.9504620412655669,-1.8544752301158223,2.35,1.8,0.40323458577588484,0.967275801768809,0.9999999999506954,0.9785001627604166,True
E2_sparse,7,stable_subpixel,to_first,7,-2.1454624432000156,3.0530621938410683,2.1,-3.35,0.3003978935814864,0.8289790895668324,0.9999999999531914,0.9718054199218751,True
E2_sparse,7,stable_subpixel,to_first,8,4.667200995094367,2.9116874573166847,-5.05,-2.6,0.4936437472563414,0.763193557005533,0.9999999999560152,0.9605124240451389,True
E2_sparse,7,stable_subpixel,to_previous,0,0.0,0.0,0.0,0.0,0.0,1.0,0.0,1.0,True
E2_sparse,7,stable_subpixel,to_previous,1,2.6789395388920276,7.800962373198383,-2.6,-8.15,0.35785292471040575,0.6248984678102265,0.9999999999519456,0.9445852322048611,True
E2_sparse,7,stable_subpixel,to_previous,2,-3.5468675551585953,-7.006216509625045,3.8000000000000003,6.85,0.29745526136012235,0.9589861720968451,0.9999999999442447,0.9452373589409722,True
E2_sparse,7,stable_subpixel,to_previous,3,4.993991866129509,1.0834337332205681,-5.35,-1.9000000000000004,0.8907986637978574,0.7949837283297001,0.9999999999613777,0.9625153266059028,True
E2_sparse,7,stable_subpixel,to_previous,4,6.202714328553785,2.3697797323187864,-5.949999999999999,-2.6500000000000004,0.3773432525906912,0.762879244358061,0.9999999999596129,0.9556360541449654,True
E2_sparse,7,stable_subpixel,to_previous,5,7.832363628834841,-6.4907247356263795,-8.1,6.299999999999999,0.32864137285224343,0.8172917814998708,0.9999999999552127,0.9263842773437498,True
E2_sparse,7,stable_subpixel,to_previous,6,-1.9504620412655669,-1.8544752301158223,1.3499999999999996,0.9999999999999991,1.0443574971638308,0.9738203405882696,0.9999999999651434,0.9877970377604167,True
E2_sparse,7,stable_subpixel,to_previous,7,-2.1454624432000156,3.0530621938410683,1.3999999999999997,-4.150000000000001,1.326267998860905,0.7992910391280327,0.9999999999528547,0.9712513563368055,True
E2_sparse,7,stable_subpixel,to_previous,8,4.667200995094367,2.9116874573166847,-5.45,-3.800000000000001,1.1840073714169808,0.7298009002105995,0.9999999999486293,0.9523847113715278,True
E3_mcherry,7,A_cli,to_first,0,0.0,0.0,0.0,0.0,0.0,1.0,0.0,1.0,True
E3_mcherry,7,A_cli,to_first,1,0.0,0.0,-7.2,4.6,8.54400374531753,0.9657695496038119,0.9999999289663455,0.9394401041666668,True
E3_mcherry,7,A_cli,to_first,2,0.0,0.0,-2.8,-7.8,8.287339742040265,0.933390449735675,0.9999999532842947,0.9453841145833332,True
E3_mcherry,7,A_cli,to_first,3,0.0,0.0,3.5,6.8,7.647875521999557,0.9425465253549313,0.9999999713975117,0.946999782986111,True
E3_mcherry,7,A_cli,to_first,4,0.0,0.0,-5.0,-1.0,5.0990195135927845,0.982704670054975,0.9999998687815754,0.9688856336805556,True
E3_mcherry,7,A_cli,to_first,5,0.0,0.0,-6.0,-2.2,6.390618123468183,0.9694669972673882,0.9999999287569055,0.9576497395833334,True
E3_mcherry,7,A_cli,to_first,6,0.0,0.0,-7.9,6.2,10.042410069301095,0.9512065927084935,0.9999999216610155,0.9278911675347222,True
E3_mcherry,7,A_cli,to_first,7,0.0,0.0,2.0,1.8,2.6907248094147422,0.9932007575585495,0.9999998875456468,0.9803059895833334,True
E3_mcherry,7,A_cli,to_first,8,0.0,0.0,2.1,-3.0,3.661966684720111,0.992077980480807,0.9999998871730625,0.9736083984374999,True
E3_mcherry,7,A_cli,to_previous,0,0.0,0.0,0.0,0.0,0.0,1.0,0.0,1.0,True
E3_mcherry,7,A_cli,to_previous,1,0.0,0.0,-7.2,4.6,8.54400374531753,0.9657695496038119,0.9999999289663455,0.9394401041666668,True
E3_mcherry,7,A_cli,to_previous,2,0.0,0.0,-2.6000000000000005,-7.700000000000001,8.127115109311545,0.9359731455027092,0.9999999791496278,0.9468972439236113,True
E3_mcherry,7,A_cli,to_previous,3,0.0,0.0,3.499999999999999,7.1,7.91580697086532,0.9387848353874173,0.9999999564029709,0.9454657660590278,True
E3_mcherry,7,A_cli,to_previous,4,0.0,0.0,-5.000000000000001,-0.7000000000000002,5.048762224545737,0.9831563561449703,0.9999999736620112,0.9704074435763889,True
E3_mcherry,7,A_cli,to_previous,5,0.0,0.0,-6.100000000000001,-1.8000000000000003,6.36003144646314,0.969934740871956,0.9999998985187651,0.9591520182291666,True
E3_mcherry,7,A_cli,to_previous,6,0.0,0.0,-8.100000000000001,6.899999999999999,10.64048871058092,0.9438525867105603,0.9999999627712489,0.92339111328125,True
E3_mcherry,7,A_cli,to_previous,7,0.0,0.0,1.799999999999999,2.299999999999999,2.920616373302045,0.9906632598645174,0.9999999055718833,0.9787581380208332,True
E3_mcherry,7,A_cli,to_previous,8,0.0,0.0,1.899999999999999,-2.500000000000001,3.1400636936215167,0.992737571361783,0.9999999283165166,0.977212185329861,True
E3_mcherry,7,B_pilot,to_first,0,0.0,0.0,0.0,0.0,0.0,1.0,0.0,1.0,True
E3_mcherry,7,B_pilot,to_first,1,0.0,0.0,0.0,0.0,0.0,0.9999999999999999,,1.0,True
E3_mcherry,7,B_pilot,to_first,2,0.0,0.0,0.0,0.0,0.0,0.9999999999999999,,1.0,True
E3_mcherry,7,B_pilot,to_first,3,0.0,0.0,0.0,0.0,0.0,0.9999999999999999,,1.0,True
E3_mcherry,7,B_pilot,to_first,4,0.0,0.0,0.0,0.0,0.0,0.9999999999999999,,1.0,True
E3_mcherry,7,B_pilot,to_first,5,0.0,0.0,0.0,0.0,0.0,0.9999999999999999,,1.0,True
E3_mcherry,7,B_pilot,to_first,6,0.0,0.0,0.0,0.0,0.0,0.9999999999999999,,1.0,True
E3_mcherry,7,B_pilot,to_first,7,0.0,0.0,0.0,0.0,0.0,0.9999999999999999,,1.0,True
E3_mcherry,7,B_pilot,to_first,8,0.0,0.0,0.0,0.0,0.0,0.9999999999999999,,1.0,True
E3_mcherry,7,B_pilot,to_previous,0,0.0,0.0,0.0,0.0,0.0,1.0,0.0,1.0,True
E3_mcherry,7,B_pilot,to_previous,1,0.0,0.0,0.0,0.0,0.0,0.9999999999999999,,1.0,True
E3_mcherry,7,B_pilot,to_previous,2,0.0,0.0,0.0,0.0,0.0,0.9999999999999999,,1.0,True
E3_mcherry,7,B_pilot,to_previous,3,0.0,0.0,0.0,0.0,0.0,0.9999999999999999,,1.0,True
E3_mcherry,7,B_pilot,to_previous,4,0.0,0.0,0.0,0.0,0.0,0.9999999999999999,,1.0,True
E3_mcherry,7,B_pilot,to_previous,5,0.0,0.0,0.0,0.0,0.0,0.9999999999999999,,1.0,True
E3_mcherry,7,B_pilot,to_previous,6,0.0,0.0,0.0,0.0,0.0,0.9999999999999999,,1.0,True
E3_mcherry,7,B_pilot,to_previous,7,0.0,0.0,0.0,0.0,0.0,0.9999999999999999,,1.0,True
E3_mcherry,7,B_pilot,to_previous,8,0.0,0.0,0.0,0.0,0.0,0.9999999999999999,,1.0,True
E3_mcherry,7,stable_subpixel,to_first,0,0.0,0.0,0.0,0.0,0.0,1.0,0.0,1.0,True
E3_mcherry,7,stable_subpixel,to_first,1,0.0,0.0,0.0,0.0,0.0,0.9999999999999999,1.0,1.0,True
E3_mcherry,7,stable_subpixel,to_first,2,0.0,0.0,0.0,0.0,0.0,0.9999999999999999,1.0,1.0,True
E3_mcherry,7,stable_subpixel,to_first,3,0.0,0.0,0.0,0.0,0.0,0.9999999999999999,1.0,1.0,True
E3_mcherry,7,stable_subpixel,to_first,4,0.0,0.0,0.0,0.0,0.0,0.9999999999999999,1.0,1.0,True
E3_mcherry,7,stable_subpixel,to_first,5,0.0,0.0,0.0,0.0,0.0,0.9999999999999999,1.0,1.0,True
E3_mcherry,7,stable_subpixel,to_first,6,0.0,0.0,0.0,0.0,0.0,0.9999999999999999,1.0,1.0,True
E3_mcherry,7,stable_subpixel,to_first,7,0.0,0.0,0.0,0.0,0.0,0.9999999999999999,1.0,1.0,True
E3_mcherry,7,stable_subpixel,to_first,8,0.0,0.0,0.0,0.0,0.0,0.9999999999999999,1.0,1.0,True
E3_mcherry,7,stable_subpixel,to_previous,0,0.0,0.0,0.0,0.0,0.0,1.0,0.0,1.0,True
E3_mcherry,7,stable_subpixel,to_previous,1,0.0,0.0,0.0,0.0,0.0,0.9999999999999999,1.0,1.0,True
E3_mcherry,7,stable_subpixel,to_previous,2,0.0,0.0,0.0,0.0,0.0,0.9999999999999999,1.0,1.0,True
E3_mcherry,7,stable_subpixel,to_previous,3,0.0,0.0,0.0,0.0,0.0,0.9999999999999999,1.0,1.0,True
E3_mcherry,7,stable_subpixel,to_previous,4,0.0,0.0,0.0,0.0,0.0,0.9999999999999999,1.0,1.0,True
E3_mcherry,7,stable_subpixel,to_previous,5,0.0,0.0,0.0,0.0,0.0,0.9999999999999999,1.0,1.0,True
E3_mcherry,7,stable_subpixel,to_previous,6,0.0,0.0,0.0,0.0,0.0,0.9999999999999999,1.0,1.0,True
E3_mcherry,7,stable_subpixel,to_previous,7,0.0,0.0,0.0,0.0,0.0,0.9999999999999999,1.0,1.0,True
E3_mcherry,7,stable_subpixel,to_previous,8,0.0,0.0,0.0,0.0,0.0,0.9999999999999999,1.0,1.0,True
E4_gradient,7,A_cli,to_first,0,0.0,0.0,0.0,0.0,0.0,1.0,0.0,1.0,True
E4_gradient,7,A_cli,to_first,1,5.523450767519094,-1.841576981212293,-5.5,2.0,0.1601492784218672,0.7969925202623123,0.9999999992776537,0.9612358940972222,True
E4_gradient,7,A_cli,to_first,2,3.4784076285293355,4.7432535104616775,-3.4,-4.9,0.1752632825042993,0.7239728739267808,0.9999999996291868,0.9572227647569443,True
E4_gradient,7,A_cli,to_first,3,3.9250059945158844,-4.721756646111105,-4.0,4.8,0.10837953352148355,0.8520529558772493,0.9999999991787174,0.9546874999999999,True
E4_gradient,7,A_cli,to_first,4,-3.7910189597298056,3.820844225225955,3.8,-3.9,0.07966364142075223,0.8519841301009992,0.9999999991156693,0.9602978515624999,True
E4_gradient,7,A_cli,to_first,5,-2.474033309360854,-1.5549471850299192,2.5,1.5,0.060773860873415665,0.9245796932979825,0.9999999989565754,0.9792683919270834,True
E4_gradient,7,A_cli,to_first,6,-1.2619136099453656,3.4940312617170686,1.2,-3.5,0.06220065058467646,0.8263873696789287,0.9999999993450825,0.9756347656250001,True
E4_gradient,7,A_cli,to_first,7,-4.420525791705173,-5.289012015255954,4.4,5.2,0.09134794461316767,0.8966702073578714,0.9999999991279215,0.9506206597222222,True
E4_gradient,7,A_cli,to_first,8,-2.249463948904897,1.9469797371660293,2.1,-1.9,0.15667344295200383,0.892005867780959,0.9999999990054846,0.9792749023437499,True
E4_gradient,7,A_cli,to_previous,0,0.0,0.0,0.0,0.0,0.0,1.0,0.0,1.0,True
E4_gradient,7,A_cli,to_previous,1,5.523450767519094,-1.841576981212293,-5.5,2.0,0.1601492784218672,0.7969925202623123,0.9999999992776537,0.9612358940972222,True
E4_gradient,7,A_cli,to_previous,2,3.4784076285293355,4.7432535104616775,-5.5,2.0,7.039765878404062,0.7320960067364257,0.9999999992931746,0.9612358940972222,True
E4_gradient,7,A_cli,to_previous,3,3.9250059945158844,-4.721756646111105,-5.5,2.0,3.1446089356167755,0.6716410641296447,0.9999999992698386,0.9612358940972222,True
E4_gradient,7,A_cli,to_previous,4,-3.7910189597298056,3.820844225225955,-5.5,2.0,10.96381597822606,0.6348251199686941,0.9999999996230547,0.9612358940972222,True
E4_gradient,7,A_cli,to_previous,5,-2.474033309360854,-1.5549471850299192,-6.9,7.5,11.100277179322617,0.6276836523294871,0.9999999994293078,0.9264038085937499,True
E4_gradient,7,A_cli,to_previous,6,-1.2619136099453656,3.4940312617170686,-8.200000000000001,2.2,11.043088389190798,0.6216629390551021,0.9999999995339776,0.9463226996527779,True
E4_gradient,7,A_cli,to_previous,7,-4.420525791705173,-5.289012015255954,-5.100000000000001,11.0,11.102062651256041,0.6221732578149983,0.9999999995860048,0.9176676432291667,True
E4_gradient,7,A_cli,to_previous,8,-2.249463948904897,1.9469797371660293,-7.300000000000002,3.9000000000000004,11.19729582346847,0.615752627950339,0.9999999993882069,0.94243896484375,True
E4_gradient,7,B_pilot,to_first,0,0.0,0.0,0.0,0.0,0.0,1.0,0.0,1.0,True
E4_gradient,7,B_pilot,to_first,1,5.523450767519094,-1.841576981212293,-6.0,2.0,0.5021922180400157,0.7949056891301725,,0.9586588541666666,True
E4_gradient,7,B_pilot,to_first,2,3.4784076285293355,4.7432535104616775,-3.0,-5.0,0.5429480812428704,0.7470308055998841,,0.958740234375,True
E4_gradient,7,B_pilot,to_first,3,3.9250059945158844,-4.721756646111105,-4.0,5.0,0.28817263027895684,0.8576473795920806,,0.9536675347222222,True
E4_gradient,7,B_pilot,to_first,4,-3.7910189597298056,3.820844225225955,4.0,-4.0,0.2752632682129982,0.8610487770740121,,0.9587673611111112,True
E4_gradient,7,B_pilot,to_first,5,-2.474033309360854,-1.5549471850299192,2.0,2.0,0.6502150309677532,0.9133522179733784,,0.9792751736111112,True
E4_gradient,7,B_pilot,to_first,6,-1.2619136099453656,3.4940312617170686,1.0,-3.0,0.5591651157112466,0.8434992797147699,,0.979248046875,True
E4_gradient,7,B_pilot,to_first,7,-4.420525791705173,-5.289012015255954,4.0,5.0,0.5102645259584194,0.8800289833238948,,0.9536675347222222,True
E4_gradient,7,B_pilot,to_first,8,-2.249463948904897,1.9469797371660293,2.0,-2.0,0.2550360956300271,0.8951971317158862,,0.9792751736111112,True
E4_gradient,7,B_pilot,to_previous,0,0.0,0.0,0.0,0.0,0.0,1.0,0.0,1.0,True
E4_gradient,7,B_pilot,to_previous,1,5.523450767519094,-1.841576981212293,-6.0,2.0,0.5021922180400157,0.7949056891301725,,0.9586588541666666,True
E4_gradient,7,B_pilot,to_previous,2,3.4784076285293355,4.7432535104616775,-4.0,-5.0,0.5813582044373706,0.7193928383845444,,0.9536675347222222,True
E4_gradient,7,B_pilot,to_previous,3,3.9250059945158844,-4.721756646111105,-5.0,5.0,1.1104195044261982,0.7619511759030014,,0.9485948350694444,True
E4_gradient,7,B_pilot,to_previous,4,-3.7910189597298056,3.820844225225955,3.0,-4.0,0.8110535039606895,0.785389796585702,,0.9638671875,True
E4_gradient,7,B_pilot,to_previous,5,-2.474033309360854,-1.5549471850299192,2.0,1.0,0.729845159301776,0.8810138682092935,,0.9844292534722222,True
E4_gradient,7,B_pilot,to_previous,6,-1.2619136099453656,3.4940312617170686,1.0,-4.0,0.5697395046810733,0.8181593494791228,,0.9740668402777778,True
E4_gradient,7,B_pilot,to_previous,7,-4.420525791705173,-5.289012015255954,4.0,5.0,0.5102645259584194,0.8800289833238948,,0.9536675347222222,True
E4_gradient,7,B_pilot,to_previous,8,-2.249463948904897,1.9469797371660293,2.0,-2.0,0.2550360956300271,0.8951971317158862,,0.9792751736111112,True
E4_gradient,7,stable_subpixel,to_first,0,0.0,0.0,0.0,0.0,0.0,1.0,0.0,1.0,True
E4_gradient,7,stable_subpixel,to_first,1,5.523450767519094,-1.841576981212293,-5.599999904632568,1.9500000476837158,0.13272276268931435,0.796242511865378,0.9999999403953552,0.9609733075422182,True
E4_gradient,7,stable_subpixel,to_first,2,3.4784076285293355,4.7432535104616775,-3.4000000953674316,-4.900000095367432,0.17526332513150558,0.7242289925095593,0.9999999403953552,0.9572227637850058,True
E4_gradient,7,stable_subpixel,to_first,3,3.9250059945158844,-4.721756646111105,-4.0,4.849999904632568,0.1485612136957504,0.8539330492942608,0.9999999403953552,0.9544325091669129,True
E4_gradient,7,stable_subpixel,to_first,4,-3.7910189597298056,3.820844225225955,3.9000000953674316,-3.950000047683716,0.16899146250508426,0.8571782237815465,0.9999999403953552,0.9595324699733303,True
E4_gradient,7,stable_subpixel,to_first,5,-2.474033309360854,-1.5549471850299192,2.4000000953674316,1.649999976158142,0.12048215583837076,0.9259235757173476,0.9999999403953552,0.9790136715051874,True
E4_gradient,7,stable_subpixel,to_first,6,-1.2619136099453656,3.4940312617170686,1.100000023841858,-3.5,0.16202356372326876,0.8237311707382869,0.9999999403953552,0.9761461044787817,True
E4_gradient,7,stable_subpixel,to_first,7,-4.420525791705173,-5.289012015255954,4.300000190734863,5.150000095367432,0.1839856906401891,0.8924085831448285,0.9999999403953552,0.9513819701188349,True
E4_gradient,7,stable_subpixel,to_first,8,-2.249463948904897,1.9469797371660293,2.0999999046325684,-2.0,0.1585895608204522,0.8948644540120991,0.9999999403953552,0.9787597661165314,True
E4_gradient,7,stable_subpixel,to_previous,0,0.0,0.0,0.0,0.0,0.0,1.0,0.0,1.0,True
E4_gradient,7,stable_subpixel,to_previous,1,5.523450767519094,-1.841576981212293,-5.599999904632568,1.9500000476837158,0.13272276268931435,0.796242511865378,0.9999999403953552,0.9609733075422182,True
E4_gradient,7,stable_subpixel,to_previous,2,3.4784076285293355,4.7432535104616775,-3.5,-4.8500001430511475,0.10890855831806079,0.7232349775207845,0.9999999403953552,0.9569708922806766,True
E4_gradient,7,stable_subpixel,to_previous,3,3.9250059945158844,-4.721756646111105,-4.050000011920929,4.8999998569488525,0.21770196737007744,0.8293604724287743,0.9999999403953552,0.9539237474136301,True
E4_gradient,7,stable_subpixel,to_previous,4,-3.7910189597298056,3.820844225225955,3.8500000834465027,-3.9000003337860107,0.09871404397174532,0.8541467768405303,0.9999999403953552,0.9600427224799771,True
E4_gradient,7,stable_subpixel,to_previous,5,-2.474033309360854,-1.5549471850299192,2.400000035762787,1.6499998569488525,0.12048209841538561,0.9259235708198302,0.9999999403953552,0.979013672426081,True
E4_gradient,7,stable_subpixel,to_previous,6,-1.2619136099453656,3.4940312617170686,1.1000000834465027,-3.450000047683716,0.16779373609449463,0.8236790781288802,0.9999999403953552,0.9764050286231376,True
E4_gradient,7,stable_subpixel,to_previous,7,-4.420525791705173,-5.289012015255954,4.250000178813934,5.150000333786011,0.2200073458706178,0.8908121904665405,0.9999999403953552,0.9516354004969697,True
E4_gradient,7,stable_subpixel,to_previous,8,-2.249463948904897,1.9469797371660293,2.1000000834465027,-1.9499995708465576,0.14949436936962882,0.8936123010737322,0.9999999403953552,0.9790173357648988,True
E5_drift,7,A_cli,to_first,0,0.0,0.0,0.0,0.0,0.0,1.0,0.0,1.0,True
E5_drift,7,A_cli,to_first,1,2.266300698726853,-1.868163506711699,-2.2,1.9,0.07354824917402815,0.993058566359602,0.9999999536458326,0.9787592230902779,True
E5_drift,7,A_cli,to_first,2,6.312309912315593,-3.9558246218182234,-6.2,4.0,0.1206854607723693,0.9935101717871486,0.9999999542090561,0.9475477430555556,True
E5_drift,7,A_cli,to_first,3,9.238362582101026,-6.245505686827329,-9.1,6.2,0.14565360160081883,0.9911308336377499,0.9999999580451172,0.9218429904513888,True
E5_drift,7,A_cli,to_first,4,13.216285761625414,-8.0087513882098,-13.1,8.0,0.11661460094002554,0.9951644741735991,0.9999999545531485,0.8929470486111111,True
E5_drift,7,A_cli,to_first,5,15.36440825844709,-10.133840730058985,-15.3,10.1,0.07275725920560933,0.9895098883848471,0.9999999633824364,0.8719002278645833,True
E5_drift,7,A_cli,to_first,6,19.020029037023345,-13.423555415286685,-19.0,13.4,0.030919571688668875,0.9891918822966353,0.9999999653059014,0.8381564670138889,True
E5_drift,7,A_cli,to_first,7,21.91434001221584,-15.335754554093516,-22.0,15.3,0.09282252768379462,0.9894427272418903,0.9999999648742822,0.8148600260416665,True
E5_drift,7,A_cli,to_first,8,24.046015725027782,-17.84999911278737,-24.0,17.9,0.06795245155167373,0.9925089663185924,0.9999999615211828,0.7934244791666667,True
E5_drift,7,A_cli,to_previous,0,0.0,0.0,0.0,0.0,0.0,1.0,0.0,1.0,True
E5_drift,7,A_cli,to_previous,1,2.266300698726853,-1.868163506711699,-2.2,1.9,0.07354824917402815,0.993058566359602,0.9999999536458326,0.9787592230902779,True
E5_drift,7,A_cli,to_previous,2,6.312309912315593,-3.9558246218182234,-6.3,4.0,0.045858455912956494,0.9927300549822458,0.999999947373929,0.9470377604166667,True
E5_drift,7,A_cli,to_previous,3,9.238362582101026,-6.245505686827329,-9.2,6.2,0.05951852853595171,0.9904311960086123,0.9999999530107672,0.9213389756944446,True
E5_drift,7,A_cli,to_previous,4,13.216285761625414,-8.0087513882098,-13.2,8.1,0.09269053449710125,0.9933628651919182,0.9999999493871692,0.891962890625,True
E5_drift,7,A_cli,to_previous,5,15.36440825844709,-10.133840730058985,-15.399999999999999,10.2,0.07512536899008884,0.9881372768917746,0.9999999498015666,0.870927734375,True
E5_drift,7,A_cli,to_previous,6,19.020029037023345,-13.423555415286685,-19.099999999999998,13.5,0.11063059907369327,0.9881041763146694,0.9999999646274996,0.8372029622395833,True
E5_drift,7,A_cli,to_previous,7,21.91434001221584,-15.335754554093516,-22.099999999999998,15.5,0.24788343543898647,0.986822692057984,0.9999999561066919,0.8134589301215278,True
E5_drift,7,A_cli,to_previous,8,24.046015725027782,-17.84999911278737,-24.099999999999998,18.1,0.2557630652603676,0.9905838460791662,0.9999999533119771,0.7920412868923612,True
E5_drift,7,B_pilot,to_first,0,0.0,0.0,0.0,0.0,0.0,1.0,0.0,1.0,True
E5_drift,7,B_pilot,to_first,1,2.266300698726853,-1.868163506711699,-2.0,2.0,0.2971479818288631,0.991959091087255,,0.9792751736111112,True
E5_drift,7,B_pilot,to_first,2,6.312309912315593,-3.9558246218182234,-6.0,4.0,0.3154186826554132,0.990567123329477,,0.9485677083333334,True
E5_drift,7,B_pilot,to_first,3,9.238362582101026,-6.245505686827329,-9.0,6.0,0.3421838143606834,0.988293889946643,,0.92333984375,True
E5_drift,7,B_pilot,to_first,4,13.216285761625414,-8.0087513882098,-13.0,8.0,0.21646273923584214,0.992585367750995,,0.8934461805555556,True
E5_drift,7,B_pilot,to_first,5,15.36440825844709,-10.133840730058985,-15.0,10.0,0.3882096338927765,0.984865421009274,,0.8738606770833334,True
E5_drift,7,B_pilot,to_first,6,19.020029037023345,-13.423555415286685,-19.0,13.0,0.4240287161770522,0.9821795064378205,,0.8400336371527778,True
E5_drift,7,B_pilot,to_first,7,21.91434001221584,-15.335754554093516,-22.0,15.0,0.3465093853010597,0.9847519560815229,,0.8162434895833334,True
E5_drift,7,B_pilot,to_first,8,24.046015725027782,-17.84999911278737,-24.0,18.0,0.15690032859879188,0.9889005007153716,,0.79296875,True
E5_drift,7,B_pilot,to_previous,0,0.0,0.0,0.0,0.0,0.0,1.0,0.0,1.0,True
E5_drift,7,B_pilot,to_previous,1,2.266300698726853,-1.868163506711699,-2.0,2.0,0.2971479818288631,0.991959091087255,,0.9792751736111112,True
E5_drift,7,B_pilot,to_previous,2,6.312309912315593,-3.9558246218182234,-6.0,4.0,0.3154186826554132,0.990567123329477,,0.9485677083333334,True
E5_drift,7,B_pilot,to_previous,3,9.238362582101026,-6.245505686827329,-9.0,6.0,0.3421838143606834,0.988293889946643,,0.92333984375,True
E5_drift,7,B_pilot,to_previous,4,13.216285761625414,-8.0087513882098,-13.0,8.0,0.21646273923584214,0.992585367750995,,0.8934461805555556,True
E5_drift,7,B_pilot,to_previous,5,15.36440825844709,-10.133840730058985,-15.0,10.0,0.3882096338927765,0.984865421009274,,0.8738606770833334,True
E5_drift,7,B_pilot,to_previous,6,19.020029037023345,-13.423555415286685,-19.0,13.0,0.4240287161770522,0.9821795064378205,,0.8400336371527778,True
E5_drift,7,B_pilot,to_previous,7,21.91434001221584,-15.335754554093516,-22.0,15.0,0.3465093853010597,0.9847519560815229,,0.8162434895833334,True
E5_drift,7,B_pilot,to_previous,8,24.046015725027782,-17.84999911278737,-24.0,18.0,0.15690032859879188,0.9889005007153716,,0.79296875,True
E5_drift,7,stable_subpixel,to_first,0,0.0,0.0,0.0,0.0,0.0,1.0,0.0,1.0,True
E5_drift,7,stable_subpixel,to_first,1,2.266300698726853,-1.868163506711699,-2.0999999046325684,1.9500000476837158,0.18534609128507198,0.9904516559036893,0.9999997615814209,0.9790173342303993,True
E5_drift,7,stable_subpixel,to_first,2,6.312309912315593,-3.9558246218182234,-6.150000095367432,4.0,0.16821397300833416,0.9897386806106145,0.9999997615814209,0.9478027338886427,True
E5_drift,7,stable_subpixel,to_first,3,9.238362582101026,-6.245505686827329,-9.100000381469727,6.099999904632568,0.20078852361538227,0.9862854028876518,0.9999997615814209,0.9223391370043262,True
E5_drift,7,stable_subpixel,to_first,4,13.216285761625414,-8.0087513882098,-13.100000381469727,8.0,0.11661422054600143,0.9916912139467368,0.9999998211860657,0.8929470467070738,True
E5_drift,7,stable_subpixel,to_first,5,15.36440825844709,-10.133840730058985,-15.199999809265137,10.050000190734863,0.1845518198137712,0.9836607469922288,0.9999998211860657,0.8726334635683128,True
E5_drift,7,stable_subpixel,to_first,6,19.020029037023345,-13.423555415286685,-19.0,13.300000190734863,0.12516811030823197,0.9826848037298065,0.9999998211860657,0.8386257586535066,True
E5_drift,7,stable_subpixel,to_first,7,21.91434001221584,-15.335754554093516,-21.950000762939453,15.199999809265137,0.14036039286632845,0.9830984386963656,0.9999998211860657,0.815560978123556,True
E5_drift,7,stable_subpixel,to_first,8,24.046015725027782,-17.84999911278737,-24.0,17.950000762939453,0.11008077481091906,0.9885336012650068,0.9999998211860657,0.7931966111063957,True
E5_drift,7,stable_subpixel,to_previous,0,0.0,0.0,0.0,0.0,0.0,1.0,0.0,1.0,True
E5_drift,7,stable_subpixel,to_previous,1,2.266300698726853,-1.868163506711699,-2.0999999046325684,1.9500000476837158,0.18534609128507198,0.9904516559036893,0.9999997615814209,0.9790173342303993,True
E5_drift,7,stable_subpixel,to_previous,2,6.312309912315593,-3.9558246218182234,-6.150000095367432,4.0,0.16821397300833416,0.9897386806106145,0.9999997615814209,0.9478027338886427,True
E5_drift,7,stable_subpixel,to_previous,3,9.238362582101026,-6.245505686827329,-9.100000143051147,6.099999904632568,0.200788687908309,0.9862854054506561,0.9999997615814209,0.9223391382066377,True
E5_drift,7,stable_subpixel,to_previous,4,13.216285761625414,-8.0087513882098,-13.100000143051147,7.9999998807907104,0.11661446723844461,0.9916912152719137,0.9999997615814209,0.8929470484756167,True
E5_drift,7,stable_subpixel,to_previous,5,15.36440825844709,-10.133840730058985,-15.200000047683716,10.049999833106995,0.1845517698861988,0.9836607494845011,0.9999997615814209,0.8726334641067337,True
E5_drift,7,stable_subpixel,to_previous,6,19.020029037023345,-13.423555415286685,-19.0,13.299999833106995,0.12516846332780815,0.9826848046444094,0.9999997615814209,0.8386257603318276,True
E5_drift,7,stable_subpixel,to_previous,7,21.91434001221584,-15.335754554093516,-21.950000047683716,15.199999809265137,0.1403602111461384,0.9830984308375547,0.9999997615814209,0.8155609815539274,True
E5_drift,7,stable_subpixel,to_previous,8,24.046015725027782,-17.84999911278737,-24.0,17.949999809265137,0.11007990845686177,0.9885335926599385,0.9999997615814209,0.7931966154525677,True
E6_decorrelation,7,A_cli,to_first,0,0.0,0.0,0.0,0.0,0.0,1.0,0.0,1.0,True
E6_decorrelation,7,A_cli,to_first,1,2.1552786703710867,-3.1242489832661886,-13.1,0.0,11.381909184872011,0.7905514534902457,0.9999999998086119,0.9317708333333334,True
E6_decorrelation,7,A_cli,to_first,2,5.5745651911868,-6.399588274335412,0.0,0.0,8.487078835017549,0.8415447813807096,0.9999999995844415,1.0,True
E6_decorrelation,7,A_cli,to_first,3,9.194843274361611,-9.878633727939768,0.0,0.0,13.495649194124088,0.6963628748166617,0.9999999994927792,1.0,True
E6_decorrelation,7,A_cli,to_first,4,11.430667534419989,-12.134825972781572,3.2,0.0,19.008167557458695,0.604633054756189,0.9999999997179011,0.9833333333333335,True
E6_decorrelation,7,A_cli,to_first,5,14.390905779714391,-14.36664316738157,-3.3,1.1,17.291963796663875,0.5869344706672284,0.9999999995626628,0.9771818033854167,True
E6_decorrelation,7,A_cli,to_first,6,18.117946747502057,-17.450043291768367,0.0,-1.1,25.929984582945686,0.4878016124700405,0.9999999995742538,0.9942708333333334,True
E6_decorrelation,7,A_cli,to_first,7,21.822897912707788,-19.59993733560191,-49.0,0.0,33.50749798810148,0.3004826811547891,0.9999999998082728,0.7447916666666666,True
E6_decorrelation,7,A_cli,to_first,8,23.932941038012846,-22.07377864877158,-61.0,-0.1,43.19309342540947,0.22835520960804057,0.9999999998380666,0.6819363064236111,True
E6_decorrelation,7,A_cli,to_previous,0,0.0,0.0,0.0,0.0,0.0,1.0,0.0,1.0,True
E6_decorrelation,7,A_cli,to_previous,1,2.1552786703710867,-3.1242489832661886,-13.1,0.0,11.381909184872011,0.7905514534902457,0.9999999998086119,0.9317708333333334,True
E6_decorrelation,7,A_cli,to_previous,2,5.5745651911868,-6.399588274335412,-13.1,-2.2,11.427383232822134,0.758318087858435,0.9999999997155836,0.9210942925347223,True
E6_decorrelation,7,A_cli,to_previous,3,9.194843274361611,-9.878633727939768,-108.0,-2.2,99.5407071921417,-0.1010748049628656,0.9999999996914002,0.4324869791666667,False
E6_decorrelation,7,A_cli,to_previous,4,11.430667534419989,-12.134825972781572,-108.0,-88.4,139.40189097076552,-0.08076941075706938,0.9999999997012159,0.23606770833333332,False
E6_decorrelation,7,A_cli,to_previous,5,14.390905779714391,-14.36664316738157,-70.9,-88.4,117.27856017827406,-0.08633477014731956,0.9999999997544511,0.34033094618055554,False
E6_decorrelation,7,A_cli,to_previous,6,18.117946747502057,-17.450043291768367,-68.7,-88.30000000000001,117.22463805638056,-0.10808355260380519,0.9999999995746697,0.34684814453124996,False
E6_decorrelation,7,A_cli,to_previous,7,21.822897912707788,-19.59993733560191,-68.7,-75.30000000000001,105.84640195303564,-0.12657312720644617,0.9999999998292012,0.39032958984375,False
E6_decorrelation,7,A_cli,to_previous,8,23.932941038012846,-22.07377864877158,-67.9,-75.30000000000001,106.83985699216758,-0.12002041982775938,0.9999999997618157,0.39286214192708324,False
E6_decorrelation,7,B_pilot,to_first,0,0.0,0.0,0.0,0.0,0.0,1.0,0.0,1.0,True
E6_decorrelation,7,B_pilot,to_first,1,2.1552786703710867,-3.1242489832661886,-1.0,4.0,1.4496926051838335,0.9304628941086449,,0.9740668402777778,True
E6_decorrelation,7,B_pilot,to_first,2,5.5745651911868,-6.399588274335412,-4.0,6.0,1.6244772483120462,0.9136461572287123,,0.9485677083333334,True
E6_decorrelation,7,B_pilot,to_first,3,9.194843274361611,-9.878633727939768,-9.0,9.0,0.8999784049838574,0.9233866126226412,,0.908447265625,True
E6_decorrelation,7,B_pilot,to_first,4,11.430667534419989,-12.134825972781572,-12.0,11.0,1.26963358685215,0.8790123512361426,,0.8837890625,True
E6_decorrelation,7,B_pilot,to_first,5,14.390905779714391,-14.36664316738157,-15.0,15.0,0.8787130627285475,0.8711436077650326,,0.849853515625,True
E6_decorrelation,7,B_pilot,to_first,6,18.117946747502057,-17.450043291768367,-19.0,16.0,1.6972458538009871,0.7906189076481297,,0.8259548611111112,True
E6_decorrelation,7,B_pilot,to_first,7,21.822897912707788,-19.59993733560191,-22.0,18.0,1.6097094853346057,0.8076471436701428,,0.8024088541666666,True
E6_decorrelation,7,B_pilot,to_first,8,23.932941038012846,-22.07377864877158,-23.0,21.0,1.4224554709959132,0.8055882975531349,,0.783935546875,True
E6_decorrelation,7,B_pilot,to_previous,0,0.0,0.0,0.0,0.0,0.0,1.0,0.0,1.0,True
E6_decorrelation,7,B_pilot,to_previous,1,2.1552786703710867,-3.1242489832661886,-1.0,4.0,1.4496926051838335,0.9304628941086449,,0.9740668402777778,True
E6_decorrelation,7,B_pilot,to_previous,2,5.5745651911868,-6.399588274335412,-4.0,6.0,1.6244772483120462,0.9136461572287123,,0.9485677083333334,True
E6_decorrelation,7,B_pilot,to_previous,3,9.194843274361611,-9.878633727939768,-9.0,9.0,0.8999784049838574,0.9233866126226412,,0.908447265625,True
E6_decorrelation,7,B_pilot,to_previous,4,11.430667534419989,-12.134825972781572,-11.0,11.0,1.2137975587811312,0.8771577350615389,,0.8886990017361112,True
E6_decorrelation,7,B_pilot,to_previous,5,14.390905779714391,-14.36664316738157,-14.0,14.0,0.5359426655918575,0.8680721624080562,,0.8594835069444444,True
E6_decorrelation,7,B_pilot,to_previous,6,18.117946747502057,-17.450043291768367,-17.0,16.0,1.8309643574501575,0.7863042915511682,,0.8355034722222222,True
E6_decorrelation,7,B_pilot,to_previous,7,21.822897912707788,-19.59993733560191,-21.0,18.0,1.7991554831619687,0.8045093525033782,,0.80712890625,True
E6_decorrelation,7,B_pilot,to_previous,8,23.932941038012846,-22.07377864877158,-21.0,21.0,3.1233225448258763,0.8021535682940507,,0.793212890625,True
E6_decorrelation,7,stable_subpixel,to_first,0,0.0,0.0,0.0,0.0,0.0,1.0,0.0,1.0,True
E6_decorrelation,7,stable_subpixel,to_first,1,2.1552786703710867,-3.1242489832661886,15.75,74.94999694824219,74.02389529734234,-0.14882288927334167,1.0,0.5596262759839495,False
E6_decorrelation,7,stable_subpixel,to_first,2,5.5745651911868,-6.399588274335412,89.05000305175781,35.0,98.85237713905121,-0.09389673104429713,1.0,0.4384534917771816,False
E6_decorrelation,7,stable_subpixel,to_first,3,9.194843274361611,-9.878633727939768,-9.25,15.850000381469727,5.971621385794039,0.854326824479097,1.0,0.8732479500403214,True
E6_decorrelation,7,stable_subpixel,to_first,4,11.430667534419989,-12.134825972781572,-69.0999984741211,45.650001525878906,66.70096493595652,0.07976455142216139,1.0,0.4879127342605756,False
E6_decorrelation,7,stable_subpixel,to_first,5,14.390905779714391,-14.36664316738157,89.0,-76.9000015258789,137.91040508792523,-0.07290522868132689,1.0,0.3215955903546678,False
E6_decorrelation,7,stable_subpixel,to_first,6,18.117946747502057,-17.450043291768367,-83.9000015258789,93.0999984741211,100.25065810236534,-0.1479262633861271,1.0,0.2900143775509463,False
E6_decorrelation,7,stable_subpixel,to_first,7,21.822897912707788,-19.59993733560191,21.100000381469727,59.20000076293945,58.39983066260949,-0.11244330619054262,1.0,0.6156553770332701,False
E6_decorrelation,7,stable_subpixel,to_first,8,23.932941038012846,-22.07377864877158,78.75,19.700000762939453,102.71037533602576,-0.07545044723160295,1.0,0.5293233212238798,False
E6_decorrelation,7,stable_subpixel,to_previous,0,0.0,0.0,0.0,0.0,0.0,1.0,0.0,1.0,True
E6_decorrelation,7,stable_subpixel,to_previous,1,2.1552786703710867,-3.1242489832661886,15.75,74.94999694824219,74.02389529734234,-0.14882288927334167,1.0,0.5596262759839495,False
E6_decorrelation,7,stable_subpixel,to_previous,2,5.5745651911868,-6.399588274335412,20.84999990463257,164.9499969482422,160.73733147954786,-0.004578041938875829,1.0,0.12558615518902017,False
E6_decorrelation,7,stable_subpixel,to_previous,3,9.194843274361611,-9.878633727939768,1.9999995231628418,164.9499969482422,155.47492465431282,0.0018351956845888717,1.0,0.1394178763219518,False
E6_decorrelation,7,stable_subpixel,to_previous,4,11.430667534419989,-12.134825972781572,-66.00000047683716,102.04999542236328,105.17865655601125,-0.12899932665255825,1.0,0.30744630354521274,False
E6_decorrelation,7,stable_subpixel,to_previous,5,14.390905779714391,-14.36664316738157,-77.00000047683716,197.04999542236328,193.11423026258583,0.0,1.0,0.0,False
E6_decorrelation,7,stable_subpixel,to_previous,6,18.117946747502057,-17.450043291768367,-114.00000047683716,200.14999532699585,206.33138564219823,0.0,1.0,0.0,False
E6_decorrelation,7,stable_subpixel,to_previous,7,21.822897912707788,-19.59993733560191,-21.000000476837158,286.49999380111694,266.90132502759343,0.0,1.0,0.0,False
E6_decorrelation,7,stable_subpixel,to_previous,8,23.932941038012846,-22.07377864877158,34.200000286102295,230.4499945640564,216.3332758180452,0.0,1.0,0.0,False
E1_baseline,8,A_cli,to_first,0,0.0,0.0,0.0,0.0,0.0,1.0,0.0,1.0,True
E1_baseline,8,A_cli,to_first,1,7.530522760345887,-5.988021023178311,-7.6,6.0,0.07050235964596903,0.9883534559141413,0.9999999728317491,0.9304036458333333,True
E1_baseline,8,A_cli,to_first,2,5.431452004458828,-3.161800289232602,-5.4,3.1,0.06934337988381696,0.986660240765124,0.999999972416471,0.9561832682291667,True
E1_baseline,8,A_cli,to_first,3,-4.960855903302509,1.8838349283530267,5.0,-1.9,0.042350559000021694,0.9974166425554107,0.9999999648538007,0.9643202039930555,True
E1_baseline,8,A_cli,to_first,4,4.42963480049648,2.20859284140837,-4.4,-2.1,0.11256387788988755,0.9861862792109463,0.9999999782765052,0.9663964843749999,True
E1_baseline,8,A_cli,to_first,5,0.9646112913531901,-6.529548115468129,-0.9,6.6,0.09559334184146297,0.9878628477339771,0.9999999761542657,0.9610986328125001,True
E1_baseline,8,A_cli,to_first,6,2.7324582197105887,-3.4965338968607735,-2.9,3.5,0.1675776298123264,0.9851257826431912,0.9999999739953398,0.9669420030381944,True
E1_baseline,8,A_cli,to_first,7,0.9540851003708681,-1.1774301494927233,-0.9,1.1,0.0944490663405009,0.9955126166969396,0.9999999712564835,0.9896101888020833,True
E1_baseline,8,A_cli,to_first,8,7.101250325326657,4.4399868013007655,-7.0,-4.4,0.10886033555441883,0.9880405979863506,0.9999999723122572,0.9414605034722222,True
E1_baseline,8,A_cli,to_previous,0,0.0,0.0,0.0,0.0,0.0,1.0,0.0,1.0,True
E1_baseline,8,A_cli,to_previous,1,7.530522760345887,-5.988021023178311,-7.6,6.0,0.07050235964596903,0.9883534559141413,0.9999999728317491,0.9304036458333333,True
E1_baseline,8,A_cli,to_previous,2,5.431452004458828,-3.161800289232602,-5.3999999999999995,3.1,0.06934337988381736,0.9866602407651606,0.9999999694445859,0.9561832682291667,True
E1_baseline,8,A_cli,to_previous,3,-4.960855903302509,1.8838349283530267,4.900000000000001,-1.9,0.06296626484170655,0.9963224884231904,0.999999970238463,0.9648358832465278,True
E1_baseline,8,A_cli,to_previous,4,4.42963480049648,2.20859284140837,-4.499999999999999,-2.0,0.22014139726091378,0.9863327939390872,0.9999999624444484,0.9663899739583334,True
E1_baseline,8,A_cli,to_previous,5,0.9646112913531901,-6.529548115468129,-1.0999999999999992,6.699999999999999,0.2176785413620655,0.987616848491321,0.999999975202928,0.959574924045139,True
E1_baseline,8,A_cli,to_previous,6,2.7324582197105887,-3.4965338968607735,-2.8999999999999995,3.599999999999999,0.19691491218636054,0.9850238903751591,0.9999999720923975,0.9664290364583334,True
E1_baseline,8,A_cli,to_previous,7,0.9540851003708681,-1.1774301494927233,-0.9999999999999996,1.1999999999999993,0.051162253272055945,0.9952901464526992,0.9999999716152196,0.9885742187500001,True
E1_baseline,8,A_cli,to_previous,8,7.101250325326657,4.4399868013007655,-7.0,-4.300000000000001,0.17276554319994944,0.9882354730637711,0.9999999713559367,0.9419623480902778,True
E1_baseline,8,B_pilot,to_first,0,0.0,0.0,0.0,0.0,0.0,1.0,0.0,1.0,True
E1_baseline,8,B_pilot,to_first,1,7.530522760345887,-5.988021023178311,-8.0,6.0,0.46963003996650377,0.9796619214169928,,0.9283854166666666,True
E1_baseline,8,B_pilot,to_first,2,5.431452004458828,-3.161800289232602,-5.0,3.0,0.4607929749326635,0.9811302638992963,,0.958740234375,True
E1_baseline,8,B_pilot,to_first,3,-4.960855903302509,1.8838349283530267,5.0,-2.0,0.1225829685437948,0.997162937881578,,0.9638129340277778,True
E1_baseline,8,B_pilot,to_first,4,4.42963480049648,2.20859284140837,-4.0,-2.0,0.47759505366415533,0.9804626137316382,,0.9689670138888888,True
E1_baseline,8,B_pilot,to_first,5,0.9646112913531901,-6.529548115468129,-1.0,7.0,0.4717810258576295,0.9804141686461099,,0.9585232204861112,True
E1_baseline,8,B_pilot,to_first,6,2.7324582197105887,-3.4965338968607735,-3.0,3.0,0.5640252786286913,0.9754267376185879,,0.968994140625,True
E1_baseline,8,B_pilot,to_first,7,0.9540851003708681,-1.1774301494927233,-1.0,1.0,0.1832747553728101,0.9963247441324989,,0.9896104600694444,True
E1_baseline,8,B_pilot,to_first,8,7.101250325326657,4.4399868013007655,-7.0,-4.0,0.4514864490742032,0.9813207729160289,,0.9434678819444444,True
E1_baseline,8,B_pilot,to_previous,0,0.0,0.0,0.0,0.0,0.0,1.0,0.0,1.0,True
E1_baseline,8,B_pilot,to_previous,1,7.530522760345887,-5.988021023178311,-8.0,6.0,0.46963003996650377,0.9796619214169928,,0.9283854166666666,True
E1_baseline,8,B_pilot,to_previous,2,5.431452004458828,-3.161800289232602,-6.0,3.0,0.5911227933599228,0.9715770650435817,,0.95361328125,True
E1_baseline,8,B_pilot,to_previous,3,-4.960855903302509,1.8838349283530267,4.0,-2.0,0.967852463334173,0.930108341069478,,0.9689670138888888,True
E1_baseline,8,B_pilot,to_previous,4,4.42963480049648,2.20859284140837,-5.0,-2.0,0.6073116451143579,0.9712355153083657,,0.9638129340277778,True
E1_baseline,8,B_pilot,to_previous,5,0.9646112913531901,-6.529548115468129,-2.0,7.0,1.1372575581867534,0.9375044348783201,,0.9535047743055556,True
E1_baseline,8,B_pilot,to_previous,6,2.7324582197105887,-3.4965338968607735,-4.0,4.0,1.3638695985281908,0.9428513727038462,,0.9587673611111112,True
E1_baseline,8,B_pilot,to_previous,7,0.9540851003708681,-1.1774301494927233,-2.0,2.0,1.3306235892354308,0.9297083466308944,,0.9792751736111112,True
E1_baseline,8,B_pilot,to_previous,8,7.101250325326657,4.4399868013007655,-8.0,-4.0,1.000669457435531,0.944705831743121,,0.9383680555555556,True
E1_baseline,8,stable_subpixel,to_first,0,0.0,0.0,0.0,0.0,0.0,1.0,0.0,1.0,True
E1_baseline,8,stable_subpixel,to_first,1,7.530522760345887,-5.988021023178311,-7.599999904632568,6.0,0.07050226566520328,0.9827579839522954,0.9999998807907104,0.9304036463145167,True
E1_baseline,8,stable_subpixel,to_first,2,5.431452004458828,-3.161800289232602,-5.300000190734863,3.049999952316284,0.17256562423009425,0.98119674343736,0.9999998807907104,0.9569489196197699,True
E1_baseline,8,stable_subpixel,to_first,3,-4.960855903302509,1.8838349283530267,5.0,-1.9500000476837158,0.07687706629617752,0.9966905212560686,0.9999998807907104,0.9640665687685315,True
E1_baseline,8,stable_subpixel,to_first,4,4.42963480049648,2.20859284140837,-4.300000190734863,-2.0999999046325684,0.16910812507280618,0.9799869636142252,0.9999998807907104,0.9669116205967858,True
E1_baseline,8,stable_subpixel,to_first,5,0.9646112913531901,-6.529548115468129,-1.0,6.599999904632568,0.07884044200890399,0.9834883665108453,0.9999998807907104,0.9605957036191184,True
E1_baseline,8,stable_subpixel,to_first,6,2.7324582197105887,-3.4965338968607735,-2.8499999046325684,3.5,0.11759277854217794,0.9776069909972496,0.9999998807907104,0.9671976730136925,True
E1_baseline,8,stable_subpixel,to_first,7,0.9540851003708681,-1.1774301494927233,-1.0,1.0499999523162842,0.13544974403954924,0.9957195800068136,0.9999998807907104,0.9893513999866426,True
E1_baseline,8,stable_subpixel,to_first,8,7.101250325326657,4.4399868013007655,-7.050000190734863,-4.349999904632568,0.1035577996466211,0.9818176995577509,0.9999998807907104,0.9414569086872506,True
E1_baseline,8,stable_subpixel,to_previous,0,0.0,0.0,0.0,0.0,0.0,1.0,0.0,1.0,True
E1_baseline,8,stable_subpixel,to_previous,1,7.530522760345887,-5.988021023178311,-7.599999904632568,6.0,0.07050226566520328,0.9827579839522954,0.9999998807907104,0.9304036463145167,True
E1_baseline,8,stable_subpixel,to_previous,2,5.431452004458828,-3.161800289232602,-5.349999904632568,3.049999952316284,0.13832483472142348,0.9810277737471936,0.9999998807907104,0.9566926412467406,True
E1_baseline,8,stable_subpixel,to_previous,3,-4.960855903302509,1.8838349283530267,4.950000286102295,-1.9500000476837158,0.06704973855908697,0.9960603665727052,0.9999998807907104,0.9643243391033806,True
E1_baseline,8,stable_subpixel,to_previous,4,4.42963480049648,2.20859284140837,-4.349999904632568,-2.1000000536441803,0.1346629503377019,0.9798128691951775,0.9999998807907104,0.9666540529525809,True
E1_baseline,8,stable_subpixel,to_previous,5,0.9646112913531901,-6.529548115468129,-1.0499999523162842,6.599999755620956,0.11070075438448308,0.9827084417683748,0.9999998807907104,0.9603442397869125,True
E1_baseline,8,stable_subpixel,to_previous,6,2.7324582197105887,-3.4965338968607735,-2.9499999284744263,3.499999850988388,0.21756931743677707,0.97842971019804,0.9999998807907104,0.966686334680263,True
E1_baseline,8,stable_subpixel,to_previous,7,0.9540851003708681,-1.1774301494927233,-1.0499999523162842,1.0999997556209564,0.12326850659778446,0.9939558767194016,0.9999998807907104,0.9888334162263184,True
E1_baseline,8,stable_subpixel,to_previous,8,7.101250325326657,4.4399868013007655,-7.1000001430511475,-4.300000339746475,0.13999204396755122,0.9812616991734359,0.9999998807907104,0.9414531768210226,True
E2_sparse,8,A_cli,to_first,0,0.0,0.0,0.0,0.0,0.0,1.0,0.0,1.0,True
E2_sparse,8,A_cli,to_first,1,-6.8791208935946155,4.6107316005438665,0.0,0.0,8.281373688038947,0.9824733662771289,0.9999999997621041,1.0,True
E2_sparse,8,A_cli,to_first,2,-6.398458735218103,-2.7444705422282656,0.0,0.0,6.962211770942303,0.9828484697297595,0.9999999997242944,1.0,True
E2_sparse,8,A_cli,to_first,3,2.976407731136966,7.807071366390508,0.0,0.0,8.355199955829091,0.9824005274191734,0.9999999997385999,1.0,True
E2_sparse,8,A_cli,to_first,4,-0.729808004845049,-1.3913756715212084,0.0,0.0,1.571160712096953,0.991499019946575,0.9999999995865051,1.0,True
E2_sparse,8,A_cli,to_first,5,5.3498934739498765,5.032121418965161,0.0,0.0,7.344631111078311,0.982875931204758,0.9999999997050246,1.0,True
E2_sparse,8,A_cli,to_first,6,1.3537065170971356,-7.879345479434059,0.0,0.0,7.994786208442925,0.9826177437734652,0.9999999997032064,1.0,True
E2_sparse,8,A_cli,to_first,7,4.604002254812647,7.172111269100464,0.0,0.0,8.522676622908897,0.9823522233021363,0.9999999996785406,1.0,True
E2_sparse,8,A_cli,to_first,8,-4.891986838440772,-5.639729557439203,0.0,0.0,7.465794311962467,0.9826117113994746,0.999999999777283,1.0,True
E2_sparse,8,A_cli,to_previous,0,0.0,0.0,0.0,0.0,0.0,1.0,0.0,1.0,True
E2_sparse,8,A_cli,to_previous,1,-6.8791208935946155,4.6107316005438665,0.0,0.0,8.281373688038947,0.9824733662771289,0.9999999997621041,1.0,True
E2_sparse,8,A_cli,to_previous,2,-6.398458735218103,-2.7444705422282656,0.0,0.0,6.962211770942303,0.9828484697297595,0.9999999997349914,1.0,True
E2_sparse,8,A_cli,to_previous,3,2.976407731136966,7.807071366390508,0.0,0.0,8.355199955829091,0.9824005274191734,0.9999999997012049,1.0,True
E2_sparse,8,A_cli,to_previous,4,-0.729808004845049,-1.3913756715212084,0.0,0.0,1.571160712096953,0.991499019946575,0.9999999996464004,1.0,True
E2_sparse,8,A_cli,to_previous,5,5.3498934739498765,5.032121418965161,0.0,0.0,7.344631111078311,0.982875931204758,0.9999999996007549,1.0,True
E2_sparse,8,A_cli,to_previous,6,1.3537065170971356,-7.879345479434059,0.0,0.0,7.994786208442925,0.9826177437734652,0.9999999996071663,1.0,True
E2_sparse,8,A_cli,to_previous,7,4.604002254812647,7.172111269100464,0.0,0.0,8.522676622908897,0.9823522233021363,0.9999999996514859,1.0,True
E2_sparse,8,A_cli,to_previous,8,-4.891986838440772,-5.639729557439203,0.0,0.0,7.465794311962467,0.9826117113994746,0.9999999997256565,1.0,True
E2_sparse,8,B_pilot,to_first,0,0.0,0.0,0.0,0.0,0.0,1.0,0.0,1.0,True
E2_sparse,8,B_pilot,to_first,1,-6.8791208935946155,4.6107316005438665,7.0,-5.0,0.40760476589522865,0.7729928728891718,,0.9384494357638888,True
E2_sparse,8,B_pilot,to_first,2,-6.398458735218103,-2.7444705422282656,6.0,3.0,0.4733546951924391,0.9433261215679404,,0.95361328125,True
E2_sparse,8,B_pilot,to_first,3,2.976407731136966,7.807071366390508,-3.0,-8.0,0.1943657706915787,0.670222020970476,,0.943359375,True
E2_sparse,8,B_pilot,to_first,4,-0.729808004845049,-1.3913756715212084,1.0,1.0,0.47558241189565653,0.9831547814967169,,0.9896104600694444,True
E2_sparse,8,B_pilot,to_first,5,5.3498934739498765,5.032121418965161,-5.0,-5.0,0.3513648085239162,0.7388714829825507,,0.9485948350694444,True
E2_sparse,8,B_pilot,to_first,6,1.3537065170971356,-7.879345479434059,-1.0,8.0,0.37371889645826484,0.9737141557112716,,0.9533420138888888,True
E2_sparse,8,B_pilot,to_first,7,4.604002254812647,7.172111269100464,-5.0,-7.0,0.4317829352172688,0.6752518353262847,,0.9384494357638888,True
E2_sparse,8,B_pilot,to_first,8,-4.891986838440772,-5.639729557439203,5.0,6.0,0.376113858895112,0.9522836294104453,,0.9435221354166666,True
E2_sparse,8,B_pilot,to_previous,0,0.0,0.0,0.0,0.0,0.0,1.0,0.0,1.0,True
E2_sparse,8,B_pilot,to_previous,1,-6.8791208935946155,4.6107316005438665,7.0,-5.0,0.40760476589522865,0.7729928728891718,,0.9384494357638888,True
E2_sparse,8,B_pilot,to_previous,2,-6.398458735218103,-2.7444705422282656,7.0,2.0,0.9571250082831667,0.9349496238140843,,0.9535047743055556,True
E2_sparse,8,B_pilot,to_previous,3,2.976407731136966,7.807071366390508,-2.0,-8.0,0.9952856449735742,0.6830996054497162,,0.9483506944444444,True
E2_sparse,8,B_pilot,to_previous,4,-0.729808004845049,-1.3913756715212084,2.0,1.0,1.3291209955509664,0.973411962165213,,0.9844292534722222,True
E2_sparse,8,B_pilot,to_previous,5,5.3498934739498765,5.032121418965161,-4.0,-5.0,1.3502755928212586,0.7519601887023082,,0.9536675347222222,True
E2_sparse,8,B_pilot,to_previous,6,1.3537065170971356,-7.879345479434059,0.0,8.0,1.3590727897225574,0.9887685439209835,,0.9583333333333334,True
E2_sparse,8,B_pilot,to_previous,7,4.604002254812647,7.172111269100464,-3.0,-7.0,1.6132096957294262,0.7007512226554619,,0.948486328125,True
E2_sparse,8,B_pilot,to_previous,8,-4.891986838440772,-5.639729557439203,7.0,6.0,2.138577630363201,0.9360859878844913,,0.9334309895833334,True
E2_sparse,8,stable_subpixel,to_first,0,0.0,0.0,0.0,0.0,0.0,1.0,0.0,1.0,True
E2_sparse,8,stable_subpixel,to_first,1,-6.8791208935946155,4.6107316005438665,6.7,-4.2,0.44809010500953905,0.7757163456342183,0.9999999999764351,0.9439925130208334,True
E2_sparse,8,stable_subpixel,to_first,2,-6.398458735218103,-2.7444705422282656,6.2,2.8,0.20608102839609443,0.9373891809061645,0.9999999999733882,0.9535959201388889,True
E2_sparse,8,stable_subpixel,to_first,3,2.976407731136966,7.807071366390508,-2.75,-8.2,0.453490211392496,0.6414447253959725,0.9999999999780307,0.9435804578993056,True
E2_sparse,8,stable_subpixel,to_first,4,-0.729808004845049,-1.3913756715212084,0.0,1.0,0.8281271884164824,0.9920825868334259,0.9999999999729339,0.9947916666666666,True
E2_sparse,8,stable_subpixel,to_first,5,5.3498934739498765,5.032121418965161,-5.8,-5.15,0.465286196506728,0.6964802349386316,0.9999999999755615,0.9437790256076387,True
E2_sparse,8,stable_subpixel,to_first,6,1.3537065170971356,-7.879345479434059,-1.6,7.3,0.6295249512617462,0.9595725139657669,0.9999999999801884,0.9539626736111111,True
E2_sparse,8,stable_subpixel,to_first,7,4.604002254812647,7.172111269100464,-4.7,-7.4,0.24728291641772868,0.6468528914313123,0.9999999999765559,0.9379226345486111,True
E2_sparse,8,stable_subpixel,to_first,8,-4.891986838440772,-5.639729557439203,5.1,5.75,0.23543373990237526,0.9463219635792576,0.9999999999784261,0.9442850748697916,True
E2_sparse,8,stable_subpixel,to_previous,0,0.0,0.0,0.0,0.0,0.0,1.0,0.0,1.0,True
E2_sparse,8,stable_subpixel,to_previous,1,-6.8791208935946155,4.6107316005438665,6.7,-4.2,0.44809010500953905,0.7757163456342183,0.9999999999764351,0.9439925130208334,True
E2_sparse,8,stable_subpixel,to_previous,2,-6.398458735218103,-2.7444705422282656,6.6000000000000005,3.3,0.5909584248168765,0.9380878655357443,0.9999999999714942,0.9490283203124998,True
E2_sparse,8,stable_subpixel,to_previous,3,2.976407731136966,7.807071366390508,-3.3,-7.1000000000000005,0.7776000730692255,0.6602900230225307,0.9999999999770754,0.9464689127604166,True
E2_sparse,8,stable_subpixel,to_previous,4,-0.729808004845049,-1.3913756715212084,0.050000000000000266,2.5999999999999988,1.3866909139538677,0.9832292120879256,0.9999999999785245,0.9862014431423611,True
E2_sparse,8,stable_subpixel,to_previous,5,5.3498934739498765,5.032121418965161,-5.75,-4.050000000000002,1.0604940894592658,0.7276210528409714,0.99999999997347,0.9495900472005209,True
E2_sparse,8,stable_subpixel,to_previous,6,1.3537065170971356,-7.879345479434059,-1.85,9.049999999999997,1.271510608564994,0.9581756631661112,0.9999999999777666,0.9436833360460068,True
E2_sparse,8,stable_subpixel,to_previous,7,4.604002254812647,7.172111269100464,-4.7,-5.400000000000002,1.774709530360928,0.7081961822219994,0.9999999999782594,0.9480843098958334,True
E2_sparse,8,stable_subpixel,to_previous,8,-4.891986838440772,-5.639729557439203,5.3,7.099999999999998,1.5162006811178577,0.9459559377369998,0.9999999999766325,0.9364374457465279,True
E3_mcherry,8,A_cli,to_first,0,0.0,0.0,0.0,0.0,0.0,1.0,0.0,1.0,True
E3_mcherry,8,A_cli,to_first,1,0.0,0.0,2.9,-3.0,4.172529209005013,0.9905533292610291,0.9999999489665553,0.9695068359375001,True
E3_mcherry,8,A_cli,to_first,2,0.0,0.0,-7.9,0.7,7.930952023559341,0.9588132103349901,0.9999999560672304,0.9553583441840279,True
E3_mcherry,8,A_cli,to_first,3,0.0,0.0,1.3,-5.3,5.457105459856901,0.9865854496500689,0.9999999689732645,0.9658119032118054,True
E3_mcherry,8,A_cli,to_first,4,0.0,0.0,-5.0,-1.3,5.166236541235796,0.9824534391856943,0.999999954921199,0.9673638237847223,True
E3_mcherry,8,A_cli,to_first,5,0.0,0.0,7.9,-4.7,9.192388155425117,0.9508424402371513,0.9999999720214682,0.9353822157118056,True
E3_mcherry,8,A_cli,to_first,6,0.0,0.0,-7.1,4.9,8.62670273047588,0.957269393926234,0.9999999531099648,0.9384437391493056,True
E3_mcherry,8,A_cli,to_first,7,0.0,0.0,5.7,1.1,5.805170109479997,0.9778958344263984,0.9999999672268607,0.9647534179687501,True
E3_mcherry,8,A_cli,to_first,8,0.0,0.0,0.2,6.9,6.902897942168927,0.9787915186915181,0.9999999528490293,0.9630582682291666,True
E3_mcherry,8,A_cli,to_previous,0,0.0,0.0,0.0,0.0,0.0,1.0,0.0,1.0,True
E3_mcherry,8,A_cli,to_previous,1,0.0,0.0,2.9,-3.0,4.172529209005013,0.9905533292610291,0.9999999489665553,0.9695068359375001,True
E3_mcherry,8,A_cli,to_previous,2,0.0,0.0,-7.799999999999999,0.7000000000000002,7.8313472659562215,0.9598417096026677,0.9999999696018643,0.9558772786458333,True
E3_mcherry,8,A_cli,to_previous,3,0.0,0.0,1.4000000000000004,-5.3,5.481788029466299,0.986443444596579,0.9999999525307485,0.965305447048611,True
E3_mcherry,8,A_cli,to_previous,4,0.0,0.0,-5.0,-1.2999999999999998,5.166236541235796,0.9824534391856943,0.9999999608006884,0.9673638237847223,True
E3_mcherry,8,A_cli,to_previous,5,0.0,0.0,7.9,-4.5,9.091754506144564,0.9515499029751125,0.9999999730388297,0.9363810221354166,True
E3_mcherry,8,A_cli,to_previous,6,0.0,0.0,-7.1,5.0,8.683893136145793,0.9568509694398927,0.9999999793357959,0.9379421657986112,True
E3_mcherry,8,A_cli,to_previous,7,0.0,0.0,5.800000000000001,1.2000000000000002,5.92283715798434,0.9769621956045396,0.9999999759447982,0.96373046875,True
E3_mcherry,8,A_cli,to_previous,8,0.0,0.0,0.5000000000000009,7.0,7.0178344238090995,0.9779409172150696,0.9999999717674609,0.9610324435763888,True
E3_mcherry,8,B_pilot,to_first,0,0.0,0.0,0.0,0.0,0.0,1.0,0.0,1.0,True
E3_mcherry,8,B_pilot,to_first,1,0.0,0.0,0.0,0.0,0.0,1.0,,1.0,True
E3_mcherry,8,B_pilot,to_first,2,0.0,0.0,0.0,0.0,0.0,1.0,,1.0,True
E3_mcherry,8,B_pilot,to_first,3,0.0,0.0,0.0,0.0,0.0,1.0,,1.0,True
E3_mcherry,8,B_pilot,to_first,4,0.0,0.0,0.0,0.0,0.0,1.0,,1.0,True
E3_mcherry,8,B_pilot,to_first,5,0.0,0.0,0.0,0.0,0.0,1.0,,1.0,True
E3_mcherry,8,B_pilot,to_first,6,0.0,0.0,0.0,0.0,0.0,1.0,,1.0,True
E3_mcherry,8,B_pilot,to_first,7,0.0,0.0,0.0,0.0,0.0,1.0,,1.0,True
E3_mcherry,8,B_pilot,to_first,8,0.0,0.0,0.0,0.0,0.0,1.0,,1.0,True
E3_mcherry,8,B_pilot,to_previous,0,0.0,0.0,0.0,0.0,0.0,1.0,0.0,1.0,True
E3_mcherry,8,B_pilot,to_previous,1,0.0,0.0,0.0,0.0,0.0,1.0,,1.0,True
E3_mcherry,8,B_pilot,to_previous,2,0.0,0.0,0.0,0.0,0.0,1.0,,1.0,True
E3_mcherry,8,B_pilot,to_previous,3,0.0,0.0,0.0,0.0,0.0,1.0,,1.0,True
E3_mcherry,8,B_pilot,to_previous,4,0.0,0.0,0.0,0.0,0.0,1.0,,1.0,True
E3_mcherry,8,B_pilot,to_previous,5,0.0,0.0,0.0,0.0,0.0,1.0,,1.0,True
E3_mcherry,8,B_pilot,to_previous,6,0.0,0.0,0.0,0.0,0.0,1.0,,1.0,True
E3_mcherry,8,B_pilot,to_previous,7,0.0,0.0,0.0,0.0,0.0,1.0,,1.0,True
E3_mcherry,8,B_pilot,to_previous,8,0.0,0.0,0.0,0.0,0.0,1.0,,1.0,True
E3_mcherry,8,stable_subpixel,to_first,0,0.0,0.0,0.0,0.0,0.0,1.0,0.0,1.0,True
E3_mcherry,8,stable_subpixel,to_first,1,0.0,0.0,0.0,0.0,0.0,1.0,1.0,1.0,True
E3_mcherry,8,stable_subpixel,to_first,2,0.0,0.0,0.0,0.0,0.0,1.0,1.0,1.0,True
E3_mcherry,8,stable_subpixel,to_first,3,0.0,0.0,0.0,0.0,0.0,1.0,1.0,1.0,True
E3_mcherry,8,stable_subpixel,to_first,4,0.0,0.0,0.0,0.0,0.0,1.0,1.0,1.0,True
E3_mcherry,8,stable_subpixel,to_first,5,0.0,0.0,0.0,0.0,0.0,1.0,1.0,1.0,True
E3_mcherry,8,stable_subpixel,to_first,6,0.0,0.0,0.0,0.0,0.0,1.0,1.0,1.0,True
E3_mcherry,8,stable_subpixel,to_first,7,0.0,0.0,0.0,0.0,0.0,1.0,1.0,1.0,True
E3_mcherry,8,stable_subpixel,to_first,8,0.0,0.0,0.0,0.0,0.0,1.0,1.0,1.0,True
E3_mcherry,8,stable_subpixel,to_previous,0,0.0,0.0,0.0,0.0,0.0,1.0,0.0,1.0,True
E3_mcherry,8,stable_subpixel,to_previous,1,0.0,0.0,0.0,0.0,0.0,1.0,1.0,1.0,True
E3_mcherry,8,stable_subpixel,to_previous,2,0.0,0.0,0.0,0.0,0.0,1.0,1.0,1.0,True
E3_mcherry,8,stable_subpixel,to_previous,3,0.0,0.0,0.0,0.0,0.0,1.0,1.0,1.0,True
E3_mcherry,8,stable_subpixel,to_previous,4,0.0,0.0,0.0,0.0,0.0,1.0,1.0,1.0,True
E3_mcherry,8,stable_subpixel,to_previous,5,0.0,0.0,0.0,0.0,0.0,1.0,1.0,1.0,True
E3_mcherry,8,stable_subpixel,to_previous,6,0.0,0.0,0.0,0.0,0.0,1.0,1.0,1.0,True
E3_mcherry,8,stable_subpixel,to_previous,7,0.0,0.0,0.0,0.0,0.0,1.0,1.0,1.0,True
E3_mcherry,8,stable_subpixel,to_previous,8,0.0,0.0,0.0,0.0,0.0,1.0,1.0,1.0,True
E4_gradient,8,A_cli,to_first,0,0.0,0.0,0.0,0.0,0.0,1.0,0.0,1.0,True
E4_gradient,8,A_cli,to_first,1,1.751313009502924,-5.144545190027786,-2.0,5.1,0.25264499440342064,0.8848570026210948,0.9999999993476129,0.9632975260416666,True
E4_gradient,8,A_cli,to_first,2,-2.6644167347601506,2.7575853055235204,2.8,-2.8,0.14206276120304148,0.8798063888053748,0.9999999994007504,0.9710460069444442,True
E4_gradient,8,A_cli,to_first,3,3.681612101931478,5.73874300589916,-3.7,-5.8,0.0639572835699635,0.7054045915289507,0.9999999997086305,0.9511029730902778,True
E4_gradient,8,A_cli,to_first,4,1.9148573949930232,-4.010629280005576,-2.0,4.0,0.0858035242913192,0.8942456152261339,0.9999999991209556,0.9689670138888888,True
E4_gradient,8,A_cli,to_first,5,-0.8158470379021541,-4.315306758727921,0.9,4.3,0.08553372371524748,0.9445883129021914,0.9999999988234215,0.9730216471354165,True
E4_gradient,8,A_cli,to_first,6,-4.073853606137767,-1.6793516139046645,4.0,1.8,0.14145807932727497,0.9335587576342154,0.9999999988752853,0.9699869791666667,True
E4_gradient,8,A_cli,to_first,7,5.669729833909724,5.647892070259415,0.0,0.0,8.002782092924008,0.9063510003844585,0.9999999997663941,1.0,True
E4_gradient,8,A_cli,to_first,8,-4.4910157673837325,4.0735890033441216,4.5,-4.0,0.07413540212937633,0.8412872136382096,0.9999999995473308,0.9562174479166666,True
E4_gradient,8,A_cli,to_previous,0,0.0,0.0,0.0,0.0,0.0,1.0,0.0,1.0,True
E4_gradient,8,A_cli,to_previous,1,1.751313009502924,-5.144545190027786,-2.0,5.1,0.25264499440342064,0.8848570026210948,0.9999999993476129,0.9632975260416666,True
E4_gradient,8,A_cli,to_previous,2,-2.6644167347601506,2.7575853055235204,-2.0,5.1,9.13774755117965,0.7815870628100302,0.9999999994322818,0.9632975260416666,True
E4_gradient,8,A_cli,to_previous,3,3.681612101931478,5.73874300589916,-2.0,5.1,10.968416896220273,0.8500172943583263,0.9999999991027975,0.9632975260416666,True
E4_gradient,8,A_cli,to_previous,4,1.9148573949930232,-4.010629280005576,-2.0,5.1,1.0926929251937818,0.8634897401789564,0.999999999302868,0.9632975260416666,True
E4_gradient,8,A_cli,to_previous,5,-0.8158470379021541,-4.315306758727921,0.6000000000000001,5.199999999999999,0.9106437694969585,0.9337497829010535,0.9999999990413975,0.9698763020833334,True
E4_gradient,8,A_cli,to_previous,6,-4.073853606137767,-1.6793516139046645,3.7,2.6999999999999993,1.0869634984033383,0.9056801624152518,0.9999999989684393,0.9669376627604167,True
E4_gradient,8,A_cli,to_previous,7,5.669729833909724,5.647892070259415,-1.2999999999999998,2.6999999999999993,9.422411625378118,0.857064314006966,0.999999999841316,0.9792618815104167,True
E4_gradient,8,A_cli,to_previous,8,-4.4910157673837325,4.0735890033441216,-1.2999999999999998,2.6999999999999993,8.911642475117109,0.7563187817758543,0.9999999990653486,0.9792618815104167,True
E4_gradient,8,B_pilot,to_first,0,0.0,0.0,0.0,0.0,0.0,1.0,0.0,1.0,True
E4_gradient,8,B_pilot,to_first,1,1.751313009502924,-5.144545190027786,-2.0,5.0,0.2876430621493619,0.8839888489622684,,0.9638129340277778,True
E4_gradient,8,B_pilot,to_first,2,-2.6644167347601506,2.7575853055235204,3.0,-3.0,0.41398189816363234,0.8848182983859763,,0.968994140625,True
E4_gradient,8,B_pilot,to_first,3,3.681612101931478,5.73874300589916,-4.0,-6.0,0.41185685693344737,0.7095621337759958,,0.9485677083333334,True
E4_gradient,8,B_pilot,to_first,4,1.9148573949930232,-4.010629280005576,-2.0,4.0,0.0858035242913192,0.8943106402948807,,0.9689670138888888,True
E4_gradient,8,B_pilot,to_first,5,-0.8158470379021541,-4.315306758727921,1.0,4.0,0.36514471863758086,0.93762005629224,,0.9740668402777778,True
E4_gradient,8,B_pilot,to_first,6,-4.073853606137767,-1.6793516139046645,4.0,2.0,0.3290436789319859,0.9364922110335142,,0.9689670138888888,True
E4_gradient,8,B_pilot,to_first,7,5.669729833909724,5.647892070259415,-6.0,-6.0,0.4827612005904156,0.6608525213977449,,0.9384765625,True
E4_gradient,8,B_pilot,to_first,8,-4.4910157673837325,4.0735890033441216,4.0,-4.0,0.4964995722381006,0.821834306362225,,0.9587673611111112,True
E4_gradient,8,B_pilot,to_previous,0,0.0,0.0,0.0,0.0,0.0,1.0,0.0,1.0,True
E4_gradient,8,B_pilot,to_previous,1,1.751313009502924,-5.144545190027786,-2.0,5.0,0.2876430621493619,0.8839888489622684,,0.9638129340277778,True
E4_gradient,8,B_pilot,to_previous,2,-2.6644167347601506,2.7575853055235204,3.0,-3.0,0.41398189816363234,0.8848182983859763,,0.968994140625,True
E4_gradient,8,B_pilot,to_previous,3,3.681612101931478,5.73874300589916,-4.0,-6.0,0.41185685693344737,0.7095621337759958,,0.9485677083333334,True
E4_gradient,8,B_pilot,to_previous,4,1.9148573949930232,-4.010629280005576,-2.0,4.0,0.0858035242913192,0.8943106402948807,,0.9689670138888888,True
E4_gradient,8,B_pilot,to_previous,5,-0.8158470379021541,-4.315306758727921,1.0,4.0,0.36514471863758086,0.93762005629224,,0.9740668402777778,True
E4_gradient,8,B_pilot,to_previous,6,-4.073853606137767,-1.6793516139046645,4.0,2.0,0.3290436789319859,0.9364922110335142,,0.9689670138888888,True
E4_gradient,8,B_pilot,to_previous,7,5.669729833909724,5.647892070259415,-6.0,-5.0,0.7272155920456664,0.6718942447399255,,0.9435221354166666,True
E4_gradient,8,B_pilot,to_previous,8,-4.4910157673837325,4.0735890033441216,4.0,-3.0,1.1805464124382659,0.8166693780309072,,0.9638671875,True
E4_gradient,8,stable_subpixel,to_first,0,0.0,0.0,0.0,0.0,0.0,1.0,0.0,1.0,True
E4_gradient,8,stable_subpixel,to_first,1,1.751313009502924,-5.144545190027786,-1.899999976158142,5.050000190734863,0.1762003715785775,0.8821618491972404,1.0,0.9640623635036495,True
E4_gradient,8,stable_subpixel,to_first,2,-2.6644167347601506,2.7575853055235204,2.799999952316284,-2.9000000953674316,0.196633621868589,0.8809886160107703,1.0,0.970532768852362,True
E4_gradient,8,stable_subpixel,to_first,3,3.681612101931478,5.73874300589916,-3.8499999046325684,-5.900000095367432,0.23314866716813895,0.7078502521536838,1.0,0.9498349338054606,True
E4_gradient,8,stable_subpixel,to_first,4,1.9148573949930232,-4.010629280005576,-1.9500000476837158,4.0,0.0367149510632328,0.8936854248727351,1.0,0.9692220049651546,True
E4_gradient,8,stable_subpixel,to_first,5,-0.8158470379021541,-4.315306758727921,0.949999988079071,4.150000095367432,0.2128927123988713,0.9402841828207186,1.0,0.9735444467236165,True
E4_gradient,8,stable_subpixel,to_first,6,-4.073853606137767,-1.6793516139046645,4.050000190734863,1.850000023841858,0.17230747296758755,0.9333140669249403,1.0,0.9694740792982501,True
E4_gradient,8,stable_subpixel,to_first,7,5.669729833909724,5.647892070259415,-5.849999904632568,-5.800000190734863,0.23586898633138045,0.6596302184225394,1.0,0.9402433263414746,True
E4_gradient,8,stable_subpixel,to_first,8,-4.4910157673837325,4.0735890033441216,4.5,-4.050000190734863,0.025241800966212893,0.8152700447156523,1.0,0.9559631337954974,True
E4_gradient,8,stable_subpixel,to_previous,0,0.0,0.0,0.0,0.0,0.0,1.0,0.0,1.0,True
E4_gradient,8,stable_subpixel,to_previous,1,1.751313009502924,-5.144545190027786,-1.899999976158142,5.050000190734863,0.1762003715785775,0.8821618491972404,1.0,0.9640623635036495,True
E4_gradient,8,stable_subpixel,to_previous,2,-2.6644167347601506,2.7575853055235204,2.7999998331069946,-2.8999996185302734,0.19663319431498688,0.8809886083502975,1.0,0.9705327719111746,True
E4_gradient,8,stable_subpixel,to_previous,3,3.681612101931478,5.73874300589916,-3.850000262260437,-5.899999618530273,0.2331485956557155,0.7078502505460327,1.0,0.9498349344337799,True
E4_gradient,8,stable_subpixel,to_previous,4,1.9148573949930232,-4.010629280005576,-2.000000238418579,4.0,0.08580376087343526,0.8673203352953908,1.0,0.9689670126729956,True
E4_gradient,8,stable_subpixel,to_previous,5,-0.8158470379021541,-4.315306758727921,0.8999998569488525,4.1500000059604645,0.18549398767622463,0.939347037217763,1.0,0.9737992357240971,True
E4_gradient,8,stable_subpixel,to_previous,6,-4.073853606137767,-1.6793516139046645,3.999999761581421,1.8000001013278961,0.1414582902245982,0.933520513029552,1.0,0.969986979880034,True
E4_gradient,8,stable_subpixel,to_previous,7,5.669729833909724,5.647892070259415,-5.850000619888306,-5.799999803304672,0.23586928314111394,0.6596302202543909,1.0,0.940243324685103,True
E4_gradient,8,stable_subpixel,to_previous,8,-4.4910157673837325,4.0735890033441216,4.399999380111694,-4.049999803304672,0.09402357741840497,0.8124209142220122,1.0,0.956472985932293,True
E5_drift,8,A_cli,to_first,0,0.0,0.0,0.0,0.0,0.0,1.0,0.0,1.0,True
E5_drift,8,A_cli,to_first,1,4.426644181304045,-1.7514973721027112,-4.4,1.9,0.15087393045110017,0.9892648527801057,0.9999999697641482,0.9674142795138887,True
E5_drift,8,A_cli,to_first,2,8.525308557000738,-3.8562723359486357,-8.6,3.9,0.08655010260364189,0.9897682359858477,0.9999999678927086,0.9358056640625,True
E5_drift,8,A_cli,to_first,3,11.00017482210972,-6.591751701992764,-11.0,6.7,0.10824843917689296,0.9919147038976659,0.999999966375147,0.909811740451389,True
E5_drift,8,A_cli,to_first,4,14.942305259687295,-9.36782580716881,-15.0,9.3,0.08904506262477979,0.9917393032393982,0.9999999703735306,0.8772216796875,True
E5_drift,8,A_cli,to_first,5,18.34302577396123,-11.051632292735293,-18.2,11.0,0.1520600725710472,0.9921756959608322,0.9999999694538723,0.8533474392361112,True
E5_drift,8,A_cli,to_first,6,22.01997237079101,-13.114565555627696,-22.0,13.1,0.024719445903116,0.9957852772994717,0.999999966062823,0.8250054253472222,True
E5_drift,8,A_cli,to_first,7,25.419048167723957,-15.467386786941105,-25.4,15.4,0.07002722147769369,0.9854934221356934,0.9999999774506878,0.7981108940972221,True
E5_drift,8,A_cli,to_first,8,29.778618531056246,-18.5223851371037,-29.9,18.5,0.1234283410165375,0.9873099325051514,0.9999999754985297,0.7629218207465277,True
E5_drift,8,A_cli,to_previous,0,0.0,0.0,0.0,0.0,0.0,1.0,0.0,1.0,True
E5_drift,8,A_cli,to_previous,1,4.426644181304045,-1.7514973721027112,-4.4,1.9,0.15087393045110017,0.9892648527801057,0.9999999697641482,0.9674142795138887,True
E5_drift,8,A_cli,to_previous,2,8.525308557000738,-3.8562723359486357,-8.600000000000001,4.0,0.16197670533435993,0.9902721752155346,0.9999999656882489,0.9353081597222224,True
E5_drift,8,A_cli,to_previous,3,11.00017482210972,-6.591751701992764,-11.100000000000001,6.7,0.14725067117772245,0.9911928298179032,0.9999999688065851,0.9093090820312502,True
E5_drift,8,A_cli,to_previous,4,14.942305259687295,-9.36782580716881,-15.100000000000001,9.4,0.16094349880200368,0.9902836620005847,0.9999999664840866,0.8762462022569444,True
E5_drift,8,A_cli,to_previous,5,18.34302577396123,-11.051632292735293,-18.400000000000002,11.1,0.07473618627386198,0.9901960408475926,0.9999999701684866,0.85189453125,True
E5_drift,8,A_cli,to_previous,6,22.01997237079101,-13.114565555627696,-22.200000000000003,13.1,0.18061589821871796,0.9937297869084916,0.9999999627520685,0.8240348307291668,True
E5_drift,8,A_cli,to_previous,7,25.419048167723957,-15.467386786941105,-25.500000000000004,15.399999999999999,0.1053289048794073,0.9852275070538148,0.9999999671137378,0.7976318359375,True
E5_drift,8,A_cli,to_previous,8,29.778618531056246,-18.5223851371037,-30.000000000000004,18.5,0.22251033493940775,0.9876262186744909,0.9999999743784851,0.762451171875,True
E5_drift,8,B_pilot,to_first,0,0.0,0.0,0.0,0.0,0.0,1.0,0.0,1.0,True
E5_drift,8,B_pilot,to_first,1,4.426644181304045,-1.7514973721027112,-4.0,2.0,0.49373962116935416,0.9841507790796967,,0.9689670138888888,True
E5_drift,8,B_pilot,to_first,2,8.525308557000738,-3.8562723359486357,-9.0,4.0,0.49597339391381023,0.9830505192888441,,0.9332682291666666,True
E5_drift,8,B_pilot,to_first,3,11.00017482210972,-6.591751701992764,-11.0,7.0,0.4082483354388296,0.9870583530199261,,0.9083387586805556,True
E5_drift,8,B_pilot,to_first,4,14.942305259687295,-9.36782580716881,-15.0,9.0,0.37232312240732107,0.9877950854919119,,0.878662109375,True
E5_drift,8,B_pilot,to_first,5,18.34302577396123,-11.051632292735293,-18.0,11.0,0.34688986040932934,0.9880315745237129,,0.8543294270833334,True
E5_drift,8,B_pilot,to_first,6,22.01997237079101,-13.114565555627696,-22.0,13.0,0.11629343116142114,0.9933235031446672,,0.8254665798611112,True
E5_drift,8,B_pilot,to_first,7,25.419048167723957,-15.467386786941105,-25.0,15.0,0.6277354343032869,0.9763045197716949,,0.8018391927083334,True
E5_drift,8,B_pilot,to_first,8,29.778618531056246,-18.5223851371037,-30.0,19.0,0.5264273093705769,0.9789006911129814,,0.76025390625,True
E5_drift,8,B_pilot,to_previous,0,0.0,0.0,0.0,0.0,0.0,1.0,0.0,1.0,True
E5_drift,8,B_pilot,to_previous,1,4.426644181304045,-1.7514973721027112,-4.0,2.0,0.49373962116935416,0.9841507790796967,,0.9689670138888888,True
E5_drift,8,B_pilot,to_previous,2,8.525308557000738,-3.8562723359486357,-8.0,4.0,0.544616123037006,0.9802265587584961,,0.9383680555555556,True
E5_drift,8,B_pilot,to_previous,3,11.00017482210972,-6.591751701992764,-10.0,7.0,1.0802853084292203,0.9499647842264959,,0.9133572048611112,True
E5_drift,8,B_pilot,to_previous,4,14.942305259687295,-9.36782580716881,-14.0,10.0,1.1347173271419217,0.9525876077971661,,0.8787977430555556,True
E5_drift,8,B_pilot,to_previous,5,18.34302577396123,-11.051632292735293,-17.0,12.0,1.6441166435830146,0.9485967064057237,,0.8544921875,True
E5_drift,8,B_pilot,to_previous,6,22.01997237079101,-13.114565555627696,-21.0,14.0,1.3506804923659497,0.9439131436085173,,0.82568359375,True
E5_drift,8,B_pilot,to_previous,7,25.419048167723957,-15.467386786941105,-24.0,16.0,1.515709252147535,0.9560352382675822,,0.8020833333333334,True
E5_drift,8,B_pilot,to_previous,8,29.778618531056246,-18.5223851371037,-28.0,19.0,1.841629668602276,0.9519910492587419,,0.7696397569444444,True
E5_drift,8,stable_subpixel,to_first,0,0.0,0.0,0.0,0.0,0.0,1.0,0.0,1.0,True
E5_drift,8,stable_subpixel,to_first,1,4.426644181304045,-1.7514973721027112,-4.300000190734863,1.899999976158142,0.19517101157326391,0.984000915189197,0.9999998211860657,0.9679299579051762,True
E5_drift,8,stable_subpixel,to_first,2,8.525308557000738,-3.8562723359486357,-8.600000381469727,3.950000047683716,0.11984887396050282,0.9848068151057284,0.9999998807907104,0.9355569097091858,True
E5_drift,8,stable_subpixel,to_first,3,11.00017482210972,-6.591751701992764,-11.0,6.75,0.15824839457307954,0.9876743408617171,0.9999998807907104,0.9095662434895834,True
E5_drift,8,stable_subpixel,to_first,4,14.942305259687295,-9.36782580716881,-15.0,9.199999809265137,0.17746619010987466,0.9875525576147902,0.9999998807907104,0.8777018238324672,True
E5_drift,8,stable_subpixel,to_first,5,18.34302577396123,-11.051632292735293,-18.200000762939453,11.0,0.1520593549601026,0.9874265883394105,0.9999998807907104,0.8533474354901247,True
E5_drift,8,stable_subpixel,to_first,6,22.01997237079101,-13.114565555627696,-22.0,13.050000190734863,0.06758388815951745,0.99289288565431,0.9999998807907104,0.8252360017245842,True
E5_drift,8,stable_subpixel,to_first,7,25.419048167723957,-15.467386786941105,-25.299999237060547,15.399999618530273,0.1367979472014525,0.9775208642014586,0.9999998807907104,0.7985899576368846,True
E5_drift,8,stable_subpixel,to_first,8,29.778618531056246,-18.5223851371037,-29.899999618530273,18.549999237060547,0.12448255666077965,0.980000676794162,0.9999998807907104,0.7627019637000436,True
E5_drift,8,stable_subpixel,to_previous,0,0.0,0.0,0.0,0.0,0.0,1.0,0.0,1.0,True
E5_drift,8,stable_subpixel,to_previous,1,4.426644181304045,-1.7514973721027112,-4.300000190734863,1.899999976158142,0.19517101157326391,0.984000915189197,0.9999998211860657,0.9679299579051762,True
E5_drift,8,stable_subpixel,to_previous,2,8.525308557000738,-3.8562723359486357,-8.550000190734863,3.9499999284744263,0.09692542688655453,0.9847654471058171,0.9999998807907104,0.9358119704116122,True
E5_drift,8,stable_subpixel,to_previous,3,11.00017482210972,-6.591751701992764,-10.950000286102295,6.7499998807907104,0.16601195787179698,0.987222697485703,0.9999998211860657,0.9098175040305553,True
E5_drift,8,stable_subpixel,to_previous,4,14.942305259687295,-9.36782580716881,-14.950000286102295,9.24999988079071,0.11807693406582358,0.9868520070758012,0.9999998807907104,0.8777096210075089,True
E5_drift,8,stable_subpixel,to_previous,5,18.34302577396123,-11.051632292735293,-18.15000033378601,11.049999833106995,0.19303234309119088,0.9871205746801417,0.9999998211860657,0.8533571361929191,True
E5_drift,8,stable_subpixel,to_previous,6,22.01997237079101,-13.114565555627696,-21.950000286102295,13.049999833106995,0.09520937538028917,0.9924342616033874,0.9999998211860657,0.8254787184565471,True
E5_drift,8,stable_subpixel,to_previous,7,25.419048167723957,-15.467386786941105,-25.25000023841858,15.399999737739563,0.18198411140131798,0.9775835325098042,0.9999998211860657,0.7988294813809463,True
E5_drift,8,stable_subpixel,to_previous,8,29.778618531056246,-18.5223851371037,-29.850000143051147,18.549999833106995,0.07653695817280048,0.9796603090686228,0.9999998807907104,0.7629372152302918,True
E6_decorrelation,8,A_cli,to_first,0,0.0,0.0,0.0,0.0,0.0,1.0,0.0,1.0,True
E6_decorrelation,8,A_cli,to_first,1,2.8211764777768336,-2.8720509663921208,-5.6,0.0,3.996315418133894,0.9211336569598089,0.9999999997796191,0.9708333333333334,True
E6_decorrelation,8,A_cli,to_first,2,7.29103137877535,-5.28082496578649,-28.9,0.1,22.221351718542866,0.3090277612231574,0.9999999997361518,0.8490367296006944,True
E6_decorrelation,8,A_cli,to_first,3,10.323628930100162,-8.449561650030224,0.0,47.7,40.58539423180683,-0.039492445922761195,0.9999999997092022,0.7515625,False
E6_decorrelation,8,A_cli,to_first,4,14.359897901813468,-11.118774964667367,1.1,0.0,19.042993458209512,0.5062725974245087,0.9999999997047587,0.9942708333333334,True
E6_decorrelation,8,A_cli,to_first,5,16.378750170651898,-14.194275246518949,0.0,-51.1,67.3172031290725,0.0749731334123471,0.99999999979962,0.7338541666666667,True
E6_decorrelation,8,A_cli,to_first,6,20.749392556448846,-16.082776891713852,-40.1,0.0,25.161512692663422,0.3236235354681859,0.9999999998273671,0.7911458333333334,True
E6_decorrelation,8,A_cli,to_first,7,23.11818481309897,-18.439282535645333,0.0,-7.9,35.045802509646585,0.28837103773251455,0.9999999997986928,0.9588541666666666,True
E6_decorrelation,8,A_cli,to_first,8,26.318145801164118,-20.068764523111824,0.0,0.1,33.03628845664751,0.3292962297306279,0.9999999995466342,0.9994791666666667,True
E6_decorrelation,8,A_cli,to_previous,0,0.0,0.0,0.0,0.0,0.0,1.0,0.0,1.0,True
E6_decorrelation,8,A_cli,to_previous,1,2.8211764777768336,-2.8720509663921208,-5.6,0.0,3.996315418133894,0.9211336569598089,0.9999999997796191,0.9708333333333334,True
E6_decorrelation,8,A_cli,to_previous,2,7.29103137877535,-5.28082496578649,-5.6,2.2,3.51440885410565,0.9328749684282387,0.9999999996088085,0.9597092013888889,True
E6_decorrelation,8,A_cli,to_previous,3,10.323628930100162,-8.449561650030224,-5.699999999999999,1.2000000000000002,8.598493391335957,0.8406434932899443,0.9999999997502975,0.964248046875,True
E6_decorrelation,8,A_cli,to_previous,4,14.359897901813468,-11.118774964667367,-4.6,24.2,16.320969808158956,0.49713972528392797,0.9999999997517655,0.853019748263889,True
E6_decorrelation,8,A_cli,to_previous,5,16.378750170651898,-14.194275246518949,-4.6,84.3,71.08833658761102,-0.17661990744603087,0.9999999997475861,0.5474983723958333,False
E6_decorrelation,8,A_cli,to_previous,6,20.749392556448846,-16.082776891713852,-4.6,90.8,76.44256869673922,-0.18190178216096928,0.9999999995563498,0.5144552951388889,False
E6_decorrelation,8,A_cli,to_previous,7,23.11818481309897,-18.439282535645333,-4.6,95.8,79.54623671407592,-0.17779991184139504,0.9999999996832908,0.48903754340277783,False
E6_decorrelation,8,A_cli,to_previous,8,26.318145801164118,-20.068764523111824,-4.6,98.0,80.90089814084153,-0.17845431674779147,0.9999999992519554,0.477853732638889,False
E6_decorrelation,8,B_pilot,to_first,0,0.0,0.0,0.0,0.0,0.0,1.0,0.0,1.0,True
E6_decorrelation,8,B_pilot,to_first,1,2.8211764777768336,-2.8720509663921208,-4.0,3.0,1.1857469594090564,0.9169467820567433,,0.9638671875,True
E6_decorrelation,8,B_pilot,to_first,2,7.29103137877535,-5.28082496578649,-6.0,5.0,1.321220905977333,0.915621311324909,,0.9435221354166666,True
E6_decorrelation,8,B_pilot,to_first,3,10.323628930100162,-8.449561650030224,-9.0,8.0,1.3978909906627184,0.9011688198185072,,0.9134114583333334,True
E6_decorrelation,8,B_pilot,to_first,4,14.359897901813468,-11.118774964667367,-13.0,11.0,1.3650750146378066,0.8473386036550261,,0.8788791232638888,True
E6_decorrelation,8,B_pilot,to_first,5,16.378750170651898,-14.194275246518949,-17.0,15.0,1.0174201338862656,0.87018099600104,,0.8402506510416666,True
E6_decorrelation,8,B_pilot,to_first,6,20.749392556448846,-16.082776891713852,-21.0,17.0,0.9508429529303708,0.8646486656065594,,0.811767578125,True
E6_decorrelation,8,B_pilot,to_first,7,23.11818481309897,-18.439282535645333,-26.0,20.0,3.2773003791222854,0.8371447862567788,,0.7745225694444444,True
E6_decorrelation,8,B_pilot,to_first,8,26.318145801164118,-20.068764523111824,-29.0,20.0,2.6827356380106573,0.8110949098573161,,0.7605251736111112,True
E6_decorrelation,8,B_pilot,to_previous,0,0.0,0.0,0.0,0.0,0.0,1.0,0.0,1.0,True
E6_decorrelation,8,B_pilot,to_previous,1,2.8211764777768336,-2.8720509663921208,-4.0,3.0,1.1857469594090564,0.9169467820567433,,0.9638671875,True
E6_decorrelation,8,B_pilot,to_previous,2,7.29103137877535,-5.28082496578649,-7.0,5.0,0.4044278981980156,0.9158986558670634,,0.9384494357638888,True
E6_decorrelation,8,B_pilot,to_previous,3,10.323628930100162,-8.449561650030224,-10.0,8.0,0.5539326327051632,0.8987244334007761,,0.9084201388888888,True
E6_decorrelation,8,B_pilot,to_previous,4,14.359897901813468,-11.118774964667367,-15.0,11.0,0.651028561842362,0.8438651625083454,,0.8690592447916666,True
E6_decorrelation,8,B_pilot,to_previous,5,16.378750170651898,-14.194275246518949,-18.0,14.0,1.6328483948521515,0.8668193755279581,,0.8401692708333334,True
E6_decorrelation,8,B_pilot,to_previous,6,20.749392556448846,-16.082776891713852,-23.0,17.0,2.430335798884994,0.8609798189918105,,0.8022732204861112,True
E6_decorrelation,8,B_pilot,to_previous,7,23.11818481309897,-18.439282535645333,-27.0,19.0,3.922103162856352,0.8334920022049688,,0.7743326822916666,True
E6_decorrelation,8,B_pilot,to_previous,8,26.318145801164118,-20.068764523111824,-30.0,19.0,3.8338372353750048,0.8089256264461467,,0.76025390625,True
E6_decorrelation,8,stable_subpixel,to_first,0,0.0,0.0,0.0,0.0,0.0,1.0,0.0,1.0,True
E6_decorrelation,8,stable_subpixel,to_first,1,2.8211764777768336,-2.8720509663921208,25.799999237060547,56.95000076293945,61.184935674539126,-0.11181525599525055,1.0,0.6088680006574011,False
E6_decorrelation,8,stable_subpixel,to_first,2,7.29103137877535,-5.28082496578649,-76.05000305175781,-1.7000000476837158,69.11243088905712,0.26696105520716373,1.0,0.5985591475076378,True
E6_decorrelation,8,stable_subpixel,to_first,3,10.323628930100162,-8.449561650030224,4.0,-24.899999618530273,36.29544850987067,0.23143785925506716,1.0,0.8521809915287627,True
E6_decorrelation,8,stable_subpixel,to_first,4,14.359897901813468,-11.118774964667367,1.899999976158142,38.0,31.416310069807047,0.08954158568898186,1.0,0.794146050446822,True
E6_decorrelation,8,stable_subpixel,to_first,5,16.378750170651898,-14.194275246518949,-26.049999237060547,-94.19999694824219,108.82486527966151,-0.0528920517669875,1.0,0.4402645014392006,False
E6_decorrelation,8,stable_subpixel,to_first,6,20.749392556448846,-16.082776891713852,-61.099998474121094,11.850000381469727,40.57200752870088,0.1700598381443065,1.0,0.6396927958157741,True
E6_decorrelation,8,stable_subpixel,to_first,7,23.11818481309897,-18.439282535645333,-87.94999694824219,-43.099998474121094,89.38818138840001,0.02335164648282119,1.0,0.42027575990599075,False
E6_decorrelation,8,stable_subpixel,to_first,8,26.318145801164118,-20.068764523111824,-52.04999923706055,-85.8499984741211,108.99959924747637,-0.08745011028677796,1.0,0.40298645818502543,False
E6_decorrelation,8,stable_subpixel,to_previous,0,0.0,0.0,0.0,0.0,0.0,1.0,0.0,1.0,True
E6_decorrelation,8,stable_subpixel,to_previous,1,2.8211764777768336,-2.8720509663921208,25.799999237060547,56.95000076293945,61.184935674539126,-0.11181525599525055,1.0,0.6088680006574011,False
E6_decorrelation,8,stable_subpixel,to_previous,2,7.29103137877535,-5.28082496578649,103.64999771118164,93.85000228881836,141.95918817469106,-0.09816927750481508,1.0,0.23523091694960976,False
E6_decorrelation,8,stable_subpixel,to_previous,3,10.323628930100162,-8.449561650030224,104.39999771118164,93.85000228881836,143.02008869745328,-0.09496756771871233,1.0,0.23323405013419674,False
E6_decorrelation,8,stable_subpixel,to_previous,4,14.359897901813468,-11.118774964667367,82.29999732971191,43.80000305175781,102.03527828868745,-0.11173174327283868,1.0,0.4410139990494481,False
E6_decorrelation,8,stable_subpixel,to_previous,5,16.378750170651898,-14.194275246518949,-10.850004196166992,-20.14999771118164,34.786435819776464,0.16845572689081645,1.0,0.8444723088516748,True
E6_decorrelation,8,stable_subpixel,to_previous,6,20.749392556448846,-16.082776891713852,-36.800004959106445,39.750003814697266,28.596499588661842,0.30558413801874884,1.0,0.6409830363751912,True
E6_decorrelation,8,stable_subpixel,to_previous,7,23.11818481309897,-18.439282535645333,-67.80000495910645,47.85000419616699,53.492575187149455,0.21539116153044663,1.0,0.48566158756458566,False
E6_decorrelation,8,stable_subpixel,to_previous,8,26.318145801164118,-20.068764523111824,-151.70000648498535,57.85000419616699,130.9504985090549,-0.06947080140523253,1.0,0.1466537532805369,False
E1_baseline,9,A_cli,to_first,0,0.0,0.0,0.0,0.0,0.0,1.0,0.0,1.0,True
E1_baseline,9,A_cli,to_first,1,1.2729065198599727,-7.993079107936364,-1.2,8.0,0.07323427739145863,0.9953010596476064,0.9999999506564368,0.9523437500000002,True
E1_baseline,9,A_cli,to_first,2,2.64280392625113,1.7904783537027757,-2.7,-1.9,0.12355720076118791,0.9917525070985158,0.999999950522221,0.9761808268229166,True
E1_baseline,9,A_cli,to_first,3,-3.864511724108837,6.329256413147972,3.9,-6.2,0.13403968839715505,0.9928378422579736,0.9999999508463504,0.9480517578125001,True
E1_baseline,9,A_cli,to_first,4,3.769446258870774,-6.523707086823906,-3.8,6.5,0.03867243285168355,0.9895124521380867,0.99999995698898,0.9470241970486111,True
E1_baseline,9,A_cli,to_first,5,-4.224617085696863,4.028143331443637,4.1,-4.0,0.12775548971502496,0.9966002019579467,0.9999999472580502,0.9582573784722224,True
E1_baseline,9,A_cli,to_first,6,-7.0459926872138805,3.6935025998125823,7.0,-3.8,0.1160044116567676,0.9944811539848459,0.9999999512720079,0.9444715711805556,True
E1_baseline,9,A_cli,to_first,7,-1.6002135333780316,-7.140804710299992,1.7,7.1,0.10780706518389009,0.9915842125563576,0.9999999560253686,0.9544940863715278,True
E1_baseline,9,A_cli,to_first,8,-3.3235631566002812,1.9108003833245188,3.2,-2.0,0.15239562094784204,0.9942995595965369,0.9999999458758226,0.9730902777777778,True
E1_baseline,9,A_cli,to_previous,0,0.0,0.0,0.0,0.0,0.0,1.0,0.0,1.0,True
E1_baseline,9,A_cli,to_previous,1,1.2729065198599727,-7.993079107936364,-1.2,8.0,0.07323427739145863,0.9953010596476064,0.9999999506564368,0.9523437500000002,True
E1_baseline,9,A_cli,to_previous,2,2.64280392625113,1.7904783537027757,-2.9,-1.9000000000000004,0.27954393457824944,0.9924256145462833,0.9999999546778067,0.9751494683159722,True
E1_baseline,9,A_cli,to_previous,3,-3.864511724108837,6.329256413147972,3.6999999999999997,-6.300000000000001,0.16709292348734286,0.9905226718258583,0.9999999547283583,0.9485489908854166,True
E1_baseline,9,A_cli,to_previous,4,3.769446258870774,-6.523707086823906,-4.1,6.5,0.3314027787152717,0.9894860486500636,0.9999999550616724,0.945514594184028,True
E1_baseline,9,A_cli,to_previous,5,-4.224617085696863,4.028143331443637,3.9000000000000004,-4.0,0.32583477320732795,0.9958635172637353,0.9999999564046799,0.9592773437499998,True
E1_baseline,9,A_cli,to_previous,6,-7.0459926872138805,3.6935025998125823,6.800000000000001,-3.9,0.32117530796570926,0.9930611884803683,0.9999999276984813,0.9449902343749998,True
E1_baseline,9,A_cli,to_previous,7,-1.6002135333780316,-7.140804710299992,1.5000000000000009,7.0,0.1728256888161434,0.9912287135018261,0.9999999558245442,0.9560139973958334,True
E1_baseline,9,A_cli,to_previous,8,-3.3235631566002812,1.9108003833245188,3.100000000000001,-2.0,0.2407011769895075,0.9946898418199085,0.9999999509448656,0.9736056857638888,True
E1_baseline,9,B_pilot,to_first,0,0.0,0.0,0.0,0.0,0.0,1.0,0.0,1.0,True
E1_baseline,9,B_pilot,to_first,1,1.2729065198599727,-7.993079107936364,-1.0,8.0,0.2729942624471038,0.9939546004864582,,0.9533420138888888,True
E1_baseline,9,B_pilot,to_first,2,2.64280392625113,1.7904783537027757,-3.0,-2.0,0.4141115252787677,0.9887718791452205,,0.97412109375,True
E1_baseline,9,B_pilot,to_first,3,-3.864511724108837,6.329256413147972,4.0,-6.0,0.35604333795624904,0.9903834337051379,,0.9485677083333334,True
E1_baseline,9,B_pilot,to_first,4,3.769446258870774,-6.523707086823906,-4.0,7.0,0.5291596797663747,0.9828594127892866,,0.9434678819444444,True
E1_baseline,9,B_pilot,to_first,5,-4.224617085696863,4.028143331443637,4.0,-4.0,0.22637332504449018,0.9952826944041343,,0.9587673611111112,True
E1_baseline,9,B_pilot,to_first,6,-7.0459926872138805,3.6935025998125823,7.0,-4.0,0.3099289976733379,0.9922250658503771,,0.9434678819444444,True
E1_baseline,9,B_pilot,to_first,7,-1.6002135333780316,-7.140804710299992,2.0,7.0,0.4238575059341795,0.9876895564199585,,0.9535047743055556,True
E1_baseline,9,B_pilot,to_first,8,-3.3235631566002812,1.9108003833245188,3.0,-2.0,0.33563326403113103,0.9919491886980704,,0.97412109375,True
E1_baseline,9,B_pilot,to_previous,0,0.0,0.0,0.0,0.0,0.0,1.0,0.0,1.0,True
E1_baseline,9,B_pilot,to_previous,1,1.2729065198599727,-7.993079107936364,-1.0,8.0,0.2729942624471038,0.9939546004864582,,0.9533420138888888,True
E1_baseline,9,B_pilot,to_previous,2,2.64280392625113,1.7904783537027757,-3.0,-2.0,0.4141115252787677,0.9887718791452205,,0.97412109375,True
E1_baseline,9,B_pilot,to_previous,3,-3.864511724108837,6.329256413147972,4.0,-6.0,0.35604333795624904,0.9903834337051379,,0.9485677083333334,True
E1_baseline,9,B_pilot,to_previous,4,3.769446258870774,-6.523707086823906,-4.0,7.0,0.5291596797663747,0.9828594127892866,,0.9434678819444444,True
E1_baseline,9,B_pilot,to_previous,5,-4.224617085696863,4.028143331443637,4.0,-4.0,0.22637332504449018,0.9952826944041343,,0.9587673611111112,True
E1_baseline,9,B_pilot,to_previous,6,-7.0459926872138805,3.6935025998125823,7.0,-4.0,0.3099289976733379,0.9922250658503771,,0.9434678819444444,True
E1_baseline,9,B_pilot,to_previous,7,-1.6002135333780316,-7.140804710299992,2.0,7.0,0.4238575059341795,0.9876895564199585,,0.9535047743055556,True
E1_baseline,9,B_pilot,to_previous,8,-3.3235631566002812,1.9108003833245188,4.0,-2.0,0.6822927338933256,0.972401923387231,,0.9689670138888888,True
E1_baseline,9,stable_subpixel,to_first,0,0.0,0.0,0.0,0.0,0.0,1.0,0.0,1.0,True
E1_baseline,9,stable_subpixel,to_first,1,1.2729065198599727,-7.993079107936364,-1.149999976158142,8.0,0.12310124788842113,0.9929570923586513,0.9999999403953552,0.9525933160912246,True
E1_baseline,9,stable_subpixel,to_first,2,2.64280392625113,1.7904783537027757,-2.799999952316284,-1.899999976158142,0.1915869943287709,0.9873764038073751,0.9999999403953552,0.9756651479377049,True
E1_baseline,9,stable_subpixel,to_first,3,-3.864511724108837,6.329256413147972,3.950000047683716,-6.199999809265137,0.15496942638781142,0.9889341036815714,0.9999999403953552,0.9477997511666683,True
E1_baseline,9,stable_subpixel,to_first,4,3.769446258870774,-6.523707086823906,-3.9000000953674316,6.599999904632568,0.15121143565610945,0.9838674380739217,0.9999999403953552,0.946010742194485,True
E1_baseline,9,stable_subpixel,to_first,5,-4.224617085696863,4.028143331443637,4.099999904632568,-4.0,0.12775558273968954,0.9944647041101916,0.9999999403953552,0.9582573789585795,True
E1_baseline,9,stable_subpixel,to_first,6,-7.0459926872138805,3.6935025998125823,7.0,-3.8499999046325684,0.16311570645732884,0.9915287503485667,0.9999999403953552,0.9442206493501241,True
E1_baseline,9,stable_subpixel,to_first,7,-1.6002135333780316,-7.140804710299992,1.75,7.050000190734863,0.1751612010593326,0.9871363494486777,0.9999999403953552,0.9545013417890813,True
E1_baseline,9,stable_subpixel,to_first,8,-3.3235631566002812,1.9108003833245188,3.1500000953674316,-1.9500000476837158,0.17793467877395794,0.9907426680237749,0.9999999403953552,0.9736041252406237,True
E1_baseline,9,stable_subpixel,to_previous,0,0.0,0.0,0.0,0.0,0.0,1.0,0.0,1.0,True
E1_baseline,9,stable_subpixel,to_previous,1,1.2729065198599727,-7.993079107936364,-1.149999976158142,8.0,0.12310124788842113,0.9929570923586513,0.9999999403953552,0.9525933160912246,True
E1_baseline,9,stable_subpixel,to_previous,2,2.64280392625113,1.7904783537027757,-2.799999952316284,-1.8999996185302734,0.1915867898893125,0.9873764003163789,0.9999999403953552,0.9756651497731865,True
E1_baseline,9,stable_subpixel,to_previous,3,-3.864511724108837,6.329256413147972,3.950000047683716,-6.149999618530273,0.1985982172232542,0.9892895628600546,0.9999999403953552,0.9480548112758616,True
E1_baseline,9,stable_subpixel,to_previous,4,3.769446258870774,-6.523707086823906,-3.8999998569488525,6.600000381469727,0.15121147039509414,0.9838674364841835,0.9999999403953552,0.9460107409604824,True
E1_baseline,9,stable_subpixel,to_previous,5,-4.224617085696863,4.028143331443637,4.1000001430511475,-4.0,0.12775535017803372,0.9944647018170804,0.9999999403953552,0.9582573777426862,True
E1_baseline,9,stable_subpixel,to_previous,6,-7.0459926872138805,3.6935025998125823,7.000000238418579,-3.8499999940395355,0.1631157250114618,0.9913834124010342,0.9999999403953552,0.9442206476845766,True
E1_baseline,9,stable_subpixel,to_previous,7,-1.6002135333780316,-7.140804710299992,1.750000238418579,7.049999624490738,0.17516169848380103,0.9871363554304144,0.9999999403953552,0.9545013435152213,True
E1_baseline,9,stable_subpixel,to_previous,8,-3.3235631566002812,1.9108003833245188,3.200000286102295,-1.950000375509262,0.12963187244264454,0.9903633294887889,0.9999999403953552,0.9733463507685034,True
E2_sparse,9,A_cli,to_first,0,0.0,0.0,0.0,0.0,0.0,1.0,0.0,1.0,True
E2_sparse,9,A_cli,to_first,1,4.282555420412583,-3.525114812055664,0.0,0.0,5.5467752223322915,0.9845014752268089,0.999999999662212,1.0,True
E2_sparse,9,A_cli,to_first,2,-6.520411465774094,-2.653519923841266,0.0,0.0,7.0396685766604685,0.9836550415735633,0.9999999997113046,1.0,True
E2_sparse,9,A_cli,to_first,3,-0.18997279005615475,-4.582197814665273,0.0,0.0,4.586134153476643,0.9854776725663745,0.9999999997292067,1.0,True
E2_sparse,9,A_cli,to_first,4,4.586263168516389,3.506273487596882,0.0,0.0,5.773020320483446,0.9842258417561853,0.9999999997800633,1.0,True
E2_sparse,9,A_cli,to_first,5,3.1039806194169444,2.329801903683464,0.0,0.0,3.8810659097885845,0.9863298417409206,0.9999999996483101,1.0,True
E2_sparse,9,A_cli,to_first,6,5.099096849895895,-1.7402379850853702,0.0,0.0,5.387876848012789,0.9844675403119452,0.9999999997259197,1.0,True
E2_sparse,9,A_cli,to_first,7,4.5270871633899095,3.166797582233457,0.0,0.0,5.524773761138945,0.9844921348301503,0.9999999996883829,1.0,True
E2_sparse,9,A_cli,to_first,8,-5.646440250405355,-4.334054988740332,0.0,0.0,7.118027827061556,0.9836524034012404,0.9999999996358013,1.0,True
E2_sparse,9,A_cli,to_previous,0,0.0,0.0,0.0,0.0,0.0,1.0,0.0,1.0,True
E2_sparse,9,A_cli,to_previous,1,4.282555420412583,-3.525114812055664,0.0,0.0,5.5467752223322915,0.9845014752268089,0.999999999662212,1.0,True
E2_sparse,9,A_cli,to_previous,2,-6.520411465774094,-2.653519923841266,0.0,0.0,7.0396685766604685,0.9836550415735633,0.9999999995751955,1.0,True
E2_sparse,9,A_cli,to_previous,3,-0.18997279005615475,-4.582197814665273,0.0,0.0,4.586134153476643,0.9854776725663745,0.9999999996685703,1.0,True
E2_sparse,9,A_cli,to_previous,4,4.586263168516389,3.506273487596882,0.0,0.0,5.773020320483446,0.9842258417561853,0.9999999997850891,1.0,True
E2_sparse,9,A_cli,to_previous,5,3.1039806194169444,2.329801903683464,0.0,0.0,3.8810659097885845,0.9863298417409206,0.9999999996952379,1.0,True
E2_sparse,9,A_cli,to_previous,6,5.099096849895895,-1.7402379850853702,0.0,0.0,5.387876848012789,0.9844675403119452,0.9999999996401518,1.0,True
E2_sparse,9,A_cli,to_previous,7,4.5270871633899095,3.166797582233457,0.0,0.0,5.524773761138945,0.9844921348301503,0.9999999996876291,1.0,True
E2_sparse,9,A_cli,to_previous,8,-5.646440250405355,-4.334054988740332,0.0,0.0,7.118027827061556,0.9836524034012404,0.9999999996452034,1.0,True
E2_sparse,9,B_pilot,to_first,0,0.0,0.0,0.0,0.0,0.0,1.0,0.0,1.0,True
E2_sparse,9,B_pilot,to_first,1,4.282555420412583,-3.525114812055664,-4.0,3.0,0.5963079166376939,0.8989388852336863,,0.9638671875,True
E2_sparse,9,B_pilot,to_first,2,-6.520411465774094,-2.653519923841266,6.0,3.0,0.6252011971230568,0.946613345084419,,0.95361328125,True
E2_sparse,9,B_pilot,to_first,3,-0.18997279005615475,-4.582197814665273,0.0,5.0,0.45896440715178943,0.9849051559371149,,0.9739583333333334,True
E2_sparse,9,B_pilot,to_first,4,4.586263168516389,3.506273487596882,-5.0,-3.0,0.6538279666468912,0.7729243500348726,,0.958740234375,True
E2_sparse,9,B_pilot,to_first,5,3.1039806194169444,2.329801903683464,-3.0,-2.0,0.3458052412667688,0.848186934917352,,0.97412109375,True
E2_sparse,9,B_pilot,to_first,6,5.099096849895895,-1.7402379850853702,-5.0,2.0,0.278022463214392,0.8773761538268212,,0.9638129340277778,True
E2_sparse,9,B_pilot,to_first,7,4.5270871633899095,3.166797582233457,-5.0,-3.0,0.5014658357949513,0.7728585554235311,,0.958740234375,True
E2_sparse,9,B_pilot,to_first,8,-5.646440250405355,-4.334054988740332,6.0,4.0,0.48641261500472155,0.9467971181957008,,0.9485677083333334,True
E2_sparse,9,B_pilot,to_previous,0,0.0,0.0,0.0,0.0,0.0,1.0,0.0,1.0,True
E2_sparse,9,B_pilot,to_previous,1,4.282555420412583,-3.525114812055664,-4.0,3.0,0.5963079166376939,0.8989388852336863,,0.9638671875,True
E2_sparse,9,B_pilot,to_previous,2,-6.520411465774094,-2.653519923841266,7.0,2.0,0.8106130106397545,0.9403701726404623,,0.9535047743055556,True
E2_sparse,9,B_pilot,to_previous,3,-0.18997279005615475,-4.582197814665273,1.0,4.0,0.997546177502791,0.9782200046743849,,0.9740668402777778,True
E2_sparse,9,B_pilot,to_previous,4,4.586263168516389,3.506273487596882,-4.0,-4.0,0.7664661582931251,0.7589904481994353,,0.9587673611111112,True
E2_sparse,9,B_pilot,to_previous,5,3.1039806194169444,2.329801903683464,-2.0,-3.0,1.2914870097505933,0.8334454287008062,,0.97412109375,True
E2_sparse,9,B_pilot,to_previous,6,5.099096849895895,-1.7402379850853702,-4.0,1.0,1.3251287333743575,0.8972783428194145,,0.9740668402777778,True
E2_sparse,9,B_pilot,to_previous,7,4.5270871633899095,3.166797582233457,-4.0,-4.0,0.9859245137344107,0.7585266527058434,,0.9587673611111112,True
E2_sparse,9,B_pilot,to_previous,8,-5.646440250405355,-4.334054988740332,6.0,3.0,1.3801113033072354,0.9458887607851264,,0.95361328125,True
E2_sparse,9,stable_subpixel,to_first,0,0.0,0.0,0.0,0.0,0.0,1.0,0.0,1.0,True
E2_sparse,9,stable_subpixel,to_first,1,4.282555420412583,-3.525114812055664,-4.1,3.35,0.2529657663070354,0.880582785219152,0.9999999999767625,0.9615705023871528,True
E2_sparse,9,stable_subpixel,to_first,2,-6.520411465774094,-2.653519923841266,7.1,2.75,0.5875638468300519,0.9360911103845956,0.9999999999769932,0.9492275661892362,True
E2_sparse,9,stable_subpixel,to_first,3,-0.18997279005615475,-4.582197814665273,-0.25,4.0,0.7297467721003065,0.9646941951786422,0.999999999973353,0.9778917100694444,True
E2_sparse,9,stable_subpixel,to_first,4,4.586263168516389,3.506273487596882,-4.3,-3.8,0.4101485898275666,0.7423240368769881,0.9999999999745811,0.9582557508680554,True
E2_sparse,9,stable_subpixel,to_first,5,3.1039806194169444,2.329801903683464,-3.2,-2.05,0.29581890871349686,0.7959276970555591,0.9999999999749573,0.9728342013888889,True
E2_sparse,9,stable_subpixel,to_first,6,5.099096849895895,-1.7402379850853702,-5.45,1.8,0.35595578261862865,0.859051576962846,0.9999999999817482,0.9625056966145833,True
E2_sparse,9,stable_subpixel,to_first,7,4.5270871633899095,3.166797582233457,-4.6,-2.8,0.37397426124646516,0.7753090168958034,0.9999999999752356,0.9618077256944445,True
E2_sparse,9,stable_subpixel,to_first,8,-5.646440250405355,-4.334054988740332,6.2,4.1,0.6010075990580512,0.9418168232734845,0.9999999999769944,0.947043728298611,True
E2_sparse,9,stable_subpixel,to_previous,0,0.0,0.0,0.0,0.0,0.0,1.0,0.0,1.0,True
E2_sparse,9,stable_subpixel,to_previous,1,4.282555420412583,-3.525114812055664,-4.1,3.35,0.2529657663070354,0.880582785219152,0.9999999999767625,0.9615705023871528,True
E2_sparse,9,stable_subpixel,to_previous,2,-6.520411465774094,-2.653519923841266,6.9,2.5,0.4094579616175512,0.9424534062372331,0.9999999999691327,0.9515096028645833,True
E2_sparse,9,stable_subpixel,to_previous,3,-0.18997279005615475,-4.582197814665273,0.25,4.85,0.27444721970480557,0.979780393326285,0.9999999999754144,0.9734703911675349,True
E2_sparse,9,stable_subpixel,to_previous,4,4.586263168516389,3.506273487596882,-4.0,-2.75,0.9568981611440308,0.7940656239375345,0.9999999999796535,0.9651421440972222,True
E2_sparse,9,stable_subpixel,to_previous,5,3.1039806194169444,2.329801903683464,-1.7000000000000002,-2.25,1.4062467505846514,0.8365365176244752,0.9999999999772862,0.9795308430989584,True
E2_sparse,9,stable_subpixel,to_previous,6,5.099096849895895,-1.7402379850853702,-3.9000000000000004,2.05,1.2384610455376583,0.8984170461309914,0.9999999999837438,0.9692272949218749,True
E2_sparse,9,stable_subpixel,to_previous,7,4.5270871633899095,3.166797582233457,-4.050000000000001,-2.6000000000000005,0.7408587319436285,0.7755006798150446,0.9999999999754661,0.9656502278645832,True
E2_sparse,9,stable_subpixel,to_previous,8,-5.646440250405355,-4.334054988740332,6.149999999999999,5.1,0.916648341342192,0.9416261986404514,0.9999999999748638,0.9422570800781249,True
E3_mcherry,9,A_cli,to_first,0,0.0,0.0,0.0,0.0,0.0,1.0,0.0,1.0,True
E3_mcherry,9,A_cli,to_first,1,0.0,0.0,0.1,4.6,4.601086828130936,0.9813828711164791,0.9999999022344529,0.9755333116319446,True
E3_mcherry,9,A_cli,to_first,2,0.0,0.0,-4.6,-3.5,5.78013840664737,0.9722725214692094,0.9999999130604007,0.9582492404513889,True
E3_mcherry,9,A_cli,to_first,3,0.0,0.0,-3.1,-2.2,3.801315561749643,0.987937926739062,0.9999998515796785,0.9725808376736111,True
E3_mcherry,9,A_cli,to_first,4,0.0,0.0,-5.1,1.8,5.4083269131959835,0.9799572298740962,0.9999998530202706,0.9643115234374999,True
E3_mcherry,9,A_cli,to_first,5,0.0,0.0,-4.5,-3.1,5.4644304369257,0.9754535928976117,0.9999998908718757,0.9607950846354166,True
E3_mcherry,9,A_cli,to_first,6,0.0,0.0,5.8,4.2,7.161005515987263,0.9578529438811512,0.9999998984993375,0.9485774739583334,True
E3_mcherry,9,A_cli,to_first,7,0.0,0.0,-7.1,-3.0,7.707788269017254,0.954254532002915,0.9999998532891022,0.9479736328124999,True
E3_mcherry,9,A_cli,to_first,8,0.0,0.0,5.7,-2.9,6.395310782127793,0.9720208596672852,0.9999999244482041,0.9556567382812501,True
E3_mcherry,9,A_cli,to_previous,0,0.0,0.0,0.0,0.0,0.0,1.0,0.0,1.0,True
E3_mcherry,9,A_cli,to_previous,1,0.0,0.0,0.1,4.6,4.601086828130936,0.9813828711164791,0.9999999022344529,0.9755333116319446,True
E3_mcherry,9,A_cli,to_previous,2,0.0,0.0,-4.7,-3.4000000000000004,5.800862004909271,0.9721425749855219,0.9999998728101329,0.9582459852430555,True
E3_mcherry,9,A_cli,to_previous,3,0.0,0.0,-3.3000000000000003,-2.3000000000000003,4.022437072223753,0.9864153485540441,0.9999998833220569,0.9710392252604164,True
E3_mcherry,9,A_cli,to_previous,4,0.0,0.0,-5.300000000000001,1.6999999999999997,5.565968020030299,0.9785785317923597,0.9999998107739168,0.9637860785590279,True
E3_mcherry,9,A_cli,to_previous,5,0.0,0.0,-4.6000000000000005,-3.2000000000000006,5.6035702904487605,0.9741636092431818,0.9999999006144618,0.9597743055555557,True
E3_mcherry,9,A_cli,to_previous,6,0.0,0.0,5.499999999999999,4.299999999999999,6.981403870282823,0.9595910388703218,0.9999998957256558,0.949599880642361,True
E3_mcherry,9,A_cli,to_previous,7,0.0,0.0,-7.500000000000001,-3.000000000000001,8.077747210701757,0.9499890575183497,0.9999998665390123,0.9459228515625,True
E3_mcherry,9,A_cli,to_previous,8,0.0,0.0,5.3999999999999995,-2.900000000000001,6.129437168288781,0.9740163447842305,0.9999998862399131,0.9571956380208333,True
E3_mcherry,9,B_pilot,to_first,0,0.0,0.0,0.0,0.0,0.0,1.0,0.0,1.0,True
E3_mcherry,9,B_pilot,to_first,1,0.0,0.0,0.0,0.0,0.0,1.0,,1.0,True
E3_mcherry,9,B_pilot,to_first,2,0.0,0.0,0.0,0.0,0.0,1.0,,1.0,True
E3_mcherry,9,B_pilot,to_first,3,0.0,0.0,0.0,0.0,0.0,1.0,,1.0,True
E3_mcherry,9,B_pilot,to_first,4,0.0,0.0,0.0,0.0,0.0,1.0,,1.0,True
E3_mcherry,9,B_pilot,to_first,5,0.0,0.0,0.0,0.0,0.0,1.0,,1.0,True
E3_mcherry,9,B_pilot,to_first,6,0.0,0.0,0.0,0.0,0.0,1.0,,1.0,True
E3_mcherry,9,B_pilot,to_first,7,0.0,0.0,0.0,0.0,0.0,1.0,,1.0,True
E3_mcherry,9,B_pilot,to_first,8,0.0,0.0,0.0,0.0,0.0,1.0,,1.0,True
E3_mcherry,9,B_pilot,to_previous,0,0.0,0.0,0.0,0.0,0.0,1.0,0.0,1.0,True
E3_mcherry,9,B_pilot,to_previous,1,0.0,0.0,0.0,0.0,0.0,1.0,,1.0,True
E3_mcherry,9,B_pilot,to_previous,2,0.0,0.0,0.0,0.0,0.0,1.0,,1.0,True
E3_mcherry,9,B_pilot,to_previous,3,0.0,0.0,0.0,0.0,0.0,1.0,,1.0,True
E3_mcherry,9,B_pilot,to_previous,4,0.0,0.0,0.0,0.0,0.0,1.0,,1.0,True
E3_mcherry,9,B_pilot,to_previous,5,0.0,0.0,0.0,0.0,0.0,1.0,,1.0,True
E3_mcherry,9,B_pilot,to_previous,6,0.0,0.0,0.0,0.0,0.0,1.0,,1.0,True
E3_mcherry,9,B_pilot,to_previous,7,0.0,0.0,0.0,0.0,0.0,1.0,,1.0,True
E3_mcherry,9,B_pilot,to_previous,8,0.0,0.0,0.0,0.0,0.0,1.0,,1.0,True
E3_mcherry,9,stable_subpixel,to_first,0,0.0,0.0,0.0,0.0,0.0,1.0,0.0,1.0,True
E3_mcherry,9,stable_subpixel,to_first,1,0.0,0.0,0.0,0.0,0.0,1.0,1.0,1.0,True
E3_mcherry,9,stable_subpixel,to_first,2,0.0,0.0,0.0,0.0,0.0,1.0,1.0,1.0,True
E3_mcherry,9,stable_subpixel,to_first,3,0.0,0.0,0.0,0.0,0.0,1.0,1.0,1.0,True
E3_mcherry,9,stable_subpixel,to_first,4,0.0,0.0,0.0,0.0,0.0,1.0,1.0,1.0,True
E3_mcherry,9,stable_subpixel,to_first,5,0.0,0.0,0.0,0.0,0.0,1.0,1.0,1.0,True
E3_mcherry,9,stable_subpixel,to_first,6,0.0,0.0,0.0,0.0,0.0,1.0,1.0,1.0,True
E3_mcherry,9,stable_subpixel,to_first,7,0.0,0.0,0.0,0.0,0.0,1.0,1.0,1.0,True
E3_mcherry,9,stable_subpixel,to_first,8,0.0,0.0,0.0,0.0,0.0,1.0,1.0,1.0,True
E3_mcherry,9,stable_subpixel,to_previous,0,0.0,0.0,0.0,0.0,0.0,1.0,0.0,1.0,True
E3_mcherry,9,stable_subpixel,to_previous,1,0.0,0.0,0.0,0.0,0.0,1.0,1.0,1.0,True
E3_mcherry,9,stable_subpixel,to_previous,2,0.0,0.0,0.0,0.0,0.0,1.0,1.0,1.0,True
E3_mcherry,9,stable_subpixel,to_previous,3,0.0,0.0,0.0,0.0,0.0,1.0,1.0,1.0,True
E3_mcherry,9,stable_subpixel,to_previous,4,0.0,0.0,0.0,0.0,0.0,1.0,1.0,1.0,True
E3_mcherry,9,stable_subpixel,to_previous,5,0.0,0.0,0.0,0.0,0.0,1.0,1.0,1.0,True
E3_mcherry,9,stable_subpixel,to_previous,6,0.0,0.0,0.0,0.0,0.0,1.0,1.0,1.0,True
E3_mcherry,9,stable_subpixel,to_previous,7,0.0,0.0,0.0,0.0,0.0,1.0,1.0,1.0,True
E3_mcherry,9,stable_subpixel,to_previous,8,0.0,0.0,0.0,0.0,0.0,1.0,1.0,1.0,True
E4_gradient,9,A_cli,to_first,0,0.0,0.0,0.0,0.0,0.0,1.0,0.0,1.0,True
E4_gradient,9,A_cli,to_first,1,-1.4199712975085639,1.7876532984611342,1.3,-2.1,0.3345946416009941,0.8625571625219899,0.9999999990005771,0.98236572265625,True
E4_gradient,9,A_cli,to_first,2,4.778582814636616,1.8426012179092783,-4.8,-2.0,0.15884921287980003,0.7863640391059884,0.999999999464912,0.96484375,True
E4_gradient,9,A_cli,to_first,3,4.208712064757025,2.846881357241142,-4.2,-2.8,0.047683977697987885,0.7566012696589097,0.9999999994799916,0.9638606770833333,True
E4_gradient,9,A_cli,to_first,4,-1.4558036464696018,1.7966093659504851,1.4,-2.1,0.30848002170038663,0.8654258317910912,0.9999999990004335,0.9818505859375001,True
E4_gradient,9,A_cli,to_first,5,2.3385783130504567,0.9546798898949795,-2.3,-0.5,0.45631358572009423,0.8452376468757496,0.9999999992771973,0.9854478624131944,True
E4_gradient,9,A_cli,to_first,6,-5.994809330952273,1.9821029446883474,6.0,-2.0,0.018634581669342294,0.9193678179589877,0.9999999990121553,0.9586588541666666,True
E4_gradient,9,A_cli,to_first,7,1.3428587652770818,-2.898383793081628,-1.3,2.7,0.2029605949895941,0.8979334930741926,0.9999999993405072,0.9792618815104167,True
E4_gradient,9,A_cli,to_first,8,4.746942309860978,2.8270846941530805,-4.8,-2.8,0.059570958866332936,0.7557078174286144,0.99999999950779,0.9607812499999999,True
E4_gradient,9,A_cli,to_previous,0,0.0,0.0,0.0,0.0,0.0,1.0,0.0,1.0,True
E4_gradient,9,A_cli,to_previous,1,-1.4199712975085639,1.7876532984611342,1.3,-2.1,0.3345946416009941,0.8625571625219899,0.9999999990005771,0.98236572265625,True
E4_gradient,9,A_cli,to_previous,2,4.778582814636616,1.8426012179092783,1.3,-2.1,6.084030174762235,0.82447844684719,0.9999999992406693,0.98236572265625,True
E4_gradient,9,A_cli,to_previous,3,4.208712064757025,2.846881357241142,1.3,-2.2,5.546563269516155,0.826821331537023,0.9999999974505738,0.9818484157986112,True
E4_gradient,9,A_cli,to_previous,4,-1.4558036464696018,1.7966093659504851,1.3,-2.2,0.4324335554649921,0.8590061169418567,0.9999999992534789,0.9818484157986112,True
E4_gradient,9,A_cli,to_previous,5,2.3385783130504567,0.9546798898949795,1.3,-2.2,3.8457865667289814,0.8320359316908316,0.9999999992909969,0.9818484157986112,True
E4_gradient,9,A_cli,to_previous,6,-5.994809330952273,1.9821029446883474,1.3,-2.2,4.699863166168779,0.7065278682235493,0.9999999993141403,0.9818484157986112,True
E4_gradient,9,A_cli,to_previous,7,1.3428587652770818,-2.898383793081628,-6.0,2.8,4.658180315412622,0.7437621900341015,0.999999999450289,0.9546223958333333,True
E4_gradient,9,A_cli,to_previous,8,4.746942309860978,2.8270846941530805,-6.0,2.8,5.764914199707434,0.7512054563124555,0.999999999378123,0.9546223958333333,True
E4_gradient,9,B_pilot,to_first,0,0.0,0.0,0.0,0.0,0.0,1.0,0.0,1.0,True
E4_gradient,9,B_pilot,to_first,1,-1.4199712975085639,1.7876532984611342,1.0,-2.0,0.4706028180806643,0.882385188841538,,0.9844292534722222,True
E4_gradient,9,B_pilot,to_first,2,4.778582814636616,1.8426012179092783,-5.0,-2.0,0.27166145581934437,0.7908208201217317,,0.9638129340277778,True
E4_gradient,9,B_pilot,to_first,3,4.208712064757025,2.846881357241142,-4.0,-3.0,0.2588552582727561,0.7908464650051941,,0.9638671875,True
E4_gradient,9,B_pilot,to_first,4,-1.4558036464696018,1.7966093659504851,1.0,-2.0,0.49912394668463805,0.8801326191432154,,0.9844292534722222,True
E4_gradient,9,B_pilot,to_first,5,2.3385783130504567,0.9546798898949795,-2.0,-1.0,0.3415979895257351,0.8929318411220342,,0.9844292534722222,True
E4_gradient,9,B_pilot,to_first,6,-5.994809330952273,1.9821029446883474,6.0,-2.0,0.018634581669342294,0.9194911501347582,,0.9586588541666666,True
E4_gradient,9,B_pilot,to_first,7,1.3428587652770818,-2.898383793081628,-1.0,3.0,0.35760031660472913,0.9384937183038554,,0.979248046875,True
E4_gradient,9,B_pilot,to_first,8,4.746942309860978,2.8270846941530805,-5.0,-3.0,0.3064928996479866,0.7639463495077264,,0.958740234375,True
E4_gradient,9,B_pilot,to_previous,0,0.0,0.0,0.0,0.0,0.0,1.0,0.0,1.0,True
E4_gradient,9,B_pilot,to_previous,1,-1.4199712975085639,1.7876532984611342,1.0,-2.0,0.4706028180806643,0.882385188841538,,0.9844292534722222,True
E4_gradient,9,B_pilot,to_previous,2,4.778582814636616,1.8426012179092783,-5.0,-2.0,0.27166145581934437,0.7908208201217317,,0.9638129340277778,True
E4_gradient,9,B_pilot,to_previous,3,4.208712064757025,2.846881357241142,-4.0,-3.0,0.2588552582727561,0.7908464650051941,,0.9638671875,True
E4_gradient,9,B_pilot,to_previous,4,-1.4558036464696018,1.7966093659504851,2.0,-2.0,0.580962495532066,0.8999247488390621,,0.9792751736111112,True
E4_gradient,9,B_pilot,to_previous,5,2.3385783130504567,0.9546798898949795,-2.0,-1.0,0.3415979895257351,0.8929318411220342,,0.9844292534722222,True
E4_gradient,9,B_pilot,to_previous,6,-5.994809330952273,1.9821029446883474,6.0,-2.0,0.018634581669342294,0.9194911501347582,,0.9586588541666666,True
E4_gradient,9,B_pilot,to_previous,7,1.3428587652770818,-2.898383793081628,-1.0,3.0,0.35760031660472913,0.9384937183038554,,0.979248046875,True
E4_gradient,9,B_pilot,to_previous,8,4.746942309860978,2.8270846941530805,-5.0,-3.0,0.3064928996479866,0.7639463495077264,,0.958740234375,True
E4_gradient,9,stable_subpixel,to_first,0,0.0,0.0,0.0,0.0,0.0,1.0,0.0,1.0,True
E4_gradient,9,stable_subpixel,to_first,1,-1.4199712975085639,1.7876532984611342,1.2999999523162842,-1.899999976158142,0.16436209921025136,0.8920943558650525,0.9999999403953552,0.9834003367407583,True
E4_gradient,9,stable_subpixel,to_first,2,4.778582814636616,1.8426012179092783,-4.900000095367432,-1.9500000476837158,0.16210078561495095,0.7879714587691624,0.9999999403953552,0.9645821118965332,True
E4_gradient,9,stable_subpixel,to_first,3,4.208712064757025,2.846881357241142,-4.099999904632568,-2.950000047683716,0.14983924077996655,0.7630518308099816,0.9999999403953552,0.9636093481192882,True
E4_gradient,9,stable_subpixel,to_first,4,-1.4558036464696018,1.7966093659504851,1.350000023841858,-1.899999976158142,0.1479325009599503,0.8932942638169272,0.9999999403953552,0.9831424967451474,True
E4_gradient,9,stable_subpixel,to_first,5,2.3385783130504567,0.9546798898949795,-2.200000047683716,-1.0,0.1458007133452578,0.8641054991139684,0.9999999403953552,0.9833930119057186,True
E4_gradient,9,stable_subpixel,to_first,6,-5.994809330952273,1.9821029446883474,6.0,-2.0,0.018634581669342294,0.9194911501347582,0.9999999403953552,0.9586588541666666,True
E4_gradient,9,stable_subpixel,to_first,7,1.3428587652770818,-2.898383793081628,-1.2000000476837158,2.950000047683716,0.15189750140001865,0.9084059108849747,0.9999999403953552,0.9784814448211626,True
E4_gradient,9,stable_subpixel,to_first,8,4.746942309860978,2.8270846941530805,-4.900000095367432,-2.950000047683716,0.19630300516726815,0.7614070892815081,0.9999999403953552,0.9595066995727313,True
E4_gradient,9,stable_subpixel,to_previous,0,0.0,0.0,0.0,0.0,0.0,1.0,0.0,1.0,True
E4_gradient,9,stable_subpixel,to_previous,1,-1.4199712975085639,1.7876532984611342,1.2999999523162842,-1.899999976158142,0.16436209921025136,0.8920943558650525,0.9999999403953552,0.9834003367407583,True
E4_gradient,9,stable_subpixel,to_previous,2,4.778582814636616,1.8426012179092783,-4.8999998569488525,-1.9499999769032001,0.16210056013871738,0.787971452248567,0.9999999403953552,0.9645821134849252,True
E4_gradient,9,stable_subpixel,to_previous,3,4.208712064757025,2.846881357241142,-4.099999845027924,-2.9499999769032,0.1498392353138408,0.763051830488361,0.9999999403953552,0.9636093487857357,True
E4_gradient,9,stable_subpixel,to_previous,4,-1.4558036464696018,1.7966093659504851,1.3499999642372131,-1.9499999769032001,0.18634134995319596,0.8940072612786758,0.9999999403953552,0.9828839114366352,True
E4_gradient,9,stable_subpixel,to_previous,5,2.3385783130504567,0.9546798898949795,-2.199999988079071,-1.050000000745058,0.16819594431598592,0.8357741898401888,0.9999999403953552,0.9831355794849959,True
E4_gradient,9,stable_subpixel,to_previous,6,-5.994809330952273,1.9821029446883474,5.999999821186066,-2.050000000745058,0.06809516436601952,0.8923338973171903,0.9999999403953552,0.9584065764384528,True
E4_gradient,9,stable_subpixel,to_previous,7,1.3428587652770818,-2.898383793081628,-1.199999988079071,2.8999998085200787,0.14286791707170715,0.9070184055961414,0.9999999403953552,0.9787402354272086,True
E4_gradient,9,stable_subpixel,to_previous,8,4.746942309860978,2.8270846941530805,-4.900000035762787,-3.000000286847353,0.23092524689830832,0.7386876707640977,0.9999999403953552,0.9592529280482773,True
E5_drift,9,A_cli,to_first,0,0.0,0.0,0.0,0.0,0.0,1.0,0.0,1.0,True
E5_drift,9,A_cli,to_first,1,3.4488916437281207,-1.5008651115079545,-3.4,1.6,0.11053560034110188,0.9899124259561931,0.999999957819954,0.9741059027777779,True
E5_drift,9,A_cli,to_first,2,7.11182975720486,-4.224674905720802,-7.1,4.1,0.12523488041283398,0.9958119168919823,0.9999999445833095,0.9424563259548611,True
E5_drift,9,A_cli,to_first,3,9.757999800312854,-7.515831957364298,-9.9,7.5,0.14288004614072036,0.9914629558904061,0.9999999525550446,0.9113891601562499,True
E5_drift,9,A_cli,to_first,4,13.596975778261413,-9.20036857151131,-13.7,9.1,0.1438326820026049,0.9921842329110352,0.9999999517005377,0.8846318901909723,True
E5_drift,9,A_cli,to_first,5,16.18687935862128,-12.203886487941766,-16.1,12.1,0.1354268264832319,0.9946252320033393,0.9999999475693747,0.8584095594618056,True
E5_drift,9,A_cli,to_first,6,18.33594300124411,-15.165574312918338,-18.2,15.1,0.15093207115112636,0.9928825902539786,0.9999999497261988,0.8340174696180557,True
E5_drift,9,A_cli,to_first,7,21.335909636653795,-16.77297372413084,-21.2,16.9,0.18602984732712835,0.9923359249801389,0.9999999524040624,0.8112814670138889,True
E5_drift,9,A_cli,to_first,8,24.066602893435,-19.511823772046405,-24.0,19.5,0.06764426804481923,0.9919528110596698,0.9999999575229921,0.7861328125,True
E5_drift,9,A_cli,to_previous,0,0.0,0.0,0.0,0.0,0.0,1.0,0.0,1.0,True
E5_drift,9,A_cli,to_previous,1,3.4488916437281207,-1.5008651115079545,-3.4,1.6,0.11053560034110188,0.9899124259561931,0.999999957819954,0.9741059027777779,True
E5_drift,9,A_cli,to_previous,2,7.11182975720486,-4.224674905720802,-7.0,4.2,0.11451962962229818,0.9958136976873435,0.9999999532574535,0.9424641927083334,True
E5_drift,9,A_cli,to_previous,3,9.757999800312854,-7.515831957364298,-9.9,7.6,0.16507063976466146,0.9914831481376001,0.9999999492007248,0.9108951822916667,True
E5_drift,9,A_cli,to_previous,4,13.596975778261413,-9.20036857151131,-13.7,9.299999999999999,0.143319265304906,0.9911144102367584,0.9999999500095119,0.88366455078125,True
E5_drift,9,A_cli,to_previous,5,16.18687935862128,-12.203886487941766,-16.2,12.299999999999999,0.09700494023686156,0.9926797441063798,0.9999999423701886,0.8569677734375,True
E5_drift,9,A_cli,to_previous,6,18.33594300124411,-15.165574312918338,-18.3,15.299999999999999,0.13914799562268507,0.991285895664639,0.9999999327147342,0.8325952148437499,True
E5_drift,9,A_cli,to_previous,7,21.335909636653795,-16.77297372413084,-21.2,17.099999999999998,0.35414349414357166,0.9918591737754211,0.9999999410964215,0.8103548177083334,True
E5_drift,9,A_cli,to_previous,8,24.066602893435,-19.511823772046405,-24.0,19.799999999999997,0.29577268936038464,0.9915030465778044,0.9999999471032782,0.7847656249999999,True
E5_drift,9,B_pilot,to_first,0,0.0,0.0,0.0,0.0,0.0,1.0,0.0,1.0,True
E5_drift,9,B_pilot,to_first,1,3.4488916437281207,-1.5008651115079545,-3.0,2.0,0.6712967635248219,0.9809165037587113,,0.97412109375,True
E5_drift,9,B_pilot,to_first,2,7.11182975720486,-4.224674905720802,-7.0,4.0,0.2509675434337059,0.9947032781518222,,0.9434678819444444,True
E5_drift,9,B_pilot,to_first,3,9.757999800312854,-7.515831957364298,-10.0,8.0,0.5412788469525712,0.9845238999645699,,0.9084201388888888,True
E5_drift,9,B_pilot,to_first,4,13.596975778261413,-9.20036857151131,-14.0,9.0,0.4500845340127527,0.9875218331083182,,0.8836263020833334,True
E5_drift,9,B_pilot,to_first,5,16.18687935862128,-12.203886487941766,-16.0,12.0,0.2765747541695168,0.9921295831866627,,0.859375,True
E5_drift,9,B_pilot,to_first,6,18.33594300124411,-15.165574312918338,-18.0,15.0,0.3745297760970152,0.9890686544163789,,0.83544921875,True
E5_drift,9,B_pilot,to_first,7,21.335909636653795,-16.77297372413084,-21.0,17.0,0.4054333655878672,0.9878523781794476,,0.811767578125,True
E5_drift,9,B_pilot,to_first,8,24.066602893435,-19.511823772046405,-24.0,20.0,0.4926986654669507,0.9840564198874684,,0.7838541666666666,True
E5_drift,9,B_pilot,to_previous,0,0.0,0.0,0.0,0.0,0.0,1.0,0.0,1.0,True
E5_drift,9,B_pilot,to_previous,1,3.4488916437281207,-1.5008651115079545,-3.0,2.0,0.6712967635248219,0.9809165037587113,,0.97412109375,True
E5_drift,9,B_pilot,to_previous,2,7.11182975720486,-4.224674905720802,-7.0,5.0,0.7833485152954243,0.9699443619366439,,0.9384494357638888,True
E5_drift,9,B_pilot,to_previous,3,9.757999800312854,-7.515831957364298,-10.0,8.0,0.5412788469525712,0.9845238999645699,,0.9084201388888888,True
E5_drift,9,B_pilot,to_previous,4,13.596975778261413,-9.20036857151131,-14.0,10.0,0.8954546022746525,0.9701162077664326,,0.8787977430555556,True
E5_drift,9,B_pilot,to_previous,5,16.18687935862128,-12.203886487941766,-16.0,13.0,0.8177533972784197,0.9697649519580572,,0.8546006944444444,True
E5_drift,9,B_pilot,to_previous,6,18.33594300124411,-15.165574312918338,-18.0,16.0,0.8995131612970456,0.9687045565629899,,0.8307291666666666,True
E5_drift,9,B_pilot,to_previous,7,21.335909636653795,-16.77297372413084,-21.0,18.0,1.272174817259887,0.9640729648130352,,0.80712890625,True
E5_drift,9,B_pilot,to_previous,8,24.066602893435,-19.511823772046405,-24.0,21.0,1.4896658789339654,0.9622965359530916,,0.779296875,True
E5_drift,9,stable_subpixel,to_first,0,0.0,0.0,0.0,0.0,0.0,1.0,0.0,1.0,True
E5_drift,9,stable_subpixel,to_first,1,3.4488916437281207,-1.5008651115079545,-3.3499999046325684,1.5,0.09889552304965073,0.9832334647732938,0.9999998807907104,0.9748758956751166,True
E5_drift,9,stable_subpixel,to_first,2,7.11182975720486,-4.224674905720802,-7.050000190734863,4.099999904632568,0.13916447530249493,0.9933966032453629,0.9999998807907104,0.9427111811468946,True
E5_drift,9,stable_subpixel,to_first,3,9.757999800312854,-7.515831957364298,-9.899999618530273,7.550000190734863,0.14605278684587134,0.9856817220891945,0.9999998807907104,0.9111421721904642,True
E5_drift,9,stable_subpixel,to_first,4,13.596975778261413,-9.20036857151131,-13.75,9.100000381469727,0.18300324043831487,0.9868901949409492,0.9999998807907104,0.8843838143447,True
E5_drift,9,stable_subpixel,to_first,5,16.18687935862128,-12.203886487941766,-16.100000381469727,12.100000381469727,0.13542628913479082,0.9905465892371966,0.9999998807907104,0.858409555779977,True
E5_drift,9,stable_subpixel,to_first,6,18.33594300124411,-15.165574312918338,-18.200000762939453,15.050000190734863,0.17843113482170386,0.9880284194505583,0.9999998807907104,0.8342531963934501,True
E5_drift,9,stable_subpixel,to_first,7,21.335909636653795,-16.77297372413084,-21.200000762939453,16.899999618530273,0.18602902946120337,0.9866830747104341,0.9999998807907104,0.8112814651574526,True
E5_drift,9,stable_subpixel,to_first,8,24.066602893435,-19.511823772046405,-24.0,19.549999237060547,0.07676790698566659,0.9861293209490279,0.9999999403953552,0.7859049513936043,True
E5_drift,9,stable_subpixel,to_previous,0,0.0,0.0,0.0,0.0,0.0,1.0,0.0,1.0,True
E5_drift,9,stable_subpixel,to_previous,1,3.4488916437281207,-1.5008651115079545,-3.3499999046325684,1.5,0.09889552304965073,0.9832334647732938,0.9999998807907104,0.9748758956751166,True
E5_drift,9,stable_subpixel,to_previous,2,7.11182975720486,-4.224674905720802,-7.049999952316284,4.099999904632568,0.1391645812299607,0.9933966054781486,0.9999998807907104,0.9427111823621414,True
E5_drift,9,stable_subpixel,to_previous,3,9.757999800312854,-7.515831957364298,-9.899999856948853,7.549999952316284,0.14605296287191744,0.985681723327911,0.9999998807907104,0.9111421721752655,True
E5_drift,9,stable_subpixel,to_previous,4,13.596975778261413,-9.20036857151131,-13.749999761581421,9.099999904632568,0.18300330259899109,0.9868901976376974,0.9999998807907104,0.8843838178332791,True
E5_drift,9,stable_subpixel,to_previous,5,16.18687935862128,-12.203886487941766,-16.09999966621399,12.099999904632568,0.13542711377137231,0.9905465996000016,0.9999998807907104,0.8584095615457692,True
E5_drift,9,stable_subpixel,to_previous,6,18.33594300124411,-15.165574312918338,-18.199999570846558,15.099999904632568,0.1509324991189214,0.9876563733261028,0.9999998807907104,0.8340174721270645,True
E5_drift,9,stable_subpixel,to_previous,7,21.335909636653795,-16.77297372413084,-21.199999570846558,16.949999928474426,0.22318114394371485,0.9869766308376701,0.9999998807907104,0.8110498070567459,True
E5_drift,9,stable_subpixel,to_previous,8,24.066602893435,-19.511823772046405,-24.049999475479126,19.600000023841858,0.08972583166799031,0.9857528376525204,0.9999998807907104,0.7854432532124337,True
E6_decorrelation,9,A_cli,to_first,0,0.0,0.0,0.0,0.0,0.0,1.0,0.0,1.0,True
E6_decorrelation,9,A_cli,to_first,1,3.797855232437013,-2.887997577427118,-1.1,-88.2,91.1279415191661,-0.07399851153319723,0.9999999993929712,0.5375276692708333,False
E6_decorrelation,9,A_cli,to_first,2,7.4118867798875545,-6.025384683664105,0.0,74.0,68.37751379687418,-0.07962575399892151,0.9999999996982116,0.6145833333333334,False
E6_decorrelation,9,A_cli,to_first,3,10.389974594717966,-9.091270579087844,0.0,54.7,46.777214233736316,-0.0629206183725096,0.9999999992930562,0.7151041666666668,False
E6_decorrelation,9,A_cli,to_first,4,14.134786716941944,-10.885465547787174,0.0,0.2,17.719237272139708,0.7527297048015062,0.9999999994807058,0.9989583333333335,True
E6_decorrelation,9,A_cli,to_first,5,16.707590624951266,-14.293775020609845,1.1,34.1,26.634504534533225,0.18593875055044837,0.9999999994168228,0.8176841905381944,True
E6_decorrelation,9,A_cli,to_first,6,20.424575274821898,-16.09117112438424,0.0,-3.0,27.95775545456732,0.6654010015106819,0.999999999409988,0.984375,True
E6_decorrelation,9,A_cli,to_first,7,24.12688849991963,-19.195901805971005,-55.8,0.0,37.03604512148947,0.22062145794516458,0.9999999996819259,0.709375,True
E6_decorrelation,9,A_cli,to_first,8,27.84650442915102,-22.510477277374555,-42.0,0.0,26.590280632765758,0.3672267827644364,0.9999999993576814,0.78125,True
E6_decorrelation,9,A_cli,to_previous,0,0.0,0.0,0.0,0.0,0.0,1.0,0.0,1.0,True
E6_decorrelation,9,A_cli,to_previous,1,3.797855232437013,-2.887997577427118,-1.1,-88.2,91.1279415191661,-0.07399851153319723,0.9999999993929712,0.5375276692708333,False
E6_decorrelation,9,A_cli,to_previous,2,7.4118867798875545,-6.025384683664105,-2.2,-115.30000000000001,121.43727900626499,-0.06192890542211087,0.9999999993052537,0.39490180121527774,False
E6_decorrelation,9,A_cli,to_previous,3,10.389974594717966,-9.091270579087844,-1.0000000000000002,-88.4,97.94242932465158,-0.07687899251111872,0.9999999994783424,0.5367730034722222,False
E6_decorrelation,9,A_cli,to_previous,4,14.134786716941944,-10.885465547787174,-0.9000000000000002,-88.4,100.1636822829701,-0.08915863121453912,0.9999999987445728,0.5370540364583333,False
E6_decorrelation,9,A_cli,to_previous,5,16.707590624951266,-14.293775020609845,-1.0000000000000002,-88.60000000000001,104.08581719539379,-0.08132557145808064,0.999999998888058,0.5357367621527778,False
E6_decorrelation,9,A_cli,to_previous,6,20.424575274821898,-16.09117112438424,-3.2,-88.50000000000001,105.99999561588783,-0.08012727450067901,0.999999998944541,0.530078125,False
E6_decorrelation,9,A_cli,to_previous,7,24.12688849991963,-19.195901805971005,-3.3000000000000003,-145.3,165.80911011023412,-0.06712232125224572,0.9999999995579734,0.23904866536458325,False
E6_decorrelation,9,A_cli,to_previous,8,27.84650442915102,-22.510477277374555,-4.800000000000001,-145.3,169.38564771096495,-0.058639336316079545,0.9999999990951449,0.23714843749999995,False
E6_decorrelation,9,B_pilot,to_first,0,0.0,0.0,0.0,0.0,0.0,1.0,0.0,1.0,True
E6_decorrelation,9,B_pilot,to_first,1,3.797855232437013,-2.887997577427118,-2.0,4.0,2.113961405657422,0.9393966223815207,,0.9689670138888888,True
E6_decorrelation,9,B_pilot,to_first,2,7.4118867798875545,-6.025384683664105,-7.0,6.0,0.4126682706616362,0.919318401512652,,0.9334309895833334,True
E6_decorrelation,9,B_pilot,to_first,3,10.389974594717966,-9.091270579087844,-8.0,7.0,3.1757504937188803,0.8936451091368929,,0.9233940972222222,True
E6_decorrelation,9,B_pilot,to_first,4,14.134786716941944,-10.885465547787174,-13.0,9.0,2.200618373285169,0.8505334863820578,,0.8885904947916666,True
E6_decorrelation,9,B_pilot,to_first,5,16.707590624951266,-14.293775020609845,-15.0,11.0,3.710096983747842,0.81381098568684,,0.8690592447916666,True
E6_decorrelation,9,B_pilot,to_first,6,20.424575274821898,-16.09117112438424,-20.0,13.0,3.120192796001076,0.8218839148558768,,0.8351779513888888,True
E6_decorrelation,9,B_pilot,to_first,7,24.12688849991963,-19.195901805971005,-22.0,17.0,3.0570638581091325,0.8332327969078009,,0.8070203993055556,True
E6_decorrelation,9,B_pilot,to_first,8,27.84650442915102,-22.510477277374555,-24.0,19.0,5.207595130042417,0.8394700047390972,,0.7884114583333334,True
E6_decorrelation,9,B_pilot,to_previous,0,0.0,0.0,0.0,0.0,0.0,1.0,0.0,1.0,True
E6_decorrelation,9,B_pilot,to_previous,1,3.797855232437013,-2.887997577427118,-2.0,4.0,2.113961405657422,0.9393966223815207,,0.9689670138888888,True
E6_decorrelation,9,B_pilot,to_previous,2,7.4118867798875545,-6.025384683664105,-6.0,6.0,1.4121149604001701,0.918381462700323,,0.9384765625,True
E6_decorrelation,9,B_pilot,to_previous,3,10.389974594717966,-9.091270579087844,-8.0,8.0,2.627327547181741,0.891703333965521,,0.9184027777777778,True
E6_decorrelation,9,B_pilot,to_previous,4,14.134786716941944,-10.885465547787174,-12.0,10.0,2.3111390185685075,0.84671400776504,,0.888671875,True
E6_decorrelation,9,B_pilot,to_previous,5,16.707590624951266,-14.293775020609845,-14.0,12.0,3.5485843427341104,0.8099608326739842,,0.869140625,True
E6_decorrelation,9,B_pilot,to_previous,6,20.424575274821898,-16.09117112438424,-19.0,15.0,1.7944551084727223,0.8168331198619678,,0.8306477864583334,True
E6_decorrelation,9,B_pilot,to_previous,7,24.12688849991963,-19.195901805971005,-21.0,19.0,3.133019184191558,0.8273343068039709,,0.802490234375,True
E6_decorrelation,9,B_pilot,to_previous,8,27.84650442915102,-22.510477277374555,-24.0,22.0,3.880229809456415,0.8342238538303395,,0.7747395833333334,True
E6_decorrelation,9,stable_subpixel,to_first,0,0.0,0.0,0.0,0.0,0.0,1.0,0.0,1.0,True
E6_decorrelation,9,stable_subpixel,to_first,1,3.797855232437013,-2.887997577427118,30.0,-38.900001525878906,53.74506384190715,-0.0037935657140329105,1.0,0.6728027276694775,False
E6_decorrelation,9,stable_subpixel,to_first,2,7.4118867798875545,-6.025384683664105,-76.75,85.8499984741211,105.73430338220776,-0.06877788985351059,1.0,0.3318627299223509,False
E6_decorrelation,9,stable_subpixel,to_first,3,10.389974594717966,-9.091270579087844,78.19999694824219,-73.0999984741211,120.8453051076436,-0.07826669432970665,1.0,0.367046998060412,False
E6_decorrelation,9,stable_subpixel,to_first,4,14.134786716941944,-10.885465547787174,-61.150001525878906,-86.0999984741211,107.7803815871671,-0.09105494827692075,1.0,0.3758955902254415,False
E6_decorrelation,9,stable_subpixel,to_first,5,16.707590624951266,-14.293775020609845,42.79999923706055,13.850000381469727,59.509244551714445,0.013585498491867647,1.0,0.7210281054416878,False
E6_decorrelation,9,stable_subpixel,to_first,6,20.424575274821898,-16.09117112438424,-73.9000015258789,-90.75,119.47659628547423,-0.075077088986638,1.0,0.3243713336996734,False
E6_decorrelation,9,stable_subpixel,to_first,7,24.12688849991963,-19.195901805971005,7.050000190734863,28.25,32.46498240468612,0.32419965943823464,1.0,0.8215484610668177,True
E6_decorrelation,9,stable_subpixel,to_first,8,27.84650442915102,-22.510477277374555,-34.0,-9.850000381469727,32.940340345069565,0.23135601257118632,1.0,0.7806993256219559,True
E6_decorrelation,9,stable_subpixel,to_previous,0,0.0,0.0,0.0,0.0,0.0,1.0,0.0,1.0,True
E6_decorrelation,9,stable_subpixel,to_previous,1,3.797855232437013,-2.887997577427118,30.0,-38.900001525878906,53.74506384190715,-0.0037935657140329105,1.0,0.6728027276694775,False
E6_decorrelation,9,stable_subpixel,to_previous,2,7.4118867798875545,-6.025384683664105,-57.05000305175781,21.14999771118164,51.89119873593078,0.06832290778441069,1.0,0.6254396508106339,True
E6_decorrelation,9,stable_subpixel,to_previous,3,10.389974594717966,-9.091270579087844,-149.0500030517578,53.94999694824219,145.73574998321368,0.006556705913058287,1.0,0.16084112439718487,False
E6_decorrelation,9,stable_subpixel,to_previous,4,14.134786716941944,-10.885465547787174,-153.0500030517578,16.999996185302734,139.04972065511606,-0.03562725136325237,1.0,0.1849026045606779,False
E6_decorrelation,9,stable_subpixel,to_previous,5,16.707590624951266,-14.293775020609845,-208.9000015258789,-63.750003814697266,207.43373453420094,0.0,1.0,0.0,False
E6_decorrelation,9,stable_subpixel,to_previous,6,20.424575274821898,-16.09117112438424,-203.85000133514404,-61.80000376701355,199.27850373628615,0.0,1.0,0.0,False
E6_decorrelation,9,stable_subpixel,to_previous,7,24.12688849991963,-19.195901805971005,-233.75000095367432,-40.750004529953,218.0260556934305,0.0,1.0,0.0,False
E6_decorrelation,9,stable_subpixel,to_previous,8,27.84650442915102,-22.510477277374555,-234.65000092983246,-39.650004506111145,215.94353813083274,0.0,1.0,0.0,False
