well,condition,timepoint_day,registration_channel,estimated_y_shift,estimated_x_shift,pre_registration_correlation,post_registration_correlation,overlap_fraction,registration_error,qc_pass,qc_note,row,column,common_crop
C13,PLD3_only_no_mCherry,8,488nm Binned,0.0,0.0,1.0,1.0,1.0,0.0,True,reference_timepoint,C,13,"{'y_start': 0, 'y_stop': 1963, 'x_start': 1082, 'x_stop': 2868}"
C13,PLD3_only_no_mCherry,12,488nm Binned,-904.8,0.0,-0.0011993063209156717,-0.0029965348011485324,0.6845188284518829,0.999999999999994,True,phase_cross_correlation_on_stable_channel,C,13,"{'y_start': 0, 'y_stop': 1963, 'x_start': 1082, 'x_stop': 2868}"
C13,PLD3_only_no_mCherry,16,488nm Binned,0.0,1081.1,0.008202631422445978,0.004042428483473928,0.623047419804742,0.9999999999999903,True,phase_cross_correlation_on_stable_channel,C,13,"{'y_start': 0, 'y_stop': 1963, 'x_start': 1082, 'x_stop': 2868}"
C12,PLD3_only_no_mCherry,8,488nm Binned,0.0,0.0,1.0,1.0,1.0,0.0,True,reference_timepoint,C,12,"{'y_start': 0, 'y_stop': 2282, 'x_start': 0, 'x_stop': 1862}"
C12,PLD3_only_no_mCherry,12,488nm Binned,-585.4,0.0,0.012174772755315935,0.005295419977356196,0.7958856345885634,0.9999999999999933,True,phase_cross_correlation_on_stable_channel,C,12,"{'y_start': 0, 'y_stop': 2282, 'x_start': 0, 'x_stop': 1862}"
C12,PLD3_only_no_mCherry,16,488nm Binned,0.0,-1005.5,0.012688266654123979,-0.01174053957454666,0.6494072524407253,0.9999999999999886,True,phase_cross_correlation_on_stable_channel,C,12,"{'y_start': 0, 'y_stop': 2282, 'x_start': 0, 'x_stop': 1862}"
C05,PLD3_only_no_mCherry,8,488nm Binned,0.0,0.0,1.0,1.0,1.0,0.0,True,reference_timepoint,C,05,"{'y_start': 258, 'y_stop': 2868, 'x_start': 1151, 'x_stop': 2868}"
C05,PLD3_only_no_mCherry,12,488nm Binned,0.0,1150.1,0.007425621427481982,0.008005922823027424,0.5989888423988843,0.9999999999999849,True,phase_cross_correlation_on_stable_channel,C,05,"{'y_start': 258, 'y_stop': 2868, 'x_start': 1151, 'x_stop': 2868}"
C05,PLD3_only_no_mCherry,16,488nm Binned,257.3,0.0,0.01379682902832281,0.00642206773629498,0.9102859135285913,0.9999999999999737,True,phase_cross_correlation_on_stable_channel,C,05,"{'y_start': 258, 'y_stop': 2868, 'x_start': 1151, 'x_stop': 2868}"
C06,PLD3_only_no_mCherry,8,488nm Binned,0.0,0.0,1.0,1.0,1.0,0.0,True,reference_timepoint,C,06,"{'y_start': 0, 'y_stop': 2180, 'x_start': 0, 'x_stop': 1826}"
C06,PLD3_only_no_mCherry,12,488nm Binned,-687.3,0.0,0.0035694877752772236,0.018067278615967703,0.7603556485355648,0.9999999999999806,True,phase_cross_correlation_on_stable_channel,C,06,"{'y_start': 0, 'y_stop': 2180, 'x_start': 0, 'x_stop': 1826}"
C06,PLD3_only_no_mCherry,16,488nm Binned,0.0,-1042.0,0.00901849208117491,-0.003695738361132646,0.6366806136680614,0.9999999999999898,True,phase_cross_correlation_on_stable_channel,C,06,"{'y_start': 0, 'y_stop': 2180, 'x_start': 0, 'x_stop': 1826}"
C09,PLD3_only_no_mCherry,8,488nm Binned,0.0,0.0,1.0,1.0,1.0,0.0,True,reference_timepoint,C,09,"{'y_start': 659, 'y_stop': 2426, 'x_start': 0, 'x_stop': 2868}"
C09,PLD3_only_no_mCherry,12,488nm Binned,658.6,0.0,0.005726757222010604,-0.0051615953794574955,0.7703626220362623,0.9999999999999806,True,phase_cross_correlation_on_stable_channel,C,09,"{'y_start': 659, 'y_stop': 2426, 'x_start': 0, 'x_stop': 2868}"
C09,PLD3_only_no_mCherry,16,488nm Binned,-441.2,0.0,0.013536532797161717,0.0030036276510051318,0.8461645746164576,0.999999999999987,True,phase_cross_correlation_on_stable_channel,C,09,"{'y_start': 659, 'y_stop': 2426, 'x_start': 0, 'x_stop': 2868}"
C10,PLD3_only_no_mCherry,8,488nm Binned,0.0,0.0,1.0,1.0,1.0,0.0,True,reference_timepoint,C,10,"{'y_start': 0, 'y_stop': 2149, 'x_start': 0, 'x_stop': 2868}"
C10,PLD3_only_no_mCherry,12,488nm Binned,-147.6,0.0,0.008602001894364298,-0.00016184271256575728,0.9485355648535565,0.9999999999999803,True,phase_cross_correlation_on_stable_channel,C,10,"{'y_start': 0, 'y_stop': 2149, 'x_start': 0, 'x_stop': 2868}"
C10,PLD3_only_no_mCherry,16,488nm Binned,-718.9,0.0,0.01570705217187775,0.018965402787440626,0.7493375174337518,0.9999999999999466,True,phase_cross_correlation_on_stable_channel,C,10,"{'y_start': 0, 'y_stop': 2149, 'x_start': 0, 'x_stop': 2868}"
C07,PLD3_only_no_mCherry,8,488nm Binned,0.0,0.0,1.0,1.0,1.0,0.0,True,reference_timepoint,C,07,"{'y_start': 2, 'y_stop': 2868, 'x_start': 0, 'x_stop': 1946}"
C07,PLD3_only_no_mCherry,12,488nm Binned,1.9,0.0,0.06232253023711365,0.06852978992259365,0.9993375174337518,0.9999999999999996,True,phase_cross_correlation_on_stable_channel,C,07,"{'y_start': 2, 'y_stop': 2868, 'x_start': 0, 'x_stop': 1946}"
C07,PLD3_only_no_mCherry,16,488nm Binned,1.0,-921.1,0.06630174275865879,0.029999464300779027,0.6785987324179276,0.9999999999999998,True,phase_cross_correlation_on_stable_channel,C,07,"{'y_start': 2, 'y_stop': 2868, 'x_start': 0, 'x_stop': 1946}"
C08,PLD3_only_no_mCherry,8,488nm Binned,0.0,0.0,1.0,1.0,1.0,0.0,True,reference_timepoint,C,08,"{'y_start': 190, 'y_stop': 2660, 'x_start': 0, 'x_stop': 2868}"
C08,PLD3_only_no_mCherry,12,488nm Binned,-207.2,0.0,-0.003622078047193348,0.011557690627337996,0.9277545327754533,0.9999999999999806,True,phase_cross_correlation_on_stable_channel,C,08,"{'y_start': 190, 'y_stop': 2660, 'x_start': 0, 'x_stop': 2868}"
C08,PLD3_only_no_mCherry,16,488nm Binned,190.0,0.0,0.014867340706625142,0.002017752348514994,0.9337517433751743,0.9999999999999729,True,phase_cross_correlation_on_stable_channel,C,08,"{'y_start': 190, 'y_stop': 2660, 'x_start': 0, 'x_stop': 2868}"
C14,PLD3_only_no_mCherry,8,488nm Binned,0.0,0.0,1.0,1.0,1.0,0.0,True,reference_timepoint,C,14,"{'y_start': 235, 'y_stop': 2846, 'x_start': 0, 'x_stop': 2868}"
C14,PLD3_only_no_mCherry,12,488nm Binned,-21.6,0.0,0.007667624846779779,0.012630345625831063,0.9924686192468619,0.9999999999999776,True,phase_cross_correlation_on_stable_channel,C,14,"{'y_start': 235, 'y_stop': 2846, 'x_start': 0, 'x_stop': 2868}"
C14,PLD3_only_no_mCherry,16,488nm Binned,234.4,0.0,0.01596150300265666,9.941525337393813e-05,0.9182705718270572,0.9999999999999607,True,phase_cross_correlation_on_stable_channel,C,14,"{'y_start': 235, 'y_stop': 2846, 'x_start': 0, 'x_stop': 2868}"
C11,PLD3_only_no_mCherry,8,488nm Binned,0.0,0.0,1.0,1.0,1.0,0.0,True,reference_timepoint,C,11,"{'y_start': 151, 'y_stop': 2868, 'x_start': 0, 'x_stop': 2868}"
C11,PLD3_only_no_mCherry,12,488nm Binned,151.0,0.0,0.0028393913192525746,0.004672681630813732,0.947350069735007,0.9999999999999911,True,phase_cross_correlation_on_stable_channel,C,11,"{'y_start': 151, 'y_stop': 2868, 'x_start': 0, 'x_stop': 2868}"
C11,PLD3_only_no_mCherry,16,488nm Binned,141.7,0.0,0.003611801025552809,0.004165572450006981,0.9505927475592748,0.9999999999999837,True,phase_cross_correlation_on_stable_channel,C,11,"{'y_start': 151, 'y_stop': 2868, 'x_start': 0, 'x_stop': 2868}"
C17,PLD3_only_no_mCherry,8,488nm Binned,0.0,0.0,1.0,1.0,1.0,0.0,True,reference_timepoint,C,17,"{'y_start': 0, 'y_stop': 2868, 'x_start': 1188, 'x_stop': 2868}"
C17,PLD3_only_no_mCherry,12,488nm Binned,0.0,703.3,0.004786857914932163,0.005335563120618039,0.7547768479776847,0.9999999999999798,True,phase_cross_correlation_on_stable_channel,C,17,"{'y_start': 0, 'y_stop': 2868, 'x_start': 1188, 'x_stop': 2868}"
C17,PLD3_only_no_mCherry,16,488nm Binned,0.0,1187.6,-0.0001534596891118951,0.0050774911170058164,0.5859135285913529,0.9999999999999876,True,phase_cross_correlation_on_stable_channel,C,17,"{'y_start': 0, 'y_stop': 2868, 'x_start': 1188, 'x_stop': 2868}"
C15,PLD3_only_no_mCherry,8,488nm Binned,0.0,0.0,1.0,1.0,1.0,0.0,True,reference_timepoint,C,15,"{'y_start': 0, 'y_stop': 2787, 'x_start': 0, 'x_stop': 1972}"
C15,PLD3_only_no_mCherry,12,488nm Binned,-80.4,0.0,0.0013119988529988523,0.009167706740302234,0.9719665271966527,0.99999999999999,True,phase_cross_correlation_on_stable_channel,C,15,"{'y_start': 0, 'y_stop': 2787, 'x_start': 0, 'x_stop': 1972}"
C15,PLD3_only_no_mCherry,16,488nm Binned,0.0,-896.0,0.004589203113040123,0.002502369212734364,0.6875871687587168,0.9999999999999858,True,phase_cross_correlation_on_stable_channel,C,15,"{'y_start': 0, 'y_stop': 2787, 'x_start': 0, 'x_stop': 1972}"
C16,PLD3_only_no_mCherry,8,488nm Binned,0.0,0.0,1.0,1.0,1.0,0.0,True,reference_timepoint,C,16,"{'y_start': 0, 'y_stop': 2868, 'x_start': 0, 'x_stop': 1882}"
C16,PLD3_only_no_mCherry,12,488nm Binned,0.0,-985.6,-8.302075940780136e-05,-0.012232830890348585,0.6563458856345886,0.999999999999984,True,phase_cross_correlation_on_stable_channel,C,16,"{'y_start': 0, 'y_stop': 2868, 'x_start': 0, 'x_stop': 1882}"
C16,PLD3_only_no_mCherry,16,488nm Binned,0.0,-673.6,0.007293970457704331,-0.007012791339434857,0.7651324965132497,0.999999999999987,True,phase_cross_correlation_on_stable_channel,C,16,"{'y_start': 0, 'y_stop': 2868, 'x_start': 0, 'x_stop': 1882}"
C19,PLD3_only_no_mCherry,8,488nm Binned,0.0,0.0,1.0,1.0,1.0,0.0,True,reference_timepoint,C,19,"{'y_start': 0, 'y_stop': 2868, 'x_start': 1193, 'x_stop': 2868}"
C19,PLD3_only_no_mCherry,12,488nm Binned,0.0,479.0,0.001970459268315374,-0.003937241767994362,0.8329846582984658,0.9999999999999915,True,phase_cross_correlation_on_stable_channel,C,19,"{'y_start': 0, 'y_stop': 2868, 'x_start': 1193, 'x_stop': 2868}"
C19,PLD3_only_no_mCherry,16,488nm Binned,0.0,1192.5,0.0006455835804201102,-0.0025217063100023565,0.5842050209205021,0.9999999999999803,True,phase_cross_correlation_on_stable_channel,C,19,"{'y_start': 0, 'y_stop': 2868, 'x_start': 1193, 'x_stop': 2868}"
D06,PLD3_TMEM106B_no_mCherry,8,488nm Binned,0.0,0.0,1.0,1.0,1.0,0.0,True,reference_timepoint,D,06,"{'y_start': 1058, 'y_stop': 2868, 'x_start': 0, 'x_stop': 1866}"
D06,PLD3_TMEM106B_no_mCherry,12,488nm Binned,1057.5,0.0,0.002387039117391924,-0.004533588860815226,0.6312761506276151,0.9999999999999729,True,phase_cross_correlation_on_stable_channel,D,06,"{'y_start': 1058, 'y_stop': 2868, 'x_start': 0, 'x_stop': 1866}"
D06,PLD3_TMEM106B_no_mCherry,16,488nm Binned,0.0,-1001.7,0.013739530156141516,5.241717782152196e-05,0.6507322175732216,0.9999999999999828,True,phase_cross_correlation_on_stable_channel,D,06,"{'y_start': 1058, 'y_stop': 2868, 'x_start': 0, 'x_stop': 1866}"
C18,PLD3_only_no_mCherry,8,488nm Binned,0.0,0.0,1.0,1.0,1.0,0.0,True,reference_timepoint,C,18,"{'y_start': 0, 'y_stop': 2868, 'x_start': 1219, 'x_stop': 2837}"
C18,PLD3_only_no_mCherry,12,488nm Binned,0.0,1218.9,0.0015401796953471176,0.010982342490114112,0.575,0.999999999999986,True,phase_cross_correlation_on_stable_channel,C,18,"{'y_start': 0, 'y_stop': 2868, 'x_start': 1219, 'x_stop': 2837}"
C18,PLD3_only_no_mCherry,16,488nm Binned,0.0,-30.7,0.004664853048394291,0.006117144483440089,0.9892956764295677,0.9999999999999922,True,phase_cross_correlation_on_stable_channel,C,18,"{'y_start': 0, 'y_stop': 2868, 'x_start': 1219, 'x_stop': 2837}"
C20,PLD3_only_no_mCherry,8,488nm Binned,0.0,0.0,1.0,1.0,1.0,0.0,True,reference_timepoint,C,20,"{'y_start': 257, 'y_stop': 2162, 'x_start': 0, 'x_stop': 2868}"
C20,PLD3_only_no_mCherry,12,488nm Binned,256.8,0.0,0.0070054438897289,0.011937062403648339,0.910460251046025,0.999999999999979,True,phase_cross_correlation_on_stable_channel,C,20,"{'y_start': 257, 'y_stop': 2162, 'x_start': 0, 'x_stop': 2868}"
C20,PLD3_only_no_mCherry,16,488nm Binned,-705.4,0.0,0.009598284288953363,0.0033703992648287627,0.754044630404463,0.9999999999999739,True,phase_cross_correlation_on_stable_channel,C,20,"{'y_start': 257, 'y_stop': 2162, 'x_start': 0, 'x_stop': 2868}"
D05,PLD3_TMEM106B_no_mCherry,8,488nm Binned,0.0,0.0,1.0,1.0,1.0,0.0,True,reference_timepoint,D,05,"{'y_start': 401, 'y_stop': 2657, 'x_start': 0, 'x_stop': 2868}"
D05,PLD3_TMEM106B_no_mCherry,12,488nm Binned,400.5,0.0,0.006990285454893338,0.0025338548484720494,0.8603556485355649,0.9999999999999838,True,phase_cross_correlation_on_stable_channel,D,05,"{'y_start': 401, 'y_stop': 2657, 'x_start': 0, 'x_stop': 2868}"
D05,PLD3_TMEM106B_no_mCherry,16,488nm Binned,-210.1,0.0,0.025750236239654195,0.006873809830732179,0.9267433751743376,0.9999999999999883,True,phase_cross_correlation_on_stable_channel,D,05,"{'y_start': 401, 'y_stop': 2657, 'x_start': 0, 'x_stop': 2868}"
D07,PLD3_TMEM106B_no_mCherry,8,488nm Binned,0.0,0.0,1.0,1.0,1.0,0.0,True,reference_timepoint,D,07,"{'y_start': 534, 'y_stop': 2868, 'x_start': 99, 'x_stop': 2868}"
D07,PLD3_TMEM106B_no_mCherry,12,488nm Binned,0.0,98.1,0.01083558775949502,-0.00038290123053150675,0.965794979079498,0.999999999999984,True,phase_cross_correlation_on_stable_channel,D,07,"{'y_start': 534, 'y_stop': 2868, 'x_start': 99, 'x_stop': 2868}"
D07,PLD3_TMEM106B_no_mCherry,16,488nm Binned,533.2,0.0,0.015131745958555319,0.004355575186198814,0.8140864714086472,0.9999999999999485,True,phase_cross_correlation_on_stable_channel,D,07,"{'y_start': 534, 'y_stop': 2868, 'x_start': 99, 'x_stop': 2868}"
D08,PLD3_TMEM106B_no_mCherry,8,488nm Binned,0.0,0.0,1.0,1.0,1.0,0.0,True,reference_timepoint,D,08,"{'y_start': 24, 'y_stop': 2458, 'x_start': 0, 'x_stop': 2868}"
D08,PLD3_TMEM106B_no_mCherry,12,488nm Binned,23.1,0.0,0.006539004006921803,0.0038715841549684725,0.9919456066945607,0.9999999999999708,True,phase_cross_correlation_on_stable_channel,D,08,"{'y_start': 24, 'y_stop': 2458, 'x_start': 0, 'x_stop': 2868}"
D08,PLD3_TMEM106B_no_mCherry,16,488nm Binned,-409.1,0.0,0.0049299081594764566,0.0018091742717311471,0.8573570432357044,0.9999999999999504,True,phase_cross_correlation_on_stable_channel,D,08,"{'y_start': 24, 'y_stop': 2458, 'x_start': 0, 'x_stop': 2868}"
D09,PLD3_TMEM106B_no_mCherry,8,488nm Binned,0.0,0.0,1.0,1.0,1.0,0.0,True,reference_timepoint,D,09,"{'y_start': 659, 'y_stop': 2868, 'x_start': 0, 'x_stop': 1756}"
D09,PLD3_TMEM106B_no_mCherry,12,488nm Binned,658.1,0.0,-0.0020403445301328546,-0.003717298264427976,0.7705369595536959,0.9999999999999825,True,phase_cross_correlation_on_stable_channel,D,09,"{'y_start': 659, 'y_stop': 2868, 'x_start': 0, 'x_stop': 1756}"
D09,PLD3_TMEM106B_no_mCherry,16,488nm Binned,0.0,-1111.9,0.006985472798173993,-0.002442375246365902,0.6123082287308228,0.9999999999999939,True,phase_cross_correlation_on_stable_channel,D,09,"{'y_start': 659, 'y_stop': 2868, 'x_start': 0, 'x_stop': 1756}"
D12,PLD3_TMEM106B_no_mCherry,8,488nm Binned,0.0,0.0,1.0,1.0,1.0,0.0,True,reference_timepoint,D,12,"{'y_start': 0, 'y_stop': 2868, 'x_start': 376, 'x_stop': 1907}"
D12,PLD3_TMEM106B_no_mCherry,12,488nm Binned,0.0,-961.0,0.009360051812712593,0.005203804581065619,0.6649232914923291,0.9999999999999922,True,phase_cross_correlation_on_stable_channel,D,12,"{'y_start': 0, 'y_stop': 2868, 'x_start': 376, 'x_stop': 1907}"
D12,PLD3_TMEM106B_no_mCherry,16,488nm Binned,0.0,375.2,0.008559348179270888,0.002648013994438624,0.8691771269177128,0.9999999999999905,True,phase_cross_correlation_on_stable_channel,D,12,"{'y_start': 0, 'y_stop': 2868, 'x_start': 376, 'x_stop': 1907}"
D14,PLD3_TMEM106B_no_mCherry,8,488nm Binned,0.0,0.0,1.0,1.0,1.0,0.0,True,reference_timepoint,D,14,"{'y_start': 0, 'y_stop': 2868, 'x_start': 454, 'x_stop': 1735}"
D14,PLD3_TMEM106B_no_mCherry,12,488nm Binned,0.0,454.0,0.007123699832040052,-0.001535886680944675,0.8417015341701534,0.9999999999999897,True,phase_cross_correlation_on_stable_channel,D,14,"{'y_start': 0, 'y_stop': 2868, 'x_start': 454, 'x_stop': 1735}"
D14,PLD3_TMEM106B_no_mCherry,16,488nm Binned,0.0,-1132.5,0.012008647790360875,0.006470190190690915,0.6051255230125523,0.9999999999999886,True,phase_cross_correlation_on_stable_channel,D,14,"{'y_start': 0, 'y_stop': 2868, 'x_start': 454, 'x_stop': 1735}"
D13,PLD3_TMEM106B_no_mCherry,8,488nm Binned,0.0,0.0,1.0,1.0,1.0,0.0,True,reference_timepoint,D,13,"{'y_start': 0, 'y_stop': 2345, 'x_start': 0, 'x_stop': 2868}"
D13,PLD3_TMEM106B_no_mCherry,12,488nm Binned,-40.1,0.0,0.0037779716078696003,-0.0007840920864637575,0.9860181311018131,0.9999999999999774,True,phase_cross_correlation_on_stable_channel,D,13,"{'y_start': 0, 'y_stop': 2345, 'x_start': 0, 'x_stop': 2868}"
D13,PLD3_TMEM106B_no_mCherry,16,488nm Binned,-522.8,0.0,0.008392365727566357,0.003661441371652571,0.8177126917712692,0.999999999999982,True,phase_cross_correlation_on_stable_channel,D,13,"{'y_start': 0, 'y_stop': 2345, 'x_start': 0, 'x_stop': 2868}"
D11,PLD3_TMEM106B_no_mCherry,8,488nm Binned,0.0,0.0,1.0,1.0,1.0,0.0,True,reference_timepoint,D,11,"{'y_start': 0, 'y_stop': 2105, 'x_start': 27, 'x_stop': 2868}"
D11,PLD3_TMEM106B_no_mCherry,12,488nm Binned,0.0,26.5,0.0018687945713569052,0.0034331693519154853,0.9907601115760112,0.9999999999999905,True,phase_cross_correlation_on_stable_channel,D,11,"{'y_start': 0, 'y_stop': 2105, 'x_start': 27, 'x_stop': 2868}"
D11,PLD3_TMEM106B_no_mCherry,16,488nm Binned,-762.3,0.0,0.013239761621413904,-0.006243123390088588,0.734205020920502,0.9999999999999788,True,phase_cross_correlation_on_stable_channel,D,11,"{'y_start': 0, 'y_stop': 2105, 'x_start': 27, 'x_stop': 2868}"
D10,PLD3_TMEM106B_no_mCherry,8,488nm Binned,0.0,0.0,1.0,1.0,1.0,0.0,True,reference_timepoint,D,10,"{'y_start': 91, 'y_stop': 2868, 'x_start': 0, 'x_stop': 2868}"
D10,PLD3_TMEM106B_no_mCherry,12,488nm Binned,38.6,0.0,0.002017560286437706,-0.004559260144760049,0.9865411436541144,0.9999999999999756,True,phase_cross_correlation_on_stable_channel,D,10,"{'y_start': 91, 'y_stop': 2868, 'x_start': 0, 'x_stop': 2868}"
D10,PLD3_TMEM106B_no_mCherry,16,488nm Binned,90.7,0.0,0.01273280189953699,0.0054998000795864815,0.9683751743375175,0.9999999999999812,True,phase_cross_correlation_on_stable_channel,D,10,"{'y_start': 91, 'y_stop': 2868, 'x_start': 0, 'x_stop': 2868}"
D15,PLD3_TMEM106B_no_mCherry,8,488nm Binned,0.0,0.0,1.0,1.0,1.0,0.0,True,reference_timepoint,D,15,"{'y_start': 0, 'y_stop': 2868, 'x_start': 758, 'x_stop': 2868}"
D15,PLD3_TMEM106B_no_mCherry,12,488nm Binned,0.0,757.8,0.020741632483196302,0.00743422495205924,0.7357740585774059,0.9999999999999889,True,phase_cross_correlation_on_stable_channel,D,15,"{'y_start': 0, 'y_stop': 2868, 'x_start': 758, 'x_stop': 2868}"
D15,PLD3_TMEM106B_no_mCherry,16,488nm Binned,0.0,408.9,0.0038233521210370436,0.006543232846695768,0.8574267782426778,0.9999999999999866,True,phase_cross_correlation_on_stable_channel,D,15,"{'y_start': 0, 'y_stop': 2868, 'x_start': 758, 'x_stop': 2868}"
D16,PLD3_TMEM106B_no_mCherry,8,488nm Binned,0.0,0.0,1.0,1.0,1.0,0.0,True,reference_timepoint,D,16,"{'y_start': 0, 'y_stop': 2868, 'x_start': 1222, 'x_stop': 2868}"
D16,PLD3_TMEM106B_no_mCherry,12,488nm Binned,0.0,211.6,0.0019290529948029905,0.0033026439876154483,0.9262203626220363,0.9999999999999895,True,phase_cross_correlation_on_stable_channel,D,16,"{'y_start': 0, 'y_stop': 2868, 'x_start': 1222, 'x_stop': 2868}"
D16,PLD3_TMEM106B_no_mCherry,16,488nm Binned,0.0,1221.7,0.00884645672837266,0.008206925879662425,0.574023709902371,0.9999999999999732,True,phase_cross_correlation_on_stable_channel,D,16,"{'y_start': 0, 'y_stop': 2868, 'x_start': 1222, 'x_stop': 2868}"
D17,PLD3_TMEM106B_no_mCherry,8,488nm Binned,0.0,0.0,1.0,1.0,1.0,0.0,True,reference_timepoint,D,17,"{'y_start': 0, 'y_stop': 2259, 'x_start': 991, 'x_stop': 2868}"
D17,PLD3_TMEM106B_no_mCherry,12,488nm Binned,-608.4,0.0,0.009929449574338561,0.01156546141439187,0.7878661087866109,0.9999999999999786,True,phase_cross_correlation_on_stable_channel,D,17,"{'y_start': 0, 'y_stop': 2259, 'x_start': 991, 'x_stop': 2868}"
D17,PLD3_TMEM106B_no_mCherry,16,488nm Binned,0.0,990.2,0.01528759421760716,0.01769209671582336,0.654741980474198,0.9999999999999605,True,phase_cross_correlation_on_stable_channel,D,17,"{'y_start': 0, 'y_stop': 2259, 'x_start': 991, 'x_stop': 2868}"
D18,PLD3_TMEM106B_no_mCherry,8,488nm Binned,0.0,0.0,1.0,1.0,1.0,0.0,True,reference_timepoint,D,18,"{'y_start': 0, 'y_stop': 2868, 'x_start': 1057, 'x_stop': 2868}"
D18,PLD3_TMEM106B_no_mCherry,12,488nm Binned,0.0,571.7,0.013325102327115451,0.010137454700956004,0.8006624825662483,0.9999999999999747,True,phase_cross_correlation_on_stable_channel,D,18,"{'y_start': 0, 'y_stop': 2868, 'x_start': 1057, 'x_stop': 2868}"
D18,PLD3_TMEM106B_no_mCherry,16,488nm Binned,0.0,1056.7,0.004770246004446812,0.007531138444764372,0.631555090655509,0.9999999999999815,True,phase_cross_correlation_on_stable_channel,D,18,"{'y_start': 0, 'y_stop': 2868, 'x_start': 1057, 'x_stop': 2868}"
D19,PLD3_TMEM106B_no_mCherry,8,488nm Binned,0.0,0.0,1.0,1.0,1.0,0.0,True,reference_timepoint,D,19,"{'y_start': 517, 'y_stop': 2868, 'x_start': 290, 'x_stop': 2868}"
D19,PLD3_TMEM106B_no_mCherry,12,488nm Binned,516.2,0.0,7.970570123200367e-05,0.005740086285130849,0.8200139470013947,0.9999999999999684,True,phase_cross_correlation_on_stable_channel,D,19,"{'y_start': 517, 'y_stop': 2868, 'x_start': 290, 'x_stop': 2868}"
D19,PLD3_TMEM106B_no_mCherry,16,488nm Binned,0.0,289.1,0.005058807907788731,0.006559049909102412,0.8991980474198048,0.9999999999999886,True,phase_cross_correlation_on_stable_channel,D,19,"{'y_start': 517, 'y_stop': 2868, 'x_start': 290, 'x_stop': 2868}"
D20,PLD3_TMEM106B_no_mCherry,8,488nm Binned,0.0,0.0,1.0,1.0,1.0,0.0,True,reference_timepoint,D,20,"{'y_start': 0, 'y_stop': 1899, 'x_start': 0, 'x_stop': 2868}"
D20,PLD3_TMEM106B_no_mCherry,12,488nm Binned,-968.5,0.0,0.005307358497239086,0.001982801444984137,0.6623082287308228,0.9999999999999818,True,phase_cross_correlation_on_stable_channel,D,20,"{'y_start': 0, 'y_stop': 1899, 'x_start': 0, 'x_stop': 2868}"
D20,PLD3_TMEM106B_no_mCherry,16,488nm Binned,-215.0,0.0,-0.0013174523246446874,0.004992021109964723,0.9250348675034867,0.9999999999999912,True,phase_cross_correlation_on_stable_channel,D,20,"{'y_start': 0, 'y_stop': 1899, 'x_start': 0, 'x_stop': 2868}"
E08,PLD3_mCherry_reporter_control,8,488nm Binned,0.0,0.0,1.0,1.0,1.0,0.0,True,reference_timepoint,E,08,"{'y_start': 516, 'y_stop': 2868, 'x_start': 1118, 'x_stop': 2868}"
E08,PLD3_mCherry_reporter_control,12,488nm Binned,0.0,1117.9,0.004033750537767512,-0.0023856604657229237,0.6102161785216178,0.9999999999999787,True,phase_cross_correlation_on_stable_channel,E,08,"{'y_start': 516, 'y_stop': 2868, 'x_start': 1118, 'x_stop': 2868}"
E08,PLD3_mCherry_reporter_control,16,488nm Binned,515.9,0.0,0.005697001059796703,0.0022237385915729086,0.8201185495118549,0.9999999999999899,True,phase_cross_correlation_on_stable_channel,E,08,"{'y_start': 516, 'y_stop': 2868, 'x_start': 1118, 'x_stop': 2868}"
E09,PLD3_mCherry_reporter_control,8,488nm Binned,0.0,0.0,1.0,1.0,1.0,0.0,True,reference_timepoint,E,09,"{'y_start': 0, 'y_stop': 2868, 'x_start': 777, 'x_stop': 2510}"
E09,PLD3_mCherry_reporter_control,12,488nm Binned,0.0,-357.2,-0.0033306572201409527,0.006356225665577408,0.8754532775453278,0.9999999999999654,True,phase_cross_correlation_on_stable_channel,E,09,"{'y_start': 0, 'y_stop': 2868, 'x_start': 777, 'x_stop': 2510}"
E09,PLD3_mCherry_reporter_control,16,488nm Binned,0.0,776.8,0.008379024444248314,-0.0009972665923010276,0.7291492329149233,0.9999999999999755,True,phase_cross_correlation_on_stable_channel,E,09,"{'y_start': 0, 'y_stop': 2868, 'x_start': 777, 'x_stop': 2510}"
E12,PLD3_mCherry_reporter_control,8,488nm Binned,0.0,0.0,1.0,1.0,1.0,0.0,True,reference_timepoint,E,12,"{'y_start': 762, 'y_stop': 2786, 'x_start': 0, 'x_stop': 2868}"
E12,PLD3_mCherry_reporter_control,12,488nm Binned,761.8,0.0,0.00259915489841205,0.0025304255395594993,0.7343793584379358,0.9999999999999799,True,phase_cross_correlation_on_stable_channel,E,12,"{'y_start': 762, 'y_stop': 2786, 'x_start': 0, 'x_stop': 2868}"
E12,PLD3_mCherry_reporter_control,16,488nm Binned,-81.7,0.0,0.005016358433419711,0.00604400146333415,0.971513249651325,0.9999999999999668,True,phase_cross_correlation_on_stable_channel,E,12,"{'y_start': 762, 'y_stop': 2786, 'x_start': 0, 'x_stop': 2868}"
E11,PLD3_mCherry_reporter_control,8,488nm Binned,0.0,0.0,1.0,1.0,1.0,0.0,True,reference_timepoint,E,11,"{'y_start': 0, 'y_stop': 2283, 'x_start': 0, 'x_stop': 2594}"
E11,PLD3_mCherry_reporter_control,12,488nm Binned,-585.0,0.0,-0.0031839633686830777,-0.001893007264916583,0.7960251046025104,0.9999999999999803,True,phase_cross_correlation_on_stable_channel,E,11,"{'y_start': 0, 'y_stop': 2283, 'x_start': 0, 'x_stop': 2594}"
E11,PLD3_mCherry_reporter_control,16,488nm Binned,0.0,-273.3,0.015935559212153692,0.001288293012122132,0.9047071129707113,0.9999999999999699,True,phase_cross_correlation_on_stable_channel,E,11,"{'y_start': 0, 'y_stop': 2283, 'x_start': 0, 'x_stop': 2594}"
E07,PLD3_mCherry_reporter_control,8,488nm Binned,0.0,0.0,1.0,1.0,1.0,0.0,True,reference_timepoint,E,07,"{'y_start': 0, 'y_stop': 2867, 'x_start': 0, 'x_stop': 2868}"
E07,PLD3_mCherry_reporter_control,12,488nm Binned,-0.1,0.0,0.09613168160731714,0.08915804934448612,0.9999651324965133,0.9999999999999997,True,phase_cross_correlation_on_stable_channel,E,07,"{'y_start': 0, 'y_stop': 2867, 'x_start': 0, 'x_stop': 2868}"
E07,PLD3_mCherry_reporter_control,16,488nm Binned,0.0,0.0,0.09970706852782431,0.09970706852782431,1.0,0.9999999999999998,True,phase_cross_correlation_on_stable_channel,E,07,"{'y_start': 0, 'y_stop': 2867, 'x_start': 0, 'x_stop': 2868}"
E06,PLD3_mCherry_reporter_control,8,488nm Binned,0.0,0.0,1.0,1.0,1.0,0.0,True,reference_timepoint,E,06,"{'y_start': 0, 'y_stop': 2868, 'x_start': 438, 'x_stop': 2868}"
E06,PLD3_mCherry_reporter_control,12,488nm Binned,0.0,116.8,0.0017143910600515432,0.003573890016291916,0.9592747559274756,0.9999999999999745,True,phase_cross_correlation_on_stable_channel,E,06,"{'y_start': 0, 'y_stop': 2868, 'x_start': 438, 'x_stop': 2868}"
E06,PLD3_mCherry_reporter_control,16,488nm Binned,0.0,437.6,0.01645927227436921,0.0010191752440540534,0.8474198047419805,0.9999999999999891,True,phase_cross_correlation_on_stable_channel,E,06,"{'y_start': 0, 'y_stop': 2868, 'x_start': 438, 'x_stop': 2868}"
E14,PLD3_mCherry_reporter_control,8,488nm Binned,0.0,0.0,1.0,1.0,1.0,0.0,True,reference_timepoint,E,14,"{'y_start': 808, 'y_stop': 2868, 'x_start': 0, 'x_stop': 2476}"
E14,PLD3_mCherry_reporter_control,12,488nm Binned,807.9,0.0,0.0048942029178487105,-0.007196593618284175,0.7183054393305439,0.9999999999999934,True,phase_cross_correlation_on_stable_channel,E,14,"{'y_start': 808, 'y_stop': 2868, 'x_start': 0, 'x_stop': 2476}"
E14,PLD3_mCherry_reporter_control,16,488nm Binned,0.0,-391.1,0.0018659670072437393,0.0004117477571091573,0.8636331938633194,0.999999999999971,True,phase_cross_correlation_on_stable_channel,E,14,"{'y_start': 808, 'y_stop': 2868, 'x_start': 0, 'x_stop': 2476}"
E10,PLD3_mCherry_reporter_control,8,488nm Binned,0.0,0.0,1.0,1.0,1.0,0.0,True,reference_timepoint,E,10,"{'y_start': 0, 'y_stop': 2868, 'x_start': 0, 'x_stop': 2380}"
E10,PLD3_mCherry_reporter_control,12,488nm Binned,0.0,-487.7,0.0021515718770592418,-0.00026682564191639064,0.8299511854951186,0.9999999999999786,True,phase_cross_correlation_on_stable_channel,E,10,"{'y_start': 0, 'y_stop': 2868, 'x_start': 0, 'x_stop': 2380}"
E10,PLD3_mCherry_reporter_control,16,488nm Binned,0.0,-326.8,0.00995022536623036,-0.005183588647396816,0.8860529986052998,0.9999999999999888,True,phase_cross_correlation_on_stable_channel,E,10,"{'y_start': 0, 'y_stop': 2868, 'x_start': 0, 'x_stop': 2380}"
E05,PLD3_mCherry_reporter_control,8,488nm Binned,0.0,0.0,1.0,1.0,1.0,0.0,True,reference_timepoint,E,05,"{'y_start': 0, 'y_stop': 2343, 'x_start': 0, 'x_stop': 2868}"
E05,PLD3_mCherry_reporter_control,12,488nm Binned,-524.7,0.0,0.0009767041202637637,0.000429902692293138,0.8170502092050209,0.9999999999999203,True,phase_cross_correlation_on_stable_channel,E,05,"{'y_start': 0, 'y_stop': 2343, 'x_start': 0, 'x_stop': 2868}"
E05,PLD3_mCherry_reporter_control,16,488nm Binned,-83.9,0.0,0.018409225787471794,0.006672656903218372,0.9707461645746165,0.9999999999999645,True,phase_cross_correlation_on_stable_channel,E,05,"{'y_start': 0, 'y_stop': 2343, 'x_start': 0, 'x_stop': 2868}"
E13,PLD3_mCherry_reporter_control,8,488nm Binned,0.0,0.0,1.0,1.0,1.0,0.0,True,reference_timepoint,E,13,"{'y_start': 0, 'y_stop': 2868, 'x_start': 600, 'x_stop': 2868}"
E13,PLD3_mCherry_reporter_control,12,488nm Binned,0.0,599.9,0.009055905707849914,-0.001977146383528748,0.7908298465829846,0.9999999999999869,True,phase_cross_correlation_on_stable_channel,E,13,"{'y_start': 0, 'y_stop': 2868, 'x_start': 600, 'x_stop': 2868}"
E13,PLD3_mCherry_reporter_control,16,488nm Binned,0.0,225.0,0.0024112084857326717,-0.0018450654422813122,0.9215481171548117,0.9999999999999661,True,phase_cross_correlation_on_stable_channel,E,13,"{'y_start': 0, 'y_stop': 2868, 'x_start': 600, 'x_stop': 2868}"
E15,PLD3_mCherry_reporter_control,8,488nm Binned,0.0,0.0,1.0,1.0,1.0,0.0,True,reference_timepoint,E,15,"{'y_start': 0, 'y_stop': 2868, 'x_start': 492, 'x_stop': 2281}"
E15,PLD3_mCherry_reporter_control,12,488nm Binned,0.0,491.3,0.004139155452181267,0.006655191888656006,0.8286959553695955,0.9999999999999718,True,phase_cross_correlation_on_stable_channel,E,15,"{'y_start': 0, 'y_stop': 2868, 'x_start': 492, 'x_stop': 2281}"
E15,PLD3_mCherry_reporter_control,16,488nm Binned,0.0,-586.3,0.01043838424101549,0.008513272237874974,0.7955718270571827,0.9999999999999654,True,phase_cross_correlation_on_stable_channel,E,15,"{'y_start': 0, 'y_stop': 2868, 'x_start': 492, 'x_stop': 2281}"
E16,PLD3_mCherry_reporter_control,8,488nm Binned,0.0,0.0,1.0,1.0,1.0,0.0,True,reference_timepoint,E,16,"{'y_start': 0, 'y_stop': 2776, 'x_start': 0, 'x_stop': 1687}"
E16,PLD3_mCherry_reporter_control,12,488nm Binned,-91.9,0.0,0.006731714694579536,0.004959706678736524,0.9679567642956765,0.9999999999999689,True,phase_cross_correlation_on_stable_channel,E,16,"{'y_start': 0, 'y_stop': 2776, 'x_start': 0, 'x_stop': 1687}"
E16,PLD3_mCherry_reporter_control,16,488nm Binned,0.0,-1180.4,0.003298523175312494,-0.008649913610359796,0.5884239888423989,0.9999999999999769,True,phase_cross_correlation_on_stable_channel,E,16,"{'y_start': 0, 'y_stop': 2776, 'x_start': 0, 'x_stop': 1687}"
E17,PLD3_mCherry_reporter_control,8,488nm Binned,0.0,0.0,1.0,1.0,1.0,0.0,True,reference_timepoint,E,17,"{'y_start': 0, 'y_stop': 2272, 'x_start': 0, 'x_stop': 1921}"
E17,PLD3_mCherry_reporter_control,12,488nm Binned,-595.1,0.0,-0.0009335439583358458,0.0013885954161321952,0.7925034867503487,0.9999999999999517,True,phase_cross_correlation_on_stable_channel,E,17,"{'y_start': 0, 'y_stop': 2272, 'x_start': 0, 'x_stop': 1921}"
E17,PLD3_mCherry_reporter_control,16,488nm Binned,0.0,-946.1,0.004749292334460356,0.001222268458194495,0.670118549511855,0.9999999999999745,True,phase_cross_correlation_on_stable_channel,E,17,"{'y_start': 0, 'y_stop': 2272, 'x_start': 0, 'x_stop': 1921}"
F05,PLD3_TMEM106B_mCherry_primary,8,488nm Binned,0.0,0.0,1.0,1.0,1.0,0.0,True,reference_timepoint,F,05,"{'y_start': 0, 'y_stop': 2004, 'x_start': 435, 'x_stop': 2868}"
F05,PLD3_TMEM106B_mCherry_primary,12,488nm Binned,-863.4,0.0,-0.004106967825473243,-0.002613562897013449,0.6989539748953975,0.9999999999999767,True,phase_cross_correlation_on_stable_channel,F,05,"{'y_start': 0, 'y_stop': 2004, 'x_start': 435, 'x_stop': 2868}"
F05,PLD3_TMEM106B_mCherry_primary,16,488nm Binned,0.0,434.8,0.021506714391797636,0.00958500161936851,0.8483960948396094,0.9999999999999822,True,phase_cross_correlation_on_stable_channel,F,05,"{'y_start': 0, 'y_stop': 2004, 'x_start': 435, 'x_stop': 2868}"
F08,PLD3_TMEM106B_mCherry_primary,8,488nm Binned,0.0,0.0,1.0,1.0,1.0,0.0,True,reference_timepoint,F,08,"{'y_start': 0, 'y_stop': 2868, 'x_start': 689, 'x_stop': 1957}"
F08,PLD3_TMEM106B_mCherry_primary,12,488nm Binned,0.0,-910.6,-0.004618242472326983,-0.0058683008253897,0.6824965132496513,0.9999999999999885,True,phase_cross_correlation_on_stable_channel,F,08,"{'y_start': 0, 'y_stop': 2868, 'x_start': 689, 'x_stop': 1957}"
F08,PLD3_TMEM106B_mCherry_primary,16,488nm Binned,0.0,688.5,0.020011321310708576,-0.0004997396015304836,0.7599372384937239,0.9999999999999851,True,phase_cross_correlation_on_stable_channel,F,08,"{'y_start': 0, 'y_stop': 2868, 'x_start': 689, 'x_stop': 1957}"
E20,PLD3_mCherry_reporter_control,8,488nm Binned,0.0,0.0,1.0,1.0,1.0,0.0,True,reference_timepoint,E,20,"{'y_start': 0, 'y_stop': 2648, 'x_start': 681, 'x_stop': 2868}"
E20,PLD3_mCherry_reporter_control,12,488nm Binned,0.0,680.3,0.003574239960657983,0.014090466383336416,0.7627963737796374,0.9999999999999934,True,phase_cross_correlation_on_stable_channel,E,20,"{'y_start': 0, 'y_stop': 2648, 'x_start': 681, 'x_stop': 2868}"
E20,PLD3_mCherry_reporter_control,16,488nm Binned,-219.7,0.0,0.007558865081558183,0.0020929699644249783,0.9233960948396095,0.9999999999999726,True,phase_cross_correlation_on_stable_channel,E,20,"{'y_start': 0, 'y_stop': 2648, 'x_start': 681, 'x_stop': 2868}"
F06,PLD3_TMEM106B_mCherry_primary,8,488nm Binned,0.0,0.0,1.0,1.0,1.0,0.0,True,reference_timepoint,F,06,"{'y_start': 0, 'y_stop': 2050, 'x_start': 0, 'x_stop': 2868}"
F06,PLD3_TMEM106B_mCherry_primary,12,488nm Binned,-799.8,0.0,0.0023876961649862403,-0.00022439816107603112,0.7211297071129706,0.9999999999999787,True,phase_cross_correlation_on_stable_channel,F,06,"{'y_start': 0, 'y_stop': 2050, 'x_start': 0, 'x_stop': 2868}"
F06,PLD3_TMEM106B_mCherry_primary,16,488nm Binned,-817.1,0.0,0.015563473003262444,0.0008603149351076331,0.7150976290097629,0.9999999999999548,True,phase_cross_correlation_on_stable_channel,F,06,"{'y_start': 0, 'y_stop': 2050, 'x_start': 0, 'x_stop': 2868}"
F10,PLD3_TMEM106B_mCherry_primary,8,488nm Binned,0.0,0.0,1.0,1.0,1.0,0.0,True,reference_timepoint,F,10,"{'y_start': 0, 'y_stop': 2857, 'x_start': 1172, 'x_stop': 2868}"
F10,PLD3_TMEM106B_mCherry_primary,12,488nm Binned,-10.2,0.0,0.0024655835670369186,-0.003016446942852084,0.9964435146443515,0.9999999999999826,True,phase_cross_correlation_on_stable_channel,F,10,"{'y_start': 0, 'y_stop': 2857, 'x_start': 1172, 'x_stop': 2868}"
F10,PLD3_TMEM106B_mCherry_primary,16,488nm Binned,0.0,1172.0,0.0007461808450538437,-0.0034432215646523633,0.5913528591352859,0.999999999999973,True,phase_cross_correlation_on_stable_channel,F,10,"{'y_start': 0, 'y_stop': 2857, 'x_start': 1172, 'x_stop': 2868}"
F07,PLD3_TMEM106B_mCherry_primary,8,488nm Binned,0.0,0.0,1.0,1.0,1.0,0.0,True,reference_timepoint,F,07,"{'y_start': 0, 'y_stop': 2868, 'x_start': 788, 'x_stop': 2868}"
F07,PLD3_TMEM106B_mCherry_primary,12,488nm Binned,0.0,787.8,0.002532127263410759,-0.004758801699777413,0.7253138075313807,0.9999999999999942,True,phase_cross_correlation_on_stable_channel,F,07,"{'y_start': 0, 'y_stop': 2868, 'x_start': 788, 'x_stop': 2868}"
F07,PLD3_TMEM106B_mCherry_primary,16,488nm Binned,0.0,496.2,0.01583888646820076,-0.00418351956503123,0.8269874476987448,0.9999999999999841,True,phase_cross_correlation_on_stable_channel,F,07,"{'y_start': 0, 'y_stop': 2868, 'x_start': 788, 'x_stop': 2868}"
E18,PLD3_mCherry_reporter_control,8,488nm Binned,0.0,0.0,1.0,1.0,1.0,0.0,True,reference_timepoint,E,18,"{'y_start': 0, 'y_stop': 2868, 'x_start': 0, 'x_stop': 2596}"
E18,PLD3_mCherry_reporter_control,12,488nm Binned,0.0,-128.2,0.004791777876981562,0.005835853349172011,0.9552998605299861,0.9999999999999895,True,phase_cross_correlation_on_stable_channel,E,18,"{'y_start': 0, 'y_stop': 2868, 'x_start': 0, 'x_stop': 2596}"
E18,PLD3_mCherry_reporter_control,16,488nm Binned,0.0,-272.0,0.0009383821414914713,-0.005000598810117821,0.905160390516039,0.999999999999992,True,phase_cross_correlation_on_stable_channel,E,18,"{'y_start': 0, 'y_stop': 2868, 'x_start': 0, 'x_stop': 2596}"
F11,PLD3_TMEM106B_mCherry_primary,8,488nm Binned,0.0,0.0,1.0,1.0,1.0,0.0,True,reference_timepoint,F,11,"{'y_start': 0, 'y_stop': 2868, 'x_start': 34, 'x_stop': 1673}"
F11,PLD3_TMEM106B_mCherry_primary,12,488nm Binned,0.0,33.6,-0.0009908961486539305,-0.004569312414472937,0.9882845188284519,0.9999999999999885,True,phase_cross_correlation_on_stable_channel,F,11,"{'y_start': 0, 'y_stop': 2868, 'x_start': 34, 'x_stop': 1673}"
F11,PLD3_TMEM106B_mCherry_primary,16,488nm Binned,0.0,-1195.0,0.0011649257618095924,0.00047836136757677046,0.5833333333333334,0.9999999999999792,True,phase_cross_correlation_on_stable_channel,F,11,"{'y_start': 0, 'y_stop': 2868, 'x_start': 34, 'x_stop': 1673}"
E19,PLD3_mCherry_reporter_control,8,488nm Binned,0.0,0.0,1.0,1.0,1.0,0.0,True,reference_timepoint,E,19,"{'y_start': 0, 'y_stop': 2868, 'x_start': 376, 'x_stop': 2868}"
E19,PLD3_mCherry_reporter_control,12,488nm Binned,0.0,375.5,0.00177475961360771,-0.0021238487579467715,0.8690725244072525,0.9999999999999851,True,phase_cross_correlation_on_stable_channel,E,19,"{'y_start': 0, 'y_stop': 2868, 'x_start': 376, 'x_stop': 2868}"
E19,PLD3_mCherry_reporter_control,16,488nm Binned,0.0,239.1,0.010489009596171479,0.002324468295402799,0.9166317991631799,0.9999999999999898,True,phase_cross_correlation_on_stable_channel,E,19,"{'y_start': 0, 'y_stop': 2868, 'x_start': 376, 'x_stop': 2868}"
F12,PLD3_TMEM106B_mCherry_primary,8,488nm Binned,0.0,0.0,1.0,1.0,1.0,0.0,True,reference_timepoint,F,12,"{'y_start': 192, 'y_stop': 2868, 'x_start': 720, 'x_stop': 2868}"
F12,PLD3_TMEM106B_mCherry_primary,12,488nm Binned,0.0,719.2,-0.0034657209268900684,0.00509185028921374,0.7492329149232916,0.9999999999999714,True,phase_cross_correlation_on_stable_channel,F,12,"{'y_start': 192, 'y_stop': 2868, 'x_start': 720, 'x_stop': 2868}"
F12,PLD3_TMEM106B_mCherry_primary,16,488nm Binned,191.3,0.0,0.0023749151197420765,-0.0048113171629099874,0.9332984658298465,0.9999999999999855,True,phase_cross_correlation_on_stable_channel,F,12,"{'y_start': 192, 'y_stop': 2868, 'x_start': 720, 'x_stop': 2868}"
F09,PLD3_TMEM106B_mCherry_primary,8,488nm Binned,0.0,0.0,1.0,1.0,1.0,0.0,True,reference_timepoint,F,09,"{'y_start': 0, 'y_stop': 2830, 'x_start': 0, 'x_stop': 2683}"
F09,PLD3_TMEM106B_mCherry_primary,12,488nm Binned,0.0,-184.6,-0.0004686167229462294,-0.0023834874907773447,0.9356345885634588,0.9999999999999806,True,phase_cross_correlation_on_stable_channel,F,09,"{'y_start': 0, 'y_stop': 2830, 'x_start': 0, 'x_stop': 2683}"
F09,PLD3_TMEM106B_mCherry_primary,16,488nm Binned,-37.3,0.0,0.0009752837331747582,0.02700827947592757,0.986994421199442,0.9999999999999685,True,phase_cross_correlation_on_stable_channel,F,09,"{'y_start': 0, 'y_stop': 2830, 'x_start': 0, 'x_stop': 2683}"
F13,PLD3_TMEM106B_mCherry_primary,8,488nm Binned,0.0,0.0,1.0,1.0,1.0,0.0,True,reference_timepoint,F,13,"{'y_start': 868, 'y_stop': 2868, 'x_start': 478, 'x_stop': 2868}"
F13,PLD3_TMEM106B_mCherry_primary,12,488nm Binned,867.7,0.0,0.0011709846671047036,-0.00934741600183051,0.6974546722454672,0.9999999999999877,True,phase_cross_correlation_on_stable_channel,F,13,"{'y_start': 868, 'y_stop': 2868, 'x_start': 478, 'x_stop': 2868}"
F13,PLD3_TMEM106B_mCherry_primary,16,488nm Binned,0.0,477.9,0.011529273445748356,0.0001016848783151771,0.8333682008368201,0.9999999999999856,True,phase_cross_correlation_on_stable_channel,F,13,"{'y_start': 868, 'y_stop': 2868, 'x_start': 478, 'x_stop': 2868}"
F14,PLD3_TMEM106B_mCherry_primary,8,488nm Binned,0.0,0.0,1.0,1.0,1.0,0.0,True,reference_timepoint,F,14,"{'y_start': 33, 'y_stop': 2868, 'x_start': 0, 'x_stop': 1947}"
F14,PLD3_TMEM106B_mCherry_primary,12,488nm Binned,33.0,0.0,-0.0008313886524262087,-0.0013876018470388234,0.9884937238493724,0.9999999999999835,True,phase_cross_correlation_on_stable_channel,F,14,"{'y_start': 33, 'y_stop': 2868, 'x_start': 0, 'x_stop': 1947}"
F14,PLD3_TMEM106B_mCherry_primary,16,488nm Binned,0.0,-920.8,0.007782565362462239,-0.000881647182619871,0.6789400278940029,0.9999999999999912,True,phase_cross_correlation_on_stable_channel,F,14,"{'y_start': 33, 'y_stop': 2868, 'x_start': 0, 'x_stop': 1947}"
F20,PLD3_TMEM106B_mCherry_primary,8,488nm Binned,0.0,0.0,1.0,1.0,1.0,0.0,True,reference_timepoint,F,20,"{'y_start': 1080, 'y_stop': 2007, 'x_start': 0, 'x_stop': 2868}"
F20,PLD3_TMEM106B_mCherry_primary,12,488nm Binned,-860.4,0.0,-0.00043438204381985267,-0.006012284141415794,0.7,0.999999999999949,True,phase_cross_correlation_on_stable_channel,F,20,"{'y_start': 1080, 'y_stop': 2007, 'x_start': 0, 'x_stop': 2868}"
F20,PLD3_TMEM106B_mCherry_primary,16,488nm Binned,1079.8,0.0,0.006334499105617317,0.005350014456622322,0.6235006973500699,0.9999999999999782,True,phase_cross_correlation_on_stable_channel,F,20,"{'y_start': 1080, 'y_stop': 2007, 'x_start': 0, 'x_stop': 2868}"
F16,PLD3_TMEM106B_mCherry_primary,8,488nm Binned,0.0,0.0,1.0,1.0,1.0,0.0,True,reference_timepoint,F,16,"{'y_start': 294, 'y_stop': 2868, 'x_start': 1314, 'x_stop': 2868}"
F16,PLD3_TMEM106B_mCherry_primary,12,488nm Binned,294.0,0.0,-0.003052399681517169,-0.001274585126929257,0.897489539748954,0.9999999999999861,True,phase_cross_correlation_on_stable_channel,F,16,"{'y_start': 294, 'y_stop': 2868, 'x_start': 1314, 'x_stop': 2868}"
F16,PLD3_TMEM106B_mCherry_primary,16,488nm Binned,0.0,1313.9,0.00890612626748048,0.004601544562443557,0.5418758716875871,0.9999999999999923,True,phase_cross_correlation_on_stable_channel,F,16,"{'y_start': 294, 'y_stop': 2868, 'x_start': 1314, 'x_stop': 2868}"
G05,PLD3_only_no_mCherry,8,488nm Binned,0.0,0.0,1.0,1.0,1.0,0.0,True,reference_timepoint,G,05,"{'y_start': 0, 'y_stop': 2868, 'x_start': 0, 'x_stop': 1745}"
G05,PLD3_only_no_mCherry,12,488nm Binned,0.0,-1122.3,0.0007908266603939378,0.002120398420547464,0.6086820083682009,0.9999999999999891,True,phase_cross_correlation_on_stable_channel,G,05,"{'y_start': 0, 'y_stop': 2868, 'x_start': 0, 'x_stop': 1745}"
G05,PLD3_only_no_mCherry,16,488nm Binned,0.0,-729.9,0.019049667031533976,-0.006031825882688752,0.7455020920502092,0.9999999999999919,True,phase_cross_correlation_on_stable_channel,G,05,"{'y_start': 0, 'y_stop': 2868, 'x_start': 0, 'x_stop': 1745}"
F18,PLD3_TMEM106B_mCherry_primary,8,488nm Binned,0.0,0.0,1.0,1.0,1.0,0.0,True,reference_timepoint,F,18,"{'y_start': 0, 'y_stop': 2868, 'x_start': 1141, 'x_stop': 2868}"
F18,PLD3_TMEM106B_mCherry_primary,12,488nm Binned,0.0,742.3,0.006692123723645279,-0.00022254045903623954,0.7411785216178521,0.9999999999999916,True,phase_cross_correlation_on_stable_channel,F,18,"{'y_start': 0, 'y_stop': 2868, 'x_start': 1141, 'x_stop': 2868}"
F18,PLD3_TMEM106B_mCherry_primary,16,488nm Binned,0.0,1140.1,1.7732799882031645e-05,4.1477999568953625e-05,0.6024755927475594,0.9999999999999856,True,phase_cross_correlation_on_stable_channel,F,18,"{'y_start': 0, 'y_stop': 2868, 'x_start': 1141, 'x_stop': 2868}"
F19,PLD3_TMEM106B_mCherry_primary,8,488nm Binned,0.0,0.0,1.0,1.0,1.0,0.0,True,reference_timepoint,F,19,"{'y_start': 0, 'y_stop': 2868, 'x_start': 0, 'x_stop': 1536}"
F19,PLD3_TMEM106B_mCherry_primary,12,488nm Binned,0.0,-1331.1,0.004072675767728101,-0.002601877951524789,0.5358786610878661,0.9999999999999892,True,phase_cross_correlation_on_stable_channel,F,19,"{'y_start': 0, 'y_stop': 2868, 'x_start': 0, 'x_stop': 1536}"
F19,PLD3_TMEM106B_mCherry_primary,16,488nm Binned,0.0,-507.1,-0.0009759126116832575,0.005028720942738774,0.823186889818689,0.9999999999999796,True,phase_cross_correlation_on_stable_channel,F,19,"{'y_start': 0, 'y_stop': 2868, 'x_start': 0, 'x_stop': 1536}"
G07,PLD3_only_no_mCherry,8,488nm Binned,0.0,0.0,1.0,1.0,1.0,0.0,True,reference_timepoint,G,07,"{'y_start': 366, 'y_stop': 2868, 'x_start': 0, 'x_stop': 1915}"
G07,PLD3_only_no_mCherry,12,488nm Binned,365.5,0.0,-0.0019669629176847147,0.0022069915793277,0.8725592747559274,0.9999999999999792,True,phase_cross_correlation_on_stable_channel,G,07,"{'y_start': 366, 'y_stop': 2868, 'x_start': 0, 'x_stop': 1915}"
G07,PLD3_only_no_mCherry,16,488nm Binned,0.0,-952.7,0.013987810977762258,0.0047227614428541525,0.6678172942817293,0.9999999999999934,True,phase_cross_correlation_on_stable_channel,G,07,"{'y_start': 366, 'y_stop': 2868, 'x_start': 0, 'x_stop': 1915}"
G06,PLD3_only_no_mCherry,8,488nm Binned,0.0,0.0,1.0,1.0,1.0,0.0,True,reference_timepoint,G,06,"{'y_start': 0, 'y_stop': 2586, 'x_start': 0, 'x_stop': 2868}"
G06,PLD3_only_no_mCherry,12,488nm Binned,-281.2,0.0,-0.00322266465792512,0.0015344571038197507,0.901952580195258,0.9999999999999708,True,phase_cross_correlation_on_stable_channel,G,06,"{'y_start': 0, 'y_stop': 2586, 'x_start': 0, 'x_stop': 2868}"
G06,PLD3_only_no_mCherry,16,488nm Binned,-11.1,0.0,0.016575214927633895,0.024574765185552627,0.9961297071129708,0.9999999999999655,True,phase_cross_correlation_on_stable_channel,G,06,"{'y_start': 0, 'y_stop': 2586, 'x_start': 0, 'x_stop': 2868}"
G08,PLD3_only_no_mCherry,8,488nm Binned,0.0,0.0,1.0,1.0,1.0,0.0,True,reference_timepoint,G,08,"{'y_start': 0, 'y_stop': 2868, 'x_start': 1305, 'x_stop': 1961}"
G08,PLD3_only_no_mCherry,12,488nm Binned,0.0,-906.4,0.001650400971626961,0.006052166587822506,0.6839609483960948,0.9999999999999865,True,phase_cross_correlation_on_stable_channel,G,08,"{'y_start': 0, 'y_stop': 2868, 'x_start': 1305, 'x_stop': 1961}"
G08,PLD3_only_no_mCherry,16,488nm Binned,0.0,1304.6,0.0012744522987354176,-0.0028330313693419626,0.545118549511855,0.9999999999999827,True,phase_cross_correlation_on_stable_channel,G,08,"{'y_start': 0, 'y_stop': 2868, 'x_start': 1305, 'x_stop': 1961}"
G09,PLD3_only_no_mCherry,8,488nm Binned,0.0,0.0,1.0,1.0,1.0,0.0,True,reference_timepoint,G,09,"{'y_start': 95, 'y_stop': 1922, 'x_start': 0, 'x_stop': 2868}"
G09,PLD3_only_no_mCherry,12,488nm Binned,-945.9,0.0,-0.004146940067400437,0.0037178642436521154,0.6701882845188284,0.9999999999999805,True,phase_cross_correlation_on_stable_channel,G,09,"{'y_start': 95, 'y_stop': 1922, 'x_start': 0, 'x_stop': 2868}"
G09,PLD3_only_no_mCherry,16,488nm Binned,94.8,0.0,0.006392923718982441,-0.0012887719339811008,0.9669456066945606,0.9999999999999866,True,phase_cross_correlation_on_stable_channel,G,09,"{'y_start': 95, 'y_stop': 1922, 'x_start': 0, 'x_stop': 2868}"
G10,PLD3_only_no_mCherry,8,488nm Binned,0.0,0.0,1.0,1.0,1.0,0.0,True,reference_timepoint,G,10,"{'y_start': 0, 'y_stop': 2868, 'x_start': 986, 'x_stop': 1986}"
G10,PLD3_only_no_mCherry,12,488nm Binned,0.0,985.5,-0.000622821491067524,0.0011840412315766258,0.6563807531380753,0.9999999999999893,True,phase_cross_correlation_on_stable_channel,G,10,"{'y_start': 0, 'y_stop': 2868, 'x_start': 986, 'x_stop': 1986}"
G10,PLD3_only_no_mCherry,16,488nm Binned,0.0,-881.6,0.007611609822978309,0.012590496733351605,0.692608089260809,0.9999999999999941,True,phase_cross_correlation_on_stable_channel,G,10,"{'y_start': 0, 'y_stop': 2868, 'x_start': 986, 'x_stop': 1986}"
F15,PLD3_TMEM106B_mCherry_primary,8,488nm Binned,0.0,0.0,1.0,1.0,1.0,0.0,True,reference_timepoint,F,15,"{'y_start': 0, 'y_stop': 2868, 'x_start': 305, 'x_stop': 2852}"
F15,PLD3_TMEM106B_mCherry_primary,12,488nm Binned,0.0,305.0,0.004696311957372243,0.0024739636698626476,0.8936541143654114,0.9999999999999933,True,phase_cross_correlation_on_stable_channel,F,15,"{'y_start': 0, 'y_stop': 2868, 'x_start': 305, 'x_stop': 2852}"
F15,PLD3_TMEM106B_mCherry_primary,16,488nm Binned,0.0,-15.1,0.0026527898141179176,0.002679296531370276,0.9947350069735007,0.9999999999999856,True,phase_cross_correlation_on_stable_channel,F,15,"{'y_start': 0, 'y_stop': 2868, 'x_start': 305, 'x_stop': 2852}"
F17,PLD3_TMEM106B_mCherry_primary,8,488nm Binned,0.0,0.0,1.0,1.0,1.0,0.0,True,reference_timepoint,F,17,"{'y_start': 0, 'y_stop': 2197, 'x_start': 0, 'x_stop': 2868}"
F17,PLD3_TMEM106B_mCherry_primary,12,488nm Binned,-670.3,0.0,0.0043768639897555335,-0.0037223090181590403,0.7662831241283123,0.9999999999999718,True,phase_cross_correlation_on_stable_channel,F,17,"{'y_start': 0, 'y_stop': 2197, 'x_start': 0, 'x_stop': 2868}"
F17,PLD3_TMEM106B_mCherry_primary,16,488nm Binned,-500.5,0.0,0.0019999419087973155,-0.0052482097190259935,0.8254881450488145,0.9999999999999738,True,phase_cross_correlation_on_stable_channel,F,17,"{'y_start': 0, 'y_stop': 2197, 'x_start': 0, 'x_stop': 2868}"
G11,PLD3_only_no_mCherry,8,488nm Binned,0.0,0.0,1.0,1.0,1.0,0.0,True,reference_timepoint,G,11,"{'y_start': 18, 'y_stop': 2868, 'x_start': 1048, 'x_stop': 2868}"
G11,PLD3_only_no_mCherry,12,488nm Binned,0.0,1047.6,0.0038247312600261964,0.0034460499126681625,0.6347280334728034,0.9999999999999766,True,phase_cross_correlation_on_stable_channel,G,11,"{'y_start': 18, 'y_stop': 2868, 'x_start': 1048, 'x_stop': 2868}"
G11,PLD3_only_no_mCherry,16,488nm Binned,17.8,0.0,0.0018328118543594854,0.002232430158671397,0.9937935843793584,0.9999999999999868,True,phase_cross_correlation_on_stable_channel,G,11,"{'y_start': 18, 'y_stop': 2868, 'x_start': 1048, 'x_stop': 2868}"
G13,PLD3_only_no_mCherry,8,488nm Binned,0.0,0.0,1.0,1.0,1.0,0.0,True,reference_timepoint,G,13,"{'y_start': 0, 'y_stop': 2168, 'x_start': 236, 'x_stop': 2868}"
G13,PLD3_only_no_mCherry,12,488nm Binned,0.0,235.8,-0.00438139266260596,-0.006166501097390986,0.9177824267782426,0.9999999999999916,True,phase_cross_correlation_on_stable_channel,G,13,"{'y_start': 0, 'y_stop': 2168, 'x_start': 236, 'x_stop': 2868}"
G13,PLD3_only_no_mCherry,16,488nm Binned,-699.2,0.0,0.002111755051496578,-0.003140248557587177,0.7562064156206416,0.9999999999999912,True,phase_cross_correlation_on_stable_channel,G,13,"{'y_start': 0, 'y_stop': 2168, 'x_start': 236, 'x_stop': 2868}"
G12,PLD3_only_no_mCherry,8,488nm Binned,0.0,0.0,1.0,1.0,1.0,0.0,True,reference_timepoint,G,12,"{'y_start': 0, 'y_stop': 2868, 'x_start': 0, 'x_stop': 2024}"
G12,PLD3_only_no_mCherry,12,488nm Binned,0.0,-347.1,0.001483007317602135,0.003186727707738477,0.8789748953974895,0.9999999999999944,True,phase_cross_correlation_on_stable_channel,G,12,"{'y_start': 0, 'y_stop': 2868, 'x_start': 0, 'x_stop': 2024}"
G12,PLD3_only_no_mCherry,16,488nm Binned,0.0,-843.5,0.006964568559280526,0.0021525696205868935,0.7058926080892608,0.9999999999999933,True,phase_cross_correlation_on_stable_channel,G,12,"{'y_start': 0, 'y_stop': 2868, 'x_start': 0, 'x_stop': 2024}"
G14,PLD3_only_no_mCherry,8,488nm Binned,0.0,0.0,1.0,1.0,1.0,0.0,True,reference_timepoint,G,14,"{'y_start': 0, 'y_stop': 2807, 'x_start': 0, 'x_stop': 1756}"
G14,PLD3_only_no_mCherry,12,488nm Binned,0.0,-1112.0,0.0022027024976570644,0.009177520453861162,0.6122733612273361,0.9999999999999877,True,phase_cross_correlation_on_stable_channel,G,14,"{'y_start': 0, 'y_stop': 2807, 'x_start': 0, 'x_stop': 1756}"
G14,PLD3_only_no_mCherry,16,488nm Binned,-60.9,0.0,0.006148016902259874,0.015094723060291462,0.978765690376569,0.999999999999986,True,phase_cross_correlation_on_stable_channel,G,14,"{'y_start': 0, 'y_stop': 2807, 'x_start': 0, 'x_stop': 1756}"
G15,PLD3_only_no_mCherry,8,488nm Binned,0.0,0.0,1.0,1.0,1.0,0.0,True,reference_timepoint,G,15,"{'y_start': 0, 'y_stop': 2868, 'x_start': 449, 'x_stop': 2192}"
G15,PLD3_only_no_mCherry,12,488nm Binned,0.0,-675.4,-0.0005831252346521257,0.003208487889224462,0.7645048814504881,0.9999999999999861,True,phase_cross_correlation_on_stable_channel,G,15,"{'y_start': 0, 'y_stop': 2868, 'x_start': 449, 'x_stop': 2192}"
G15,PLD3_only_no_mCherry,16,488nm Binned,0.0,448.1,0.009520801696021843,-0.009087548083736496,0.8437587168758717,0.9999999999999825,True,phase_cross_correlation_on_stable_channel,G,15,"{'y_start': 0, 'y_stop': 2868, 'x_start': 449, 'x_stop': 2192}"
G16,PLD3_only_no_mCherry,8,488nm Binned,0.0,0.0,1.0,1.0,1.0,0.0,True,reference_timepoint,G,16,"{'y_start': 0, 'y_stop': 1903, 'x_start': 0, 'x_stop': 2868}"
G16,PLD3_only_no_mCherry,12,488nm Binned,-0.2,0.0,0.004954526196875635,0.005076395126472406,0.9999302649930265,0.9999999999999838,True,phase_cross_correlation_on_stable_channel,G,16,"{'y_start': 0, 'y_stop': 1903, 'x_start': 0, 'x_stop': 2868}"
G16,PLD3_only_no_mCherry,16,488nm Binned,-964.8,0.0,0.002096896808016984,0.003460822333937645,0.6635983263598327,0.9999999999999818,True,phase_cross_correlation_on_stable_channel,G,16,"{'y_start': 0, 'y_stop': 1903, 'x_start': 0, 'x_stop': 2868}"
G17,PLD3_only_no_mCherry,8,488nm Binned,0.0,0.0,1.0,1.0,1.0,0.0,True,reference_timepoint,G,17,"{'y_start': 0, 'y_stop': 1775, 'x_start': 170, 'x_stop': 2868}"
G17,PLD3_only_no_mCherry,12,488nm Binned,-1092.9,0.0,0.005819140311226188,-0.010645231260528059,0.6189330543933054,0.9999999999999791,True,phase_cross_correlation_on_stable_channel,G,17,"{'y_start': 0, 'y_stop': 1775, 'x_start': 170, 'x_stop': 2868}"
G17,PLD3_only_no_mCherry,16,488nm Binned,0.0,170.0,0.010385430616708219,0.001259904534020235,0.9407252440725244,0.9999999999999916,True,phase_cross_correlation_on_stable_channel,G,17,"{'y_start': 0, 'y_stop': 1775, 'x_start': 170, 'x_stop': 2868}"
G18,PLD3_only_no_mCherry,8,488nm Binned,0.0,0.0,1.0,1.0,1.0,0.0,True,reference_timepoint,G,18,"{'y_start': 1377, 'y_stop': 2731, 'x_start': 0, 'x_stop': 2868}"
G18,PLD3_only_no_mCherry,12,488nm Binned,1376.9,0.0,0.0022343548300370135,-0.009361009855179233,0.5199093444909344,0.999999999999992,True,phase_cross_correlation_on_stable_channel,G,18,"{'y_start': 1377, 'y_stop': 2731, 'x_start': 0, 'x_stop': 2868}"
G18,PLD3_only_no_mCherry,16,488nm Binned,-136.9,0.0,0.0009063893874159665,-0.0014204890221549845,0.9522663877266387,0.999999999999985,True,phase_cross_correlation_on_stable_channel,G,18,"{'y_start': 1377, 'y_stop': 2731, 'x_start': 0, 'x_stop': 2868}"
G19,PLD3_only_no_mCherry,8,488nm Binned,0.0,0.0,1.0,1.0,1.0,0.0,True,reference_timepoint,G,19,"{'y_start': 0, 'y_stop': 1783, 'x_start': 1240, 'x_stop': 2868}"
G19,PLD3_only_no_mCherry,12,488nm Binned,-1084.2,0.0,0.0017965895063692806,0.0062867312626962045,0.6219665271966527,0.9999999999999809,True,phase_cross_correlation_on_stable_channel,G,19,"{'y_start': 0, 'y_stop': 1783, 'x_start': 1240, 'x_stop': 2868}"
G19,PLD3_only_no_mCherry,16,488nm Binned,0.0,1239.5,0.00334499704092227,0.008699897231425693,0.5678172942817294,0.9999999999999858,True,phase_cross_correlation_on_stable_channel,G,19,"{'y_start': 0, 'y_stop': 1783, 'x_start': 1240, 'x_stop': 2868}"
G20,PLD3_only_no_mCherry,8,488nm Binned,0.0,0.0,1.0,1.0,1.0,0.0,True,reference_timepoint,G,20,"{'y_start': 0, 'y_stop': 2132, 'x_start': 0, 'x_stop': 2667}"
G20,PLD3_only_no_mCherry,12,488nm Binned,0.0,-200.2,0.014935261913174593,0.011881795037844959,0.9301952580195259,0.99999999999999,True,phase_cross_correlation_on_stable_channel,G,20,"{'y_start': 0, 'y_stop': 2132, 'x_start': 0, 'x_stop': 2667}"
G20,PLD3_only_no_mCherry,16,488nm Binned,-735.1,0.0,0.01090934960020227,0.006011128814485517,0.7436889818688982,0.9999999999999687,True,phase_cross_correlation_on_stable_channel,G,20,"{'y_start': 0, 'y_stop': 2132, 'x_start': 0, 'x_stop': 2667}"
H06,PLD3_TMEM106B_no_mCherry,8,488nm Binned,0.0,0.0,1.0,1.0,1.0,0.0,True,reference_timepoint,H,06,"{'y_start': 0, 'y_stop': 1985, 'x_start': 1297, 'x_stop': 2868}"
H06,PLD3_TMEM106B_no_mCherry,12,488nm Binned,-883.0,0.0,0.0016978365879413387,0.007884273870290543,0.6921199442119944,0.9999999999999821,True,phase_cross_correlation_on_stable_channel,H,06,"{'y_start': 0, 'y_stop': 1985, 'x_start': 1297, 'x_stop': 2868}"
H06,PLD3_TMEM106B_no_mCherry,16,488nm Binned,0.0,1296.3,0.013173250829365372,-0.005391968814361529,0.5480125523012553,0.9999999999999809,True,phase_cross_correlation_on_stable_channel,H,06,"{'y_start': 0, 'y_stop': 1985, 'x_start': 1297, 'x_stop': 2868}"
H05,PLD3_TMEM106B_no_mCherry,8,488nm Binned,0.0,0.0,1.0,1.0,1.0,0.0,True,reference_timepoint,H,05,"{'y_start': 58, 'y_stop': 2868, 'x_start': 0, 'x_stop': 2865}"
H05,PLD3_TMEM106B_no_mCherry,12,488nm Binned,58.0,0.0,0.006964471255069925,0.0028108025340591743,0.9797768479776848,0.9999999999999879,True,phase_cross_correlation_on_stable_channel,H,05,"{'y_start': 58, 'y_stop': 2868, 'x_start': 0, 'x_stop': 2865}"
H05,PLD3_TMEM106B_no_mCherry,16,488nm Binned,0.0,-2.2,0.01833030847427731,0.019720962963749956,0.9992329149232916,0.9999999999999837,True,phase_cross_correlation_on_stable_channel,H,05,"{'y_start': 58, 'y_stop': 2868, 'x_start': 0, 'x_stop': 2865}"
H08,PLD3_TMEM106B_no_mCherry,8,488nm Binned,0.0,0.0,1.0,1.0,1.0,0.0,True,reference_timepoint,H,08,"{'y_start': 0, 'y_stop': 1677, 'x_start': 0, 'x_stop': 1889}"
H08,PLD3_TMEM106B_no_mCherry,12,488nm Binned,-1190.4,0.0,0.005793258274019516,0.0074605184775813,0.5849372384937238,0.9999999999999866,True,phase_cross_correlation_on_stable_channel,H,08,"{'y_start': 0, 'y_stop': 1677, 'x_start': 0, 'x_stop': 1889}"
H08,PLD3_TMEM106B_no_mCherry,16,488nm Binned,0.0,-978.3,0.016127224286374,-0.0025371775864994808,0.6588912133891214,0.9999999999999934,True,phase_cross_correlation_on_stable_channel,H,08,"{'y_start': 0, 'y_stop': 1677, 'x_start': 0, 'x_stop': 1889}"
H07,PLD3_TMEM106B_no_mCherry,8,488nm Binned,0.0,0.0,1.0,1.0,1.0,0.0,True,reference_timepoint,H,07,"{'y_start': 204, 'y_stop': 2834, 'x_start': 0, 'x_stop': 2868}"
H07,PLD3_TMEM106B_no_mCherry,12,488nm Binned,-34.0,0.0,0.0008234715414053257,0.0034004482888817227,0.9881450488145049,0.9999999999999892,True,phase_cross_correlation_on_stable_channel,H,07,"{'y_start': 204, 'y_stop': 2834, 'x_start': 0, 'x_stop': 2868}"
H07,PLD3_TMEM106B_no_mCherry,16,488nm Binned,203.8,0.0,0.015695098822968937,0.006336159870117833,0.9289400278940028,0.9999999999999831,True,phase_cross_correlation_on_stable_channel,H,07,"{'y_start': 204, 'y_stop': 2834, 'x_start': 0, 'x_stop': 2868}"
H09,PLD3_TMEM106B_no_mCherry,8,488nm Binned,0.0,0.0,1.0,1.0,1.0,0.0,True,reference_timepoint,H,09,"{'y_start': 288, 'y_stop': 2868, 'x_start': 0, 'x_stop': 2868}"
H09,PLD3_TMEM106B_no_mCherry,12,488nm Binned,288.0,0.0,-0.0009759337060211287,-0.00656448807814666,0.899581589958159,0.9999999999999838,True,phase_cross_correlation_on_stable_channel,H,09,"{'y_start': 288, 'y_stop': 2868, 'x_start': 0, 'x_stop': 2868}"
H09,PLD3_TMEM106B_no_mCherry,16,488nm Binned,282.8,0.0,0.01855847873300994,-0.0024061449452540086,0.90139470013947,0.9999999999999905,True,phase_cross_correlation_on_stable_channel,H,09,"{'y_start': 288, 'y_stop': 2868, 'x_start': 0, 'x_stop': 2868}"
H10,PLD3_TMEM106B_no_mCherry,8,488nm Binned,0.0,0.0,1.0,1.0,1.0,0.0,True,reference_timepoint,H,10,"{'y_start': 206, 'y_stop': 2443, 'x_start': 0, 'x_stop': 2868}"
H10,PLD3_TMEM106B_no_mCherry,12,488nm Binned,-424.3,0.0,0.012277625210380097,0.0003553186290827518,0.8520571827057182,0.9999999999999775,True,phase_cross_correlation_on_stable_channel,H,10,"{'y_start': 206, 'y_stop': 2443, 'x_start': 0, 'x_stop': 2868}"
H10,PLD3_TMEM106B_no_mCherry,16,488nm Binned,206.0,0.0,0.00509813526063655,-0.0011057109364350898,0.9281729428172942,0.9999999999999897,True,phase_cross_correlation_on_stable_channel,H,10,"{'y_start': 206, 'y_stop': 2443, 'x_start': 0, 'x_stop': 2868}"
H12,PLD3_TMEM106B_no_mCherry,8,488nm Binned,0.0,0.0,1.0,1.0,1.0,0.0,True,reference_timepoint,H,12,"{'y_start': 0, 'y_stop': 2868, 'x_start': 350, 'x_stop': 1718}"
H12,PLD3_TMEM106B_no_mCherry,12,488nm Binned,0.0,350.0,0.00227474786093185,-0.0003737540234884589,0.8779637377963738,0.9999999999999968,True,phase_cross_correlation_on_stable_channel,H,12,"{'y_start': 0, 'y_stop': 2868, 'x_start': 350, 'x_stop': 1718}"
H12,PLD3_TMEM106B_no_mCherry,16,488nm Binned,0.0,-1149.1,0.011345614416867603,-0.004763052215086965,0.5993375174337517,0.9999999999999848,True,phase_cross_correlation_on_stable_channel,H,12,"{'y_start': 0, 'y_stop': 2868, 'x_start': 350, 'x_stop': 1718}"
H11,PLD3_TMEM106B_no_mCherry,8,488nm Binned,0.0,0.0,1.0,1.0,1.0,0.0,True,reference_timepoint,H,11,"{'y_start': 0, 'y_stop': 2868, 'x_start': 1, 'x_stop': 2703}"
H11,PLD3_TMEM106B_no_mCherry,12,488nm Binned,0.0,-165.0,0.001634840147366371,-0.006724862302296201,0.9424686192468619,0.9999999999999882,True,phase_cross_correlation_on_stable_channel,H,11,"{'y_start': 0, 'y_stop': 2868, 'x_start': 1, 'x_stop': 2703}"
H11,PLD3_TMEM106B_no_mCherry,16,488nm Binned,0.0,0.1,0.0038410546331601437,0.003896474618822683,0.9999651324965133,0.9999999999999962,True,phase_cross_correlation_on_stable_channel,H,11,"{'y_start': 0, 'y_stop': 2868, 'x_start': 1, 'x_stop': 2703}"
H14,PLD3_TMEM106B_no_mCherry,8,488nm Binned,0.0,0.0,1.0,1.0,1.0,0.0,True,reference_timepoint,H,14,"{'y_start': 627, 'y_stop': 2868, 'x_start': 776, 'x_stop': 2868}"
H14,PLD3_TMEM106B_no_mCherry,12,488nm Binned,626.7,0.0,0.011246954844011744,-0.00821325361481659,0.7814853556485356,0.9999999999999697,True,phase_cross_correlation_on_stable_channel,H,14,"{'y_start': 627, 'y_stop': 2868, 'x_start': 776, 'x_stop': 2868}"
H14,PLD3_TMEM106B_no_mCherry,16,488nm Binned,0.0,775.6,0.013798749824864988,0.001535115959626132,0.7295676429567644,0.9999999999999777,True,phase_cross_correlation_on_stable_channel,H,14,"{'y_start': 627, 'y_stop': 2868, 'x_start': 776, 'x_stop': 2868}"
H13,PLD3_TMEM106B_no_mCherry,8,488nm Binned,0.0,0.0,1.0,1.0,1.0,0.0,True,reference_timepoint,H,13,"{'y_start': 0, 'y_stop': 2868, 'x_start': 160, 'x_stop': 2868}"
H13,PLD3_TMEM106B_no_mCherry,12,488nm Binned,0.0,0.0,0.00313276047087654,0.00313276047087654,1.0,0.9999999999999875,True,phase_cross_correlation_on_stable_channel,H,13,"{'y_start': 0, 'y_stop': 2868, 'x_start': 160, 'x_stop': 2868}"
H13,PLD3_TMEM106B_no_mCherry,16,488nm Binned,0.0,159.1,0.0003696049481691825,0.003838863056209964,0.9445258019525802,0.9999999999999902,True,phase_cross_correlation_on_stable_channel,H,13,"{'y_start': 0, 'y_stop': 2868, 'x_start': 160, 'x_stop': 2868}"
H15,PLD3_TMEM106B_no_mCherry,8,488nm Binned,0.0,0.0,1.0,1.0,1.0,0.0,True,reference_timepoint,H,15,"{'y_start': 0, 'y_stop': 2868, 'x_start': 0, 'x_stop': 1710}"
H15,PLD3_TMEM106B_no_mCherry,12,488nm Binned,0.0,-56.8,0.004012247049897349,-0.003190461803581089,0.9801952580195258,0.9999999999999827,True,phase_cross_correlation_on_stable_channel,H,15,"{'y_start': 0, 'y_stop': 2868, 'x_start': 0, 'x_stop': 1710}"
H15,PLD3_TMEM106B_no_mCherry,16,488nm Binned,0.0,-1157.3,0.010332924699317299,0.005451638178109975,0.5964783821478383,0.9999999999999671,True,phase_cross_correlation_on_stable_channel,H,15,"{'y_start': 0, 'y_stop': 2868, 'x_start': 0, 'x_stop': 1710}"
H17,PLD3_TMEM106B_no_mCherry,8,488nm Binned,0.0,0.0,1.0,1.0,1.0,0.0,True,reference_timepoint,H,17,"{'y_start': 0, 'y_stop': 2868, 'x_start': 0, 'x_stop': 2271}"
H17,PLD3_TMEM106B_no_mCherry,12,488nm Binned,0.0,-579.3,-0.000980116983297443,-0.00036654179374271756,0.7980125523012552,0.9999999999999869,True,phase_cross_correlation_on_stable_channel,H,17,"{'y_start': 0, 'y_stop': 2868, 'x_start': 0, 'x_stop': 2271}"
H17,PLD3_TMEM106B_no_mCherry,16,488nm Binned,0.0,-596.5,0.0049912813217975,-0.006371030588076307,0.7920153417015342,0.999999999999992,True,phase_cross_correlation_on_stable_channel,H,17,"{'y_start': 0, 'y_stop': 2868, 'x_start': 0, 'x_stop': 2271}"
H16,PLD3_TMEM106B_no_mCherry,8,488nm Binned,0.0,0.0,1.0,1.0,1.0,0.0,True,reference_timepoint,H,16,"{'y_start': 0, 'y_stop': 2330, 'x_start': 0, 'x_stop': 2868}"
H16,PLD3_TMEM106B_no_mCherry,12,488nm Binned,-208.5,0.0,-0.0023258809628039657,0.0011835381970720176,0.9273012552301255,0.9999999999999747,True,phase_cross_correlation_on_stable_channel,H,16,"{'y_start': 0, 'y_stop': 2330, 'x_start': 0, 'x_stop': 2868}"
H16,PLD3_TMEM106B_no_mCherry,16,488nm Binned,-537.3,0.0,0.004106920482594685,0.007662307773603401,0.8126569037656903,0.9999999999999755,True,phase_cross_correlation_on_stable_channel,H,16,"{'y_start': 0, 'y_stop': 2330, 'x_start': 0, 'x_stop': 2868}"
H19,PLD3_TMEM106B_no_mCherry,8,488nm Binned,0.0,0.0,1.0,1.0,1.0,0.0,True,reference_timepoint,H,19,"{'y_start': 0, 'y_stop': 1635, 'x_start': 0, 'x_stop': 2868}"
H19,PLD3_TMEM106B_no_mCherry,12,488nm Binned,-1232.9,0.0,-0.003271995005218866,0.0018468279477434886,0.5701185495118549,0.99999999999998,True,phase_cross_correlation_on_stable_channel,H,19,"{'y_start': 0, 'y_stop': 1635, 'x_start': 0, 'x_stop': 2868}"
H19,PLD3_TMEM106B_no_mCherry,16,488nm Binned,-846.3,0.0,0.0018024674330307782,0.005091022432361621,0.7049163179916319,0.9999999999999553,True,phase_cross_correlation_on_stable_channel,H,19,"{'y_start': 0, 'y_stop': 1635, 'x_start': 0, 'x_stop': 2868}"
H18,PLD3_TMEM106B_no_mCherry,8,488nm Binned,0.0,0.0,1.0,1.0,1.0,0.0,True,reference_timepoint,H,18,"{'y_start': 344, 'y_stop': 2868, 'x_start': 0, 'x_stop': 2375}"
H18,PLD3_TMEM106B_no_mCherry,12,488nm Binned,0.0,-493.0,0.009442269795292441,-0.0019927960161652087,0.8281032078103208,0.9999999999999863,True,phase_cross_correlation_on_stable_channel,H,18,"{'y_start': 344, 'y_stop': 2868, 'x_start': 0, 'x_stop': 2375}"
H18,PLD3_TMEM106B_no_mCherry,16,488nm Binned,344.0,0.0,0.008902536503446957,0.0014957587487712848,0.8800557880055788,0.9999999999999792,True,phase_cross_correlation_on_stable_channel,H,18,"{'y_start': 344, 'y_stop': 2868, 'x_start': 0, 'x_stop': 2375}"
H20,PLD3_TMEM106B_no_mCherry,8,488nm Binned,0.0,0.0,1.0,1.0,1.0,0.0,True,reference_timepoint,H,20,"{'y_start': 0, 'y_stop': 2868, 'x_start': 701, 'x_stop': 1746}"
H20,PLD3_TMEM106B_no_mCherry,12,488nm Binned,0.0,700.8,-0.002460291990441875,0.008800478989939482,0.7556485355648536,0.9999999999999929,True,phase_cross_correlation_on_stable_channel,H,20,"{'y_start': 0, 'y_stop': 2868, 'x_start': 701, 'x_stop': 1746}"
H20,PLD3_TMEM106B_no_mCherry,16,488nm Binned,0.0,-1121.7,0.00146916208949704,0.003882983994646978,0.6088912133891212,0.9999999999999942,True,phase_cross_correlation_on_stable_channel,H,20,"{'y_start': 0, 'y_stop': 2868, 'x_start': 701, 'x_stop': 1746}"
I12,PLD3_mCherry_reporter_control,8,488nm Binned,0.0,0.0,1.0,1.0,1.0,0.0,True,reference_timepoint,I,12,"{'y_start': 0, 'y_stop': 2868, 'x_start': 991, 'x_stop': 1464}"
I12,PLD3_mCherry_reporter_control,12,488nm Binned,0.0,-1403.9,0.004157350734631547,0.0032175717431518983,0.5104951185495118,0.9999999999999876,True,phase_cross_correlation_on_stable_channel,I,12,"{'y_start': 0, 'y_stop': 2868, 'x_start': 991, 'x_stop': 1464}"
I12,PLD3_mCherry_reporter_control,16,488nm Binned,0.0,990.5,0.011350248873254998,-0.001432391370331241,0.6546373779637378,0.9999999999999799,True,phase_cross_correlation_on_stable_channel,I,12,"{'y_start': 0, 'y_stop': 2868, 'x_start': 991, 'x_stop': 1464}"
I05,PLD3_mCherry_reporter_control,8,488nm Binned,0.0,0.0,1.0,1.0,1.0,0.0,True,reference_timepoint,I,05,"{'y_start': 1090, 'y_stop': 2321, 'x_start': 0, 'x_stop': 2868}"
I05,PLD3_mCherry_reporter_control,12,488nm Binned,-546.3,0.0,-0.0008895264792627005,0.0042000148161969245,0.8095188284518828,0.999999999999979,True,phase_cross_correlation_on_stable_channel,I,05,"{'y_start': 1090, 'y_stop': 2321, 'x_start': 0, 'x_stop': 2868}"
I05,PLD3_mCherry_reporter_control,16,488nm Binned,1089.5,0.0,0.01425318724450998,-0.0037562215862423165,0.620118549511855,0.9999999999999812,True,phase_cross_correlation_on_stable_channel,I,05,"{'y_start': 1090, 'y_stop': 2321, 'x_start': 0, 'x_stop': 2868}"
I06,PLD3_mCherry_reporter_control,8,488nm Binned,0.0,0.0,1.0,1.0,1.0,0.0,True,reference_timepoint,I,06,"{'y_start': 37, 'y_stop': 2868, 'x_start': 0, 'x_stop': 1937}"
I06,PLD3_mCherry_reporter_control,12,488nm Binned,36.6,0.0,0.00384920871139102,0.0004606859933390482,0.9872384937238494,0.9999999999999818,True,phase_cross_correlation_on_stable_channel,I,06,"{'y_start': 37, 'y_stop': 2868, 'x_start': 0, 'x_stop': 1937}"
I06,PLD3_mCherry_reporter_control,16,488nm Binned,0.0,-930.2,0.017057353011227072,-0.002343486005149,0.6756624825662482,0.9999999999999915,True,phase_cross_correlation_on_stable_channel,I,06,"{'y_start': 37, 'y_stop': 2868, 'x_start': 0, 'x_stop': 1937}"
I07,PLD3_mCherry_reporter_control,8,488nm Binned,0.0,0.0,1.0,1.0,1.0,0.0,True,reference_timepoint,I,07,"{'y_start': 0, 'y_stop': 2868, 'x_start': 531, 'x_stop': 2609}"
I07,PLD3_mCherry_reporter_control,12,488nm Binned,0.0,-258.8,0.014526460764880645,-0.003467851149679177,0.9097629009762901,0.9999999999999915,True,phase_cross_correlation_on_stable_channel,I,07,"{'y_start': 0, 'y_stop': 2868, 'x_start': 531, 'x_stop': 2609}"
I07,PLD3_mCherry_reporter_control,16,488nm Binned,0.0,530.6,0.012576617485599519,0.008133878693898974,0.8149930264993027,0.999999999999993,True,phase_cross_correlation_on_stable_channel,I,07,"{'y_start': 0, 'y_stop': 2868, 'x_start': 531, 'x_stop': 2609}"
I08,PLD3_mCherry_reporter_control,8,488nm Binned,0.0,0.0,1.0,1.0,1.0,0.0,True,reference_timepoint,I,08,"{'y_start': 616, 'y_stop': 2868, 'x_start': 0, 'x_stop': 2868}"
I08,PLD3_mCherry_reporter_control,12,488nm Binned,615.6,0.0,0.010032487585704561,-0.005691702402129758,0.7853556485355648,0.9999999999999782,True,phase_cross_correlation_on_stable_channel,I,08,"{'y_start': 616, 'y_stop': 2868, 'x_start': 0, 'x_stop': 2868}"
I08,PLD3_mCherry_reporter_control,16,488nm Binned,524.5,0.0,0.015468086418717004,-0.0051501435521253,0.8171199442119944,0.999999999999989,True,phase_cross_correlation_on_stable_channel,I,08,"{'y_start': 616, 'y_stop': 2868, 'x_start': 0, 'x_stop': 2868}"
I11,PLD3_mCherry_reporter_control,8,488nm Binned,0.0,0.0,1.0,1.0,1.0,0.0,True,reference_timepoint,I,11,"{'y_start': 0, 'y_stop': 2630, 'x_start': 0, 'x_stop': 2552}"
I11,PLD3_mCherry_reporter_control,12,488nm Binned,0.0,-315.4,-0.0004667336763834384,0.0035125147547724945,0.8900278940027894,0.9999999999999922,True,phase_cross_correlation_on_stable_channel,I,11,"{'y_start': 0, 'y_stop': 2630, 'x_start': 0, 'x_stop': 2552}"
I11,PLD3_mCherry_reporter_control,16,488nm Binned,-237.6,0.0,0.012303663171186665,-0.0008707347791867802,0.9171548117154812,0.9999999999999638,True,phase_cross_correlation_on_stable_channel,I,11,"{'y_start': 0, 'y_stop': 2630, 'x_start': 0, 'x_stop': 2552}"
I10,PLD3_mCherry_reporter_control,8,488nm Binned,0.0,0.0,1.0,1.0,1.0,0.0,True,reference_timepoint,I,10,"{'y_start': 0, 'y_stop': 2868, 'x_start': 510, 'x_stop': 2792}"
I10,PLD3_mCherry_reporter_control,12,488nm Binned,0.0,509.9,0.004410718695254086,0.007997582936575924,0.8222105997210599,0.9999999999999859,True,phase_cross_correlation_on_stable_channel,I,10,"{'y_start': 0, 'y_stop': 2868, 'x_start': 510, 'x_stop': 2792}"
I10,PLD3_mCherry_reporter_control,16,488nm Binned,0.0,-75.1,0.007459609715876379,0.01209642976825692,0.9738145048814505,0.9999999999999806,True,phase_cross_correlation_on_stable_channel,I,10,"{'y_start': 0, 'y_stop': 2868, 'x_start': 510, 'x_stop': 2792}"
I09,PLD3_mCherry_reporter_control,8,488nm Binned,0.0,0.0,1.0,1.0,1.0,0.0,True,reference_timepoint,I,09,"{'y_start': 0, 'y_stop': 2868, 'x_start': 122, 'x_stop': 2752}"
I09,PLD3_mCherry_reporter_control,12,488nm Binned,0.0,121.3,-0.0025483156507614254,0.0015521413924196711,0.9577057182705718,0.9999999999999929,True,phase_cross_correlation_on_stable_channel,I,09,"{'y_start': 0, 'y_stop': 2868, 'x_start': 122, 'x_stop': 2752}"
I09,PLD3_mCherry_reporter_control,16,488nm Binned,0.0,-115.3,0.01396488377831608,-0.0011178109067504548,0.9597977684797768,0.999999999999989,True,phase_cross_correlation_on_stable_channel,I,09,"{'y_start': 0, 'y_stop': 2868, 'x_start': 122, 'x_stop': 2752}"
I16,PLD3_mCherry_reporter_control,8,488nm Binned,0.0,0.0,1.0,1.0,1.0,0.0,True,reference_timepoint,I,16,"{'y_start': 216, 'y_stop': 1908, 'x_start': 0, 'x_stop': 2868}"
I16,PLD3_mCherry_reporter_control,12,488nm Binned,-960.0,0.0,0.002665638560794783,0.0184726210997879,0.6652719665271967,0.9999999999999748,True,phase_cross_correlation_on_stable_channel,I,16,"{'y_start': 216, 'y_stop': 1908, 'x_start': 0, 'x_stop': 2868}"
I16,PLD3_mCherry_reporter_control,16,488nm Binned,215.1,0.0,0.011515364179741612,-0.003730854259254398,0.925,0.9999999999999534,True,phase_cross_correlation_on_stable_channel,I,16,"{'y_start': 216, 'y_stop': 1908, 'x_start': 0, 'x_stop': 2868}"
I14,PLD3_mCherry_reporter_control,8,488nm Binned,0.0,0.0,1.0,1.0,1.0,0.0,True,reference_timepoint,I,14,"{'y_start': 481, 'y_stop': 2868, 'x_start': 0, 'x_stop': 2868}"
I14,PLD3_mCherry_reporter_control,12,488nm Binned,480.4,0.0,-0.002310669543593475,0.0039632495794149685,0.8324965132496513,0.9999999999999809,True,phase_cross_correlation_on_stable_channel,I,14,"{'y_start': 481, 'y_stop': 2868, 'x_start': 0, 'x_stop': 2868}"
I14,PLD3_mCherry_reporter_control,16,488nm Binned,107.6,0.0,0.00768115588970602,0.0048021526903792135,0.9624825662482567,0.9999999999999367,True,phase_cross_correlation_on_stable_channel,I,14,"{'y_start': 481, 'y_stop': 2868, 'x_start': 0, 'x_stop': 2868}"
I18,PLD3_mCherry_reporter_control,8,488nm Binned,0.0,0.0,1.0,1.0,1.0,0.0,True,reference_timepoint,I,18,"{'y_start': 0, 'y_stop': 2868, 'x_start': 757, 'x_stop': 1543}"
I18,PLD3_mCherry_reporter_control,12,488nm Binned,0.0,756.4,0.0034957371765162288,0.004338842764484123,0.7362622036262203,0.9999999999999862,True,phase_cross_correlation_on_stable_channel,I,18,"{'y_start': 0, 'y_stop': 2868, 'x_start': 757, 'x_stop': 1543}"
I18,PLD3_mCherry_reporter_control,16,488nm Binned,0.0,-1325.0,0.004926783096517463,0.007134240238945728,0.5380055788005579,0.9999999999999467,True,phase_cross_correlation_on_stable_channel,I,18,"{'y_start': 0, 'y_stop': 2868, 'x_start': 757, 'x_stop': 1543}"
I13,PLD3_mCherry_reporter_control,8,488nm Binned,0.0,0.0,1.0,1.0,1.0,0.0,True,reference_timepoint,I,13,"{'y_start': 155, 'y_stop': 2868, 'x_start': 0, 'x_stop': 2428}"
I13,PLD3_mCherry_reporter_control,12,488nm Binned,154.8,0.0,0.0021841116781434653,0.0029346817061368415,0.9460251046025104,0.9999999999999853,True,phase_cross_correlation_on_stable_channel,I,13,"{'y_start': 155, 'y_stop': 2868, 'x_start': 0, 'x_stop': 2428}"
I13,PLD3_mCherry_reporter_control,16,488nm Binned,0.0,-439.1,0.009744308312956149,-0.00046945458492442504,0.8468967921896793,0.9999999999999899,True,phase_cross_correlation_on_stable_channel,I,13,"{'y_start': 155, 'y_stop': 2868, 'x_start': 0, 'x_stop': 2428}"
I17,PLD3_mCherry_reporter_control,8,488nm Binned,0.0,0.0,1.0,1.0,1.0,0.0,True,reference_timepoint,I,17,"{'y_start': 0, 'y_stop': 2054, 'x_start': 329, 'x_stop': 2868}"
I17,PLD3_mCherry_reporter_control,12,488nm Binned,0.0,328.3,-0.00745894634461937,-0.0015499515788601234,0.8855299860529986,0.9999999999999885,True,phase_cross_correlation_on_stable_channel,I,17,"{'y_start': 0, 'y_stop': 2054, 'x_start': 329, 'x_stop': 2868}"
I17,PLD3_mCherry_reporter_control,16,488nm Binned,-813.3,0.0,-4.605246234992745e-05,-0.0023139186567240904,0.7164225941422594,0.9999999999999789,True,phase_cross_correlation_on_stable_channel,I,17,"{'y_start': 0, 'y_stop': 2054, 'x_start': 329, 'x_stop': 2868}"
I19,PLD3_mCherry_reporter_control,8,488nm Binned,0.0,0.0,1.0,1.0,1.0,0.0,True,reference_timepoint,I,19,"{'y_start': 0, 'y_stop': 2123, 'x_start': 67, 'x_stop': 2868}"
I19,PLD3_mCherry_reporter_control,12,488nm Binned,-744.5,0.0,-0.005094790153669682,-0.0029119342167039292,0.7404114365411436,0.9999999999999718,True,phase_cross_correlation_on_stable_channel,I,19,"{'y_start': 0, 'y_stop': 2123, 'x_start': 67, 'x_stop': 2868}"
I19,PLD3_mCherry_reporter_control,16,488nm Binned,0.0,67.0,0.01053603388777619,0.00071406755540528,0.9766387726638772,0.999999999999958,True,phase_cross_correlation_on_stable_channel,I,19,"{'y_start': 0, 'y_stop': 2123, 'x_start': 67, 'x_stop': 2868}"
I15,PLD3_mCherry_reporter_control,8,488nm Binned,0.0,0.0,1.0,1.0,1.0,0.0,True,reference_timepoint,I,15,"{'y_start': 0, 'y_stop': 2868, 'x_start': 32, 'x_stop': 2868}"
I15,PLD3_mCherry_reporter_control,12,488nm Binned,0.0,31.1,0.004177258758717632,-0.0005631189012048409,0.9891562064156206,0.9999999999999846,True,phase_cross_correlation_on_stable_channel,I,15,"{'y_start': 0, 'y_stop': 2868, 'x_start': 32, 'x_stop': 2868}"
I15,PLD3_mCherry_reporter_control,16,488nm Binned,0.0,22.5,0.00577550846565492,0.0010086371384490371,0.9921548117154811,0.9999999999999838,True,phase_cross_correlation_on_stable_channel,I,15,"{'y_start': 0, 'y_stop': 2868, 'x_start': 32, 'x_stop': 2868}"
J08,PLD3_TMEM106B_mCherry_primary,8,488nm Binned,0.0,0.0,1.0,1.0,1.0,0.0,True,reference_timepoint,J,08,"{'y_start': 0, 'y_stop': 2387, 'x_start': 0, 'x_stop': 1845}"
J08,PLD3_TMEM106B_mCherry_primary,12,488nm Binned,-480.1,0.0,-0.008736091864569587,-0.004111601153586283,0.8326011157601116,0.9999999999999877,True,phase_cross_correlation_on_stable_channel,J,08,"{'y_start': 0, 'y_stop': 2387, 'x_start': 0, 'x_stop': 1845}"
J08,PLD3_TMEM106B_mCherry_primary,16,488nm Binned,0.0,-1022.5,0.011007614050386971,0.0004622264706547069,0.6434797768479776,0.9999999999999848,True,phase_cross_correlation_on_stable_channel,J,08,"{'y_start': 0, 'y_stop': 2387, 'x_start': 0, 'x_stop': 1845}"
J10,PLD3_TMEM106B_mCherry_primary,8,488nm Binned,0.0,0.0,1.0,1.0,1.0,0.0,True,reference_timepoint,J,10,"{'y_start': 0, 'y_stop': 2868, 'x_start': 1290, 'x_stop': 2839}"
J10,PLD3_TMEM106B_mCherry_primary,12,488nm Binned,0.0,1289.1,-0.0026061675952646812,-0.0015164528739651038,0.5505230125523013,0.9999999999999853,True,phase_cross_correlation_on_stable_channel,J,10,"{'y_start': 0, 'y_stop': 2868, 'x_start': 1290, 'x_stop': 2839}"
J10,PLD3_TMEM106B_mCherry_primary,16,488nm Binned,0.0,-28.1,0.012100237612777533,0.01816041894260714,0.9902022315202231,0.9999999999999863,True,phase_cross_correlation_on_stable_channel,J,10,"{'y_start': 0, 'y_stop': 2868, 'x_start': 1290, 'x_stop': 2839}"
J05,PLD3_TMEM106B_mCherry_primary,8,488nm Binned,0.0,0.0,1.0,1.0,1.0,0.0,True,reference_timepoint,J,05,"{'y_start': 0, 'y_stop': 2868, 'x_start': 702, 'x_stop': 2868}"
J05,PLD3_TMEM106B_mCherry_primary,12,488nm Binned,0.0,363.0,0.0008419845541105228,-0.003635620597594638,0.8734309623430963,0.9999999999999853,True,phase_cross_correlation_on_stable_channel,J,05,"{'y_start': 0, 'y_stop': 2868, 'x_start': 702, 'x_stop': 2868}"
J05,PLD3_TMEM106B_mCherry_primary,16,488nm Binned,0.0,701.2,0.01872548124510136,-0.002651841149920443,0.7555090655509066,0.9999999999999878,True,phase_cross_correlation_on_stable_channel,J,05,"{'y_start': 0, 'y_stop': 2868, 'x_start': 702, 'x_stop': 2868}"
I20,PLD3_mCherry_reporter_control,8,488nm Binned,0.0,0.0,1.0,1.0,1.0,0.0,True,reference_timepoint,I,20,"{'y_start': 486, 'y_stop': 2868, 'x_start': 0, 'x_stop': 2868}"
I20,PLD3_mCherry_reporter_control,12,488nm Binned,52.5,0.0,0.004234336671722273,-0.0042415489232636135,0.981694560669456,0.9999999999999611,True,phase_cross_correlation_on_stable_channel,I,20,"{'y_start': 486, 'y_stop': 2868, 'x_start': 0, 'x_stop': 2868}"
I20,PLD3_mCherry_reporter_control,16,488nm Binned,486.0,0.0,0.013361971375025861,0.0035629044748593545,0.8305439330543933,0.999999999999951,True,phase_cross_correlation_on_stable_channel,I,20,"{'y_start': 486, 'y_stop': 2868, 'x_start': 0, 'x_stop': 2868}"
J11,PLD3_TMEM106B_mCherry_primary,8,488nm Binned,0.0,0.0,1.0,1.0,1.0,0.0,True,reference_timepoint,J,11,"{'y_start': 0, 'y_stop': 2858, 'x_start': 1102, 'x_stop': 2868}"
J11,PLD3_TMEM106B_mCherry_primary,12,488nm Binned,-9.5,0.0,0.005356841238351298,0.013966070637891084,0.9966875871687587,0.9999999999999492,True,phase_cross_correlation_on_stable_channel,J,11,"{'y_start': 0, 'y_stop': 2858, 'x_start': 1102, 'x_stop': 2868}"
J11,PLD3_TMEM106B_mCherry_primary,16,488nm Binned,0.0,1101.1,0.009899017961054503,0.0034032167426908144,0.616073919107392,0.9999999999999932,True,phase_cross_correlation_on_stable_channel,J,11,"{'y_start': 0, 'y_stop': 2858, 'x_start': 1102, 'x_stop': 2868}"
J07,PLD3_TMEM106B_mCherry_primary,8,488nm Binned,0.0,0.0,1.0,1.0,1.0,0.0,True,reference_timepoint,J,07,"{'y_start': 296, 'y_stop': 2791, 'x_start': 0, 'x_stop': 2868}"
J07,PLD3_TMEM106B_mCherry_primary,12,488nm Binned,-76.4,0.0,0.004405019462711163,0.0029280259191401584,0.9733612273361227,0.9999999999999623,True,phase_cross_correlation_on_stable_channel,J,07,"{'y_start': 296, 'y_stop': 2791, 'x_start': 0, 'x_stop': 2868}"
J07,PLD3_TMEM106B_mCherry_primary,16,488nm Binned,295.9,0.0,0.01291647988134181,0.0012405224424537088,0.8968270571827057,0.9999999999999651,True,phase_cross_correlation_on_stable_channel,J,07,"{'y_start': 296, 'y_stop': 2791, 'x_start': 0, 'x_stop': 2868}"
J06,PLD3_TMEM106B_mCherry_primary,8,488nm Binned,0.0,0.0,1.0,1.0,1.0,0.0,True,reference_timepoint,J,06,"{'y_start': 0, 'y_stop': 2868, 'x_start': 179, 'x_stop': 2866}"
J06,PLD3_TMEM106B_mCherry_primary,12,488nm Binned,0.0,178.9,0.009159284736861393,0.007011082007393047,0.9376220362622036,0.9999999999999916,True,phase_cross_correlation_on_stable_channel,J,06,"{'y_start': 0, 'y_stop': 2868, 'x_start': 179, 'x_stop': 2866}"
J06,PLD3_TMEM106B_mCherry_primary,16,488nm Binned,0.0,-1.2,0.017469987482723374,0.017716307563720297,0.999581589958159,0.9999999999999862,True,phase_cross_correlation_on_stable_channel,J,06,"{'y_start': 0, 'y_stop': 2868, 'x_start': 179, 'x_stop': 2866}"
J12,PLD3_TMEM106B_mCherry_primary,8,488nm Binned,0.0,0.0,1.0,1.0,1.0,0.0,True,reference_timepoint,J,12,"{'y_start': 0, 'y_stop': 2868, 'x_start': 321, 'x_stop': 2175}"
J12,PLD3_TMEM106B_mCherry_primary,12,488nm Binned,0.0,320.2,0.003872656868900367,-0.0001344960023433992,0.8883542538354254,0.9999999999999862,True,phase_cross_correlation_on_stable_channel,J,12,"{'y_start': 0, 'y_stop': 2868, 'x_start': 321, 'x_stop': 2175}"
J12,PLD3_TMEM106B_mCherry_primary,16,488nm Binned,0.0,-692.3,0.008340150063883514,-0.0018005111542073538,0.7586122733612273,0.9999999999999827,True,phase_cross_correlation_on_stable_channel,J,12,"{'y_start': 0, 'y_stop': 2868, 'x_start': 321, 'x_stop': 2175}"
J09,PLD3_TMEM106B_mCherry_primary,8,488nm Binned,0.0,0.0,1.0,1.0,1.0,0.0,True,reference_timepoint,J,09,"{'y_start': 0, 'y_stop': 2868, 'x_start': 0, 'x_stop': 2642}"
J09,PLD3_TMEM106B_mCherry_primary,12,488nm Binned,0.0,-225.9,0.003414403029133666,-0.0027733987256926807,0.9212343096234309,0.9999999999999887,True,phase_cross_correlation_on_stable_channel,J,09,"{'y_start': 0, 'y_stop': 2868, 'x_start': 0, 'x_stop': 2642}"
J09,PLD3_TMEM106B_mCherry_primary,16,488nm Binned,0.0,0.0,0.011986699599584498,0.011986699599584498,1.0,0.9999999999999769,True,phase_cross_correlation_on_stable_channel,J,09,"{'y_start': 0, 'y_stop': 2868, 'x_start': 0, 'x_stop': 2642}"
J16,PLD3_TMEM106B_mCherry_primary,8,488nm Binned,0.0,0.0,1.0,1.0,1.0,0.0,True,reference_timepoint,J,16,"{'y_start': 676, 'y_stop': 2868, 'x_start': 966, 'x_stop': 2868}"
J16,PLD3_TMEM106B_mCherry_primary,12,488nm Binned,0.0,965.7,0.0017751184075576441,0.0027831998935075857,0.6632845188284519,0.999999999999994,True,phase_cross_correlation_on_stable_channel,J,16,"{'y_start': 676, 'y_stop': 2868, 'x_start': 966, 'x_stop': 2868}"
J16,PLD3_TMEM106B_mCherry_primary,16,488nm Binned,675.2,0.0,0.007845451408781203,0.0014753684469076154,0.7645746164574617,0.9999999999999825,True,phase_cross_correlation_on_stable_channel,J,16,"{'y_start': 676, 'y_stop': 2868, 'x_start': 966, 'x_stop': 2868}"
J15,PLD3_TMEM106B_mCherry_primary,8,488nm Binned,0.0,0.0,1.0,1.0,1.0,0.0,True,reference_timepoint,J,15,"{'y_start': 542, 'y_stop': 2868, 'x_start': 0, 'x_stop': 2397}"
J15,PLD3_TMEM106B_mCherry_primary,12,488nm Binned,0.0,-470.2,-0.006465904035679456,0.0021537289846437695,0.8360529986052999,0.9999999999999839,True,phase_cross_correlation_on_stable_channel,J,15,"{'y_start': 542, 'y_stop': 2868, 'x_start': 0, 'x_stop': 2397}"
J15,PLD3_TMEM106B_mCherry_primary,16,488nm Binned,541.2,0.0,0.006365764777086979,0.0025470044007497947,0.8112970711297072,0.9999999999999751,True,phase_cross_correlation_on_stable_channel,J,15,"{'y_start': 542, 'y_stop': 2868, 'x_start': 0, 'x_stop': 2397}"
J18,PLD3_TMEM106B_mCherry_primary,8,488nm Binned,0.0,0.0,1.0,1.0,1.0,0.0,True,reference_timepoint,J,18,"{'y_start': 0, 'y_stop': 2868, 'x_start': 0, 'x_stop': 1540}"
J18,PLD3_TMEM106B_mCherry_primary,12,488nm Binned,0.0,-913.3,0.0033885986624046047,0.012820264889679975,0.6815550906555091,0.9999999999999893,True,phase_cross_correlation_on_stable_channel,J,18,"{'y_start': 0, 'y_stop': 2868, 'x_start': 0, 'x_stop': 1540}"
J18,PLD3_TMEM106B_mCherry_primary,16,488nm Binned,0.0,-1327.1,0.0028807375717363505,0.0019654459860347254,0.5372733612273362,0.9999999999999862,True,phase_cross_correlation_on_stable_channel,J,18,"{'y_start': 0, 'y_stop': 2868, 'x_start': 0, 'x_stop': 1540}"
K05,PLD3_only_no_mCherry,8,488nm Binned,0.0,0.0,1.0,1.0,1.0,0.0,True,reference_timepoint,K,05,"{'y_start': 0, 'y_stop': 2868, 'x_start': 0, 'x_stop': 2034}"
K05,PLD3_only_no_mCherry,12,488nm Binned,0.0,-92.8,0.007427135711331149,0.009657978611921074,0.9676429567642957,0.9999999999999902,True,phase_cross_correlation_on_stable_channel,K,05,"{'y_start': 0, 'y_stop': 2868, 'x_start': 0, 'x_stop': 2034}"
K05,PLD3_only_no_mCherry,16,488nm Binned,0.0,-833.8,0.018723256902397463,0.010511274819328235,0.7092747559274757,0.9999999999999868,True,phase_cross_correlation_on_stable_channel,K,05,"{'y_start': 0, 'y_stop': 2868, 'x_start': 0, 'x_stop': 2034}"
K06,PLD3_only_no_mCherry,8,488nm Binned,0.0,0.0,1.0,1.0,1.0,0.0,True,reference_timepoint,K,06,"{'y_start': 0, 'y_stop': 2868, 'x_start': 698, 'x_stop': 2868}"
K06,PLD3_only_no_mCherry,12,488nm Binned,0.0,697.2,0.002398802873796727,-0.0034788330016210915,0.7569037656903767,0.9999999999999881,True,phase_cross_correlation_on_stable_channel,K,06,"{'y_start': 0, 'y_stop': 2868, 'x_start': 698, 'x_stop': 2868}"
K06,PLD3_only_no_mCherry,16,488nm Binned,0.0,399.1,0.020470511335968996,-0.0004701504066517965,0.8608437935843793,0.9999999999999918,True,phase_cross_correlation_on_stable_channel,K,06,"{'y_start': 0, 'y_stop': 2868, 'x_start': 698, 'x_stop': 2868}"
K07,PLD3_only_no_mCherry,8,488nm Binned,0.0,0.0,1.0,1.0,1.0,0.0,True,reference_timepoint,K,07,"{'y_start': 0, 'y_stop': 2812, 'x_start': 679, 'x_stop': 2868}"
K07,PLD3_only_no_mCherry,12,488nm Binned,0.0,678.2,0.009414302555148704,-0.004426514147592346,0.7635285913528592,0.9999999999999863,True,phase_cross_correlation_on_stable_channel,K,07,"{'y_start': 0, 'y_stop': 2812, 'x_start': 679, 'x_stop': 2868}"
K07,PLD3_only_no_mCherry,16,488nm Binned,-55.9,1.1,0.014395515559977595,0.0421324056920174,0.9801329986150258,0.9999999999999903,True,phase_cross_correlation_on_stable_channel,K,07,"{'y_start': 0, 'y_stop': 2812, 'x_start': 679, 'x_stop': 2868}"
J13,PLD3_TMEM106B_mCherry_primary,8,488nm Binned,0.0,0.0,1.0,1.0,1.0,0.0,True,reference_timepoint,J,13,"{'y_start': 0, 'y_stop': 2805, 'x_start': 0, 'x_stop': 2702}"
J13,PLD3_TMEM106B_mCherry_primary,12,488nm Binned,0.0,-165.6,0.0038161260827294444,0.008826631065757116,0.9422594142259414,0.999999999999975,True,phase_cross_correlation_on_stable_channel,J,13,"{'y_start': 0, 'y_stop': 2805, 'x_start': 0, 'x_stop': 2702}"
J13,PLD3_TMEM106B_mCherry_primary,16,488nm Binned,-62.6,0.0,0.006291790718630182,0.04525908830155257,0.9781729428172943,0.9999999999999817,True,phase_cross_correlation_on_stable_channel,J,13,"{'y_start': 0, 'y_stop': 2805, 'x_start': 0, 'x_stop': 2702}"
K08,PLD3_only_no_mCherry,8,488nm Binned,0.0,0.0,1.0,1.0,1.0,0.0,True,reference_timepoint,K,08,"{'y_start': 0, 'y_stop': 2868, 'x_start': 1018, 'x_stop': 2608}"
K08,PLD3_only_no_mCherry,12,488nm Binned,0.0,-259.2,-0.0032808919444473066,-0.0016030662772171082,0.9096234309623431,0.9999999999999851,True,phase_cross_correlation_on_stable_channel,K,08,"{'y_start': 0, 'y_stop': 2868, 'x_start': 1018, 'x_stop': 2608}"
K08,PLD3_only_no_mCherry,16,488nm Binned,0.0,1017.1,0.00606455470663082,0.0005803000572678832,0.6453626220362623,0.9999999999999928,True,phase_cross_correlation_on_stable_channel,K,08,"{'y_start': 0, 'y_stop': 2868, 'x_start': 1018, 'x_stop': 2608}"
J14,PLD3_TMEM106B_mCherry_primary,8,488nm Binned,0.0,0.0,1.0,1.0,1.0,0.0,True,reference_timepoint,J,14,"{'y_start': 0, 'y_stop': 2818, 'x_start': 0, 'x_stop': 2476}"
J14,PLD3_TMEM106B_mCherry_primary,12,488nm Binned,0.0,-391.3,-0.0030820993634211166,-0.004479008778221572,0.8635634588563459,0.9999999999999898,True,phase_cross_correlation_on_stable_channel,J,14,"{'y_start': 0, 'y_stop': 2818, 'x_start': 0, 'x_stop': 2476}"
J14,PLD3_TMEM106B_mCherry_primary,16,488nm Binned,-49.9,0.0,0.00261324899584448,0.048271351540159047,0.9826011157601116,0.9999999999999851,True,phase_cross_correlation_on_stable_channel,J,14,"{'y_start': 0, 'y_stop': 2818, 'x_start': 0, 'x_stop': 2476}"
K09,PLD3_only_no_mCherry,8,488nm Binned,0.0,0.0,1.0,1.0,1.0,0.0,True,reference_timepoint,K,09,"{'y_start': 1401, 'y_stop': 2868, 'x_start': 0, 'x_stop': 2868}"
K09,PLD3_only_no_mCherry,12,488nm Binned,0.0,0.0,0.003964462367270949,0.003964462367270949,1.0,0.9999999999999899,True,phase_cross_correlation_on_stable_channel,K,09,"{'y_start': 1401, 'y_stop': 2868, 'x_start': 0, 'x_stop': 2868}"
K09,PLD3_only_no_mCherry,16,488nm Binned,1400.1,0.0,0.012965070293883996,-0.01037668635731853,0.5118200836820084,0.9999999999999769,True,phase_cross_correlation_on_stable_channel,K,09,"{'y_start': 1401, 'y_stop': 2868, 'x_start': 0, 'x_stop': 2868}"
J17,PLD3_TMEM106B_mCherry_primary,8,488nm Binned,0.0,0.0,1.0,1.0,1.0,0.0,True,reference_timepoint,J,17,"{'y_start': 259, 'y_stop': 2655, 'x_start': 0, 'x_stop': 2868}"
J17,PLD3_TMEM106B_mCherry_primary,12,488nm Binned,258.1,0.0,0.005637048666884193,0.0024276083497289094,0.9100069735006974,0.999999999999981,True,phase_cross_correlation_on_stable_channel,J,17,"{'y_start': 259, 'y_stop': 2655, 'x_start': 0, 'x_stop': 2868}"
J17,PLD3_TMEM106B_mCherry_primary,16,488nm Binned,-212.3,0.0,-0.0004572613763737305,0.0024260770454493943,0.9259762900976289,0.9999999999999803,True,phase_cross_correlation_on_stable_channel,J,17,"{'y_start': 259, 'y_stop': 2655, 'x_start': 0, 'x_stop': 2868}"
K10,PLD3_only_no_mCherry,8,488nm Binned,0.0,0.0,1.0,1.0,1.0,0.0,True,reference_timepoint,K,10,"{'y_start': 914, 'y_stop': 2868, 'x_start': 0, 'x_stop': 2868}"
K10,PLD3_only_no_mCherry,12,488nm Binned,913.6,0.0,0.0001847911224409271,0.0025613368954346297,0.6814504881450488,0.9999999999999829,True,phase_cross_correlation_on_stable_channel,K,10,"{'y_start': 914, 'y_stop': 2868, 'x_start': 0, 'x_stop': 2868}"
K10,PLD3_only_no_mCherry,16,488nm Binned,443.2,0.0,0.006800048721643771,0.0010618695319612938,0.8454672245467225,0.9999999999999846,True,phase_cross_correlation_on_stable_channel,K,10,"{'y_start': 914, 'y_stop': 2868, 'x_start': 0, 'x_stop': 2868}"
K11,PLD3_only_no_mCherry,8,488nm Binned,0.0,0.0,1.0,1.0,1.0,0.0,True,reference_timepoint,K,11,"{'y_start': 0, 'y_stop': 2868, 'x_start': 0, 'x_stop': 1850}"
K11,PLD3_only_no_mCherry,12,488nm Binned,0.0,-834.0,0.002664974577166309,0.0012980146914189582,0.7092050209205021,0.9999999999999931,True,phase_cross_correlation_on_stable_channel,K,11,"{'y_start': 0, 'y_stop': 2868, 'x_start': 0, 'x_stop': 1850}"
K11,PLD3_only_no_mCherry,16,488nm Binned,0.0,-1017.7,0.005113694557961972,0.012599173381719229,0.6451534170153417,0.9999999999999902,True,phase_cross_correlation_on_stable_channel,K,11,"{'y_start': 0, 'y_stop': 2868, 'x_start': 0, 'x_stop': 1850}"
K12,PLD3_only_no_mCherry,8,488nm Binned,0.0,0.0,1.0,1.0,1.0,0.0,True,reference_timepoint,K,12,"{'y_start': 0, 'y_stop': 2868, 'x_start': 1147, 'x_stop': 2547}"
K12,PLD3_only_no_mCherry,12,488nm Binned,0.0,1146.9,-8.603135665270986e-05,0.006472467209202979,0.6001046025104603,0.9999999999999948,True,phase_cross_correlation_on_stable_channel,K,12,"{'y_start': 0, 'y_stop': 2868, 'x_start': 1147, 'x_stop': 2547}"
K12,PLD3_only_no_mCherry,16,488nm Binned,0.0,-321.0,0.013355480687667504,-0.0032391864811777108,0.8880753138075314,0.9999999999999862,True,phase_cross_correlation_on_stable_channel,K,12,"{'y_start': 0, 'y_stop': 2868, 'x_start': 1147, 'x_stop': 2547}"
K13,PLD3_only_no_mCherry,8,488nm Binned,0.0,0.0,1.0,1.0,1.0,0.0,True,reference_timepoint,K,13,"{'y_start': 0, 'y_stop': 1853, 'x_start': 1276, 'x_stop': 2868}"
K13,PLD3_only_no_mCherry,12,488nm Binned,0.0,1275.2,0.0031924060946003667,-0.01044842198216057,0.5553695955369595,0.999999999999988,True,phase_cross_correlation_on_stable_channel,K,13,"{'y_start': 0, 'y_stop': 1853, 'x_start': 1276, 'x_stop': 2868}"
K13,PLD3_only_no_mCherry,16,488nm Binned,-1014.8,0.0,0.009266164514075928,0.0011217552635748365,0.6461645746164575,0.9999999999999651,True,phase_cross_correlation_on_stable_channel,K,13,"{'y_start': 0, 'y_stop': 1853, 'x_start': 1276, 'x_stop': 2868}"
K14,PLD3_only_no_mCherry,8,488nm Binned,0.0,0.0,1.0,1.0,1.0,0.0,True,reference_timepoint,K,14,"{'y_start': 1269, 'y_stop': 2868, 'x_start': 0, 'x_stop': 2868}"
K14,PLD3_only_no_mCherry,12,488nm Binned,1268.1,0.0,0.002606206497390515,-0.0046692531453297135,0.5578451882845189,0.9999999999999734,True,phase_cross_correlation_on_stable_channel,K,14,"{'y_start': 1269, 'y_stop': 2868, 'x_start': 0, 'x_stop': 2868}"
K14,PLD3_only_no_mCherry,16,488nm Binned,482.7,0.0,0.015430603151018638,-0.000398992836717066,0.8316945606694561,0.9999999999998852,True,phase_cross_correlation_on_stable_channel,K,14,"{'y_start': 1269, 'y_stop': 2868, 'x_start': 0, 'x_stop': 2868}"
K15,PLD3_only_no_mCherry,8,488nm Binned,0.0,0.0,1.0,1.0,1.0,0.0,True,reference_timepoint,K,15,"{'y_start': 0, 'y_stop': 2868, 'x_start': 1010, 'x_stop': 2868}"
K15,PLD3_only_no_mCherry,12,488nm Binned,0.0,496.1,0.0008467058308344096,0.004173167368364428,0.8270223152022316,0.9999999999999817,True,phase_cross_correlation_on_stable_channel,K,15,"{'y_start': 0, 'y_stop': 2868, 'x_start': 1010, 'x_stop': 2868}"
K15,PLD3_only_no_mCherry,16,488nm Binned,0.0,1009.8,0.006244595835673307,0.008652298479484285,0.647907949790795,0.9999999999999775,True,phase_cross_correlation_on_stable_channel,K,15,"{'y_start': 0, 'y_stop': 2868, 'x_start': 1010, 'x_stop': 2868}"
K17,PLD3_only_no_mCherry,8,488nm Binned,0.0,0.0,1.0,1.0,1.0,0.0,True,reference_timepoint,K,17,"{'y_start': 550, 'y_stop': 2868, 'x_start': 741, 'x_stop': 2868}"
K17,PLD3_only_no_mCherry,12,488nm Binned,549.6,0.0,0.005241009157734414,-0.003997331795314369,0.8083682008368201,0.9999999999999861,True,phase_cross_correlation_on_stable_channel,K,17,"{'y_start': 550, 'y_stop': 2868, 'x_start': 741, 'x_stop': 2868}"
K17,PLD3_only_no_mCherry,16,488nm Binned,0.0,740.9,0.005847643635142426,-0.001092610684366237,0.7416666666666667,0.9999999999999923,True,phase_cross_correlation_on_stable_channel,K,17,"{'y_start': 550, 'y_stop': 2868, 'x_start': 741, 'x_stop': 2868}"
K16,PLD3_only_no_mCherry,8,488nm Binned,0.0,0.0,1.0,1.0,1.0,0.0,True,reference_timepoint,K,16,"{'y_start': 546, 'y_stop': 2721, 'x_start': 0, 'x_stop': 2868}"
K16,PLD3_only_no_mCherry,12,488nm Binned,-146.3,0.0,0.005863728638111331,0.01862700810792208,0.9489888423988841,0.9999999999999675,True,phase_cross_correlation_on_stable_channel,K,16,"{'y_start': 546, 'y_stop': 2721, 'x_start': 0, 'x_stop': 2868}"
K16,PLD3_only_no_mCherry,16,488nm Binned,545.4,0.0,0.009926043318971626,-0.007262738590879934,0.8098326359832636,0.9999999999999709,True,phase_cross_correlation_on_stable_channel,K,16,"{'y_start': 546, 'y_stop': 2721, 'x_start': 0, 'x_stop': 2868}"
J20,PLD3_TMEM106B_mCherry_primary,8,488nm Binned,0.0,0.0,1.0,1.0,1.0,0.0,True,reference_timepoint,J,20,"{'y_start': 0, 'y_stop': 2868, 'x_start': 290, 'x_stop': 2868}"
J20,PLD3_TMEM106B_mCherry_primary,12,488nm Binned,0.0,289.9,0.0007683796297891758,-0.0033885300615976856,0.8989191073919107,0.9999999999999868,True,phase_cross_correlation_on_stable_channel,J,20,"{'y_start': 0, 'y_stop': 2868, 'x_start': 290, 'x_stop': 2868}"
J20,PLD3_TMEM106B_mCherry_primary,16,488nm Binned,0.0,17.4,0.006199018322306076,0.006643935633916383,0.9939330543933054,0.9999999999999879,True,phase_cross_correlation_on_stable_channel,J,20,"{'y_start': 0, 'y_stop': 2868, 'x_start': 290, 'x_stop': 2868}"
J19,PLD3_TMEM106B_mCherry_primary,8,488nm Binned,0.0,0.0,1.0,1.0,1.0,0.0,True,reference_timepoint,J,19,"{'y_start': 198, 'y_stop': 2808, 'x_start': 0, 'x_stop': 2868}"
J19,PLD3_TMEM106B_mCherry_primary,12,488nm Binned,-59.7,0.0,-0.0037520586396318956,-0.0009798599823466524,0.9791841004184101,0.9999999999999728,True,phase_cross_correlation_on_stable_channel,J,19,"{'y_start': 198, 'y_stop': 2808, 'x_start': 0, 'x_stop': 2868}"
J19,PLD3_TMEM106B_mCherry_primary,16,488nm Binned,197.9,0.0,-0.0005831792890687454,-0.005509932363266383,0.9309972105997211,0.9999999999999815,True,phase_cross_correlation_on_stable_channel,J,19,"{'y_start': 198, 'y_stop': 2808, 'x_start': 0, 'x_stop': 2868}"
K18,PLD3_only_no_mCherry,8,488nm Binned,0.0,0.0,1.0,1.0,1.0,0.0,True,reference_timepoint,K,18,"{'y_start': 0, 'y_stop': 2868, 'x_start': 273, 'x_stop': 1611}"
K18,PLD3_only_no_mCherry,12,488nm Binned,0.0,-1256.6,0.00596869111098835,0.006765516340896732,0.5618549511854951,0.9999999999999926,True,phase_cross_correlation_on_stable_channel,K,18,"{'y_start': 0, 'y_stop': 2868, 'x_start': 273, 'x_stop': 1611}"
K18,PLD3_only_no_mCherry,16,488nm Binned,0.0,272.8,0.008371163477291495,0.006773293530906652,0.9048814504881451,0.9999999999999932,True,phase_cross_correlation_on_stable_channel,K,18,"{'y_start': 0, 'y_stop': 2868, 'x_start': 273, 'x_stop': 1611}"
K19,PLD3_only_no_mCherry,8,488nm Binned,0.0,0.0,1.0,1.0,1.0,0.0,True,reference_timepoint,K,19,"{'y_start': 0, 'y_stop': 2811, 'x_start': 0, 'x_stop': 1732}"
K19,PLD3_only_no_mCherry,12,488nm Binned,-57.0,0.0,0.0038145928071099486,0.00820414323289281,0.9801255230125523,0.9999999999999823,True,phase_cross_correlation_on_stable_channel,K,19,"{'y_start': 0, 'y_stop': 2811, 'x_start': 0, 'x_stop': 1732}"
K19,PLD3_only_no_mCherry,16,488nm Binned,0.0,-1135.2,0.017672476760632858,0.001777036273208974,0.60418410041841,0.9999999999999893,True,phase_cross_correlation_on_stable_channel,K,19,"{'y_start': 0, 'y_stop': 2811, 'x_start': 0, 'x_stop': 1732}"
K20,PLD3_only_no_mCherry,8,488nm Binned,0.0,0.0,1.0,1.0,1.0,0.0,True,reference_timepoint,K,20,"{'y_start': 0, 'y_stop': 2166, 'x_start': 143, 'x_stop': 2868}"
K20,PLD3_only_no_mCherry,12,488nm Binned,0.0,142.1,0.0032724171525752807,0.001133971088172166,0.9504532775453278,0.9999999999999921,True,phase_cross_correlation_on_stable_channel,K,20,"{'y_start': 0, 'y_stop': 2166, 'x_start': 143, 'x_stop': 2868}"
K20,PLD3_only_no_mCherry,16,488nm Binned,-701.6,0.0,0.007443140887756925,-0.0026456653349147072,0.7553695955369596,0.9999999999999866,True,phase_cross_correlation_on_stable_channel,K,20,"{'y_start': 0, 'y_stop': 2166, 'x_start': 143, 'x_stop': 2868}"
L05,PLD3_TMEM106B_no_mCherry,8,488nm Binned,0.0,0.0,1.0,1.0,1.0,0.0,True,reference_timepoint,L,05,"{'y_start': 707, 'y_stop': 2827, 'x_start': 0, 'x_stop': 2868}"
L05,PLD3_TMEM106B_no_mCherry,12,488nm Binned,706.5,0.0,0.006992711236764793,0.006212989285444551,0.7536610878661087,0.9999999999999674,True,phase_cross_correlation_on_stable_channel,L,05,"{'y_start': 707, 'y_stop': 2827, 'x_start': 0, 'x_stop': 2868}"
L05,PLD3_TMEM106B_no_mCherry,16,488nm Binned,-40.2,0.0,0.027925503352143444,0.09521988498455025,0.9859832635983264,0.9999999999999614,True,phase_cross_correlation_on_stable_channel,L,05,"{'y_start': 707, 'y_stop': 2827, 'x_start': 0, 'x_stop': 2868}"
L06,PLD3_TMEM106B_no_mCherry,8,488nm Binned,0.0,0.0,1.0,1.0,1.0,0.0,True,reference_timepoint,L,06,"{'y_start': 0, 'y_stop': 2868, 'x_start': 951, 'x_stop': 2868}"
L06,PLD3_TMEM106B_no_mCherry,12,488nm Binned,0.0,950.2,0.008420364862464405,-0.00958713063090665,0.6686889818688981,0.9999999999999926,True,phase_cross_correlation_on_stable_channel,L,06,"{'y_start': 0, 'y_stop': 2868, 'x_start': 951, 'x_stop': 2868}"
L06,PLD3_TMEM106B_no_mCherry,16,488nm Binned,0.0,0.2,0.02771284026291619,0.027801846688948192,0.9999302649930265,0.9999999999999918,True,phase_cross_correlation_on_stable_channel,L,06,"{'y_start': 0, 'y_stop': 2868, 'x_start': 951, 'x_stop': 2868}"
L07,PLD3_TMEM106B_no_mCherry,8,488nm Binned,0.0,0.0,1.0,1.0,1.0,0.0,True,reference_timepoint,L,07,"{'y_start': 0, 'y_stop': 2271, 'x_start': 0, 'x_stop': 2868}"
L07,PLD3_TMEM106B_no_mCherry,12,488nm Binned,-103.8,0.0,0.0034470887568981284,0.007006766543256203,0.9638075313807531,0.9999999999999757,True,phase_cross_correlation_on_stable_channel,L,07,"{'y_start': 0, 'y_stop': 2271, 'x_start': 0, 'x_stop': 2868}"
L07,PLD3_TMEM106B_no_mCherry,16,488nm Binned,-596.6,0.0,0.019133402616565116,0.0016751433489932542,0.7919804741980474,0.9999999999999714,True,phase_cross_correlation_on_stable_channel,L,07,"{'y_start': 0, 'y_stop': 2271, 'x_start': 0, 'x_stop': 2868}"
L08,PLD3_TMEM106B_no_mCherry,8,488nm Binned,0.0,0.0,1.0,1.0,1.0,0.0,True,reference_timepoint,L,08,"{'y_start': 0, 'y_stop': 2868, 'x_start': 688, 'x_stop': 2552}"
L08,PLD3_TMEM106B_no_mCherry,12,488nm Binned,0.0,-315.1,-0.0027417413271456394,-0.001386917227948652,0.8901324965132497,0.9999999999999882,True,phase_cross_correlation_on_stable_channel,L,08,"{'y_start': 0, 'y_stop': 2868, 'x_start': 688, 'x_stop': 2552}"
L08,PLD3_TMEM106B_no_mCherry,16,488nm Binned,0.0,687.5,0.01807150229762402,-0.0018123464715196545,0.7602859135285913,0.9999999999999866,True,phase_cross_correlation_on_stable_channel,L,08,"{'y_start': 0, 'y_stop': 2868, 'x_start': 688, 'x_stop': 2552}"
L09,PLD3_TMEM106B_no_mCherry,8,488nm Binned,0.0,0.0,1.0,1.0,1.0,0.0,True,reference_timepoint,L,09,"{'y_start': 780, 'y_stop': 2868, 'x_start': 0, 'x_stop': 2868}"
L09,PLD3_TMEM106B_no_mCherry,12,488nm Binned,382.6,0.0,0.007127359583393829,-0.0014733155189012533,0.8665969316596932,0.9999999999999875,True,phase_cross_correlation_on_stable_channel,L,09,"{'y_start': 780, 'y_stop': 2868, 'x_start': 0, 'x_stop': 2868}"
L09,PLD3_TMEM106B_no_mCherry,16,488nm Binned,779.8,0.0,0.014435344248881009,0.0009743643012307853,0.7281032078103208,0.9999999999999843,True,phase_cross_correlation_on_stable_channel,L,09,"{'y_start': 780, 'y_stop': 2868, 'x_start': 0, 'x_stop': 2868}"
L10,PLD3_TMEM106B_no_mCherry,8,488nm Binned,0.0,0.0,1.0,1.0,1.0,0.0,True,reference_timepoint,L,10,"{'y_start': 0, 'y_stop': 2868, 'x_start': 1214, 'x_stop': 2868}"
L10,PLD3_TMEM106B_no_mCherry,12,488nm Binned,0.0,1.1,0.012730363786012628,0.01333037271782046,0.9996164574616457,0.9999999999999941,True,phase_cross_correlation_on_stable_channel,L,10,"{'y_start': 0, 'y_stop': 2868, 'x_start': 1214, 'x_stop': 2868}"
L10,PLD3_TMEM106B_no_mCherry,16,488nm Binned,0.0,1213.9,0.015803723839196662,0.013296207952874029,0.5767433751743375,0.9999999999999912,True,phase_cross_correlation_on_stable_channel,L,10,"{'y_start': 0, 'y_stop': 2868, 'x_start': 1214, 'x_stop': 2868}"
L11,PLD3_TMEM106B_no_mCherry,8,488nm Binned,0.0,0.0,1.0,1.0,1.0,0.0,True,reference_timepoint,L,11,"{'y_start': 915, 'y_stop': 2868, 'x_start': 0, 'x_stop': 2868}"
L11,PLD3_TMEM106B_no_mCherry,12,488nm Binned,914.8,0.0,0.0052631194988059194,0.0023604422117465967,0.6810320781032079,0.9999999999999849,True,phase_cross_correlation_on_stable_channel,L,11,"{'y_start': 915, 'y_stop': 2868, 'x_start': 0, 'x_stop': 2868}"
L11,PLD3_TMEM106B_no_mCherry,16,488nm Binned,302.7,0.0,0.012490484009817698,0.004148488397240636,0.8944560669456068,0.9999999999999806,True,phase_cross_correlation_on_stable_channel,L,11,"{'y_start': 915, 'y_stop': 2868, 'x_start': 0, 'x_stop': 2868}"
L12,PLD3_TMEM106B_no_mCherry,8,488nm Binned,0.0,0.0,1.0,1.0,1.0,0.0,True,reference_timepoint,L,12,"{'y_start': 0, 'y_stop': 2868, 'x_start': 1002, 'x_stop': 2868}"
L12,PLD3_TMEM106B_no_mCherry,12,488nm Binned,0.0,8.3,0.013852182993365027,0.0167139325648681,0.9971059972105997,0.9999999999999933,True,phase_cross_correlation_on_stable_channel,L,12,"{'y_start': 0, 'y_stop': 2868, 'x_start': 1002, 'x_stop': 2868}"
L12,PLD3_TMEM106B_no_mCherry,16,488nm Binned,0.0,1002.0,0.01728769268148474,0.005365160801237047,0.6506276150627615,0.9999999999999919,True,phase_cross_correlation_on_stable_channel,L,12,"{'y_start': 0, 'y_stop': 2868, 'x_start': 1002, 'x_stop': 2868}"
L13,PLD3_TMEM106B_no_mCherry,8,488nm Binned,0.0,0.0,1.0,1.0,1.0,0.0,True,reference_timepoint,L,13,"{'y_start': 342, 'y_stop': 2868, 'x_start': 0, 'x_stop': 2868}"
L13,PLD3_TMEM106B_no_mCherry,12,488nm Binned,342.0,0.0,0.004802471458951126,0.0038282208827591802,0.8807531380753139,0.9999999999999382,True,phase_cross_correlation_on_stable_channel,L,13,"{'y_start': 342, 'y_stop': 2868, 'x_start': 0, 'x_stop': 2868}"
L13,PLD3_TMEM106B_no_mCherry,16,488nm Binned,37.5,0.0,0.004254340680185612,0.00675600580963065,0.9869246861924686,0.9999999999999263,True,phase_cross_correlation_on_stable_channel,L,13,"{'y_start': 342, 'y_stop': 2868, 'x_start': 0, 'x_stop': 2868}"
L15,PLD3_TMEM106B_no_mCherry,8,488nm Binned,0.0,0.0,1.0,1.0,1.0,0.0,True,reference_timepoint,L,15,"{'y_start': 837, 'y_stop': 2868, 'x_start': 1356, 'x_stop': 2868}"
L15,PLD3_TMEM106B_no_mCherry,12,488nm Binned,0.0,1355.6,0.004548630868836408,-0.000998362972214181,0.5273361227336123,0.9999999999999934,True,phase_cross_correlation_on_stable_channel,L,15,"{'y_start': 837, 'y_stop': 2868, 'x_start': 1356, 'x_stop': 2868}"
L15,PLD3_TMEM106B_no_mCherry,16,488nm Binned,836.2,0.0,0.00381601129544178,0.0062129355536171185,0.7084379358437936,0.9999999999999856,True,phase_cross_correlation_on_stable_channel,L,15,"{'y_start': 837, 'y_stop': 2868, 'x_start': 1356, 'x_stop': 2868}"
L14,PLD3_TMEM106B_no_mCherry,8,488nm Binned,0.0,0.0,1.0,1.0,1.0,0.0,True,reference_timepoint,L,14,"{'y_start': 0, 'y_stop': 2868, 'x_start': 1295, 'x_stop': 2723}"
L14,PLD3_TMEM106B_no_mCherry,12,488nm Binned,0.0,1294.4,0.009894328883183024,-0.015140311082481825,0.5486750348675035,0.999999999999988,True,phase_cross_correlation_on_stable_channel,L,14,"{'y_start': 0, 'y_stop': 2868, 'x_start': 1295, 'x_stop': 2723}"
L14,PLD3_TMEM106B_no_mCherry,16,488nm Binned,0.0,-144.9,0.006921946208156154,0.011237273007139012,0.9494769874476987,0.9999999999999928,True,phase_cross_correlation_on_stable_channel,L,14,"{'y_start': 0, 'y_stop': 2868, 'x_start': 1295, 'x_stop': 2723}"
L16,PLD3_TMEM106B_no_mCherry,8,488nm Binned,0.0,0.0,1.0,1.0,1.0,0.0,True,reference_timepoint,L,16,"{'y_start': 0, 'y_stop': 2680, 'x_start': 0, 'x_stop': 2132}"
L16,PLD3_TMEM106B_no_mCherry,12,488nm Binned,0.0,-735.4,-0.002272682325335404,0.003935618568456696,0.7435843793584379,0.9999999999999915,True,phase_cross_correlation_on_stable_channel,L,16,"{'y_start': 0, 'y_stop': 2680, 'x_start': 0, 'x_stop': 2132}"
L16,PLD3_TMEM106B_no_mCherry,16,488nm Binned,-187.5,0.0,0.008157887615398792,0.0008161845721700215,0.9346234309623431,0.9999999999999117,True,phase_cross_correlation_on_stable_channel,L,16,"{'y_start': 0, 'y_stop': 2680, 'x_start': 0, 'x_stop': 2132}"
L17,PLD3_TMEM106B_no_mCherry,8,488nm Binned,0.0,0.0,1.0,1.0,1.0,0.0,True,reference_timepoint,L,17,"{'y_start': 0, 'y_stop': 2868, 'x_start': 0, 'x_stop': 2167}"
L17,PLD3_TMEM106B_no_mCherry,12,488nm Binned,0.0,-700.2,0.00875267219857772,-0.010216744440437596,0.7558577405857742,0.999999999999988,True,phase_cross_correlation_on_stable_channel,L,17,"{'y_start': 0, 'y_stop': 2868, 'x_start': 0, 'x_stop': 2167}"
L17,PLD3_TMEM106B_no_mCherry,16,488nm Binned,0.0,-340.9,0.011436284148089608,-0.007648504961934133,0.881136680613668,0.9999999999999913,True,phase_cross_correlation_on_stable_channel,L,17,"{'y_start': 0, 'y_stop': 2868, 'x_start': 0, 'x_stop': 2167}"
L19,PLD3_TMEM106B_no_mCherry,8,488nm Binned,0.0,0.0,1.0,1.0,1.0,0.0,True,reference_timepoint,L,19,"{'y_start': 0, 'y_stop': 2868, 'x_start': 1398, 'x_stop': 2868}"
L19,PLD3_TMEM106B_no_mCherry,12,488nm Binned,0.0,151.8,-0.001016218184790828,0.003509227260349113,0.9470711297071129,0.999999999999989,True,phase_cross_correlation_on_stable_channel,L,19,"{'y_start': 0, 'y_stop': 2868, 'x_start': 1398, 'x_stop': 2868}"
L19,PLD3_TMEM106B_no_mCherry,16,488nm Binned,0.0,1397.7,0.0019537440900542023,0.00035799650579123655,0.5126569037656903,0.9999999999999832,True,phase_cross_correlation_on_stable_channel,L,19,"{'y_start': 0, 'y_stop': 2868, 'x_start': 1398, 'x_stop': 2868}"
L18,PLD3_TMEM106B_no_mCherry,8,488nm Binned,0.0,0.0,1.0,1.0,1.0,0.0,True,reference_timepoint,L,18,"{'y_start': 356, 'y_stop': 2868, 'x_start': 0, 'x_stop': 2322}"
L18,PLD3_TMEM106B_no_mCherry,12,488nm Binned,0.0,-545.2,-0.0016929321550501091,-0.0008019828977368041,0.8099023709902371,0.9999999999999929,True,phase_cross_correlation_on_stable_channel,L,18,"{'y_start': 356, 'y_stop': 2868, 'x_start': 0, 'x_stop': 2322}"
L18,PLD3_TMEM106B_no_mCherry,16,488nm Binned,355.1,0.0,0.004904514220588296,0.003141749007092362,0.8761854951185495,0.999999999999982,True,phase_cross_correlation_on_stable_channel,L,18,"{'y_start': 356, 'y_stop': 2868, 'x_start': 0, 'x_stop': 2322}"
L20,PLD3_TMEM106B_no_mCherry,8,488nm Binned,0.0,0.0,1.0,1.0,1.0,0.0,True,reference_timepoint,L,20,"{'y_start': 0, 'y_stop': 2868, 'x_start': 967, 'x_stop': 1705}"
L20,PLD3_TMEM106B_no_mCherry,12,488nm Binned,0.0,966.3,-0.0006847660050700605,-0.003106355891655632,0.6630753138075315,0.9999999999999913,True,phase_cross_correlation_on_stable_channel,L,20,"{'y_start': 0, 'y_stop': 2868, 'x_start': 967, 'x_stop': 1705}"
L20,PLD3_TMEM106B_no_mCherry,16,488nm Binned,0.0,-1162.9,0.006056560390053732,0.009543332424874188,0.5945258019525802,0.9999999999999881,True,phase_cross_correlation_on_stable_channel,L,20,"{'y_start': 0, 'y_stop': 2868, 'x_start': 967, 'x_stop': 1705}"
M09,PLD3_mCherry_reporter_control,8,488nm Binned,0.0,0.0,1.0,1.0,1.0,0.0,True,reference_timepoint,M,09,"{'y_start': 0, 'y_stop': 2868, 'x_start': 506, 'x_stop': 2064}"
M09,PLD3_mCherry_reporter_control,12,488nm Binned,0.0,505.8,0.003579848072076422,0.00618256350839218,0.8236401673640167,0.9999999999999883,True,phase_cross_correlation_on_stable_channel,M,09,"{'y_start': 0, 'y_stop': 2868, 'x_start': 506, 'x_stop': 2064}"
M09,PLD3_mCherry_reporter_control,16,488nm Binned,0.0,-803.7,0.016235714966343608,0.005612462577684863,0.7197698744769875,0.9999999999999836,True,phase_cross_correlation_on_stable_channel,M,09,"{'y_start': 0, 'y_stop': 2868, 'x_start': 506, 'x_stop': 2064}"
M06,PLD3_mCherry_reporter_control,8,488nm Binned,0.0,0.0,1.0,1.0,1.0,0.0,True,reference_timepoint,M,06,"{'y_start': 0, 'y_stop': 2868, 'x_start': 945, 'x_stop': 2851}"
M06,PLD3_mCherry_reporter_control,12,488nm Binned,0.0,944.4,0.009059135936168585,-0.00693553377311547,0.6707112970711296,0.999999999999965,True,phase_cross_correlation_on_stable_channel,M,06,"{'y_start': 0, 'y_stop': 2868, 'x_start': 945, 'x_stop': 2851}"
M06,PLD3_mCherry_reporter_control,16,488nm Binned,0.0,-16.8,0.02181306787656979,0.028830299505820424,0.9941422594142258,0.9999999999999645,True,phase_cross_correlation_on_stable_channel,M,06,"{'y_start': 0, 'y_stop': 2868, 'x_start': 945, 'x_stop': 2851}"
M13,PLD3_mCherry_reporter_control,8,488nm Binned,0.0,0.0,1.0,1.0,1.0,0.0,True,reference_timepoint,M,13,"{'y_start': 0, 'y_stop': 1540, 'x_start': 0, 'x_stop': 2868}"
M13,PLD3_mCherry_reporter_control,12,488nm Binned,-1157.6,0.0,-0.003929877029779219,0.022072069871791753,0.596373779637378,0.9999999999999881,True,phase_cross_correlation_on_stable_channel,M,13,"{'y_start': 0, 'y_stop': 1540, 'x_start': 0, 'x_stop': 2868}"
M13,PLD3_mCherry_reporter_control,16,488nm Binned,-1327.1,0.0,0.016123707264703555,0.01779543973627263,0.5372733612273362,0.9999999999999846,True,phase_cross_correlation_on_stable_channel,M,13,"{'y_start': 0, 'y_stop': 1540, 'x_start': 0, 'x_stop': 2868}"
M11,PLD3_mCherry_reporter_control,8,488nm Binned,0.0,0.0,1.0,1.0,1.0,0.0,True,reference_timepoint,M,11,"{'y_start': 286, 'y_stop': 2004, 'x_start': 0, 'x_stop': 2868}"
M11,PLD3_mCherry_reporter_control,12,488nm Binned,285.6,0.0,0.0074461779035154205,0.003529410255119041,0.900418410041841,0.9999999999999245,True,phase_cross_correlation_on_stable_channel,M,11,"{'y_start': 286, 'y_stop': 2004, 'x_start': 0, 'x_stop': 2868}"
M11,PLD3_mCherry_reporter_control,16,488nm Binned,-863.4,0.0,0.0028722082676869384,0.001198049110692406,0.6989539748953975,0.999999999999912,True,phase_cross_correlation_on_stable_channel,M,11,"{'y_start': 286, 'y_stop': 2004, 'x_start': 0, 'x_stop': 2868}"
M05,PLD3_mCherry_reporter_control,8,488nm Binned,0.0,0.0,1.0,1.0,1.0,0.0,True,reference_timepoint,M,05,"{'y_start': 0, 'y_stop': 2868, 'x_start': 0, 'x_stop': 2416}"
M05,PLD3_mCherry_reporter_control,12,488nm Binned,0.0,-451.6,0.007587333939499167,-0.00336000462739964,0.8425383542538355,0.9999999999999859,True,phase_cross_correlation_on_stable_channel,M,05,"{'y_start': 0, 'y_stop': 2868, 'x_start': 0, 'x_stop': 2416}"
M05,PLD3_mCherry_reporter_control,16,488nm Binned,0.0,-111.6,0.016779948822746294,0.007316258756556667,0.9610878661087866,0.999999999999993,True,phase_cross_correlation_on_stable_channel,M,05,"{'y_start': 0, 'y_stop': 2868, 'x_start': 0, 'x_stop': 2416}"
M12,PLD3_mCherry_reporter_control,8,488nm Binned,0.0,0.0,1.0,1.0,1.0,0.0,True,reference_timepoint,M,12,"{'y_start': 1063, 'y_stop': 2868, 'x_start': 0, 'x_stop': 2868}"
M12,PLD3_mCherry_reporter_control,12,488nm Binned,0.0,0.0,0.0002444578306554509,0.0002444578306554509,1.0,0.9999999999999919,True,phase_cross_correlation_on_stable_channel,M,12,"{'y_start': 1063, 'y_stop': 2868, 'x_start': 0, 'x_stop': 2868}"
M12,PLD3_mCherry_reporter_control,16,488nm Binned,1062.4,0.0,0.009378471628793279,0.005637900796314893,0.6295676429567643,0.9999999999999506,True,phase_cross_correlation_on_stable_channel,M,12,"{'y_start': 1063, 'y_stop': 2868, 'x_start': 0, 'x_stop': 2868}"
M07,PLD3_mCherry_reporter_control,8,488nm Binned,0.0,0.0,1.0,1.0,1.0,0.0,True,reference_timepoint,M,07,"{'y_start': 148, 'y_stop': 2758, 'x_start': 0, 'x_stop': 2868}"
M07,PLD3_mCherry_reporter_control,12,488nm Binned,-109.6,0.0,0.009170522797052957,0.007111459624817787,0.9617852161785216,0.9999999999999862,True,phase_cross_correlation_on_stable_channel,M,07,"{'y_start': 148, 'y_stop': 2758, 'x_start': 0, 'x_stop': 2868}"
M07,PLD3_mCherry_reporter_control,16,488nm Binned,147.6,0.0,0.01857024094931497,-0.0011278592869433627,0.9485355648535565,0.9999999999999875,True,phase_cross_correlation_on_stable_channel,M,07,"{'y_start': 148, 'y_stop': 2758, 'x_start': 0, 'x_stop': 2868}"
M10,PLD3_mCherry_reporter_control,8,488nm Binned,0.0,0.0,1.0,1.0,1.0,0.0,True,reference_timepoint,M,10,"{'y_start': 0, 'y_stop': 2868, 'x_start': 380, 'x_stop': 2868}"
M10,PLD3_mCherry_reporter_control,12,488nm Binned,0.0,379.3,0.007303500127850282,0.0033125918775419524,0.8677475592747559,0.9999999999999922,True,phase_cross_correlation_on_stable_channel,M,10,"{'y_start': 0, 'y_stop': 2868, 'x_start': 380, 'x_stop': 2868}"
M10,PLD3_mCherry_reporter_control,16,488nm Binned,0.0,191.8,0.010659686985307887,0.0042822007913845455,0.9331241283124128,0.9999999999999831,True,phase_cross_correlation_on_stable_channel,M,10,"{'y_start': 0, 'y_stop': 2868, 'x_start': 380, 'x_stop': 2868}"
M08,PLD3_mCherry_reporter_control,8,488nm Binned,0.0,0.0,1.0,1.0,1.0,0.0,True,reference_timepoint,M,08,"{'y_start': 323, 'y_stop': 2868, 'x_start': 0, 'x_stop': 2868}"
M08,PLD3_mCherry_reporter_control,12,488nm Binned,322.6,0.0,0.005437625734222635,-0.002059837913024797,0.8875174337517434,0.9999999999999758,True,phase_cross_correlation_on_stable_channel,M,08,"{'y_start': 323, 'y_stop': 2868, 'x_start': 0, 'x_stop': 2868}"
M08,PLD3_mCherry_reporter_control,16,488nm Binned,296.0,0.0,0.010652619985187323,-0.0003854152883890571,0.8967921896792189,0.9999999999999671,True,phase_cross_correlation_on_stable_channel,M,08,"{'y_start': 323, 'y_stop': 2868, 'x_start': 0, 'x_stop': 2868}"
M14,PLD3_mCherry_reporter_control,8,488nm Binned,0.0,0.0,1.0,1.0,1.0,0.0,True,reference_timepoint,M,14,"{'y_start': 0, 'y_stop': 2868, 'x_start': 563, 'x_stop': 2868}"
M14,PLD3_mCherry_reporter_control,12,488nm Binned,0.0,562.4,0.003925752119819546,0.0071536691576480965,0.8039051603905161,0.9999999999999909,True,phase_cross_correlation_on_stable_channel,M,14,"{'y_start': 0, 'y_stop': 2868, 'x_start': 563, 'x_stop': 2868}"
M14,PLD3_mCherry_reporter_control,16,488nm Binned,0.0,543.1,0.0014542084205880212,0.007890127810903437,0.8106345885634588,0.9999999999999913,True,phase_cross_correlation_on_stable_channel,M,14,"{'y_start': 0, 'y_stop': 2868, 'x_start': 563, 'x_stop': 2868}"
M15,PLD3_mCherry_reporter_control,8,488nm Binned,0.0,0.0,1.0,1.0,1.0,0.0,True,reference_timepoint,M,15,"{'y_start': 81, 'y_stop': 2868, 'x_start': 0, 'x_stop': 1710}"
M15,PLD3_mCherry_reporter_control,12,488nm Binned,0.0,-1157.1,0.009824235595516399,-0.008821301049582248,0.5965481171548117,0.9999999999999707,True,phase_cross_correlation_on_stable_channel,M,15,"{'y_start': 81, 'y_stop': 2868, 'x_start': 0, 'x_stop': 1710}"
M15,PLD3_mCherry_reporter_control,16,488nm Binned,80.7,0.0,0.0036382914425472485,0.0017545008352329336,0.9718619246861925,0.9999999999999766,True,phase_cross_correlation_on_stable_channel,M,15,"{'y_start': 81, 'y_stop': 2868, 'x_start': 0, 'x_stop': 1710}"
M18,PLD3_mCherry_reporter_control,8,488nm Binned,0.0,0.0,1.0,1.0,1.0,0.0,True,reference_timepoint,M,18,"{'y_start': 1239, 'y_stop': 2345, 'x_start': 0, 'x_stop': 2868}"
M18,PLD3_mCherry_reporter_control,12,488nm Binned,-522.5,0.0,-0.004622594600110682,8.360895547168902e-05,0.8178172942817294,0.9999999999999033,True,phase_cross_correlation_on_stable_channel,M,18,"{'y_start': 1239, 'y_stop': 2345, 'x_start': 0, 'x_stop': 2868}"
M18,PLD3_mCherry_reporter_control,16,488nm Binned,1238.4,0.0,0.004509920492049756,0.0017524744482181778,0.5682008368200837,0.9999999999999636,True,phase_cross_correlation_on_stable_channel,M,18,"{'y_start': 1239, 'y_stop': 2345, 'x_start': 0, 'x_stop': 2868}"
M17,PLD3_mCherry_reporter_control,8,488nm Binned,0.0,0.0,1.0,1.0,1.0,0.0,True,reference_timepoint,M,17,"{'y_start': 0, 'y_stop': 1740, 'x_start': 605, 'x_stop': 2868}"
M17,PLD3_mCherry_reporter_control,12,488nm Binned,-1127.8,0.0,0.004612842413653169,0.014963644877230026,0.6067642956764296,0.9999999999999809,True,phase_cross_correlation_on_stable_channel,M,17,"{'y_start': 0, 'y_stop': 1740, 'x_start': 605, 'x_stop': 2868}"
M17,PLD3_mCherry_reporter_control,16,488nm Binned,0.0,604.1,0.008266783288736599,0.00025010691718761556,0.7893654114365412,0.999999999999964,True,phase_cross_correlation_on_stable_channel,M,17,"{'y_start': 0, 'y_stop': 1740, 'x_start': 605, 'x_stop': 2868}"
M16,PLD3_mCherry_reporter_control,8,488nm Binned,0.0,0.0,1.0,1.0,1.0,0.0,True,reference_timepoint,M,16,"{'y_start': 0, 'y_stop': 2721, 'x_start': 925, 'x_stop': 2868}"
M16,PLD3_mCherry_reporter_control,12,488nm Binned,-146.8,0.0,0.0026697872724983315,0.010003507328269266,0.9488145048814505,0.9999999999999757,True,phase_cross_correlation_on_stable_channel,M,16,"{'y_start': 0, 'y_stop': 2721, 'x_start': 925, 'x_stop': 2868}"
M16,PLD3_mCherry_reporter_control,16,488nm Binned,0.0,924.8,0.00294645845851164,-0.0020258225283836203,0.6775453277545328,0.9999999999999771,True,phase_cross_correlation_on_stable_channel,M,16,"{'y_start': 0, 'y_stop': 2721, 'x_start': 925, 'x_stop': 2868}"
M20,PLD3_mCherry_reporter_control,8,488nm Binned,0.0,0.0,1.0,1.0,1.0,0.0,True,reference_timepoint,M,20,"{'y_start': 0, 'y_stop': 1888, 'x_start': 0, 'x_stop': 2624}"
M20,PLD3_mCherry_reporter_control,12,488nm Binned,-979.8,0.0,0.004905908726887171,-0.0076420820903780285,0.6583682008368201,0.9999999999999879,True,phase_cross_correlation_on_stable_channel,M,20,"{'y_start': 0, 'y_stop': 1888, 'x_start': 0, 'x_stop': 2624}"
M20,PLD3_mCherry_reporter_control,16,488nm Binned,0.0,-243.2,0.004101817835377948,-0.0016821294653417392,0.9152022315202232,0.9999999999999831,True,phase_cross_correlation_on_stable_channel,M,20,"{'y_start': 0, 'y_stop': 1888, 'x_start': 0, 'x_stop': 2624}"
N07,PLD3_TMEM106B_mCherry_primary,8,488nm Binned,0.0,0.0,1.0,1.0,1.0,0.0,True,reference_timepoint,N,07,"{'y_start': 0, 'y_stop': 1473, 'x_start': 217, 'x_stop': 2868}"
N07,PLD3_TMEM106B_mCherry_primary,12,488nm Binned,-1394.4,0.0,0.008580170559149152,-0.004692230916943261,0.5138075313807531,0.999999999999968,True,phase_cross_correlation_on_stable_channel,N,07,"{'y_start': 0, 'y_stop': 1473, 'x_start': 217, 'x_stop': 2868}"
N07,PLD3_TMEM106B_mCherry_primary,16,488nm Binned,0.0,216.2,0.01353192291099037,-0.0051248978026030645,0.9246164574616458,0.9999999999999848,True,phase_cross_correlation_on_stable_channel,N,07,"{'y_start': 0, 'y_stop': 1473, 'x_start': 217, 'x_stop': 2868}"
N05,PLD3_TMEM106B_mCherry_primary,8,488nm Binned,0.0,0.0,1.0,1.0,1.0,0.0,True,reference_timepoint,N,05,"{'y_start': 908, 'y_stop': 2868, 'x_start': 0, 'x_stop': 2645}"
N05,PLD3_TMEM106B_mCherry_primary,12,488nm Binned,907.7,0.0,0.012634313913525923,0.0016455040472967042,0.683507670850767,0.9999999999999746,True,phase_cross_correlation_on_stable_channel,N,05,"{'y_start': 908, 'y_stop': 2868, 'x_start': 0, 'x_stop': 2645}"
N05,PLD3_TMEM106B_mCherry_primary,16,488nm Binned,0.0,-222.1,0.022248580665366027,0.003939075470375928,0.9225592747559275,0.9999999999999698,True,phase_cross_correlation_on_stable_channel,N,05,"{'y_start': 908, 'y_stop': 2868, 'x_start': 0, 'x_stop': 2645}"
M19,PLD3_mCherry_reporter_control,8,488nm Binned,0.0,0.0,1.0,1.0,1.0,0.0,True,reference_timepoint,M,19,"{'y_start': 0, 'y_stop': 2410, 'x_start': 50, 'x_stop': 2868}"
M19,PLD3_mCherry_reporter_control,12,488nm Binned,-457.8,0.0,-0.004912834286264631,0.010073844665780195,0.8403765690376569,0.9999999999999832,True,phase_cross_correlation_on_stable_channel,M,19,"{'y_start': 0, 'y_stop': 2410, 'x_start': 50, 'x_stop': 2868}"
M19,PLD3_mCherry_reporter_control,16,488nm Binned,0.0,50.0,0.007845572745797438,0.0029239272736901528,0.9825662482566249,0.9999999999999833,True,phase_cross_correlation_on_stable_channel,M,19,"{'y_start': 0, 'y_stop': 2410, 'x_start': 50, 'x_stop': 2868}"
N06,PLD3_TMEM106B_mCherry_primary,8,488nm Binned,0.0,0.0,1.0,1.0,1.0,0.0,True,reference_timepoint,N,06,"{'y_start': 0, 'y_stop': 2868, 'x_start': 0, 'x_stop': 1991}"
N06,PLD3_TMEM106B_mCherry_primary,12,488nm Binned,0.0,-876.7,0.007636943692272225,-0.0032362796221682964,0.6943165969316596,0.9999999999999554,True,phase_cross_correlation_on_stable_channel,N,06,"{'y_start': 0, 'y_stop': 2868, 'x_start': 0, 'x_stop': 1991}"
N06,PLD3_TMEM106B_mCherry_primary,16,488nm Binned,0.0,-751.0,0.01691978974098262,-0.0031226575391150894,0.7381450488145049,0.9999999999999767,True,phase_cross_correlation_on_stable_channel,N,06,"{'y_start': 0, 'y_stop': 2868, 'x_start': 0, 'x_stop': 1991}"
N08,PLD3_TMEM106B_mCherry_primary,8,488nm Binned,0.0,0.0,1.0,1.0,1.0,0.0,True,reference_timepoint,N,08,"{'y_start': 161, 'y_stop': 2868, 'x_start': 0, 'x_stop': 1957}"
N08,PLD3_TMEM106B_mCherry_primary,12,488nm Binned,0.0,-910.7,0.0066208960257565,0.0053712236446353985,0.6824616457461645,0.9999999999999877,True,phase_cross_correlation_on_stable_channel,N,08,"{'y_start': 161, 'y_stop': 2868, 'x_start': 0, 'x_stop': 1957}"
N08,PLD3_TMEM106B_mCherry_primary,16,488nm Binned,161.0,0.0,0.005153420117199172,-0.0017182205100274546,0.943863319386332,0.9999999999999877,True,phase_cross_correlation_on_stable_channel,N,08,"{'y_start': 161, 'y_stop': 2868, 'x_start': 0, 'x_stop': 1957}"
N10,PLD3_TMEM106B_mCherry_primary,8,488nm Binned,0.0,0.0,1.0,1.0,1.0,0.0,True,reference_timepoint,N,10,"{'y_start': 0, 'y_stop': 2329, 'x_start': 0, 'x_stop': 2384}"
N10,PLD3_TMEM106B_mCherry_primary,12,488nm Binned,0.0,-483.9,0.00116849516761365,-0.0013620951903375682,0.8312761506276151,0.999999999999987,True,phase_cross_correlation_on_stable_channel,N,10,"{'y_start': 0, 'y_stop': 2329, 'x_start': 0, 'x_stop': 2384}"
N10,PLD3_TMEM106B_mCherry_primary,16,488nm Binned,-538.1,0.0,0.007618079152464183,-0.000887569073385037,0.8123779637377964,0.9999999999999848,True,phase_cross_correlation_on_stable_channel,N,10,"{'y_start': 0, 'y_stop': 2329, 'x_start': 0, 'x_stop': 2384}"
N09,PLD3_TMEM106B_mCherry_primary,8,488nm Binned,0.0,0.0,1.0,1.0,1.0,0.0,True,reference_timepoint,N,09,"{'y_start': 0, 'y_stop': 2452, 'x_start': 660, 'x_stop': 2868}"
N09,PLD3_TMEM106B_mCherry_primary,12,488nm Binned,0.0,659.5,0.00299177141942588,0.008296895912863946,0.7700488145048815,0.9999999999999748,True,phase_cross_correlation_on_stable_channel,N,09,"{'y_start': 0, 'y_stop': 2452, 'x_start': 660, 'x_stop': 2868}"
N09,PLD3_TMEM106B_mCherry_primary,16,488nm Binned,-415.5,0.0,0.01611428595903376,0.0018111887820889887,0.8551255230125523,0.9999999999999656,True,phase_cross_correlation_on_stable_channel,N,09,"{'y_start': 0, 'y_stop': 2452, 'x_start': 660, 'x_stop': 2868}"
N11,PLD3_TMEM106B_mCherry_primary,8,488nm Binned,0.0,0.0,1.0,1.0,1.0,0.0,True,reference_timepoint,N,11,"{'y_start': 24, 'y_stop': 2264, 'x_start': 0, 'x_stop': 2868}"
N11,PLD3_TMEM106B_mCherry_primary,12,488nm Binned,-604.0,0.0,0.0009997642276979369,0.0006941341880478989,0.7894002789400278,0.9999999999999891,True,phase_cross_correlation_on_stable_channel,N,11,"{'y_start': 24, 'y_stop': 2264, 'x_start': 0, 'x_stop': 2868}"
N11,PLD3_TMEM106B_mCherry_primary,16,488nm Binned,23.5,0.0,0.007736391838061817,0.0027775995126546557,0.9918061366806137,0.9999999999999453,True,phase_cross_correlation_on_stable_channel,N,11,"{'y_start': 24, 'y_stop': 2264, 'x_start': 0, 'x_stop': 2868}"
N13,PLD3_TMEM106B_mCherry_primary,8,488nm Binned,0.0,0.0,1.0,1.0,1.0,0.0,True,reference_timepoint,N,13,"{'y_start': 852, 'y_stop': 2868, 'x_start': 0, 'x_stop': 2868}"
N13,PLD3_TMEM106B_mCherry_primary,12,488nm Binned,716.4,0.0,0.0013731526979091954,-0.0030482742075988297,0.7502092050209205,0.9999999999999662,True,phase_cross_correlation_on_stable_channel,N,13,"{'y_start': 852, 'y_stop': 2868, 'x_start': 0, 'x_stop': 2868}"
N13,PLD3_TMEM106B_mCherry_primary,16,488nm Binned,851.9,0.0,0.001785484647935599,-0.0035107706564196793,0.7029637377963738,0.9999999999999842,True,phase_cross_correlation_on_stable_channel,N,13,"{'y_start': 852, 'y_stop': 2868, 'x_start': 0, 'x_stop': 2868}"
N15,PLD3_TMEM106B_mCherry_primary,8,488nm Binned,0.0,0.0,1.0,1.0,1.0,0.0,True,reference_timepoint,N,15,"{'y_start': 0, 'y_stop': 2866, 'x_start': 0, 'x_stop': 2103}"
N15,PLD3_TMEM106B_mCherry_primary,12,488nm Binned,0.0,-764.3,0.001187903653908115,0.0001524432096960345,0.7335076708507671,0.9999999999999832,True,phase_cross_correlation_on_stable_channel,N,15,"{'y_start': 0, 'y_stop': 2866, 'x_start': 0, 'x_stop': 2103}"
N15,PLD3_TMEM106B_mCherry_primary,16,488nm Binned,-1.1,0.0,0.006736219376644835,0.006354755756338197,0.9996164574616457,0.9999999999999837,True,phase_cross_correlation_on_stable_channel,N,15,"{'y_start': 0, 'y_stop': 2866, 'x_start': 0, 'x_stop': 2103}"
N17,PLD3_TMEM106B_mCherry_primary,8,488nm Binned,0.0,0.0,1.0,1.0,1.0,0.0,True,reference_timepoint,N,17,"{'y_start': 271, 'y_stop': 2868, 'x_start': 953, 'x_stop': 2868}"
N17,PLD3_TMEM106B_mCherry_primary,12,488nm Binned,270.8,0.0,2.3957690048790255e-05,-0.005166563992180782,0.90557880055788,0.9999999999999895,True,phase_cross_correlation_on_stable_channel,N,17,"{'y_start': 271, 'y_stop': 2868, 'x_start': 953, 'x_stop': 2868}"
N17,PLD3_TMEM106B_mCherry_primary,16,488nm Binned,0.0,952.4,-0.0008158405031931188,-0.004952893080977424,0.6679218967921896,0.9999999999999877,True,phase_cross_correlation_on_stable_channel,N,17,"{'y_start': 271, 'y_stop': 2868, 'x_start': 953, 'x_stop': 2868}"
N20,PLD3_TMEM106B_mCherry_primary,8,488nm Binned,0.0,0.0,1.0,1.0,1.0,0.0,True,reference_timepoint,N,20,"{'y_start': 747, 'y_stop': 2868, 'x_start': 749, 'x_stop': 2868}"
N20,PLD3_TMEM106B_mCherry_primary,12,488nm Binned,0.0,748.5,0.005026922486495605,-0.001976039986759271,0.7390167364016736,0.9999999999999839,True,phase_cross_correlation_on_stable_channel,N,20,"{'y_start': 747, 'y_stop': 2868, 'x_start': 749, 'x_stop': 2868}"
N20,PLD3_TMEM106B_mCherry_primary,16,488nm Binned,746.1,0.0,0.006938638078896173,-0.013252322704452178,0.7398535564853557,0.9999999999999961,True,phase_cross_correlation_on_stable_channel,N,20,"{'y_start': 747, 'y_stop': 2868, 'x_start': 749, 'x_stop': 2868}"
N14,PLD3_TMEM106B_mCherry_primary,8,488nm Binned,0.0,0.0,1.0,1.0,1.0,0.0,True,reference_timepoint,N,14,"{'y_start': 0, 'y_stop': 2868, 'x_start': 217, 'x_stop': 2215}"
N14,PLD3_TMEM106B_mCherry_primary,12,488nm Binned,0.0,216.2,0.0079550822819999,-0.001170604849497187,0.9246164574616458,0.9999999999999772,True,phase_cross_correlation_on_stable_channel,N,14,"{'y_start': 0, 'y_stop': 2868, 'x_start': 217, 'x_stop': 2215}"
N14,PLD3_TMEM106B_mCherry_primary,16,488nm Binned,0.0,-652.1,0.00385903495431637,0.007243220237109356,0.772629009762901,0.9999999999999887,True,phase_cross_correlation_on_stable_channel,N,14,"{'y_start': 0, 'y_stop': 2868, 'x_start': 217, 'x_stop': 2215}"
N18,PLD3_TMEM106B_mCherry_primary,8,488nm Binned,0.0,0.0,1.0,1.0,1.0,0.0,True,reference_timepoint,N,18,"{'y_start': 635, 'y_stop': 2868, 'x_start': 365, 'x_stop': 2868}"
N18,PLD3_TMEM106B_mCherry_primary,12,488nm Binned,0.0,364.4,-0.004139855065891109,0.0010532419496679702,0.8729428172942817,0.9999999999999921,True,phase_cross_correlation_on_stable_channel,N,18,"{'y_start': 635, 'y_stop': 2868, 'x_start': 365, 'x_stop': 2868}"
N18,PLD3_TMEM106B_mCherry_primary,16,488nm Binned,634.2,0.0,0.002963603062468539,-0.00550687456551551,0.7788702928870294,0.9999999999999803,True,phase_cross_correlation_on_stable_channel,N,18,"{'y_start': 635, 'y_stop': 2868, 'x_start': 365, 'x_stop': 2868}"
N12,PLD3_TMEM106B_mCherry_primary,8,488nm Binned,0.0,0.0,1.0,1.0,1.0,0.0,True,reference_timepoint,N,12,"{'y_start': 0, 'y_stop': 2868, 'x_start': 0, 'x_stop': 2528}"
N12,PLD3_TMEM106B_mCherry_primary,12,488nm Binned,0.0,-339.9,0.004429612861123389,0.0011092335787732028,0.8814853556485356,0.9999999999999889,True,phase_cross_correlation_on_stable_channel,N,12,"{'y_start': 0, 'y_stop': 2868, 'x_start': 0, 'x_stop': 2528}"
N12,PLD3_TMEM106B_mCherry_primary,16,488nm Binned,0.0,-116.2,0.004689573813440181,0.0028714070624524172,0.9594839609483962,0.9999999999999801,True,phase_cross_correlation_on_stable_channel,N,12,"{'y_start': 0, 'y_stop': 2868, 'x_start': 0, 'x_stop': 2528}"
N19,PLD3_TMEM106B_mCherry_primary,8,488nm Binned,0.0,0.0,1.0,1.0,1.0,0.0,True,reference_timepoint,N,19,"{'y_start': 185, 'y_stop': 2312, 'x_start': 0, 'x_stop': 2868}"
N19,PLD3_TMEM106B_mCherry_primary,12,488nm Binned,184.1,0.0,0.0057107036697922825,-0.00572781751550898,0.9358089260808926,0.9999999999999793,True,phase_cross_correlation_on_stable_channel,N,19,"{'y_start': 185, 'y_stop': 2312, 'x_start': 0, 'x_stop': 2868}"
N19,PLD3_TMEM106B_mCherry_primary,16,488nm Binned,-555.7,0.0,-0.0035535452070822,0.005464391554792567,0.8062412831241283,0.9999999999999852,True,phase_cross_correlation_on_stable_channel,N,19,"{'y_start': 185, 'y_stop': 2312, 'x_start': 0, 'x_stop': 2868}"
N16,PLD3_TMEM106B_mCherry_primary,8,488nm Binned,0.0,0.0,1.0,1.0,1.0,0.0,True,reference_timepoint,N,16,"{'y_start': 69, 'y_stop': 2868, 'x_start': 0, 'x_stop': 2712}"
N16,PLD3_TMEM106B_mCherry_primary,12,488nm Binned,68.7,0.0,0.0029229008287867514,-0.0009793567111846704,0.9760460251046026,0.9999999999999871,True,phase_cross_correlation_on_stable_channel,N,16,"{'y_start': 69, 'y_stop': 2868, 'x_start': 0, 'x_stop': 2712}"
N16,PLD3_TMEM106B_mCherry_primary,16,488nm Binned,0.0,-155.5,0.004689109485612458,-0.0020963709443401393,0.9457810320781032,0.9999999999999902,True,phase_cross_correlation_on_stable_channel,N,16,"{'y_start': 69, 'y_stop': 2868, 'x_start': 0, 'x_stop': 2712}"
