well,row,column,condition,site_fov,timepoint_day,file_name,mcherry_channel,registration_channel,time_index,cell_roi_id,mask_source,cell_roi_area,total_mcherry_intensity,diffuse_mcherry_integrated_intensity,diffuse_mcherry_mean_intensity,punctate_mcherry_integrated_intensity,puncta_count,puncta_density_per_area,mean_puncta_intensity,median_puncta_area,diffuse_to_punctate_ratio,rupture_like_score,mcherry_metric_interpretation
E07,E,07,PLD3_mCherry_reporter_control,site0,8,"260216_Day8_iNeurons_WellE07_Channel405nm Binned,561nm Binned,488nm Binned_Seq0034.nd2",561nm Binned,488nm Binned,0,whole_field_foreground,stable_channel,403478,7394251.0,5500629.0,13.96772289276123,1893622.0,470,0.0011648714428019252,170.96937775307512,17.0,2.904818913171211,2.904818913171211,screening metric for punctate-to-diffuse reporter redistribution; not rupture proof
E07,E,07,PLD3_mCherry_reporter_control,site0,12,"260220_Day12_WellE07_Channel405nm Binned,561nm Binned,488nm Binned_Seq0034.nd2",561nm Binned,488nm Binned,1,whole_field_foreground,stable_channel,234640,4114650.0,3077834.0,13.431056022644043,1036816.0,217,0.0009248210023826934,148.48625058292794,17.0,2.9685440811069963,2.9685440811069963,screening metric for punctate-to-diffuse reporter redistribution; not rupture proof
E07,E,07,PLD3_mCherry_reporter_control,site0,16,"260224_day16_WellE07_Channel405nm Binned,561nm Binned,488nm Binned_Seq0034.nd2",561nm Binned,488nm Binned,2,whole_field_foreground,stable_channel,315600,6133243.0,4311162.0,13.994462013244629,1822081.0,236,0.0007477820025324849,190.6044728230622,18.5,2.3660649553985986,2.3660649553985986,screening metric for punctate-to-diffuse reporter redistribution; not rupture proof
E07,E,07,PLD3_mCherry_reporter_control,site0,20,"260228_day20_WellE07_Channel405nm Binned,561nm Binned,488nm Binned_Seq0034.nd2",561nm Binned,488nm Binned,3,whole_field_foreground,stable_channel,316639,6121107.0,4244025.0,13.736931800842285,1877082.0,251,0.0007927008359652706,201.70269471430683,20.0,2.26096941955532,2.26096941955532,screening metric for punctate-to-diffuse reporter redistribution; not rupture proof
E07,E,07,PLD3_mCherry_reporter_control,site0,25,"260305_day25_iNeurons_WellE07_Channel405nm Binned,561nm Binned,488nm Binned_Seq0034.nd2",561nm Binned,488nm Binned,4,whole_field_foreground,stable_channel,230669,2655341.0,1932046.0,8.580235481262207,723295.0,224,0.0009710884427427566,104.19188845157623,15.5,2.671172896255786,2.671172896255786,screening metric for punctate-to-diffuse reporter redistribution; not rupture proof
E07,E,07,PLD3_mCherry_reporter_control,site0,29,"260309_Day29_WellE07_Channel405nm Binned,561nm Binned,488nm Binned_Seq0034.nd2",561nm Binned,488nm Binned,5,whole_field_foreground,stable_channel,331111,5705449.0,3879274.0,12.001850128173828,1826175.0,315,0.000951342601118805,195.01796303400917,18.0,2.1242619135613374,2.1242619135613374,screening metric for punctate-to-diffuse reporter redistribution; not rupture proof
E07,E,07,PLD3_mCherry_reporter_control,site0,32,"260312_Day32_WellE07_Channel405nm Binned,561 nm,488nm Binned_Seq0034.nd2",561nm Binned,488nm Binned,6,whole_field_foreground,stable_channel,311653,6947029.0,5063984.0,16.643936157226562,1883045.0,353,0.0011326699887338396,224.49626084022415,17.0,2.6892527794063925,2.6892527794063925,screening metric for punctate-to-diffuse reporter redistribution; not rupture proof
E07,E,07,PLD3_mCherry_reporter_control,site0,36,"260316_Day36_WellE07_Channel405nm Binned,561nm Binned,488nm Binned_Seq0034.nd2",561nm Binned,488nm Binned,7,whole_field_foreground,stable_channel,447279,9577555.0,6855500.0,15.701332092285156,2722055.0,418,0.0009345397391763652,214.55136968074234,18.0,2.5185016467328847,2.5185016467328847,screening metric for punctate-to-diffuse reporter redistribution; not rupture proof
E07,E,07,PLD3_mCherry_reporter_control,site0,39,"260319_Day39_WellE07_Channel405nm Binned,561nm Binned,488nm Binned_Seq0034.nd2",561nm Binned,488nm Binned,8,whole_field_foreground,stable_channel,504085,11106227.0,8026230.0,16.31553077697754,3079997.0,404,0.0008014521360468939,211.4542410822198,20.0,2.6059213694030854,2.6059213694030854,screening metric for punctate-to-diffuse reporter redistribution; not rupture proof
E11,E,11,PLD3_mCherry_reporter_control,site0,8,"260216_Day8_iNeurons_WellE11_Channel405nm Binned,561nm Binned,488nm Binned_Seq0038.nd2",561nm Binned,488nm Binned,0,whole_field_foreground,stable_channel,648226,15923233.0,11369976.0,17.964147567749023,4553257.0,725,0.0011184370882977258,272.5550763570851,17.0,2.497108333660389,2.497108333660389,screening metric for punctate-to-diffuse reporter redistribution; not rupture proof
E11,E,11,PLD3_mCherry_reporter_control,site0,12,"260220_Day12_WellE11_Channel405nm Binned,561nm Binned,488nm Binned_Seq0038.nd2",561nm Binned,488nm Binned,1,whole_field_foreground,stable_channel,584213,15256240.0,11490423.0,20.135215759277344,3765817.0,647,0.0011074727881763887,243.84893239889485,15.0,3.051243063589375,3.051243063589375,screening metric for punctate-to-diffuse reporter redistribution; not rupture proof
E11,E,11,PLD3_mCherry_reporter_control,site0,16,"260224_day16_WellE11_Channel405nm Binned,561nm Binned,488nm Binned_Seq0038.nd2",561nm Binned,488nm Binned,2,whole_field_foreground,stable_channel,637689,23327504.0,17303652.0,27.78489112854004,6023851.0,725,0.0011369178392584207,369.561824782799,15.0,2.8725232413612365,2.8725232413612365,screening metric for punctate-to-diffuse reporter redistribution; not rupture proof
E11,E,11,PLD3_mCherry_reporter_control,site0,20,"260228_day20_WellE11_Channel405nm Binned,561nm Binned,488nm Binned_Seq0038.nd2",561nm Binned,488nm Binned,3,whole_field_foreground,stable_channel,625760,24943316.0,19107872.0,31.244220733642578,5835445.0,789,0.0012608667859862234,381.78311977217254,14.0,3.2744498491540446,3.2744498491540446,screening metric for punctate-to-diffuse reporter redistribution; not rupture proof
E11,E,11,PLD3_mCherry_reporter_control,site0,25,"260305_day25_iNeurons_WellE11_Channel405nm Binned,561nm Binned,488nm Binned_Seq0038.nd2",561nm Binned,488nm Binned,4,whole_field_foreground,stable_channel,515086,13671348.0,10680282.0,21.209299087524414,2991066.0,760,0.0014754817642073838,233.8215546457391,12.0,3.570727626871634,3.570727626871634,screening metric for punctate-to-diffuse reporter redistribution; not rupture proof
E11,E,11,PLD3_mCherry_reporter_control,site0,29,"260309_Day29_WellE11_Channel405nm Binned,561nm Binned,488nm Binned_Seq0038.nd2",561nm Binned,488nm Binned,5,whole_field_foreground,stable_channel,678855,26028608.0,20105872.0,30.3033390045166,5922734.0,1000,0.0014730686228996278,346.1138985900879,13.0,3.394694409709537,3.394694409709537,screening metric for punctate-to-diffuse reporter redistribution; not rupture proof
E11,E,11,PLD3_mCherry_reporter_control,site0,32,"260312_Day32_WellE11_Channel405nm Binned,561 nm,488nm Binned_Seq0038.nd2",561nm Binned,488nm Binned,6,whole_field_foreground,stable_channel,704845,31077372.0,23927348.0,34.728755950927734,7150026.0,1014,0.0014386141633955854,403.3882760493713,13.0,3.346470068779701,3.346470068779701,screening metric for punctate-to-diffuse reporter redistribution; not rupture proof
E11,E,11,PLD3_mCherry_reporter_control,site0,36,"260316_Day36_WellE11_Channel405nm Binned,561nm Binned,488nm Binned_Seq0038.nd2",561nm Binned,488nm Binned,7,whole_field_foreground,stable_channel,871230,36615712.0,27556620.0,32.37088394165039,9059090.0,1122,0.0012878344409612986,398.7454475634026,14.0,3.041875066921397,3.041875066921397,screening metric for punctate-to-diffuse reporter redistribution; not rupture proof
E11,E,11,PLD3_mCherry_reporter_control,site0,39,"260319_Day39_WellE11_Channel405nm Binned,561nm Binned,488nm Binned_Seq0038.nd2",561nm Binned,488nm Binned,8,whole_field_foreground,stable_channel,849153,36062884.0,27452012.0,33.09345245361328,8610872.0,1047,0.0012329933474871631,387.77527935388775,15.0,3.1880641124379516,3.1880641124379516,screening metric for punctate-to-diffuse reporter redistribution; not rupture proof
E10,E,10,PLD3_mCherry_reporter_control,site0,8,"260216_Day8_iNeurons_WellE10_Channel405nm Binned,561nm Binned,488nm Binned_Seq0037.nd2",561nm Binned,488nm Binned,0,whole_field_foreground,stable_channel,731152,18456998.0,13150163.0,18.423555374145508,5306835.0,841,0.0011502396218554414,281.8949741540426,17.0,2.4779671875981677,2.4779671875981677,screening metric for punctate-to-diffuse reporter redistribution; not rupture proof
E10,E,10,PLD3_mCherry_reporter_control,site0,12,"260220_Day12_WellE10_Channel405nm Binned,561nm Binned,488nm Binned_Seq0037.nd2",561nm Binned,488nm Binned,1,whole_field_foreground,stable_channel,636300,18194340.0,13766181.0,22.14967918395996,4428159.0,721,0.0011331133113293523,268.8715516300704,16.0,3.1087820017295877,3.1087820017295877,screening metric for punctate-to-diffuse reporter redistribution; not rupture proof
E10,E,10,PLD3_mCherry_reporter_control,site0,16,"260224_day16_WellE10_Channel405nm Binned,561nm Binned,488nm Binned_Seq0037.nd2",561nm Binned,488nm Binned,2,whole_field_foreground,stable_channel,682550,27142332.0,20681360.0,31.011930465698242,6460970.0,794,0.0011632847410429077,377.91316361511383,14.0,3.200968275660899,3.200968275660899,screening metric for punctate-to-diffuse reporter redistribution; not rupture proof
E10,E,10,PLD3_mCherry_reporter_control,site0,20,"260228_day20_WellE10_Channel405nm Binned,561nm Binned,488nm Binned_Seq0037.nd2",561nm Binned,488nm Binned,3,whole_field_foreground,stable_channel,702754,30346284.0,23476320.0,34.1839714050293,6869965.0,948,0.0013489784476483251,397.68553332236246,13.0,3.4172401169433297,3.4172401169433297,screening metric for punctate-to-diffuse reporter redistribution; not rupture proof
E10,E,10,PLD3_mCherry_reporter_control,site0,25,"260305_day25_iNeurons_WellE10_Channel405nm Binned,561nm Binned,488nm Binned_Seq0037.nd2",561nm Binned,488nm Binned,4,whole_field_foreground,stable_channel,556559,15184294.0,11922501.0,21.906375885009766,3261793.0,818,0.0014697453459534932,236.53154452447495,12.0,3.6551985365093205,3.6551985365093205,screening metric for punctate-to-diffuse reporter redistribution; not rupture proof
E10,E,10,PLD3_mCherry_reporter_control,site0,29,"260309_Day29_WellE10_Channel405nm Binned,561nm Binned,488nm Binned_Seq0037.nd2",561nm Binned,488nm Binned,5,whole_field_foreground,stable_channel,765395,30193952.0,23387878.0,31.26136589050293,6806075.0,1117,0.0014593771843277531,359.1373709573635,13.0,3.4363238724222938,3.4363238724222938,screening metric for punctate-to-diffuse reporter redistribution; not rupture proof
E10,E,10,PLD3_mCherry_reporter_control,site0,32,"260312_Day32_WellE10_Channel405nm Binned,561 nm,488nm Binned_Seq0037.nd2",561nm Binned,488nm Binned,6,whole_field_foreground,stable_channel,769586,35643816.0,27886732.0,37.061981201171875,7757085.0,1153,0.00149820812748478,411.6579817733037,13.0,3.5950014728466173,3.5950014728466173,screening metric for punctate-to-diffuse reporter redistribution; not rupture proof
E10,E,10,PLD3_mCherry_reporter_control,site0,36,"260316_Day36_WellE10_Channel405nm Binned,561nm Binned,488nm Binned_Seq0037.nd2",561nm Binned,488nm Binned,7,whole_field_foreground,stable_channel,930025,43353024.0,33071880.0,36.39563751220703,10281146.0,1247,0.0013408241713918005,433.67198967952777,14.0,3.216750350592899,3.216750350592899,screening metric for punctate-to-diffuse reporter redistribution; not rupture proof
E10,E,10,PLD3_mCherry_reporter_control,site0,39,"260319_Day39_WellE10_Channel405nm Binned,561nm Binned,488nm Binned_Seq0037.nd2",561nm Binned,488nm Binned,8,whole_field_foreground,stable_channel,881974,41285976.0,31488156.0,36.54262161254883,9797817.0,1141,0.0012936889296041678,430.77314708820046,14.0,3.2137930316515186,3.2137930316515186,screening metric for punctate-to-diffuse reporter redistribution; not rupture proof
E06,E,06,PLD3_mCherry_reporter_control,site0,8,"260216_Day8_iNeurons_WellE06_Channel405nm Binned,561nm Binned,488nm Binned_Seq0033.nd2",561nm Binned,488nm Binned,0,whole_field_foreground,stable_channel,808450,19057956.0,13427627.0,17.014829635620117,5630330.0,906,0.0011206629970918168,271.8815603950955,18.0,2.3848738883862253,2.3848738883862253,screening metric for punctate-to-diffuse reporter redistribution; not rupture proof
E06,E,06,PLD3_mCherry_reporter_control,site0,12,"260220_Day12_WellE06_Channel405nm Binned,561nm Binned,488nm Binned_Seq0033.nd2",561nm Binned,488nm Binned,1,whole_field_foreground,stable_channel,749469,19002446.0,14253654.0,19.47521209716797,4748792.0,773,0.001031396895667424,237.5447215663816,18.0,3.0015326002901364,3.0015326002901364,screening metric for punctate-to-diffuse reporter redistribution; not rupture proof
E06,E,06,PLD3_mCherry_reporter_control,site0,16,"260224_day16_WellE06_Channel405nm Binned,561nm Binned,488nm Binned_Seq0033.nd2",561nm Binned,488nm Binned,2,whole_field_foreground,stable_channel,754519,27887406.0,20798148.0,28.225296020507812,7089257.0,818,0.0010841343955538772,369.0443087067173,17.0,2.933755681307232,2.933755681307232,screening metric for punctate-to-diffuse reporter redistribution; not rupture proof
E06,E,06,PLD3_mCherry_reporter_control,site0,20,"260228_day20_WellE06_Channel405nm Binned,561nm Binned,488nm Binned_Seq0033.nd2",561nm Binned,488nm Binned,3,whole_field_foreground,stable_channel,760437,29392192.0,22555832.0,30.35051155090332,6836360.0,992,0.0013045130628818633,367.882767000506,13.0,3.2993920741442375,3.2993920741442375,screening metric for punctate-to-diffuse reporter redistribution; not rupture proof
E06,E,06,PLD3_mCherry_reporter_control,site0,25,"260305_day25_iNeurons_WellE06_Channel405nm Binned,561nm Binned,488nm Binned_Seq0033.nd2",561nm Binned,488nm Binned,4,whole_field_foreground,stable_channel,624993,14586032.0,11410372.0,18.671154022216797,3175660.0,905,0.0014480162177793222,209.0984737417316,13.0,3.5930710466474394,3.5930710466474394,screening metric for punctate-to-diffuse reporter redistribution; not rupture proof
E06,E,06,PLD3_mCherry_reporter_control,site0,29,"260309_Day29_WellE06_Channel405nm Binned,561nm Binned,488nm Binned_Seq0033.nd2",561nm Binned,488nm Binned,5,whole_field_foreground,stable_channel,825253,30409838.0,23647152.0,29.31500244140625,6762687.0,1210,0.001466217026776678,329.09985342735104,13.0,3.4967095179765826,3.4967095179765826,screening metric for punctate-to-diffuse reporter redistribution; not rupture proof
E06,E,06,PLD3_mCherry_reporter_control,site0,32,"260312_Day32_WellE06_Channel405nm Binned,561 nm,488nm Binned_Seq0033.nd2",561nm Binned,488nm Binned,6,whole_field_foreground,stable_channel,868086,32739008.0,25326188.0,29.845584869384766,7412818.0,1210,0.0013938711141506788,343.83771748188116,13.0,3.4165398368065403,3.4165398368065403,screening metric for punctate-to-diffuse reporter redistribution; not rupture proof
E06,E,06,PLD3_mCherry_reporter_control,site0,36,"260316_Day36_WellE06_Channel405nm Binned,561nm Binned,488nm Binned_Seq0033.nd2",561nm Binned,488nm Binned,7,whole_field_foreground,stable_channel,1005969,39606176.0,30368058.0,30.89472007751465,9238117.0,1367,0.0013588887927944511,357.8010261050087,13.0,3.287256266617614,3.287256266617614,screening metric for punctate-to-diffuse reporter redistribution; not rupture proof
E06,E,06,PLD3_mCherry_reporter_control,site0,39,"260319_Day39_WellE06_Channel405nm Binned,561nm Binned,488nm Binned_Seq0033.nd2",561nm Binned,488nm Binned,8,whole_field_foreground,stable_channel,1125692,38406800.0,28858008.0,26.249013900756836,9548791.0,1385,0.0012303543065054826,316.39013841539514,14.0,3.022163538818367,3.022163538818367,screening metric for punctate-to-diffuse reporter redistribution; not rupture proof
E09,E,09,PLD3_mCherry_reporter_control,site0,8,"260216_Day8_iNeurons_WellE09_Channel405nm Binned,561nm Binned,488nm Binned_Seq0036.nd2",561nm Binned,488nm Binned,0,whole_field_foreground,stable_channel,766662,18522968.0,13131599.0,17.543628692626953,5391368.0,864,0.0011269633815147654,272.6382344563802,17.0,2.4356710578831873,2.4356710578831873,screening metric for punctate-to-diffuse reporter redistribution; not rupture proof
E09,E,09,PLD3_mCherry_reporter_control,site0,12,"260220_Day12_WellE09_Channel405nm Binned,561nm Binned,488nm Binned_Seq0036.nd2",561nm Binned,488nm Binned,1,whole_field_foreground,stable_channel,684282,18873058.0,14149001.0,21.17432403564453,4724057.0,762,0.0011135759818304244,265.33101191483144,16.0,2.9950953174352053,2.9950953174352053,screening metric for punctate-to-diffuse reporter redistribution; not rupture proof
E09,E,09,PLD3_mCherry_reporter_control,site0,16,"260224_day16_WellE09_Channel405nm Binned,561nm Binned,488nm Binned_Seq0036.nd2",561nm Binned,488nm Binned,2,whole_field_foreground,stable_channel,716625,27487496.0,20738556.0,29.630868911743164,6748940.0,831,0.0011596023024578273,369.5834996559703,15.0,3.0728612196873772,3.0728612196873772,screening metric for punctate-to-diffuse reporter redistribution; not rupture proof
E09,E,09,PLD3_mCherry_reporter_control,site0,20,"260228_day20_WellE09_Channel405nm Binned,561nm Binned,488nm Binned_Seq0036.nd2",561nm Binned,488nm Binned,3,whole_field_foreground,stable_channel,737516,30827828.0,23832148.0,33.06562423706055,6995680.0,1000,0.001355902787191931,386.6339620056152,13.0,3.406694988906953,3.406694988906953,screening metric for punctate-to-diffuse reporter redistribution; not rupture proof
E09,E,09,PLD3_mCherry_reporter_control,site0,25,"260305_day25_iNeurons_WellE09_Channel405nm Binned,561nm Binned,488nm Binned_Seq0036.nd2",561nm Binned,488nm Binned,4,whole_field_foreground,stable_channel,638374,15927430.0,12393424.0,19.862083435058594,3534006.0,919,0.0014395949709708736,218.60571323930245,13.0,3.5069051948402166,3.5069051948402166,screening metric for punctate-to-diffuse reporter redistribution; not rupture proof
E09,E,09,PLD3_mCherry_reporter_control,site0,29,"260309_Day29_WellE09_Channel405nm Binned,561nm Binned,488nm Binned_Seq0036.nd2",561nm Binned,488nm Binned,5,whole_field_foreground,stable_channel,830072,30222780.0,23129672.0,28.507356643676758,7093109.0,1170,0.0014095162829231567,337.72819041716747,13.0,3.260865158000073,3.260865158000073,screening metric for punctate-to-diffuse reporter redistribution; not rupture proof
E09,E,09,PLD3_mCherry_reporter_control,site0,32,"260312_Day32_WellE09_Channel405nm Binned,561 nm,488nm Binned_Seq0036.nd2",561nm Binned,488nm Binned,6,whole_field_foreground,stable_channel,791054,35807060.0,27773344.0,35.910526275634766,8033713.0,1164,0.0014714545403961405,412.0377171965399,12.0,3.457099351196208,3.457099351196208,screening metric for punctate-to-diffuse reporter redistribution; not rupture proof
E09,E,09,PLD3_mCherry_reporter_control,site0,36,"260316_Day36_WellE09_Channel405nm Binned,561nm Binned,488nm Binned_Seq0036.nd2",561nm Binned,488nm Binned,7,whole_field_foreground,stable_channel,979631,40620256.0,30765298.0,32.14664077758789,9854958.0,1282,0.00130865601435509,390.84782279932557,14.0,3.1218091441888314,3.1218091441888314,screening metric for punctate-to-diffuse reporter redistribution; not rupture proof
E09,E,09,PLD3_mCherry_reporter_control,site0,39,"260319_Day39_WellE09_Channel405nm Binned,561nm Binned,488nm Binned_Seq0036.nd2",561nm Binned,488nm Binned,8,whole_field_foreground,stable_channel,1010287,37313440.0,27936538.0,28.312814712524414,9376905.0,1238,0.0012253943681337824,347.5788071097773,15.0,2.97929199453306,2.97929199453306,screening metric for punctate-to-diffuse reporter redistribution; not rupture proof
E08,E,08,PLD3_mCherry_reporter_control,site0,8,"260216_Day8_iNeurons_WellE08_Channel405nm Binned,561nm Binned,488nm Binned_Seq0035.nd2",561nm Binned,488nm Binned,0,whole_field_foreground,stable_channel,822802,20051916.0,14335063.0,17.84246253967285,5716854.0,919,0.001116915126602613,269.66920678737506,17.0,2.507509025068244,2.507509025068244,screening metric for punctate-to-diffuse reporter redistribution; not rupture proof
E08,E,08,PLD3_mCherry_reporter_control,site0,12,"260220_Day12_WellE08_Channel405nm Binned,561nm Binned,488nm Binned_Seq0035.nd2",561nm Binned,488nm Binned,1,whole_field_foreground,stable_channel,765359,20784276.0,15681497.0,20.978900909423828,5102780.0,817,0.0010674729114035799,252.28832732332526,17.0,3.073128177189086,3.073128177189086,screening metric for punctate-to-diffuse reporter redistribution; not rupture proof
E08,E,08,PLD3_mCherry_reporter_control,site0,16,"260224_day16_WellE08_Channel405nm Binned,561nm Binned,488nm Binned_Seq0035.nd2",561nm Binned,488nm Binned,2,whole_field_foreground,stable_channel,787865,31704632.0,23718174.0,30.82039451599121,7986459.0,910,0.001155020212852259,395.8757154192243,15.0,2.9697985051944835,2.9697985051944835,screening metric for punctate-to-diffuse reporter redistribution; not rupture proof
E08,E,08,PLD3_mCherry_reporter_control,site0,20,"260228_day20_WellE08_Channel405nm Binned,561nm Binned,488nm Binned_Seq0035.nd2",561nm Binned,488nm Binned,3,whole_field_foreground,stable_channel,817380,33597120.0,25907876.0,32.43288803100586,7689246.0,1061,0.0012980498666455037,388.74433913307297,14.0,3.369364954638807,3.369364954638807,screening metric for punctate-to-diffuse reporter redistribution; not rupture proof
E08,E,08,PLD3_mCherry_reporter_control,site0,25,"260305_day25_iNeurons_WellE08_Channel405nm Binned,561nm Binned,488nm Binned_Seq0035.nd2",561nm Binned,488nm Binned,4,whole_field_foreground,stable_channel,581368,16504529.0,13091282.0,23.02261734008789,3413247.0,879,0.0015119511221781867,242.90757767088178,12.0,3.835433532936868,3.835433532936868,screening metric for punctate-to-diffuse reporter redistribution; not rupture proof
E08,E,08,PLD3_mCherry_reporter_control,site0,29,"260309_Day29_WellE08_Channel405nm Binned,561nm Binned,488nm Binned_Seq0035.nd2",561nm Binned,488nm Binned,5,whole_field_foreground,stable_channel,816755,35033880.0,27212672.0,34.075130462646484,7821207.0,1224,0.001498613415281818,389.63928046880983,12.0,3.4793443006938083,3.4793443006938083,screening metric for punctate-to-diffuse reporter redistribution; not rupture proof
E08,E,08,PLD3_mCherry_reporter_control,site0,32,"260312_Day32_WellE08_Channel405nm Binned,561 nm,488nm Binned_Seq0035.nd2",561nm Binned,488nm Binned,6,whole_field_foreground,stable_channel,855458,38465536.0,29767616.0,35.59127426147461,8697918.0,1230,0.0014378262872035356,410.331993549626,12.0,3.4223840693826473,3.4223840693826473,screening metric for punctate-to-diffuse reporter redistribution; not rupture proof
E08,E,08,PLD3_mCherry_reporter_control,site0,36,"260316_Day36_WellE08_Channel405nm Binned,561nm Binned,488nm Binned_Seq0035.nd2",561nm Binned,488nm Binned,7,whole_field_foreground,stable_channel,989224,45851460.0,34794040.0,35.996429443359375,11057417.0,1349,0.0013636951792502369,437.57671012906695,13.0,3.1466697873469776,3.1466697873469776,screening metric for punctate-to-diffuse reporter redistribution; not rupture proof
E08,E,08,PLD3_mCherry_reporter_control,site0,39,"260319_Day39_WellE08_Channel405nm Binned,561nm Binned,488nm Binned_Seq0035.nd2",561nm Binned,488nm Binned,8,whole_field_foreground,stable_channel,1006242,41211820.0,31324764.0,31.873920440673828,9887057.0,1305,0.0012969047207318945,368.5662096045483,14.0,3.1682596752498577,3.1682596752498577,screening metric for punctate-to-diffuse reporter redistribution; not rupture proof
E12,E,12,PLD3_mCherry_reporter_control,site0,8,"260216_Day8_iNeurons_WellE12_Channel405nm Binned,561nm Binned,488nm Binned_Seq0039.nd2",561nm Binned,488nm Binned,0,whole_field_foreground,stable_channel,772095,18493176.0,13054212.0,17.319686889648438,5438965.0,841,0.0010892441992227779,271.51697945793234,18.0,2.400127965522411,2.400127965522411,screening metric for punctate-to-diffuse reporter redistribution; not rupture proof
E12,E,12,PLD3_mCherry_reporter_control,site0,12,"260220_Day12_WellE12_Channel405nm Binned,561nm Binned,488nm Binned_Seq0039.nd2",561nm Binned,488nm Binned,1,whole_field_foreground,stable_channel,641666,17207580.0,12840109.0,20.48903465270996,4367470.0,694,0.0010815595652550055,256.7088944822636,17.0,2.939942117518165,2.939942117518165,screening metric for punctate-to-diffuse reporter redistribution; not rupture proof
E12,E,12,PLD3_mCherry_reporter_control,site0,16,"260224_day16_WellE12_Channel405nm Binned,561nm Binned,488nm Binned_Seq0039.nd2",561nm Binned,488nm Binned,2,whole_field_foreground,stable_channel,712531,26923776.0,20094314.0,28.878692626953125,6829461.0,789,0.0011073202429071755,373.83041230988596,15.0,2.9422986674932408,2.9422986674932408,screening metric for punctate-to-diffuse reporter redistribution; not rupture proof
E12,E,12,PLD3_mCherry_reporter_control,site0,20,"260228_day20_WellE12_Channel405nm Binned,561nm Binned,488nm Binned_Seq0039.nd2",561nm Binned,488nm Binned,3,whole_field_foreground,stable_channel,748806,29101888.0,22490854.0,30.734111785888672,6611034.0,975,0.0013020729000551518,357.4872221648387,13.0,3.4020175966417048,3.4020175966417048,screening metric for punctate-to-diffuse reporter redistribution; not rupture proof
E12,E,12,PLD3_mCherry_reporter_control,site0,25,"260305_day25_iNeurons_WellE12_Channel405nm Binned,561nm Binned,488nm Binned_Seq0039.nd2",561nm Binned,488nm Binned,4,whole_field_foreground,stable_channel,642922,15336195.0,11845056.0,18.851078033447266,3491139.0,930,0.0014465207287953335,215.32927045924689,12.0,3.3928915462823475,3.3928915462823475,screening metric for punctate-to-diffuse reporter redistribution; not rupture proof
E12,E,12,PLD3_mCherry_reporter_control,site0,29,"260309_Day29_WellE12_Channel405nm Binned,561nm Binned,488nm Binned_Seq0039.nd2",561nm Binned,488nm Binned,5,whole_field_foreground,stable_channel,793826,29504654.0,22849532.0,29.448650360107422,6655121.0,1160,0.001461277408397481,335.2617671966553,12.0,3.433375892038111,3.433375892038111,screening metric for punctate-to-diffuse reporter redistribution; not rupture proof
E12,E,12,PLD3_mCherry_reporter_control,site0,32,"260312_Day32_WellE12_Channel405nm Binned,561 nm,488nm Binned_Seq0039.nd2",561nm Binned,488nm Binned,6,whole_field_foreground,stable_channel,829417,35072720.0,26792676.0,33.052730560302734,8280042.0,1171,0.0014118350600465003,389.8847973804816,13.0,3.2358140212328346,3.2358140212328346,screening metric for punctate-to-diffuse reporter redistribution; not rupture proof
E12,E,12,PLD3_mCherry_reporter_control,site0,36,"260316_Day36_WellE12_Channel405nm Binned,561nm Binned,488nm Binned_Seq0039.nd2",561nm Binned,488nm Binned,7,whole_field_foreground,stable_channel,968810,41107820.0,30762296.0,32.5037841796875,10345524.0,1265,0.0013057255808659018,405.21076807316115,14.0,2.9734884380913935,2.9734884380913935,screening metric for punctate-to-diffuse reporter redistribution; not rupture proof
E12,E,12,PLD3_mCherry_reporter_control,site0,39,"260319_Day39_WellE12_Channel405nm Binned,561nm Binned,488nm Binned_Seq0039.nd2",561nm Binned,488nm Binned,8,whole_field_foreground,stable_channel,1055856,42123520.0,31569906.0,30.614519119262695,10553617.0,1301,0.0012321755997018228,380.83611238378455,15.0,2.9913825752817265,2.9913825752817265,screening metric for punctate-to-diffuse reporter redistribution; not rupture proof
E05,E,05,PLD3_mCherry_reporter_control,site0,8,"260216_Day8_iNeurons_WellE05_Channel405nm Binned,561nm Binned,488nm Binned_Seq0032.nd2",561nm Binned,488nm Binned,0,whole_field_foreground,stable_channel,815464,19448892.0,13929476.0,17.493934631347656,5519417.0,949,0.001163754623133377,262.51807858594725,16.0,2.5237223424136057,2.5237223424136057,screening metric for punctate-to-diffuse reporter redistribution; not rupture proof
E05,E,05,PLD3_mCherry_reporter_control,site0,12,"260220_Day12_WellE05_Channel405nm Binned,561nm Binned,488nm Binned_Seq0032.nd2",561nm Binned,488nm Binned,1,whole_field_foreground,stable_channel,781041,19929592.0,14982713.0,19.639955520629883,4946878.0,856,0.001095973194747656,240.69702218848968,16.0,3.0287209427839072,3.0287209427839072,screening metric for punctate-to-diffuse reporter redistribution; not rupture proof
E05,E,05,PLD3_mCherry_reporter_control,site0,16,"260224_day16_WellE05_Channel405nm Binned,561nm Binned,488nm Binned_Seq0032.nd2",561nm Binned,488nm Binned,2,whole_field_foreground,stable_channel,777770,29536968.0,22297352.0,29.3529109954834,7239617.0,865,0.001112153978681214,366.97601159597406,16.0,3.079907680198679,3.079907680198679,screening metric for punctate-to-diffuse reporter redistribution; not rupture proof
E05,E,05,PLD3_mCherry_reporter_control,site0,20,"260228_day20_WellE05_Channel405nm Binned,561nm Binned,488nm Binned_Seq0032.nd2",561nm Binned,488nm Binned,3,whole_field_foreground,stable_channel,883372,31926082.0,24386798.0,28.252765655517578,7539285.0,1097,0.00124183243299398,342.19637509313844,14.0,3.234630074336859,3.234630074336859,screening metric for punctate-to-diffuse reporter redistribution; not rupture proof
E05,E,05,PLD3_mCherry_reporter_control,site0,25,"260305_day25_iNeurons_WellE05_Channel405nm Binned,561nm Binned,488nm Binned_Seq0032.nd2",561nm Binned,488nm Binned,4,whole_field_foreground,stable_channel,658235,16830942.0,13310581.0,20.680871963500977,3520361.0,993,0.001508579762544519,219.85671553751013,12.0,3.7810272866891266,3.7810272866891266,screening metric for punctate-to-diffuse reporter redistribution; not rupture proof
E05,E,05,PLD3_mCherry_reporter_control,site0,29,"260309_Day29_WellE05_Channel405nm Binned,561nm Binned,488nm Binned_Seq0032.nd2",561nm Binned,488nm Binned,5,whole_field_foreground,stable_channel,889801,32922826.0,25652946.0,29.49021339416504,7269881.0,1303,0.0014643723708992636,328.98362372421064,12.0,3.528661060613849,3.528661060613849,screening metric for punctate-to-diffuse reporter redistribution; not rupture proof
E05,E,05,PLD3_mCherry_reporter_control,site0,32,"260312_Day32_WellE05_Channel405nm Binned,561 nm,488nm Binned_Seq0032.nd2",561nm Binned,488nm Binned,6,whole_field_foreground,stable_channel,899079,37059672.0,29001148.0,32.996910095214844,8058526.0,1271,0.001413668876704479,358.03702261239687,12.0,3.598815465755946,3.598815465755946,screening metric for punctate-to-diffuse reporter redistribution; not rupture proof
E05,E,05,PLD3_mCherry_reporter_control,site0,36,"260316_Day36_WellE05_Channel405nm Binned,561nm Binned,488nm Binned_Seq0032.nd2",561nm Binned,488nm Binned,7,whole_field_foreground,stable_channel,966044,43934912.0,34263016.0,36.28288269042969,9671899.0,1357,0.0014046979226604536,400.10861832373445,12.0,3.542532443731728,3.542532443731728,screening metric for punctate-to-diffuse reporter redistribution; not rupture proof
E05,E,05,PLD3_mCherry_reporter_control,site0,39,"260319_Day39_WellE05_Channel405nm Binned,561nm Binned,488nm Binned_Seq0032.nd2",561nm Binned,488nm Binned,8,whole_field_foreground,stable_channel,1107642,41704844.0,31897168.0,29.482492446899414,9807676.0,1356,0.0012242222667601767,335.8922763588154,15.0,3.2522656743551424,3.2522656743551424,screening metric for punctate-to-diffuse reporter redistribution; not rupture proof
E13,E,13,PLD3_mCherry_reporter_control,site0,8,"260216_Day8_iNeurons_WellE13_Channel405nm Binned,561nm Binned,488nm Binned_Seq0040.nd2",561nm Binned,488nm Binned,0,whole_field_foreground,stable_channel,720811,17296874.0,12174724.0,17.300792694091797,5122150.0,815,0.0011306708693386606,271.2446518412397,17.0,2.376877678318211,2.376877678318211,screening metric for punctate-to-diffuse reporter redistribution; not rupture proof
E13,E,13,PLD3_mCherry_reporter_control,site0,12,"260220_Day12_WellE13_Channel405nm Binned,561nm Binned,488nm Binned_Seq0040.nd2",561nm Binned,488nm Binned,1,whole_field_foreground,stable_channel,623765,16225268.0,12289168.0,20.172632217407227,3936100.0,705,0.001130233341080166,237.2771590212558,16.0,3.122168644088534,3.122168644088534,screening metric for punctate-to-diffuse reporter redistribution; not rupture proof
E13,E,13,PLD3_mCherry_reporter_control,site0,16,"260224_day16_WellE13_Channel405nm Binned,561nm Binned,488nm Binned_Seq0040.nd2",561nm Binned,488nm Binned,2,whole_field_foreground,stable_channel,656538,24911428.0,18831278.0,29.36536979675293,6080150.0,751,0.001143878952930152,362.37851925378794,15.0,3.0971732605276023,3.0971732605276023,screening metric for punctate-to-diffuse reporter redistribution; not rupture proof
E13,E,13,PLD3_mCherry_reporter_control,site0,20,"260228_day20_WellE13_Channel405nm Binned,561nm Binned,488nm Binned_Seq0040.nd2",561nm Binned,488nm Binned,3,whole_field_foreground,stable_channel,678760,27146864.0,20974652.0,31.619712829589844,6172213.0,861,0.001268489598678077,371.66299346321273,13.0,3.3982385248202873,3.3982385248202873,screening metric for punctate-to-diffuse reporter redistribution; not rupture proof
E13,E,13,PLD3_mCherry_reporter_control,site0,25,"260305_day25_iNeurons_WellE13_Channel405nm Binned,561nm Binned,488nm Binned_Seq0040.nd2",561nm Binned,488nm Binned,4,whole_field_foreground,stable_channel,486690,13809551.0,11129048.0,23.375492095947266,2680503.0,723,0.0014855452135825976,230.59482865709487,12.0,4.151850604157447,4.151850604157447,screening metric for punctate-to-diffuse reporter redistribution; not rupture proof
E13,E,13,PLD3_mCherry_reporter_control,site0,29,"260309_Day29_WellE13_Channel405nm Binned,561nm Binned,488nm Binned_Seq0040.nd2",561nm Binned,488nm Binned,5,whole_field_foreground,stable_channel,684699,28453788.0,22276400.0,33.27512741088867,6177388.0,1015,0.0014824032165937405,365.30111112547627,12.0,3.6061196091287115,3.6061196091287115,screening metric for punctate-to-diffuse reporter redistribution; not rupture proof
E13,E,13,PLD3_mCherry_reporter_control,site0,32,"260312_Day32_WellE13_Channel405nm Binned,561 nm,488nm Binned_Seq0040.nd2",561nm Binned,488nm Binned,6,whole_field_foreground,stable_channel,796925,32830176.0,25238496.0,32.4080696105957,7591680.0,1110,0.0013928537817217519,377.62613731590477,13.0,3.3244941831052777,3.3244941831052777,screening metric for punctate-to-diffuse reporter redistribution; not rupture proof
E13,E,13,PLD3_mCherry_reporter_control,site0,36,"260316_Day36_WellE13_Channel405nm Binned,561nm Binned,488nm Binned_Seq0040.nd2",561nm Binned,488nm Binned,7,whole_field_foreground,stable_channel,927227,38234544.0,28977382.0,31.9880313873291,9257160.0,1261,0.0013599690259220665,382.9378454463998,13.0,3.1302669501225937,3.1302669501225937,screening metric for punctate-to-diffuse reporter redistribution; not rupture proof
E13,E,13,PLD3_mCherry_reporter_control,site0,39,"260319_Day39_WellE13_Channel405nm Binned,561nm Binned,488nm Binned_Seq0040.nd2",561nm Binned,488nm Binned,8,whole_field_foreground,stable_channel,855953,38849392.0,29872916.0,35.71836853027344,8976476.0,1109,0.0012956318863286936,406.44286172383534,13.0,3.3279113095157467,3.3279113095157467,screening metric for punctate-to-diffuse reporter redistribution; not rupture proof
E14,E,14,PLD3_mCherry_reporter_control,site0,8,"260216_Day8_iNeurons_WellE14_Channel405nm Binned,561nm Binned,488nm Binned_Seq0041.nd2",561nm Binned,488nm Binned,0,whole_field_foreground,stable_channel,799325,18920932.0,13502300.0,17.305049896240234,5418632.0,858,0.0010734056860462597,260.06027045616736,19.0,2.4918281957507924,2.4918281957507924,screening metric for punctate-to-diffuse reporter redistribution; not rupture proof
E14,E,14,PLD3_mCherry_reporter_control,site0,12,"260220_Day12_WellE14_Channel405nm Binned,561nm Binned,488nm Binned_Seq0041.nd2",561nm Binned,488nm Binned,1,whole_field_foreground,stable_channel,710960,17872480.0,13299532.0,19.15911865234375,4572949.0,726,0.0010211544953288214,235.14122766962393,18.0,2.9083053408199153,2.9083053408199153,screening metric for punctate-to-diffuse reporter redistribution; not rupture proof
E14,E,14,PLD3_mCherry_reporter_control,site0,16,"260224_day16_WellE14_Channel405nm Binned,561nm Binned,488nm Binned_Seq0041.nd2",561nm Binned,488nm Binned,2,whole_field_foreground,stable_channel,794594,28222100.0,20870408.0,26.897281646728516,7351692.0,826,0.0010395245873980428,356.6107343438174,17.0,2.8388577758694407,2.8388577758694407,screening metric for punctate-to-diffuse reporter redistribution; not rupture proof
E14,E,14,PLD3_mCherry_reporter_control,site0,20,"260228_day20_WellE14_Channel405nm Binned,561nm Binned,488nm Binned_Seq0041.nd2",561nm Binned,488nm Binned,3,whole_field_foreground,stable_channel,818277,30041072.0,22770152.0,28.484052658081055,7270919.0,1018,0.001244077494538837,357.2447906074449,14.0,3.1316745517309252,3.1316745517309252,screening metric for punctate-to-diffuse reporter redistribution; not rupture proof
E14,E,14,PLD3_mCherry_reporter_control,site0,25,"260305_day25_iNeurons_WellE14_Channel405nm Binned,561nm Binned,488nm Binned_Seq0041.nd2",561nm Binned,488nm Binned,4,whole_field_foreground,stable_channel,721318,15709981.0,12149256.0,17.235015869140625,3560725.0,988,0.001369714883031659,194.73283445690325,13.0,3.412017496435863,3.412017496435863,screening metric for punctate-to-diffuse reporter redistribution; not rupture proof
E14,E,14,PLD3_mCherry_reporter_control,site0,29,"260309_Day29_WellE14_Channel405nm Binned,561nm Binned,488nm Binned_Seq0041.nd2",561nm Binned,488nm Binned,5,whole_field_foreground,stable_channel,871749,30424436.0,23133672.0,27.154586791992188,7290762.0,1248,0.0014316047394359712,329.0450382232666,13.0,3.17301154529483,3.17301154529483,screening metric for punctate-to-diffuse reporter redistribution; not rupture proof
E14,E,14,PLD3_mCherry_reporter_control,site0,32,"260312_Day32_WellE14_Channel405nm Binned,561 nm,488nm Binned_Seq0041.nd2",561nm Binned,488nm Binned,6,whole_field_foreground,stable_channel,914176,35174952.0,26214108.0,29.349090576171875,8960844.0,1275,0.0013946986138321344,381.76107895795036,14.0,2.925406133618337,2.925406133618337,screening metric for punctate-to-diffuse reporter redistribution; not rupture proof
E14,E,14,PLD3_mCherry_reporter_control,site0,36,"260316_Day36_WellE14_Channel405nm Binned,561nm Binned,488nm Binned_Seq0041.nd2",561nm Binned,488nm Binned,7,whole_field_foreground,stable_channel,1039495,42472832.0,31391108.0,30.91522979736328,11081726.0,1292,0.0012429112213130002,404.35179838528944,14.0,2.832691225175317,2.832691225175317,screening metric for punctate-to-diffuse reporter redistribution; not rupture proof
E14,E,14,PLD3_mCherry_reporter_control,site0,39,"260319_Day39_WellE14_Channel405nm Binned,561nm Binned,488nm Binned_Seq0041.nd2",561nm Binned,488nm Binned,8,whole_field_foreground,stable_channel,964007,45749244.0,34791496.0,36.93827438354492,10957748.0,1263,0.0013101564615181113,436.90904732384763,14.0,3.1750589628449957,3.1750589628449957,screening metric for punctate-to-diffuse reporter redistribution; not rupture proof
E15,E,15,PLD3_mCherry_reporter_control,site0,8,"260216_Day8_iNeurons_WellE15_Channel405nm Binned,561nm Binned,488nm Binned_Seq0042.nd2",561nm Binned,488nm Binned,0,whole_field_foreground,stable_channel,695033,16083875.0,11433608.0,16.850109100341797,4650267.0,759,0.001092034478936839,256.48045920069194,18.0,2.4586992531821377,2.4586992531821377,screening metric for punctate-to-diffuse reporter redistribution; not rupture proof
E15,E,15,PLD3_mCherry_reporter_control,site0,12,"260220_Day12_WellE15_Channel405nm Binned,561nm Binned,488nm Binned_Seq0042.nd2",561nm Binned,488nm Binned,1,whole_field_foreground,stable_channel,613937,15319397.0,11603502.0,19.352619171142578,3715895.0,664,0.001081544197529907,228.27742491572735,16.0,3.122666813781573,3.122666813781573,screening metric for punctate-to-diffuse reporter redistribution; not rupture proof
E15,E,15,PLD3_mCherry_reporter_control,site0,16,"260224_day16_WellE15_Channel405nm Binned,561nm Binned,488nm Binned_Seq0042.nd2",561nm Binned,488nm Binned,2,whole_field_foreground,stable_channel,636828,23817012.0,17953928.0,28.854768753051758,5863085.0,675,0.0010599408317456833,365.45966993543834,15.0,3.0621981431271994,3.0621981431271994,screening metric for punctate-to-diffuse reporter redistribution; not rupture proof
E15,E,15,PLD3_mCherry_reporter_control,site0,20,"260228_day20_WellE15_Channel405nm Binned,561nm Binned,488nm Binned_Seq0042.nd2",561nm Binned,488nm Binned,3,whole_field_foreground,stable_channel,665543,26840342.0,20670412.0,31.782543182373047,6169929.0,845,0.0012696399781813202,373.7654713647605,13.0,3.3501863635702533,3.3501863635702533,screening metric for punctate-to-diffuse reporter redistribution; not rupture proof
E15,E,15,PLD3_mCherry_reporter_control,site0,25,"260305_day25_iNeurons_WellE15_Channel405nm Binned,561nm Binned,488nm Binned_Seq0042.nd2",561nm Binned,488nm Binned,4,whole_field_foreground,stable_channel,541770,14919329.0,11734985.0,22.155818939208984,3184344.0,779,0.001437879542976839,238.13890645684572,12.0,3.685212715710462,3.685212715710462,screening metric for punctate-to-diffuse reporter redistribution; not rupture proof
E15,E,15,PLD3_mCherry_reporter_control,site0,29,"260309_Day29_WellE15_Channel405nm Binned,561nm Binned,488nm Binned_Seq0042.nd2",561nm Binned,488nm Binned,5,whole_field_foreground,stable_channel,702045,26856132.0,20909072.0,30.46468734741211,5947059.0,1035,0.0014742644702241676,341.97885580016793,12.0,3.515867591022131,3.515867591022131,screening metric for punctate-to-diffuse reporter redistribution; not rupture proof
E15,E,15,PLD3_mCherry_reporter_control,site0,32,"260312_Day32_WellE15_Channel405nm Binned,561 nm,488nm Binned_Seq0042.nd2",561nm Binned,488nm Binned,6,whole_field_foreground,stable_channel,803312,29974942.0,22873880.0,29.13617706298828,7101062.0,1110,0.0013817794331450522,350.0717223433761,13.0,3.2211914217896953,3.2211914217896953,screening metric for punctate-to-diffuse reporter redistribution; not rupture proof
E15,E,15,PLD3_mCherry_reporter_control,site0,36,"260316_Day36_WellE15_Channel405nm Binned,561nm Binned,488nm Binned_Seq0042.nd2",561nm Binned,488nm Binned,7,whole_field_foreground,stable_channel,901854,37004256.0,27983162.0,31.75999641418457,9021093.0,1195,0.0013250481785285367,388.86588785977546,14.0,3.1019702379741454,3.1019702379741454,screening metric for punctate-to-diffuse reporter redistribution; not rupture proof
E15,E,15,PLD3_mCherry_reporter_control,site0,39,"260319_Day39_WellE15_Channel405nm Binned,561nm Binned,488nm Binned_Seq0042.nd2",561nm Binned,488nm Binned,8,whole_field_foreground,stable_channel,791235,35184236.0,26810442.0,34.68510437011719,8373796.0,1016,0.001284068576337897,409.19994357251744,14.0,3.201707087203557,3.201707087203557,screening metric for punctate-to-diffuse reporter redistribution; not rupture proof
E16,E,16,PLD3_mCherry_reporter_control,site0,8,"260216_Day8_iNeurons_WellE16_Channel405nm Binned,561nm Binned,488nm Binned_Seq0043.nd2",561nm Binned,488nm Binned,0,whole_field_foreground,stable_channel,794447,19465136.0,13979111.0,18.022865295410156,5486024.0,892,0.00112279359101221,266.10621939004807,17.0,2.548131579445779,2.548131579445779,screening metric for punctate-to-diffuse reporter redistribution; not rupture proof
E16,E,16,PLD3_mCherry_reporter_control,site0,12,"260220_Day12_WellE16_Channel405nm Binned,561nm Binned,488nm Binned_Seq0043.nd2",561nm Binned,488nm Binned,1,whole_field_foreground,stable_channel,701713,19091576.0,14515668.0,21.180892944335938,4575908.0,754,0.0010745133694244305,248.48661140421657,17.0,3.1721940213826034,3.1721940213826034,screening metric for punctate-to-diffuse reporter redistribution; not rupture proof
E16,E,16,PLD3_mCherry_reporter_control,site0,16,"260224_day16_WellE16_Channel405nm Binned,561nm Binned,488nm Binned_Seq0043.nd2",561nm Binned,488nm Binned,2,whole_field_foreground,stable_channel,760662,29299572.0,22101560.0,29.747861862182617,7198012.0,839,0.0011029866090312083,371.4953692394161,16.0,3.070508912738257,3.070508912738257,screening metric for punctate-to-diffuse reporter redistribution; not rupture proof
E16,E,16,PLD3_mCherry_reporter_control,site0,20,"260228_day20_WellE16_Channel405nm Binned,561nm Binned,488nm Binned_Seq0043.nd2",561nm Binned,488nm Binned,3,whole_field_foreground,stable_channel,777713,32143122.0,24836384.0,32.67691421508789,7306738.0,956,0.001229245235708765,381.887270093463,14.0,3.3991069612728144,3.3991069612728144,screening metric for punctate-to-diffuse reporter redistribution; not rupture proof
E16,E,16,PLD3_mCherry_reporter_control,site0,25,"260305_day25_iNeurons_WellE16_Channel405nm Binned,561nm Binned,488nm Binned_Seq0043.nd2",561nm Binned,488nm Binned,4,whole_field_foreground,stable_channel,672638,16662185.0,13023208.0,19.801830291748047,3638977.0,953,0.0014168096360874397,218.40776218922667,12.0,3.5788101985795517,3.5788101985795517,screening metric for punctate-to-diffuse reporter redistribution; not rupture proof
E16,E,16,PLD3_mCherry_reporter_control,site0,29,"260309_Day29_WellE16_Channel405nm Binned,561nm Binned,488nm Binned_Seq0043.nd2",561nm Binned,488nm Binned,5,whole_field_foreground,stable_channel,820318,33282424.0,25812348.0,32.18388748168945,7470078.0,1192,0.0014530950192468614,367.64258412866786,12.0,3.4554321922738347,3.4554321922738347,screening metric for punctate-to-diffuse reporter redistribution; not rupture proof
E16,E,16,PLD3_mCherry_reporter_control,site0,32,"260312_Day32_WellE16_Channel405nm Binned,561 nm,488nm Binned_Seq0043.nd2",561nm Binned,488nm Binned,6,whole_field_foreground,stable_channel,889699,37564356.0,29036308.0,33.39521789550781,8528048.0,1278,0.0014364408637062237,379.55231046005036,12.5,3.4048011924881982,3.4048011924881982,screening metric for punctate-to-diffuse reporter redistribution; not rupture proof
E16,E,16,PLD3_mCherry_reporter_control,site0,36,"260316_Day36_WellE16_Channel405nm Binned,561nm Binned,488nm Binned_Seq0043.nd2",561nm Binned,488nm Binned,7,whole_field_foreground,stable_channel,1018925,44744400.0,34248292.0,34.395782470703125,10496108.0,1354,0.0013288514856330655,404.84207703267805,14.0,3.2629515626169945,3.2629515626169945,screening metric for punctate-to-diffuse reporter redistribution; not rupture proof
E16,E,16,PLD3_mCherry_reporter_control,site0,39,"260319_Day39_WellE16_Channel405nm Binned,561nm Binned,488nm Binned_Seq0043.nd2",561nm Binned,488nm Binned,8,whole_field_foreground,stable_channel,1001421,44730584.0,34302920.0,35.05997085571289,10427661.0,1253,0.0012512220135175404,400.75677948119824,14.0,3.2896082831995317,3.2896082831995317,screening metric for punctate-to-diffuse reporter redistribution; not rupture proof
E20,E,20,PLD3_mCherry_reporter_control,site0,8,"260216_Day8_iNeurons_WellE20_Channel405nm Binned,561nm Binned,488nm Binned_Seq0047.nd2",561nm Binned,488nm Binned,0,whole_field_foreground,stable_channel,679075,16627255.0,11910789.0,17.96333885192871,4716466.0,754,0.0011103339100966604,272.34838824689547,18.0,2.525363057848286,2.525363057848286,screening metric for punctate-to-diffuse reporter redistribution; not rupture proof
E20,E,20,PLD3_mCherry_reporter_control,site0,12,"260220_Day12_WellE20_Channel405nm Binned,561nm Binned,488nm Binned_Seq0047.nd2",561nm Binned,488nm Binned,1,whole_field_foreground,stable_channel,607128,16008150.0,11959089.0,20.171724319458008,4049061.0,653,0.0010755557312443578,254.11838906537884,17.0,2.953546266652206,2.953546266652206,screening metric for punctate-to-diffuse reporter redistribution; not rupture proof
E20,E,20,PLD3_mCherry_reporter_control,site0,16,"260224_day16_WellE20_Channel405nm Binned,561nm Binned,488nm Binned_Seq0047.nd2",561nm Binned,488nm Binned,2,whole_field_foreground,stable_channel,655388,24064252.0,17936244.0,28.02341079711914,6128009.0,725,0.0011062149444281766,367.3881657462284,16.0,2.9269284689361705,2.9269284689361705,screening metric for punctate-to-diffuse reporter redistribution; not rupture proof
E20,E,20,PLD3_mCherry_reporter_control,site0,20,"260228_day20_WellE20_Channel405nm Binned,561nm Binned,488nm Binned_Seq0047.nd2",561nm Binned,488nm Binned,3,whole_field_foreground,stable_channel,669433,25313306.0,19570148.0,29.912933349609375,5743157.0,854,0.001275706456058671,346.65188848776893,13.0,3.4075592918662316,3.4075592918662316,screening metric for punctate-to-diffuse reporter redistribution; not rupture proof
E20,E,20,PLD3_mCherry_reporter_control,site0,25,"260305_day25_iNeurons_WellE20_Channel405nm Binned,561nm Binned,488nm Binned_Seq0047.nd2",561nm Binned,488nm Binned,4,whole_field_foreground,stable_channel,527343,13287380.0,10613345.0,20.577112197875977,2674035.0,760,0.001441187234870964,210.32403497193988,12.0,3.969037428454015,3.969037428454015,screening metric for punctate-to-diffuse reporter redistribution; not rupture proof
E20,E,20,PLD3_mCherry_reporter_control,site0,29,"260309_Day29_WellE20_Channel405nm Binned,561nm Binned,488nm Binned_Seq0047.nd2",561nm Binned,488nm Binned,5,whole_field_foreground,stable_channel,742681,25553212.0,19926128.0,27.448423385620117,5627085.0,1072,0.0014434191799689996,300.8193819131424,12.0,3.541110184046706,3.541110184046706,screening metric for punctate-to-diffuse reporter redistribution; not rupture proof
E20,E,20,PLD3_mCherry_reporter_control,site0,32,"260312_Day32_WellE20_Channel405nm Binned,561 nm,488nm Binned_Seq0047.nd2",561nm Binned,488nm Binned,6,whole_field_foreground,stable_channel,695157,28621824.0,22678704.0,33.362857818603516,5943122.0,1029,0.0014802411541544136,348.8102089721561,12.0,3.815958009947664,3.815958009947664,screening metric for punctate-to-diffuse reporter redistribution; not rupture proof
E20,E,20,PLD3_mCherry_reporter_control,site0,36,"260316_Day36_WellE20_Channel405nm Binned,561nm Binned,488nm Binned_Seq0047.nd2",561nm Binned,488nm Binned,7,whole_field_foreground,stable_channel,853634,34014632.0,26204984.0,31.415119171142578,7809648.0,1152,0.0013495245034741475,352.17385807302264,13.0,3.3554628838581,3.3554628838581,screening metric for punctate-to-diffuse reporter redistribution; not rupture proof
E20,E,20,PLD3_mCherry_reporter_control,site0,39,"260319_Day39_WellE20_Channel405nm Binned,561nm Binned,488nm Binned_Seq0047.nd2",561nm Binned,488nm Binned,8,whole_field_foreground,stable_channel,811000,33538710.0,26038332.0,32.85967254638672,7500377.0,1052,0.001297163995066218,360.41974703712606,14.0,3.4716030940840077,3.4716030940840077,screening metric for punctate-to-diffuse reporter redistribution; not rupture proof
E17,E,17,PLD3_mCherry_reporter_control,site0,8,"260216_Day8_iNeurons_WellE17_Channel405nm Binned,561nm Binned,488nm Binned_Seq0044.nd2",561nm Binned,488nm Binned,0,whole_field_foreground,stable_channel,854575,20615916.0,14454543.0,17.32684898376465,6161374.0,893,0.0010449638709287717,273.1964008805466,18.0,2.3459934423714017,2.3459934423714017,screening metric for punctate-to-diffuse reporter redistribution; not rupture proof
E17,E,17,PLD3_mCherry_reporter_control,site0,12,"260220_Day12_WellE17_Channel405nm Binned,561nm Binned,488nm Binned_Seq0044.nd2",561nm Binned,488nm Binned,1,whole_field_foreground,stable_channel,768041,19287344.0,14348764.0,19.134593963623047,4938581.0,781,0.0010168727971540362,238.22917275911104,17.0,2.905442676752106,2.905442676752106,screening metric for punctate-to-diffuse reporter redistribution; not rupture proof
E17,E,17,PLD3_mCherry_reporter_control,site0,16,"260224_day16_WellE17_Channel405nm Binned,561nm Binned,488nm Binned_Seq0044.nd2",561nm Binned,488nm Binned,2,whole_field_foreground,stable_channel,849071,28578284.0,20867280.0,25.16871452331543,7711004.0,812,0.0009563393402896149,349.08590681329736,18.0,2.706169002116624,2.706169002116624,screening metric for punctate-to-diffuse reporter redistribution; not rupture proof
E17,E,17,PLD3_mCherry_reporter_control,site0,20,"260228_day20_WellE17_Channel405nm Binned,561nm Binned,488nm Binned_Seq0044.nd2",561nm Binned,488nm Binned,3,whole_field_foreground,stable_channel,863619,29561388.0,22033200.0,26.119892120361328,7528189.0,997,0.0011544442630359517,336.77816893368094,15.0,2.926759676197964,2.926759676197964,screening metric for punctate-to-diffuse reporter redistribution; not rupture proof
E17,E,17,PLD3_mCherry_reporter_control,site0,25,"260305_day25_iNeurons_WellE17_Channel405nm Binned,561nm Binned,488nm Binned_Seq0044.nd2",561nm Binned,488nm Binned,4,whole_field_foreground,stable_channel,722719,16001809.0,12028743.0,17.033367156982422,3973066.0,963,0.001332468082337212,215.26670670237002,14.0,3.0275719054244186,3.0275719054244186,screening metric for punctate-to-diffuse reporter redistribution; not rupture proof
E17,E,17,PLD3_mCherry_reporter_control,site0,29,"260309_Day29_WellE17_Channel405nm Binned,561nm Binned,488nm Binned_Seq0044.nd2",561nm Binned,488nm Binned,5,whole_field_foreground,stable_channel,890735,28906968.0,21624578.0,24.846954345703125,7282390.0,1217,0.0013662873918714698,318.2876711792895,13.0,2.9694342104717038,2.9694342104717038,screening metric for punctate-to-diffuse reporter redistribution; not rupture proof
E17,E,17,PLD3_mCherry_reporter_control,site0,32,"260312_Day32_WellE17_Channel405nm Binned,561 nm,488nm Binned_Seq0044.nd2",561nm Binned,488nm Binned,6,whole_field_foreground,stable_channel,925550,34060056.0,25417012.0,28.1074275970459,8643045.0,1238,0.0013375830587203958,359.36006933652914,13.0,2.9407473870605854,2.9407473870605854,screening metric for punctate-to-diffuse reporter redistribution; not rupture proof
E17,E,17,PLD3_mCherry_reporter_control,site0,36,"260316_Day36_WellE17_Channel405nm Binned,561nm Binned,488nm Binned_Seq0044.nd2",561nm Binned,488nm Binned,7,whole_field_foreground,stable_channel,1020549,39617600.0,29225108.0,29.31237030029297,10392492.0,1273,0.0012473678382897368,387.7016179278809,14.0,2.8121366848295084,2.8121366848295084,screening metric for punctate-to-diffuse reporter redistribution; not rupture proof
E17,E,17,PLD3_mCherry_reporter_control,site0,39,"260319_Day39_WellE17_Channel405nm Binned,561nm Binned,488nm Binned_Seq0044.nd2",561nm Binned,488nm Binned,8,whole_field_foreground,stable_channel,976616,39774064.0,29865856.0,31.30878448486328,9908207.0,1265,0.0012952890388839675,383.15598266360314,14.0,3.0142543449079118,3.0142543449079118,screening metric for punctate-to-diffuse reporter redistribution; not rupture proof
F05,F,05,PLD3_TMEM106B_mCherry_primary,site0,8,"260216_Day8_iNeurons_WellF05_Channel405nm Binned,561nm Binned,488nm Binned_Seq0048.nd2",561nm Binned,488nm Binned,0,whole_field_foreground,stable_channel,821346,16961004.0,12811478.0,15.978595733642578,4149525.0,883,0.0010750645890999955,193.3211423673014,19.0,3.0874565161065215,3.0874565161065215,screening metric for punctate-to-diffuse reporter redistribution; not rupture proof
F05,F,05,PLD3_TMEM106B_mCherry_primary,site0,12,"260220_Day12_WellF05_Channel405nm Binned,561nm Binned,488nm Binned_Seq0048.nd2",561nm Binned,488nm Binned,1,whole_field_foreground,stable_channel,738397,14043644.0,11516316.0,15.969907760620117,2527328.0,800,0.001083428020426568,126.80084637641907,16.0,4.556716025777202,4.556716025777202,screening metric for punctate-to-diffuse reporter redistribution; not rupture proof
F05,F,05,PLD3_TMEM106B_mCherry_primary,site0,16,"260224_day16_WellF05_Channel405nm Binned,561nm Binned,488nm Binned_Seq0048.nd2",561nm Binned,488nm Binned,2,whole_field_foreground,stable_channel,760374,15397507.0,12638339.0,17.018535614013672,2759168.0,803,0.001056059255049415,140.48795876318906,17.0,4.580489118457238,4.580489118457238,screening metric for punctate-to-diffuse reporter redistribution; not rupture proof
F05,F,05,PLD3_TMEM106B_mCherry_primary,site0,20,"260228_day20_WellF05_Channel405nm Binned,561nm Binned,488nm Binned_Seq0048.nd2",561nm Binned,488nm Binned,3,whole_field_foreground,stable_channel,778277,14872026.0,12414644.0,16.325841903686523,2457382.0,872,0.0011204237051832182,125.97247851223027,14.0,5.051979708484456,5.051979708484456,screening metric for punctate-to-diffuse reporter redistribution; not rupture proof
F05,F,05,PLD3_TMEM106B_mCherry_primary,site0,25,"260305_day25_iNeurons_WellF05_Channel405nm Binned,561nm Binned,488nm Binned_Seq0048.nd2",561nm Binned,488nm Binned,4,whole_field_foreground,stable_channel,578637,7546007.0,6444538.0,11.384279251098633,1101469.0,801,0.001384287558518753,76.09889772679476,12.0,5.850857355036001,5.850857355036001,screening metric for punctate-to-diffuse reporter redistribution; not rupture proof
F05,F,05,PLD3_TMEM106B_mCherry_primary,site0,29,"260309_Day29_WellF05_Channel405nm Binned,561nm Binned,488nm Binned_Seq0048.nd2",561nm Binned,488nm Binned,5,whole_field_foreground,stable_channel,820082,13553798.0,11404426.0,14.217820167541504,2149372.0,1173,0.0014303447703992646,108.18549383997612,12.0,5.305934012350908,5.305934012350908,screening metric for punctate-to-diffuse reporter redistribution; not rupture proof
F05,F,05,PLD3_TMEM106B_mCherry_primary,site0,32,"260312_Day32_WellF05_Channel405nm Binned,561 nm,488nm Binned_Seq0048.nd2",561nm Binned,488nm Binned,6,whole_field_foreground,stable_channel,902419,15067300.0,12658972.0,14.346444129943848,2408328.0,1209,0.0013397324302775765,106.99453914885288,12.0,5.256332193951465,5.256332193951465,screening metric for punctate-to-diffuse reporter redistribution; not rupture proof
F05,F,05,PLD3_TMEM106B_mCherry_primary,site0,36,"260316_Day36_WellF05_Channel405nm Binned,561nm Binned,488nm Binned_Seq0048.nd2",561nm Binned,488nm Binned,7,whole_field_foreground,stable_channel,930394,17198850.0,14539600.0,15.98112964630127,2659250.0,1234,0.0013263198171943001,115.15283038357282,13.0,5.467556641908257,5.467556641908257,screening metric for punctate-to-diffuse reporter redistribution; not rupture proof
F05,F,05,PLD3_TMEM106B_mCherry_primary,site0,39,"260319_Day39_WellF05_Channel405nm Binned,561nm Binned,488nm Binned_Seq0048.nd2",561nm Binned,488nm Binned,8,whole_field_foreground,stable_channel,958832,19157522.0,16341536.0,17.436626434326172,2815986.0,1215,0.001267166719507414,113.25664572382169,13.0,5.80313112351915,5.80313112351915,screening metric for punctate-to-diffuse reporter redistribution; not rupture proof
F06,F,06,PLD3_TMEM106B_mCherry_primary,site0,8,"260216_Day8_iNeurons_WellF06_Channel405nm Binned,561nm Binned,488nm Binned_Seq0049.nd2",561nm Binned,488nm Binned,0,whole_field_foreground,stable_channel,796900,16406869.0,12397980.0,15.935256004333496,4008889.0,829,0.001040281089219425,194.4239783476863,20.0,3.092622419826767,3.092622419826767,screening metric for punctate-to-diffuse reporter redistribution; not rupture proof
F06,F,06,PLD3_TMEM106B_mCherry_primary,site0,12,"260220_Day12_WellF06_Channel405nm Binned,561nm Binned,488nm Binned_Seq0049.nd2",561nm Binned,488nm Binned,1,whole_field_foreground,stable_channel,712919,13482920.0,11079443.0,15.910670280456543,2403477.0,764,0.0010716504960576565,127.21069033857415,17.0,4.609756199038056,4.609756199038056,screening metric for punctate-to-diffuse reporter redistribution; not rupture proof
F06,F,06,PLD3_TMEM106B_mCherry_primary,site0,16,"260224_day16_WellF06_Channel405nm Binned,561nm Binned,488nm Binned_Seq0049.nd2",561nm Binned,488nm Binned,2,whole_field_foreground,stable_channel,745528,15308364.0,12591426.0,17.29187774658203,2716938.0,770,0.0010328250582123907,141.41507845791904,17.5,4.6344178630485375,4.6344178630485375,screening metric for punctate-to-diffuse reporter redistribution; not rupture proof
F06,F,06,PLD3_TMEM106B_mCherry_primary,site0,20,"260228_day20_WellF06_Channel405nm Binned,561nm Binned,488nm Binned_Seq0049.nd2",561nm Binned,488nm Binned,3,whole_field_foreground,stable_channel,754034,14574550.0,12137233.0,16.474599838256836,2437317.0,845,0.001120639122372306,127.84519544070994,15.0,4.979751505444315,4.979751505444315,screening metric for punctate-to-diffuse reporter redistribution; not rupture proof
F06,F,06,PLD3_TMEM106B_mCherry_primary,site0,25,"260305_day25_iNeurons_WellF06_Channel405nm Binned,561nm Binned,488nm Binned_Seq0049.nd2",561nm Binned,488nm Binned,4,whole_field_foreground,stable_channel,610388,7542404.0,6430852.0,10.774744033813477,1111552.0,798,0.001307365151344215,71.41447713082297,12.0,5.785471125052372,5.785471125052372,screening metric for punctate-to-diffuse reporter redistribution; not rupture proof
F06,F,06,PLD3_TMEM106B_mCherry_primary,site0,29,"260309_Day29_WellF06_Channel405nm Binned,561nm Binned,488nm Binned_Seq0049.nd2",561nm Binned,488nm Binned,5,whole_field_foreground,stable_channel,814047,13254911.0,11092450.0,13.936989784240723,2162461.0,1098,0.00134881646882631,107.20997877763703,13.0,5.129549157184741,5.129549157184741,screening metric for punctate-to-diffuse reporter redistribution; not rupture proof
F06,F,06,PLD3_TMEM106B_mCherry_primary,site0,32,"260312_Day32_WellF06_Channel405nm Binned,561 nm,488nm Binned_Seq0049.nd2",561nm Binned,488nm Binned,6,whole_field_foreground,stable_channel,878156,15191149.0,12638103.0,14.722139358520508,2553046.0,1226,0.0013961072975628521,116.87326487903688,12.0,4.950205754222623,4.950205754222623,screening metric for punctate-to-diffuse reporter redistribution; not rupture proof
F06,F,06,PLD3_TMEM106B_mCherry_primary,site0,36,"260316_Day36_WellF06_Channel405nm Binned,561nm Binned,488nm Binned_Seq0049.nd2",561nm Binned,488nm Binned,7,whole_field_foreground,stable_channel,937807,17291476.0,14401102.0,15.708196640014648,2890375.0,1230,0.001311570504377434,119.7811109651395,12.0,4.982433767243012,4.982433767243012,screening metric for punctate-to-diffuse reporter redistribution; not rupture proof
F06,F,06,PLD3_TMEM106B_mCherry_primary,site0,39,"260319_Day39_WellF06_Channel405nm Binned,561nm Binned,488nm Binned_Seq0049.nd2",561nm Binned,488nm Binned,8,whole_field_foreground,stable_channel,993969,19073680.0,15936384.0,16.40576934814453,3137295.0,1212,0.0012193539235114783,120.28314602414373,13.0,5.079657475626271,5.079657475626271,screening metric for punctate-to-diffuse reporter redistribution; not rupture proof
E19,E,19,PLD3_mCherry_reporter_control,site0,8,"260216_Day8_iNeurons_WellE19_Channel405nm Binned,561nm Binned,488nm Binned_Seq0046.nd2",561nm Binned,488nm Binned,0,whole_field_foreground,stable_channel,782805,19654946.0,14189332.0,18.565717697143555,5465614.0,878,0.001121607552326414,271.56158869576075,18.0,2.5961094215576517,2.5961094215576517,screening metric for punctate-to-diffuse reporter redistribution; not rupture proof
E19,E,19,PLD3_mCherry_reporter_control,site0,12,"260220_Day12_WellE19_Channel405nm Binned,561nm Binned,488nm Binned_Seq0046.nd2",561nm Binned,488nm Binned,1,whole_field_foreground,stable_channel,698768,19539260.0,14946477.0,21.90062713623047,4592784.0,750,0.0010733176104213797,250.39703491210938,17.0,3.254339198184967,3.254339198184967,screening metric for punctate-to-diffuse reporter redistribution; not rupture proof
E19,E,19,PLD3_mCherry_reporter_control,site0,16,"260224_day16_WellE19_Channel405nm Binned,561nm Binned,488nm Binned_Seq0046.nd2",561nm Binned,488nm Binned,2,whole_field_foreground,stable_channel,757300,29003932.0,22132466.0,29.9224853515625,6871467.0,835,0.001102601346888812,355.370963803594,16.0,3.220922984858514,3.220922984858514,screening metric for punctate-to-diffuse reporter redistribution; not rupture proof
E19,E,19,PLD3_mCherry_reporter_control,site0,20,"260228_day20_WellE19_Channel405nm Binned,561nm Binned,488nm Binned_Seq0046.nd2",561nm Binned,488nm Binned,3,whole_field_foreground,stable_channel,783274,31139452.0,24316044.0,31.7657470703125,6823406.0,1004,0.0012817992171305548,354.2266788406676,14.0,3.5636226248293648,3.5636226248293648,screening metric for punctate-to-diffuse reporter redistribution; not rupture proof
E19,E,19,PLD3_mCherry_reporter_control,site0,25,"260305_day25_iNeurons_WellE19_Channel405nm Binned,561nm Binned,488nm Binned_Seq0046.nd2",561nm Binned,488nm Binned,4,whole_field_foreground,stable_channel,628876,15529018.0,12213526.0,19.863557815551758,3315492.0,901,0.0014327148754262641,209.52341715212535,12.0,3.6837748364334213,3.6837748364334213,screening metric for punctate-to-diffuse reporter redistribution; not rupture proof
E19,E,19,PLD3_mCherry_reporter_control,site0,29,"260309_Day29_WellE19_Channel405nm Binned,561nm Binned,488nm Binned_Seq0046.nd2",561nm Binned,488nm Binned,5,whole_field_foreground,stable_channel,881061,31208768.0,24238150.0,28.147205352783203,6970618.0,1263,0.001433498929130408,315.852074702392,13.0,3.47718810584607,3.47718810584607,screening metric for punctate-to-diffuse reporter redistribution; not rupture proof
E19,E,19,PLD3_mCherry_reporter_control,site0,32,"260312_Day32_WellE19_Channel405nm Binned,561 nm,488nm Binned_Seq0046.nd2",561nm Binned,488nm Binned,6,whole_field_foreground,stable_channel,866226,38629224.0,30077316.0,35.52156448364258,8551907.0,1263,0.0014580490541712462,397.1908755026823,13.0,3.517030295113883,3.517030295113883,screening metric for punctate-to-diffuse reporter redistribution; not rupture proof
E19,E,19,PLD3_mCherry_reporter_control,site0,36,"260316_Day36_WellE19_Channel405nm Binned,561nm Binned,488nm Binned_Seq0046.nd2",561nm Binned,488nm Binned,7,whole_field_foreground,stable_channel,973269,44130568.0,34174724.0,35.92589569091797,9955841.0,1354,0.0013911878422086892,407.61059517346246,13.0,3.4326305532597967,3.4326305532597967,screening metric for punctate-to-diffuse reporter redistribution; not rupture proof
E19,E,19,PLD3_mCherry_reporter_control,site0,39,"260319_Day39_WellE19_Channel405nm Binned,561nm Binned,488nm Binned_Seq0046.nd2",561nm Binned,488nm Binned,8,whole_field_foreground,stable_channel,975605,43789216.0,33831340.0,35.487098693847656,9957879.0,1304,0.0013366065159553953,397.2831259183357,14.0,3.397444375453508,3.397444375453508,screening metric for punctate-to-diffuse reporter redistribution; not rupture proof
E18,E,18,PLD3_mCherry_reporter_control,site0,8,"260216_Day8_iNeurons_WellE18_Channel405nm Binned,561nm Binned,488nm Binned_Seq0045.nd2",561nm Binned,488nm Binned,0,whole_field_foreground,stable_channel,829150,21449576.0,15294987.0,18.895389556884766,6154590.0,939,0.0011324850750755202,286.6747624211418,17.0,2.485134996806857,2.485134996806857,screening metric for punctate-to-diffuse reporter redistribution; not rupture proof
E18,E,18,PLD3_mCherry_reporter_control,site0,12,"260220_Day12_WellE18_Channel405nm Binned,561nm Binned,488nm Binned_Seq0045.nd2",561nm Binned,488nm Binned,1,whole_field_foreground,stable_channel,781944,22435572.0,16983888.0,22.240583419799805,5451684.0,873,0.0011164482367009448,269.6393620336998,17.0,3.1153471110939086,3.1153471110939086,screening metric for punctate-to-diffuse reporter redistribution; not rupture proof
E18,E,18,PLD3_mCherry_reporter_control,site0,16,"260224_day16_WellE18_Channel405nm Binned,561nm Binned,488nm Binned_Seq0045.nd2",561nm Binned,488nm Binned,2,whole_field_foreground,stable_channel,820340,33489428.0,25436528.0,31.738252639770508,8052898.0,932,0.0011361142940718042,389.0945194064292,15.0,3.1586800180502523,3.1586800180502523,screening metric for punctate-to-diffuse reporter redistribution; not rupture proof
E18,E,18,PLD3_mCherry_reporter_control,site0,20,"260228_day20_WellE18_Channel405nm Binned,561nm Binned,488nm Binned_Seq0045.nd2",561nm Binned,488nm Binned,3,whole_field_foreground,stable_channel,821987,34989264.0,27282456.0,33.95612335205078,7706807.0,1129,0.0013735010407690468,384.13921523115295,13.0,3.5400466107424853,3.5400466107424853,screening metric for punctate-to-diffuse reporter redistribution; not rupture proof
E18,E,18,PLD3_mCherry_reporter_control,site0,25,"260305_day25_iNeurons_WellE18_Channel405nm Binned,561nm Binned,488nm Binned_Seq0045.nd2",561nm Binned,488nm Binned,4,whole_field_foreground,stable_channel,642926,18440588.0,14819308.0,23.5668888092041,3621280.0,994,0.0015460566223771538,236.20615102971342,12.0,4.09228449608865,4.09228449608865,screening metric for punctate-to-diffuse reporter redistribution; not rupture proof
E18,E,18,PLD3_mCherry_reporter_control,site0,29,"260309_Day29_WellE18_Channel405nm Binned,561nm Binned,488nm Binned_Seq0045.nd2",561nm Binned,488nm Binned,5,whole_field_foreground,stable_channel,880699,36661788.0,28774908.0,33.41815948486328,7886880.0,1329,0.0015090286238527476,367.14826294817897,12.0,3.6484526200470087,3.6484526200470087,screening metric for punctate-to-diffuse reporter redistribution; not rupture proof
E18,E,18,PLD3_mCherry_reporter_control,site0,32,"260312_Day32_WellE18_Channel405nm Binned,561 nm,488nm Binned_Seq0045.nd2",561nm Binned,488nm Binned,6,whole_field_foreground,stable_channel,944130,41588492.0,32473864.0,35.17769241333008,9114627.0,1394,0.0014764915848437434,393.28572721768654,12.0,3.5628297241342337,3.5628297241342337,screening metric for punctate-to-diffuse reporter redistribution; not rupture proof
E18,E,18,PLD3_mCherry_reporter_control,site0,36,"260316_Day36_WellE18_Channel405nm Binned,561nm Binned,488nm Binned_Seq0045.nd2",561nm Binned,488nm Binned,7,whole_field_foreground,stable_channel,1026700,49671312.0,38347200.0,38.21969985961914,11324112.0,1440,0.0014025518651978157,432.30414808061386,13.0,3.3863317494560823,3.3863317494560823,screening metric for punctate-to-diffuse reporter redistribution; not rupture proof
E18,E,18,PLD3_mCherry_reporter_control,site0,39,"260319_Day39_WellE18_Channel405nm Binned,561nm Binned,488nm Binned_Seq0045.nd2",561nm Binned,488nm Binned,8,whole_field_foreground,stable_channel,990342,49240072.0,38475184.0,39.74569320678711,10764886.0,1394,0.0014075945481445728,430.5673803496395,13.0,3.574137617434725,3.574137617434725,screening metric for punctate-to-diffuse reporter redistribution; not rupture proof
F07,F,07,PLD3_TMEM106B_mCherry_primary,site0,8,"260216_Day8_iNeurons_WellF07_Channel405nm Binned,561nm Binned,488nm Binned_Seq0050.nd2",561nm Binned,488nm Binned,0,whole_field_foreground,stable_channel,797547,16009282.0,12170396.0,15.629281044006348,3838886.0,858,0.0010757986676633781,186.3783785235354,19.0,3.170293673736816,3.170293673736816,screening metric for punctate-to-diffuse reporter redistribution; not rupture proof
F07,F,07,PLD3_TMEM106B_mCherry_primary,site0,12,"260220_Day12_WellF07_Channel405nm Binned,561nm Binned,488nm Binned_Seq0050.nd2",561nm Binned,488nm Binned,1,whole_field_foreground,stable_channel,704126,12885460.0,10552671.0,15.34306812286377,2332789.0,771,0.001094974478997942,122.59608563374917,16.0,4.523628583637644,4.523628583637644,screening metric for punctate-to-diffuse reporter redistribution; not rupture proof
F07,F,07,PLD3_TMEM106B_mCherry_primary,site0,16,"260224_day16_WellF07_Channel405nm Binned,561nm Binned,488nm Binned_Seq0050.nd2",561nm Binned,488nm Binned,2,whole_field_foreground,stable_channel,733153,15354662.0,12693975.0,17.726093292236328,2660687.0,777,0.0010598060704913438,142.1210383902492,16.0,4.770938859022211,4.770938859022211,screening metric for punctate-to-diffuse reporter redistribution; not rupture proof
F07,F,07,PLD3_TMEM106B_mCherry_primary,site0,20,"260228_day20_WellF07_Channel405nm Binned,561nm Binned,488nm Binned_Seq0050.nd2",561nm Binned,488nm Binned,3,whole_field_foreground,stable_channel,745880,14277147.0,11928453.0,16.367813110351562,2348694.0,864,0.0011583632755923763,125.22193644664905,14.0,5.078759940628673,5.078759940628673,screening metric for punctate-to-diffuse reporter redistribution; not rupture proof
F07,F,07,PLD3_TMEM106B_mCherry_primary,site0,25,"260305_day25_iNeurons_WellF07_Channel405nm Binned,561nm Binned,488nm Binned_Seq0050.nd2",561nm Binned,488nm Binned,4,whole_field_foreground,stable_channel,550875,6726932.0,5679803.0,10.545944213867188,1047129.0,742,0.0013469480372110788,74.42536543257474,12.0,5.424167413942863,5.424167413942863,screening metric for punctate-to-diffuse reporter redistribution; not rupture proof
F07,F,07,PLD3_TMEM106B_mCherry_primary,site0,29,"260309_Day29_WellF07_Channel405nm Binned,561nm Binned,488nm Binned_Seq0050.nd2",561nm Binned,488nm Binned,5,whole_field_foreground,stable_channel,820336,12965461.0,10754013.0,13.409244537353516,2211448.0,1132,0.0013799223732697578,108.36148709206194,13.0,4.862883052188041,4.862883052188041,screening metric for punctate-to-diffuse reporter redistribution; not rupture proof
F07,F,07,PLD3_TMEM106B_mCherry_primary,site0,32,"260312_Day32_WellF07_Channel405nm Binned,561 nm,488nm Binned_Seq0050.nd2",561nm Binned,488nm Binned,6,whole_field_foreground,stable_channel,812606,14769936.0,12542009.0,15.781272888183594,2227927.0,1127,0.0013868959864911325,112.3454086012616,12.0,5.629452401265558,5.629452401265558,screening metric for punctate-to-diffuse reporter redistribution; not rupture proof
F07,F,07,PLD3_TMEM106B_mCherry_primary,site0,36,"260316_Day36_WellF07_Channel405nm Binned,561nm Binned,488nm Binned_Seq0050.nd2",561nm Binned,488nm Binned,7,whole_field_foreground,stable_channel,914808,16471292.0,13758789.0,15.382951736450195,2712503.0,1191,0.0013019125324644058,116.82941422354364,12.0,5.072358998310759,5.072358998310759,screening metric for punctate-to-diffuse reporter redistribution; not rupture proof
F07,F,07,PLD3_TMEM106B_mCherry_primary,site0,39,"260319_Day39_WellF07_Channel405nm Binned,561nm Binned,488nm Binned_Seq0050.nd2",561nm Binned,488nm Binned,8,whole_field_foreground,stable_channel,894988,19797034.0,16950716.0,19.3695011138916,2846317.0,1144,0.0012782294287730358,124.57591348261266,13.0,5.955315588528631,5.955315588528631,screening metric for punctate-to-diffuse reporter redistribution; not rupture proof
F08,F,08,PLD3_TMEM106B_mCherry_primary,site0,8,"260216_Day8_iNeurons_WellF08_Channel405nm Binned,561nm Binned,488nm Binned_Seq0051.nd2",561nm Binned,488nm Binned,0,whole_field_foreground,stable_channel,800882,16938400.0,12745047.0,16.302350997924805,4193352.0,868,0.0010838051048705254,199.8901060078001,19.0,3.039345850288018,3.039345850288018,screening metric for punctate-to-diffuse reporter redistribution; not rupture proof
F08,F,08,PLD3_TMEM106B_mCherry_primary,site0,12,"260220_Day12_WellF08_Channel405nm Binned,561nm Binned,488nm Binned_Seq0051.nd2",561nm Binned,488nm Binned,1,whole_field_foreground,stable_channel,727396,13680519.0,11244556.0,15.828017234802246,2435963.0,806,0.0011080621834583802,127.78467858932154,17.0,4.616061902416163,4.616061902416163,screening metric for punctate-to-diffuse reporter redistribution; not rupture proof
F08,F,08,PLD3_TMEM106B_mCherry_primary,site0,16,"260224_day16_WellF08_Channel405nm Binned,561nm Binned,488nm Binned_Seq0051.nd2",561nm Binned,488nm Binned,2,whole_field_foreground,stable_channel,748988,15572200.0,12838251.0,17.549911499023438,2733949.0,778,0.001038734933001545,141.070993565655,17.0,4.695863382965558,4.695863382965558,screening metric for punctate-to-diffuse reporter redistribution; not rupture proof
F08,F,08,PLD3_TMEM106B_mCherry_primary,site0,20,"260228_day20_WellF08_Channel405nm Binned,561nm Binned,488nm Binned_Seq0051.nd2",561nm Binned,488nm Binned,3,whole_field_foreground,stable_channel,755379,14292421.0,11897491.0,16.119470596313477,2394930.0,848,0.001122615269949095,124.18921530921504,15.0,4.967782356893535,4.967782356893535,screening metric for punctate-to-diffuse reporter redistribution; not rupture proof
F08,F,08,PLD3_TMEM106B_mCherry_primary,site0,25,"260305_day25_iNeurons_WellF08_Channel405nm Binned,561nm Binned,488nm Binned_Seq0051.nd2",561nm Binned,488nm Binned,4,whole_field_foreground,stable_channel,523686,7463328.0,6477065.0,12.641456604003906,986263.0,723,0.0013805982974504176,75.78396894526185,11.0,6.567279721528064,6.567279721528064,screening metric for punctate-to-diffuse reporter redistribution; not rupture proof
F08,F,08,PLD3_TMEM106B_mCherry_primary,site0,29,"260309_Day29_WellF08_Channel405nm Binned,561nm Binned,488nm Binned_Seq0051.nd2",561nm Binned,488nm Binned,5,whole_field_foreground,stable_channel,769862,14083494.0,11904952.0,15.811688423156738,2178542.0,1081,0.0014041477563493142,114.75795936055144,12.0,5.464641948603487,5.464641948603487,screening metric for punctate-to-diffuse reporter redistribution; not rupture proof
F08,F,08,PLD3_TMEM106B_mCherry_primary,site0,32,"260312_Day32_WellF08_Channel405nm Binned,561 nm,488nm Binned_Seq0051.nd2",561nm Binned,488nm Binned,6,whole_field_foreground,stable_channel,806257,15046398.0,12688073.0,16.089855194091797,2358325.0,1132,0.001404018817819375,116.45202448679785,11.0,5.380120636466399,5.380120636466399,screening metric for punctate-to-diffuse reporter redistribution; not rupture proof
F08,F,08,PLD3_TMEM106B_mCherry_primary,site0,36,"260316_Day36_WellF08_Channel405nm Binned,561nm Binned,488nm Binned_Seq0051.nd2",561nm Binned,488nm Binned,7,whole_field_foreground,stable_channel,999115,16872040.0,13923691.0,14.257413864135742,2948348.0,1254,0.001255110773032879,113.01334292580637,13.0,4.7225398765665645,4.7225398765665645,screening metric for punctate-to-diffuse reporter redistribution; not rupture proof
F08,F,08,PLD3_TMEM106B_mCherry_primary,site0,39,"260319_Day39_WellF08_Channel405nm Binned,561nm Binned,488nm Binned_Seq0051.nd2",561nm Binned,488nm Binned,8,whole_field_foreground,stable_channel,923111,18832098.0,16019286.0,17.750688552856445,2812812.0,1201,0.001301035303445305,117.87162654028646,12.0,5.6951143553121595,5.6951143553121595,screening metric for punctate-to-diffuse reporter redistribution; not rupture proof
F09,F,09,PLD3_TMEM106B_mCherry_primary,site0,8,"260216_Day8_iNeurons_WellF09_Channel405nm Binned,561nm Binned,488nm Binned_Seq0052.nd2",561nm Binned,488nm Binned,0,whole_field_foreground,stable_channel,790412,15941038.0,12080424.0,15.656248092651367,3860614.0,849,0.0010741233685709806,187.6168643156126,19.0,3.1291457783650145,3.1291457783650145,screening metric for punctate-to-diffuse reporter redistribution; not rupture proof
F09,F,09,PLD3_TMEM106B_mCherry_primary,site0,12,"260220_Day12_WellF09_Channel405nm Binned,561nm Binned,488nm Binned_Seq0052.nd2",561nm Binned,488nm Binned,1,whole_field_foreground,stable_channel,750814,13846964.0,11476098.0,15.649999618530273,2370866.0,820,0.001092147988714792,117.952953268842,16.0,4.840466732407129,4.840466732407129,screening metric for punctate-to-diffuse reporter redistribution; not rupture proof
F09,F,09,PLD3_TMEM106B_mCherry_primary,site0,16,"260224_day16_WellF09_Channel405nm Binned,561nm Binned,488nm Binned_Seq0052.nd2",561nm Binned,488nm Binned,2,whole_field_foreground,stable_channel,772910,15050265.0,12412770.0,16.441102981567383,2637495.0,789,0.0010208174302298834,131.5802528758466,17.0,4.706272428950688,4.706272428950688,screening metric for punctate-to-diffuse reporter redistribution; not rupture proof
F09,F,09,PLD3_TMEM106B_mCherry_primary,site0,20,"260228_day20_WellF09_Channel405nm Binned,561nm Binned,488nm Binned_Seq0052.nd2",561nm Binned,488nm Binned,3,whole_field_foreground,stable_channel,769910,14177928.0,11884758.0,15.799577713012695,2293170.0,876,0.0011377953267250227,117.85257870748163,14.5,5.182676382472655,5.182676382472655,screening metric for punctate-to-diffuse reporter redistribution; not rupture proof
F09,F,09,PLD3_TMEM106B_mCherry_primary,site0,25,"260305_day25_iNeurons_WellF09_Channel405nm Binned,561nm Binned,488nm Binned_Seq0052.nd2",561nm Binned,488nm Binned,4,whole_field_foreground,stable_channel,600085,7163977.0,6057986.0,10.326494216918945,1105991.0,790,0.0013164801653077205,72.01872507409205,13.0,5.47742793566541,5.47742793566541,screening metric for punctate-to-diffuse reporter redistribution; not rupture proof
F09,F,09,PLD3_TMEM106B_mCherry_primary,site0,29,"260309_Day29_WellF09_Channel405nm Binned,561nm Binned,488nm Binned_Seq0052.nd2",561nm Binned,488nm Binned,5,whole_field_foreground,stable_channel,881086,13150119.0,10962498.0,12.728501319885254,2187621.0,1216,0.0013801149944484645,97.09342925485812,12.0,5.011150468931771,5.011150468931771,screening metric for punctate-to-diffuse reporter redistribution; not rupture proof
F09,F,09,PLD3_TMEM106B_mCherry_primary,site0,32,"260312_Day32_WellF09_Channel405nm Binned,561 nm,488nm Binned_Seq0052.nd2",561nm Binned,488nm Binned,6,whole_field_foreground,stable_channel,835196,16082934.0,13619726.0,16.66947364807129,2463208.0,1128,0.001350581180942736,120.16106654228048,12.0,5.529263464552921,5.529263464552921,screening metric for punctate-to-diffuse reporter redistribution; not rupture proof
F09,F,09,PLD3_TMEM106B_mCherry_primary,site0,36,"260316_Day36_WellF09_Channel405nm Binned,561nm Binned,488nm Binned_Seq0052.nd2",561nm Binned,488nm Binned,7,whole_field_foreground,stable_channel,1007822,16928126.0,13938335.0,14.151311874389648,2989791.0,1311,0.0013008249472612218,112.8664345992239,13.0,4.661976372259914,4.661976372259914,screening metric for punctate-to-diffuse reporter redistribution; not rupture proof
F09,F,09,PLD3_TMEM106B_mCherry_primary,site0,39,"260319_Day39_WellF09_Channel405nm Binned,561nm Binned,488nm Binned_Seq0052.nd2",561nm Binned,488nm Binned,8,whole_field_foreground,stable_channel,972497,18990258.0,15999812.0,16.831153869628906,2990446.0,1230,0.001264785392652867,118.91870314125123,13.0,5.3503096193660244,5.3503096193660244,screening metric for punctate-to-diffuse reporter redistribution; not rupture proof
F14,F,14,PLD3_TMEM106B_mCherry_primary,site0,8,"260216_Day8_iNeurons_WellF14_Channel405nm Binned,561nm Binned,488nm Binned_Seq0057.nd2",561nm Binned,488nm Binned,0,whole_field_foreground,stable_channel,657661,13848371.0,10508751.0,16.368005752563477,3339620.0,726,0.0011039121979240004,197.16792688290934,19.0,3.146690641449283,3.146690641449283,screening metric for punctate-to-diffuse reporter redistribution; not rupture proof
F14,F,14,PLD3_TMEM106B_mCherry_primary,site0,12,"260220_Day12_WellF14_Channel405nm Binned,561nm Binned,488nm Binned_Seq0057.nd2",561nm Binned,488nm Binned,1,whole_field_foreground,stable_channel,594639,11097147.0,9075705.0,15.625676155090332,2021442.0,644,0.0010830100279310927,127.2744286934041,16.0,4.4897182308448675,4.4897182308448675,screening metric for punctate-to-diffuse reporter redistribution; not rupture proof
F14,F,14,PLD3_TMEM106B_mCherry_primary,site0,16,"260224_day16_WellF14_Channel405nm Binned,561nm Binned,488nm Binned_Seq0057.nd2",561nm Binned,488nm Binned,2,whole_field_foreground,stable_channel,628890,13098952.0,10697987.0,17.417842864990234,2400965.0,664,0.0010558285232694813,146.81439002163438,17.0,4.45570301940909,4.45570301940909,screening metric for punctate-to-diffuse reporter redistribution; not rupture proof
F14,F,14,PLD3_TMEM106B_mCherry_primary,site0,20,"260228_day20_WellF14_Channel405nm Binned,561nm Binned,488nm Binned_Seq0057.nd2",561nm Binned,488nm Binned,3,whole_field_foreground,stable_channel,637401,12383939.0,10276332.0,16.501853942871094,2107607.0,737,0.0011562579914352875,129.78530735756036,15.0,4.875829317322976,4.875829317322976,screening metric for punctate-to-diffuse reporter redistribution; not rupture proof
F14,F,14,PLD3_TMEM106B_mCherry_primary,site0,25,"260305_day25_iNeurons_WellF14_Channel405nm Binned,561nm Binned,488nm Binned_Seq0057.nd2",561nm Binned,488nm Binned,4,whole_field_foreground,stable_channel,1145668,9978688.0,8091158.0,7.2321648597717285,1887530.0,1091,0.0009522828603042485,55.440098882267826,15.0,4.286638093167109,4.286638093167109,screening metric for punctate-to-diffuse reporter redistribution; not rupture proof
F14,F,14,PLD3_TMEM106B_mCherry_primary,site0,29,"260309_Day29_WellF14_Channel405nm Binned,561nm Binned,488nm Binned_Seq0057.nd2",561nm Binned,488nm Binned,5,whole_field_foreground,stable_channel,715221,10946208.0,9079378.0,12.983078002929688,1866830.0,988,0.0013813912063524681,104.9557320907531,12.0,4.863526941390023,4.863526941390023,screening metric for punctate-to-diffuse reporter redistribution; not rupture proof
F14,F,14,PLD3_TMEM106B_mCherry_primary,site0,32,"260312_Day32_WellF14_Channel405nm Binned,561 nm,488nm Binned_Seq0057.nd2",561nm Binned,488nm Binned,6,whole_field_foreground,stable_channel,771626,12566689.0,10395829.0,13.779494285583496,2170860.0,1027,0.0013309556702323004,111.97937608995595,13.0,4.788806740183712,4.788806740183712,screening metric for punctate-to-diffuse reporter redistribution; not rupture proof
F14,F,14,PLD3_TMEM106B_mCherry_primary,site0,36,"260316_Day36_WellF14_Channel405nm Binned,561nm Binned,488nm Binned_Seq0057.nd2",561nm Binned,488nm Binned,7,whole_field_foreground,stable_channel,876576,14437579.0,11821593.0,13.800921440124512,2615986.0,1072,0.001222940167194604,112.06126760368916,14.0,4.518981752958725,4.518981752958725,screening metric for punctate-to-diffuse reporter redistribution; not rupture proof
F14,F,14,PLD3_TMEM106B_mCherry_primary,site0,39,"260319_Day39_WellF14_Channel405nm Binned,561nm Binned,488nm Binned_Seq0057.nd2",561nm Binned,488nm Binned,8,whole_field_foreground,stable_channel,719685,15616735.0,13289852.0,18.890430450439453,2326883.0,918,0.0012755580566480118,125.07963555363008,13.0,5.711439724298252,5.711439724298252,screening metric for punctate-to-diffuse reporter redistribution; not rupture proof
F11,F,11,PLD3_TMEM106B_mCherry_primary,site0,8,"260216_Day8_iNeurons_WellF11_Channel405nm Binned,561nm Binned,488nm Binned_Seq0054.nd2",561nm Binned,488nm Binned,0,whole_field_foreground,stable_channel,763110,15710408.0,11917824.0,15.998324394226074,3792584.0,858,0.001124346424498271,191.55459377760099,19.0,3.1424021195039735,3.1424021195039735,screening metric for punctate-to-diffuse reporter redistribution; not rupture proof
F11,F,11,PLD3_TMEM106B_mCherry_primary,site0,12,"260220_Day12_WellF11_Channel405nm Binned,561nm Binned,488nm Binned_Seq0054.nd2",561nm Binned,488nm Binned,1,whole_field_foreground,stable_channel,709882,13580246.0,11163785.0,16.09922981262207,2416461.0,757,0.0010663744115204127,127.62387173651389,16.0,4.619890409981945,4.619890409981945,screening metric for punctate-to-diffuse reporter redistribution; not rupture proof
F11,F,11,PLD3_TMEM106B_mCherry_primary,site0,16,"260224_day16_WellF11_Channel405nm Binned,561nm Binned,488nm Binned_Seq0054.nd2",561nm Binned,488nm Binned,2,whole_field_foreground,stable_channel,738127,15382202.0,12724833.0,17.649747848510742,2657369.0,773,0.0010472452572510595,141.42857259180383,18.0,4.7885081070770426,4.7885081070770426,screening metric for punctate-to-diffuse reporter redistribution; not rupture proof
F11,F,11,PLD3_TMEM106B_mCherry_primary,site0,20,"260228_day20_WellF11_Channel405nm Binned,561nm Binned,488nm Binned_Seq0054.nd2",561nm Binned,488nm Binned,3,whole_field_foreground,stable_channel,729153,15343728.0,12837246.0,18.01984214782715,2506482.0,828,0.0011355641408577685,135.7738853767874,15.0,5.121619066083411,5.121619066083411,screening metric for punctate-to-diffuse reporter redistribution; not rupture proof
F11,F,11,PLD3_TMEM106B_mCherry_primary,site0,25,"260305_day25_iNeurons_WellF11_Channel405nm Binned,561nm Binned,488nm Binned_Seq0054.nd2",561nm Binned,488nm Binned,4,whole_field_foreground,stable_channel,641292,7778393.0,6583343.0,10.49770736694336,1195050.0,847,0.0013207711931517612,72.57417189272685,12.0,5.50884314463369,5.50884314463369,screening metric for punctate-to-diffuse reporter redistribution; not rupture proof
F11,F,11,PLD3_TMEM106B_mCherry_primary,site0,29,"260309_Day29_WellF11_Channel405nm Binned,561nm Binned,488nm Binned_Seq0054.nd2",561nm Binned,488nm Binned,5,whole_field_foreground,stable_channel,806903,14096599.0,11765000.0,14.910051345825195,2331599.0,1134,0.0014053733844075367,117.07744362913532,12.0,5.045893397618954,5.045893397618954,screening metric for punctate-to-diffuse reporter redistribution; not rupture proof
F11,F,11,PLD3_TMEM106B_mCherry_primary,site0,32,"260312_Day32_WellF11_Channel405nm Binned,561 nm,488nm Binned_Seq0054.nd2",561nm Binned,488nm Binned,6,whole_field_foreground,stable_channel,842358,15936079.0,13300938.0,16.14781379699707,2635141.0,1217,0.001444753893236077,125.4586975360955,12.0,5.047524212174967,5.047524212174967,screening metric for punctate-to-diffuse reporter redistribution; not rupture proof
F11,F,11,PLD3_TMEM106B_mCherry_primary,site0,36,"260316_Day36_WellF11_Channel405nm Binned,561nm Binned,488nm Binned_Seq0054.nd2",561nm Binned,488nm Binned,7,whole_field_foreground,stable_channel,987096,17861044.0,14643172.0,15.178644180297852,3217872.0,1343,0.0013605566226574106,125.41821676213087,12.0,4.550576281466587,4.550576281466587,screening metric for punctate-to-diffuse reporter redistribution; not rupture proof
F11,F,11,PLD3_TMEM106B_mCherry_primary,site0,39,"260319_Day39_WellF11_Channel405nm Binned,561nm Binned,488nm Binned_Seq0054.nd2",561nm Binned,488nm Binned,8,whole_field_foreground,stable_channel,851064,20383196.0,17536156.0,21.06895637512207,2847041.0,1202,0.001412349717528397,134.82886756478055,12.0,6.159432196443199,6.159432196443199,screening metric for punctate-to-diffuse reporter redistribution; not rupture proof
F10,F,10,PLD3_TMEM106B_mCherry_primary,site0,8,"260216_Day8_iNeurons_WellF10_Channel405nm Binned,561nm Binned,488nm Binned_Seq0053.nd2",561nm Binned,488nm Binned,0,whole_field_foreground,stable_channel,842359,17069274.0,12889375.0,15.67453670501709,4179899.0,905,0.0010743637807620334,188.88977338253463,19.0,3.0836570453010745,3.0836570453010745,screening metric for punctate-to-diffuse reporter redistribution; not rupture proof
F10,F,10,PLD3_TMEM106B_mCherry_primary,site0,12,"260220_Day12_WellF10_Channel405nm Binned,561nm Binned,488nm Binned_Seq0053.nd2",561nm Binned,488nm Binned,1,whole_field_foreground,stable_channel,738623,13916180.0,11453899.0,15.874547958374023,2462281.0,767,0.0010384187873908092,124.39331883277545,17.0,4.65174324132597,4.65174324132597,screening metric for punctate-to-diffuse reporter redistribution; not rupture proof
F10,F,10,PLD3_TMEM106B_mCherry_primary,site0,16,"260224_day16_WellF10_Channel405nm Binned,561nm Binned,488nm Binned_Seq0053.nd2",561nm Binned,488nm Binned,2,whole_field_foreground,stable_channel,792371,16688150.0,13626884.0,17.60836410522461,3061266.0,815,0.0010285585918704387,148.3043373997226,17.0,4.451388412505006,4.451388412505006,screening metric for punctate-to-diffuse reporter redistribution; not rupture proof
F10,F,10,PLD3_TMEM106B_mCherry_primary,site0,20,"260228_day20_WellF10_Channel405nm Binned,561nm Binned,488nm Binned_Seq0053.nd2",561nm Binned,488nm Binned,3,whole_field_foreground,stable_channel,780056,16132202.0,13505564.0,17.72030258178711,2626638.0,919,0.001178120545190117,133.68635060141213,14.0,5.141768298484549,5.141768298484549,screening metric for punctate-to-diffuse reporter redistribution; not rupture proof
F10,F,10,PLD3_TMEM106B_mCherry_primary,site0,25,"260305_day25_iNeurons_WellF10_Channel405nm Binned,561nm Binned,488nm Binned_Seq0053.nd2",561nm Binned,488nm Binned,4,whole_field_foreground,stable_channel,607511,7839677.0,6659675.0,11.20766830444336,1180002.0,840,0.0013826910129999578,78.01505738212948,12.0,5.643782807143001,5.643782807143001,screening metric for punctate-to-diffuse reporter redistribution; not rupture proof
F10,F,10,PLD3_TMEM106B_mCherry_primary,site0,29,"260309_Day29_WellF10_Channel405nm Binned,561nm Binned,488nm Binned_Seq0053.nd2",561nm Binned,488nm Binned,5,whole_field_foreground,stable_channel,836050,14354651.0,11945383.0,14.611105918884277,2409268.0,1159,0.001386280724835373,114.8156188655455,12.0,4.958096401062498,4.958096401062498,screening metric for punctate-to-diffuse reporter redistribution; not rupture proof
F10,F,10,PLD3_TMEM106B_mCherry_primary,site0,32,"260312_Day32_WellF10_Channel405nm Binned,561 nm,488nm Binned_Seq0053.nd2",561nm Binned,488nm Binned,6,whole_field_foreground,stable_channel,858931,16637458.0,13931618.0,16.584213256835938,2705840.0,1202,0.001399413922653392,126.97058749714628,12.0,5.148722023473248,5.148722023473248,screening metric for punctate-to-diffuse reporter redistribution; not rupture proof
F10,F,10,PLD3_TMEM106B_mCherry_primary,site0,36,"260316_Day36_WellF10_Channel405nm Binned,561nm Binned,488nm Binned_Seq0053.nd2",561nm Binned,488nm Binned,7,whole_field_foreground,stable_channel,1107803,19266396.0,15666711.0,14.471402168273926,3599685.0,1425,0.0012863297896816615,123.84273772925661,13.0,4.3522449881019165,4.3522449881019165,screening metric for punctate-to-diffuse reporter redistribution; not rupture proof
F10,F,10,PLD3_TMEM106B_mCherry_primary,site0,39,"260319_Day39_WellF10_Channel405nm Binned,561nm Binned,488nm Binned_Seq0053.nd2",561nm Binned,488nm Binned,8,whole_field_foreground,stable_channel,923359,20483136.0,17396466.0,19.267684936523438,3086669.0,1216,0.0013169309011973492,131.61692228129036,12.0,5.6359998431948375,5.6359998431948375,screening metric for punctate-to-diffuse reporter redistribution; not rupture proof
F13,F,13,PLD3_TMEM106B_mCherry_primary,site0,8,"260216_Day8_iNeurons_WellF13_Channel405nm Binned,561nm Binned,488nm Binned_Seq0056.nd2",561nm Binned,488nm Binned,0,whole_field_foreground,stable_channel,809023,17232604.0,13016568.0,16.480924606323242,4216035.0,903,0.001116161098014375,198.53886819968324,18.0,3.087395621714932,3.087395621714932,screening metric for punctate-to-diffuse reporter redistribution; not rupture proof
F13,F,13,PLD3_TMEM106B_mCherry_primary,site0,12,"260220_Day12_WellF13_Channel405nm Binned,561nm Binned,488nm Binned_Seq0056.nd2",561nm Binned,488nm Binned,1,whole_field_foreground,stable_channel,696297,13169094.0,10797582.0,15.875761985778809,2371512.0,784,0.0011259563088723262,127.18879460315316,15.0,4.55303704977898,4.55303704977898,screening metric for punctate-to-diffuse reporter redistribution; not rupture proof
F13,F,13,PLD3_TMEM106B_mCherry_primary,site0,16,"260224_day16_WellF13_Channel405nm Binned,561nm Binned,488nm Binned_Seq0056.nd2",561nm Binned,488nm Binned,2,whole_field_foreground,stable_channel,743801,16072048.0,13283904.0,18.285802841186523,2788144.0,795,0.001068834271530868,146.24555373281802,17.0,4.764425366837307,4.764425366837307,screening metric for punctate-to-diffuse reporter redistribution; not rupture proof
F13,F,13,PLD3_TMEM106B_mCherry_primary,site0,20,"260228_day20_WellF13_Channel405nm Binned,561nm Binned,488nm Binned_Seq0056.nd2",561nm Binned,488nm Binned,3,whole_field_foreground,stable_channel,762882,14979831.0,12485495.0,16.74992561340332,2494336.0,832,0.0010906011676758782,128.54980271596176,15.0,5.005538548132647,5.005538548132647,screening metric for punctate-to-diffuse reporter redistribution; not rupture proof
F13,F,13,PLD3_TMEM106B_mCherry_primary,site0,25,"260305_day25_iNeurons_WellF13_Channel405nm Binned,561nm Binned,488nm Binned_Seq0056.nd2",561nm Binned,488nm Binned,4,whole_field_foreground,stable_channel,530979,7769163.0,6672723.0,12.84337329864502,1096440.0,737,0.0013880021620414592,83.57112453879948,11.0,6.085807704930424,6.085807704930424,screening metric for punctate-to-diffuse reporter redistribution; not rupture proof
F13,F,13,PLD3_TMEM106B_mCherry_primary,site0,29,"260309_Day29_WellF13_Channel405nm Binned,561nm Binned,488nm Binned_Seq0056.nd2",561nm Binned,488nm Binned,5,whole_field_foreground,stable_channel,742527,14772595.0,12564904.0,17.295000076293945,2207691.0,1041,0.0014019692213193568,124.13770911283612,12.0,5.691423301537357,5.691423301537357,screening metric for punctate-to-diffuse reporter redistribution; not rupture proof
F13,F,13,PLD3_TMEM106B_mCherry_primary,site0,32,"260312_Day32_WellF13_Channel405nm Binned,561 nm,488nm Binned_Seq0056.nd2",561nm Binned,488nm Binned,6,whole_field_foreground,stable_channel,901089,14789371.0,12331912.0,13.995692253112793,2457459.0,1235,0.0013705638399743303,109.43228146634121,12.0,5.018155745424433,5.018155745424433,screening metric for punctate-to-diffuse reporter redistribution; not rupture proof
F13,F,13,PLD3_TMEM106B_mCherry_primary,site0,36,"260316_Day36_WellF13_Channel405nm Binned,561nm Binned,488nm Binned_Seq0056.nd2",561nm Binned,488nm Binned,7,whole_field_foreground,stable_channel,975642,17268562.0,14315146.0,15.011704444885254,2953416.0,1286,0.00131810643658092,118.44337010717318,13.0,4.846979226764923,4.846979226764923,screening metric for punctate-to-diffuse reporter redistribution; not rupture proof
F13,F,13,PLD3_TMEM106B_mCherry_primary,site0,39,"260319_Day39_WellF13_Channel405nm Binned,561nm Binned,488nm Binned_Seq0056.nd2",561nm Binned,488nm Binned,8,whole_field_foreground,stable_channel,934162,18442116.0,15487894.0,16.962215423583984,2954221.0,1173,0.0012556708579440658,121.0776580589405,13.0,5.242632152433673,5.242632152433673,screening metric for punctate-to-diffuse reporter redistribution; not rupture proof
F12,F,12,PLD3_TMEM106B_mCherry_primary,site0,8,"260216_Day8_iNeurons_WellF12_Channel405nm Binned,561nm Binned,488nm Binned_Seq0055.nd2",561nm Binned,488nm Binned,0,whole_field_foreground,stable_channel,823610,17103650.0,12914177.0,16.06328773498535,4189473.0,891,0.0010818227073480387,195.84505865094906,19.0,3.0825301893572097,3.0825301893572097,screening metric for punctate-to-diffuse reporter redistribution; not rupture proof
F12,F,12,PLD3_TMEM106B_mCherry_primary,site0,12,"260220_Day12_WellF12_Channel405nm Binned,561nm Binned,488nm Binned_Seq0055.nd2",561nm Binned,488nm Binned,1,whole_field_foreground,stable_channel,703340,13872654.0,11289761.0,16.431509017944336,2582893.0,729,0.0010364830665097443,136.93022404842088,17.0,4.37097510427092,4.37097510427092,screening metric for punctate-to-diffuse reporter redistribution; not rupture proof
F12,F,12,PLD3_TMEM106B_mCherry_primary,site0,16,"260224_day16_WellF12_Channel405nm Binned,561nm Binned,488nm Binned_Seq0055.nd2",561nm Binned,488nm Binned,2,whole_field_foreground,stable_channel,742095,15623969.0,12792802.0,17.650941848754883,2831167.0,793,0.001068596338742252,148.49539826286096,17.0,4.5185614271413455,4.5185614271413455,screening metric for punctate-to-diffuse reporter redistribution; not rupture proof
F12,F,12,PLD3_TMEM106B_mCherry_primary,site0,20,"260228_day20_WellF12_Channel405nm Binned,561nm Binned,488nm Binned_Seq0055.nd2",561nm Binned,488nm Binned,3,whole_field_foreground,stable_channel,747615,15278945.0,12638477.0,17.302837371826172,2640468.0,836,0.0011182226145795386,139.89490848523008,15.0,4.7864533862918295,4.7864533862918295,screening metric for punctate-to-diffuse reporter redistribution; not rupture proof
F12,F,12,PLD3_TMEM106B_mCherry_primary,site0,25,"260305_day25_iNeurons_WellF12_Channel405nm Binned,561nm Binned,488nm Binned_Seq0055.nd2",561nm Binned,488nm Binned,4,whole_field_foreground,stable_channel,600838,7540629.0,6389122.0,10.874156951904297,1151507.0,834,0.001388061340991435,75.07319536826593,12.0,5.5484873300765445,5.5484873300765445,screening metric for punctate-to-diffuse reporter redistribution; not rupture proof
F12,F,12,PLD3_TMEM106B_mCherry_primary,site0,29,"260309_Day29_WellF12_Channel405nm Binned,561nm Binned,488nm Binned_Seq0055.nd2",561nm Binned,488nm Binned,5,whole_field_foreground,stable_channel,824589,13652045.0,11331118.0,14.054919242858887,2320927.0,1160,0.0014067614290253609,114.44577529841456,13.0,4.882151829848642,4.882151829848642,screening metric for punctate-to-diffuse reporter redistribution; not rupture proof
F12,F,12,PLD3_TMEM106B_mCherry_primary,site0,32,"260312_Day32_WellF12_Channel405nm Binned,561 nm,488nm Binned_Seq0055.nd2",561nm Binned,488nm Binned,6,whole_field_foreground,stable_channel,898882,15788013.0,13119288.0,14.927959442138672,2668725.0,1212,0.001348341606571999,118.6903093482795,13.0,4.915938509960781,4.915938509960781,screening metric for punctate-to-diffuse reporter redistribution; not rupture proof
F12,F,12,PLD3_TMEM106B_mCherry_primary,site0,36,"260316_Day36_WellF12_Channel405nm Binned,561nm Binned,488nm Binned_Seq0055.nd2",561nm Binned,488nm Binned,7,whole_field_foreground,stable_channel,1016505,16792280.0,13590267.0,13.68256950378418,3202013.0,1299,0.0012779081263729368,119.93464488557342,13.0,4.244288514754861,4.244288514754861,screening metric for punctate-to-diffuse reporter redistribution; not rupture proof
F12,F,12,PLD3_TMEM106B_mCherry_primary,site0,39,"260319_Day39_WellF12_Channel405nm Binned,561nm Binned,488nm Binned_Seq0055.nd2",561nm Binned,488nm Binned,8,whole_field_foreground,stable_channel,927143,19264520.0,16257526.0,17.941200256347656,3006994.0,1229,0.001325577607767814,126.99891342895607,13.0,5.406570814572492,5.406570814572492,screening metric for punctate-to-diffuse reporter redistribution; not rupture proof
F15,F,15,PLD3_TMEM106B_mCherry_primary,site0,8,"260216_Day8_iNeurons_WellF15_Channel405nm Binned,561nm Binned,488nm Binned_Seq0058.nd2",561nm Binned,488nm Binned,0,whole_field_foreground,stable_channel,801244,16957670.0,12863951.0,16.446216583251953,4093719.0,880,0.001098292155696519,196.1846401387995,19.0,3.1423629711753196,3.1423629711753196,screening metric for punctate-to-diffuse reporter redistribution; not rupture proof
F15,F,15,PLD3_TMEM106B_mCherry_primary,site0,12,"260220_Day12_WellF15_Channel405nm Binned,561nm Binned,488nm Binned_Seq0058.nd2",561nm Binned,488nm Binned,1,whole_field_foreground,stable_channel,730108,14087023.0,11551506.0,16.19727325439453,2535517.0,804,0.0011012069447244774,130.66362292730986,16.0,4.55587795309416,4.55587795309416,screening metric for punctate-to-diffuse reporter redistribution; not rupture proof
F15,F,15,PLD3_TMEM106B_mCherry_primary,site0,16,"260224_day16_WellF15_Channel405nm Binned,561nm Binned,488nm Binned_Seq0058.nd2",561nm Binned,488nm Binned,2,whole_field_foreground,stable_channel,786809,16502878.0,13562900.0,17.6485595703125,2939978.0,826,0.0010498100555521737,144.02124559157699,16.5,4.613265813552138,4.613265813552138,screening metric for punctate-to-diffuse reporter redistribution; not rupture proof
F15,F,15,PLD3_TMEM106B_mCherry_primary,site0,20,"260228_day20_WellF15_Channel405nm Binned,561nm Binned,488nm Binned_Seq0058.nd2",561nm Binned,488nm Binned,3,whole_field_foreground,stable_channel,959481,15879521.0,12964867.0,13.83578872680664,2914654.0,952,0.000992203076453841,117.54717733078644,18.0,4.448166746377289,4.448166746377289,screening metric for punctate-to-diffuse reporter redistribution; not rupture proof
F15,F,15,PLD3_TMEM106B_mCherry_primary,site0,25,"260305_day25_iNeurons_WellF15_Channel405nm Binned,561nm Binned,488nm Binned_Seq0058.nd2",561nm Binned,488nm Binned,4,whole_field_foreground,stable_channel,609296,8078864.0,6860600.0,11.511441230773926,1218264.0,842,0.001381922743623162,80.48629472148107,12.0,5.631455907746078,5.631455907746078,screening metric for punctate-to-diffuse reporter redistribution; not rupture proof
F15,F,15,PLD3_TMEM106B_mCherry_primary,site0,29,"260309_Day29_WellF15_Channel405nm Binned,561nm Binned,488nm Binned_Seq0058.nd2",561nm Binned,488nm Binned,5,whole_field_foreground,stable_channel,833461,15478168.0,12967410.0,15.909819602966309,2510758.0,1191,0.0014289810800968143,121.82881531607293,12.0,5.164739094725512,5.164739094725512,screening metric for punctate-to-diffuse reporter redistribution; not rupture proof
F15,F,15,PLD3_TMEM106B_mCherry_primary,site0,32,"260312_Day32_WellF15_Channel405nm Binned,561 nm,488nm Binned_Seq0058.nd2",561nm Binned,488nm Binned,6,whole_field_foreground,stable_channel,966555,16924426.0,14018132.0,14.83409595489502,2906294.0,1279,0.001323256307192738,118.72463170544444,12.0,4.823370244027334,4.823370244027334,screening metric for punctate-to-diffuse reporter redistribution; not rupture proof
F15,F,15,PLD3_TMEM106B_mCherry_primary,site0,36,"260316_Day36_WellF15_Channel405nm Binned,561nm Binned,488nm Binned_Seq0058.nd2",561nm Binned,488nm Binned,7,whole_field_foreground,stable_channel,1109108,18685514.0,15131388.0,13.959373474121094,3554126.0,1365,0.0012307187397429008,121.38769200363438,13.0,4.257414621765166,4.257414621765166,screening metric for punctate-to-diffuse reporter redistribution; not rupture proof
F15,F,15,PLD3_TMEM106B_mCherry_primary,site0,39,"260319_Day39_WellF15_Channel405nm Binned,561nm Binned,488nm Binned_Seq0058.nd2",561nm Binned,488nm Binned,8,whole_field_foreground,stable_channel,982258,20073560.0,16788540.0,17.485767364501953,3285020.0,1226,0.001248144581157651,129.74994022811217,13.0,5.110635551684584,5.110635551684584,screening metric for punctate-to-diffuse reporter redistribution; not rupture proof
F16,F,16,PLD3_TMEM106B_mCherry_primary,site0,8,"260216_Day8_iNeurons_WellF16_Channel405nm Binned,561nm Binned,488nm Binned_Seq0059.nd2",561nm Binned,488nm Binned,0,whole_field_foreground,stable_channel,818329,17147974.0,12943254.0,16.203453063964844,4204720.0,897,0.001096136150617788,196.24729626845888,19.0,3.078267756235117,3.078267756235117,screening metric for punctate-to-diffuse reporter redistribution; not rupture proof
F16,F,16,PLD3_TMEM106B_mCherry_primary,site0,12,"260220_Day12_WellF16_Channel405nm Binned,561nm Binned,488nm Binned_Seq0059.nd2",561nm Binned,488nm Binned,1,whole_field_foreground,stable_channel,716686,13561735.0,11168947.0,15.954476356506348,2392788.0,797,0.0011120630234145608,126.0352110916578,15.0,4.6677545189943,4.6677545189943,screening metric for punctate-to-diffuse reporter redistribution; not rupture proof
F16,F,16,PLD3_TMEM106B_mCherry_primary,site0,16,"260224_day16_WellF16_Channel405nm Binned,561nm Binned,488nm Binned_Seq0059.nd2",561nm Binned,488nm Binned,2,whole_field_foreground,stable_channel,787587,17042148.0,14004622.0,18.20853614807129,3037526.0,814,0.0010335366124618187,148.21050264325717,17.0,4.610535679363861,4.610535679363861,screening metric for punctate-to-diffuse reporter redistribution; not rupture proof
F16,F,16,PLD3_TMEM106B_mCherry_primary,site0,20,"260228_day20_WellF16_Channel405nm Binned,561nm Binned,488nm Binned_Seq0059.nd2",561nm Binned,488nm Binned,3,whole_field_foreground,stable_channel,803306,16165677.0,13486887.0,17.182104110717773,2678790.0,942,0.0011726540073133118,131.9871907082333,14.0,5.034693648996362,5.034693648996362,screening metric for punctate-to-diffuse reporter redistribution; not rupture proof
F16,F,16,PLD3_TMEM106B_mCherry_primary,site0,25,"260305_day25_iNeurons_WellF16_Channel405nm Binned,561nm Binned,488nm Binned_Seq0059.nd2",561nm Binned,488nm Binned,4,whole_field_foreground,stable_channel,643018,8663696.0,7391801.0,11.754137992858887,1271895.0,864,0.0013436637854595927,78.43912716265078,12.0,5.8116440429392275,5.8116440429392275,screening metric for punctate-to-diffuse reporter redistribution; not rupture proof
F16,F,16,PLD3_TMEM106B_mCherry_primary,site0,29,"260309_Day29_WellF16_Channel405nm Binned,561nm Binned,488nm Binned_Seq0059.nd2",561nm Binned,488nm Binned,5,whole_field_foreground,stable_channel,815473,14543805.0,12266730.0,15.378067016601562,2277075.0,1126,0.001380793723395648,114.55822399877951,12.0,5.387055762324304,5.387055762324304,screening metric for punctate-to-diffuse reporter redistribution; not rupture proof
F16,F,16,PLD3_TMEM106B_mCherry_primary,site0,32,"260312_Day32_WellF16_Channel405nm Binned,561 nm,488nm Binned_Seq0059.nd2",561nm Binned,488nm Binned,6,whole_field_foreground,stable_channel,938474,15600111.0,12846478.0,14.003915786743164,2753633.0,1244,0.0013255561688429029,115.9624130181561,13.0,4.665283282120506,4.665283282120506,screening metric for punctate-to-diffuse reporter redistribution; not rupture proof
F16,F,16,PLD3_TMEM106B_mCherry_primary,site0,36,"260316_Day36_WellF16_Channel405nm Binned,561nm Binned,488nm Binned_Seq0059.nd2",561nm Binned,488nm Binned,7,whole_field_foreground,stable_channel,1049711,18430160.0,15176805.0,14.791515350341797,3253356.0,1349,0.001285115617535412,120.53191994454262,13.0,4.664969035050372,4.664969035050372,screening metric for punctate-to-diffuse reporter redistribution; not rupture proof
F16,F,16,PLD3_TMEM106B_mCherry_primary,site0,39,"260319_Day39_WellF16_Channel405nm Binned,561nm Binned,488nm Binned_Seq0059.nd2",561nm Binned,488nm Binned,8,whole_field_foreground,stable_channel,1020121,17870088.0,14813402.0,14.857722282409668,3056687.0,1288,0.001262595319573597,115.70201385391425,13.0,4.846227958569247,4.846227958569247,screening metric for punctate-to-diffuse reporter redistribution; not rupture proof
F17,F,17,PLD3_TMEM106B_mCherry_primary,site0,8,"260216_Day8_iNeurons_WellF17_Channel405nm Binned,561nm Binned,488nm Binned_Seq0060.nd2",561nm Binned,488nm Binned,0,whole_field_foreground,stable_channel,817318,16730805.0,12581245.0,15.770081520080566,4149560.0,887,0.0010852569012292825,192.91602572298103,18.0,3.0319467606196726,3.0319467606196726,screening metric for punctate-to-diffuse reporter redistribution; not rupture proof
F17,F,17,PLD3_TMEM106B_mCherry_primary,site0,12,"260220_Day12_WellF17_Channel405nm Binned,561nm Binned,488nm Binned_Seq0060.nd2",561nm Binned,488nm Binned,1,whole_field_foreground,stable_channel,701096,13396982.0,10993210.0,16.05394172668457,2403772.0,768,0.0010954277302950017,128.97246407469115,16.0,4.573316437663567,4.573316437663567,screening metric for punctate-to-diffuse reporter redistribution; not rupture proof
F17,F,17,PLD3_TMEM106B_mCherry_primary,site0,16,"260224_day16_WellF17_Channel405nm Binned,561nm Binned,488nm Binned_Seq0060.nd2",561nm Binned,488nm Binned,2,whole_field_foreground,stable_channel,759466,16110342.0,13255637.0,17.871917724609375,2854705.0,797,0.0010494215672577187,145.01887211626118,17.0,4.643434960878745,4.643434960878745,screening metric for punctate-to-diffuse reporter redistribution; not rupture proof
F17,F,17,PLD3_TMEM106B_mCherry_primary,site0,20,"260228_day20_WellF17_Channel405nm Binned,561nm Binned,488nm Binned_Seq0060.nd2",561nm Binned,488nm Binned,3,whole_field_foreground,stable_channel,776886,15732951.0,13152170.0,17.321714401245117,2580781.0,903,0.0011623326974599074,132.55880875867334,14.0,5.0961976238955975,5.0961976238955975,screening metric for punctate-to-diffuse reporter redistribution; not rupture proof
F17,F,17,PLD3_TMEM106B_mCherry_primary,site0,25,"260305_day25_iNeurons_WellF17_Channel405nm Binned,561nm Binned,488nm Binned_Seq0060.nd2",561nm Binned,488nm Binned,4,whole_field_foreground,stable_channel,619121,7464519.0,6312605.0,10.424494743347168,1151914.0,857,0.0013842205320100849,73.7337744945406,12.0,5.48010094503107,5.48010094503107,screening metric for punctate-to-diffuse reporter redistribution; not rupture proof
F17,F,17,PLD3_TMEM106B_mCherry_primary,site0,29,"260309_Day29_WellF17_Channel405nm Binned,561nm Binned,488nm Binned_Seq0060.nd2",561nm Binned,488nm Binned,5,whole_field_foreground,stable_channel,809346,13226261.0,11074493.0,13.992609977722168,2151768.0,1133,0.001399895718269566,106.15360065739658,12.0,5.146694718015536,5.146694718015536,screening metric for punctate-to-diffuse reporter redistribution; not rupture proof
F17,F,17,PLD3_TMEM106B_mCherry_primary,site0,32,"260312_Day32_WellF17_Channel405nm Binned,561 nm,488nm Binned_Seq0060.nd2",561nm Binned,488nm Binned,6,whole_field_foreground,stable_channel,939303,15720057.0,13068756.0,14.228693008422852,2651301.0,1287,0.0013701648988650413,112.68031118077276,13.0,4.929186086376112,4.929186086376112,screening metric for punctate-to-diffuse reporter redistribution; not rupture proof
F17,F,17,PLD3_TMEM106B_mCherry_primary,site0,36,"260316_Day36_WellF17_Channel405nm Binned,561nm Binned,488nm Binned_Seq0060.nd2",561nm Binned,488nm Binned,7,whole_field_foreground,stable_channel,1009567,18190868.0,15072656.0,15.2742919921875,3118212.0,1282,0.0012698513323025913,120.00491620746678,12.0,4.8337495975242115,4.8337495975242115,screening metric for punctate-to-diffuse reporter redistribution; not rupture proof
F17,F,17,PLD3_TMEM106B_mCherry_primary,site0,39,"260319_Day39_WellF17_Channel405nm Binned,561nm Binned,488nm Binned_Seq0060.nd2",561nm Binned,488nm Binned,8,whole_field_foreground,stable_channel,1014890,19050936.0,16062971.0,16.192201614379883,2987964.0,1247,0.001228704588673424,115.22231409276306,13.0,5.37589174434318,5.37589174434318,screening metric for punctate-to-diffuse reporter redistribution; not rupture proof
F18,F,18,PLD3_TMEM106B_mCherry_primary,site0,8,"260216_Day8_iNeurons_WellF18_Channel405nm Binned,561nm Binned,488nm Binned_Seq0061.nd2",561nm Binned,488nm Binned,0,whole_field_foreground,stable_channel,848143,17534528.0,13426636.0,16.218034744262695,4107892.0,934,0.0011012293917404244,181.64134439309098,18.0,3.26849780860761,3.26849780860761,screening metric for punctate-to-diffuse reporter redistribution; not rupture proof
F18,F,18,PLD3_TMEM106B_mCherry_primary,site0,12,"260220_Day12_WellF18_Channel405nm Binned,561nm Binned,488nm Binned_Seq0061.nd2",561nm Binned,488nm Binned,1,whole_field_foreground,stable_channel,750987,14213950.0,11693937.0,15.941198348999023,2520013.0,788,0.0010492858065438559,124.9965368309602,16.0,4.640427251762336,4.640427251762336,screening metric for punctate-to-diffuse reporter redistribution; not rupture proof
F18,F,18,PLD3_TMEM106B_mCherry_primary,site0,16,"260224_day16_WellF18_Channel405nm Binned,561nm Binned,488nm Binned_Seq0061.nd2",561nm Binned,488nm Binned,2,whole_field_foreground,stable_channel,782909,15725239.0,12911293.0,16.885454177856445,2813946.0,801,0.0010231074109493911,137.84732802411293,18.0,4.588322945783399,4.588322945783399,screening metric for punctate-to-diffuse reporter redistribution; not rupture proof
F18,F,18,PLD3_TMEM106B_mCherry_primary,site0,20,"260228_day20_WellF18_Channel405nm Binned,561nm Binned,488nm Binned_Seq0061.nd2",561nm Binned,488nm Binned,3,whole_field_foreground,stable_channel,793912,15425535.0,12783321.0,16.4822940826416,2642214.0,867,0.0010920605810201987,129.55475421980316,16.0,4.838109630785078,4.838109630785078,screening metric for punctate-to-diffuse reporter redistribution; not rupture proof
F18,F,18,PLD3_TMEM106B_mCherry_primary,site0,25,"260305_day25_iNeurons_WellF18_Channel405nm Binned,561nm Binned,488nm Binned_Seq0061.nd2",561nm Binned,488nm Binned,4,whole_field_foreground,stable_channel,567716,8079304.0,6954951.0,12.526522636413574,1124353.0,774,0.0013633577352032294,79.24791463709,12.0,6.185736152252731,6.185736152252731,screening metric for punctate-to-diffuse reporter redistribution; not rupture proof
F18,F,18,PLD3_TMEM106B_mCherry_primary,site0,29,"260309_Day29_WellF18_Channel405nm Binned,561nm Binned,488nm Binned_Seq0061.nd2",561nm Binned,488nm Binned,5,whole_field_foreground,stable_channel,777649,14629209.0,12393109.0,16.28951072692871,2236100.0,1103,0.0014183776999630703,119.85192835471463,12.0,5.542287464779956,5.542287464779956,screening metric for punctate-to-diffuse reporter redistribution; not rupture proof
F18,F,18,PLD3_TMEM106B_mCherry_primary,site0,32,"260312_Day32_WellF18_Channel405nm Binned,561 nm,488nm Binned_Seq0061.nd2",561nm Binned,488nm Binned,6,whole_field_foreground,stable_channel,967831,16427462.0,13668129.0,14.4439115524292,2759333.0,1338,0.0013824727664216352,113.87487072224752,12.0,4.953417728123082,4.953417728123082,screening metric for punctate-to-diffuse reporter redistribution; not rupture proof
F18,F,18,PLD3_TMEM106B_mCherry_primary,site0,36,"260316_Day36_WellF18_Channel405nm Binned,561nm Binned,488nm Binned_Seq0061.nd2",561nm Binned,488nm Binned,7,whole_field_foreground,stable_channel,999008,18082704.0,14945601.0,15.302908897399902,3137102.0,1312,0.0013133027963726884,124.05272192780565,13.0,4.764142511144119,4.764142511144119,screening metric for punctate-to-diffuse reporter redistribution; not rupture proof
F18,F,18,PLD3_TMEM106B_mCherry_primary,site0,39,"260319_Day39_WellF18_Channel405nm Binned,561nm Binned,488nm Binned_Seq0061.nd2",561nm Binned,488nm Binned,8,whole_field_foreground,stable_channel,1022693,19632912.0,16354304.0,16.3587703704834,3278609.0,1317,0.001287776488153055,124.92120280805283,13.0,4.988183708394326,4.988183708394326,screening metric for punctate-to-diffuse reporter redistribution; not rupture proof
F19,F,19,PLD3_TMEM106B_mCherry_primary,site0,8,"260216_Day8_iNeurons_WellF19_Channel405nm Binned,561nm Binned,488nm Binned_Seq0062.nd2",561nm Binned,488nm Binned,0,whole_field_foreground,stable_channel,860791,17151648.0,12943191.0,15.404948234558105,4208457.0,923,0.0010722695753079758,187.4621892166551,20.0,3.075519364935159,3.075519364935159,screening metric for punctate-to-diffuse reporter redistribution; not rupture proof
F19,F,19,PLD3_TMEM106B_mCherry_primary,site0,12,"260220_Day12_WellF19_Channel405nm Binned,561nm Binned,488nm Binned_Seq0062.nd2",561nm Binned,488nm Binned,1,whole_field_foreground,stable_channel,741613,13689050.0,11313116.0,15.616791725158691,2375934.0,820,0.001105697985335875,122.45546018088736,17.0,4.76154472304165,4.76154472304165,screening metric for punctate-to-diffuse reporter redistribution; not rupture proof
F19,F,19,PLD3_TMEM106B_mCherry_primary,site0,16,"260224_day16_WellF19_Channel405nm Binned,561nm Binned,488nm Binned_Seq0062.nd2",561nm Binned,488nm Binned,2,whole_field_foreground,stable_channel,795869,16029221.0,13256733.0,17.054277420043945,2772488.0,813,0.0010215248991969513,134.24241404515791,17.0,4.781529442145546,4.781529442145546,screening metric for punctate-to-diffuse reporter redistribution; not rupture proof
F19,F,19,PLD3_TMEM106B_mCherry_primary,site0,20,"260228_day20_WellF19_Channel405nm Binned,561nm Binned,488nm Binned_Seq0062.nd2",561nm Binned,488nm Binned,3,whole_field_foreground,stable_channel,798626,15735362.0,13210046.0,16.926603317260742,2525316.0,936,0.001172012932209605,126.69001274842482,14.0,5.231046728407364,5.231046728407364,screening metric for punctate-to-diffuse reporter redistribution; not rupture proof
F19,F,19,PLD3_TMEM106B_mCherry_primary,site0,25,"260305_day25_iNeurons_WellF19_Channel405nm Binned,561nm Binned,488nm Binned_Seq0062.nd2",561nm Binned,488nm Binned,4,whole_field_foreground,stable_channel,642833,7769830.0,6593835.0,10.489898681640625,1175995.0,866,0.0013471617045152518,70.29499596646421,12.0,5.607026390413559,5.607026390413559,screening metric for punctate-to-diffuse reporter redistribution; not rupture proof
F19,F,19,PLD3_TMEM106B_mCherry_primary,site0,29,"260309_Day29_WellF19_Channel405nm Binned,561nm Binned,488nm Binned_Seq0062.nd2",561nm Binned,488nm Binned,5,whole_field_foreground,stable_channel,902958,13961775.0,11606046.0,13.147870063781738,2355729.0,1258,0.0013931987977276981,105.10061078458219,13.0,4.926732234478191,4.926732234478191,screening metric for punctate-to-diffuse reporter redistribution; not rupture proof
F19,F,19,PLD3_TMEM106B_mCherry_primary,site0,32,"260312_Day32_WellF19_Channel405nm Binned,561 nm,488nm Binned_Seq0062.nd2",561nm Binned,488nm Binned,6,whole_field_foreground,stable_channel,916996,16009770.0,13325600.0,14.862269401550293,2684170.0,1274,0.0013893190373770558,117.41337716298725,12.0,4.964514170114053,4.964514170114053,screening metric for punctate-to-diffuse reporter redistribution; not rupture proof
F19,F,19,PLD3_TMEM106B_mCherry_primary,site0,36,"260316_Day36_WellF19_Channel405nm Binned,561nm Binned,488nm Binned_Seq0062.nd2",561nm Binned,488nm Binned,7,whole_field_foreground,stable_channel,1015748,19063060.0,15858118.0,15.970357894897461,3204943.0,1345,0.0013241473278792337,124.29869662430207,13.0,4.948018732312884,4.948018732312884,screening metric for punctate-to-diffuse reporter redistribution; not rupture proof
F19,F,19,PLD3_TMEM106B_mCherry_primary,site0,39,"260319_Day39_WellF19_Channel405nm Binned,561nm Binned,488nm Binned_Seq0062.nd2",561nm Binned,488nm Binned,8,whole_field_foreground,stable_channel,1108347,18033644.0,14958470.0,13.811022758483887,3075174.0,1413,0.0012748714978239894,104.63179338189278,13.0,4.8642678430538036,4.8642678430538036,screening metric for punctate-to-diffuse reporter redistribution; not rupture proof
F20,F,20,PLD3_TMEM106B_mCherry_primary,site0,8,"260216_Day8_iNeurons_WellF20_Channel405nm Binned,561nm Binned,488nm Binned_Seq0063.nd2",561nm Binned,488nm Binned,0,whole_field_foreground,stable_channel,732632,14906612.0,11422871.0,15.969834327697754,3483741.0,779,0.0010632896187976182,181.1015149313617,19.0,3.2789093678309387,3.2789093678309387,screening metric for punctate-to-diffuse reporter redistribution; not rupture proof
F20,F,20,PLD3_TMEM106B_mCherry_primary,site0,12,"260220_Day12_WellF20_Channel405nm Binned,561nm Binned,488nm Binned_Seq0063.nd2",561nm Binned,488nm Binned,1,whole_field_foreground,stable_channel,605858,10838724.0,8893336.0,15.031185150146484,1945388.0,658,0.0010860630708828041,118.27620766590431,16.0,4.571497305419499,4.571497305419499,screening metric for punctate-to-diffuse reporter redistribution; not rupture proof
F20,F,20,PLD3_TMEM106B_mCherry_primary,site0,16,"260224_day16_WellF20_Channel405nm Binned,561nm Binned,488nm Binned_Seq0063.nd2",561nm Binned,488nm Binned,2,whole_field_foreground,stable_channel,646500,13182031.0,10905421.0,17.270469665527344,2276610.0,642,0.0009930394431539164,134.6342990197868,18.0,4.7902016594828325,4.7902016594828325,screening metric for punctate-to-diffuse reporter redistribution; not rupture proof
F20,F,20,PLD3_TMEM106B_mCherry_primary,site0,20,"260228_day20_WellF20_Channel405nm Binned,561nm Binned,488nm Binned_Seq0063.nd2",561nm Binned,488nm Binned,3,whole_field_foreground,stable_channel,649082,11914414.0,9936626.0,15.669130325317383,1977788.0,722,0.001112340197384749,118.95568377423484,14.0,5.024110774256379,5.024110774256379,screening metric for punctate-to-diffuse reporter redistribution; not rupture proof
F20,F,20,PLD3_TMEM106B_mCherry_primary,site0,25,"260305_day25_iNeurons_WellF20_Channel405nm Binned,561nm Binned,488nm Binned_Seq0063.nd2",561nm Binned,488nm Binned,4,whole_field_foreground,stable_channel,446198,5826464.0,5019968.0,11.506536483764648,806496.0,637,0.0014276173357983953,72.31062897782498,12.0,6.22441772804053,6.22441772804053,screening metric for punctate-to-diffuse reporter redistribution; not rupture proof
F20,F,20,PLD3_TMEM106B_mCherry_primary,site0,29,"260309_Day29_WellF20_Channel405nm Binned,561nm Binned,488nm Binned_Seq0063.nd2",561nm Binned,488nm Binned,5,whole_field_foreground,stable_channel,659319,10439690.0,8796562.0,13.643072128295898,1643128.0,918,0.0013923457385554,101.5685052186056,12.0,5.353546406606574,5.353546406606574,screening metric for punctate-to-diffuse reporter redistribution; not rupture proof
F20,F,20,PLD3_TMEM106B_mCherry_primary,site0,32,"260312_Day32_WellF20_Channel405nm Binned,561 nm,488nm Binned_Seq0063.nd2",561nm Binned,488nm Binned,6,whole_field_foreground,stable_channel,683095,12355880.0,10508138.0,15.728744506835938,1847742.0,953,0.0013951207372306998,111.53109838479713,12.0,5.687015827964246,5.687015827964246,screening metric for punctate-to-diffuse reporter redistribution; not rupture proof
F20,F,20,PLD3_TMEM106B_mCherry_primary,site0,36,"260316_Day36_WellF20_Channel405nm Binned,561nm Binned,488nm Binned_Seq0063.nd2",561nm Binned,488nm Binned,7,whole_field_foreground,stable_channel,809957,13661956.0,11409211.0,14.41008186340332,2252745.0,1095,0.0013519236206349819,108.68087314274757,12.0,5.06458165482331,5.06458165482331,screening metric for punctate-to-diffuse reporter redistribution; not rupture proof
F20,F,20,PLD3_TMEM106B_mCherry_primary,site0,39,"260319_Day39_WellF20_Channel405nm Binned,561nm Binned,488nm Binned_Seq0063.nd2",561nm Binned,488nm Binned,8,whole_field_foreground,stable_channel,864830,13869143.0,11523857.0,13.638104438781738,2345286.0,1043,0.0012060173675737358,103.37433639628775,14.0,4.913625459749936,4.913625459749936,screening metric for punctate-to-diffuse reporter redistribution; not rupture proof
I06,I,06,PLD3_mCherry_reporter_control,site0,8,"260216_Day8_iNeurons_WellI06_Channel405nm Binned,561nm Binned,488nm Binned_Seq0097.nd2",561nm Binned,488nm Binned,0,whole_field_foreground,stable_channel,684623,16374120.0,11566158.0,17.302305221557617,4807962.0,774,0.0011305492219789131,273.42372638002536,18.0,2.405625918008003,2.405625918008003,screening metric for punctate-to-diffuse reporter redistribution; not rupture proof
I06,I,06,PLD3_mCherry_reporter_control,site0,12,"260220_Day12_WellI06_Channel405nm Binned,561nm Binned,488nm Binned_Seq0097.nd2",561nm Binned,488nm Binned,1,whole_field_foreground,stable_channel,654979,16946556.0,12748460.0,19.931459426879883,4198096.0,676,0.001032094158742445,243.38642314482018,17.0,3.0367242673814423,3.0367242673814423,screening metric for punctate-to-diffuse reporter redistribution; not rupture proof
I06,I,06,PLD3_mCherry_reporter_control,site0,16,"260224_day16_WellI06_Channel405nm Binned,561nm Binned,488nm Binned_Seq0097.nd2",561nm Binned,488nm Binned,2,whole_field_foreground,stable_channel,675861,25342228.0,18788738.0,28.46506690979004,6553489.0,740,0.0010948996909111565,373.9900685078389,16.0,2.8669824577407748,2.8669824577407748,screening metric for punctate-to-diffuse reporter redistribution; not rupture proof
I06,I,06,PLD3_mCherry_reporter_control,site0,20,"260228_day20_WellI06_Channel405nm Binned,561nm Binned,488nm Binned_Seq0097.nd2",561nm Binned,488nm Binned,3,whole_field_foreground,stable_channel,684857,26167908.0,20022052.0,29.919340133666992,6145857.0,847,0.00123675453415642,361.3832387372482,14.0,3.2578128648285736,3.2578128648285736,screening metric for punctate-to-diffuse reporter redistribution; not rupture proof
I06,I,06,PLD3_mCherry_reporter_control,site0,25,"260305_day25_iNeurons_WellI06_Channel405nm Binned,561nm Binned,488nm Binned_Seq0097.nd2",561nm Binned,488nm Binned,4,whole_field_foreground,stable_channel,594069,13963447.0,10767764.0,18.5438175201416,3195683.0,847,0.0014257603073019704,211.8127774505435,12.0,3.3694718781545703,3.3694718781545703,screening metric for punctate-to-diffuse reporter redistribution; not rupture proof
I06,I,06,PLD3_mCherry_reporter_control,site0,29,"260309_Day29_WellI06_Channel405nm Binned,561nm Binned,488nm Binned_Seq0097.nd2",561nm Binned,488nm Binned,5,whole_field_foreground,stable_channel,736524,26437418.0,20346418.0,28.264606475830078,6091000.0,1066,0.001447339122687859,326.64755548187316,12.0,3.340406829748261,3.340406829748261,screening metric for punctate-to-diffuse reporter redistribution; not rupture proof
I06,I,06,PLD3_mCherry_reporter_control,site0,32,"260312_Day32_WellI06_Channel405nm Binned,561 nm,488nm Binned_Seq0097.nd2",561nm Binned,488nm Binned,6,whole_field_foreground,stable_channel,808322,30332604.0,22774678.0,28.836589813232422,7557926.0,1108,0.0013707408681176922,360.3742799724482,13.0,3.0133502233280645,3.0133502233280645,screening metric for punctate-to-diffuse reporter redistribution; not rupture proof
I06,I,06,PLD3_mCherry_reporter_control,site0,36,"260316_Day36_WellI06_Channel405nm Binned,561nm Binned,488nm Binned_Seq0097.nd2",561nm Binned,488nm Binned,7,whole_field_foreground,stable_channel,878309,36196040.0,27341250.0,31.858905792236328,8854791.0,1143,0.0013013643262208387,387.28398304536273,13.0,3.0877352158844755,3.0877352158844755,screening metric for punctate-to-diffuse reporter redistribution; not rupture proof
I06,I,06,PLD3_mCherry_reporter_control,site0,39,"260319_Day39_WellI06_Channel405nm Binned,561nm Binned,488nm Binned_Seq0097.nd2",561nm Binned,488nm Binned,8,whole_field_foreground,stable_channel,964838,35205716.0,26279820.0,27.889963150024414,8925898.0,1149,0.0011908734937873602,346.1698506805978,15.0,2.944221410551303,2.944221410551303,screening metric for punctate-to-diffuse reporter redistribution; not rupture proof
I05,I,05,PLD3_mCherry_reporter_control,site0,8,"260216_Day8_iNeurons_WellI05_Channel405nm Binned,561nm Binned,488nm Binned_Seq0096.nd2",561nm Binned,488nm Binned,0,whole_field_foreground,stable_channel,738605,17884492.0,12747885.0,17.67941665649414,5136607.0,811,0.001098015854210169,269.3386488231278,18.0,2.481771527391042,2.481771527391042,screening metric for punctate-to-diffuse reporter redistribution; not rupture proof
I05,I,05,PLD3_mCherry_reporter_control,site0,12,"260220_Day12_WellI05_Channel405nm Binned,561nm Binned,488nm Binned_Seq0096.nd2",561nm Binned,488nm Binned,1,whole_field_foreground,stable_channel,674046,17460352.0,13076539.0,19.86730194091797,4383814.0,790,0.001172026834962047,242.89613221566887,15.0,2.9829137367591363,2.9829137367591363,screening metric for punctate-to-diffuse reporter redistribution; not rupture proof
I05,I,05,PLD3_mCherry_reporter_control,site0,16,"260224_day16_WellI05_Channel405nm Binned,561nm Binned,488nm Binned_Seq0096.nd2",561nm Binned,488nm Binned,2,whole_field_foreground,stable_channel,671201,25287196.0,19149188.0,29.209314346313477,6138008.0,789,0.001175504804073332,358.02700826937405,15.0,3.119772408246597,3.119772408246597,screening metric for punctate-to-diffuse reporter redistribution; not rupture proof
I05,I,05,PLD3_mCherry_reporter_control,site0,20,"260228_day20_WellI05_Channel405nm Binned,561nm Binned,488nm Binned_Seq0096.nd2",561nm Binned,488nm Binned,3,whole_field_foreground,stable_channel,711111,27049880.0,20812100.0,29.946414947509766,6237782.0,930,0.001307812704343896,357.866731590353,13.0,3.3364583757490505,3.3364583757490505,screening metric for punctate-to-diffuse reporter redistribution; not rupture proof
I05,I,05,PLD3_mCherry_reporter_control,site0,25,"260305_day25_iNeurons_WellI05_Channel405nm Binned,561nm Binned,488nm Binned_Seq0096.nd2",561nm Binned,488nm Binned,4,whole_field_foreground,stable_channel,609642,14828895.0,11662824.0,19.570894241333008,3166071.0,926,0.0015189242210977608,209.746780222487,12.0,3.6836899741023865,3.6836899741023865,screening metric for punctate-to-diffuse reporter redistribution; not rupture proof
I05,I,05,PLD3_mCherry_reporter_control,site0,29,"260309_Day29_WellI05_Channel405nm Binned,561nm Binned,488nm Binned_Seq0096.nd2",561nm Binned,488nm Binned,5,whole_field_foreground,stable_channel,746209,27008316.0,21050164.0,28.862607955932617,5958152.0,1091,0.0014620568768247742,317.1064480397813,12.0,3.533002179198595,3.533002179198595,screening metric for punctate-to-diffuse reporter redistribution; not rupture proof
I05,I,05,PLD3_mCherry_reporter_control,site0,32,"260312_Day32_WellI05_Channel405nm Binned,561 nm,488nm Binned_Seq0096.nd2",561nm Binned,488nm Binned,6,whole_field_foreground,stable_channel,912524,31229904.0,23742310.0,26.627864837646484,7487594.0,1220,0.0013369511377220359,318.4135049038246,14.0,3.1708864022270475,3.1708864022270475,screening metric for punctate-to-diffuse reporter redistribution; not rupture proof
I05,I,05,PLD3_mCherry_reporter_control,site0,36,"260316_Day36_WellI05_Channel405nm Binned,561nm Binned,488nm Binned_Seq0096.nd2",561nm Binned,488nm Binned,7,whole_field_foreground,stable_channel,848554,34720172.0,27114236.0,32.69532775878906,7605938.0,1160,0.0013670314440785535,356.5623950958252,13.0,3.564877336627834,3.564877336627834,screening metric for punctate-to-diffuse reporter redistribution; not rupture proof
I05,I,05,PLD3_mCherry_reporter_control,site0,39,"260319_Day39_WellI05_Channel405nm Binned,561nm Binned,488nm Binned_Seq0096.nd2",561nm Binned,488nm Binned,8,whole_field_foreground,stable_channel,868007,34545236.0,26592092.0,31.364887237548828,7953145.0,1087,0.001252294048318444,344.46617287896373,14.0,3.343594515125357,3.343594515125357,screening metric for punctate-to-diffuse reporter redistribution; not rupture proof
I07,I,07,PLD3_mCherry_reporter_control,site0,8,"260216_Day8_iNeurons_WellI07_Channel405nm Binned,561nm Binned,488nm Binned_Seq0098.nd2",561nm Binned,488nm Binned,0,whole_field_foreground,stable_channel,778614,18438312.0,13050282.0,17.16934585571289,5388030.0,847,0.001087830426885353,263.8910999320615,17.0,2.422087850289916,2.422087850289916,screening metric for punctate-to-diffuse reporter redistribution; not rupture proof
I07,I,07,PLD3_mCherry_reporter_control,site0,12,"260220_Day12_WellI07_Channel405nm Binned,561nm Binned,488nm Binned_Seq0098.nd2",561nm Binned,488nm Binned,1,whole_field_foreground,stable_channel,746465,19289586.0,14411287.0,19.77228546142578,4878299.0,787,0.0010543026129811118,245.59489622200914,17.0,2.954162301244152,2.954162301244152,screening metric for punctate-to-diffuse reporter redistribution; not rupture proof
I07,I,07,PLD3_mCherry_reporter_control,site0,16,"260224_day16_WellI07_Channel405nm Binned,561nm Binned,488nm Binned_Seq0098.nd2",561nm Binned,488nm Binned,2,whole_field_foreground,stable_channel,762828,27823568.0,20820156.0,27.94569206237793,7003410.0,835,0.0010946111049920891,357.2325801461043,16.0,2.9728597925863296,2.9728597925863296,screening metric for punctate-to-diffuse reporter redistribution; not rupture proof
I07,I,07,PLD3_mCherry_reporter_control,site0,20,"260228_day20_WellI07_Channel405nm Binned,561nm Binned,488nm Binned_Seq0098.nd2",561nm Binned,488nm Binned,3,whole_field_foreground,stable_channel,776181,28432020.0,21652608.0,28.551132202148438,6779414.0,1017,0.0013102613952141184,349.5381058324403,13.0,3.1938760488733693,3.1938760488733693,screening metric for punctate-to-diffuse reporter redistribution; not rupture proof
I07,I,07,PLD3_mCherry_reporter_control,site0,25,"260305_day25_iNeurons_WellI07_Channel405nm Binned,561nm Binned,488nm Binned_Seq0098.nd2",561nm Binned,488nm Binned,4,whole_field_foreground,stable_channel,715403,14822492.0,11178061.0,15.989559173583984,3644431.0,961,0.0013432988119963945,196.5274829685874,13.0,3.067162198981661,3.067162198981661,screening metric for punctate-to-diffuse reporter redistribution; not rupture proof
I07,I,07,PLD3_mCherry_reporter_control,site0,29,"260309_Day29_WellI07_Channel405nm Binned,561nm Binned,488nm Binned_Seq0098.nd2",561nm Binned,488nm Binned,5,whole_field_foreground,stable_channel,971906,30206908.0,22418482.0,23.610132217407227,7788427.0,1325,0.0013633005661027268,311.0903239239387,13.0,2.8784351448626433,2.8784351448626433,screening metric for punctate-to-diffuse reporter redistribution; not rupture proof
I07,I,07,PLD3_mCherry_reporter_control,site0,32,"260312_Day32_WellI07_Channel405nm Binned,561 nm,488nm Binned_Seq0098.nd2",561nm Binned,488nm Binned,6,whole_field_foreground,stable_channel,971834,34431420.0,25853344.0,27.230213165283203,8578077.0,1353,0.0013922130734246876,340.9509732175208,13.0,3.013885746187285,3.013885746187285,screening metric for punctate-to-diffuse reporter redistribution; not rupture proof
I07,I,07,PLD3_mCherry_reporter_control,site0,36,"260316_Day36_WellI07_Channel405nm Binned,561nm Binned,488nm Binned_Seq0098.nd2",561nm Binned,488nm Binned,7,whole_field_foreground,stable_channel,1058172,40461200.0,30187800.0,29.201519012451172,10273398.0,1341,0.0012672797995020967,369.96049279903497,14.0,2.93844354127009,2.93844354127009,screening metric for punctate-to-diffuse reporter redistribution; not rupture proof
I07,I,07,PLD3_mCherry_reporter_control,site0,39,"260319_Day39_WellI07_Channel405nm Binned,561nm Binned,488nm Binned_Seq0098.nd2",561nm Binned,488nm Binned,8,whole_field_foreground,stable_channel,1063767,40480136.0,30464200.0,29.320297241210938,10015932.0,1299,0.001221132071213695,350.01829648623567,15.0,3.0415741640415446,3.0415741640415446,screening metric for punctate-to-diffuse reporter redistribution; not rupture proof
I08,I,08,PLD3_mCherry_reporter_control,site0,8,"260216_Day8_iNeurons_WellI08_Channel405nm Binned,561nm Binned,488nm Binned_Seq0099.nd2",561nm Binned,488nm Binned,0,whole_field_foreground,stable_channel,656432,15705026.0,11348283.0,17.709583282470703,4356743.0,729,0.0011105491505576958,253.32844459732536,18.0,2.6047630075947548,2.6047630075947548,screening metric for punctate-to-diffuse reporter redistribution; not rupture proof
I08,I,08,PLD3_mCherry_reporter_control,site0,12,"260220_Day12_WellI08_Channel405nm Binned,561nm Binned,488nm Binned_Seq0099.nd2",561nm Binned,488nm Binned,1,whole_field_foreground,stable_channel,554483,14386526.0,10805981.0,19.956085205078125,3580545.0,568,0.0010243776635153387,243.87370014190674,17.0,3.0179710072061607,3.0179710072061607,screening metric for punctate-to-diffuse reporter redistribution; not rupture proof
I08,I,08,PLD3_mCherry_reporter_control,site0,16,"260224_day16_WellI08_Channel405nm Binned,561nm Binned,488nm Binned_Seq0099.nd2",561nm Binned,488nm Binned,2,whole_field_foreground,stable_channel,656402,22619444.0,16427563.0,25.632661819458008,6191880.0,673,0.0010252863336781038,358.26741211481647,17.0,2.653081616568368,2.653081616568368,screening metric for punctate-to-diffuse reporter redistribution; not rupture proof
I08,I,08,PLD3_mCherry_reporter_control,site0,20,"260228_day20_WellI08_Channel405nm Binned,561nm Binned,488nm Binned_Seq0099.nd2",561nm Binned,488nm Binned,3,whole_field_foreground,stable_channel,650597,23125376.0,17516054.0,27.555133819580078,5609322.0,806,0.001238862152759329,344.66353849500933,14.0,3.1226686576375675,3.1226686576375675,screening metric for punctate-to-diffuse reporter redistribution; not rupture proof
I08,I,08,PLD3_mCherry_reporter_control,site0,25,"260305_day25_iNeurons_WellI08_Channel405nm Binned,561nm Binned,488nm Binned_Seq0099.nd2",561nm Binned,488nm Binned,4,whole_field_foreground,stable_channel,456136,11758599.0,9299848.0,20.851444244384766,2458751.0,669,0.0014666678359053732,214.0642106265765,12.0,3.7823464027045515,3.7823464027045515,screening metric for punctate-to-diffuse reporter redistribution; not rupture proof
I08,I,08,PLD3_mCherry_reporter_control,site0,29,"260309_Day29_WellI08_Channel405nm Binned,561nm Binned,488nm Binned_Seq0099.nd2",561nm Binned,488nm Binned,5,whole_field_foreground,stable_channel,639696,23257048.0,17951686.0,28.708641052246094,5305361.0,937,0.0014647582601712927,327.5852429726844,12.0,3.383687933770504,3.383687933770504,screening metric for punctate-to-diffuse reporter redistribution; not rupture proof
I08,I,08,PLD3_mCherry_reporter_control,site0,32,"260312_Day32_WellI08_Channel405nm Binned,561 nm,488nm Binned_Seq0099.nd2",561nm Binned,488nm Binned,6,whole_field_foreground,stable_channel,755488,27037620.0,20448500.0,27.698123931884766,6589120.0,1011,0.0013382078868210505,334.976187580535,13.0,3.1033734398518917,3.1033734398518917,screening metric for punctate-to-diffuse reporter redistribution; not rupture proof
I08,I,08,PLD3_mCherry_reporter_control,site0,36,"260316_Day36_WellI08_Channel405nm Binned,561nm Binned,488nm Binned_Seq0099.nd2",561nm Binned,488nm Binned,7,whole_field_foreground,stable_channel,878488,30873688.0,22767940.0,26.529319763183594,8105747.0,1047,0.001191820491570526,346.05929214200637,15.0,2.8088638838588462,2.8088638838588462,screening metric for punctate-to-diffuse reporter redistribution; not rupture proof
I08,I,08,PLD3_mCherry_reporter_control,site0,39,"260319_Day39_WellI08_Channel405nm Binned,561nm Binned,488nm Binned_Seq0099.nd2",561nm Binned,488nm Binned,8,whole_field_foreground,stable_channel,743688,31157100.0,23936796.0,32.93998718261719,7220303.0,931,0.0012518690633689775,369.0354279580613,14.0,3.315206577895233,3.315206577895233,screening metric for punctate-to-diffuse reporter redistribution; not rupture proof
I09,I,09,PLD3_mCherry_reporter_control,site0,8,"260216_Day8_iNeurons_WellI09_Channel405nm Binned,561nm Binned,488nm Binned_Seq0100.nd2",561nm Binned,488nm Binned,0,whole_field_foreground,stable_channel,667304,16638291.0,11844281.0,18.181133270263672,4794010.0,780,0.001168882548282089,277.3550791031275,16.0,2.4706416966167213,2.4706416966167213,screening metric for punctate-to-diffuse reporter redistribution; not rupture proof
I09,I,09,PLD3_mCherry_reporter_control,site0,12,"260220_Day12_WellI09_Channel405nm Binned,561nm Binned,488nm Binned_Seq0100.nd2",561nm Binned,488nm Binned,1,whole_field_foreground,stable_channel,616680,17272044.0,12934138.0,21.476823806762695,4337907.0,675,0.001094570928194372,271.1683876094112,17.0,2.9816540557455515,2.9816540557455515,screening metric for punctate-to-diffuse reporter redistribution; not rupture proof
I09,I,09,PLD3_mCherry_reporter_control,site0,16,"260224_day16_WellI09_Channel405nm Binned,561nm Binned,488nm Binned_Seq0100.nd2",561nm Binned,488nm Binned,2,whole_field_foreground,stable_channel,658358,26404172.0,19777952.0,30.758771896362305,6626221.0,748,0.001136159961599713,399.32223945250485,15.0,2.9848011408006183,2.9848011408006183,screening metric for punctate-to-diffuse reporter redistribution; not rupture proof
I09,I,09,PLD3_mCherry_reporter_control,site0,20,"260228_day20_WellI09_Channel405nm Binned,561nm Binned,488nm Binned_Seq0100.nd2",561nm Binned,488nm Binned,3,whole_field_foreground,stable_channel,677231,27213816.0,20967264.0,31.675092697143555,6246553.0,905,0.001336323942640936,380.24467840879663,13.0,3.3566134794656577,3.3566134794656577,screening metric for punctate-to-diffuse reporter redistribution; not rupture proof
I09,I,09,PLD3_mCherry_reporter_control,site0,25,"260305_day25_iNeurons_WellI09_Channel405nm Binned,561nm Binned,488nm Binned_Seq0100.nd2",561nm Binned,488nm Binned,4,whole_field_foreground,stable_channel,591230,14088647.0,10855618.0,18.784433364868164,3233029.0,842,0.0014241496541085126,215.35661605871206,12.0,3.3577236702784425,3.3577236702784425,screening metric for punctate-to-diffuse reporter redistribution; not rupture proof
I09,I,09,PLD3_mCherry_reporter_control,site0,29,"260309_Day29_WellI09_Channel405nm Binned,561nm Binned,488nm Binned_Seq0100.nd2",561nm Binned,488nm Binned,5,whole_field_foreground,stable_channel,724155,25537516.0,19632612.0,27.739707946777344,5904903.0,1042,0.0014389184635866094,329.23912098128596,13.0,3.3247983921152766,3.3247983921152766,screening metric for punctate-to-diffuse reporter redistribution; not rupture proof
I09,I,09,PLD3_mCherry_reporter_control,site0,32,"260312_Day32_WellI09_Channel405nm Binned,561 nm,488nm Binned_Seq0100.nd2",561nm Binned,488nm Binned,6,whole_field_foreground,stable_channel,745184,30508352.0,23248808.0,31.92631721496582,7259543.0,1054,0.0014144157684526043,381.1935802944697,13.0,3.202516742444641,3.202516742444641,screening metric for punctate-to-diffuse reporter redistribution; not rupture proof
I09,I,09,PLD3_mCherry_reporter_control,site0,36,"260316_Day36_WellI09_Channel405nm Binned,561nm Binned,488nm Binned_Seq0100.nd2",561nm Binned,488nm Binned,7,whole_field_foreground,stable_channel,947357,35107516.0,26190680.0,28.302162170410156,8916836.0,1265,0.0013352938754858672,360.00508407170594,14.0,2.93721674369665,2.93721674369665,screening metric for punctate-to-diffuse reporter redistribution; not rupture proof
I09,I,09,PLD3_mCherry_reporter_control,site0,39,"260319_Day39_WellI09_Channel405nm Binned,561nm Binned,488nm Binned_Seq0100.nd2",561nm Binned,488nm Binned,8,whole_field_foreground,stable_channel,899399,35534544.0,26648944.0,30.337568283081055,8885600.0,1083,0.0012041374295488386,374.3169152426257,15.0,2.9991158728726255,2.9991158728726255,screening metric for punctate-to-diffuse reporter redistribution; not rupture proof
I10,I,10,PLD3_mCherry_reporter_control,site0,8,"260216_Day8_iNeurons_WellI10_Channel405nm Binned,561nm Binned,488nm Binned_Seq0101.nd2",561nm Binned,488nm Binned,0,whole_field_foreground,stable_channel,732842,17988340.0,12820739.0,17.919700622558594,5167600.0,842,0.0011489516157628125,274.1031460433561,17.0,2.4809851768707945,2.4809851768707945,screening metric for punctate-to-diffuse reporter redistribution; not rupture proof
I10,I,10,PLD3_mCherry_reporter_control,site0,12,"260220_Day12_WellI10_Channel405nm Binned,561nm Binned,488nm Binned_Seq0101.nd2",561nm Binned,488nm Binned,1,whole_field_foreground,stable_channel,649814,18193176.0,13786600.0,21.722572326660156,4406577.0,693,0.001066459017501829,255.81711404423348,15.0,3.128641573719663,3.128641573719663,screening metric for punctate-to-diffuse reporter redistribution; not rupture proof
I10,I,10,PLD3_mCherry_reporter_control,site0,16,"260224_day16_WellI10_Channel405nm Binned,561nm Binned,488nm Binned_Seq0101.nd2",561nm Binned,488nm Binned,2,whole_field_foreground,stable_channel,665153,26297888.0,19717160.0,30.344690322875977,6580728.0,762,0.0011456010872669211,391.6497749068293,16.0,2.996197381201138,2.996197381201138,screening metric for punctate-to-diffuse reporter redistribution; not rupture proof
I10,I,10,PLD3_mCherry_reporter_control,site0,20,"260228_day20_WellI10_Channel405nm Binned,561nm Binned,488nm Binned_Seq0101.nd2",561nm Binned,488nm Binned,3,whole_field_foreground,stable_channel,670694,28775164.0,22175856.0,33.82801818847656,6599309.0,875,0.00130461879784029,400.0137253941127,13.0,3.3603299981856645,3.3603299981856645,screening metric for punctate-to-diffuse reporter redistribution; not rupture proof
I10,I,10,PLD3_mCherry_reporter_control,site0,25,"260305_day25_iNeurons_WellI10_Channel405nm Binned,561nm Binned,488nm Binned_Seq0101.nd2",561nm Binned,488nm Binned,4,whole_field_foreground,stable_channel,523333,14923284.0,11833477.0,23.124183654785156,3089807.0,777,0.001484714321471253,242.0088054701168,12.0,3.829843417403149,3.829843417403149,screening metric for punctate-to-diffuse reporter redistribution; not rupture proof
I10,I,10,PLD3_mCherry_reporter_control,site0,29,"260309_Day29_WellI10_Channel405nm Binned,561nm Binned,488nm Binned_Seq0101.nd2",561nm Binned,488nm Binned,5,whole_field_foreground,stable_channel,727158,29171380.0,22383694.0,31.494169235229492,6787686.0,1042,0.001432976051970228,372.8994688887056,13.0,3.297691437110777,3.297691437110777,screening metric for punctate-to-diffuse reporter redistribution; not rupture proof
I10,I,10,PLD3_mCherry_reporter_control,site0,32,"260312_Day32_WellI10_Channel405nm Binned,561 nm,488nm Binned_Seq0101.nd2",561nm Binned,488nm Binned,6,whole_field_foreground,stable_channel,761225,32730236.0,24971846.0,33.5615119934082,7758389.0,1051,0.0013806693159034704,401.515967546022,13.0,3.2186896016681787,3.2186896016681787,screening metric for punctate-to-diffuse reporter redistribution; not rupture proof
I10,I,10,PLD3_mCherry_reporter_control,site0,36,"260316_Day36_WellI10_Channel405nm Binned,561nm Binned,488nm Binned_Seq0101.nd2",561nm Binned,488nm Binned,7,whole_field_foreground,stable_channel,978107,38452528.0,28193984.0,29.512205123901367,10258541.0,1279,0.0013076278975599728,390.2539478746404,14.0,2.748342478720634,2.748342478720634,screening metric for punctate-to-diffuse reporter redistribution; not rupture proof
I10,I,10,PLD3_mCherry_reporter_control,site0,39,"260319_Day39_WellI10_Channel405nm Binned,561nm Binned,488nm Binned_Seq0101.nd2",561nm Binned,488nm Binned,8,whole_field_foreground,stable_channel,912864,40174896.0,30343408.0,34.027687072753906,9831486.0,1168,0.0012794896063364537,407.4216046398633,14.0,3.0863501204189188,3.0863501204189188,screening metric for punctate-to-diffuse reporter redistribution; not rupture proof
I11,I,11,PLD3_mCherry_reporter_control,site0,8,"260216_Day8_iNeurons_WellI11_Channel405nm Binned,561nm Binned,488nm Binned_Seq0102.nd2",561nm Binned,488nm Binned,0,whole_field_foreground,stable_channel,771976,18532992.0,13255070.0,17.588998794555664,5277922.0,862,0.0011166150242998272,264.5422077931274,18.0,2.5114183195578654,2.5114183195578654,screening metric for punctate-to-diffuse reporter redistribution; not rupture proof
I11,I,11,PLD3_mCherry_reporter_control,site0,12,"260220_Day12_WellI11_Channel405nm Binned,561nm Binned,488nm Binned_Seq0102.nd2",561nm Binned,488nm Binned,1,whole_field_foreground,stable_channel,668610,17656612.0,13398145.0,20.514848709106445,4258466.0,717,0.0010723740297018107,242.74972467143166,17.0,3.1462374009788627,3.1462374009788627,screening metric for punctate-to-diffuse reporter redistribution; not rupture proof
I11,I,11,PLD3_mCherry_reporter_control,site0,16,"260224_day16_WellI11_Channel405nm Binned,561nm Binned,488nm Binned_Seq0102.nd2",561nm Binned,488nm Binned,2,whole_field_foreground,stable_channel,703438,26995580.0,20069804.0,29.211732864379883,6925776.0,769,0.0010932022438351451,382.5021373217996,16.0,2.8978419169197935,2.8978419169197935,screening metric for punctate-to-diffuse reporter redistribution; not rupture proof
I11,I,11,PLD3_mCherry_reporter_control,site0,20,"260228_day20_WellI11_Channel405nm Binned,561nm Binned,488nm Binned_Seq0102.nd2",561nm Binned,488nm Binned,3,whole_field_foreground,stable_channel,695447,28491964.0,21889408.0,32.205509185791016,6602558.0,889,0.0012783145228877565,385.40833937277006,13.0,3.3152920428713664,3.3152920428713664,screening metric for punctate-to-diffuse reporter redistribution; not rupture proof
I11,I,11,PLD3_mCherry_reporter_control,site0,25,"260305_day25_iNeurons_WellI11_Channel405nm Binned,561nm Binned,488nm Binned_Seq0102.nd2",561nm Binned,488nm Binned,4,whole_field_foreground,stable_channel,623056,15599976.0,12016073.0,19.732284545898438,3583903.0,884,0.001418813076189911,226.81278406548824,13.0,3.3527896820858847,3.3527896820858847,screening metric for punctate-to-diffuse reporter redistribution; not rupture proof
I11,I,11,PLD3_mCherry_reporter_control,site0,29,"260309_Day29_WellI11_Channel405nm Binned,561nm Binned,488nm Binned_Seq0102.nd2",561nm Binned,488nm Binned,5,whole_field_foreground,stable_channel,809199,28120188.0,21443322.0,27.11427116394043,6676866.0,1118,0.0013816131754965323,328.71301655777876,13.0,3.2115848962667197,3.2115848962667197,screening metric for punctate-to-diffuse reporter redistribution; not rupture proof
I11,I,11,PLD3_mCherry_reporter_control,site0,32,"260312_Day32_WellI11_Channel405nm Binned,561 nm,488nm Binned_Seq0102.nd2",561nm Binned,488nm Binned,6,whole_field_foreground,stable_channel,897990,32218484.0,24436984.0,27.855335235595703,7781499.0,1212,0.0013496809541293892,339.29445634344626,14.0,3.1403954430883894,3.1403954430883894,screening metric for punctate-to-diffuse reporter redistribution; not rupture proof
I11,I,11,PLD3_mCherry_reporter_control,site0,36,"260316_Day36_WellI11_Channel405nm Binned,561nm Binned,488nm Binned_Seq0102.nd2",561nm Binned,488nm Binned,7,whole_field_foreground,stable_channel,1029804,38000080.0,28271906.0,28.110244750976562,9728177.0,1285,0.0012478102629226069,356.90766500628877,14.0,2.906187459376725,2.906187459376725,screening metric for punctate-to-diffuse reporter redistribution; not rupture proof
I11,I,11,PLD3_mCherry_reporter_control,site0,39,"260319_Day39_WellI11_Channel405nm Binned,561nm Binned,488nm Binned_Seq0102.nd2",561nm Binned,488nm Binned,8,whole_field_foreground,stable_channel,855494,38521696.0,30042964.0,35.9326057434082,8478731.0,1100,0.001285806797007009,389.86170776367186,14.0,3.5433326048433966,3.5433326048433966,screening metric for punctate-to-diffuse reporter redistribution; not rupture proof
I12,I,12,PLD3_mCherry_reporter_control,site0,8,"260216_Day8_iNeurons_WellI12_Channel405nm Binned,561nm Binned,488nm Binned_Seq0103.nd2",561nm Binned,488nm Binned,0,whole_field_foreground,stable_channel,774164,18973384.0,13559443.0,17.93999481201172,5413942.0,861,0.0011121674477228183,270.58568113107714,18.0,2.5045416075749416,2.5045416075749416,screening metric for punctate-to-diffuse reporter redistribution; not rupture proof
I12,I,12,PLD3_mCherry_reporter_control,site0,12,"260220_Day12_WellI12_Channel405nm Binned,561nm Binned,488nm Binned_Seq0103.nd2",561nm Binned,488nm Binned,1,whole_field_foreground,stable_channel,688654,19039880.0,14278482.0,21.231470108032227,4761398.0,765,0.0011108626392918493,262.3008614733328,16.0,2.9988003523328652,2.9988003523328652,screening metric for punctate-to-diffuse reporter redistribution; not rupture proof
I12,I,12,PLD3_mCherry_reporter_control,site0,16,"260224_day16_WellI12_Channel405nm Binned,561nm Binned,488nm Binned_Seq0103.nd2",561nm Binned,488nm Binned,2,whole_field_foreground,stable_channel,762451,29108508.0,21509092.0,28.88483428955078,7599414.0,829,0.0010872829860527598,388.40093285499637,16.0,2.8303619200108283,2.8303619200108283,screening metric for punctate-to-diffuse reporter redistribution; not rupture proof
I12,I,12,PLD3_mCherry_reporter_control,site0,20,"260228_day20_WellI12_Channel405nm Binned,561nm Binned,488nm Binned_Seq0103.nd2",561nm Binned,488nm Binned,3,whole_field_foreground,stable_channel,747386,29636938.0,22656884.0,31.019107818603516,6980055.0,971,0.0012991947935855112,378.14175287751533,13.0,3.2459463428292117,3.2459463428292117,screening metric for punctate-to-diffuse reporter redistribution; not rupture proof
I12,I,12,PLD3_mCherry_reporter_control,site0,25,"260305_day25_iNeurons_WellI12_Channel405nm Binned,561nm Binned,488nm Binned_Seq0103.nd2",561nm Binned,488nm Binned,4,whole_field_foreground,stable_channel,709246,15551897.0,11747048.0,16.947559356689453,3804849.0,984,0.001387388860844633,211.82361361650916,13.0,3.087388750512021,3.087388750512021,screening metric for punctate-to-diffuse reporter redistribution; not rupture proof
I12,I,12,PLD3_mCherry_reporter_control,site0,29,"260309_Day29_WellI12_Channel405nm Binned,561nm Binned,488nm Binned_Seq0103.nd2",561nm Binned,488nm Binned,5,whole_field_foreground,stable_channel,909747,31583384.0,23829532.0,26.806621551513672,7753851.0,1297,0.0014256710931704905,334.704953137047,13.0,3.0732512141382298,3.0732512141382298,screening metric for punctate-to-diffuse reporter redistribution; not rupture proof
I12,I,12,PLD3_mCherry_reporter_control,site0,32,"260312_Day32_WellI12_Channel405nm Binned,561 nm,488nm Binned_Seq0103.nd2",561nm Binned,488nm Binned,6,whole_field_foreground,stable_channel,943747,34881084.0,26062002.0,28.266475677490234,8819080.0,1279,0.0013552360961133067,361.790022372081,14.0,2.9551837606640423,2.9551837606640423,screening metric for punctate-to-diffuse reporter redistribution; not rupture proof
I12,I,12,PLD3_mCherry_reporter_control,site0,36,"260316_Day36_WellI12_Channel405nm Binned,561nm Binned,488nm Binned_Seq0103.nd2",561nm Binned,488nm Binned,7,whole_field_foreground,stable_channel,1097480,41855760.0,30783032.0,28.720470428466797,11072724.0,1450,0.001321208586943433,384.4993441667228,14.0,2.7800776033067582,2.7800776033067582,screening metric for punctate-to-diffuse reporter redistribution; not rupture proof
I12,I,12,PLD3_mCherry_reporter_control,site0,39,"260319_Day39_WellI12_Channel405nm Binned,561nm Binned,488nm Binned_Seq0103.nd2",561nm Binned,488nm Binned,8,whole_field_foreground,stable_channel,922329,41906608.0,32142570.0,35.671913146972656,9764040.0,1210,0.001311896297306805,409.58939869778214,14.0,3.291933461968274,3.291933461968274,screening metric for punctate-to-diffuse reporter redistribution; not rupture proof
I14,I,14,PLD3_mCherry_reporter_control,site0,8,"260216_Day8_iNeurons_WellI14_Channel405nm Binned,561nm Binned,488nm Binned_Seq0105.nd2",561nm Binned,488nm Binned,0,whole_field_foreground,stable_channel,779078,18377628.0,12971714.0,17.053369522094727,5405913.0,864,0.0011090032063527542,268.32463829605666,18.0,2.3995417610304863,2.3995417610304863,screening metric for punctate-to-diffuse reporter redistribution; not rupture proof
I14,I,14,PLD3_mCherry_reporter_control,site0,12,"260220_Day12_WellI14_Channel405nm Binned,561nm Binned,488nm Binned_Seq0105.nd2",561nm Binned,488nm Binned,1,whole_field_foreground,stable_channel,677080,18468030.0,13768959.0,20.82781982421875,4699071.0,706,0.0010427128256616017,258.8172847542479,17.0,2.9301449158774298,2.9301449158774298,screening metric for punctate-to-diffuse reporter redistribution; not rupture proof
I14,I,14,PLD3_mCherry_reporter_control,site0,16,"260224_day16_WellI14_Channel405nm Binned,561nm Binned,488nm Binned_Seq0105.nd2",561nm Binned,488nm Binned,2,whole_field_foreground,stable_channel,754287,29815244.0,22099998.0,30.000146865844727,7715246.0,848,0.001124240507921886,399.0355556236123,16.0,2.8644579835817465,2.8644579835817465,screening metric for punctate-to-diffuse reporter redistribution; not rupture proof
I14,I,14,PLD3_mCherry_reporter_control,site0,20,"260228_day20_WellI14_Channel405nm Binned,561nm Binned,488nm Binned_Seq0105.nd2",561nm Binned,488nm Binned,3,whole_field_foreground,stable_channel,761873,31624374.0,24265572.0,32.59320068359375,7358802.0,990,0.0012994291699518169,392.87541658035434,13.0,3.2974894554842895,3.2974894554842895,screening metric for punctate-to-diffuse reporter redistribution; not rupture proof
I14,I,14,PLD3_mCherry_reporter_control,site0,25,"260305_day25_iNeurons_WellI14_Channel405nm Binned,561nm Binned,488nm Binned_Seq0105.nd2",561nm Binned,488nm Binned,4,whole_field_foreground,stable_channel,752780,17629272.0,13412811.0,18.233217239379883,4216461.0,1069,0.0014200696086487153,218.66887309375045,13.0,3.1810589496729174,3.1810589496729174,screening metric for punctate-to-diffuse reporter redistribution; not rupture proof
I14,I,14,PLD3_mCherry_reporter_control,site0,29,"260309_Day29_WellI14_Channel405nm Binned,561nm Binned,488nm Binned_Seq0105.nd2",561nm Binned,488nm Binned,5,whole_field_foreground,stable_channel,870384,31829816.0,24525816.0,28.82870101928711,7303999.0,1283,0.0014740620231972622,335.00647498329266,12.0,3.3578613578666485,3.3578613578666485,screening metric for punctate-to-diffuse reporter redistribution; not rupture proof
I14,I,14,PLD3_mCherry_reporter_control,site0,32,"260312_Day32_WellI14_Channel405nm Binned,561 nm,488nm Binned_Seq0105.nd2",561nm Binned,488nm Binned,6,whole_field_foreground,stable_channel,954561,38112624.0,28945074.0,31.02981185913086,9167550.0,1310,0.001372358602539416,377.8745924389089,13.0,3.1573401835819648,3.1573401835819648,screening metric for punctate-to-diffuse reporter redistribution; not rupture proof
I14,I,14,PLD3_mCherry_reporter_control,site0,36,"260316_Day36_WellI14_Channel405nm Binned,561nm Binned,488nm Binned_Seq0105.nd2",561nm Binned,488nm Binned,7,whole_field_foreground,stable_channel,1060309,44339368.0,33324786.0,32.17348861694336,11014579.0,1424,0.0013430047278657985,398.51801258258604,14.0,3.0255160909914918,3.0255160909914918,screening metric for punctate-to-diffuse reporter redistribution; not rupture proof
I14,I,14,PLD3_mCherry_reporter_control,site0,39,"260319_Day39_WellI14_Channel405nm Binned,561nm Binned,488nm Binned_Seq0105.nd2",561nm Binned,488nm Binned,8,whole_field_foreground,stable_channel,889449,46043128.0,35848464.0,41.24372100830078,10194666.0,1227,0.0013795057389446954,449.77343638077343,13.0,3.516394161417008,3.516394161417008,screening metric for punctate-to-diffuse reporter redistribution; not rupture proof
I13,I,13,PLD3_mCherry_reporter_control,site0,8,"260216_Day8_iNeurons_WellI13_Channel405nm Binned,561nm Binned,488nm Binned_Seq0104.nd2",561nm Binned,488nm Binned,0,whole_field_foreground,stable_channel,889349,21717264.0,15434940.0,17.778911590576172,6282325.0,986,0.0011086761215213503,273.3831874623018,18.0,2.45688339905967,2.45688339905967,screening metric for punctate-to-diffuse reporter redistribution; not rupture proof
I13,I,13,PLD3_mCherry_reporter_control,site0,12,"260220_Day12_WellI13_Channel405nm Binned,561nm Binned,488nm Binned_Seq0104.nd2",561nm Binned,488nm Binned,1,whole_field_foreground,stable_channel,811573,22657772.0,17038384.0,21.498262405395508,5619388.0,885,0.0010904749172272975,260.15759313551047,17.0,3.0320711080987763,3.0320711080987763,screening metric for punctate-to-diffuse reporter redistribution; not rupture proof
I13,I,13,PLD3_mCherry_reporter_control,site0,16,"260224_day16_WellI13_Channel405nm Binned,561nm Binned,488nm Binned_Seq0104.nd2",561nm Binned,488nm Binned,2,whole_field_foreground,stable_channel,819624,32815230.0,24798410.0,30.971492767333984,8016820.0,922,0.0011249060544821468,386.7693201756012,15.0,3.093297591812827,3.093297591812827,screening metric for punctate-to-diffuse reporter redistribution; not rupture proof
I13,I,13,PLD3_mCherry_reporter_control,site0,20,"260228_day20_WellI13_Channel405nm Binned,561nm Binned,488nm Binned_Seq0104.nd2",561nm Binned,488nm Binned,3,whole_field_foreground,stable_channel,873929,34587284.0,26609584.0,31.152088165283203,7977701.0,1158,0.0013250504331572416,372.19455385619904,13.0,3.3354952761449272,3.3354952761449272,screening metric for punctate-to-diffuse reporter redistribution; not rupture proof
I13,I,13,PLD3_mCherry_reporter_control,site0,25,"260305_day25_iNeurons_WellI13_Channel405nm Binned,561nm Binned,488nm Binned_Seq0104.nd2",561nm Binned,488nm Binned,4,whole_field_foreground,stable_channel,662879,20035962.0,15867863.0,24.480226516723633,4168099.0,998,0.0015055538039347972,258.00011814094495,12.0,3.8069784330929264,3.8069784330929264,screening metric for punctate-to-diffuse reporter redistribution; not rupture proof
I13,I,13,PLD3_mCherry_reporter_control,site0,29,"260309_Day29_WellI13_Channel405nm Binned,561nm Binned,488nm Binned_Seq0104.nd2",561nm Binned,488nm Binned,5,whole_field_foreground,stable_channel,901493,35893504.0,27933376.0,31.695613861083984,7960129.0,1329,0.0014742210976663444,357.7357729071509,12.0,3.509161220879271,3.509161220879271,screening metric for punctate-to-diffuse reporter redistribution; not rupture proof
I13,I,13,PLD3_mCherry_reporter_control,site0,32,"260312_Day32_WellI13_Channel405nm Binned,561 nm,488nm Binned_Seq0104.nd2",561nm Binned,488nm Binned,6,whole_field_foreground,stable_channel,1049355,40393536.0,30617832.0,29.860858917236328,9775705.0,1434,0.0013665537401533641,364.0202422414697,13.0,3.132033137251673,3.132033137251673,screening metric for punctate-to-diffuse reporter redistribution; not rupture proof
I13,I,13,PLD3_mCherry_reporter_control,site0,36,"260316_Day36_WellI13_Channel405nm Binned,561nm Binned,488nm Binned_Seq0104.nd2",561nm Binned,488nm Binned,7,whole_field_foreground,stable_channel,1132694,47926620.0,36017064.0,32.551795959472656,11909561.0,1477,0.0013039708871051634,398.1818571407083,14.0,3.024214242657389,3.024214242657389,screening metric for punctate-to-diffuse reporter redistribution; not rupture proof
I13,I,13,PLD3_mCherry_reporter_control,site0,39,"260319_Day39_WellI13_Channel405nm Binned,561nm Binned,488nm Binned_Seq0104.nd2",561nm Binned,488nm Binned,8,whole_field_foreground,stable_channel,1028753,45648068.0,34807804.0,34.633148193359375,10840266.0,1338,0.0013006037406439635,404.10841993437396,14.0,3.2109732362653083,3.2109732362653083,screening metric for punctate-to-diffuse reporter redistribution; not rupture proof
I16,I,16,PLD3_mCherry_reporter_control,site0,8,"260216_Day8_iNeurons_WellI16_Channel405nm Binned,561nm Binned,488nm Binned_Seq0107.nd2",561nm Binned,488nm Binned,0,whole_field_foreground,stable_channel,677126,17172420.0,12243491.0,18.52004623413086,4928929.0,713,0.0010529797999175147,278.0656175011505,19.0,2.4840063632479827,2.4840063632479827,screening metric for punctate-to-diffuse reporter redistribution; not rupture proof
I16,I,16,PLD3_mCherry_reporter_control,site0,12,"260220_Day12_WellI16_Channel405nm Binned,561nm Binned,488nm Binned_Seq0107.nd2",561nm Binned,488nm Binned,1,whole_field_foreground,stable_channel,605898,16462250.0,12295880.0,20.775611877441406,4166370.0,659,0.0010876418142969813,261.27625272342755,16.0,2.9512213269577714,2.9512213269577714,screening metric for punctate-to-diffuse reporter redistribution; not rupture proof
I16,I,16,PLD3_mCherry_reporter_control,site0,16,"260224_day16_WellI16_Channel405nm Binned,561nm Binned,488nm Binned_Seq0107.nd2",561nm Binned,488nm Binned,2,whole_field_foreground,stable_channel,636722,24706412.0,18430536.0,29.639902114868164,6275875.0,707,0.001110374700416963,383.9055949511926,15.0,2.936727707291344,2.936727707291344,screening metric for punctate-to-diffuse reporter redistribution; not rupture proof
I16,I,16,PLD3_mCherry_reporter_control,site0,20,"260228_day20_WellI16_Channel405nm Binned,561nm Binned,488nm Binned_Seq0107.nd2",561nm Binned,488nm Binned,3,whole_field_foreground,stable_channel,620492,25556452.0,19652862.0,32.41361618041992,5903590.0,811,0.00130702732669993,387.60938248828364,14.0,3.32896796694836,3.32896796694836,screening metric for punctate-to-diffuse reporter redistribution; not rupture proof
I16,I,16,PLD3_mCherry_reporter_control,site0,25,"260305_day25_iNeurons_WellI16_Channel405nm Binned,561nm Binned,488nm Binned_Seq0107.nd2",561nm Binned,488nm Binned,4,whole_field_foreground,stable_channel,582090,13918591.0,10569892.0,18.584360122680664,3348699.0,802,0.001377793811951111,221.99925568692404,13.0,3.156417462422524,3.156417462422524,screening metric for punctate-to-diffuse reporter redistribution; not rupture proof
I16,I,16,PLD3_mCherry_reporter_control,site0,29,"260309_Day29_WellI16_Channel405nm Binned,561nm Binned,488nm Binned_Seq0107.nd2",561nm Binned,488nm Binned,5,whole_field_foreground,stable_channel,723520,25778334.0,19407156.0,27.45020294189453,6371179.0,990,0.0013683104820856806,343.9903788094569,13.0,3.0460855047389113,3.0460855047389113,screening metric for punctate-to-diffuse reporter redistribution; not rupture proof
I16,I,16,PLD3_mCherry_reporter_control,site0,32,"260312_Day32_WellI16_Channel405nm Binned,561 nm,488nm Binned_Seq0107.nd2",561nm Binned,488nm Binned,6,whole_field_foreground,stable_channel,754298,29187972.0,22066684.0,29.93988609313965,7121287.0,1020,0.0013522507019754098,363.4230286542107,13.0,3.0986932558675,3.0986932558675,screening metric for punctate-to-diffuse reporter redistribution; not rupture proof
I16,I,16,PLD3_mCherry_reporter_control,site0,36,"260316_Day36_WellI16_Channel405nm Binned,561nm Binned,488nm Binned_Seq0107.nd2",561nm Binned,488nm Binned,7,whole_field_foreground,stable_channel,844865,34855188.0,26369548.0,31.946901321411133,8485641.0,1083,0.001281861599188886,383.8198694456317,14.0,3.107549329508153,3.107549329508153,screening metric for punctate-to-diffuse reporter redistribution; not rupture proof
I16,I,16,PLD3_mCherry_reporter_control,site0,39,"260319_Day39_WellI16_Channel405nm Binned,561nm Binned,488nm Binned_Seq0107.nd2",561nm Binned,488nm Binned,8,whole_field_foreground,stable_channel,782950,33812608.0,25770232.0,33.688560485839844,8042375.0,1008,0.0012874385337489143,397.898435320173,14.0,3.204306190646021,3.204306190646021,screening metric for punctate-to-diffuse reporter redistribution; not rupture proof
I15,I,15,PLD3_mCherry_reporter_control,site0,8,"260216_Day8_iNeurons_WellI15_Channel405nm Binned,561nm Binned,488nm Binned_Seq0106.nd2",561nm Binned,488nm Binned,0,whole_field_foreground,stable_channel,739467,18116836.0,12849147.0,17.798107147216797,5267690.0,799,0.0010805079875084614,277.5140542804971,19.0,2.4392375025860598,2.4392375025860598,screening metric for punctate-to-diffuse reporter redistribution; not rupture proof
I15,I,15,PLD3_mCherry_reporter_control,site0,12,"260220_Day12_WellI15_Channel405nm Binned,561nm Binned,488nm Binned_Seq0106.nd2",561nm Binned,488nm Binned,1,whole_field_foreground,stable_channel,668702,17574044.0,13181277.0,20.18111801147461,4392766.0,711,0.0010632538858847988,252.63133158194196,17.0,3.0006781604112303,3.0006781604112303,screening metric for punctate-to-diffuse reporter redistribution; not rupture proof
I15,I,15,PLD3_mCherry_reporter_control,site0,16,"260224_day16_WellI15_Channel405nm Binned,561nm Binned,488nm Binned_Seq0106.nd2",561nm Binned,488nm Binned,2,whole_field_foreground,stable_channel,725069,27828620.0,20726628.0,29.269855499267578,7101993.0,810,0.0011171350588687185,383.22125716974705,16.0,2.9184241662864325,2.9184241662864325,screening metric for punctate-to-diffuse reporter redistribution; not rupture proof
I15,I,15,PLD3_mCherry_reporter_control,site0,20,"260228_day20_WellI15_Channel405nm Binned,561nm Binned,488nm Binned_Seq0106.nd2",561nm Binned,488nm Binned,3,whole_field_foreground,stable_channel,694723,29115080.0,22334634.0,32.895263671875,6780447.0,900,0.0012954803569173677,394.2160952758789,13.0,3.293976636053155,3.293976636053155,screening metric for punctate-to-diffuse reporter redistribution; not rupture proof
I15,I,15,PLD3_mCherry_reporter_control,site0,25,"260305_day25_iNeurons_WellI15_Channel405nm Binned,561nm Binned,488nm Binned_Seq0106.nd2",561nm Binned,488nm Binned,4,whole_field_foreground,stable_channel,577563,15238679.0,11927483.0,21.12146759033203,3311196.0,859,0.0014872836383191318,236.60588903282797,13.0,3.602167615567426,3.602167615567426,screening metric for punctate-to-diffuse reporter redistribution; not rupture proof
I15,I,15,PLD3_mCherry_reporter_control,site0,29,"260309_Day29_WellI15_Channel405nm Binned,561nm Binned,488nm Binned_Seq0106.nd2",561nm Binned,488nm Binned,5,whole_field_foreground,stable_channel,783622,30050000.0,23135820.0,30.20716667175293,6914179.0,1139,0.0014535069204266171,349.77671670620646,12.0,3.3461413133788773,3.3461413133788773,screening metric for punctate-to-diffuse reporter redistribution; not rupture proof
I15,I,15,PLD3_mCherry_reporter_control,site0,32,"260312_Day32_WellI15_Channel405nm Binned,561 nm,488nm Binned_Seq0106.nd2",561nm Binned,488nm Binned,6,whole_field_foreground,stable_channel,902589,33284392.0,25177700.0,28.552165985107422,8106690.0,1205,0.0013350483996577235,345.4897957449632,14.0,3.1057928698392185,3.1057928698392185,screening metric for punctate-to-diffuse reporter redistribution; not rupture proof
I15,I,15,PLD3_mCherry_reporter_control,site0,36,"260316_Day36_WellI15_Channel405nm Binned,561nm Binned,488nm Binned_Seq0106.nd2",561nm Binned,488nm Binned,7,whole_field_foreground,stable_channel,990550,39544848.0,29720872.0,30.716167449951172,9823976.0,1269,0.0012811064560079943,378.2183149862327,14.0,3.0253404527858145,3.0253404527858145,screening metric for punctate-to-diffuse reporter redistribution; not rupture proof
I15,I,15,PLD3_mCherry_reporter_control,site0,39,"260319_Day39_WellI15_Channel405nm Binned,561nm Binned,488nm Binned_Seq0106.nd2",561nm Binned,488nm Binned,8,whole_field_foreground,stable_channel,885198,43335440.0,33871364.0,39.14696502685547,9464080.0,1198,0.0013533695286237052,421.8242453191436,13.0,3.578938893161979,3.578938893161979,screening metric for punctate-to-diffuse reporter redistribution; not rupture proof
I17,I,17,PLD3_mCherry_reporter_control,site0,8,"260216_Day8_iNeurons_WellI17_Channel405nm Binned,561nm Binned,488nm Binned_Seq0108.nd2",561nm Binned,488nm Binned,0,whole_field_foreground,stable_channel,762379,18730280.0,13330477.0,17.912710189819336,5399803.0,830,0.0010886973539393284,270.2271671892649,18.5,2.4686969135721304,2.4686969135721304,screening metric for punctate-to-diffuse reporter redistribution; not rupture proof
I17,I,17,PLD3_mCherry_reporter_control,site0,12,"260220_Day12_WellI17_Channel405nm Binned,561nm Binned,488nm Binned_Seq0108.nd2",561nm Binned,488nm Binned,1,whole_field_foreground,stable_channel,655422,17379676.0,12940579.0,20.219432830810547,4439097.0,687,0.001048179646089011,257.22869157860544,18.0,2.915137695796484,2.915137695796484,screening metric for punctate-to-diffuse reporter redistribution; not rupture proof
I17,I,17,PLD3_mCherry_reporter_control,site0,16,"260224_day16_WellI17_Channel405nm Binned,561nm Binned,488nm Binned_Seq0108.nd2",561nm Binned,488nm Binned,2,whole_field_foreground,stable_channel,707637,27652610.0,20752432.0,30.026945114135742,6900179.0,798,0.001127696827609173,386.09860799306614,16.0,3.007520819387003,3.007520819387003,screening metric for punctate-to-diffuse reporter redistribution; not rupture proof
I17,I,17,PLD3_mCherry_reporter_control,site0,20,"260228_day20_WellI17_Channel405nm Binned,561nm Binned,488nm Binned_Seq0108.nd2",561nm Binned,488nm Binned,3,whole_field_foreground,stable_channel,708261,28477408.0,22025172.0,31.812929153442383,6452236.0,893,0.001260834635817501,372.28212407401537,13.0,3.413571977217911,3.413571977217911,screening metric for punctate-to-diffuse reporter redistribution; not rupture proof
I17,I,17,PLD3_mCherry_reporter_control,site0,25,"260305_day25_iNeurons_WellI17_Channel405nm Binned,561nm Binned,488nm Binned_Seq0108.nd2",561nm Binned,488nm Binned,4,whole_field_foreground,stable_channel,658028,15410646.0,11742534.0,18.25892448425293,3668112.0,926,0.0014072349504862904,216.86582781995605,13.0,3.2012473992061308,3.2012473992061308,screening metric for punctate-to-diffuse reporter redistribution; not rupture proof
I17,I,17,PLD3_mCherry_reporter_control,site0,29,"260309_Day29_WellI17_Channel405nm Binned,561nm Binned,488nm Binned_Seq0108.nd2",561nm Binned,488nm Binned,5,whole_field_foreground,stable_channel,822179,29572568.0,22619916.0,28.14290428161621,6952652.0,1129,0.001373180292854265,335.5230784521787,13.0,3.2534227227246157,3.2534227227246157,screening metric for punctate-to-diffuse reporter redistribution; not rupture proof
I17,I,17,PLD3_mCherry_reporter_control,site0,32,"260312_Day32_WellI17_Channel405nm Binned,561 nm,488nm Binned_Seq0108.nd2",561nm Binned,488nm Binned,6,whole_field_foreground,stable_channel,895164,33486616.0,25396276.0,29.033937454223633,8090342.0,1172,0.001309257298102572,351.12181427210265,14.0,3.1390855911897,3.1390855911897,screening metric for punctate-to-diffuse reporter redistribution; not rupture proof
I17,I,17,PLD3_mCherry_reporter_control,site0,36,"260316_Day36_WellI17_Channel405nm Binned,561nm Binned,488nm Binned_Seq0108.nd2",561nm Binned,488nm Binned,7,whole_field_foreground,stable_channel,999498,40898872.0,30942384.0,31.68738555908203,9956488.0,1300,0.0013006529277684391,375.90096497755786,13.0,3.107760889180692,3.107760889180692,screening metric for punctate-to-diffuse reporter redistribution; not rupture proof
I17,I,17,PLD3_mCherry_reporter_control,site0,39,"260319_Day39_WellI17_Channel405nm Binned,561nm Binned,488nm Binned_Seq0108.nd2",561nm Binned,488nm Binned,8,whole_field_foreground,stable_channel,906070,39055592.0,30031200.0,33.923824310302734,9024394.0,1181,0.0013034313022158295,381.3064987608985,13.0,3.3277802365451543,3.3277802365451543,screening metric for punctate-to-diffuse reporter redistribution; not rupture proof
I18,I,18,PLD3_mCherry_reporter_control,site0,8,"260216_Day8_iNeurons_WellI18_Channel405nm Binned,561nm Binned,488nm Binned_Seq0109.nd2",561nm Binned,488nm Binned,0,whole_field_foreground,stable_channel,799281,18741496.0,13374513.0,17.140153884887695,5366982.0,858,0.0010734647764665075,254.060909111183,18.0,2.4919988552220795,2.4919988552220795,screening metric for punctate-to-diffuse reporter redistribution; not rupture proof
I18,I,18,PLD3_mCherry_reporter_control,site0,12,"260220_Day12_WellI18_Channel405nm Binned,561nm Binned,488nm Binned_Seq0109.nd2",561nm Binned,488nm Binned,1,whole_field_foreground,stable_channel,700774,18424230.0,13814819.0,20.185239791870117,4609411.0,755,0.0010773801539425301,245.5378770436672,16.0,2.99708986679578,2.99708986679578,screening metric for punctate-to-diffuse reporter redistribution; not rupture proof
I18,I,18,PLD3_mCherry_reporter_control,site0,16,"260224_day16_WellI18_Channel405nm Binned,561nm Binned,488nm Binned_Seq0109.nd2",561nm Binned,488nm Binned,2,whole_field_foreground,stable_channel,759585,27627184.0,20319728.0,27.39423370361328,7307455.0,804,0.0010584727186541882,364.658568007436,16.0,2.780684656969796,2.780684656969796,screening metric for punctate-to-diffuse reporter redistribution; not rupture proof
I18,I,18,PLD3_mCherry_reporter_control,site0,20,"260228_day20_WellI18_Channel405nm Binned,561nm Binned,488nm Binned_Seq0109.nd2",561nm Binned,488nm Binned,3,whole_field_foreground,stable_channel,766366,28303750.0,21341350.0,28.504732131958008,6962400.0,937,0.0012226534058123368,356.91815260456616,14.0,3.065228944041844,3.065228944041844,screening metric for punctate-to-diffuse reporter redistribution; not rupture proof
I18,I,18,PLD3_mCherry_reporter_control,site0,25,"260305_day25_iNeurons_WellI18_Channel405nm Binned,561nm Binned,488nm Binned_Seq0109.nd2",561nm Binned,488nm Binned,4,whole_field_foreground,stable_channel,595127,16076772.0,12525226.0,21.529922485351562,3551546.0,878,0.0014753153528549784,240.29971224843504,12.0,3.526696824424201,3.526696824424201,screening metric for punctate-to-diffuse reporter redistribution; not rupture proof
I18,I,18,PLD3_mCherry_reporter_control,site0,29,"260309_Day29_WellI18_Channel405nm Binned,561nm Binned,488nm Binned_Seq0109.nd2",561nm Binned,488nm Binned,5,whole_field_foreground,stable_channel,768574,30157468.0,22927908.0,30.516550064086914,7229560.0,1080,0.0014051997595528796,378.58122496428314,13.0,3.171411261542449,3.171411261542449,screening metric for punctate-to-diffuse reporter redistribution; not rupture proof
I18,I,18,PLD3_mCherry_reporter_control,site0,32,"260312_Day32_WellI18_Channel405nm Binned,561 nm,488nm Binned_Seq0109.nd2",561nm Binned,488nm Binned,6,whole_field_foreground,stable_channel,910598,34579552.0,25716984.0,28.90815544128418,8862565.0,1232,0.00135295706777156,375.14230608011223,14.0,2.901754063298503,2.901754063298503,screening metric for punctate-to-diffuse reporter redistribution; not rupture proof
I18,I,18,PLD3_mCherry_reporter_control,site0,36,"260316_Day36_WellI18_Channel405nm Binned,561nm Binned,488nm Binned_Seq0109.nd2",561nm Binned,488nm Binned,7,whole_field_foreground,stable_channel,993829,38900264.0,28903058.0,29.768917083740234,9997207.0,1239,0.0012466933446284554,381.76027040889517,14.0,2.8911132879410326,2.8911132879410326,screening metric for punctate-to-diffuse reporter redistribution; not rupture proof
I18,I,18,PLD3_mCherry_reporter_control,site0,39,"260319_Day39_WellI18_Channel405nm Binned,561nm Binned,488nm Binned_Seq0109.nd2",561nm Binned,488nm Binned,8,whole_field_foreground,stable_channel,908962,42233516.0,32241428.0,36.29667282104492,9992088.0,1180,0.0012981840825014707,423.7695848367982,13.0,3.2266957616863237,3.2266957616863237,screening metric for punctate-to-diffuse reporter redistribution; not rupture proof
I19,I,19,PLD3_mCherry_reporter_control,site0,8,"260216_Day8_iNeurons_WellI19_Channel405nm Binned,561nm Binned,488nm Binned_Seq0110.nd2",561nm Binned,488nm Binned,0,whole_field_foreground,stable_channel,725999,17149204.0,12194207.0,17.205060958862305,4954997.0,781,0.0010757590575178812,261.7402374912316,18.0,2.460991802819969,2.460991802819969,screening metric for punctate-to-diffuse reporter redistribution; not rupture proof
I19,I,19,PLD3_mCherry_reporter_control,site0,12,"260220_Day12_WellI19_Channel405nm Binned,561nm Binned,488nm Binned_Seq0110.nd2",561nm Binned,488nm Binned,1,whole_field_foreground,stable_channel,700433,17022674.0,12688199.0,18.550975799560547,4334475.0,716,0.001022224823786112,230.7528361208612,17.0,2.9272746987806073,2.9272746987806073,screening metric for punctate-to-diffuse reporter redistribution; not rupture proof
I19,I,19,PLD3_mCherry_reporter_control,site0,16,"260224_day16_WellI19_Channel405nm Binned,561nm Binned,488nm Binned_Seq0110.nd2",561nm Binned,488nm Binned,2,whole_field_foreground,stable_channel,726865,24425638.0,17951248.0,25.291248321533203,6474391.0,730,0.00100431304299835,342.0205171558955,18.0,2.772654292889822,2.772654292889822,screening metric for punctate-to-diffuse reporter redistribution; not rupture proof
I19,I,19,PLD3_mCherry_reporter_control,site0,20,"260228_day20_WellI19_Channel405nm Binned,561nm Binned,488nm Binned_Seq0110.nd2",561nm Binned,488nm Binned,3,whole_field_foreground,stable_channel,733762,25949422.0,19677530.0,27.44425392150879,6271892.0,911,0.001241546986623399,344.21950613915857,14.0,3.137415312635623,3.137415312635623,screening metric for punctate-to-diffuse reporter redistribution; not rupture proof
I19,I,19,PLD3_mCherry_reporter_control,site0,25,"260305_day25_iNeurons_WellI19_Channel405nm Binned,561nm Binned,488nm Binned_Seq0110.nd2",561nm Binned,488nm Binned,4,whole_field_foreground,stable_channel,625120,13797874.0,10385947.0,17.004899978637695,3411927.0,838,0.0013405426158156185,208.8048891600106,13.0,3.044012078803842,3.044012078803842,screening metric for punctate-to-diffuse reporter redistribution; not rupture proof
I19,I,19,PLD3_mCherry_reporter_control,site0,29,"260309_Day29_WellI19_Channel405nm Binned,561nm Binned,488nm Binned_Seq0110.nd2",561nm Binned,488nm Binned,5,whole_field_foreground,stable_channel,892248,26104632.0,19166892.0,21.987390518188477,6937740.0,1199,0.0013437967919218156,299.03195355871105,14.0,2.762699668767817,2.762699668767817,screening metric for punctate-to-diffuse reporter redistribution; not rupture proof
I19,I,19,PLD3_mCherry_reporter_control,site0,32,"260312_Day32_WellI19_Channel405nm Binned,561 nm,488nm Binned_Seq0110.nd2",561nm Binned,488nm Binned,6,whole_field_foreground,stable_channel,910806,31384118.0,23486802.0,26.393342971801758,7897316.0,1235,0.0013559418800476106,329.87332100192543,13.0,2.9740233264057085,2.9740233264057085,screening metric for punctate-to-diffuse reporter redistribution; not rupture proof
I19,I,19,PLD3_mCherry_reporter_control,site0,36,"260316_Day36_WellI19_Channel405nm Binned,561nm Binned,488nm Binned_Seq0110.nd2",561nm Binned,488nm Binned,7,whole_field_foreground,stable_channel,956921,38108656.0,28953476.0,30.96787452697754,9155178.0,1323,0.0013825592708265545,369.6956142157384,13.0,3.162524639061833,3.162524639061833,screening metric for punctate-to-diffuse reporter redistribution; not rupture proof
I19,I,19,PLD3_mCherry_reporter_control,site0,39,"260319_Day39_WellI19_Channel405nm Binned,561nm Binned,488nm Binned_Seq0110.nd2",561nm Binned,488nm Binned,8,whole_field_foreground,stable_channel,961587,37631868.0,28424736.0,30.264484405517578,9207132.0,1213,0.0012614563216835695,368.35288616535786,15.0,3.0872519260065907,3.0872519260065907,screening metric for punctate-to-diffuse reporter redistribution; not rupture proof
I20,I,20,PLD3_mCherry_reporter_control,site0,8,"260216_Day8_iNeurons_WellI20_Channel405nm Binned,561nm Binned,488nm Binned_Seq0111.nd2",561nm Binned,488nm Binned,0,whole_field_foreground,stable_channel,615575,14597548.0,10516552.0,17.49848175048828,4080996.0,671,0.00109003776956327,257.79924288663,18.0,2.576957193782455,2.576957193782455,screening metric for punctate-to-diffuse reporter redistribution; not rupture proof
I20,I,20,PLD3_mCherry_reporter_control,site0,12,"260220_Day12_WellI20_Channel405nm Binned,561nm Binned,488nm Binned_Seq0111.nd2",561nm Binned,488nm Binned,1,whole_field_foreground,stable_channel,556589,13593410.0,10311479.0,18.9696044921875,3281931.0,609,0.0010941646349441074,223.04391608527925,16.0,3.14189390331389,3.14189390331389,screening metric for punctate-to-diffuse reporter redistribution; not rupture proof
I20,I,20,PLD3_mCherry_reporter_control,site0,16,"260224_day16_WellI20_Channel405nm Binned,561nm Binned,488nm Binned_Seq0111.nd2",561nm Binned,488nm Binned,2,whole_field_foreground,stable_channel,584752,21204504.0,15898830.0,27.839202880859375,5305675.0,636,0.0010876405724117445,347.69393081185206,15.5,2.996570653120857,2.996570653120857,screening metric for punctate-to-diffuse reporter redistribution; not rupture proof
I20,I,20,PLD3_mCherry_reporter_control,site0,20,"260228_day20_WellI20_Channel405nm Binned,561nm Binned,488nm Binned_Seq0111.nd2",561nm Binned,488nm Binned,3,whole_field_foreground,stable_channel,616626,22907888.0,17365868.0,28.822874069213867,5542019.0,782,0.0012681917402100006,357.8432473185117,14.0,3.133491242090088,3.133491242090088,screening metric for punctate-to-diffuse reporter redistribution; not rupture proof
I20,I,20,PLD3_mCherry_reporter_control,site0,25,"260305_day25_iNeurons_WellI20_Channel405nm Binned,561nm Binned,488nm Binned_Seq0111.nd2",561nm Binned,488nm Binned,4,whole_field_foreground,stable_channel,489207,10848240.0,8500244.0,17.770185470581055,2347996.0,697,0.0014247547561637,194.13733235253835,12.0,3.620212300189771,3.620212300189771,screening metric for punctate-to-diffuse reporter redistribution; not rupture proof
I20,I,20,PLD3_mCherry_reporter_control,site0,29,"260309_Day29_WellI20_Channel405nm Binned,561nm Binned,488nm Binned_Seq0111.nd2",561nm Binned,488nm Binned,5,whole_field_foreground,stable_channel,699613,22296148.0,16996740.0,24.85873794555664,5299407.0,979,0.0013993450664847576,302.17264202301055,13.0,3.2072909289655978,3.2072909289655978,screening metric for punctate-to-diffuse reporter redistribution; not rupture proof
I20,I,20,PLD3_mCherry_reporter_control,site0,32,"260312_Day32_WellI20_Channel405nm Binned,561 nm,488nm Binned_Seq0111.nd2",561nm Binned,488nm Binned,6,whole_field_foreground,stable_channel,728282,26139566.0,20017932.0,28.129058837890625,6121635.0,987,0.0013552442597766314,332.4953175460676,14.0,3.2700303105292505,3.2700303105292505,screening metric for punctate-to-diffuse reporter redistribution; not rupture proof
I20,I,20,PLD3_mCherry_reporter_control,site0,36,"260316_Day36_WellI20_Channel405nm Binned,561nm Binned,488nm Binned_Seq0111.nd2",561nm Binned,488nm Binned,7,whole_field_foreground,stable_channel,782245,32145544.0,24742074.0,32.36834716796875,7403469.0,1041,0.0013307851120795521,369.04338396202473,14.0,3.3419568583317707,3.3419568583317707,screening metric for punctate-to-diffuse reporter redistribution; not rupture proof
I20,I,20,PLD3_mCherry_reporter_control,site0,39,"260319_Day39_WellI20_Channel405nm Binned,561nm Binned,488nm Binned_Seq0111.nd2",561nm Binned,488nm Binned,8,whole_field_foreground,stable_channel,830209,31099244.0,23677996.0,29.196372985839844,7421247.0,1046,0.0012599237059568616,340.3258678370634,14.0,3.1905683775242637,3.1905683775242637,screening metric for punctate-to-diffuse reporter redistribution; not rupture proof
J05,J,05,PLD3_TMEM106B_mCherry_primary,site0,8,"260216_Day8_iNeurons_WellJ05_Channel405nm Binned,561nm Binned,488nm Binned_Seq0112.nd2",561nm Binned,488nm Binned,0,whole_field_foreground,stable_channel,772672,15950210.0,11983332.0,15.890168190002441,3966878.0,833,0.001078077114220422,194.49393745230026,19.0,3.0208471246146162,3.0208471246146162,screening metric for punctate-to-diffuse reporter redistribution; not rupture proof
J05,J,05,PLD3_TMEM106B_mCherry_primary,site0,12,"260220_Day12_WellJ05_Channel405nm Binned,561nm Binned,488nm Binned_Seq0112.nd2",561nm Binned,488nm Binned,1,whole_field_foreground,stable_channel,668519,12201188.0,10053233.0,15.398050308227539,2147955.0,719,0.0010755116907655946,120.03855216353925,17.0,4.6803741232918386,4.6803741232918386,screening metric for punctate-to-diffuse reporter redistribution; not rupture proof
J05,J,05,PLD3_TMEM106B_mCherry_primary,site0,16,"260224_day16_WellJ05_Channel405nm Binned,561nm Binned,488nm Binned_Seq0112.nd2",561nm Binned,488nm Binned,2,whole_field_foreground,stable_channel,702265,14392465.0,11912150.0,17.370372772216797,2480315.0,736,0.0010480374217694914,136.04917916007665,17.0,4.802676272971457,4.802676272971457,screening metric for punctate-to-diffuse reporter redistribution; not rupture proof
J05,J,05,PLD3_TMEM106B_mCherry_primary,site0,20,"260228_day20_WellJ05_Channel405nm Binned,561nm Binned,488nm Binned_Seq0112.nd2",561nm Binned,488nm Binned,3,whole_field_foreground,stable_channel,750724,14418587.0,12051670.0,16.427583694458008,2366917.0,851,0.0011335723914499421,125.4261235910633,14.0,5.091716355070714,5.091716355070714,screening metric for punctate-to-diffuse reporter redistribution; not rupture proof
J05,J,05,PLD3_TMEM106B_mCherry_primary,site0,25,"260305_day25_iNeurons_WellJ05_Channel405nm Binned,561nm Binned,488nm Binned_Seq0112.nd2",561nm Binned,488nm Binned,4,whole_field_foreground,stable_channel,555857,6804608.0,5728409.0,10.539365768432617,1076199.0,738,0.0013276796010460825,75.29318618774414,12.0,5.32281576176402,5.32281576176402,screening metric for punctate-to-diffuse reporter redistribution; not rupture proof
J05,J,05,PLD3_TMEM106B_mCherry_primary,site0,29,"260309_Day29_WellJ05_Channel405nm Binned,561nm Binned,488nm Binned_Seq0112.nd2",561nm Binned,488nm Binned,5,whole_field_foreground,stable_channel,789192,12658644.0,10530341.0,13.645482063293457,2128303.0,1080,0.001368488276615363,107.9018084914596,13.0,4.947764016681391,4.947764016681391,screening metric for punctate-to-diffuse reporter redistribution; not rupture proof
J05,J,05,PLD3_TMEM106B_mCherry_primary,site0,32,"260312_Day32_WellJ05_Channel405nm Binned,561 nm,488nm Binned_Seq0112.nd2",561nm Binned,488nm Binned,6,whole_field_foreground,stable_channel,976905,14411210.0,11851763.0,12.411613464355469,2559447.0,1290,0.0013204968753345305,102.41134220389432,13.0,4.630595202790044,4.630595202790044,screening metric for punctate-to-diffuse reporter redistribution; not rupture proof
J05,J,05,PLD3_TMEM106B_mCherry_primary,site0,36,"260316_Day36_WellJ05_Channel405nm Binned,561nm Binned,488nm Binned_Seq0112.nd2",561nm Binned,488nm Binned,7,whole_field_foreground,stable_channel,957887,17349108.0,14572853.0,15.557270050048828,2776256.0,1262,0.0013174831686813607,115.62969046047108,12.0,5.249102748447821,5.249102748447821,screening metric for punctate-to-diffuse reporter redistribution; not rupture proof
J05,J,05,PLD3_TMEM106B_mCherry_primary,site0,39,"260319_Day39_WellJ05_Channel405nm Binned,561nm Binned,488nm Binned_Seq0112.nd2",561nm Binned,488nm Binned,8,whole_field_foreground,stable_channel,862929,20587456.0,17788424.0,21.080652236938477,2799032.0,1153,0.0013361470062990858,129.4365733296377,12.0,6.355205656810514,6.355205656810514,screening metric for punctate-to-diffuse reporter redistribution; not rupture proof
J06,J,06,PLD3_TMEM106B_mCherry_primary,site0,8,"260216_Day8_iNeurons_WellJ06_Channel405nm Binned,561nm Binned,488nm Binned_Seq0113.nd2",561nm Binned,488nm Binned,0,whole_field_foreground,stable_channel,832536,17821998.0,13564179.0,16.68962860107422,4257819.0,908,0.0010906435277260194,198.74512012834592,19.0,3.1857105715383423,3.1857105715383423,screening metric for punctate-to-diffuse reporter redistribution; not rupture proof
J06,J,06,PLD3_TMEM106B_mCherry_primary,site0,12,"260220_Day12_WellJ06_Channel405nm Binned,561nm Binned,488nm Binned_Seq0113.nd2",561nm Binned,488nm Binned,1,whole_field_foreground,stable_channel,722455,13605624.0,11205592.0,15.877790451049805,2400032.0,803,0.0011114879127404316,125.67343527293887,16.0,4.668934414205865,4.668934414205865,screening metric for punctate-to-diffuse reporter redistribution; not rupture proof
J06,J,06,PLD3_TMEM106B_mCherry_primary,site0,16,"260224_day16_WellJ06_Channel405nm Binned,561nm Binned,488nm Binned_Seq0113.nd2",561nm Binned,488nm Binned,2,whole_field_foreground,stable_channel,777531,16509498.0,13647741.0,17.97022819519043,2861757.0,831,0.0010687676761427277,141.17844184297087,16.0,4.769007641108323,4.769007641108323,screening metric for punctate-to-diffuse reporter redistribution; not rupture proof
J06,J,06,PLD3_TMEM106B_mCherry_primary,site0,20,"260228_day20_WellJ06_Channel405nm Binned,561nm Binned,488nm Binned_Seq0113.nd2",561nm Binned,488nm Binned,3,whole_field_foreground,stable_channel,782772,15079276.0,12634985.0,16.517183303833008,2444291.0,915,0.001168922751451037,123.84229662952528,14.0,5.169181983648769,5.169181983648769,screening metric for punctate-to-diffuse reporter redistribution; not rupture proof
J06,J,06,PLD3_TMEM106B_mCherry_primary,site0,25,"260305_day25_iNeurons_WellJ06_Channel405nm Binned,561nm Binned,488nm Binned_Seq0113.nd2",561nm Binned,488nm Binned,4,whole_field_foreground,stable_channel,617419,7514887.0,6366968.0,10.546698570251465,1147919.0,778,0.0012600843187507023,71.50223755530037,12.0,5.546530722110579,5.546530722110579,screening metric for punctate-to-diffuse reporter redistribution; not rupture proof
J06,J,06,PLD3_TMEM106B_mCherry_primary,site0,29,"260309_Day29_WellJ06_Channel405nm Binned,561nm Binned,488nm Binned_Seq0113.nd2",561nm Binned,488nm Binned,5,whole_field_foreground,stable_channel,891900,13973878.0,11619769.0,13.326309204101562,2354109.0,1246,0.0013970176028687106,104.6352331244161,12.0,4.9359519886271475,4.9359519886271475,screening metric for punctate-to-diffuse reporter redistribution; not rupture proof
J06,J,06,PLD3_TMEM106B_mCherry_primary,site0,32,"260312_Day32_WellJ06_Channel405nm Binned,561 nm,488nm Binned_Seq0113.nd2",561nm Binned,488nm Binned,6,whole_field_foreground,stable_channel,968773,14967687.0,12381837.0,13.074400901794434,2585850.0,1296,0.0013377746902511344,104.74217952327963,12.5,4.7883044260089385,4.7883044260089385,screening metric for punctate-to-diffuse reporter redistribution; not rupture proof
J06,J,06,PLD3_TMEM106B_mCherry_primary,site0,36,"260316_Day36_WellJ06_Channel405nm Binned,561nm Binned,488nm Binned_Seq0113.nd2",561nm Binned,488nm Binned,7,whole_field_foreground,stable_channel,1035743,18495182.0,15333010.0,15.142756462097168,3162172.0,1353,0.0013063086113048253,118.31132664366818,13.0,4.8488855128674695,4.8488855128674695,screening metric for punctate-to-diffuse reporter redistribution; not rupture proof
J06,J,06,PLD3_TMEM106B_mCherry_primary,site0,39,"260319_Day39_WellJ06_Channel405nm Binned,561nm Binned,488nm Binned_Seq0113.nd2",561nm Binned,488nm Binned,8,whole_field_foreground,stable_channel,991494,19567186.0,16610890.0,17.140745162963867,2956296.0,1256,0.001266775189762856,115.49609318204746,13.0,5.6188182780054445,5.6188182780054445,screening metric for punctate-to-diffuse reporter redistribution; not rupture proof
J07,J,07,PLD3_TMEM106B_mCherry_primary,site0,8,"260216_Day8_iNeurons_WellJ07_Channel405nm Binned,561nm Binned,488nm Binned_Seq0114.nd2",561nm Binned,488nm Binned,0,whole_field_foreground,stable_channel,756340,16256611.0,12363715.0,16.745990753173828,3892896.0,867,0.001146309860643168,196.15594133071284,17.0,3.175968482075253,3.175968482075253,screening metric for punctate-to-diffuse reporter redistribution; not rupture proof
J07,J,07,PLD3_TMEM106B_mCherry_primary,site0,12,"260220_Day12_WellJ07_Channel405nm Binned,561nm Binned,488nm Binned_Seq0114.nd2",561nm Binned,488nm Binned,1,whole_field_foreground,stable_channel,699171,12473477.0,10229697.0,14.979217529296875,2243780.0,740,0.0010583963007603885,119.24759516844878,16.0,4.5591354767381125,4.5591354767381125,screening metric for punctate-to-diffuse reporter redistribution; not rupture proof
J07,J,07,PLD3_TMEM106B_mCherry_primary,site0,16,"260224_day16_WellJ07_Channel405nm Binned,561nm Binned,488nm Binned_Seq0114.nd2",561nm Binned,488nm Binned,2,whole_field_foreground,stable_channel,708458,14787291.0,12140092.0,17.544601440429688,2647199.0,720,0.0010162917208909824,145.02958076265122,17.0,4.586014122850385,4.586014122850385,screening metric for punctate-to-diffuse reporter redistribution; not rupture proof
J07,J,07,PLD3_TMEM106B_mCherry_primary,site0,20,"260228_day20_WellJ07_Channel405nm Binned,561nm Binned,488nm Binned_Seq0114.nd2",561nm Binned,488nm Binned,3,whole_field_foreground,stable_channel,736872,14212107.0,11840284.0,16.446117401123047,2371823.0,843,0.001144025013840743,126.68940988723918,15.0,4.992060537398874,4.992060537398874,screening metric for punctate-to-diffuse reporter redistribution; not rupture proof
J07,J,07,PLD3_TMEM106B_mCherry_primary,site0,25,"260305_day25_iNeurons_WellJ07_Channel405nm Binned,561nm Binned,488nm Binned_Seq0114.nd2",561nm Binned,488nm Binned,4,whole_field_foreground,stable_channel,624991,7339877.0,6173146.0,10.102505683898926,1166731.0,795,0.0012720183170617304,72.5966081343357,13.0,5.290976240448492,5.290976240448492,screening metric for punctate-to-diffuse reporter redistribution; not rupture proof
J07,J,07,PLD3_TMEM106B_mCherry_primary,site0,29,"260309_Day29_WellJ07_Channel405nm Binned,561nm Binned,488nm Binned_Seq0114.nd2",561nm Binned,488nm Binned,5,whole_field_foreground,stable_channel,809789,13406080.0,11156715.0,14.088878631591797,2249365.0,1112,0.001373197215569274,110.50164086527104,12.0,4.959939805231717,4.959939805231717,screening metric for punctate-to-diffuse reporter redistribution; not rupture proof
J07,J,07,PLD3_TMEM106B_mCherry_primary,site0,32,"260312_Day32_WellJ07_Channel405nm Binned,561 nm,488nm Binned_Seq0114.nd2",561nm Binned,488nm Binned,6,whole_field_foreground,stable_channel,905509,14724133.0,12076859.0,13.642992973327637,2647274.0,1185,0.0013086562364357408,115.3845620811237,13.0,4.561998115795887,4.561998115795887,screening metric for punctate-to-diffuse reporter redistribution; not rupture proof
J07,J,07,PLD3_TMEM106B_mCherry_primary,site0,36,"260316_Day36_WellJ07_Channel405nm Binned,561nm Binned,488nm Binned_Seq0114.nd2",561nm Binned,488nm Binned,7,whole_field_foreground,stable_channel,1013217,18274196.0,15121425.0,15.267982482910156,3152772.0,1303,0.0012860028996737264,121.26020705837153,13.0,4.796231697057448,4.796231697057448,screening metric for punctate-to-diffuse reporter redistribution; not rupture proof
J07,J,07,PLD3_TMEM106B_mCherry_primary,site0,39,"260319_Day39_WellJ07_Channel405nm Binned,561nm Binned,488nm Binned_Seq0114.nd2",561nm Binned,488nm Binned,8,whole_field_foreground,stable_channel,916716,19566904.0,16583643.0,18.507537841796875,2983260.0,1152,0.0012566596415888272,125.65242675609059,13.0,5.558899660101514,5.558899660101514,screening metric for punctate-to-diffuse reporter redistribution; not rupture proof
J08,J,08,PLD3_TMEM106B_mCherry_primary,site0,8,"260216_Day8_iNeurons_WellJ08_Channel405nm Binned,561nm Binned,488nm Binned_Seq0115.nd2",561nm Binned,488nm Binned,0,whole_field_foreground,stable_channel,804286,17400056.0,13278873.0,16.911970138549805,4121182.0,880,0.0010941381548341086,199.7887636531483,19.0,3.222103027722818,3.222103027722818,screening metric for punctate-to-diffuse reporter redistribution; not rupture proof
J08,J,08,PLD3_TMEM106B_mCherry_primary,site0,12,"260220_Day12_WellJ08_Channel405nm Binned,561nm Binned,488nm Binned_Seq0115.nd2",561nm Binned,488nm Binned,1,whole_field_foreground,stable_channel,759802,14554388.0,12013141.0,16.184480667114258,2541247.0,855,0.001125293168481887,125.27331336395085,15.0,4.727262245659424,4.727262245659424,screening metric for punctate-to-diffuse reporter redistribution; not rupture proof
J08,J,08,PLD3_TMEM106B_mCherry_primary,site0,16,"260224_day16_WellJ08_Channel405nm Binned,561nm Binned,488nm Binned_Seq0115.nd2",561nm Binned,488nm Binned,2,whole_field_foreground,stable_channel,758756,15912956.0,13176610.0,17.782032012939453,2736346.0,811,0.0010688548097134403,138.1441090462681,16.0,4.81540346140261,4.81540346140261,screening metric for punctate-to-diffuse reporter redistribution; not rupture proof
J08,J,08,PLD3_TMEM106B_mCherry_primary,site0,20,"260228_day20_WellJ08_Channel405nm Binned,561nm Binned,488nm Binned_Seq0115.nd2",561nm Binned,488nm Binned,3,whole_field_foreground,stable_channel,798116,15155961.0,12614486.0,16.173725128173828,2541475.0,863,0.0010812964531458067,125.78299696337722,15.0,4.963450752021971,4.963450752021971,screening metric for punctate-to-diffuse reporter redistribution; not rupture proof
J08,J,08,PLD3_TMEM106B_mCherry_primary,site0,25,"260305_day25_iNeurons_WellJ08_Channel405nm Binned,561nm Binned,488nm Binned_Seq0115.nd2",561nm Binned,488nm Binned,4,whole_field_foreground,stable_channel,576602,7748122.0,6609509.0,11.718862533569336,1138613.0,829,0.0014377334799368755,80.0944132235427,12.0,5.804877513250064,5.804877513250064,screening metric for punctate-to-diffuse reporter redistribution; not rupture proof
J08,J,08,PLD3_TMEM106B_mCherry_primary,site0,29,"260309_Day29_WellJ08_Channel405nm Binned,561nm Binned,488nm Binned_Seq0115.nd2",561nm Binned,488nm Binned,5,whole_field_foreground,stable_channel,831006,14689468.0,12202928.0,15.014811515808105,2486540.0,1157,0.0013922883829943558,120.55926342224807,12.0,4.907593684394819,4.907593684394819,screening metric for punctate-to-diffuse reporter redistribution; not rupture proof
J08,J,08,PLD3_TMEM106B_mCherry_primary,site0,32,"260312_Day32_WellJ08_Channel405nm Binned,561 nm,488nm Binned_Seq0115.nd2",561nm Binned,488nm Binned,6,whole_field_foreground,stable_channel,935684,16118639.0,13291475.0,14.530632972717285,2827164.0,1267,0.0013540896285483624,119.31045983246018,12.0,4.701345588722585,4.701345588722585,screening metric for punctate-to-diffuse reporter redistribution; not rupture proof
J08,J,08,PLD3_TMEM106B_mCherry_primary,site0,36,"260316_Day36_WellJ08_Channel405nm Binned,561nm Binned,488nm Binned_Seq0115.nd2",561nm Binned,488nm Binned,7,whole_field_foreground,stable_channel,1042638,17593344.0,14477027.0,14.20345401763916,3116318.0,1357,0.0013015063713376056,117.32071428291923,13.0,4.645555107019038,4.645555107019038,screening metric for punctate-to-diffuse reporter redistribution; not rupture proof
J08,J,08,PLD3_TMEM106B_mCherry_primary,site0,39,"260319_Day39_WellJ08_Channel405nm Binned,561nm Binned,488nm Binned_Seq0115.nd2",561nm Binned,488nm Binned,8,whole_field_foreground,stable_channel,903495,21382666.0,18361000.0,20.785409927368164,3021667.0,1141,0.0012628736185576425,131.71193323628512,12.0,6.076447206126263,6.076447206126263,screening metric for punctate-to-diffuse reporter redistribution; not rupture proof
J09,J,09,PLD3_TMEM106B_mCherry_primary,site0,8,"260216_Day8_iNeurons_WellJ09_Channel405nm Binned,561nm Binned,488nm Binned_Seq0116.nd2",561nm Binned,488nm Binned,0,whole_field_foreground,stable_channel,759622,15414242.0,11572805.0,15.606237411499023,3841437.0,805,0.0010597376063343877,194.5690811631102,20.0,3.0126239217243413,3.0126239217243413,screening metric for punctate-to-diffuse reporter redistribution; not rupture proof
J09,J,09,PLD3_TMEM106B_mCherry_primary,site0,12,"260220_Day12_WellJ09_Channel405nm Binned,561nm Binned,488nm Binned_Seq0116.nd2",561nm Binned,488nm Binned,1,whole_field_foreground,stable_channel,690537,12554295.0,10313495.0,15.290306091308594,2240800.0,751,0.00108755939218161,123.60435797720552,17.0,4.602595055335326,4.602595055335326,screening metric for punctate-to-diffuse reporter redistribution; not rupture proof
J09,J,09,PLD3_TMEM106B_mCherry_primary,site0,16,"260224_day16_WellJ09_Channel405nm Binned,561nm Binned,488nm Binned_Seq0116.nd2",561nm Binned,488nm Binned,2,whole_field_foreground,stable_channel,736999,14970660.0,12214807.0,16.972246170043945,2755853.0,769,0.0010434206830659968,142.29509712288686,17.0,4.432314423155215,4.432314423155215,screening metric for punctate-to-diffuse reporter redistribution; not rupture proof
J09,J,09,PLD3_TMEM106B_mCherry_primary,site0,20,"260228_day20_WellJ09_Channel405nm Binned,561nm Binned,488nm Binned_Seq0116.nd2",561nm Binned,488nm Binned,3,whole_field_foreground,stable_channel,748540,14389165.0,11929008.0,16.3129940032959,2460157.0,837,0.0011181767173416006,127.90349211516204,15.0,4.848880782809858,4.848880782809858,screening metric for punctate-to-diffuse reporter redistribution; not rupture proof
J09,J,09,PLD3_TMEM106B_mCherry_primary,site0,25,"260305_day25_iNeurons_WellJ09_Channel405nm Binned,561nm Binned,488nm Binned_Seq0116.nd2",561nm Binned,488nm Binned,4,whole_field_foreground,stable_channel,741010,7413614.0,6164646.0,8.513833999633789,1248968.0,920,0.0012415486970469474,64.75631832869156,13.5,4.9357917896976256,4.9357917896976256,screening metric for punctate-to-diffuse reporter redistribution; not rupture proof
J09,J,09,PLD3_TMEM106B_mCherry_primary,site0,29,"260309_Day29_WellJ09_Channel405nm Binned,561nm Binned,488nm Binned_Seq0116.nd2",561nm Binned,488nm Binned,5,whole_field_foreground,stable_channel,991438,13407098.0,10923918.0,11.273369789123535,2483180.0,1226,0.0012365876635742864,96.73247294091479,13.0,4.399164780642403,4.399164780642403,screening metric for punctate-to-diffuse reporter redistribution; not rupture proof
J09,J,09,PLD3_TMEM106B_mCherry_primary,site0,32,"260312_Day32_WellJ09_Channel405nm Binned,561 nm,488nm Binned_Seq0116.nd2",561nm Binned,488nm Binned,6,whole_field_foreground,stable_channel,961317,14966630.0,12213927.0,12.998739242553711,2752703.0,1212,0.001260770380632756,110.33589286615353,13.0,4.437066766736391,4.437066766736391,screening metric for punctate-to-diffuse reporter redistribution; not rupture proof
J09,J,09,PLD3_TMEM106B_mCherry_primary,site0,36,"260316_Day36_WellJ09_Channel405nm Binned,561nm Binned,488nm Binned_Seq0116.nd2",561nm Binned,488nm Binned,7,whole_field_foreground,stable_channel,1104028,16673891.0,13475227.0,12.490326881408691,3198664.0,1371,0.0012418163307441098,108.38009221739877,13.0,4.212767267833004,4.212767267833004,screening metric for punctate-to-diffuse reporter redistribution; not rupture proof
J09,J,09,PLD3_TMEM106B_mCherry_primary,site0,39,"260319_Day39_WellJ09_Channel405nm Binned,561nm Binned,488nm Binned_Seq0116.nd2",561nm Binned,488nm Binned,8,whole_field_foreground,stable_channel,1058756,18705916.0,15554769.0,15.035096168518066,3151147.0,1259,0.0011891313957123368,110.69130663155941,14.0,4.936224492223011,4.936224492223011,screening metric for punctate-to-diffuse reporter redistribution; not rupture proof
J10,J,10,PLD3_TMEM106B_mCherry_primary,site0,8,"260216_Day8_iNeurons_WellJ10_Channel405nm Binned,561nm Binned,488nm Binned_Seq0117.nd2",561nm Binned,488nm Binned,0,whole_field_foreground,stable_channel,837743,17403178.0,13325267.0,16.29603385925293,4077911.0,894,0.0010671530529039728,185.12321429497976,20.0,3.267669892745755,3.267669892745755,screening metric for punctate-to-diffuse reporter redistribution; not rupture proof
J10,J,10,PLD3_TMEM106B_mCherry_primary,site0,12,"260220_Day12_WellJ10_Channel405nm Binned,561nm Binned,488nm Binned_Seq0117.nd2",561nm Binned,488nm Binned,1,whole_field_foreground,stable_channel,786918,14112322.0,11683451.0,15.197728157043457,2428871.0,827,0.001050935421478412,116.70686298356523,17.0,4.810239407525221,4.810239407525221,screening metric for punctate-to-diffuse reporter redistribution; not rupture proof
J10,J,10,PLD3_TMEM106B_mCherry_primary,site0,16,"260224_day16_WellJ10_Channel405nm Binned,561nm Binned,488nm Binned_Seq0117.nd2",561nm Binned,488nm Binned,2,whole_field_foreground,stable_channel,881142,17586916.0,14449272.0,16.791170120239258,3137643.0,870,0.0009873550460640995,135.0165747894638,18.0,4.605135765922189,4.605135765922189,screening metric for punctate-to-diffuse reporter redistribution; not rupture proof
J10,J,10,PLD3_TMEM106B_mCherry_primary,site0,20,"260228_day20_WellJ10_Channel405nm Binned,561nm Binned,488nm Binned_Seq0117.nd2",561nm Binned,488nm Binned,3,whole_field_foreground,stable_channel,894967,16669424.0,13762731.0,15.741716384887695,2906693.0,953,0.0010648437316671286,125.53309918750871,15.0,4.734841622419452,4.734841622419452,screening metric for punctate-to-diffuse reporter redistribution; not rupture proof
J10,J,10,PLD3_TMEM106B_mCherry_primary,site0,25,"260305_day25_iNeurons_WellJ10_Channel405nm Binned,561nm Binned,488nm Binned_Seq0117.nd2",561nm Binned,488nm Binned,4,whole_field_foreground,stable_channel,649119,7871641.0,6617695.0,10.427659034729004,1253946.0,859,0.0013233320854861383,75.4743143821068,13.0,5.277496000621017,5.277496000621017,screening metric for punctate-to-diffuse reporter redistribution; not rupture proof
J10,J,10,PLD3_TMEM106B_mCherry_primary,site0,29,"260309_Day29_WellJ10_Channel405nm Binned,561nm Binned,488nm Binned_Seq0117.nd2",561nm Binned,488nm Binned,5,whole_field_foreground,stable_channel,951310,14764912.0,12149829.0,13.064079284667969,2615083.0,1297,0.0013633831243218685,107.31733865965856,12.0,4.646058652821098,4.646058652821098,screening metric for punctate-to-diffuse reporter redistribution; not rupture proof
J10,J,10,PLD3_TMEM106B_mCherry_primary,site0,32,"260312_Day32_WellJ10_Channel405nm Binned,561 nm,488nm Binned_Seq0117.nd2",561nm Binned,488nm Binned,6,whole_field_foreground,stable_channel,1047559,16454204.0,13563730.0,13.245001792907715,2890474.0,1404,0.0013402586393689135,107.59022924091741,13.0,4.692562534724515,4.692562534724515,screening metric for punctate-to-diffuse reporter redistribution; not rupture proof
J10,J,10,PLD3_TMEM106B_mCherry_primary,site0,36,"260316_Day36_WellJ10_Channel405nm Binned,561nm Binned,488nm Binned_Seq0117.nd2",561nm Binned,488nm Binned,7,whole_field_foreground,stable_channel,1156589,17926978.0,14555447.0,12.876004219055176,3371531.0,1438,0.001243311150286538,110.2103142506224,13.0,4.317162440444915,4.317162440444915,screening metric for punctate-to-diffuse reporter redistribution; not rupture proof
J10,J,10,PLD3_TMEM106B_mCherry_primary,site0,39,"260319_Day39_WellJ10_Channel405nm Binned,561nm Binned,488nm Binned_Seq0117.nd2",561nm Binned,488nm Binned,8,whole_field_foreground,stable_channel,1130241,19878046.0,16507110.0,14.944727897644043,3370936.0,1422,0.0012581387509378458,112.07562649132666,13.0,4.89689213915515,4.89689213915515,screening metric for punctate-to-diffuse reporter redistribution; not rupture proof
J11,J,11,PLD3_TMEM106B_mCherry_primary,site0,8,"260216_Day8_iNeurons_WellJ11_Channel405nm Binned,561nm Binned,488nm Binned_Seq0118.nd2",561nm Binned,488nm Binned,0,whole_field_foreground,stable_channel,823066,16779164.0,12552436.0,15.622645378112793,4226728.0,854,0.0010375838632612237,195.3187471340635,20.0,2.9697761483580276,2.9697761483580276,screening metric for punctate-to-diffuse reporter redistribution; not rupture proof
J11,J,11,PLD3_TMEM106B_mCherry_primary,site0,12,"260220_Day12_WellJ11_Channel405nm Binned,561nm Binned,488nm Binned_Seq0118.nd2",561nm Binned,488nm Binned,1,whole_field_foreground,stable_channel,708095,13410693.0,10962395.0,15.849604606628418,2448298.0,740,0.001045057513467762,129.11722343547925,17.0,4.477557470534847,4.477557470534847,screening metric for punctate-to-diffuse reporter redistribution; not rupture proof
J11,J,11,PLD3_TMEM106B_mCherry_primary,site0,16,"260224_day16_WellJ11_Channel405nm Binned,561nm Binned,488nm Binned_Seq0118.nd2",561nm Binned,488nm Binned,2,whole_field_foreground,stable_channel,775471,16093320.0,13242020.0,17.48465347290039,2851300.0,783,0.001009708938179494,141.24783805564599,17.0,4.644204397992269,4.644204397992269,screening metric for punctate-to-diffuse reporter redistribution; not rupture proof
J11,J,11,PLD3_TMEM106B_mCherry_primary,site0,20,"260228_day20_WellJ11_Channel405nm Binned,561nm Binned,488nm Binned_Seq0118.nd2",561nm Binned,488nm Binned,3,whole_field_foreground,stable_channel,783265,15591783.0,12991917.0,16.975908279418945,2599866.0,876,0.0011183954344939216,130.9337773431926,14.0,4.997148699200268,4.997148699200268,screening metric for punctate-to-diffuse reporter redistribution; not rupture proof
J11,J,11,PLD3_TMEM106B_mCherry_primary,site0,25,"260305_day25_iNeurons_WellJ11_Channel405nm Binned,561nm Binned,488nm Binned_Seq0118.nd2",561nm Binned,488nm Binned,4,whole_field_foreground,stable_channel,633651,7788598.0,6633256.0,10.705016136169434,1155342.0,912,0.0014392780884091728,73.99827556442796,12.0,5.74137874325893,5.74137874325893,screening metric for punctate-to-diffuse reporter redistribution; not rupture proof
J11,J,11,PLD3_TMEM106B_mCherry_primary,site0,29,"260309_Day29_WellJ11_Channel405nm Binned,561nm Binned,488nm Binned_Seq0118.nd2",561nm Binned,488nm Binned,5,whole_field_foreground,stable_channel,868793,13694868.0,11330180.0,13.338929176330566,2364688.0,1190,0.0013697163766266882,109.18660506881585,12.0,4.79140588525641,4.79140588525641,screening metric for punctate-to-diffuse reporter redistribution; not rupture proof
J11,J,11,PLD3_TMEM106B_mCherry_primary,site0,32,"260312_Day32_WellJ11_Channel405nm Binned,561 nm,488nm Binned_Seq0118.nd2",561nm Binned,488nm Binned,6,whole_field_foreground,stable_channel,912357,14983347.0,12346899.0,13.843878746032715,2636448.0,1233,0.0013514446647514607,114.96970090842885,13.0,4.683156656226604,4.683156656226604,screening metric for punctate-to-diffuse reporter redistribution; not rupture proof
J11,J,11,PLD3_TMEM106B_mCherry_primary,site0,36,"260316_Day36_WellJ11_Channel405nm Binned,561nm Binned,488nm Binned_Seq0118.nd2",561nm Binned,488nm Binned,7,whole_field_foreground,stable_channel,1084561,17029504.0,13846604.0,13.064867973327637,3182900.0,1382,0.0012742482903209,112.74447322133308,13.0,4.3503107229242675,4.3503107229242675,screening metric for punctate-to-diffuse reporter redistribution; not rupture proof
J11,J,11,PLD3_TMEM106B_mCherry_primary,site0,39,"260319_Day39_WellJ11_Channel405nm Binned,561nm Binned,488nm Binned_Seq0118.nd2",561nm Binned,488nm Binned,8,whole_field_foreground,stable_channel,938517,20284610.0,17140736.0,18.6830997467041,3143874.0,1193,0.0012711543850550697,132.5612517306511,14.0,5.45210654116372,5.45210654116372,screening metric for punctate-to-diffuse reporter redistribution; not rupture proof
J12,J,12,PLD3_TMEM106B_mCherry_primary,site0,8,"260216_Day8_iNeurons_WellJ12_Channel405nm Binned,561nm Binned,488nm Binned_Seq0119.nd2",561nm Binned,488nm Binned,0,whole_field_foreground,stable_channel,853882,17865240.0,13424434.0,16.103336334228516,4440806.0,911,0.0010668921466888085,200.0476476122859,19.0,3.022972406359786,3.022972406359786,screening metric for punctate-to-diffuse reporter redistribution; not rupture proof
J12,J,12,PLD3_TMEM106B_mCherry_primary,site0,12,"260220_Day12_WellJ12_Channel405nm Binned,561nm Binned,488nm Binned_Seq0119.nd2",561nm Binned,488nm Binned,1,whole_field_foreground,stable_channel,762861,14941919.0,12234082.0,16.418699264526367,2707837.0,821,0.0010762117869427376,133.05061278070224,16.0,4.518027488358968,4.518027488358968,screening metric for punctate-to-diffuse reporter redistribution; not rupture proof
J12,J,12,PLD3_TMEM106B_mCherry_primary,site0,16,"260224_day16_WellJ12_Channel405nm Binned,561nm Binned,488nm Binned_Seq0119.nd2",561nm Binned,488nm Binned,2,whole_field_foreground,stable_channel,796402,16937448.0,13979255.0,17.97092056274414,2958192.0,839,0.001053488062560047,145.83533164968935,17.0,4.725607736075034,4.725607736075034,screening metric for punctate-to-diffuse reporter redistribution; not rupture proof
J12,J,12,PLD3_TMEM106B_mCherry_primary,site0,20,"260228_day20_WellJ12_Channel405nm Binned,561nm Binned,488nm Binned_Seq0119.nd2",561nm Binned,488nm Binned,3,whole_field_foreground,stable_channel,759425,15334148.0,12868988.0,17.33839225769043,2465160.0,898,0.0011824735819848141,130.67370115250415,15.0,5.220345941032136,5.220345941032136,screening metric for punctate-to-diffuse reporter redistribution; not rupture proof
J12,J,12,PLD3_TMEM106B_mCherry_primary,site0,25,"260305_day25_iNeurons_WellJ12_Channel405nm Binned,561nm Binned,488nm Binned_Seq0119.nd2",561nm Binned,488nm Binned,4,whole_field_foreground,stable_channel,675688,8141583.0,6863314.0,10.388965606689453,1278269.0,908,0.0013438154888034954,74.30551768819666,13.0,5.369225100502813,5.369225100502813,screening metric for punctate-to-diffuse reporter redistribution; not rupture proof
J12,J,12,PLD3_TMEM106B_mCherry_primary,site0,29,"260309_Day29_WellJ12_Channel405nm Binned,561nm Binned,488nm Binned_Seq0119.nd2",561nm Binned,488nm Binned,5,whole_field_foreground,stable_channel,930144,14636037.0,12222115.0,13.440244674682617,2413922.0,1250,0.0013438779371781747,103.62104444274902,12.0,5.063177269188871,5.063177269188871,screening metric for punctate-to-diffuse reporter redistribution; not rupture proof
J12,J,12,PLD3_TMEM106B_mCherry_primary,site0,32,"260312_Day32_WellJ12_Channel405nm Binned,561 nm,488nm Binned_Seq0119.nd2",561nm Binned,488nm Binned,6,whole_field_foreground,stable_channel,1030025,16085236.0,13267286.0,13.177586555480957,2817950.0,1381,0.0013407441566939242,107.41705328342623,13.0,4.708133927143949,4.708133927143949,screening metric for punctate-to-diffuse reporter redistribution; not rupture proof
J12,J,12,PLD3_TMEM106B_mCherry_primary,site0,36,"260316_Day36_WellJ12_Channel405nm Binned,561nm Binned,488nm Binned_Seq0119.nd2",561nm Binned,488nm Binned,7,whole_field_foreground,stable_channel,1138069,17924968.0,14604696.0,13.131321907043457,3320273.0,1477,0.001297812347053388,110.24394517148275,13.0,4.3986431236213415,4.3986431236213415,screening metric for punctate-to-diffuse reporter redistribution; not rupture proof
J12,J,12,PLD3_TMEM106B_mCherry_primary,site0,39,"260319_Day39_WellJ12_Channel405nm Binned,561nm Binned,488nm Binned_Seq0119.nd2",561nm Binned,488nm Binned,8,whole_field_foreground,stable_channel,1014435,19718152.0,16734574.0,16.875995635986328,2983579.0,1302,0.0012834730662868656,113.44377217973981,13.0,5.608892541472638,5.608892541472638,screening metric for punctate-to-diffuse reporter redistribution; not rupture proof
J13,J,13,PLD3_TMEM106B_mCherry_primary,site0,8,"260216_Day8_iNeurons_WellJ13_Channel405nm Binned,561nm Binned,488nm Binned_Seq0120.nd2",561nm Binned,488nm Binned,0,whole_field_foreground,stable_channel,803282,16687173.0,12519294.0,15.965229034423828,4167879.0,891,0.0011091995090128882,198.5724527121393,18.0,3.003756586982731,3.003756586982731,screening metric for punctate-to-diffuse reporter redistribution; not rupture proof
J13,J,13,PLD3_TMEM106B_mCherry_primary,site0,12,"260220_Day12_WellJ13_Channel405nm Binned,561nm Binned,488nm Binned_Seq0120.nd2",561nm Binned,488nm Binned,1,whole_field_foreground,stable_channel,738534,13462135.0,11065888.0,15.337187767028809,2396247.0,797,0.0010791649402721076,121.57666825470392,16.0,4.618008076794831,4.618008076794831,screening metric for punctate-to-diffuse reporter redistribution; not rupture proof
J13,J,13,PLD3_TMEM106B_mCherry_primary,site0,16,"260224_day16_WellJ13_Channel405nm Binned,561nm Binned,488nm Binned_Seq0120.nd2",561nm Binned,488nm Binned,2,whole_field_foreground,stable_channel,755975,15917086.0,13043037.0,17.665664672851562,2874049.0,811,0.0010727867985038226,148.7519454485685,17.0,4.538209682575163,4.538209682575163,screening metric for punctate-to-diffuse reporter redistribution; not rupture proof
J13,J,13,PLD3_TMEM106B_mCherry_primary,site0,20,"260228_day20_WellJ13_Channel405nm Binned,561nm Binned,488nm Binned_Seq0120.nd2",561nm Binned,488nm Binned,3,whole_field_foreground,stable_channel,790685,15268563.0,12738211.0,16.485837936401367,2530352.0,931,0.0011774600504610845,127.67372265743006,14.0,5.03416560225414,5.03416560225414,screening metric for punctate-to-diffuse reporter redistribution; not rupture proof
J13,J,13,PLD3_TMEM106B_mCherry_primary,site0,25,"260305_day25_iNeurons_WellJ13_Channel405nm Binned,561nm Binned,488nm Binned_Seq0120.nd2",561nm Binned,488nm Binned,4,whole_field_foreground,stable_channel,571455,8014824.0,6832997.0,12.223564147949219,1181827.0,784,0.0013719365479322573,83.48635469164167,12.0,5.781723551750145,5.781723551750145,screening metric for punctate-to-diffuse reporter redistribution; not rupture proof
J13,J,13,PLD3_TMEM106B_mCherry_primary,site0,29,"260309_Day29_WellJ13_Channel405nm Binned,561nm Binned,488nm Binned_Seq0120.nd2",561nm Binned,488nm Binned,5,whole_field_foreground,stable_channel,787737,14616990.0,12363023.0,16.044517517089844,2253967.0,1118,0.0014192554113855015,117.61373941288439,12.0,5.4850062134869395,5.4850062134869395,screening metric for punctate-to-diffuse reporter redistribution; not rupture proof
J13,J,13,PLD3_TMEM106B_mCherry_primary,site0,32,"260312_Day32_WellJ13_Channel405nm Binned,561 nm,488nm Binned_Seq0120.nd2",561nm Binned,488nm Binned,6,whole_field_foreground,stable_channel,1016034,15891425.0,12977443.0,13.068596839904785,2913982.0,1324,0.0013031059984200302,110.30763111805987,13.0,4.453508292088128,4.453508292088128,screening metric for punctate-to-diffuse reporter redistribution; not rupture proof
J13,J,13,PLD3_TMEM106B_mCherry_primary,site0,36,"260316_Day36_WellJ13_Channel405nm Binned,561nm Binned,488nm Binned_Seq0120.nd2",561nm Binned,488nm Binned,7,whole_field_foreground,stable_channel,1130606,18709414.0,15203964.0,13.760987281799316,3505450.0,1347,0.0011913964723332519,117.48054617957531,14.0,4.337236018198994,4.337236018198994,screening metric for punctate-to-diffuse reporter redistribution; not rupture proof
J13,J,13,PLD3_TMEM106B_mCherry_primary,site0,39,"260319_Day39_WellJ13_Channel405nm Binned,561nm Binned,488nm Binned_Seq0120.nd2",561nm Binned,488nm Binned,8,whole_field_foreground,stable_channel,1038497,18662844.0,15414290.0,15.189545631408691,3248554.0,1278,0.0012306246431128538,115.33843941307963,13.0,4.744969608014906,4.744969608014906,screening metric for punctate-to-diffuse reporter redistribution; not rupture proof
J14,J,14,PLD3_TMEM106B_mCherry_primary,site0,8,"260216_Day8_iNeurons_WellJ14_Channel405nm Binned,561nm Binned,488nm Binned_Seq0121.nd2",561nm Binned,488nm Binned,0,whole_field_foreground,stable_channel,860862,18550332.0,14020371.0,16.68527603149414,4529961.0,906,0.0010524334910809719,200.40311755249832,20.0,3.095031281725583,3.095031281725583,screening metric for punctate-to-diffuse reporter redistribution; not rupture proof
J14,J,14,PLD3_TMEM106B_mCherry_primary,site0,12,"260220_Day12_WellJ14_Channel405nm Binned,561nm Binned,488nm Binned_Seq0121.nd2",561nm Binned,488nm Binned,1,whole_field_foreground,stable_channel,812221,15687009.0,12814356.0,16.153125762939453,2872653.0,857,0.0010551315467082786,132.99881008597768,17.0,4.460808875974767,4.460808875974767,screening metric for punctate-to-diffuse reporter redistribution; not rupture proof
J14,J,14,PLD3_TMEM106B_mCherry_primary,site0,16,"260224_day16_WellJ14_Channel405nm Binned,561nm Binned,488nm Binned_Seq0121.nd2",561nm Binned,488nm Binned,2,whole_field_foreground,stable_channel,928839,19119066.0,15646307.0,17.250709533691406,3472759.0,932,0.0010034031732076244,141.32019278726864,18.0,4.505439911031976,4.505439911031976,screening metric for punctate-to-diffuse reporter redistribution; not rupture proof
J14,J,14,PLD3_TMEM106B_mCherry_primary,site0,20,"260228_day20_WellJ14_Channel405nm Binned,561nm Binned,488nm Binned_Seq0121.nd2",561nm Binned,488nm Binned,3,whole_field_foreground,stable_channel,947211,18354928.0,15308098.0,16.542213439941406,3046831.0,1036,0.0010937372982354578,126.0502751987413,15.0,5.0242688222599075,5.0242688222599075,screening metric for punctate-to-diffuse reporter redistribution; not rupture proof
J14,J,14,PLD3_TMEM106B_mCherry_primary,site0,25,"260305_day25_iNeurons_WellJ14_Channel405nm Binned,561nm Binned,488nm Binned_Seq0121.nd2",561nm Binned,488nm Binned,4,whole_field_foreground,stable_channel,775021,8720246.0,7240126.0,9.558287620544434,1480120.0,1024,0.0013212545208435367,73.71987346187234,12.0,4.891580412395689,4.891580412395689,screening metric for punctate-to-diffuse reporter redistribution; not rupture proof
J14,J,14,PLD3_TMEM106B_mCherry_primary,site0,29,"260309_Day29_WellJ14_Channel405nm Binned,561nm Binned,488nm Binned_Seq0121.nd2",561nm Binned,488nm Binned,5,whole_field_foreground,stable_channel,988585,15380475.0,12784101.0,13.229279518127441,2596374.0,1345,0.0013605304551441095,104.4472501166248,13.0,4.923828770429482,4.923828770429482,screening metric for punctate-to-diffuse reporter redistribution; not rupture proof
J14,J,14,PLD3_TMEM106B_mCherry_primary,site0,32,"260312_Day32_WellJ14_Channel405nm Binned,561 nm,488nm Binned_Seq0121.nd2",561nm Binned,488nm Binned,6,whole_field_foreground,stable_channel,1197638,16649115.0,13364181.0,11.419594764709473,3284934.0,1574,0.0013142535557478018,104.68791423152938,13.0,4.068325573663255,4.068325573663255,screening metric for punctate-to-diffuse reporter redistribution; not rupture proof
J14,J,14,PLD3_TMEM106B_mCherry_primary,site0,36,"260316_Day36_WellJ14_Channel405nm Binned,561nm Binned,488nm Binned_Seq0121.nd2",561nm Binned,488nm Binned,7,whole_field_foreground,stable_channel,1218157,19384556.0,15828331.0,13.296592712402344,3556226.0,1533,0.0012584584745634114,111.08327159645195,13.0,4.450878824910326,4.450878824910326,screening metric for punctate-to-diffuse reporter redistribution; not rupture proof
J14,J,14,PLD3_TMEM106B_mCherry_primary,site0,39,"260319_Day39_WellJ14_Channel405nm Binned,561nm Binned,488nm Binned_Seq0121.nd2",561nm Binned,488nm Binned,8,whole_field_foreground,stable_channel,1175450,21012784.0,17446244.0,15.187088966369629,3566541.0,1467,0.001248032668338723,115.70330852672366,13.0,4.8916426307716945,4.8916426307716945,screening metric for punctate-to-diffuse reporter redistribution; not rupture proof
J15,J,15,PLD3_TMEM106B_mCherry_primary,site0,8,"260216_Day8_iNeurons_WellJ15_Channel405nm Binned,561nm Binned,488nm Binned_Seq0122.nd2",561nm Binned,488nm Binned,0,whole_field_foreground,stable_channel,798993,16255700.0,12327691.0,15.805684089660645,3928009.0,871,0.001090122191306945,188.88600361908345,19.0,3.1384070148507455,3.1384070148507455,screening metric for punctate-to-diffuse reporter redistribution; not rupture proof
J15,J,15,PLD3_TMEM106B_mCherry_primary,site0,12,"260220_Day12_WellJ15_Channel405nm Binned,561nm Binned,488nm Binned_Seq0122.nd2",561nm Binned,488nm Binned,1,whole_field_foreground,stable_channel,729931,14306532.0,11679615.0,16.381221771240234,2626917.0,775,0.0010617441922578137,133.54880080684538,16.0,4.44613019748837,4.44613019748837,screening metric for punctate-to-diffuse reporter redistribution; not rupture proof
J15,J,15,PLD3_TMEM106B_mCherry_primary,site0,16,"260224_day16_WellJ15_Channel405nm Binned,561nm Binned,488nm Binned_Seq0122.nd2",561nm Binned,488nm Binned,2,whole_field_foreground,stable_channel,740128,16037213.0,13250731.0,18.32988739013672,2786482.0,759,0.0010254982921859117,145.33900738139397,17.0,4.7553621376327735,4.7553621376327735,screening metric for punctate-to-diffuse reporter redistribution; not rupture proof
J15,J,15,PLD3_TMEM106B_mCherry_primary,site0,20,"260228_day20_WellJ15_Channel405nm Binned,561nm Binned,488nm Binned_Seq0122.nd2",561nm Binned,488nm Binned,3,whole_field_foreground,stable_channel,767083,15314117.0,12760979.0,17.024490356445312,2553138.0,853,0.0011120048286807139,132.35528795213241,15.0,4.998154819674848,4.998154819674848,screening metric for punctate-to-diffuse reporter redistribution; not rupture proof
J15,J,15,PLD3_TMEM106B_mCherry_primary,site0,25,"260305_day25_iNeurons_WellJ15_Channel405nm Binned,561nm Binned,488nm Binned_Seq0122.nd2",561nm Binned,488nm Binned,4,whole_field_foreground,stable_channel,610774,7623057.0,6446005.0,10.790099143981934,1177052.0,831,0.001360568720997684,76.99513665576848,12.0,5.476397814195569,5.476397814195569,screening metric for punctate-to-diffuse reporter redistribution; not rupture proof
J15,J,15,PLD3_TMEM106B_mCherry_primary,site0,29,"260309_Day29_WellJ15_Channel405nm Binned,561nm Binned,488nm Binned_Seq0122.nd2",561nm Binned,488nm Binned,5,whole_field_foreground,stable_channel,803950,13315543.0,11120011.0,14.143637657165527,2195532.0,1162,0.0014453635176298956,111.2859934709979,12.0,5.0648366773952445,5.0648366773952445,screening metric for punctate-to-diffuse reporter redistribution; not rupture proof
J15,J,15,PLD3_TMEM106B_mCherry_primary,site0,32,"260312_Day32_WellJ15_Channel405nm Binned,561 nm,488nm Binned_Seq0122.nd2",561nm Binned,488nm Binned,6,whole_field_foreground,stable_channel,989267,15292235.0,12519267.0,12.95019817352295,2772968.0,1312,0.0013262344746147136,107.85828899755711,13.0,4.5147535059890656,4.5147535059890656,screening metric for punctate-to-diffuse reporter redistribution; not rupture proof
J15,J,15,PLD3_TMEM106B_mCherry_primary,site0,36,"260316_Day36_WellJ15_Channel405nm Binned,561nm Binned,488nm Binned_Seq0122.nd2",561nm Binned,488nm Binned,7,whole_field_foreground,stable_channel,997164,17269276.0,14276232.0,14.648118019104004,2993043.0,1315,0.0013187399464869181,116.9680856363855,13.0,4.7698051782066715,4.7698051782066715,screening metric for punctate-to-diffuse reporter redistribution; not rupture proof
J15,J,15,PLD3_TMEM106B_mCherry_primary,site0,39,"260319_Day39_WellJ15_Channel405nm Binned,561nm Binned,488nm Binned_Seq0122.nd2",561nm Binned,488nm Binned,8,whole_field_foreground,stable_channel,954832,18980612.0,15992958.0,17.13228988647461,2987654.0,1194,0.0012504817601407888,123.07708239595296,13.0,5.353015442884165,5.353015442884165,screening metric for punctate-to-diffuse reporter redistribution; not rupture proof
J17,J,17,PLD3_TMEM106B_mCherry_primary,site0,8,"260216_Day8_iNeurons_WellJ17_Channel405nm Binned,561nm Binned,488nm Binned_Seq0124.nd2",561nm Binned,488nm Binned,0,whole_field_foreground,stable_channel,751874,15665117.0,11815037.0,16.09660530090332,3850080.0,814,0.001082628206320364,194.43712587848634,19.0,3.0687770124249187,3.0687770124249187,screening metric for punctate-to-diffuse reporter redistribution; not rupture proof
J17,J,17,PLD3_TMEM106B_mCherry_primary,site0,12,"260220_Day12_WellJ17_Channel405nm Binned,561nm Binned,488nm Binned_Seq0124.nd2",561nm Binned,488nm Binned,1,whole_field_foreground,stable_channel,675867,13082408.0,10724174.0,16.2442684173584,2358234.0,703,0.001040145472406494,132.01319191771245,17.0,4.547544476076358,4.547544476076358,screening metric for punctate-to-diffuse reporter redistribution; not rupture proof
J17,J,17,PLD3_TMEM106B_mCherry_primary,site0,16,"260224_day16_WellJ17_Channel405nm Binned,561nm Binned,488nm Binned_Seq0124.nd2",561nm Binned,488nm Binned,2,whole_field_foreground,stable_channel,723605,14658238.0,12000811.0,16.983713150024414,2657427.0,740,0.001022657389043715,139.64069519042968,18.0,4.515951331869317,4.515951331869317,screening metric for punctate-to-diffuse reporter redistribution; not rupture proof
J17,J,17,PLD3_TMEM106B_mCherry_primary,site0,20,"260228_day20_WellJ17_Channel405nm Binned,561nm Binned,488nm Binned_Seq0124.nd2",561nm Binned,488nm Binned,3,whole_field_foreground,stable_channel,714165,13795115.0,11510771.0,16.496156692504883,2284344.0,798,0.001117388838712178,126.33168385919174,15.0,5.038983182915954,5.038983182915954,screening metric for punctate-to-diffuse reporter redistribution; not rupture proof
J17,J,17,PLD3_TMEM106B_mCherry_primary,site0,25,"260305_day25_iNeurons_WellJ17_Channel405nm Binned,561nm Binned,488nm Binned_Seq0124.nd2",561nm Binned,488nm Binned,4,whole_field_foreground,stable_channel,561262,6899086.0,5827274.0,10.620901107788086,1071812.0,752,0.0013398377228436276,74.23146107856263,12.0,5.43684340163626,5.43684340163626,screening metric for punctate-to-diffuse reporter redistribution; not rupture proof
J17,J,17,PLD3_TMEM106B_mCherry_primary,site0,29,"260309_Day29_WellJ17_Channel405nm Binned,561nm Binned,488nm Binned_Seq0124.nd2",561nm Binned,488nm Binned,5,whole_field_foreground,stable_channel,783470,11825912.0,9784347.0,12.77389907836914,2041565.0,1036,0.0013223224884152268,101.70473749389059,13.0,4.792571875005306,4.792571875005306,screening metric for punctate-to-diffuse reporter redistribution; not rupture proof
J17,J,17,PLD3_TMEM106B_mCherry_primary,site0,32,"260312_Day32_WellJ17_Channel405nm Binned,561 nm,488nm Binned_Seq0124.nd2",561nm Binned,488nm Binned,6,whole_field_foreground,stable_channel,917987,13306932.0,10923475.0,12.173918724060059,2383457.0,1226,0.001335530895316235,100.3883148803213,12.0,4.583038418564051,4.583038418564051,screening metric for punctate-to-diffuse reporter redistribution; not rupture proof
J17,J,17,PLD3_TMEM106B_mCherry_primary,site0,36,"260316_Day36_WellJ17_Channel405nm Binned,561nm Binned,488nm Binned_Seq0124.nd2",561nm Binned,488nm Binned,7,whole_field_foreground,stable_channel,920087,15608229.0,12857634.0,14.297745704650879,2750595.0,1193,0.0012966165156107013,115.30742865895785,13.0,4.674491882663688,4.674491882663688,screening metric for punctate-to-diffuse reporter redistribution; not rupture proof
J17,J,17,PLD3_TMEM106B_mCherry_primary,site0,39,"260319_Day39_WellJ17_Channel405nm Binned,561nm Binned,488nm Binned_Seq0124.nd2",561nm Binned,488nm Binned,8,whole_field_foreground,stable_channel,972280,16264662.0,13299491.0,13.999567031860352,2965171.0,1210,0.001244497469863368,112.40540856290454,13.0,4.485235758745622,4.485235758745622,screening metric for punctate-to-diffuse reporter redistribution; not rupture proof
J16,J,16,PLD3_TMEM106B_mCherry_primary,site0,8,"260216_Day8_iNeurons_WellJ16_Channel405nm Binned,561nm Binned,488nm Binned_Seq0123.nd2",561nm Binned,488nm Binned,0,whole_field_foreground,stable_channel,860967,18184202.0,13675879.0,16.273176193237305,4508323.0,906,0.0010523051406139232,199.12228733761685,20.0,3.0334736441903045,3.0334736441903045,screening metric for punctate-to-diffuse reporter redistribution; not rupture proof
J16,J,16,PLD3_TMEM106B_mCherry_primary,site0,12,"260220_Day12_WellJ16_Channel405nm Binned,561nm Binned,488nm Binned_Seq0123.nd2",561nm Binned,488nm Binned,1,whole_field_foreground,stable_channel,767050,15097050.0,12376287.0,16.520153045654297,2720763.0,843,0.0010990157095351033,133.2493848744095,16.0,4.54882950113459,4.54882950113459,screening metric for punctate-to-diffuse reporter redistribution; not rupture proof
J16,J,16,PLD3_TMEM106B_mCherry_primary,site0,16,"260224_day16_WellJ16_Channel405nm Binned,561nm Binned,488nm Binned_Seq0123.nd2",561nm Binned,488nm Binned,2,whole_field_foreground,stable_channel,817960,17603396.0,14374167.0,17.993867874145508,3229228.0,842,0.0010293901902280926,152.21983524965844,18.0,4.451270396514445,4.451270396514445,screening metric for punctate-to-diffuse reporter redistribution; not rupture proof
J16,J,16,PLD3_TMEM106B_mCherry_primary,site0,20,"260228_day20_WellJ16_Channel405nm Binned,561nm Binned,488nm Binned_Seq0123.nd2",561nm Binned,488nm Binned,3,whole_field_foreground,stable_channel,857795,16920998.0,13920393.0,16.613231658935547,3000605.0,987,0.0011506245664743317,136.47426146842548,14.0,4.639195428920289,4.639195428920289,screening metric for punctate-to-diffuse reporter redistribution; not rupture proof
J16,J,16,PLD3_TMEM106B_mCherry_primary,site0,25,"260305_day25_iNeurons_WellJ16_Channel405nm Binned,561nm Binned,488nm Binned_Seq0123.nd2",561nm Binned,488nm Binned,4,whole_field_foreground,stable_channel,690770,8392555.0,7021822.0,10.400357246398926,1370733.0,926,0.001340533028357716,76.67973533613893,12.0,5.122676699251333,5.122676699251333,screening metric for punctate-to-diffuse reporter redistribution; not rupture proof
J16,J,16,PLD3_TMEM106B_mCherry_primary,site0,29,"260309_Day29_WellJ16_Channel405nm Binned,561nm Binned,488nm Binned_Seq0123.nd2",561nm Binned,488nm Binned,5,whole_field_foreground,stable_channel,891375,14788433.0,12169679.0,13.966208457946777,2618754.0,1236,0.0013866217921734549,115.33066844014289,12.0,4.647125694126044,4.647125694126044,screening metric for punctate-to-diffuse reporter redistribution; not rupture proof
J16,J,16,PLD3_TMEM106B_mCherry_primary,site0,32,"260312_Day32_WellJ16_Channel405nm Binned,561 nm,488nm Binned_Seq0123.nd2",561nm Binned,488nm Binned,6,whole_field_foreground,stable_channel,1081286,16598255.0,13383978.0,12.667012214660645,3214277.0,1391,0.0012864311569730058,112.31433614734948,13.0,4.1639155555031,4.1639155555031,screening metric for punctate-to-diffuse reporter redistribution; not rupture proof
J16,J,16,PLD3_TMEM106B_mCherry_primary,site0,36,"260316_Day36_WellJ16_Channel405nm Binned,561nm Binned,488nm Binned_Seq0123.nd2",561nm Binned,488nm Binned,7,whole_field_foreground,stable_channel,1124875,19593516.0,15884955.0,14.450063705444336,3708562.0,1386,0.0012321369040993603,122.93756278287108,13.0,4.283319248807413,4.283319248807413,screening metric for punctate-to-diffuse reporter redistribution; not rupture proof
J16,J,16,PLD3_TMEM106B_mCherry_primary,site0,39,"260319_Day39_WellJ16_Channel405nm Binned,561nm Binned,488nm Binned_Seq0123.nd2",561nm Binned,488nm Binned,8,whole_field_foreground,stable_channel,1171484,19443390.0,15814049.0,13.814871788024902,3629341.0,1400,0.0011950654042213167,115.04044787815639,14.0,4.357278359899399,4.357278359899399,screening metric for punctate-to-diffuse reporter redistribution; not rupture proof
J18,J,18,PLD3_TMEM106B_mCherry_primary,site0,8,"260216_Day8_iNeurons_WellJ18_Channel405nm Binned,561nm Binned,488nm Binned_Seq0125.nd2",561nm Binned,488nm Binned,0,whole_field_foreground,stable_channel,753558,15961725.0,12058593.0,16.3940486907959,3903132.0,813,0.0010788817848114162,197.99386025178916,19.0,3.089465844351898,3.089465844351898,screening metric for punctate-to-diffuse reporter redistribution; not rupture proof
J18,J,18,PLD3_TMEM106B_mCherry_primary,site0,12,"260220_Day12_WellJ18_Channel405nm Binned,561nm Binned,488nm Binned_Seq0125.nd2",561nm Binned,488nm Binned,1,whole_field_foreground,stable_channel,696569,13158179.0,10729038.0,15.770297050476074,2429141.0,770,0.0011054181279943475,131.12193543074966,16.0,4.416803306187489,4.416803306187489,screening metric for punctate-to-diffuse reporter redistribution; not rupture proof
J18,J,18,PLD3_TMEM106B_mCherry_primary,site0,16,"260224_day16_WellJ18_Channel405nm Binned,561nm Binned,488nm Binned_Seq0125.nd2",561nm Binned,488nm Binned,2,whole_field_foreground,stable_channel,706605,15500753.0,12812308.0,18.564876556396484,2688445.0,760,0.0010755655564267511,148.3157018259952,16.0,4.7656946673617036,4.7656946673617036,screening metric for punctate-to-diffuse reporter redistribution; not rupture proof
J18,J,18,PLD3_TMEM106B_mCherry_primary,site0,20,"260228_day20_WellJ18_Channel405nm Binned,561nm Binned,488nm Binned_Seq0125.nd2",561nm Binned,488nm Binned,3,whole_field_foreground,stable_channel,716503,14231595.0,11888569.0,16.979280471801758,2343026.0,849,0.001184921765852781,131.27147141671153,14.0,5.074023506352438,5.074023506352438,screening metric for punctate-to-diffuse reporter redistribution; not rupture proof
J18,J,18,PLD3_TMEM106B_mCherry_primary,site0,25,"260305_day25_iNeurons_WellJ18_Channel405nm Binned,561nm Binned,488nm Binned_Seq0125.nd2",561nm Binned,488nm Binned,4,whole_field_foreground,stable_channel,553684,7770045.0,6647637.0,12.269925117492676,1122408.0,752,0.0013581754213570227,82.7140906110723,11.0,5.922656467161743,5.922656467161743,screening metric for punctate-to-diffuse reporter redistribution; not rupture proof
J18,J,18,PLD3_TMEM106B_mCherry_primary,site0,29,"260309_Day29_WellJ18_Channel405nm Binned,561nm Binned,488nm Binned_Seq0125.nd2",561nm Binned,488nm Binned,5,whole_field_foreground,stable_channel,770784,13730127.0,11502329.0,15.25851821899414,2227798.0,1090,0.001414144559304015,117.23586205298747,12.0,5.163093332517058,5.163093332517058,screening metric for punctate-to-diffuse reporter redistribution; not rupture proof
J18,J,18,PLD3_TMEM106B_mCherry_primary,site0,32,"260312_Day32_WellJ18_Channel405nm Binned,561 nm,488nm Binned_Seq0125.nd2",561nm Binned,488nm Binned,6,whole_field_foreground,stable_channel,917102,14396546.0,11772198.0,13.132867813110352,2624348.0,1248,0.001360808285227422,111.69718888784067,13.0,4.48576103473911,4.48576103473911,screening metric for punctate-to-diffuse reporter redistribution; not rupture proof
J18,J,18,PLD3_TMEM106B_mCherry_primary,site0,36,"260316_Day36_WellJ18_Channel405nm Binned,561nm Binned,488nm Binned_Seq0125.nd2",561nm Binned,488nm Binned,7,whole_field_foreground,stable_channel,948663,16469669.0,13607798.0,14.673837661743164,2861871.0,1252,0.0013197521142899852,118.58840885406104,13.0,4.754860718737933,4.754860718737933,screening metric for punctate-to-diffuse reporter redistribution; not rupture proof
J18,J,18,PLD3_TMEM106B_mCherry_primary,site0,39,"260319_Day39_WellJ18_Channel405nm Binned,561nm Binned,488nm Binned_Seq0125.nd2",561nm Binned,488nm Binned,8,whole_field_foreground,stable_channel,905076,16963740.0,14128773.0,15.974733352661133,2834968.0,1189,0.0013137018327728127,120.81622268574091,12.0,4.983750433865573,4.983750433865573,screening metric for punctate-to-diffuse reporter redistribution; not rupture proof
J19,J,19,PLD3_TMEM106B_mCherry_primary,site0,8,"260216_Day8_iNeurons_WellJ19_Channel405nm Binned,561nm Binned,488nm Binned_Seq0126.nd2",561nm Binned,488nm Binned,0,whole_field_foreground,stable_channel,841010,17457582.0,13305283.0,16.206783294677734,4152299.0,895,0.0010641966207285713,188.6503324199655,20.0,3.2043171746535584,3.2043171746535584,screening metric for punctate-to-diffuse reporter redistribution; not rupture proof
J19,J,19,PLD3_TMEM106B_mCherry_primary,site0,12,"260220_Day12_WellJ19_Channel405nm Binned,561nm Binned,488nm Binned_Seq0126.nd2",561nm Binned,488nm Binned,1,whole_field_foreground,stable_channel,733486,13209937.0,10805412.0,15.080910682678223,2404525.0,774,0.001055234864740356,122.09507269945564,16.0,4.493782347863094,4.493782347863094,screening metric for punctate-to-diffuse reporter redistribution; not rupture proof
J19,J,19,PLD3_TMEM106B_mCherry_primary,site0,16,"260224_day16_WellJ19_Channel405nm Binned,561nm Binned,488nm Binned_Seq0126.nd2",561nm Binned,488nm Binned,2,whole_field_foreground,stable_channel,787319,16312063.0,13426345.0,17.461416244506836,2885718.0,818,0.0010389689566731668,139.722836249615,17.0,4.652687823271487,4.652687823271487,screening metric for punctate-to-diffuse reporter redistribution; not rupture proof
J19,J,19,PLD3_TMEM106B_mCherry_primary,site0,20,"260228_day20_WellJ19_Channel405nm Binned,561nm Binned,488nm Binned_Seq0126.nd2",561nm Binned,488nm Binned,3,whole_field_foreground,stable_channel,772109,14759739.0,12317027.0,16.325576782226562,2442712.0,878,0.0011371451440131677,124.59254189667234,14.0,5.042357428953949,5.042357428953949,screening metric for punctate-to-diffuse reporter redistribution; not rupture proof
J19,J,19,PLD3_TMEM106B_mCherry_primary,site0,25,"260305_day25_iNeurons_WellJ19_Channel405nm Binned,561nm Binned,488nm Binned_Seq0126.nd2",561nm Binned,488nm Binned,4,whole_field_foreground,stable_channel,658122,7356877.0,6140814.0,9.54606819152832,1216063.0,830,0.0012611643433873033,71.52239299452448,13.0,5.049749889598607,5.049749889598607,screening metric for punctate-to-diffuse reporter redistribution; not rupture proof
J19,J,19,PLD3_TMEM106B_mCherry_primary,site0,29,"260309_Day29_WellJ19_Channel405nm Binned,561nm Binned,488nm Binned_Seq0126.nd2",561nm Binned,488nm Binned,5,whole_field_foreground,stable_channel,870517,12991872.0,10705224.0,12.579581260681152,2286648.0,1173,0.0013474751211046453,104.63559457530145,13.0,4.681623056979176,4.681623056979176,screening metric for punctate-to-diffuse reporter redistribution; not rupture proof
J19,J,19,PLD3_TMEM106B_mCherry_primary,site0,32,"260312_Day32_WellJ19_Channel405nm Binned,561 nm,488nm Binned_Seq0126.nd2",561nm Binned,488nm Binned,6,whole_field_foreground,stable_channel,896557,14551405.0,12066345.0,13.768975257873535,2485060.0,1264,0.0014098378574910354,109.73017344293716,12.0,4.855554795455702,4.855554795455702,screening metric for punctate-to-diffuse reporter redistribution; not rupture proof
J19,J,19,PLD3_TMEM106B_mCherry_primary,site0,36,"260316_Day36_WellJ19_Channel405nm Binned,561nm Binned,488nm Binned_Seq0126.nd2",561nm Binned,488nm Binned,7,whole_field_foreground,stable_channel,1027202,18413188.0,15421993.0,15.356711387634277,2991196.0,1346,0.0013103557041348145,115.30051378474016,13.0,5.155794872684654,5.155794872684654,screening metric for punctate-to-diffuse reporter redistribution; not rupture proof
J19,J,19,PLD3_TMEM106B_mCherry_primary,site0,39,"260319_Day39_WellJ19_Channel405nm Binned,561nm Binned,488nm Binned_Seq0126.nd2",561nm Binned,488nm Binned,8,whole_field_foreground,stable_channel,1040629,17759282.0,14747207.0,14.500980377197266,3012075.0,1305,0.0012540492336834221,109.80203296763686,13.0,4.896029149338946,4.896029149338946,screening metric for punctate-to-diffuse reporter redistribution; not rupture proof
J20,J,20,PLD3_TMEM106B_mCherry_primary,site0,8,"260216_Day8_iNeurons_WellJ20_Channel405nm Binned,561nm Binned,488nm Binned_Seq0127.nd2",561nm Binned,488nm Binned,0,whole_field_foreground,stable_channel,619629,12320696.0,9281568.0,15.34775161743164,3039128.0,635,0.0010248067795390068,183.9875004445474,20.0,3.0540233909190224,3.0540233909190224,screening metric for punctate-to-diffuse reporter redistribution; not rupture proof
J20,J,20,PLD3_TMEM106B_mCherry_primary,site0,12,"260220_Day12_WellJ20_Channel405nm Binned,561nm Binned,488nm Binned_Seq0127.nd2",561nm Binned,488nm Binned,1,whole_field_foreground,stable_channel,540156,9128935.0,7489658.0,14.197112083435059,1639277.0,566,0.0010478454372421155,112.31978006666203,17.0,4.568878841096063,4.568878841096063,screening metric for punctate-to-diffuse reporter redistribution; not rupture proof
J20,J,20,PLD3_TMEM106B_mCherry_primary,site0,16,"260224_day16_WellJ20_Channel405nm Binned,561nm Binned,488nm Binned_Seq0127.nd2",561nm Binned,488nm Binned,2,whole_field_foreground,stable_channel,561767,10835614.0,8877905.0,16.184667587280273,1957709.0,574,0.0010217759320126996,132.45281806972383,17.0,4.534844044745907,4.534844044745907,screening metric for punctate-to-diffuse reporter redistribution; not rupture proof
J20,J,20,PLD3_TMEM106B_mCherry_primary,site0,20,"260228_day20_WellJ20_Channel405nm Binned,561nm Binned,488nm Binned_Seq0127.nd2",561nm Binned,488nm Binned,3,whole_field_foreground,stable_channel,582532,10335985.0,8505260.0,14.947286605834961,1830725.0,628,0.0010780523645034469,120.72395034960121,15.0,4.645842494091332,4.645842494091332,screening metric for punctate-to-diffuse reporter redistribution; not rupture proof
J20,J,20,PLD3_TMEM106B_mCherry_primary,site0,25,"260305_day25_iNeurons_WellJ20_Channel405nm Binned,561nm Binned,488nm Binned_Seq0127.nd2",561nm Binned,488nm Binned,4,whole_field_foreground,stable_channel,402898,5000358.0,4260555.0,10.815512657165527,739803.0,555,0.0013775198685489192,71.98935170903937,12.0,5.759039906561937,5.759039906561937,screening metric for punctate-to-diffuse reporter redistribution; not rupture proof
J20,J,20,PLD3_TMEM106B_mCherry_primary,site0,29,"260309_Day29_WellJ20_Channel405nm Binned,561nm Binned,488nm Binned_Seq0127.nd2",561nm Binned,488nm Binned,5,whole_field_foreground,stable_channel,631156,9004685.0,7494097.0,12.143584251403809,1510588.0,856,0.0013562415630979405,95.68313725195199,12.0,4.961046294552213,4.961046294552213,screening metric for punctate-to-diffuse reporter redistribution; not rupture proof
J20,J,20,PLD3_TMEM106B_mCherry_primary,site0,32,"260312_Day32_WellJ20_Channel405nm Binned,561 nm,488nm Binned_Seq0127.nd2",561nm Binned,488nm Binned,6,whole_field_foreground,stable_channel,697936,10545041.0,8784237.0,12.874958992004395,1760804.0,939,0.0013453955663537266,100.34186895205951,13.0,4.988764791535577,4.988764791535577,screening metric for punctate-to-diffuse reporter redistribution; not rupture proof
J20,J,20,PLD3_TMEM106B_mCherry_primary,site0,36,"260316_Day36_WellJ20_Channel405nm Binned,561nm Binned,488nm Binned_Seq0127.nd2",561nm Binned,488nm Binned,7,whole_field_foreground,stable_channel,728939,12396306.0,10407346.0,14.602743148803711,1988960.0,919,0.0012607364950959399,107.17327118750106,13.0,5.232556713053438,5.232556713053438,screening metric for punctate-to-diffuse reporter redistribution; not rupture proof
J20,J,20,PLD3_TMEM106B_mCherry_primary,site0,39,"260319_Day39_WellJ20_Channel405nm Binned,561nm Binned,488nm Binned_Seq0127.nd2",561nm Binned,488nm Binned,8,whole_field_foreground,stable_channel,913200,13388454.0,10991330.0,12.320944786071777,2397124.0,1073,0.0011749890494949901,95.84906821770859,14.0,4.585215449845488,4.585215449845488,screening metric for punctate-to-diffuse reporter redistribution; not rupture proof
M05,M,05,PLD3_mCherry_reporter_control,site0,8,"260216_Day8_iNeurons_WellM05_Channel405nm Binned,561nm Binned,488nm Binned_Seq0160.nd2",561nm Binned,488nm Binned,0,whole_field_foreground,stable_channel,786540,18287988.0,13074204.0,17.02707290649414,5213783.0,865,0.0010997533501142984,255.65949198992956,18.0,2.507623351412495,2.507623351412495,screening metric for punctate-to-diffuse reporter redistribution; not rupture proof
M05,M,05,PLD3_mCherry_reporter_control,site0,12,"260220_Day12_WellM05_Channel405nm Binned,561nm Binned,488nm Binned_Seq0160.nd2",561nm Binned,488nm Binned,1,whole_field_foreground,stable_channel,694345,17565902.0,13327053.0,19.651927947998047,4238849.0,722,0.0010398289034974834,228.82742665679172,17.0,3.144026361872493,3.144026361872493,screening metric for punctate-to-diffuse reporter redistribution; not rupture proof
M05,M,05,PLD3_mCherry_reporter_control,site0,16,"260224_day16_WellM05_Channel405nm Binned,561nm Binned,488nm Binned_Seq0160.nd2",561nm Binned,488nm Binned,2,whole_field_foreground,stable_channel,695564,25188604.0,19059592.0,28.055919647216797,6129012.0,754,0.0010840123985699605,342.1234850086647,16.0,3.1097331837491735,3.1097331837491735,screening metric for punctate-to-diffuse reporter redistribution; not rupture proof
M05,M,05,PLD3_mCherry_reporter_control,site0,20,"260228_day20_WellM05_Channel405nm Binned,561nm Binned,488nm Binned_Seq0160.nd2",561nm Binned,488nm Binned,3,whole_field_foreground,stable_channel,716017,26482948.0,20542788.0,29.363954544067383,5940161.0,929,0.0012974552280165172,333.6283461588191,13.0,3.4582880834368868,3.4582880834368868,screening metric for punctate-to-diffuse reporter redistribution; not rupture proof
M05,M,05,PLD3_mCherry_reporter_control,site0,25,"260305_day25_iNeurons_WellM05_Channel405nm Binned,561nm Binned,488nm Binned_Seq0160.nd2",561nm Binned,488nm Binned,4,whole_field_foreground,stable_channel,521956,14603459.0,11675528.0,22.874488830566406,2927931.0,799,0.0015307803722889846,230.06458257644138,12.0,3.9876376868157117,3.9876376868157117,screening metric for punctate-to-diffuse reporter redistribution; not rupture proof
M05,M,05,PLD3_mCherry_reporter_control,site0,29,"260309_Day29_WellM05_Channel405nm Binned,561nm Binned,488nm Binned_Seq0160.nd2",561nm Binned,488nm Binned,5,whole_field_foreground,stable_channel,726338,26696166.0,20928020.0,29.46438217163086,5768146.0,1043,0.0014359705811874967,322.70307443971717,13.0,3.6282056660834123,3.6282056660834123,screening metric for punctate-to-diffuse reporter redistribution; not rupture proof
M05,M,05,PLD3_mCherry_reporter_control,site0,32,"260312_Day32_WellM05_Channel405nm Binned,561 nm,488nm Binned_Seq0160.nd2",561nm Binned,488nm Binned,6,whole_field_foreground,stable_channel,925613,30728588.0,23135532.0,25.584365844726562,7593057.0,1228,0.001326688367599281,313.5040110734076,14.0,3.0469324805538736,3.0469324805538736,screening metric for punctate-to-diffuse reporter redistribution; not rupture proof
M05,M,05,PLD3_mCherry_reporter_control,site0,36,"260316_Day36_WellM05_Channel405nm Binned,561nm Binned,488nm Binned_Seq0160.nd2",561nm Binned,488nm Binned,7,whole_field_foreground,stable_channel,888871,35833976.0,27822266.0,32.02876281738281,8011708.0,1231,0.0013849028711687243,353.69921173417987,13.0,3.472700952156085,3.472700952156085,screening metric for punctate-to-diffuse reporter redistribution; not rupture proof
M05,M,05,PLD3_mCherry_reporter_control,site0,39,"260319_Day39_WellM05_Channel405nm Binned,561nm Binned,488nm Binned_Seq0160.nd2",561nm Binned,488nm Binned,8,whole_field_foreground,stable_channel,798775,36109696.0,28961824.0,37.093971252441406,7147868.0,1061,0.0013282839347734615,354.34453754622797,13.0,4.0518129321912415,4.0518129321912415,screening metric for punctate-to-diffuse reporter redistribution; not rupture proof
M06,M,06,PLD3_mCherry_reporter_control,site0,8,"260216_Day8_iNeurons_WellM06_Channel405nm Binned,561nm Binned,488nm Binned_Seq0161.nd2",561nm Binned,488nm Binned,0,whole_field_foreground,stable_channel,760155,18929304.0,13522658.0,18.222421646118164,5406647.0,864,0.001136610296582754,275.8000315383629,17.0,2.5011172358760425,2.5011172358760425,screening metric for punctate-to-diffuse reporter redistribution; not rupture proof
M06,M,06,PLD3_mCherry_reporter_control,site0,12,"260220_Day12_WellM06_Channel405nm Binned,561nm Binned,488nm Binned_Seq0161.nd2",561nm Binned,488nm Binned,1,whole_field_foreground,stable_channel,751043,20723632.0,15619482.0,21.29837417602539,5104151.0,795,0.0010585279404760333,255.64717045430118,17.0,3.0601528050398468,3.0601528050398468,screening metric for punctate-to-diffuse reporter redistribution; not rupture proof
M06,M,06,PLD3_mCherry_reporter_control,site0,16,"260224_day16_WellM06_Channel405nm Binned,561nm Binned,488nm Binned_Seq0161.nd2",561nm Binned,488nm Binned,2,whole_field_foreground,stable_channel,767501,27943214.0,21092650.0,28.137338638305664,6850564.0,852,0.001110096273488751,349.44309444158847,15.0,3.078965469120049,3.078965469120049,screening metric for punctate-to-diffuse reporter redistribution; not rupture proof
M06,M,06,PLD3_mCherry_reporter_control,site0,20,"260228_day20_WellM06_Channel405nm Binned,561nm Binned,488nm Binned_Seq0161.nd2",561nm Binned,488nm Binned,3,whole_field_foreground,stable_channel,788461,30367586.0,23427064.0,30.412080764770508,6940522.0,986,0.001250537439389836,354.3753126968477,14.0,3.3754037520515925,3.3754037520515925,screening metric for punctate-to-diffuse reporter redistribution; not rupture proof
M06,M,06,PLD3_mCherry_reporter_control,site0,25,"260305_day25_iNeurons_WellM06_Channel405nm Binned,561nm Binned,488nm Binned_Seq0161.nd2",561nm Binned,488nm Binned,4,whole_field_foreground,stable_channel,588449,16702436.0,13451620.0,23.369775772094727,3250816.0,883,0.0015005548484210178,231.07506956141506,12.0,4.1379210635101655,4.1379210635101655,screening metric for punctate-to-diffuse reporter redistribution; not rupture proof
M06,M,06,PLD3_mCherry_reporter_control,site0,29,"260309_Day29_WellM06_Channel405nm Binned,561nm Binned,488nm Binned_Seq0161.nd2",561nm Binned,488nm Binned,5,whole_field_foreground,stable_channel,806999,30268474.0,23930930.0,30.327558517456055,6337544.0,1230,0.0015241654574522099,323.13016495123145,12.0,3.776057412776341,3.776057412776341,screening metric for punctate-to-diffuse reporter redistribution; not rupture proof
M06,M,06,PLD3_mCherry_reporter_control,site0,32,"260312_Day32_WellM06_Channel405nm Binned,561 nm,488nm Binned_Seq0161.nd2",561nm Binned,488nm Binned,6,whole_field_foreground,stable_channel,964445,35245984.0,27198092.0,28.857881546020508,8047895.0,1336,0.0013852526582631614,325.8348051288171,13.0,3.379528684208308,3.379528684208308,screening metric for punctate-to-diffuse reporter redistribution; not rupture proof
M06,M,06,PLD3_mCherry_reporter_control,site0,36,"260316_Day36_WellM06_Channel405nm Binned,561nm Binned,488nm Binned_Seq0161.nd2",561nm Binned,488nm Binned,7,whole_field_foreground,stable_channel,972653,41363988.0,32079512.0,33.75071334838867,9284477.0,1343,0.001380759633701453,374.811752841975,13.0,3.4551770659776038,3.4551770659776038,screening metric for punctate-to-diffuse reporter redistribution; not rupture proof
M06,M,06,PLD3_mCherry_reporter_control,site0,39,"260319_Day39_WellM06_Channel405nm Binned,561nm Binned,488nm Binned_Seq0161.nd2",561nm Binned,488nm Binned,8,whole_field_foreground,stable_channel,973264,43130440.0,33782608.0,35.5303840637207,9347831.0,1293,0.0013285192917838033,368.26766367098753,13.0,3.613951514527422,3.613951514527422,screening metric for punctate-to-diffuse reporter redistribution; not rupture proof
M07,M,07,PLD3_mCherry_reporter_control,site0,8,"260216_Day8_iNeurons_WellM07_Channel405nm Binned,561nm Binned,488nm Binned_Seq0162.nd2",561nm Binned,488nm Binned,0,whole_field_foreground,stable_channel,748793,18125918.0,12923872.0,17.679691314697266,5202046.0,851,0.001136495667025284,266.351193760873,17.0,2.4843824910424694,2.4843824910424694,screening metric for punctate-to-diffuse reporter redistribution; not rupture proof
M07,M,07,PLD3_mCherry_reporter_control,site0,12,"260220_Day12_WellM07_Channel405nm Binned,561nm Binned,488nm Binned_Seq0162.nd2",561nm Binned,488nm Binned,1,whole_field_foreground,stable_channel,671149,17636412.0,13373296.0,20.400800704956055,4263115.0,721,0.0010742770979304532,241.56152625222808,17.0,3.136977538723882,3.136977538723882,screening metric for punctate-to-diffuse reporter redistribution; not rupture proof
M07,M,07,PLD3_mCherry_reporter_control,site0,16,"260224_day16_WellM07_Channel405nm Binned,561nm Binned,488nm Binned_Seq0162.nd2",561nm Binned,488nm Binned,2,whole_field_foreground,stable_channel,721667,26511808.0,20048090.0,28.4405574798584,6463718.0,783,0.0010849879515052163,355.86639221113455,16.0,3.101634384420375,3.101634384420375,screening metric for punctate-to-diffuse reporter redistribution; not rupture proof
M07,M,07,PLD3_mCherry_reporter_control,site0,20,"260228_day20_WellM07_Channel405nm Binned,561nm Binned,488nm Binned_Seq0162.nd2",561nm Binned,488nm Binned,3,whole_field_foreground,stable_channel,721258,28204922.0,21953556.0,31.142181396484375,6251366.0,903,0.0012519791808184423,351.08975758769054,14.0,3.511801420680934,3.511801420680934,screening metric for punctate-to-diffuse reporter redistribution; not rupture proof
M07,M,07,PLD3_mCherry_reporter_control,site0,25,"260305_day25_iNeurons_WellM07_Channel405nm Binned,561nm Binned,488nm Binned_Seq0162.nd2",561nm Binned,488nm Binned,4,whole_field_foreground,stable_channel,586994,15374989.0,12230745.0,21.30858612060547,3144244.0,893,0.0015213102689269032,219.96861941176326,12.0,3.8898841820151717,3.8898841820151717,screening metric for punctate-to-diffuse reporter redistribution; not rupture proof
M07,M,07,PLD3_mCherry_reporter_control,site0,29,"260309_Day29_WellM07_Channel405nm Binned,561nm Binned,488nm Binned_Seq0162.nd2",561nm Binned,488nm Binned,5,whole_field_foreground,stable_channel,747663,28533232.0,22450080.0,30.710580825805664,6083151.0,1092,0.0014605510771544658,331.1770955180074,12.5,3.6905347245196296,3.6905347245196296,screening metric for punctate-to-diffuse reporter redistribution; not rupture proof
M07,M,07,PLD3_mCherry_reporter_control,site0,32,"260312_Day32_WellM07_Channel405nm Binned,561 nm,488nm Binned_Seq0162.nd2",561nm Binned,488nm Binned,6,whole_field_foreground,stable_channel,859461,32925458.0,25332524.0,30.15561294555664,7592935.0,1160,0.0013496831153463045,349.58951066115804,13.0,3.336328310461852,3.336328310461852,screening metric for punctate-to-diffuse reporter redistribution; not rupture proof
M07,M,07,PLD3_mCherry_reporter_control,site0,36,"260316_Day36_WellM07_Channel405nm Binned,561nm Binned,488nm Binned_Seq0162.nd2",561nm Binned,488nm Binned,7,whole_field_foreground,stable_channel,922940,38717152.0,29796464.0,33.03952407836914,8920690.0,1247,0.001351117082365754,375.87182072667764,13.0,3.3401523873149563,3.3401523873149563,screening metric for punctate-to-diffuse reporter redistribution; not rupture proof
M07,M,07,PLD3_mCherry_reporter_control,site0,39,"260319_Day39_WellM07_Channel405nm Binned,561nm Binned,488nm Binned_Seq0162.nd2",561nm Binned,488nm Binned,8,whole_field_foreground,stable_channel,994416,41243704.0,31850800.0,32.785179138183594,9392903.0,1262,0.0012690865794584268,366.5709664031934,14.0,3.3909431407943433,3.3909431407943433,screening metric for punctate-to-diffuse reporter redistribution; not rupture proof
M08,M,08,PLD3_mCherry_reporter_control,site0,8,"260216_Day8_iNeurons_WellM08_Channel405nm Binned,561nm Binned,488nm Binned_Seq0163.nd2",561nm Binned,488nm Binned,0,whole_field_foreground,stable_channel,772630,18442808.0,13054716.0,17.30843734741211,5388092.0,844,0.0010923728045751622,270.7322879809339,19.0,2.422882905488172,2.422882905488172,screening metric for punctate-to-diffuse reporter redistribution; not rupture proof
M08,M,08,PLD3_mCherry_reporter_control,site0,12,"260220_Day12_WellM08_Channel405nm Binned,561nm Binned,488nm Binned_Seq0163.nd2",561nm Binned,488nm Binned,1,whole_field_foreground,stable_channel,676014,17151626.0,13027882.0,19.732248306274414,4123744.0,748,0.0011064859603482967,232.9508779699152,16.0,3.1592363638472323,3.1592363638472323,screening metric for punctate-to-diffuse reporter redistribution; not rupture proof
M08,M,08,PLD3_mCherry_reporter_control,site0,16,"260224_day16_WellM08_Channel405nm Binned,561nm Binned,488nm Binned_Seq0163.nd2",561nm Binned,488nm Binned,2,whole_field_foreground,stable_channel,718335,26638142.0,20020072.0,28.53894805908203,6618069.0,799,0.001112294403027679,358.74157185846934,16.0,3.025062446462401,3.025062446462401,screening metric for punctate-to-diffuse reporter redistribution; not rupture proof
M08,M,08,PLD3_mCherry_reporter_control,site0,20,"260228_day20_WellM08_Channel405nm Binned,561nm Binned,488nm Binned_Seq0163.nd2",561nm Binned,488nm Binned,3,whole_field_foreground,stable_channel,712709,27835116.0,21409488.0,30.73483657836914,6425627.0,929,0.001303477295780882,369.2210415613279,13.0,3.3318908800645706,3.3318908800645706,screening metric for punctate-to-diffuse reporter redistribution; not rupture proof
M08,M,08,PLD3_mCherry_reporter_control,site0,25,"260305_day25_iNeurons_WellM08_Channel405nm Binned,561nm Binned,488nm Binned_Seq0163.nd2",561nm Binned,488nm Binned,4,whole_field_foreground,stable_channel,506026,14251998.0,11573461.0,23.36614227294922,2678537.0,780,0.0015414227727398565,229.24082632798414,11.0,4.320814310198321,4.320814310198321,screening metric for punctate-to-diffuse reporter redistribution; not rupture proof
M08,M,08,PLD3_mCherry_reporter_control,site0,29,"260309_Day29_WellM08_Channel405nm Binned,561nm Binned,488nm Binned_Seq0163.nd2",561nm Binned,488nm Binned,5,whole_field_foreground,stable_channel,661548,28766004.0,22872824.0,35.3433837890625,5893180.0,1012,0.0015297453850642284,378.07029849267286,12.0,3.881236276508798,3.881236276508798,screening metric for punctate-to-diffuse reporter redistribution; not rupture proof
M08,M,08,PLD3_mCherry_reporter_control,site0,32,"260312_Day32_WellM08_Channel405nm Binned,561 nm,488nm Binned_Seq0163.nd2",561nm Binned,488nm Binned,6,whole_field_foreground,stable_channel,824738,33034016.0,25181604.0,31.244468688964844,7852415.0,1172,0.0014210573539700838,370.5898871828672,12.0,3.2068610739494527,3.2068610739494527,screening metric for punctate-to-diffuse reporter redistribution; not rupture proof
M08,M,08,PLD3_mCherry_reporter_control,site0,36,"260316_Day36_WellM08_Channel405nm Binned,561nm Binned,488nm Binned_Seq0163.nd2",561nm Binned,488nm Binned,7,whole_field_foreground,stable_channel,931914,39896612.0,30428712.0,33.41571044921875,9467901.0,1237,0.0013273757020483357,395.52264954452085,14.0,3.2138815139698638,3.2138815139698638,screening metric for punctate-to-diffuse reporter redistribution; not rupture proof
M08,M,08,PLD3_mCherry_reporter_control,site0,39,"260319_Day39_WellM08_Channel405nm Binned,561nm Binned,488nm Binned_Seq0163.nd2",561nm Binned,488nm Binned,8,whole_field_foreground,stable_channel,839361,40787404.0,32093344.0,39.12582015991211,8694060.0,1113,0.0013260087137699679,404.89919698463297,13.0,3.6914104572542987,3.6914104572542987,screening metric for punctate-to-diffuse reporter redistribution; not rupture proof
M09,M,09,PLD3_mCherry_reporter_control,site0,8,"260216_Day8_iNeurons_WellM09_Channel405nm Binned,561nm Binned,488nm Binned_Seq0164.nd2",561nm Binned,488nm Binned,0,whole_field_foreground,stable_channel,712224,16824664.0,11929046.0,17.155776977539062,4895617.0,806,0.0011316664420166526,263.99946656712234,16.0,2.4366787679668493,2.4366787679668493,screening metric for punctate-to-diffuse reporter redistribution; not rupture proof
M09,M,09,PLD3_mCherry_reporter_control,site0,12,"260220_Day12_WellM09_Channel405nm Binned,561nm Binned,488nm Binned_Seq0164.nd2",561nm Binned,488nm Binned,1,whole_field_foreground,stable_channel,678788,17675776.0,13285017.0,20.03997039794922,4390758.0,707,0.0010415623140051951,242.99241941416955,17.0,3.025677343182424,3.025677343182424,screening metric for punctate-to-diffuse reporter redistribution; not rupture proof
M09,M,09,PLD3_mCherry_reporter_control,site0,16,"260224_day16_WellM09_Channel405nm Binned,561nm Binned,488nm Binned_Seq0164.nd2",561nm Binned,488nm Binned,2,whole_field_foreground,stable_channel,678096,24994460.0,18602010.0,28.088298797607422,6392450.0,732,0.0010794931691072067,364.86597682348366,16.0,2.9099969495259392,2.9099969495259392,screening metric for punctate-to-diffuse reporter redistribution; not rupture proof
M09,M,09,PLD3_mCherry_reporter_control,site0,20,"260228_day20_WellM09_Channel405nm Binned,561nm Binned,488nm Binned_Seq0164.nd2",561nm Binned,488nm Binned,3,whole_field_foreground,stable_channel,700685,26978748.0,20661994.0,30.17450714111328,6316754.0,881,0.0012573410305611547,366.98257730334626,14.0,3.27098284973528,3.27098284973528,screening metric for punctate-to-diffuse reporter redistribution; not rupture proof
M09,M,09,PLD3_mCherry_reporter_control,site0,25,"260305_day25_iNeurons_WellM09_Channel405nm Binned,561nm Binned,488nm Binned_Seq0164.nd2",561nm Binned,488nm Binned,4,whole_field_foreground,stable_channel,576020,14411738.0,11179869.0,19.856613159179688,3231869.0,851,0.0014773792576620996,224.7549536287014,12.0,3.4592580949279013,3.4592580949279013,screening metric for punctate-to-diffuse reporter redistribution; not rupture proof
M09,M,09,PLD3_mCherry_reporter_control,site0,29,"260309_Day29_WellM09_Channel405nm Binned,561nm Binned,488nm Binned_Seq0164.nd2",561nm Binned,488nm Binned,5,whole_field_foreground,stable_channel,737486,26523412.0,20622306.0,28.600421905517578,5901105.0,1085,0.001471214368813142,326.47909876388337,12.0,3.494651594912564,3.494651594912564,screening metric for punctate-to-diffuse reporter redistribution; not rupture proof
M09,M,09,PLD3_mCherry_reporter_control,site0,32,"260312_Day32_WellM09_Channel405nm Binned,561 nm,488nm Binned_Seq0164.nd2",561nm Binned,488nm Binned,6,whole_field_foreground,stable_channel,800027,30531830.0,23330538.0,29.83589744567871,7201292.0,1134,0.0014174521609877947,358.87038811846804,13.0,3.239771141067014,3.239771141067014,screening metric for punctate-to-diffuse reporter redistribution; not rupture proof
M09,M,09,PLD3_mCherry_reporter_control,site0,36,"260316_Day36_WellM09_Channel405nm Binned,561nm Binned,488nm Binned_Seq0164.nd2",561nm Binned,488nm Binned,7,whole_field_foreground,stable_channel,930719,36658628.0,27706856.0,30.468488693237305,8951773.0,1228,0.0013194100474994929,371.6629270000644,13.0,3.0951249545756916,3.0951249545756916,screening metric for punctate-to-diffuse reporter redistribution; not rupture proof
M09,M,09,PLD3_mCherry_reporter_control,site0,39,"260319_Day39_WellM09_Channel405nm Binned,561nm Binned,488nm Binned_Seq0164.nd2",561nm Binned,488nm Binned,8,whole_field_foreground,stable_channel,804941,36392604.0,28248388.0,35.915618896484375,8144215.0,1041,0.0012932624875595935,392.92749285812454,14.0,3.468521889463445,3.468521889463445,screening metric for punctate-to-diffuse reporter redistribution; not rupture proof
M10,M,10,PLD3_mCherry_reporter_control,site0,8,"260216_Day8_iNeurons_WellM10_Channel405nm Binned,561nm Binned,488nm Binned_Seq0165.nd2",561nm Binned,488nm Binned,0,whole_field_foreground,stable_channel,751650,18362720.0,12948169.0,17.644210815429688,5414552.0,825,0.0010975853123114513,280.2466423265862,18.0,2.391364788813111,2.391364788813111,screening metric for punctate-to-diffuse reporter redistribution; not rupture proof
M10,M,10,PLD3_mCherry_reporter_control,site0,12,"260220_Day12_WellM10_Channel405nm Binned,561nm Binned,488nm Binned_Seq0165.nd2",561nm Binned,488nm Binned,1,whole_field_foreground,stable_channel,678770,19434580.0,14738293.0,22.233257293701172,4696287.0,769,0.001132931626322417,265.4602665101288,16.0,3.1382862674271954,3.1382862674271954,screening metric for punctate-to-diffuse reporter redistribution; not rupture proof
M10,M,10,PLD3_mCherry_reporter_control,site0,16,"260224_day16_WellM10_Channel405nm Binned,561nm Binned,488nm Binned_Seq0165.nd2",561nm Binned,488nm Binned,2,whole_field_foreground,stable_channel,724461,29118912.0,21844564.0,30.876232147216797,7274348.0,819,0.0011304956374447617,390.28331384903345,15.0,3.0029583407333544,3.0029583407333544,screening metric for punctate-to-diffuse reporter redistribution; not rupture proof
M10,M,10,PLD3_mCherry_reporter_control,site0,20,"260228_day20_WellM10_Channel405nm Binned,561nm Binned,488nm Binned_Seq0165.nd2",561nm Binned,488nm Binned,3,whole_field_foreground,stable_channel,745063,30549460.0,23416368.0,32.16675567626953,7133094.0,971,0.0013032454973588767,389.94822246579014,13.0,3.2827785530369735,3.2827785530369735,screening metric for punctate-to-diffuse reporter redistribution; not rupture proof
M10,M,10,PLD3_mCherry_reporter_control,site0,25,"260305_day25_iNeurons_WellM10_Channel405nm Binned,561nm Binned,488nm Binned_Seq0165.nd2",561nm Binned,488nm Binned,4,whole_field_foreground,stable_channel,563747,16234786.0,12915487.0,23.42618179321289,3319299.0,843,0.0014953516382322295,241.11981803921194,12.0,3.891028497280935,3.891028497280935,screening metric for punctate-to-diffuse reporter redistribution; not rupture proof
M10,M,10,PLD3_mCherry_reporter_control,site0,29,"260309_Day29_WellM10_Channel405nm Binned,561nm Binned,488nm Binned_Seq0165.nd2",561nm Binned,488nm Binned,5,whole_field_foreground,stable_channel,738135,30699768.0,24321408.0,33.68914794921875,6378360.0,1130,0.0015308852716623233,362.03577837648646,12.0,3.8131130886303355,3.8131130886303355,screening metric for punctate-to-diffuse reporter redistribution; not rupture proof
M10,M,10,PLD3_mCherry_reporter_control,site0,32,"260312_Day32_WellM10_Channel405nm Binned,561 nm,488nm Binned_Seq0165.nd2",561nm Binned,488nm Binned,6,whole_field_foreground,stable_channel,820484,34538244.0,26840008.0,33.4611701965332,7698235.0,1158,0.0014113620740911323,378.1625873783092,13.0,3.4865145062467584,3.4865145062467584,screening metric for punctate-to-diffuse reporter redistribution; not rupture proof
M10,M,10,PLD3_mCherry_reporter_control,site0,36,"260316_Day36_WellM10_Channel405nm Binned,561nm Binned,488nm Binned_Seq0165.nd2",561nm Binned,488nm Binned,7,whole_field_foreground,stable_channel,945197,40270500.0,31033596.0,33.59388732910156,9236903.0,1282,0.0013563310082434072,386.15632773412744,13.0,3.3597403805146207,3.3597403805146207,screening metric for punctate-to-diffuse reporter redistribution; not rupture proof
M10,M,10,PLD3_mCherry_reporter_control,site0,39,"260319_Day39_WellM10_Channel405nm Binned,561nm Binned,488nm Binned_Seq0165.nd2",561nm Binned,488nm Binned,8,whole_field_foreground,stable_channel,951953,43002424.0,33159096.0,35.650917053222656,9843327.0,1286,0.0013509070300725446,398.6248859743679,13.0,3.36868784304297,3.36868784304297,screening metric for punctate-to-diffuse reporter redistribution; not rupture proof
M11,M,11,PLD3_mCherry_reporter_control,site0,8,"260216_Day8_iNeurons_WellM11_Channel405nm Binned,561nm Binned,488nm Binned_Seq0166.nd2",561nm Binned,488nm Binned,0,whole_field_foreground,stable_channel,800054,19167656.0,13545319.0,17.343379974365234,5622337.0,908,0.0011349233926695762,270.1751272142721,17.0,2.409197278640108,2.409197278640108,screening metric for punctate-to-diffuse reporter redistribution; not rupture proof
M11,M,11,PLD3_mCherry_reporter_control,site0,12,"260220_Day12_WellM11_Channel405nm Binned,561nm Binned,488nm Binned_Seq0166.nd2",561nm Binned,488nm Binned,1,whole_field_foreground,stable_channel,725541,20004836.0,15037841.0,21.224689483642578,4966995.0,799,0.0011012472072548605,256.17552278635645,15.0,3.0275530778663904,3.0275530778663904,screening metric for punctate-to-diffuse reporter redistribution; not rupture proof
M11,M,11,PLD3_mCherry_reporter_control,site0,16,"260224_day16_WellM11_Channel405nm Binned,561nm Binned,488nm Binned_Seq0166.nd2",561nm Binned,488nm Binned,2,whole_field_foreground,stable_channel,757970,30170268.0,22764446.0,30.75295639038086,7405823.0,833,0.0010989880865982836,381.9105466405312,16.0,3.0738576927907846,3.0738576927907846,screening metric for punctate-to-diffuse reporter redistribution; not rupture proof
M11,M,11,PLD3_mCherry_reporter_control,site0,20,"260228_day20_WellM11_Channel405nm Binned,561nm Binned,488nm Binned_Seq0166.nd2",561nm Binned,488nm Binned,3,whole_field_foreground,stable_channel,756554,30529472.0,23567548.0,31.87797737121582,6961923.0,962,0.0012715549716196444,370.021922613132,13.0,3.385206644772804,3.385206644772804,screening metric for punctate-to-diffuse reporter redistribution; not rupture proof
M11,M,11,PLD3_mCherry_reporter_control,site0,25,"260305_day25_iNeurons_WellM11_Channel405nm Binned,561nm Binned,488nm Binned_Seq0166.nd2",561nm Binned,488nm Binned,4,whole_field_foreground,stable_channel,557697,16671794.0,13400885.0,24.56606101989746,3270909.0,865,0.001551021432782405,244.18128319007124,11.0,4.096991081071318,4.096991081071318,screening metric for punctate-to-diffuse reporter redistribution; not rupture proof
M11,M,11,PLD3_mCherry_reporter_control,site0,29,"260309_Day29_WellM11_Channel405nm Binned,561nm Binned,488nm Binned_Seq0166.nd2",561nm Binned,488nm Binned,5,whole_field_foreground,stable_channel,778196,32992400.0,26000074.0,34.16804885864258,6992327.0,1188,0.0015266076926615832,369.11801600857615,12.0,3.7183721527892333,3.7183721527892333,screening metric for punctate-to-diffuse reporter redistribution; not rupture proof
M11,M,11,PLD3_mCherry_reporter_control,site0,32,"260312_Day32_WellM11_Channel405nm Binned,561 nm,488nm Binned_Seq0166.nd2",561nm Binned,488nm Binned,6,whole_field_foreground,stable_channel,877052,36384392.0,28194028.0,32.89133834838867,8190363.0,1223,0.0013944441150565822,369.73205140956776,13.0,3.4423416886402416,3.4423416886402416,screening metric for punctate-to-diffuse reporter redistribution; not rupture proof
M11,M,11,PLD3_mCherry_reporter_control,site0,36,"260316_Day36_WellM11_Channel405nm Binned,561nm Binned,488nm Binned_Seq0166.nd2",561nm Binned,488nm Binned,7,whole_field_foreground,stable_channel,999448,40470872.0,30895672.0,31.642303466796875,9575199.0,1361,0.0013617516869298236,368.36303497919874,13.0,3.2266349764633375,3.2266349764633375,screening metric for punctate-to-diffuse reporter redistribution; not rupture proof
M11,M,11,PLD3_mCherry_reporter_control,site0,39,"260319_Day39_WellM11_Channel405nm Binned,561nm Binned,488nm Binned_Seq0166.nd2",561nm Binned,488nm Binned,8,whole_field_foreground,stable_channel,902586,39461760.0,30741548.0,34.858909606933594,8720212.0,1182,0.0013095705007596953,374.6730513338712,14.0,3.5253211733839125,3.5253211733839125,screening metric for punctate-to-diffuse reporter redistribution; not rupture proof
M12,M,12,PLD3_mCherry_reporter_control,site0,8,"260216_Day8_iNeurons_WellM12_Channel405nm Binned,561nm Binned,488nm Binned_Seq0167.nd2",561nm Binned,488nm Binned,0,whole_field_foreground,stable_channel,756279,18710432.0,13289912.0,18.000741958618164,5420521.0,812,0.001073677835823719,277.5877257098118,19.5,2.45177760587913,2.45177760587913,screening metric for punctate-to-diffuse reporter redistribution; not rupture proof
M12,M,12,PLD3_mCherry_reporter_control,site0,12,"260220_Day12_WellM12_Channel405nm Binned,561nm Binned,488nm Binned_Seq0167.nd2",561nm Binned,488nm Binned,1,whole_field_foreground,stable_channel,716332,19765928.0,14820265.0,21.18800163269043,4945663.0,745,0.001040020549129398,260.71208215495886,17.0,2.9966184513576852,2.9966184513576852,screening metric for punctate-to-diffuse reporter redistribution; not rupture proof
M12,M,12,PLD3_mCherry_reporter_control,site0,16,"260224_day16_WellM12_Channel405nm Binned,561nm Binned,488nm Binned_Seq0167.nd2",561nm Binned,488nm Binned,2,whole_field_foreground,stable_channel,748858,29240576.0,21834408.0,29.854692459106445,7406170.0,802,0.0010709640545990414,385.39256516834746,16.0,2.9481375663800655,2.9481375663800655,screening metric for punctate-to-diffuse reporter redistribution; not rupture proof
M12,M,12,PLD3_mCherry_reporter_control,site0,20,"260228_day20_WellM12_Channel405nm Binned,561nm Binned,488nm Binned_Seq0167.nd2",561nm Binned,488nm Binned,3,whole_field_foreground,stable_channel,765720,31247548.0,24282108.0,32.44965362548828,6965441.0,1001,0.0013072663636821459,366.91244176051,13.0,3.486083365001084,3.486083365001084,screening metric for punctate-to-diffuse reporter redistribution; not rupture proof
M12,M,12,PLD3_mCherry_reporter_control,site0,25,"260305_day25_iNeurons_WellM12_Channel405nm Binned,561nm Binned,488nm Binned_Seq0167.nd2",561nm Binned,488nm Binned,4,whole_field_foreground,stable_channel,576064,16183101.0,12874857.0,22.855560302734375,3308244.0,885,0.0015362876347045878,237.81042794265315,12.0,3.8917495202881374,3.8917495202881374,screening metric for punctate-to-diffuse reporter redistribution; not rupture proof
M12,M,12,PLD3_mCherry_reporter_control,site0,29,"260309_Day29_WellM12_Channel405nm Binned,561nm Binned,488nm Binned_Seq0167.nd2",561nm Binned,488nm Binned,5,whole_field_foreground,stable_channel,781116,31720232.0,24749240.0,32.409732818603516,6970992.0,1132,0.0014492085682517716,364.8476283339645,12.0,3.550318233042937,3.550318233042937,screening metric for punctate-to-diffuse reporter redistribution; not rupture proof
M12,M,12,PLD3_mCherry_reporter_control,site0,32,"260312_Day32_WellM12_Channel405nm Binned,561 nm,488nm Binned_Seq0167.nd2",561nm Binned,488nm Binned,6,whole_field_foreground,stable_channel,892282,35042776.0,26776164.0,30.712491989135742,8266614.0,1240,0.0013896951860494892,361.4745063412574,13.0,3.239072732801696,3.239072732801696,screening metric for punctate-to-diffuse reporter redistribution; not rupture proof
M12,M,12,PLD3_mCherry_reporter_control,site0,36,"260316_Day36_WellM12_Channel405nm Binned,561nm Binned,488nm Binned_Seq0167.nd2",561nm Binned,488nm Binned,7,whole_field_foreground,stable_channel,989119,41558612.0,31658900.0,32.75792694091797,9899712.0,1309,0.001323399914468003,389.61017590574494,13.0,3.1979617184819924,3.1979617184819924,screening metric for punctate-to-diffuse reporter redistribution; not rupture proof
M12,M,12,PLD3_mCherry_reporter_control,site0,39,"260319_Day39_WellM12_Channel405nm Binned,561nm Binned,488nm Binned_Seq0167.nd2",561nm Binned,488nm Binned,8,whole_field_foreground,stable_channel,881236,41708432.0,32738110.0,38.013423919677734,8970322.0,1177,0.0013356240553026254,401.45605948423065,13.0,3.649602544924959,3.649602544924959,screening metric for punctate-to-diffuse reporter redistribution; not rupture proof
M13,M,13,PLD3_mCherry_reporter_control,site0,8,"260216_Day8_iNeurons_WellM13_Channel405nm Binned,561nm Binned,488nm Binned_Seq0168.nd2",561nm Binned,488nm Binned,0,whole_field_foreground,stable_channel,707149,16861128.0,11958530.0,17.321563720703125,4902597.0,740,0.0010464555560411647,265.6707745320088,19.5,2.439223538054945,2.439223538054945,screening metric for punctate-to-diffuse reporter redistribution; not rupture proof
M13,M,13,PLD3_mCherry_reporter_control,site0,12,"260220_Day12_WellM13_Channel405nm Binned,561nm Binned,488nm Binned_Seq0168.nd2",561nm Binned,488nm Binned,1,whole_field_foreground,stable_channel,656552,16819172.0,12514736.0,19.521303176879883,4304436.0,684,0.0010418062849537556,244.0659671471133,17.0,2.907404361453415,2.907404361453415,screening metric for punctate-to-diffuse reporter redistribution; not rupture proof
M13,M,13,PLD3_mCherry_reporter_control,site0,16,"260224_day16_WellM13_Channel405nm Binned,561nm Binned,488nm Binned_Seq0168.nd2",561nm Binned,488nm Binned,2,whole_field_foreground,stable_channel,698068,24032866.0,17797336.0,26.109161376953125,6235531.0,745,0.001067231272596556,342.1138827944762,16.0,2.85418130388529,2.85418130388529,screening metric for punctate-to-diffuse reporter redistribution; not rupture proof
M13,M,13,PLD3_mCherry_reporter_control,site0,20,"260228_day20_WellM13_Channel405nm Binned,561nm Binned,488nm Binned_Seq0168.nd2",561nm Binned,488nm Binned,3,whole_field_foreground,stable_channel,702922,26053412.0,19827732.0,28.865571975708008,6225681.0,869,0.0012362680354274923,356.00682947578036,14.0,3.1848294186606756,3.1848294186606756,screening metric for punctate-to-diffuse reporter redistribution; not rupture proof
M13,M,13,PLD3_mCherry_reporter_control,site0,25,"260305_day25_iNeurons_WellM13_Channel405nm Binned,561nm Binned,488nm Binned_Seq0168.nd2",561nm Binned,488nm Binned,4,whole_field_foreground,stable_channel,484459,14001986.0,11160992.0,23.553850173950195,2840994.0,726,0.0014985788271009548,245.48462777886508,12.0,3.928551767443392,3.928551767443392,screening metric for punctate-to-diffuse reporter redistribution; not rupture proof
M13,M,13,PLD3_mCherry_reporter_control,site0,29,"260309_Day29_WellM13_Channel405nm Binned,561nm Binned,488nm Binned_Seq0168.nd2",561nm Binned,488nm Binned,5,whole_field_foreground,stable_channel,644852,26244608.0,20563968.0,32.60881805419922,5680639.0,971,0.0015057718670307206,364.226878455935,12.0,3.620009650322152,3.620009650322152,screening metric for punctate-to-diffuse reporter redistribution; not rupture proof
M13,M,13,PLD3_mCherry_reporter_control,site0,32,"260312_Day32_WellM13_Channel405nm Binned,561 nm,488nm Binned_Seq0168.nd2",561nm Binned,488nm Binned,6,whole_field_foreground,stable_channel,906678,30615924.0,22568116.0,25.480974197387695,8047806.0,1197,0.001320204085682767,338.7090920151127,14.0,2.8042569614621917,2.8042569614621917,screening metric for punctate-to-diffuse reporter redistribution; not rupture proof
M13,M,13,PLD3_mCherry_reporter_control,site0,36,"260316_Day36_WellM13_Channel405nm Binned,561nm Binned,488nm Binned_Seq0168.nd2",561nm Binned,488nm Binned,7,whole_field_foreground,stable_channel,941667,36351612.0,27118468.0,29.47928810119629,9233145.0,1181,0.0012541588480840316,373.77813785304267,14.0,2.9370781028562924,2.9370781028562924,screening metric for punctate-to-diffuse reporter redistribution; not rupture proof
M13,M,13,PLD3_mCherry_reporter_control,site0,39,"260319_Day39_WellM13_Channel405nm Binned,561nm Binned,488nm Binned_Seq0168.nd2",561nm Binned,488nm Binned,8,whole_field_foreground,stable_channel,851266,33901636.0,25489964.0,30.653444290161133,8411673.0,1031,0.0012111372943343077,374.0296194259688,15.0,3.030308477278773,3.030308477278773,screening metric for punctate-to-diffuse reporter redistribution; not rupture proof
M14,M,14,PLD3_mCherry_reporter_control,site0,8,"260216_Day8_iNeurons_WellM14_Channel405nm Binned,561nm Binned,488nm Binned_Seq0169.nd2",561nm Binned,488nm Binned,0,whole_field_foreground,stable_channel,804852,20400562.0,14586237.0,18.559017181396484,5814325.0,913,0.001134370045671584,286.3049041313514,17.0,2.5086724598293855,2.5086724598293855,screening metric for punctate-to-diffuse reporter redistribution; not rupture proof
M14,M,14,PLD3_mCherry_reporter_control,site0,12,"260220_Day12_WellM14_Channel405nm Binned,561nm Binned,488nm Binned_Seq0169.nd2",561nm Binned,488nm Binned,1,whole_field_foreground,stable_channel,708880,20371218.0,15364157.0,22.193462371826172,5007061.0,779,0.0010989166008335699,268.89053766840686,17.0,3.0684980670291275,3.0684980670291275,screening metric for punctate-to-diffuse reporter redistribution; not rupture proof
M14,M,14,PLD3_mCherry_reporter_control,site0,16,"260224_day16_WellM14_Channel405nm Binned,561nm Binned,488nm Binned_Seq0169.nd2",561nm Binned,488nm Binned,2,whole_field_foreground,stable_channel,758341,30311988.0,22993556.0,31.042253494262695,7318432.0,846,0.0011155931170791034,381.90811063437314,16.0,3.1418691872790316,3.1418691872790316,screening metric for punctate-to-diffuse reporter redistribution; not rupture proof
M14,M,14,PLD3_mCherry_reporter_control,site0,20,"260228_day20_WellM14_Channel405nm Binned,561nm Binned,488nm Binned_Seq0169.nd2",561nm Binned,488nm Binned,3,whole_field_foreground,stable_channel,774318,32504628.0,25243142.0,33.35832214355469,7261486.0,995,0.001285001769297259,381.58269582777166,13.0,3.4763052631371214,3.4763052631371214,screening metric for punctate-to-diffuse reporter redistribution; not rupture proof
M14,M,14,PLD3_mCherry_reporter_control,site0,25,"260305_day25_iNeurons_WellM14_Channel405nm Binned,561nm Binned,488nm Binned_Seq0169.nd2",561nm Binned,488nm Binned,4,whole_field_foreground,stable_channel,627691,18684980.0,14855715.0,24.200847625732422,3829265.0,910,0.0014497579222874793,250.31738977117854,12.0,3.879521265829375,3.879521265829375,screening metric for punctate-to-diffuse reporter redistribution; not rupture proof
M14,M,14,PLD3_mCherry_reporter_control,site0,29,"260309_Day29_WellM14_Channel405nm Binned,561nm Binned,488nm Binned_Seq0169.nd2",561nm Binned,488nm Binned,5,whole_field_foreground,stable_channel,829619,33704896.0,26430816.0,32.59156799316406,7274082.0,1228,0.001480197536457723,349.59245429520496,12.0,3.6335603585437126,3.6335603585437126,screening metric for punctate-to-diffuse reporter redistribution; not rupture proof
M14,M,14,PLD3_mCherry_reporter_control,site0,32,"260312_Day32_WellM14_Channel405nm Binned,561 nm,488nm Binned_Seq0169.nd2",561nm Binned,488nm Binned,6,whole_field_foreground,stable_channel,944580,36746824.0,28299952.0,30.656551361083984,8446872.0,1294,0.0013699210230987636,349.81039730584973,13.0,3.350346968676292,3.350346968676292,screening metric for punctate-to-diffuse reporter redistribution; not rupture proof
M14,M,14,PLD3_mCherry_reporter_control,site0,36,"260316_Day36_WellM14_Channel405nm Binned,561nm Binned,488nm Binned_Seq0169.nd2",561nm Binned,488nm Binned,7,whole_field_foreground,stable_channel,994969,41863880.0,32057080.0,32.975616455078125,9806797.0,1323,0.0013296896687220107,382.11221095493863,14.0,3.268863421971183,3.268863421971183,screening metric for punctate-to-diffuse reporter redistribution; not rupture proof
M14,M,14,PLD3_mCherry_reporter_control,site0,39,"260319_Day39_WellM14_Channel405nm Binned,561nm Binned,488nm Binned_Seq0169.nd2",561nm Binned,488nm Binned,8,whole_field_foreground,stable_channel,1022558,42809616.0,32820700.0,32.8549690246582,9988914.0,1294,0.0012654538911227866,369.1996591677069,14.0,3.285712540922538,3.285712540922538,screening metric for punctate-to-diffuse reporter redistribution; not rupture proof
M16,M,16,PLD3_mCherry_reporter_control,site0,8,"260216_Day8_iNeurons_WellM16_Channel405nm Binned,561nm Binned,488nm Binned_Seq0171.nd2",561nm Binned,488nm Binned,0,whole_field_foreground,stable_channel,687605,17051992.0,12144299.0,18.08745765686035,4907694.0,782,0.0011372808516500938,277.7961326267408,17.0,2.4745428300944443,2.4745428300944443,screening metric for punctate-to-diffuse reporter redistribution; not rupture proof
M16,M,16,PLD3_mCherry_reporter_control,site0,12,"260220_Day12_WellM16_Channel405nm Binned,561nm Binned,488nm Binned_Seq0171.nd2",561nm Binned,488nm Binned,1,whole_field_foreground,stable_channel,598290,16944694.0,12677210.0,21.69707489013672,4267484.0,649,0.0010847582276135575,269.27568261098054,16.0,2.970652028220148,2.970652028220148,screening metric for punctate-to-diffuse reporter redistribution; not rupture proof
M16,M,16,PLD3_mCherry_reporter_control,site0,16,"260224_day16_WellM16_Channel405nm Binned,561nm Binned,488nm Binned_Seq0171.nd2",561nm Binned,488nm Binned,2,whole_field_foreground,stable_channel,645441,24326128.0,18300316.0,29.034433364868164,6025812.0,745,0.0011542495750949285,362.47265502110423,16.0,3.0369875462422264,3.0369875462422264,screening metric for punctate-to-diffuse reporter redistribution; not rupture proof
M16,M,16,PLD3_mCherry_reporter_control,site0,20,"260228_day20_WellM16_Channel405nm Binned,561nm Binned,488nm Binned_Seq0171.nd2",561nm Binned,488nm Binned,3,whole_field_foreground,stable_channel,666765,26281268.0,20275764.0,31.116554260253906,6005503.0,849,0.0012733121864505887,367.4665309335374,13.0,3.3761974642251653,3.3761974642251653,screening metric for punctate-to-diffuse reporter redistribution; not rupture proof
M16,M,16,PLD3_mCherry_reporter_control,site0,25,"260305_day25_iNeurons_WellM16_Channel405nm Binned,561nm Binned,488nm Binned_Seq0171.nd2",561nm Binned,488nm Binned,4,whole_field_foreground,stable_channel,523904,13586123.0,10758229.0,20.997812271118164,2827894.0,766,0.0014620999267013382,221.0776474955188,12.0,3.8043254096497945,3.8043254096497945,screening metric for punctate-to-diffuse reporter redistribution; not rupture proof
M16,M,16,PLD3_mCherry_reporter_control,site0,29,"260309_Day29_WellM16_Channel405nm Binned,561nm Binned,488nm Binned_Seq0171.nd2",561nm Binned,488nm Binned,5,whole_field_foreground,stable_channel,692598,26114328.0,20543658.0,30.33402442932129,5570669.0,1023,0.0014770472915002974,330.7901113888618,13.0,3.6878260043804993,3.6878260043804993,screening metric for punctate-to-diffuse reporter redistribution; not rupture proof
M16,M,16,PLD3_mCherry_reporter_control,site0,32,"260312_Day32_WellM16_Channel405nm Binned,561 nm,488nm Binned_Seq0171.nd2",561nm Binned,488nm Binned,6,whole_field_foreground,stable_channel,847958,29471784.0,22298720.0,26.917621612548828,7173064.0,1149,0.0013550199420238325,328.62056098054865,14.0,3.1086743405603086,3.1086743405603086,screening metric for punctate-to-diffuse reporter redistribution; not rupture proof
M16,M,16,PLD3_mCherry_reporter_control,site0,36,"260316_Day36_WellM16_Channel405nm Binned,561nm Binned,488nm Binned_Seq0171.nd2",561nm Binned,488nm Binned,7,whole_field_foreground,stable_channel,911818,35382696.0,26906536.0,30.206506729125977,8476163.0,1183,0.0012974080353740577,356.9197898987281,14.0,3.1743768967157457,3.1743768967157457,screening metric for punctate-to-diffuse reporter redistribution; not rupture proof
M16,M,16,PLD3_mCherry_reporter_control,site0,39,"260319_Day39_WellM16_Channel405nm Binned,561nm Binned,488nm Binned_Seq0171.nd2",561nm Binned,488nm Binned,8,whole_field_foreground,stable_channel,903031,33784692.0,25756436.0,29.20389747619629,8028256.0,1141,0.0012635225147295459,336.8556263528301,15.0,3.2082230561652234,3.2082230561652234,screening metric for punctate-to-diffuse reporter redistribution; not rupture proof
M15,M,15,PLD3_mCherry_reporter_control,site0,8,"260216_Day8_iNeurons_WellM15_Channel405nm Binned,561nm Binned,488nm Binned_Seq0170.nd2",561nm Binned,488nm Binned,0,whole_field_foreground,stable_channel,795621,19298656.0,13755034.0,17.708284378051758,5543622.0,901,0.0011324487412962547,268.9400540266132,17.0,2.4812359139922453,2.4812359139922453,screening metric for punctate-to-diffuse reporter redistribution; not rupture proof
M15,M,15,PLD3_mCherry_reporter_control,site0,12,"260220_Day12_WellM15_Channel405nm Binned,561nm Binned,488nm Binned_Seq0170.nd2",561nm Binned,488nm Binned,1,whole_field_foreground,stable_channel,717269,20663828.0,15463208.0,22.076356887817383,5200619.0,811,0.0011306776118846196,274.566863656191,16.0,2.97333990434543,2.97333990434543,screening metric for punctate-to-diffuse reporter redistribution; not rupture proof
M15,M,15,PLD3_mCherry_reporter_control,site0,16,"260224_day16_WellM15_Channel405nm Binned,561nm Binned,488nm Binned_Seq0170.nd2",561nm Binned,488nm Binned,2,whole_field_foreground,stable_channel,751498,30215982.0,22782948.0,31.040706634521484,7433035.0,842,0.0011204287968815346,388.0283762009863,15.0,3.065093599047621,3.065093599047621,screening metric for punctate-to-diffuse reporter redistribution; not rupture proof
M15,M,15,PLD3_mCherry_reporter_control,site0,20,"260228_day20_WellM15_Channel405nm Binned,561nm Binned,488nm Binned_Seq0170.nd2",561nm Binned,488nm Binned,3,whole_field_foreground,stable_channel,766558,33429376.0,25999348.0,34.69660949707031,7430027.0,960,0.0012523514202431487,398.8000277678172,13.0,3.499226584236706,3.499226584236706,screening metric for punctate-to-diffuse reporter redistribution; not rupture proof
M15,M,15,PLD3_mCherry_reporter_control,site0,25,"260305_day25_iNeurons_WellM15_Channel405nm Binned,561nm Binned,488nm Binned_Seq0170.nd2",561nm Binned,488nm Binned,4,whole_field_foreground,stable_channel,577314,18146528.0,14587871.0,25.83126449584961,3558657.0,882,0.0015277647865779666,255.50048511531077,11.0,4.099263008487725,4.099263008487725,screening metric for punctate-to-diffuse reporter redistribution; not rupture proof
M15,M,15,PLD3_mCherry_reporter_control,site0,29,"260309_Day29_WellM15_Channel405nm Binned,561nm Binned,488nm Binned_Seq0170.nd2",561nm Binned,488nm Binned,5,whole_field_foreground,stable_channel,792464,34323792.0,27118822.0,34.992210388183594,7204969.0,1185,0.0014953360657373768,375.19680965117766,12.0,3.763905438038142,3.763905438038142,screening metric for punctate-to-diffuse reporter redistribution; not rupture proof
M15,M,15,PLD3_mCherry_reporter_control,site0,32,"260312_Day32_WellM15_Channel405nm Binned,561 nm,488nm Binned_Seq0170.nd2",561nm Binned,488nm Binned,6,whole_field_foreground,stable_channel,936911,38230996.0,29493360.0,32.212337493896484,8737636.0,1308,0.0013960771087100097,367.6683852986094,13.0,3.3754393064664887,3.3754393064664887,screening metric for punctate-to-diffuse reporter redistribution; not rupture proof
M15,M,15,PLD3_mCherry_reporter_control,site0,36,"260316_Day36_WellM15_Channel405nm Binned,561nm Binned,488nm Binned_Seq0170.nd2",561nm Binned,488nm Binned,7,whole_field_foreground,stable_channel,1037197,45765816.0,35142176.0,34.67441940307617,10623642.0,1407,0.001356540753587451,400.09061520270785,13.0,3.307921708957878,3.307921708957878,screening metric for punctate-to-diffuse reporter redistribution; not rupture proof
M15,M,15,PLD3_mCherry_reporter_control,site0,39,"260319_Day39_WellM15_Channel405nm Binned,561nm Binned,488nm Binned_Seq0170.nd2",561nm Binned,488nm Binned,8,whole_field_foreground,stable_channel,921204,43079000.0,33617956.0,37.34274673461914,9461046.0,1254,0.001361262000597738,404.8380322494385,13.0,3.553302245861234,3.553302245861234,screening metric for punctate-to-diffuse reporter redistribution; not rupture proof
M17,M,17,PLD3_mCherry_reporter_control,site0,8,"260216_Day8_iNeurons_WellM17_Channel405nm Binned,561nm Binned,488nm Binned_Seq0172.nd2",561nm Binned,488nm Binned,0,whole_field_foreground,stable_channel,730678,15968391.0,11316140.0,15.864022254943848,4652251.0,764,0.0010456042196411476,241.03750170962348,18.0,2.43240100329874,2.43240100329874,screening metric for punctate-to-diffuse reporter redistribution; not rupture proof
M17,M,17,PLD3_mCherry_reporter_control,site0,12,"260220_Day12_WellM17_Channel405nm Binned,561nm Binned,488nm Binned_Seq0172.nd2",561nm Binned,488nm Binned,1,whole_field_foreground,stable_channel,718169,18320064.0,13470852.0,19.2110595703125,4849211.0,696,0.0009691312212014593,247.86495049794516,19.0,2.777947175323413,2.777947175323413,screening metric for punctate-to-diffuse reporter redistribution; not rupture proof
M17,M,17,PLD3_mCherry_reporter_control,site0,16,"260224_day16_WellM17_Channel405nm Binned,561nm Binned,488nm Binned_Seq0172.nd2",561nm Binned,488nm Binned,2,whole_field_foreground,stable_channel,765554,25945180.0,19024948.0,25.451435089111328,6920231.0,749,0.0009783764437244422,344.99964159162084,17.0,2.7491781704970903,2.7491781704970903,screening metric for punctate-to-diffuse reporter redistribution; not rupture proof
M17,M,17,PLD3_mCherry_reporter_control,site0,20,"260228_day20_WellM17_Channel405nm Binned,561nm Binned,488nm Binned_Seq0172.nd2",561nm Binned,488nm Binned,3,whole_field_foreground,stable_channel,765977,27959778.0,21131318.0,28.235702514648438,6828460.0,915,0.0011945528390523547,353.49137011251815,14.0,3.0945949745618933,3.0945949745618933,screening metric for punctate-to-diffuse reporter redistribution; not rupture proof
M17,M,17,PLD3_mCherry_reporter_control,site0,25,"260305_day25_iNeurons_WellM17_Channel405nm Binned,561nm Binned,488nm Binned_Seq0172.nd2",561nm Binned,488nm Binned,4,whole_field_foreground,stable_channel,546878,14536597.0,11358977.0,21.239513397216797,3177620.0,785,0.0014354206971181225,234.97984772700414,12.0,3.574680735895553,3.574680735895553,screening metric for punctate-to-diffuse reporter redistribution; not rupture proof
M17,M,17,PLD3_mCherry_reporter_control,site0,29,"260309_Day29_WellM17_Channel405nm Binned,561nm Binned,488nm Binned_Seq0172.nd2",561nm Binned,488nm Binned,5,whole_field_foreground,stable_channel,825468,27874030.0,21184420.0,26.260658264160156,6689611.0,1195,0.0014476636283884442,320.656360808177,12.0,3.1667641063130327,3.1667641063130327,screening metric for punctate-to-diffuse reporter redistribution; not rupture proof
M17,M,17,PLD3_mCherry_reporter_control,site0,32,"260312_Day32_WellM17_Channel405nm Binned,561 nm,488nm Binned_Seq0172.nd2",561nm Binned,488nm Binned,6,whole_field_foreground,stable_channel,961085,32616208.0,24147564.0,25.71822738647461,8468643.0,1212,0.0012610747228379788,340.50706723656987,15.0,2.851408897505438,2.851408897505438,screening metric for punctate-to-diffuse reporter redistribution; not rupture proof
M17,M,17,PLD3_mCherry_reporter_control,site0,36,"260316_Day36_WellM17_Channel405nm Binned,561nm Binned,488nm Binned_Seq0172.nd2",561nm Binned,488nm Binned,7,whole_field_foreground,stable_channel,983964,37190592.0,27940712.0,29.06570053100586,9249881.0,1282,0.001302893195278178,364.5452156959569,14.0,3.02065637384924,3.02065637384924,screening metric for punctate-to-diffuse reporter redistribution; not rupture proof
M17,M,17,PLD3_mCherry_reporter_control,site0,39,"260319_Day39_WellM17_Channel405nm Binned,561nm Binned,488nm Binned_Seq0172.nd2",561nm Binned,488nm Binned,8,whole_field_foreground,stable_channel,1104550,37425752.0,27387884.0,25.393150329589844,10037869.0,1277,0.001156126929517762,333.86809674220433,15.0,2.7284560099357016,2.7284560099357016,screening metric for punctate-to-diffuse reporter redistribution; not rupture proof
M18,M,18,PLD3_mCherry_reporter_control,site0,8,"260216_Day8_iNeurons_WellM18_Channel405nm Binned,561nm Binned,488nm Binned_Seq0173.nd2",561nm Binned,488nm Binned,0,whole_field_foreground,stable_channel,724726,16794892.0,11893634.0,16.81064796447754,4901257.0,762,0.0010514318514844901,258.76934752376684,19.0,2.426649734955252,2.426649734955252,screening metric for punctate-to-diffuse reporter redistribution; not rupture proof
M18,M,18,PLD3_mCherry_reporter_control,site0,12,"260220_Day12_WellM18_Channel405nm Binned,561nm Binned,488nm Binned_Seq0173.nd2",561nm Binned,488nm Binned,1,whole_field_foreground,stable_channel,606834,15882774.0,12003955.0,20.257001876831055,3878819.0,671,0.001105738966503021,244.16729742013217,16.0,3.094744817945077,3.094744817945077,screening metric for punctate-to-diffuse reporter redistribution; not rupture proof
M18,M,18,PLD3_mCherry_reporter_control,site0,16,"260224_day16_WellM18_Channel405nm Binned,561nm Binned,488nm Binned_Seq0173.nd2",561nm Binned,488nm Binned,2,whole_field_foreground,stable_channel,642544,23867636.0,17919824.0,28.557533264160156,5947812.0,683,0.0010629622251533545,364.9555702265325,17.0,3.012843042113131,3.012843042113131,screening metric for punctate-to-diffuse reporter redistribution; not rupture proof
M18,M,18,PLD3_mCherry_reporter_control,site0,20,"260228_day20_WellM18_Channel405nm Binned,561nm Binned,488nm Binned_Seq0173.nd2",561nm Binned,488nm Binned,3,whole_field_foreground,stable_channel,659030,24981288.0,19270416.0,29.92198371887207,5710873.0,850,0.0012897743653531861,352.29336673512177,14.0,3.3743380390347717,3.3743380390347717,screening metric for punctate-to-diffuse reporter redistribution; not rupture proof
M18,M,18,PLD3_mCherry_reporter_control,site0,25,"260305_day25_iNeurons_WellM18_Channel405nm Binned,561nm Binned,488nm Binned_Seq0173.nd2",561nm Binned,488nm Binned,4,whole_field_foreground,stable_channel,462213,13695322.0,11118318.0,24.586408615112305,2577004.0,676,0.0014625291802665382,235.54630044790414,12.0,4.314435678018229,4.314435678018229,screening metric for punctate-to-diffuse reporter redistribution; not rupture proof
M18,M,18,PLD3_mCherry_reporter_control,site0,29,"260309_Day29_WellM18_Channel405nm Binned,561nm Binned,488nm Binned_Seq0173.nd2",561nm Binned,488nm Binned,5,whole_field_foreground,stable_channel,645635,26412768.0,20933696.0,33.14952850341797,5479073.0,955,0.0014791639238865934,351.37515466500327,12.0,3.8206638239709854,3.8206638239709854,screening metric for punctate-to-diffuse reporter redistribution; not rupture proof
M18,M,18,PLD3_mCherry_reporter_control,site0,32,"260312_Day32_WellM18_Channel405nm Binned,561 nm,488nm Binned_Seq0173.nd2",561nm Binned,488nm Binned,6,whole_field_foreground,stable_channel,804717,29646594.0,22761170.0,28.939674377441406,6885424.0,1087,0.0013507854313984284,337.81321264300306,13.0,3.305703468660273,3.305703468660273,screening metric for punctate-to-diffuse reporter redistribution; not rupture proof
M18,M,18,PLD3_mCherry_reporter_control,site0,36,"260316_Day36_WellM18_Channel405nm Binned,561nm Binned,488nm Binned_Seq0173.nd2",561nm Binned,488nm Binned,7,whole_field_foreground,stable_channel,820735,33763160.0,26375252.0,32.87762451171875,7387909.0,1112,0.0013548831230526847,354.3342092500316,13.0,3.5700564259787755,3.5700564259787755,screening metric for punctate-to-diffuse reporter redistribution; not rupture proof
M18,M,18,PLD3_mCherry_reporter_control,site0,39,"260319_Day39_WellM18_Channel405nm Binned,561nm Binned,488nm Binned_Seq0173.nd2",561nm Binned,488nm Binned,8,whole_field_foreground,stable_channel,861104,35318012.0,27355764.0,32.513240814208984,7962248.0,1102,0.0012797525037611256,355.39052070853063,14.0,3.435683490390724,3.435683490390724,screening metric for punctate-to-diffuse reporter redistribution; not rupture proof
M19,M,19,PLD3_mCherry_reporter_control,site0,8,"260216_Day8_iNeurons_WellM19_Channel405nm Binned,561nm Binned,488nm Binned_Seq0174.nd2",561nm Binned,488nm Binned,0,whole_field_foreground,stable_channel,753453,18637926.0,13270459.0,18.040956497192383,5367467.0,851,0.0011294666024275841,273.79063300772646,17.0,2.472387627161476,2.472387627161476,screening metric for punctate-to-diffuse reporter redistribution; not rupture proof
M19,M,19,PLD3_mCherry_reporter_control,site0,12,"260220_Day12_WellM19_Channel405nm Binned,561nm Binned,488nm Binned_Seq0174.nd2",561nm Binned,488nm Binned,1,whole_field_foreground,stable_channel,701895,18350924.0,13870861.0,20.233983993530273,4480063.0,738,0.0010514393178451885,245.25773042715016,17.0,3.096130791017203,3.096130791017203,screening metric for punctate-to-diffuse reporter redistribution; not rupture proof
M19,M,19,PLD3_mCherry_reporter_control,site0,16,"260224_day16_WellM19_Channel405nm Binned,561nm Binned,488nm Binned_Seq0174.nd2",561nm Binned,488nm Binned,2,whole_field_foreground,stable_channel,711983,26559416.0,19961352.0,28.70224952697754,6598064.0,774,0.0010871046078332108,360.52655526094657,15.0,3.025334704240058,3.025334704240058,screening metric for punctate-to-diffuse reporter redistribution; not rupture proof
M19,M,19,PLD3_mCherry_reporter_control,site0,20,"260228_day20_WellM19_Channel405nm Binned,561nm Binned,488nm Binned_Seq0174.nd2",561nm Binned,488nm Binned,3,whole_field_foreground,stable_channel,746645,27667920.0,21135516.0,28.968713760375977,6532404.0,938,0.0012562864547391915,354.66065547918714,14.0,3.2354881908707367,3.2354881908707367,screening metric for punctate-to-diffuse reporter redistribution; not rupture proof
M19,M,19,PLD3_mCherry_reporter_control,site0,25,"260305_day25_iNeurons_WellM19_Channel405nm Binned,561nm Binned,488nm Binned_Seq0174.nd2",561nm Binned,488nm Binned,4,whole_field_foreground,stable_channel,588583,14203924.0,11130031.0,19.343690872192383,3073893.0,863,0.001466233309488269,209.06627808854864,12.0,3.620825773700119,3.620825773700119,screening metric for punctate-to-diffuse reporter redistribution; not rupture proof
M19,M,19,PLD3_mCherry_reporter_control,site0,29,"260309_Day29_WellM19_Channel405nm Binned,561nm Binned,488nm Binned_Seq0174.nd2",561nm Binned,488nm Binned,5,whole_field_foreground,stable_channel,769364,27442600.0,21194440.0,28.183120727539062,6248162.0,1157,0.0015038395349905847,326.6361176565792,12.0,3.3921079511057184,3.3921079511057184,screening metric for punctate-to-diffuse reporter redistribution; not rupture proof
M19,M,19,PLD3_mCherry_reporter_control,site0,32,"260312_Day32_WellM19_Channel405nm Binned,561 nm,488nm Binned_Seq0174.nd2",561nm Binned,488nm Binned,6,whole_field_foreground,stable_channel,856334,31608184.0,24252638.0,28.979272842407227,7355547.0,1189,0.001388476926057603,340.347012288035,13.0,3.297190270145334,3.297190270145334,screening metric for punctate-to-diffuse reporter redistribution; not rupture proof
M19,M,19,PLD3_mCherry_reporter_control,site0,36,"260316_Day36_WellM19_Channel405nm Binned,561nm Binned,488nm Binned_Seq0174.nd2",561nm Binned,488nm Binned,7,whole_field_foreground,stable_channel,894001,36929440.0,28432126.0,32.54734802246094,8497316.0,1215,0.0013590588824829513,375.8927323706356,13.0,3.3460125526691784,3.3460125526691784,screening metric for punctate-to-diffuse reporter redistribution; not rupture proof
M19,M,19,PLD3_mCherry_reporter_control,site0,39,"260319_Day39_WellM19_Channel405nm Binned,561nm Binned,488nm Binned_Seq0174.nd2",561nm Binned,488nm Binned,8,whole_field_foreground,stable_channel,940227,35795216.0,27206996.0,29.620149612426758,8588220.0,1184,0.0012592703676864638,345.81453721587724,14.0,3.167943531953866,3.167943531953866,screening metric for punctate-to-diffuse reporter redistribution; not rupture proof
M20,M,20,PLD3_mCherry_reporter_control,site0,8,"260216_Day8_iNeurons_WellM20_Channel405nm Binned,561nm Binned,488nm Binned_Seq0175.nd2",561nm Binned,488nm Binned,0,whole_field_foreground,stable_channel,731244,17103758.0,12249804.0,17.159591674804688,4853954.0,801,0.001095393603228067,255.78981092360135,18.0,2.523675337672643,2.523675337672643,screening metric for punctate-to-diffuse reporter redistribution; not rupture proof
M20,M,20,PLD3_mCherry_reporter_control,site0,12,"260220_Day12_WellM20_Channel405nm Binned,561nm Binned,488nm Binned_Seq0175.nd2",561nm Binned,488nm Binned,1,whole_field_foreground,stable_channel,674589,18006428.0,13593601.0,20.631376266479492,4412826.0,742,0.0010999289938005215,252.80063761790808,17.0,3.08047518755485,3.08047518755485,screening metric for punctate-to-diffuse reporter redistribution; not rupture proof
M20,M,20,PLD3_mCherry_reporter_control,site0,16,"260224_day16_WellM20_Channel405nm Binned,561nm Binned,488nm Binned_Seq0175.nd2",561nm Binned,488nm Binned,2,whole_field_foreground,stable_channel,706331,25931024.0,19581446.0,28.38503646850586,6349579.0,776,0.0010986350591987346,352.0038168405749,15.0,3.0838967433899027,3.0838967433899027,screening metric for punctate-to-diffuse reporter redistribution; not rupture proof
M20,M,20,PLD3_mCherry_reporter_control,site0,20,"260228_day20_WellM20_Channel405nm Binned,561nm Binned,488nm Binned_Seq0175.nd2",561nm Binned,488nm Binned,3,whole_field_foreground,stable_channel,715582,27754752.0,21434004.0,30.651752471923828,6320748.0,922,0.0012884616997055705,358.0927431847165,13.0,3.39105498273252,3.39105498273252,screening metric for punctate-to-diffuse reporter redistribution; not rupture proof
M20,M,20,PLD3_mCherry_reporter_control,site0,25,"260305_day25_iNeurons_WellM20_Channel405nm Binned,561nm Binned,488nm Binned_Seq0175.nd2",561nm Binned,488nm Binned,4,whole_field_foreground,stable_channel,518836,14916298.0,12175221.0,23.986234664916992,2741077.0,796,0.0015342034862624524,225.10566764141447,11.0,4.441765408266736,4.441765408266736,screening metric for punctate-to-diffuse reporter redistribution; not rupture proof
M20,M,20,PLD3_mCherry_reporter_control,site0,29,"260309_Day29_WellM20_Channel405nm Binned,561nm Binned,488nm Binned_Seq0175.nd2",561nm Binned,488nm Binned,5,whole_field_foreground,stable_channel,704175,26916860.0,21255974.0,30.871349334716797,5660886.0,1063,0.0015095679341051449,329.16782101391624,12.0,3.7548846593971765,3.7548846593971765,screening metric for punctate-to-diffuse reporter redistribution; not rupture proof
M20,M,20,PLD3_mCherry_reporter_control,site0,32,"260312_Day32_WellM20_Channel405nm Binned,561 nm,488nm Binned_Seq0175.nd2",561nm Binned,488nm Binned,6,whole_field_foreground,stable_channel,822086,30980640.0,24074620.0,29.95928192138672,6906020.0,1155,0.0014049624978391495,334.5268813756637,13.0,3.4860339240252003,3.4860339240252003,screening metric for punctate-to-diffuse reporter redistribution; not rupture proof
M20,M,20,PLD3_mCherry_reporter_control,site0,36,"260316_Day36_WellM20_Channel405nm Binned,561nm Binned,488nm Binned_Seq0175.nd2",561nm Binned,488nm Binned,7,whole_field_foreground,stable_channel,850203,36210392.0,28708676.0,34.53941345214844,7501717.0,1174,0.0013808466919060733,359.2485084078787,13.0,3.8269473508526346,3.8269473508526346,screening metric for punctate-to-diffuse reporter redistribution; not rupture proof
M20,M,20,PLD3_mCherry_reporter_control,site0,39,"260319_Day39_WellM20_Channel405nm Binned,561nm Binned,488nm Binned_Seq0175.nd2",561nm Binned,488nm Binned,8,whole_field_foreground,stable_channel,1041040,35043480.0,26439612.0,26.002458572387695,8603868.0,1258,0.001208406977636586,312.5942545225207,14.0,3.0729913569102787,3.0729913569102787,screening metric for punctate-to-diffuse reporter redistribution; not rupture proof
N05,N,05,PLD3_TMEM106B_mCherry_primary,site0,8,"260216_Day8_iNeurons_WellN05_Channel405nm Binned,561nm Binned,488nm Binned_Seq0176.nd2",561nm Binned,488nm Binned,0,whole_field_foreground,stable_channel,756189,14929901.0,11508938.0,15.58961296081543,3420963.0,820,0.0010843849884075484,173.95863008266542,18.0,3.3642392507596943,3.3642392507596943,screening metric for punctate-to-diffuse reporter redistribution; not rupture proof
N05,N,05,PLD3_TMEM106B_mCherry_primary,site0,12,"260220_Day12_WellN05_Channel405nm Binned,561nm Binned,488nm Binned_Seq0176.nd2",561nm Binned,488nm Binned,1,whole_field_foreground,stable_channel,698764,12117588.0,10019436.0,14.680643081665039,2098152.0,726,0.0010389773943691447,111.29333582265974,17.0,4.7753623188383045,4.7753623188383045,screening metric for punctate-to-diffuse reporter redistribution; not rupture proof
N05,N,05,PLD3_TMEM106B_mCherry_primary,site0,16,"260224_day16_WellN05_Channel405nm Binned,561nm Binned,488nm Binned_Seq0176.nd2",561nm Binned,488nm Binned,2,whole_field_foreground,stable_channel,671517,13339276.0,11050117.0,16.849082946777344,2289159.0,665,0.000990295107940692,130.2210650565929,19.0,4.827151368688315,4.827151368688315,screening metric for punctate-to-diffuse reporter redistribution; not rupture proof
N05,N,05,PLD3_TMEM106B_mCherry_primary,site0,20,"260228_day20_WellN05_Channel405nm Binned,561nm Binned,488nm Binned_Seq0176.nd2",561nm Binned,488nm Binned,3,whole_field_foreground,stable_channel,700655,13199945.0,11151547.0,16.289451599121094,2048398.0,777,0.0011089623281056882,114.97265458567261,15.0,5.444033337268713,5.444033337268713,screening metric for punctate-to-diffuse reporter redistribution; not rupture proof
N05,N,05,PLD3_TMEM106B_mCherry_primary,site0,25,"260305_day25_iNeurons_WellN05_Channel405nm Binned,561nm Binned,488nm Binned_Seq0176.nd2",561nm Binned,488nm Binned,4,whole_field_foreground,stable_channel,545325,6412337.0,5452761.0,10.226502418518066,959576.0,743,0.0013624902581004677,68.43133115190837,12.0,5.682469132194133,5.682469132194133,screening metric for punctate-to-diffuse reporter redistribution; not rupture proof
N05,N,05,PLD3_TMEM106B_mCherry_primary,site0,29,"260309_Day29_WellN05_Channel405nm Binned,561nm Binned,488nm Binned_Seq0176.nd2",561nm Binned,488nm Binned,5,whole_field_foreground,stable_channel,768913,11235847.0,9473095.0,12.60293197631836,1762752.0,1031,0.0013408539067471341,91.50934950849827,12.0,5.374037300763026,5.374037300763026,screening metric for punctate-to-diffuse reporter redistribution; not rupture proof
N05,N,05,PLD3_TMEM106B_mCherry_primary,site0,32,"260312_Day32_WellN05_Channel405nm Binned,561 nm,488nm Binned_Seq0176.nd2",561nm Binned,488nm Binned,6,whole_field_foreground,stable_channel,835048,11677615.0,9725717.0,11.91455078125,1951898.0,1111,0.00133046244048087,92.79185292529802,12.0,4.982697354060006,4.982697354060006,screening metric for punctate-to-diffuse reporter redistribution; not rupture proof
N05,N,05,PLD3_TMEM106B_mCherry_primary,site0,36,"260316_Day36_WellN05_Channel405nm Binned,561nm Binned,488nm Binned_Seq0176.nd2",561nm Binned,488nm Binned,7,whole_field_foreground,stable_channel,911813,14156290.0,12071917.0,13.540628433227539,2084373.0,1186,0.0013007052981243953,90.99125405065527,12.0,5.791629905009424,5.791629905009424,screening metric for punctate-to-diffuse reporter redistribution; not rupture proof
N05,N,05,PLD3_TMEM106B_mCherry_primary,site0,39,"260319_Day39_WellN05_Channel405nm Binned,561nm Binned,488nm Binned_Seq0176.nd2",561nm Binned,488nm Binned,8,whole_field_foreground,stable_channel,778206,17119592.0,15120771.0,19.873159408569336,1998821.0,1000,0.0012850067976843086,103.15012783813476,13.0,7.564844976109634,7.564844976109634,screening metric for punctate-to-diffuse reporter redistribution; not rupture proof
N06,N,06,PLD3_TMEM106B_mCherry_primary,site0,8,"260216_Day8_iNeurons_WellN06_Channel405nm Binned,561nm Binned,488nm Binned_Seq0177.nd2",561nm Binned,488nm Binned,0,whole_field_foreground,stable_channel,781215,16295822.0,12382542.0,16.238441467285156,3913280.0,874,0.0011187701208999843,190.92196963417175,18.0,3.164236139503648,3.164236139503648,screening metric for punctate-to-diffuse reporter redistribution; not rupture proof
N06,N,06,PLD3_TMEM106B_mCherry_primary,site0,12,"260220_Day12_WellN06_Channel405nm Binned,561nm Binned,488nm Binned_Seq0177.nd2",561nm Binned,488nm Binned,1,whole_field_foreground,stable_channel,711694,13106007.0,10800570.0,15.533549308776855,2305437.0,769,0.0010805205608012986,121.05146825267063,16.0,4.684825479939515,4.684825479939515,screening metric for punctate-to-diffuse reporter redistribution; not rupture proof
N06,N,06,PLD3_TMEM106B_mCherry_primary,site0,16,"260224_day16_WellN06_Channel405nm Binned,561nm Binned,488nm Binned_Seq0177.nd2",561nm Binned,488nm Binned,2,whole_field_foreground,stable_channel,723238,14832488.0,12290047.0,17.399250030517578,2542441.0,755,0.0010439163871352945,137.30819259542503,18.0,4.83395563554677,4.83395563554677,screening metric for punctate-to-diffuse reporter redistribution; not rupture proof
N06,N,06,PLD3_TMEM106B_mCherry_primary,site0,20,"260228_day20_WellN06_Channel405nm Binned,561nm Binned,488nm Binned_Seq0177.nd2",561nm Binned,488nm Binned,3,whole_field_foreground,stable_channel,749750,14186187.0,11896723.0,16.238800048828125,2289464.0,845,0.0011270423474476466,120.36989685148882,14.0,5.196291795806706,5.196291795806706,screening metric for punctate-to-diffuse reporter redistribution; not rupture proof
N06,N,06,PLD3_TMEM106B_mCherry_primary,site0,25,"260305_day25_iNeurons_WellN06_Channel405nm Binned,561nm Binned,488nm Binned_Seq0177.nd2",561nm Binned,488nm Binned,4,whole_field_foreground,stable_channel,613131,7321029.0,6261748.0,10.445560455322266,1059281.0,841,0.0013716481469679862,67.64649070712531,12.0,5.911319092850801,5.911319092850801,screening metric for punctate-to-diffuse reporter redistribution; not rupture proof
N06,N,06,PLD3_TMEM106B_mCherry_primary,site0,29,"260309_Day29_WellN06_Channel405nm Binned,561nm Binned,488nm Binned_Seq0177.nd2",561nm Binned,488nm Binned,5,whole_field_foreground,stable_channel,808775,12091937.0,10090125.0,12.763165473937988,2001812.0,1129,0.0013959383017509246,96.4726069630301,12.0,5.040495810792901,5.040495810792901,screening metric for punctate-to-diffuse reporter redistribution; not rupture proof
N06,N,06,PLD3_TMEM106B_mCherry_primary,site0,32,"260312_Day32_WellN06_Channel405nm Binned,561 nm,488nm Binned_Seq0177.nd2",561nm Binned,488nm Binned,6,whole_field_foreground,stable_channel,926585,13664027.0,11381801.0,12.565217971801758,2282226.0,1261,0.0013609113033328179,95.17907313105609,12.0,4.987148950189426,4.987148950189426,screening metric for punctate-to-diffuse reporter redistribution; not rupture proof
N06,N,06,PLD3_TMEM106B_mCherry_primary,site0,36,"260316_Day36_WellN06_Channel405nm Binned,561nm Binned,488nm Binned_Seq0177.nd2",561nm Binned,488nm Binned,7,whole_field_foreground,stable_channel,915207,16524354.0,14160505.0,15.818099021911621,2363849.0,1235,0.0013494214969931946,105.39784429449784,12.0,5.990443975056787,5.990443975056787,screening metric for punctate-to-diffuse reporter redistribution; not rupture proof
N06,N,06,PLD3_TMEM106B_mCherry_primary,site0,39,"260319_Day39_WellN06_Channel405nm Binned,561nm Binned,488nm Binned_Seq0177.nd2",561nm Binned,488nm Binned,8,whole_field_foreground,stable_channel,955617,18070536.0,15572133.0,16.673465728759766,2498403.0,1179,0.0012337578758004162,101.51744727667759,13.0,6.232834734826114,6.232834734826114,screening metric for punctate-to-diffuse reporter redistribution; not rupture proof
N07,N,07,PLD3_TMEM106B_mCherry_primary,site0,8,"260216_Day8_iNeurons_WellN07_Channel405nm Binned,561nm Binned,488nm Binned_Seq0178.nd2",561nm Binned,488nm Binned,0,whole_field_foreground,stable_channel,772742,15825312.0,11956927.0,15.85269546508789,3868385.0,840,0.0010870381058605758,190.61584454491026,19.0,3.0909351059930463,3.0909351059930463,screening metric for punctate-to-diffuse reporter redistribution; not rupture proof
N07,N,07,PLD3_TMEM106B_mCherry_primary,site0,12,"260220_Day12_WellN07_Channel405nm Binned,561nm Binned,488nm Binned_Seq0178.nd2",561nm Binned,488nm Binned,1,whole_field_foreground,stable_channel,672688,12459826.0,10191944.0,15.51308822631836,2267882.0,721,0.0010718193278294369,125.15756050988143,17.0,4.494036285836524,4.494036285836524,screening metric for punctate-to-diffuse reporter redistribution; not rupture proof
N07,N,07,PLD3_TMEM106B_mCherry_primary,site0,16,"260224_day16_WellN07_Channel405nm Binned,561nm Binned,488nm Binned_Seq0178.nd2",561nm Binned,488nm Binned,2,whole_field_foreground,stable_channel,720858,14169744.0,11766263.0,16.714153289794922,2403481.0,750,0.0010404268246991218,128.73536440022787,17.0,4.895509055405516,4.895509055405516,screening metric for punctate-to-diffuse reporter redistribution; not rupture proof
N07,N,07,PLD3_TMEM106B_mCherry_primary,site0,20,"260228_day20_WellN07_Channel405nm Binned,561nm Binned,488nm Binned_Seq0178.nd2",561nm Binned,488nm Binned,3,whole_field_foreground,stable_channel,725376,13431961.0,11296920.0,15.938115119934082,2135041.0,789,0.001087711752248368,116.82537951547988,16.0,5.291195813099003,5.291195813099003,screening metric for punctate-to-diffuse reporter redistribution; not rupture proof
N07,N,07,PLD3_TMEM106B_mCherry_primary,site0,25,"260305_day25_iNeurons_WellN07_Channel405nm Binned,561nm Binned,488nm Binned_Seq0178.nd2",561nm Binned,488nm Binned,4,whole_field_foreground,stable_channel,720404,7249780.0,6081202.0,8.634808540344238,1168578.0,898,0.0012465227844358907,61.542636548490464,13.0,5.203933327509842,5.203933327509842,screening metric for punctate-to-diffuse reporter redistribution; not rupture proof
N07,N,07,PLD3_TMEM106B_mCherry_primary,site0,29,"260309_Day29_WellN07_Channel405nm Binned,561nm Binned,488nm Binned_Seq0178.nd2",561nm Binned,488nm Binned,5,whole_field_foreground,stable_channel,826181,11238087.0,9300527.0,11.515997886657715,1937560.0,1125,0.0013616870879367092,92.77833164808486,12.0,4.80012335101633,4.80012335101633,screening metric for punctate-to-diffuse reporter redistribution; not rupture proof
N07,N,07,PLD3_TMEM106B_mCherry_primary,site0,32,"260312_Day32_WellN07_Channel405nm Binned,561 nm,488nm Binned_Seq0178.nd2",561nm Binned,488nm Binned,6,whole_field_foreground,stable_channel,851434,13755404.0,11532025.0,13.85484504699707,2223379.0,1143,0.0013424411052396987,104.0500717329958,13.0,5.186711307426585,5.186711307426585,screening metric for punctate-to-diffuse reporter redistribution; not rupture proof
N07,N,07,PLD3_TMEM106B_mCherry_primary,site0,36,"260316_Day36_WellN07_Channel405nm Binned,561nm Binned,488nm Binned_Seq0178.nd2",561nm Binned,488nm Binned,7,whole_field_foreground,stable_channel,924036,16986112.0,14420467.0,15.958393096923828,2565645.0,1210,0.0013094727911019599,111.1240584034565,13.0,5.620601057431711,5.620601057431711,screening metric for punctate-to-diffuse reporter redistribution; not rupture proof
N07,N,07,PLD3_TMEM106B_mCherry_primary,site0,39,"260319_Day39_WellN07_Channel405nm Binned,561nm Binned,488nm Binned_Seq0178.nd2",561nm Binned,488nm Binned,8,whole_field_foreground,stable_channel,991582,17641160.0,14978651.0,15.459742546081543,2662508.0,1190,0.0012001024625283637,101.0313128078685,13.0,5.6257675094288455,5.6257675094288455,screening metric for punctate-to-diffuse reporter redistribution; not rupture proof
N08,N,08,PLD3_TMEM106B_mCherry_primary,site0,8,"260216_Day8_iNeurons_WellN08_Channel405nm Binned,561nm Binned,488nm Binned_Seq0179.nd2",561nm Binned,488nm Binned,0,whole_field_foreground,stable_channel,741974,15014373.0,11561165.0,15.961273193359375,3453208.0,785,0.001057988554853596,179.26503658416163,20.0,3.347949211283147,3.347949211283147,screening metric for punctate-to-diffuse reporter redistribution; not rupture proof
N08,N,08,PLD3_TMEM106B_mCherry_primary,site0,12,"260220_Day12_WellN08_Channel405nm Binned,561nm Binned,488nm Binned_Seq0179.nd2",561nm Binned,488nm Binned,1,whole_field_foreground,stable_channel,665904,13074632.0,10680971.0,16.425464630126953,2393661.0,732,0.001099257550636279,132.70464537573642,16.0,4.462190343576446,4.462190343576446,screening metric for punctate-to-diffuse reporter redistribution; not rupture proof
N08,N,08,PLD3_TMEM106B_mCherry_primary,site0,16,"260224_day16_WellN08_Channel405nm Binned,561nm Binned,488nm Binned_Seq0179.nd2",561nm Binned,488nm Binned,2,whole_field_foreground,stable_channel,719718,15044185.0,12404484.0,17.648258209228516,2639701.0,739,0.001026791048714876,140.06074276151128,17.0,4.6992004018619165,4.6992004018619165,screening metric for punctate-to-diffuse reporter redistribution; not rupture proof
N08,N,08,PLD3_TMEM106B_mCherry_primary,site0,20,"260228_day20_WellN08_Channel405nm Binned,561nm Binned,488nm Binned_Seq0179.nd2",561nm Binned,488nm Binned,3,whole_field_foreground,stable_channel,715814,13704941.0,11512449.0,16.460063934326172,2192492.0,827,0.0011553280600810332,122.76931055108177,15.0,5.250851086341364,5.250851086341364,screening metric for punctate-to-diffuse reporter redistribution; not rupture proof
N08,N,08,PLD3_TMEM106B_mCherry_primary,site0,25,"260305_day25_iNeurons_WellN08_Channel405nm Binned,561nm Binned,488nm Binned_Seq0179.nd2",561nm Binned,488nm Binned,4,whole_field_foreground,stable_channel,550757,7219429.0,6174861.0,11.461075782775879,1044568.0,789,0.0014325737121789963,76.89510553357567,11.0,5.911401651203262,5.911401651203262,screening metric for punctate-to-diffuse reporter redistribution; not rupture proof
N08,N,08,PLD3_TMEM106B_mCherry_primary,site0,29,"260309_Day29_WellN08_Channel405nm Binned,561nm Binned,488nm Binned_Seq0179.nd2",561nm Binned,488nm Binned,5,whole_field_foreground,stable_channel,771453,12479345.0,10535048.0,13.96265697479248,1944297.0,1112,0.0014414358360114725,103.03551528093627,12.0,5.418435557939236,5.418435557939236,screening metric for punctate-to-diffuse reporter redistribution; not rupture proof
N08,N,08,PLD3_TMEM106B_mCherry_primary,site0,32,"260312_Day32_WellN08_Channel405nm Binned,561 nm,488nm Binned_Seq0179.nd2",561nm Binned,488nm Binned,6,whole_field_foreground,stable_channel,827356,14047854.0,11796564.0,14.581932067871094,2251290.0,1161,0.0014032653416408375,108.80097603284523,12.0,5.239913116477558,5.239913116477558,screening metric for punctate-to-diffuse reporter redistribution; not rupture proof
N08,N,08,PLD3_TMEM106B_mCherry_primary,site0,36,"260316_Day36_WellN08_Channel405nm Binned,561nm Binned,488nm Binned_Seq0179.nd2",561nm Binned,488nm Binned,7,whole_field_foreground,stable_channel,877945,16194219.0,13718053.0,15.979336738586426,2476166.0,1186,0.0013508818889550588,111.15156229993747,12.0,5.5400377034473705,5.5400377034473705,screening metric for punctate-to-diffuse reporter redistribution; not rupture proof
N08,N,08,PLD3_TMEM106B_mCherry_primary,site0,39,"260319_Day39_WellN08_Channel405nm Binned,561nm Binned,488nm Binned_Seq0179.nd2",561nm Binned,488nm Binned,8,whole_field_foreground,stable_channel,980922,19176736.0,16326060.0,17.029125213623047,2850676.0,1226,0.0012498445340187602,110.28034338709969,13.0,5.7270836812020285,5.7270836812020285,screening metric for punctate-to-diffuse reporter redistribution; not rupture proof
N09,N,09,PLD3_TMEM106B_mCherry_primary,site0,8,"260216_Day8_iNeurons_WellN09_Channel405nm Binned,561nm Binned,488nm Binned_Seq0180.nd2",561nm Binned,488nm Binned,0,whole_field_foreground,stable_channel,761543,15234341.0,11562650.0,15.55407428741455,3671691.0,810,0.0010636300248297685,182.13917413405431,19.0,3.1491348264319767,3.1491348264319767,screening metric for punctate-to-diffuse reporter redistribution; not rupture proof
N09,N,09,PLD3_TMEM106B_mCherry_primary,site0,12,"260220_Day12_WellN09_Channel405nm Binned,561nm Binned,488nm Binned_Seq0180.nd2",561nm Binned,488nm Binned,1,whole_field_foreground,stable_channel,727956,13517526.0,11120006.0,15.637598991394043,2397520.0,777,0.00106737220381305,121.29890734992892,17.0,4.6381285661831235,4.6381285661831235,screening metric for punctate-to-diffuse reporter redistribution; not rupture proof
N09,N,09,PLD3_TMEM106B_mCherry_primary,site0,16,"260224_day16_WellN09_Channel405nm Binned,561nm Binned,488nm Binned_Seq0180.nd2",561nm Binned,488nm Binned,2,whole_field_foreground,stable_channel,710845,14647990.0,12174649.0,17.534812927246094,2473341.0,740,0.0010410145671685936,134.90839586000186,17.0,4.922349566838975,4.922349566838975,screening metric for punctate-to-diffuse reporter redistribution; not rupture proof
N09,N,09,PLD3_TMEM106B_mCherry_primary,site0,20,"260228_day20_WellN09_Channel405nm Binned,561nm Binned,488nm Binned_Seq0180.nd2",561nm Binned,488nm Binned,3,whole_field_foreground,stable_channel,743255,14101998.0,11879454.0,16.35479736328125,2222544.0,847,0.0011395819738836072,119.43751738006699,14.0,5.344980346843372,5.344980346843372,screening metric for punctate-to-diffuse reporter redistribution; not rupture proof
N09,N,09,PLD3_TMEM106B_mCherry_primary,site0,25,"260305_day25_iNeurons_WellN09_Channel405nm Binned,561nm Binned,488nm Binned_Seq0180.nd2",561nm Binned,488nm Binned,4,whole_field_foreground,stable_channel,734235,7471622.0,6181109.0,8.613009452819824,1290513.0,908,0.0012366612869159918,64.87942415817193,13.0,4.789652642007644,4.789652642007644,screening metric for punctate-to-diffuse reporter redistribution; not rupture proof
N09,N,09,PLD3_TMEM106B_mCherry_primary,site0,29,"260309_Day29_WellN09_Channel405nm Binned,561nm Binned,488nm Binned_Seq0180.nd2",561nm Binned,488nm Binned,5,whole_field_foreground,stable_channel,849987,11891230.0,9813413.0,11.813653945922852,2077817.0,1173,0.00138002110620353,93.81018434542423,12.0,4.722943839614016,4.722943839614016,screening metric for punctate-to-diffuse reporter redistribution; not rupture proof
N09,N,09,PLD3_TMEM106B_mCherry_primary,site0,32,"260312_Day32_WellN09_Channel405nm Binned,561 nm,488nm Binned_Seq0180.nd2",561nm Binned,488nm Binned,6,whole_field_foreground,stable_channel,833004,14136418.0,12013588.0,14.745610237121582,2122830.0,1170,0.001404555080165996,103.45635919489412,12.0,5.659232251284531,5.659232251284531,screening metric for punctate-to-diffuse reporter redistribution; not rupture proof
N09,N,09,PLD3_TMEM106B_mCherry_primary,site0,36,"260316_Day36_WellN09_Channel405nm Binned,561nm Binned,488nm Binned_Seq0180.nd2",561nm Binned,488nm Binned,7,whole_field_foreground,stable_channel,970321,16213266.0,13672837.0,14.413336753845215,2540429.0,1280,0.0013191510850519372,102.08517611324787,12.0,5.382097669328535,5.382097669328535,screening metric for punctate-to-diffuse reporter redistribution; not rupture proof
N09,N,09,PLD3_TMEM106B_mCherry_primary,site0,39,"260319_Day39_WellN09_Channel405nm Binned,561nm Binned,488nm Binned_Seq0180.nd2",561nm Binned,488nm Binned,8,whole_field_foreground,stable_channel,905923,17291024.0,14734413.0,16.64044189453125,2556610.0,1125,0.0012418273959252145,108.07913299221462,13.0,5.763261897588697,5.763261897588697,screening metric for punctate-to-diffuse reporter redistribution; not rupture proof
N10,N,10,PLD3_TMEM106B_mCherry_primary,site0,8,"260216_Day8_iNeurons_WellN10_Channel405nm Binned,561nm Binned,488nm Binned_Seq0181.nd2",561nm Binned,488nm Binned,0,whole_field_foreground,stable_channel,732155,14929159.0,11388513.0,15.933226585388184,3540646.0,812,0.00110905477665097,185.569465590228,18.0,3.216507100680719,3.216507100680719,screening metric for punctate-to-diffuse reporter redistribution; not rupture proof
N10,N,10,PLD3_TMEM106B_mCherry_primary,site0,12,"260220_Day12_WellN10_Channel405nm Binned,561nm Binned,488nm Binned_Seq0181.nd2",561nm Binned,488nm Binned,1,whole_field_foreground,stable_channel,687896,12795014.0,10587993.0,15.761125564575195,2207021.0,749,0.001088827380881574,119.76961881487328,17.0,4.79741379896032,4.79741379896032,screening metric for punctate-to-diffuse reporter redistribution; not rupture proof
N10,N,10,PLD3_TMEM106B_mCherry_primary,site0,16,"260224_day16_WellN10_Channel405nm Binned,561nm Binned,488nm Binned_Seq0181.nd2",561nm Binned,488nm Binned,2,whole_field_foreground,stable_channel,699000,13773672.0,11331616.0,16.599864959716797,2442056.0,718,0.0010271816881244247,131.98005885599716,17.0,4.640194983241728,4.640194983241728,screening metric for punctate-to-diffuse reporter redistribution; not rupture proof
N10,N,10,PLD3_TMEM106B_mCherry_primary,site0,20,"260228_day20_WellN10_Channel405nm Binned,561nm Binned,488nm Binned_Seq0181.nd2",561nm Binned,488nm Binned,3,whole_field_foreground,stable_channel,709960,13308070.0,11087982.0,15.986133575439453,2220088.0,770,0.0010845681446826798,122.54084458784624,15.0,4.994388510723452,4.994388510723452,screening metric for punctate-to-diffuse reporter redistribution; not rupture proof
N10,N,10,PLD3_TMEM106B_mCherry_primary,site0,25,"260305_day25_iNeurons_WellN10_Channel405nm Binned,561nm Binned,488nm Binned_Seq0181.nd2",561nm Binned,488nm Binned,4,whole_field_foreground,stable_channel,627148,6544540.0,5520141.0,9.003067970275879,1024399.0,830,0.0013234515616707325,63.56075535969562,12.0,5.388663011184716,5.388663011184716,screening metric for punctate-to-diffuse reporter redistribution; not rupture proof
N10,N,10,PLD3_TMEM106B_mCherry_primary,site0,29,"260309_Day29_WellN10_Channel405nm Binned,561nm Binned,488nm Binned_Seq0181.nd2",561nm Binned,488nm Binned,5,whole_field_foreground,stable_channel,795647,11559090.0,9663893.0,12.424570083618164,1895197.0,1109,0.0013938342003408624,95.96370202727529,12.0,5.09914958708509,5.09914958708509,screening metric for punctate-to-diffuse reporter redistribution; not rupture proof
N10,N,10,PLD3_TMEM106B_mCherry_primary,site0,32,"260312_Day32_WellN10_Channel405nm Binned,561 nm,488nm Binned_Seq0181.nd2",561nm Binned,488nm Binned,6,whole_field_foreground,stable_channel,763973,13772039.0,11697436.0,15.655425071716309,2074603.0,1047,0.001370467280909966,111.64396952398641,12.0,5.638397322280148,5.638397322280148,screening metric for punctate-to-diffuse reporter redistribution; not rupture proof
N10,N,10,PLD3_TMEM106B_mCherry_primary,site0,36,"260316_Day36_WellN10_Channel405nm Binned,561nm Binned,488nm Binned_Seq0181.nd2",561nm Binned,488nm Binned,7,whole_field_foreground,stable_channel,891934,15690863.0,13197697.0,15.133203506469727,2493166.0,1161,0.001301665818321421,110.5877096650931,12.0,5.293549246217343,5.293549246217343,screening metric for punctate-to-diffuse reporter redistribution; not rupture proof
N10,N,10,PLD3_TMEM106B_mCherry_primary,site0,39,"260319_Day39_WellN10_Channel405nm Binned,561nm Binned,488nm Binned_Seq0181.nd2",561nm Binned,488nm Binned,8,whole_field_foreground,stable_channel,934640,16120476.0,13500658.0,14.781455993652344,2619818.0,1099,0.001175853804672199,104.89460168479246,13.0,5.153280876761229,5.153280876761229,screening metric for punctate-to-diffuse reporter redistribution; not rupture proof
N11,N,11,PLD3_TMEM106B_mCherry_primary,site0,8,"260216_Day8_iNeurons_WellN11_Channel405nm Binned,561nm Binned,488nm Binned_Seq0182.nd2",561nm Binned,488nm Binned,0,whole_field_foreground,stable_channel,756071,15347956.0,11581464.0,15.694061279296875,3766492.0,837,0.0011070388892033857,189.34935457874514,19.0,3.0748675425294745,3.0748675425294745,screening metric for punctate-to-diffuse reporter redistribution; not rupture proof
N11,N,11,PLD3_TMEM106B_mCherry_primary,site0,12,"260220_Day12_WellN11_Channel405nm Binned,561nm Binned,488nm Binned_Seq0182.nd2",561nm Binned,488nm Binned,1,whole_field_foreground,stable_channel,678592,12918369.0,10650956.0,16.067455291748047,2267413.0,717,0.0010565995472963776,125.80485551161081,17.0,4.697404486961706,4.697404486961706,screening metric for punctate-to-diffuse reporter redistribution; not rupture proof
N11,N,11,PLD3_TMEM106B_mCherry_primary,site0,16,"260224_day16_WellN11_Channel405nm Binned,561nm Binned,488nm Binned_Seq0182.nd2",561nm Binned,488nm Binned,2,whole_field_foreground,stable_channel,685622,14185629.0,11711806.0,17.490619659423828,2473823.0,684,0.0009976342649433687,139.66183109171905,19.0,4.734294248212288,4.734294248212288,screening metric for punctate-to-diffuse reporter redistribution; not rupture proof
N11,N,11,PLD3_TMEM106B_mCherry_primary,site0,20,"260228_day20_WellN11_Channel405nm Binned,561nm Binned,488nm Binned_Seq0182.nd2",561nm Binned,488nm Binned,3,whole_field_foreground,stable_channel,710795,13468743.0,11227901.0,16.168537139892578,2240842.0,769,0.0010818871826601454,125.02693406441122,16.0,5.010572365206913,5.010572365206913,screening metric for punctate-to-diffuse reporter redistribution; not rupture proof
N11,N,11,PLD3_TMEM106B_mCherry_primary,site0,25,"260305_day25_iNeurons_WellN11_Channel405nm Binned,561nm Binned,488nm Binned_Seq0182.nd2",561nm Binned,488nm Binned,4,whole_field_foreground,stable_channel,589614,6878003.0,5879749.0,10.198690414428711,998254.0,823,0.0013958284572595022,67.95532273840644,12.0,5.890032997607934,5.890032997607934,screening metric for punctate-to-diffuse reporter redistribution; not rupture proof
N11,N,11,PLD3_TMEM106B_mCherry_primary,site0,29,"260309_Day29_WellN11_Channel405nm Binned,561nm Binned,488nm Binned_Seq0182.nd2",561nm Binned,488nm Binned,5,whole_field_foreground,stable_channel,806521,11634175.0,9627089.0,12.211833000183105,2007086.0,1098,0.0013614028648958163,98.52381356036076,13.0,4.796550322206026,4.796550322206026,screening metric for punctate-to-diffuse reporter redistribution; not rupture proof
N11,N,11,PLD3_TMEM106B_mCherry_primary,site0,32,"260312_Day32_WellN11_Channel405nm Binned,561 nm,488nm Binned_Seq0182.nd2",561nm Binned,488nm Binned,6,whole_field_foreground,stable_channel,806413,13766734.0,11591855.0,14.69717788696289,2174879.0,1050,0.001302062342743356,109.26933667500813,12.0,5.329885018888256,5.329885018888256,screening metric for punctate-to-diffuse reporter redistribution; not rupture proof
N11,N,11,PLD3_TMEM106B_mCherry_primary,site0,36,"260316_Day36_WellN11_Channel405nm Binned,561nm Binned,488nm Binned_Seq0182.nd2",561nm Binned,488nm Binned,7,whole_field_foreground,stable_channel,949002,15791565.0,13271742.0,14.304621696472168,2519823.0,1224,0.0012897759962557616,103.75997345743616,13.0,5.266934225139915,5.266934225139915,screening metric for punctate-to-diffuse reporter redistribution; not rupture proof
N11,N,11,PLD3_TMEM106B_mCherry_primary,site0,39,"260319_Day39_WellN11_Channel405nm Binned,561nm Binned,488nm Binned_Seq0182.nd2",561nm Binned,488nm Binned,8,whole_field_foreground,stable_channel,1004393,16649048.0,13968636.0,14.23188304901123,2680412.0,1180,0.0011748389325680537,100.06463817661091,13.0,5.2113764600347965,5.2113764600347965,screening metric for punctate-to-diffuse reporter redistribution; not rupture proof
N13,N,13,PLD3_TMEM106B_mCherry_primary,site0,8,"260216_Day8_iNeurons_WellN13_Channel405nm Binned,561nm Binned,488nm Binned_Seq0184.nd2",561nm Binned,488nm Binned,0,whole_field_foreground,stable_channel,659994,13729185.0,10476936.0,16.261085510253906,3252249.0,736,0.0011151616529830345,189.27237804039666,18.0,3.22144337656704,3.22144337656704,screening metric for punctate-to-diffuse reporter redistribution; not rupture proof
N13,N,13,PLD3_TMEM106B_mCherry_primary,site0,12,"260220_Day12_WellN13_Channel405nm Binned,561nm Binned,488nm Binned_Seq0184.nd2",561nm Binned,488nm Binned,1,whole_field_foreground,stable_channel,613511,11157035.0,9210397.0,15.367719650268555,1946638.0,669,0.0010904449960944622,119.75944749977556,16.0,4.731437997200953,4.731437997200953,screening metric for punctate-to-diffuse reporter redistribution; not rupture proof
N13,N,13,PLD3_TMEM106B_mCherry_primary,site0,16,"260224_day16_WellN13_Channel405nm Binned,561nm Binned,488nm Binned_Seq0184.nd2",561nm Binned,488nm Binned,2,whole_field_foreground,stable_channel,638382,12916670.0,10642167.0,17.06728172302246,2274503.0,678,0.0010620600204876358,139.09101283655758,17.0,4.678897763597288,4.678897763597288,screening metric for punctate-to-diffuse reporter redistribution; not rupture proof
N13,N,13,PLD3_TMEM106B_mCherry_primary,site0,20,"260228_day20_WellN13_Channel405nm Binned,561nm Binned,488nm Binned_Seq0184.nd2",561nm Binned,488nm Binned,3,whole_field_foreground,stable_channel,657540,12517961.0,10382044.0,16.160659790039062,2135917.0,731,0.0011117194391198836,126.39838153719087,15.0,4.860696366008201,4.860696366008201,screening metric for punctate-to-diffuse reporter redistribution; not rupture proof
N13,N,13,PLD3_TMEM106B_mCherry_primary,site0,25,"260305_day25_iNeurons_WellN13_Channel405nm Binned,561nm Binned,488nm Binned_Seq0184.nd2",561nm Binned,488nm Binned,4,whole_field_foreground,stable_channel,487358,6007621.0,5120064.0,10.742466926574707,887557.0,695,0.001426056410274529,72.7389395734389,12.0,5.768715699379568,5.768715699379568,screening metric for punctate-to-diffuse reporter redistribution; not rupture proof
N13,N,13,PLD3_TMEM106B_mCherry_primary,site0,29,"260309_Day29_WellN13_Channel405nm Binned,561nm Binned,488nm Binned_Seq0184.nd2",561nm Binned,488nm Binned,5,whole_field_foreground,stable_channel,667073,11036759.0,9308999.0,14.26677417755127,1727760.0,969,0.001452614631379995,106.6838984848668,11.0,5.3879005185874265,5.3879005185874265,screening metric for punctate-to-diffuse reporter redistribution; not rupture proof
N13,N,13,PLD3_TMEM106B_mCherry_primary,site0,32,"260312_Day32_WellN13_Channel405nm Binned,561 nm,488nm Binned_Seq0184.nd2",561nm Binned,488nm Binned,6,whole_field_foreground,stable_channel,740780,12061116.0,10113673.0,13.962759017944336,1947443.0,1047,0.0014133750911182626,103.56980963035663,12.0,5.193308867060451,5.193308867060451,screening metric for punctate-to-diffuse reporter redistribution; not rupture proof
N13,N,13,PLD3_TMEM106B_mCherry_primary,site0,36,"260316_Day36_WellN13_Channel405nm Binned,561nm Binned,488nm Binned_Seq0184.nd2",561nm Binned,488nm Binned,7,whole_field_foreground,stable_channel,838184,13497191.0,11268731.0,13.75174617767334,2228460.0,1093,0.0013040096207976959,103.26602646809374,12.0,5.056734695706876,5.056734695706876,screening metric for punctate-to-diffuse reporter redistribution; not rupture proof
N13,N,13,PLD3_TMEM106B_mCherry_primary,site0,39,"260319_Day39_WellN13_Channel405nm Binned,561nm Binned,488nm Binned_Seq0184.nd2",561nm Binned,488nm Binned,8,whole_field_foreground,stable_channel,855888,15179716.0,12744515.0,15.240296363830566,2435201.0,1046,0.0012221225207022155,106.42969907173463,13.0,5.23345506181821,5.23345506181821,screening metric for punctate-to-diffuse reporter redistribution; not rupture proof
N12,N,12,PLD3_TMEM106B_mCherry_primary,site0,8,"260216_Day8_iNeurons_WellN12_Channel405nm Binned,561nm Binned,488nm Binned_Seq0183.nd2",561nm Binned,488nm Binned,0,whole_field_foreground,stable_channel,793847,16830744.0,12788849.0,16.505468368530273,4041894.0,858,0.0010808128014578617,195.10789559993432,19.0,3.164073327998418,3.164073327998418,screening metric for punctate-to-diffuse reporter redistribution; not rupture proof
N12,N,12,PLD3_TMEM106B_mCherry_primary,site0,12,"260220_Day12_WellN12_Channel405nm Binned,561nm Binned,488nm Binned_Seq0183.nd2",561nm Binned,488nm Binned,1,whole_field_foreground,stable_channel,739360,14058772.0,11653753.0,16.136953353881836,2405019.0,778,0.0010522614152766552,122.74162797020763,18.0,4.84559706180914,4.84559706180914,screening metric for punctate-to-diffuse reporter redistribution; not rupture proof
N12,N,12,PLD3_TMEM106B_mCherry_primary,site0,16,"260224_day16_WellN12_Channel405nm Binned,561nm Binned,488nm Binned_Seq0183.nd2",561nm Binned,488nm Binned,2,whole_field_foreground,stable_channel,793706,16038157.0,13223170.0,17.05819320678711,2814987.0,788,0.0009928109400697577,134.0372701828855,18.0,4.697417785586684,4.697417785586684,screening metric for punctate-to-diffuse reporter redistribution; not rupture proof
N12,N,12,PLD3_TMEM106B_mCherry_primary,site0,20,"260228_day20_WellN12_Channel405nm Binned,561nm Binned,488nm Binned_Seq0183.nd2",561nm Binned,488nm Binned,3,whole_field_foreground,stable_channel,804384,15344665.0,12880006.0,16.389007568359375,2464659.0,903,0.0011225981620704506,120.28000979671711,15.0,5.225877494612754,5.225877494612754,screening metric for punctate-to-diffuse reporter redistribution; not rupture proof
N12,N,12,PLD3_TMEM106B_mCherry_primary,site0,25,"260305_day25_iNeurons_WellN12_Channel405nm Binned,561nm Binned,488nm Binned_Seq0183.nd2",561nm Binned,488nm Binned,4,whole_field_foreground,stable_channel,687424,7569190.0,6326171.0,9.41486930847168,1243019.0,967,0.001406700958940324,69.4083268087677,12.0,5.089359856924882,5.089359856924882,screening metric for punctate-to-diffuse reporter redistribution; not rupture proof
N12,N,12,PLD3_TMEM106B_mCherry_primary,site0,29,"260309_Day29_WellN12_Channel405nm Binned,561nm Binned,488nm Binned_Seq0183.nd2",561nm Binned,488nm Binned,5,whole_field_foreground,stable_channel,933041,12728339.0,10467062.0,11.477343559265137,2261277.0,1278,0.0013697147285045676,94.4684018775331,12.0,4.628827870267717,4.628827870267717,screening metric for punctate-to-diffuse reporter redistribution; not rupture proof
N12,N,12,PLD3_TMEM106B_mCherry_primary,site0,32,"260312_Day32_WellN12_Channel405nm Binned,561 nm,488nm Binned_Seq0183.nd2",561nm Binned,488nm Binned,6,whole_field_foreground,stable_channel,957574,15215229.0,12676504.0,13.541060447692871,2538725.0,1293,0.0013502872885005751,104.1167925622974,12.0,4.993256063573253,4.993256063573253,screening metric for punctate-to-diffuse reporter redistribution; not rupture proof
N12,N,12,PLD3_TMEM106B_mCherry_primary,site0,36,"260316_Day36_WellN12_Channel405nm Binned,561nm Binned,488nm Binned_Seq0183.nd2",561nm Binned,488nm Binned,7,whole_field_foreground,stable_channel,1042731,17034496.0,14272536.0,14.001824378967285,2761961.0,1313,0.001259193406543721,102.96160606273875,13.0,5.167537123078434,5.167537123078434,screening metric for punctate-to-diffuse reporter redistribution; not rupture proof
N12,N,12,PLD3_TMEM106B_mCherry_primary,site0,39,"260319_Day39_WellN12_Channel405nm Binned,561nm Binned,488nm Binned_Seq0183.nd2",561nm Binned,488nm Binned,8,whole_field_foreground,stable_channel,947079,19390980.0,16601703.0,17.93107795715332,2789276.0,1206,0.0012733890203443711,114.33841916300962,12.0,5.9519757098236425,5.9519757098236425,screening metric for punctate-to-diffuse reporter redistribution; not rupture proof
N15,N,15,PLD3_TMEM106B_mCherry_primary,site0,8,"260216_Day8_iNeurons_WellN15_Channel405nm Binned,561nm Binned,488nm Binned_Seq0186.nd2",561nm Binned,488nm Binned,0,whole_field_foreground,stable_channel,631414,12238936.0,9404063.0,15.258235931396484,2834873.0,660,0.0010452729904610204,170.46105362863253,19.0,3.3172784107071758,3.3172784107071758,screening metric for punctate-to-diffuse reporter redistribution; not rupture proof
N15,N,15,PLD3_TMEM106B_mCherry_primary,site0,12,"260220_Day12_WellN15_Channel405nm Binned,561nm Binned,488nm Binned_Seq0186.nd2",561nm Binned,488nm Binned,1,whole_field_foreground,stable_channel,547203,10101451.0,8298906.0,15.531017303466797,1802545.0,574,0.0010489708572485,120.47855645023571,16.0,4.603993797655757,4.603993797655757,screening metric for punctate-to-diffuse reporter redistribution; not rupture proof
N15,N,15,PLD3_TMEM106B_mCherry_primary,site0,16,"260224_day16_WellN15_Channel405nm Binned,561nm Binned,488nm Binned_Seq0186.nd2",561nm Binned,488nm Binned,2,whole_field_foreground,stable_channel,557509,11297379.0,9282174.0,17.04558563232422,2015205.0,553,0.0009919122381863038,138.80981198357415,18.0,4.606069357705739,4.606069357705739,screening metric for punctate-to-diffuse reporter redistribution; not rupture proof
N15,N,15,PLD3_TMEM106B_mCherry_primary,site0,20,"260228_day20_WellN15_Channel405nm Binned,561nm Binned,488nm Binned_Seq0186.nd2",561nm Binned,488nm Binned,3,whole_field_foreground,stable_channel,552467,10247343.0,8554854.0,15.851216316223145,1692489.0,633,0.0011457697925828225,119.82351365774917,14.0,5.05459946859031,5.05459946859031,screening metric for punctate-to-diffuse reporter redistribution; not rupture proof
N15,N,15,PLD3_TMEM106B_mCherry_primary,site0,25,"260305_day25_iNeurons_WellN15_Channel405nm Binned,561nm Binned,488nm Binned_Seq0186.nd2",561nm Binned,488nm Binned,4,whole_field_foreground,stable_channel,465042,5368014.0,4562994.0,10.034534454345703,805020.0,585,0.0012579508947551878,67.13408909333057,13.0,5.668174703727027,5.668174703727027,screening metric for punctate-to-diffuse reporter redistribution; not rupture proof
N15,N,15,PLD3_TMEM106B_mCherry_primary,site0,29,"260309_Day29_WellN15_Channel405nm Binned,561nm Binned,488nm Binned_Seq0186.nd2",561nm Binned,488nm Binned,5,whole_field_foreground,stable_channel,646620,9600939.0,7923560.0,12.537239074707031,1677379.0,854,0.0013207138659470465,101.2564623428452,13.0,4.723774412339296,4.723774412339296,screening metric for punctate-to-diffuse reporter redistribution; not rupture proof
N15,N,15,PLD3_TMEM106B_mCherry_primary,site0,32,"260312_Day32_WellN15_Channel405nm Binned,561 nm,488nm Binned_Seq0186.nd2",561nm Binned,488nm Binned,6,whole_field_foreground,stable_channel,699375,10215075.0,8353059.0,12.218523025512695,1862016.0,890,0.0012725647899892438,101.87386514470818,12.0,4.486029658174535,4.486029658174535,screening metric for punctate-to-diffuse reporter redistribution; not rupture proof
N15,N,15,PLD3_TMEM106B_mCherry_primary,site0,36,"260316_Day36_WellN15_Channel405nm Binned,561nm Binned,488nm Binned_Seq0186.nd2",561nm Binned,488nm Binned,7,whole_field_foreground,stable_channel,739044,12672449.0,10681447.0,14.785544395446777,1991002.0,959,0.0012976223337158577,105.78349601339872,12.0,5.364860005160534,5.364860005160534,screening metric for punctate-to-diffuse reporter redistribution; not rupture proof
N15,N,15,PLD3_TMEM106B_mCherry_primary,site0,39,"260319_Day39_WellN15_Channel405nm Binned,561nm Binned,488nm Binned_Seq0186.nd2",561nm Binned,488nm Binned,8,whole_field_foreground,stable_channel,805415,13549381.0,11444451.0,14.54015064239502,2104930.0,947,0.0011757913622155339,99.18792924810488,14.0,5.436974626232019,5.436974626232019,screening metric for punctate-to-diffuse reporter redistribution; not rupture proof
N14,N,14,PLD3_TMEM106B_mCherry_primary,site0,8,"260216_Day8_iNeurons_WellN14_Channel405nm Binned,561nm Binned,488nm Binned_Seq0185.nd2",561nm Binned,488nm Binned,0,whole_field_foreground,stable_channel,791010,15764391.0,12114987.0,15.689432144165039,3649404.0,835,0.001055612444847656,174.66570096501334,20.0,3.319716589338062,3.319716589338062,screening metric for punctate-to-diffuse reporter redistribution; not rupture proof
N14,N,14,PLD3_TMEM106B_mCherry_primary,site0,12,"260220_Day12_WellN14_Channel405nm Binned,561nm Binned,488nm Binned_Seq0185.nd2",561nm Binned,488nm Binned,1,whole_field_foreground,stable_channel,767985,13513069.0,11007530.0,14.674300193786621,2505539.0,768,0.001000019531630175,121.39627446234226,18.0,4.393278252701558,4.393278252701558,screening metric for punctate-to-diffuse reporter redistribution; not rupture proof
N14,N,14,PLD3_TMEM106B_mCherry_primary,site0,16,"260224_day16_WellN14_Channel405nm Binned,561nm Binned,488nm Binned_Seq0185.nd2",561nm Binned,488nm Binned,2,whole_field_foreground,stable_channel,829544,15755888.0,12874916.0,15.895880699157715,2880972.0,782,0.0009426865844356144,130.58165773650265,19.0,4.468948674265328,4.468948674265328,screening metric for punctate-to-diffuse reporter redistribution; not rupture proof
N14,N,14,PLD3_TMEM106B_mCherry_primary,site0,20,"260228_day20_WellN14_Channel405nm Binned,561nm Binned,488nm Binned_Seq0185.nd2",561nm Binned,488nm Binned,3,whole_field_foreground,stable_channel,840127,14695058.0,12173474.0,14.834881782531738,2521584.0,872,0.0010379383117063992,115.36145661730285,16.0,4.827709090791809,4.827709090791809,screening metric for punctate-to-diffuse reporter redistribution; not rupture proof
N14,N,14,PLD3_TMEM106B_mCherry_primary,site0,25,"260305_day25_iNeurons_WellN14_Channel405nm Binned,561nm Binned,488nm Binned_Seq0185.nd2",561nm Binned,488nm Binned,4,whole_field_foreground,stable_channel,654009,6795178.0,5633624.0,8.813430786132812,1161554.0,809,0.0012369860353584783,66.9646069417041,13.0,4.85007498574767,4.85007498574767,screening metric for punctate-to-diffuse reporter redistribution; not rupture proof
N14,N,14,PLD3_TMEM106B_mCherry_primary,site0,29,"260309_Day29_WellN14_Channel405nm Binned,561nm Binned,488nm Binned_Seq0185.nd2",561nm Binned,488nm Binned,5,whole_field_foreground,stable_channel,959040,11871187.0,9630942.0,10.276183128356934,2240245.0,1232,0.0012846179512832785,89.60920371637715,13.0,4.299057469158821,4.299057469158821,screening metric for punctate-to-diffuse reporter redistribution; not rupture proof
N14,N,14,PLD3_TMEM106B_mCherry_primary,site0,32,"260312_Day32_WellN14_Channel405nm Binned,561 nm,488nm Binned_Seq0185.nd2",561nm Binned,488nm Binned,6,whole_field_foreground,stable_channel,954441,13371876.0,10911270.0,11.697505950927734,2460606.0,1229,0.0012876647168329025,98.93311706182917,13.0,4.434383237298278,4.434383237298278,screening metric for punctate-to-diffuse reporter redistribution; not rupture proof
N14,N,14,PLD3_TMEM106B_mCherry_primary,site0,36,"260316_Day36_WellN14_Channel405nm Binned,561nm Binned,488nm Binned_Seq0185.nd2",561nm Binned,488nm Binned,7,whole_field_foreground,stable_channel,1075367,16477412.0,13637713.0,12.97829818725586,2839699.0,1292,0.001201450295572394,97.54439440747902,13.0,4.802520619261125,4.802520619261125,screening metric for punctate-to-diffuse reporter redistribution; not rupture proof
N14,N,14,PLD3_TMEM106B_mCherry_primary,site0,39,"260319_Day39_WellN14_Channel405nm Binned,561nm Binned,488nm Binned_Seq0185.nd2",561nm Binned,488nm Binned,8,whole_field_foreground,stable_channel,1133419,16321288.0,13543545.0,12.229519844055176,2777743.0,1256,0.0011081515308980102,90.5591133779781,14.0,4.875737244228543,4.875737244228543,screening metric for punctate-to-diffuse reporter redistribution; not rupture proof
N16,N,16,PLD3_TMEM106B_mCherry_primary,site0,8,"260216_Day8_iNeurons_WellN16_Channel405nm Binned,561nm Binned,488nm Binned_Seq0187.nd2",561nm Binned,488nm Binned,0,whole_field_foreground,stable_channel,835613,16675438.0,12708936.0,15.579449653625488,3966502.0,854,0.0010220042052947692,180.02295431096883,21.0,3.2040664545225988,3.2040664545225988,screening metric for punctate-to-diffuse reporter redistribution; not rupture proof
N16,N,16,PLD3_TMEM106B_mCherry_primary,site0,12,"260220_Day12_WellN16_Channel405nm Binned,561nm Binned,488nm Binned_Seq0187.nd2",561nm Binned,488nm Binned,1,whole_field_foreground,stable_channel,794763,14548909.0,11947526.0,15.391833305358887,2601383.0,809,0.0010179135163551677,120.55833789650973,18.0,4.59275931302519,4.59275931302519,screening metric for punctate-to-diffuse reporter redistribution; not rupture proof
N16,N,16,PLD3_TMEM106B_mCherry_primary,site0,16,"260224_day16_WellN16_Channel405nm Binned,561nm Binned,488nm Binned_Seq0187.nd2",561nm Binned,488nm Binned,2,whole_field_foreground,stable_channel,868238,16368125.0,13330032.0,15.725218772888184,3038093.0,828,0.0009536555644869798,130.45274419369906,19.0,4.3876313200404375,4.3876313200404375,screening metric for punctate-to-diffuse reporter redistribution; not rupture proof
N16,N,16,PLD3_TMEM106B_mCherry_primary,site0,20,"260228_day20_WellN16_Channel405nm Binned,561nm Binned,488nm Binned_Seq0187.nd2",561nm Binned,488nm Binned,3,whole_field_foreground,stable_channel,872746,14827446.0,12316573.0,14.447271347045898,2510873.0,891,0.0010209155928517335,111.55104339376979,17.0,4.9052950905900445,4.9052950905900445,screening metric for punctate-to-diffuse reporter redistribution; not rupture proof
N16,N,16,PLD3_TMEM106B_mCherry_primary,site0,25,"260305_day25_iNeurons_WellN16_Channel405nm Binned,561nm Binned,488nm Binned_Seq0187.nd2",561nm Binned,488nm Binned,4,whole_field_foreground,stable_channel,703380,6871600.0,5784660.0,8.4149808883667,1086940.0,918,0.0013051266740576855,59.28004302230536,13.0,5.321968093910131,5.321968093910131,screening metric for punctate-to-diffuse reporter redistribution; not rupture proof
N16,N,16,PLD3_TMEM106B_mCherry_primary,site0,29,"260309_Day29_WellN16_Channel405nm Binned,561nm Binned,488nm Binned_Seq0187.nd2",561nm Binned,488nm Binned,5,whole_field_foreground,stable_channel,953856,12052319.0,9878437.0,10.596395492553711,2173882.0,1228,0.0012874060654844259,88.15973090193559,13.0,4.544145910401511,4.544145910401511,screening metric for punctate-to-diffuse reporter redistribution; not rupture proof
N16,N,16,PLD3_TMEM106B_mCherry_primary,site0,32,"260312_Day32_WellN16_Channel405nm Binned,561 nm,488nm Binned_Seq0187.nd2",561nm Binned,488nm Binned,6,whole_field_foreground,stable_channel,1029558,12993776.0,10626129.0,10.561681747436523,2367647.0,1250,0.001214113240826438,88.80151851501465,14.0,4.488054595974616,4.488054595974616,screening metric for punctate-to-diffuse reporter redistribution; not rupture proof
N16,N,16,PLD3_TMEM106B_mCherry_primary,site0,36,"260316_Day36_WellN16_Channel405nm Binned,561nm Binned,488nm Binned_Seq0187.nd2",561nm Binned,488nm Binned,7,whole_field_foreground,stable_channel,1123715,15921332.0,13340750.0,12.148717880249023,2580582.0,1408,0.0012529867448585691,88.27063702182336,13.0,5.169667152601557,5.169667152601557,screening metric for punctate-to-diffuse reporter redistribution; not rupture proof
N16,N,16,PLD3_TMEM106B_mCherry_primary,site0,39,"260319_Day39_WellN16_Channel405nm Binned,561nm Binned,488nm Binned_Seq0187.nd2",561nm Binned,488nm Binned,8,whole_field_foreground,stable_channel,1095278,16836644.0,14188433.0,13.2578763961792,2648211.0,1249,0.001140349755951329,90.63146785128298,14.0,5.357742642106178,5.357742642106178,screening metric for punctate-to-diffuse reporter redistribution; not rupture proof
N17,N,17,PLD3_TMEM106B_mCherry_primary,site0,8,"260216_Day8_iNeurons_WellN17_Channel405nm Binned,561nm Binned,488nm Binned_Seq0188.nd2",561nm Binned,488nm Binned,0,whole_field_foreground,stable_channel,709836,15303623.0,11663531.0,16.828792572021484,3640092.0,765,0.0010777137254223824,195.6358885621713,19.0,3.204185773325728,3.204185773325728,screening metric for punctate-to-diffuse reporter redistribution; not rupture proof
N17,N,17,PLD3_TMEM106B_mCherry_primary,site0,12,"260220_Day12_WellN17_Channel405nm Binned,561nm Binned,488nm Binned_Seq0188.nd2",561nm Binned,488nm Binned,1,whole_field_foreground,stable_channel,644606,11957288.0,9816234.0,15.592560768127441,2141054.0,726,0.0011262693800536665,124.71888345135145,16.0,4.584767128711101,4.584767128711101,screening metric for punctate-to-diffuse reporter redistribution; not rupture proof
N17,N,17,PLD3_TMEM106B_mCherry_primary,site0,16,"260224_day16_WellN17_Channel405nm Binned,561nm Binned,488nm Binned_Seq0188.nd2",561nm Binned,488nm Binned,2,whole_field_foreground,stable_channel,710259,14142775.0,11677763.0,16.83482551574707,2465012.0,705,0.0009925956587653341,133.03794838113987,18.0,4.7374061464995965,4.7374061464995965,screening metric for punctate-to-diffuse reporter redistribution; not rupture proof
N17,N,17,PLD3_TMEM106B_mCherry_primary,site0,20,"260228_day20_WellN17_Channel405nm Binned,561nm Binned,488nm Binned_Seq0188.nd2",561nm Binned,488nm Binned,3,whole_field_foreground,stable_channel,716703,13459980.0,11176514.0,15.963871955871582,2283466.0,800,0.0011162224798820205,123.24828426361084,15.0,4.894539266183559,4.894539266183559,screening metric for punctate-to-diffuse reporter redistribution; not rupture proof
N17,N,17,PLD3_TMEM106B_mCherry_primary,site0,25,"260305_day25_iNeurons_WellN17_Channel405nm Binned,561nm Binned,488nm Binned_Seq0188.nd2",561nm Binned,488nm Binned,4,whole_field_foreground,stable_channel,596203,6203188.0,5233036.0,8.978558540344238,970152.0,777,0.0013032473838586803,63.30177192000655,13.0,5.3940372230275315,5.3940372230275315,screening metric for punctate-to-diffuse reporter redistribution; not rupture proof
N17,N,17,PLD3_TMEM106B_mCherry_primary,site0,29,"260309_Day29_WellN17_Channel405nm Binned,561nm Binned,488nm Binned_Seq0188.nd2",561nm Binned,488nm Binned,5,whole_field_foreground,stable_channel,838021,11256407.0,9293116.0,11.346670150756836,1963291.0,1103,0.00131619613350821,92.16679221505159,13.0,4.733437885670166,4.733437885670166,screening metric for punctate-to-diffuse reporter redistribution; not rupture proof
N17,N,17,PLD3_TMEM106B_mCherry_primary,site0,32,"260312_Day32_WellN17_Channel405nm Binned,561 nm,488nm Binned_Seq0188.nd2",561nm Binned,488nm Binned,6,whole_field_foreground,stable_channel,819655,12979143.0,10884912.0,13.58430290222168,2094231.0,1075,0.0013115274109212881,102.1812062782465,12.0,5.197569895582102,5.197569895582102,screening metric for punctate-to-diffuse reporter redistribution; not rupture proof
N17,N,17,PLD3_TMEM106B_mCherry_primary,site0,36,"260316_Day36_WellN17_Channel405nm Binned,561nm Binned,488nm Binned_Seq0188.nd2",561nm Binned,488nm Binned,7,whole_field_foreground,stable_channel,909756,14821030.0,12510626.0,14.065828323364258,2310404.0,1162,0.0012772655525203711,100.43103688514171,12.0,5.414908388314159,5.414908388314159,screening metric for punctate-to-diffuse reporter redistribution; not rupture proof
N17,N,17,PLD3_TMEM106B_mCherry_primary,site0,39,"260319_Day39_WellN17_Channel405nm Binned,561nm Binned,488nm Binned_Seq0188.nd2",561nm Binned,488nm Binned,8,whole_field_foreground,stable_channel,1033007,16080681.0,13448105.0,13.324639320373535,2632576.0,1200,0.0011616571814119733,95.16835750897725,14.0,5.108344450452671,5.108344450452671,screening metric for punctate-to-diffuse reporter redistribution; not rupture proof
N18,N,18,PLD3_TMEM106B_mCherry_primary,site0,8,"260216_Day8_iNeurons_WellN18_Channel405nm Binned,561nm Binned,488nm Binned_Seq0189.nd2",561nm Binned,488nm Binned,0,whole_field_foreground,stable_channel,787865,15640938.0,12072062.0,15.698001861572266,3568876.0,835,0.0010598262392655343,170.10391246315962,19.0,3.3825949682747782,3.3825949682747782,screening metric for punctate-to-diffuse reporter redistribution; not rupture proof
N18,N,18,PLD3_TMEM106B_mCherry_primary,site0,12,"260220_Day12_WellN18_Channel405nm Binned,561nm Binned,488nm Binned_Seq0189.nd2",561nm Binned,488nm Binned,1,whole_field_foreground,stable_channel,732149,13015132.0,10663901.0,14.915443420410156,2351231.0,754,0.001029845017884297,117.12825355732156,17.0,4.535454406647184,4.535454406647184,screening metric for punctate-to-diffuse reporter redistribution; not rupture proof
N18,N,18,PLD3_TMEM106B_mCherry_primary,site0,16,"260224_day16_WellN18_Channel405nm Binned,561nm Binned,488nm Binned_Seq0189.nd2",561nm Binned,488nm Binned,2,whole_field_foreground,stable_channel,790257,14274061.0,11714139.0,15.179378509521484,2559922.0,741,0.000937669644177859,122.1448860940663,19.0,4.575974971110614,4.575974971110614,screening metric for punctate-to-diffuse reporter redistribution; not rupture proof
N18,N,18,PLD3_TMEM106B_mCherry_primary,site0,20,"260228_day20_WellN18_Channel405nm Binned,561nm Binned,488nm Binned_Seq0189.nd2",561nm Binned,488nm Binned,3,whole_field_foreground,stable_channel,799327,13817531.0,11446249.0,14.662121772766113,2371282.0,837,0.0010471308988673632,113.97962956673499,16.0,4.827029851361067,4.827029851361067,screening metric for punctate-to-diffuse reporter redistribution; not rupture proof
N18,N,18,PLD3_TMEM106B_mCherry_primary,site0,25,"260305_day25_iNeurons_WellN18_Channel405nm Binned,561nm Binned,488nm Binned_Seq0189.nd2",561nm Binned,488nm Binned,4,whole_field_foreground,stable_channel,557672,6480514.0,5519543.0,10.1216402053833,960971.0,715,0.0012821156522090367,67.57177877892981,12.0,5.743714430502331,5.743714430502331,screening metric for punctate-to-diffuse reporter redistribution; not rupture proof
N18,N,18,PLD3_TMEM106B_mCherry_primary,site0,29,"260309_Day29_WellN18_Channel405nm Binned,561nm Binned,488nm Binned_Seq0189.nd2",561nm Binned,488nm Binned,5,whole_field_foreground,stable_channel,850062,11647096.0,9669877.0,11.640510559082031,1977219.0,1107,0.0013022579529477823,90.14406057424985,13.0,4.890645396385079,4.890645396385079,screening metric for punctate-to-diffuse reporter redistribution; not rupture proof
N18,N,18,PLD3_TMEM106B_mCherry_primary,site0,32,"260312_Day32_WellN18_Channel405nm Binned,561 nm,488nm Binned_Seq0189.nd2",561nm Binned,488nm Binned,6,whole_field_foreground,stable_channel,885772,12820196.0,10561977.0,12.199250221252441,2258219.0,1105,0.0012474993564921362,98.53604996970337,13.0,4.677126974839608,4.677126974839608,screening metric for punctate-to-diffuse reporter redistribution; not rupture proof
N18,N,18,PLD3_TMEM106B_mCherry_primary,site0,36,"260316_Day36_WellN18_Channel405nm Binned,561nm Binned,488nm Binned_Seq0189.nd2",561nm Binned,488nm Binned,7,whole_field_foreground,stable_channel,952698,14741193.0,12302559.0,13.213752746582031,2438634.0,1191,0.0012501338304465317,98.39836011065043,13.0,5.044856669756493,5.044856669756493,screening metric for punctate-to-diffuse reporter redistribution; not rupture proof
N18,N,18,PLD3_TMEM106B_mCherry_primary,site0,39,"260319_Day39_WellN18_Channel405nm Binned,561nm Binned,488nm Binned_Seq0189.nd2",561nm Binned,488nm Binned,8,whole_field_foreground,stable_channel,1002729,15024238.0,12508980.0,12.766844749450684,2515258.0,1152,0.0011488647481012826,92.2586086359289,13.5,4.973239325745124,4.973239325745124,screening metric for punctate-to-diffuse reporter redistribution; not rupture proof
N20,N,20,PLD3_TMEM106B_mCherry_primary,site0,8,"260216_Day8_iNeurons_WellN20_Channel405nm Binned,561nm Binned,488nm Binned_Seq0191.nd2",561nm Binned,488nm Binned,0,whole_field_foreground,stable_channel,546401,10554143.0,8285956.0,15.53370189666748,2268187.0,584,0.0010688120995366612,155.4741767465252,19.0,3.6531185479840715,3.6531185479840715,screening metric for punctate-to-diffuse reporter redistribution; not rupture proof
N20,N,20,PLD3_TMEM106B_mCherry_primary,site0,12,"260220_Day12_WellN20_Channel405nm Binned,561nm Binned,488nm Binned_Seq0191.nd2",561nm Binned,488nm Binned,1,whole_field_foreground,stable_channel,516455,8280684.0,6848070.0,13.57776927947998,1432614.0,518,0.0010029915481484292,102.49352701842555,18.0,4.780122210166326,4.780122210166326,screening metric for punctate-to-diffuse reporter redistribution; not rupture proof
N20,N,20,PLD3_TMEM106B_mCherry_primary,site0,16,"260224_day16_WellN20_Channel405nm Binned,561nm Binned,488nm Binned_Seq0191.nd2",561nm Binned,488nm Binned,2,whole_field_foreground,stable_channel,497942,8842738.0,7270607.0,14.953266143798828,1572131.0,495,0.0009940916813584834,118.76419041180851,17.0,4.624682675931824,4.624682675931824,screening metric for punctate-to-diffuse reporter redistribution; not rupture proof
N20,N,20,PLD3_TMEM106B_mCherry_primary,site0,20,"260228_day20_WellN20_Channel405nm Binned,561nm Binned,488nm Binned_Seq0191.nd2",561nm Binned,488nm Binned,3,whole_field_foreground,stable_channel,511939,8687730.0,7217590.0,14.430302619934082,1470140.0,546,0.0010665333174439404,112.51723559872134,15.0,4.909457602673957,4.909457602673957,screening metric for punctate-to-diffuse reporter redistribution; not rupture proof
N20,N,20,PLD3_TMEM106B_mCherry_primary,site0,25,"260305_day25_iNeurons_WellN20_Channel405nm Binned,561nm Binned,488nm Binned_Seq0191.nd2",561nm Binned,488nm Binned,4,whole_field_foreground,stable_channel,370188,3996117.0,3430745.0,9.475337982177734,565372.0,493,0.0013317557565309202,60.76810855749412,12.0,6.068119751232696,6.068119751232696,screening metric for punctate-to-diffuse reporter redistribution; not rupture proof
N20,N,20,PLD3_TMEM106B_mCherry_primary,site0,29,"260309_Day29_WellN20_Channel405nm Binned,561nm Binned,488nm Binned_Seq0191.nd2",561nm Binned,488nm Binned,5,whole_field_foreground,stable_channel,544469,7469379.0,6215627.0,11.679755210876465,1253752.0,736,0.001351775766845584,89.88132370036581,13.0,4.957620805386585,4.957620805386585,screening metric for punctate-to-diffuse reporter redistribution; not rupture proof
N20,N,20,PLD3_TMEM106B_mCherry_primary,site0,32,"260312_Day32_WellN20_Channel405nm Binned,561 nm,488nm Binned_Seq0191.nd2",561nm Binned,488nm Binned,6,whole_field_foreground,stable_channel,574766,9076192.0,7640071.0,13.59440803527832,1436121.0,741,0.0012892203087842891,98.81910285486383,13.0,5.319935437191351,5.319935437191351,screening metric for punctate-to-diffuse reporter redistribution; not rupture proof
N20,N,20,PLD3_TMEM106B_mCherry_primary,site0,36,"260316_Day36_WellN20_Channel405nm Binned,561nm Binned,488nm Binned_Seq0191.nd2",561nm Binned,488nm Binned,7,whole_field_foreground,stable_channel,629718,11225425.0,9635228.0,15.648666381835938,1590197.0,775,0.0012307096192244295,99.74950820430632,13.0,6.059141100124036,6.059141100124036,screening metric for punctate-to-diffuse reporter redistribution; not rupture proof
N20,N,20,PLD3_TMEM106B_mCherry_primary,site0,39,"260319_Day39_WellN20_Channel405nm Binned,561nm Binned,488nm Binned_Seq0191.nd2",561nm Binned,488nm Binned,8,whole_field_foreground,stable_channel,793760,10452495.0,8743964.0,11.275201797485352,1708531.0,889,0.001119985889940133,80.73349978229193,14.0,5.117825781326111,5.117825781326111,screening metric for punctate-to-diffuse reporter redistribution; not rupture proof
N19,N,19,PLD3_TMEM106B_mCherry_primary,site0,8,"260216_Day8_iNeurons_WellN19_Channel405nm Binned,561nm Binned,488nm Binned_Seq0190.nd2",561nm Binned,488nm Binned,0,whole_field_foreground,stable_channel,675351,13039336.0,10027410.0,15.21245288848877,3011926.0,729,0.001079438691878624,170.16859521852763,20.0,3.3292351804116938,3.3292351804116938,screening metric for punctate-to-diffuse reporter redistribution; not rupture proof
N19,N,19,PLD3_TMEM106B_mCherry_primary,site0,12,"260220_Day12_WellN19_Channel405nm Binned,561nm Binned,488nm Binned_Seq0190.nd2",561nm Binned,488nm Binned,1,whole_field_foreground,stable_channel,583486,11138344.0,9062453.0,15.905486106872559,2075891.0,609,0.0010437268417733353,128.94042268449255,17.0,4.3655726625317195,4.3655726625317195,screening metric for punctate-to-diffuse reporter redistribution; not rupture proof
N19,N,19,PLD3_TMEM106B_mCherry_primary,site0,16,"260224_day16_WellN19_Channel405nm Binned,561nm Binned,488nm Binned_Seq0190.nd2",561nm Binned,488nm Binned,2,whole_field_foreground,stable_channel,588488,12085122.0,9888983.0,17.207178115844727,2196139.0,578,0.0009821780563053415,142.06658707193026,18.0,4.502894853192579,4.502894853192579,screening metric for punctate-to-diffuse reporter redistribution; not rupture proof
N19,N,19,PLD3_TMEM106B_mCherry_primary,site0,20,"260228_day20_WellN19_Channel405nm Binned,561nm Binned,488nm Binned_Seq0190.nd2",561nm Binned,488nm Binned,3,whole_field_foreground,stable_channel,609066,11421583.0,9526171.0,16.005340576171875,1895412.0,691,0.0011345240088904412,123.96826071953117,15.0,5.025910461680613,5.025910461680613,screening metric for punctate-to-diffuse reporter redistribution; not rupture proof
N19,N,19,PLD3_TMEM106B_mCherry_primary,site0,25,"260305_day25_iNeurons_WellN19_Channel405nm Binned,561nm Binned,488nm Binned_Seq0190.nd2",561nm Binned,488nm Binned,4,whole_field_foreground,stable_channel,522431,5272595.0,4347263.0,8.514728546142578,925332.0,684,0.00130926380708398,67.75113416415209,12.0,4.698057562037519,4.698057562037519,screening metric for punctate-to-diffuse reporter redistribution; not rupture proof
N19,N,19,PLD3_TMEM106B_mCherry_primary,site0,29,"260309_Day29_WellN19_Channel405nm Binned,561nm Binned,488nm Binned_Seq0190.nd2",561nm Binned,488nm Binned,5,whole_field_foreground,stable_channel,678369,9284722.0,7683626.0,11.588479995727539,1601096.0,943,0.0013900988989747614,93.39251329941816,13.0,4.79897894941665,4.79897894941665,screening metric for punctate-to-diffuse reporter redistribution; not rupture proof
N19,N,19,PLD3_TMEM106B_mCherry_primary,site0,32,"260312_Day32_WellN19_Channel405nm Binned,561 nm,488nm Binned_Seq0190.nd2",561nm Binned,488nm Binned,6,whole_field_foreground,stable_channel,688558,10961579.0,9189851.0,13.647692680358887,1771728.0,898,0.0013041748117060522,104.48190127927104,13.0,5.186942352322034,5.186942352322034,screening metric for punctate-to-diffuse reporter redistribution; not rupture proof
N19,N,19,PLD3_TMEM106B_mCherry_primary,site0,36,"260316_Day36_WellN19_Channel405nm Binned,561nm Binned,488nm Binned_Seq0190.nd2",561nm Binned,488nm Binned,7,whole_field_foreground,stable_channel,706648,13227665.0,11300101.0,16.35460662841797,1927564.0,977,0.0013825836908879915,110.4480647591754,11.0,5.862373960083368,5.862373960083368,screening metric for punctate-to-diffuse reporter redistribution; not rupture proof
N19,N,19,PLD3_TMEM106B_mCherry_primary,site0,39,"260319_Day39_WellN19_Channel405nm Binned,561nm Binned,488nm Binned_Seq0190.nd2",561nm Binned,488nm Binned,8,whole_field_foreground,stable_channel,782595,13604064.0,11591271.0,15.153949737548828,2012793.0,966,0.0012343549345431107,100.8368713307825,13.0,5.758799340018691,5.758799340018691,screening metric for punctate-to-diffuse reporter redistribution; not rupture proof
