well,condition,timepoint_day,registration_channel,estimated_y_shift,estimated_x_shift,pre_registration_correlation,post_registration_correlation,overlap_fraction,registration_error,qc_pass,large_shift,reanchored,anchor_ref_day,n_reanchors,anchor_churn,well_registration_qc_pass,qc_note,row,column,common_crop
C08,PLD3_only_no_mCherry,8,488nm Binned,0.0,0.0,1.0,1.0,1.0,,True,False,False,8,2,0.25,True,anchored_masked_phase_cross_correlation,C,08,"{'y_start': 544, 'y_stop': 2791, 'x_start': 7, 'x_stop': 2697}"
C08,PLD3_only_no_mCherry,12,488nm Binned,-66.0,-135.0,-0.0005167171213101545,0.1905523466479445,0.9309995448258959,,True,False,False,8,2,0.25,True,anchored_masked_phase_cross_correlation,C,08,"{'y_start': 544, 'y_stop': 2791, 'x_start': 7, 'x_stop': 2697}"
C08,PLD3_only_no_mCherry,16,488nm Binned,-34.0,-41.0,0.010362369280446475,0.1493628991046402,0.9740188469311734,,True,False,False,8,2,0.25,True,anchored_masked_phase_cross_correlation,C,08,"{'y_start': 544, 'y_stop': 2791, 'x_start': 7, 'x_stop': 2697}"
C08,PLD3_only_no_mCherry,20,488nm Binned,-41.0,-153.0,0.005744596377883628,0.1187088208393938,0.933119678693767,,True,False,False,8,2,0.25,True,anchored_masked_phase_cross_correlation,C,08,"{'y_start': 544, 'y_stop': 2791, 'x_start': 7, 'x_stop': 2697}"
C08,PLD3_only_no_mCherry,25,488nm Binned,81.99923539574957,6.950081134964421,0.00016751475645644702,0.10189615875935305,0.9690548793021391,,True,False,False,8,2,0.25,True,anchored_masked_phase_cross_correlation,C,08,"{'y_start': 544, 'y_stop': 2791, 'x_start': 7, 'x_stop': 2697}"
C08,PLD3_only_no_mCherry,29,488nm Binned,55.999235395749565,-17.04991886503558,0.011925258634046275,0.34367146655477143,0.9746456605762901,,True,False,True,25,2,0.25,True,anchored_masked_phase_cross_correlation,C,08,"{'y_start': 544, 'y_stop': 2791, 'x_start': 7, 'x_stop': 2697}"
C08,PLD3_only_no_mCherry,32,488nm Binned,474.9605353441002,-168.1832175840682,0.007915125029749151,0.1634930749851902,0.7854632305473415,,True,False,False,25,2,0.25,True,anchored_masked_phase_cross_correlation,C,08,"{'y_start': 544, 'y_stop': 2791, 'x_start': 7, 'x_stop': 2697}"
C08,PLD3_only_no_mCherry,36,488nm Binned,-76.67715720007254,-181.95638361521196,0.001204053636685862,0.13940538312805462,0.9115171331194336,,True,False,False,25,2,0.25,True,anchored_masked_phase_cross_correlation,C,08,"{'y_start': 544, 'y_stop': 2791, 'x_start': 7, 'x_stop': 2697}"
C08,PLD3_only_no_mCherry,39,488nm Binned,816.3098174825573,-137.96132871759255,0.006565424097336638,0.24146446146910822,0.6809610714004627,,True,True,True,36,2,0.25,True,anchored_masked_phase_cross_correlation,C,08,"{'y_start': 544, 'y_stop': 2791, 'x_start': 7, 'x_stop': 2697}"
C07,PLD3_only_no_mCherry,8,488nm Binned,0.0,0.0,1.0,1.0,1.0,,True,False,False,8,2,0.25,True,anchored_masked_phase_cross_correlation,C,07,"{'y_start': 559, 'y_stop': 2801, 'x_start': 5, 'x_stop': 2696}"
C07,PLD3_only_no_mCherry,12,488nm Binned,-56.0,-132.0,0.012839034193741758,0.15138345476241313,0.9353477705222247,,True,False,False,8,2,0.25,True,anchored_masked_phase_cross_correlation,C,07,"{'y_start': 559, 'y_stop': 2801, 'x_start': 5, 'x_stop': 2696}"
C07,PLD3_only_no_mCherry,16,488nm Binned,-27.0,-36.0,0.008449564667484324,0.16757202566657103,0.9781516430034488,,True,False,False,8,2,0.25,True,anchored_masked_phase_cross_correlation,C,07,"{'y_start': 559, 'y_stop': 2801, 'x_start': 5, 'x_stop': 2696}"
C07,PLD3_only_no_mCherry,20,488nm Binned,-31.0,-150.0,0.004363831213614692,0.1320120507188113,0.9374551390907022,,True,False,False,8,2,0.25,True,anchored_masked_phase_cross_correlation,C,07,"{'y_start': 559, 'y_stop': 2801, 'x_start': 5, 'x_stop': 2696}"
C07,PLD3_only_no_mCherry,25,488nm Binned,81.5953492644403,4.951029705145629,0.01882751017430765,0.12414155415425922,0.969872551994066,,True,False,False,8,2,0.25,True,anchored_masked_phase_cross_correlation,C,07,"{'y_start': 559, 'y_stop': 2801, 'x_start': 5, 'x_stop': 2696}"
C07,PLD3_only_no_mCherry,29,488nm Binned,57.5953492644403,-20.04897029485437,0.020823403282092014,0.3981829698132066,0.9730677493282374,,True,False,True,25,2,0.25,True,anchored_masked_phase_cross_correlation,C,07,"{'y_start': 559, 'y_stop': 2801, 'x_start': 5, 'x_stop': 2696}"
C07,PLD3_only_no_mCherry,32,488nm Binned,485.87362323770503,-169.19094743144524,0.005978865062879458,0.15998384870352425,0.7815894025606964,,True,False,False,25,2,0.25,True,anchored_masked_phase_cross_correlation,C,07,"{'y_start': 559, 'y_stop': 2801, 'x_start': 5, 'x_stop': 2696}"
C07,PLD3_only_no_mCherry,36,488nm Binned,-66.74221846152068,-181.97195555346843,0.004346527468334976,0.10425872061532224,0.9147561221082866,,True,False,True,32,2,0.25,True,anchored_masked_phase_cross_correlation,C,07,"{'y_start': 559, 'y_stop': 2801, 'x_start': 5, 'x_stop': 2696}"
C07,PLD3_only_no_mCherry,39,488nm Binned,849.0188990512688,-138.99630958341731,0.010505311707278437,0.25647359931190555,0.6698508034808203,,True,True,False,32,2,0.25,True,anchored_masked_phase_cross_correlation,C,07,"{'y_start': 559, 'y_stop': 2801, 'x_start': 5, 'x_stop': 2696}"
C06,PLD3_only_no_mCherry,8,488nm Binned,0.0,0.0,1.0,1.0,1.0,,True,False,False,8,2,0.25,True,anchored_masked_phase_cross_correlation,C,06,"{'y_start': 573, 'y_stop': 2815, 'x_start': 9, 'x_stop': 2697}"
C06,PLD3_only_no_mCherry,12,488nm Binned,-46.0,-133.0,0.0029520026749986824,0.1834163677911541,0.9383309602033889,,True,False,False,8,2,0.25,True,anchored_masked_phase_cross_correlation,C,06,"{'y_start': 573, 'y_stop': 2815, 'x_start': 9, 'x_stop': 2697}"
C06,PLD3_only_no_mCherry,16,488nm Binned,-27.0,-39.0,0.008658621988207452,0.16099918324547005,0.9771154654155214,,True,False,False,8,2,0.25,True,anchored_masked_phase_cross_correlation,C,06,"{'y_start': 573, 'y_stop': 2815, 'x_start': 9, 'x_stop': 2697}"
C06,PLD3_only_no_mCherry,20,488nm Binned,-19.0,-153.0,0.003843631601860354,0.1256205701697535,0.9403813104345745,,True,False,False,8,2,0.25,True,anchored_masked_phase_cross_correlation,C,06,"{'y_start': 573, 'y_stop': 2815, 'x_start': 9, 'x_stop': 2697}"
C06,PLD3_only_no_mCherry,25,488nm Binned,80.19143620701652,8.952032123641402,0.00698900340763183,0.10885377746357601,0.9690051733674324,,True,False,False,8,2,0.25,True,anchored_masked_phase_cross_correlation,C,06,"{'y_start': 573, 'y_stop': 2815, 'x_start': 9, 'x_stop': 2697}"
C06,PLD3_only_no_mCherry,29,488nm Binned,56.19143620701652,-16.047967876358598,0.0050055803071655455,0.10153412441446265,0.9749215538861044,,True,False,False,8,2,0.25,True,anchored_masked_phase_cross_correlation,C,06,"{'y_start': 573, 'y_stop': 2815, 'x_start': 9, 'x_stop': 2697}"
C06,PLD3_only_no_mCherry,32,488nm Binned,498.7869052215319,-168.19906572708715,0.004912021387678137,0.2412080544135575,0.7776381772872167,,True,False,True,29,2,0.25,True,anchored_masked_phase_cross_correlation,C,06,"{'y_start': 573, 'y_stop': 2815, 'x_start': 9, 'x_stop': 2697}"
C06,PLD3_only_no_mCherry,36,488nm Binned,-52.8068842724897,-180.9883188795502,0.007948612557774834,0.17584475987485237,0.9196433869633582,,True,False,False,29,2,0.25,True,anchored_masked_phase_cross_correlation,C,06,"{'y_start': 573, 'y_stop': 2815, 'x_start': 9, 'x_stop': 2697}"
C06,PLD3_only_no_mCherry,39,488nm Binned,867.7288272201549,-137.03298523715785,0.005238245368951248,0.21215452024813766,0.6641207302435403,,True,True,True,36,2,0.25,True,anchored_masked_phase_cross_correlation,C,06,"{'y_start': 573, 'y_stop': 2815, 'x_start': 9, 'x_stop': 2697}"
C13,PLD3_only_no_mCherry,8,488nm Binned,0.0,0.0,1.0,1.0,1.0,,True,False,False,8,2,0.25,True,anchored_masked_phase_cross_correlation,C,13,"{'y_start': 476, 'y_stop': 2742, 'x_start': 6, 'x_stop': 2696}"
C13,PLD3_only_no_mCherry,12,488nm Binned,-113.0,-136.0,-0.0008432175036414658,0.16374002809765537,0.9150482698521073,,True,False,False,8,2,0.25,True,anchored_masked_phase_cross_correlation,C,13,"{'y_start': 476, 'y_stop': 2742, 'x_start': 6, 'x_stop': 2696}"
C13,PLD3_only_no_mCherry,16,488nm Binned,-49.0,-43.0,0.005430438764644215,0.14944675312318192,0.968178053800023,,True,False,False,8,2,0.25,True,anchored_masked_phase_cross_correlation,C,13,"{'y_start': 476, 'y_stop': 2742, 'x_start': 6, 'x_stop': 2696}"
C13,PLD3_only_no_mCherry,20,488nm Binned,-101.0,-158.0,-0.0020664501070369237,0.10433209764212374,0.9116332483285968,,True,False,False,8,2,0.25,True,anchored_masked_phase_cross_correlation,C,13,"{'y_start': 476, 'y_stop': 2742, 'x_start': 6, 'x_stop': 2696}"
C13,PLD3_only_no_mCherry,25,488nm Binned,91.01862118328427,5.945158785758849,0.0005601597182092579,0.2901026601912046,0.9662569369316621,,True,False,True,20,2,0.25,True,anchored_masked_phase_cross_correlation,C,13,"{'y_start': 476, 'y_stop': 2742, 'x_start': 6, 'x_stop': 2696}"
C13,PLD3_only_no_mCherry,29,488nm Binned,59.01862118328427,-17.05484121424115,0.007788744841431581,0.24405214294004918,0.9735974538281384,,True,False,False,20,2,0.25,True,anchored_masked_phase_cross_correlation,C,13,"{'y_start': 476, 'y_stop': 2742, 'x_start': 6, 'x_stop': 2696}"
C13,PLD3_only_no_mCherry,32,488nm Binned,420.3954198954234,-169.14327378745656,-0.0007645720317091272,0.19735218749761246,0.8030873647515149,,True,False,False,20,2,0.25,True,anchored_masked_phase_cross_correlation,C,13,"{'y_start': 476, 'y_stop': 2742, 'x_start': 6, 'x_stop': 2696}"
C13,PLD3_only_no_mCherry,36,488nm Binned,-125.35119083499012,-181.87588645136793,-0.0009439654688292014,0.1457444362681492,0.8956492821881976,,True,False,False,20,2,0.25,True,anchored_masked_phase_cross_correlation,C,13,"{'y_start': 476, 'y_stop': 2742, 'x_start': 6, 'x_stop': 2696}"
C13,PLD3_only_no_mCherry,39,488nm Binned,696.7658238143922,-139.780776682971,-0.0016982903042554163,0.24038570872264636,0.7201577472228166,,True,True,True,36,2,0.25,True,anchored_masked_phase_cross_correlation,C,13,"{'y_start': 476, 'y_stop': 2742, 'x_start': 6, 'x_stop': 2696}"
C10,PLD3_only_no_mCherry,8,488nm Binned,0.0,0.0,1.0,1.0,1.0,,True,False,False,8,2,0.25,True,anchored_masked_phase_cross_correlation,C,10,"{'y_start': 514, 'y_stop': 2770, 'x_start': 5, 'x_stop': 2693}"
C10,PLD3_only_no_mCherry,12,488nm Binned,-85.0,-135.0,0.011949100860796471,0.20295836197002776,0.9246865571914591,,True,False,False,8,2,0.25,True,anchored_masked_phase_cross_correlation,C,10,"{'y_start': 514, 'y_stop': 2770, 'x_start': 5, 'x_stop': 2693}"
C10,PLD3_only_no_mCherry,16,488nm Binned,-38.0,-40.0,0.011354235070975289,0.1625134294977138,0.9729881401858433,,True,False,False,8,2,0.25,True,anchored_masked_phase_cross_correlation,C,10,"{'y_start': 514, 'y_stop': 2770, 'x_start': 5, 'x_stop': 2693}"
C10,PLD3_only_no_mCherry,20,488nm Binned,-65.0,-156.0,0.004875054768384123,0.14141952160795668,0.9241755804928719,,True,False,False,8,2,0.25,True,anchored_masked_phase_cross_correlation,C,10,"{'y_start': 514, 'y_stop': 2770, 'x_start': 5, 'x_stop': 2693}"
C10,PLD3_only_no_mCherry,25,488nm Binned,81.80700765967049,4.948139120344422,0.001093733900999072,0.11263165451194672,0.9697998585227747,,True,False,False,8,2,0.25,True,anchored_masked_phase_cross_correlation,C,10,"{'y_start': 514, 'y_stop': 2770, 'x_start': 5, 'x_stop': 2693}"
C10,PLD3_only_no_mCherry,29,488nm Binned,53.80700765967049,-19.051860879655578,0.013118527157481309,0.32031187733303995,0.9747205601381151,,True,False,True,25,2,0.25,True,anchored_masked_phase_cross_correlation,C,10,"{'y_start': 514, 'y_stop': 2770, 'x_start': 5, 'x_stop': 2693}"
C10,PLD3_only_no_mCherry,32,488nm Binned,450.1343596461593,-172.16743422707077,0.0018976366353500426,0.1883309816950318,0.7924407219529718,,True,False,False,25,2,0.25,True,anchored_masked_phase_cross_correlation,C,10,"{'y_start': 514, 'y_stop': 2770, 'x_start': 5, 'x_stop': 2693}"
C10,PLD3_only_no_mCherry,36,488nm Binned,-97.54703451489331,-183.92458032999275,0.0019006870195511394,0.13993094820641516,0.9040390751905863,,True,False,False,25,2,0.25,True,anchored_masked_phase_cross_correlation,C,10,"{'y_start': 514, 'y_stop': 2770, 'x_start': 5, 'x_stop': 2693}"
C10,PLD3_only_no_mCherry,39,488nm Binned,767.8916548743146,-139.88995492728282,0.00482003944309097,0.25473362928868537,0.6965387646981388,,True,True,True,36,2,0.25,True,anchored_masked_phase_cross_correlation,C,10,"{'y_start': 514, 'y_stop': 2770, 'x_start': 5, 'x_stop': 2693}"
C14,PLD3_only_no_mCherry,8,488nm Binned,0.0,0.0,1.0,1.0,1.0,,True,False,False,8,2,0.25,True,anchored_masked_phase_cross_correlation,C,14,"{'y_start': 460, 'y_stop': 2727, 'x_start': 5, 'x_stop': 2692}"
C14,PLD3_only_no_mCherry,12,488nm Binned,-122.0,-137.0,0.0028356877076774084,0.1608006788882169,0.9117251584842313,,True,False,False,8,2,0.25,True,anchored_masked_phase_cross_correlation,C,14,"{'y_start': 460, 'y_stop': 2727, 'x_start': 5, 'x_stop': 2692}"
C14,PLD3_only_no_mCherry,16,488nm Binned,-51.0,-41.0,0.01107565742263766,0.13509511375117036,0.9681761086115439,,True,False,False,8,2,0.25,True,anchored_masked_phase_cross_correlation,C,14,"{'y_start': 460, 'y_stop': 2727, 'x_start': 5, 'x_stop': 2692}"
C14,PLD3_only_no_mCherry,20,488nm Binned,-115.0,-160.0,-0.0023997237363578613,0.10735165317952453,0.9063513321623299,,True,False,False,8,2,0.25,True,anchored_masked_phase_cross_correlation,C,14,"{'y_start': 460, 'y_stop': 2727, 'x_start': 5, 'x_stop': 2692}"
C14,PLD3_only_no_mCherry,25,488nm Binned,90.42248039005062,4.944210214785926,0.011644318219624254,0.2909172166161511,0.9668023677680956,,True,False,True,20,2,0.25,True,anchored_masked_phase_cross_correlation,C,14,"{'y_start': 460, 'y_stop': 2727, 'x_start': 5, 'x_stop': 2692}"
C14,PLD3_only_no_mCherry,29,488nm Binned,55.42248039005062,-20.055789785214074,0.014129351032132798,0.2450282470278852,0.9738177463864987,,True,False,False,20,2,0.25,True,anchored_masked_phase_cross_correlation,C,14,"{'y_start': 460, 'y_stop': 2727, 'x_start': 5, 'x_stop': 2692}"
C14,PLD3_only_no_mCherry,32,488nm Binned,406.48252619917184,-174.1355439936524,0.009365971860367278,0.18615170293522731,0.806158373174512,,True,False,False,20,2,0.25,True,anchored_masked_phase_cross_correlation,C,14,"{'y_start': 460, 'y_stop': 2727, 'x_start': 5, 'x_stop': 2692}"
C14,PLD3_only_no_mCherry,36,488nm Binned,-140.28573392831458,-182.86031461048697,0.004545222571886813,0.12586357070332946,0.890445747992105,,True,False,False,20,2,0.25,True,anchored_masked_phase_cross_correlation,C,14,"{'y_start': 460, 'y_stop': 2727, 'x_start': 5, 'x_stop': 2692}"
C14,PLD3_only_no_mCherry,39,488nm Binned,671.0575894808862,-142.74579613465903,0.0044153059691734555,0.2519982054770004,0.7278927554272303,,True,True,True,36,2,0.25,True,anchored_masked_phase_cross_correlation,C,14,"{'y_start': 460, 'y_stop': 2727, 'x_start': 5, 'x_stop': 2692}"
C05,PLD3_only_no_mCherry,8,488nm Binned,0.0,0.0,1.0,1.0,1.0,,True,False,False,8,2,0.25,True,anchored_masked_phase_cross_correlation,C,05,"{'y_start': 589, 'y_stop': 2827, 'x_start': 7, 'x_stop': 2698}"
C05,PLD3_only_no_mCherry,12,488nm Binned,-36.0,-132.0,0.008195128939766658,0.17881323206136665,0.9420003151205336,,True,False,False,8,2,0.25,True,anchored_masked_phase_cross_correlation,C,05,"{'y_start': 589, 'y_stop': 2827, 'x_start': 7, 'x_stop': 2698}"
C05,PLD3_only_no_mCherry,16,488nm Binned,-23.0,-39.0,0.012500576463785686,0.15969547342256124,0.9784911999673208,,True,False,False,8,2,0.25,True,anchored_masked_phase_cross_correlation,C,05,"{'y_start': 589, 'y_stop': 2827, 'x_start': 7, 'x_stop': 2698}"
C05,PLD3_only_no_mCherry,20,488nm Binned,-7.0,-152.0,-0.0018315001789147686,0.11884951938445538,0.9446900244899229,,True,False,False,8,2,0.25,True,anchored_masked_phase_cross_correlation,C,05,"{'y_start': 589, 'y_stop': 2827, 'x_start': 7, 'x_stop': 2698}"
C05,PLD3_only_no_mCherry,25,488nm Binned,75.78751417553576,6.953007617325056,0.004992458181101929,0.30740243370923914,0.9712145093871679,,True,False,True,20,2,0.25,True,anchored_masked_phase_cross_correlation,C,05,"{'y_start': 589, 'y_stop': 2827, 'x_start': 7, 'x_stop': 2698}"
C05,PLD3_only_no_mCherry,29,488nm Binned,54.78751417553576,-17.046992382674944,0.0059102806518139435,0.26223458569939845,0.9750666467197153,,True,False,False,20,2,0.25,True,anchored_masked_phase_cross_correlation,C,05,"{'y_start': 589, 'y_stop': 2827, 'x_start': 7, 'x_stop': 2698}"
C05,PLD3_only_no_mCherry,32,488nm Binned,512.7002519913949,-167.20698984323099,0.004027280480612191,0.19946773011262023,0.77335552504596,,True,True,False,20,2,0.25,True,anchored_masked_phase_cross_correlation,C,05,"{'y_start': 589, 'y_stop': 2827, 'x_start': 7, 'x_stop': 2698}"
C05,PLD3_only_no_mCherry,36,488nm Binned,-40.87141810431058,-180.00428659285535,-0.0020915227439233393,0.1180034311606067,0.9238805816437466,,True,False,False,20,2,0.25,True,anchored_masked_phase_cross_correlation,C,05,"{'y_start': 589, 'y_stop': 2827, 'x_start': 7, 'x_stop': 2698}"
C05,PLD3_only_no_mCherry,39,488nm Binned,889.4390381183184,-136.0688137615216,0.0037953910539463135,0.26514372714451595,0.6571445308641314,,True,True,True,36,2,0.25,True,anchored_masked_phase_cross_correlation,C,05,"{'y_start': 589, 'y_stop': 2827, 'x_start': 7, 'x_stop': 2698}"
C12,PLD3_only_no_mCherry,8,488nm Binned,0.0,0.0,1.0,1.0,1.0,,True,False,False,8,2,0.25,True,anchored_masked_phase_cross_correlation,C,12,"{'y_start': 488, 'y_stop': 2747, 'x_start': 4, 'x_stop': 2693}"
C12,PLD3_only_no_mCherry,12,488nm Binned,-104.0,-134.0,0.012997255854272086,0.15162438053102956,0.918709600866776,,True,False,False,8,2,0.25,True,anchored_masked_phase_cross_correlation,C,12,"{'y_start': 488, 'y_stop': 2747, 'x_start': 4, 'x_stop': 2693}"
C12,PLD3_only_no_mCherry,16,488nm Binned,-44.0,-43.0,0.008357230203374633,0.13201370366823836,0.9698952905041734,,True,False,False,8,2,0.25,True,anchored_masked_phase_cross_correlation,C,12,"{'y_start': 488, 'y_stop': 2747, 'x_start': 4, 'x_stop': 2693}"
C12,PLD3_only_no_mCherry,20,488nm Binned,-93.0,-158.0,0.00943673379760032,0.4210935755856213,0.9142689787176929,,True,False,True,16,2,0.25,True,anchored_masked_phase_cross_correlation,C,12,"{'y_start': 488, 'y_stop': 2747, 'x_start': 4, 'x_stop': 2693}"
C12,PLD3_only_no_mCherry,25,488nm Binned,90.61476197495358,3.9461612058162245,0.005015249882848857,0.19750388775306923,0.9670724393995899,,True,False,False,16,2,0.25,True,anchored_masked_phase_cross_correlation,C,12,"{'y_start': 488, 'y_stop': 2747, 'x_start': 4, 'x_stop': 2693}"
C12,PLD3_only_no_mCherry,29,488nm Binned,55.61476197495358,-17.053838794183775,0.005232402991223539,0.20270558471572275,0.9747775796335133,,True,False,False,16,2,0.25,True,anchored_masked_phase_cross_correlation,C,12,"{'y_start': 488, 'y_stop': 2747, 'x_start': 4, 'x_stop': 2693}"
C12,PLD3_only_no_mCherry,32,488nm Binned,429.30831348455104,-173.15139197597546,0.008691827250349895,0.12475852447286219,0.7989746056623852,,True,False,False,16,2,0.25,True,anchored_masked_phase_cross_correlation,C,12,"{'y_start': 488, 'y_stop': 2747, 'x_start': 4, 'x_stop': 2693}"
C12,PLD3_only_no_mCherry,36,488nm Binned,-120.41664793639939,-181.89224958271234,0.012005838660488273,0.10503716175333783,0.8972552584396316,,True,False,False,16,2,0.25,True,anchored_masked_phase_cross_correlation,C,12,"{'y_start': 488, 'y_stop': 2747, 'x_start': 4, 'x_stop': 2693}"
C12,PLD3_only_no_mCherry,39,488nm Binned,720.474057512889,-138.81745170169597,0.00016309633337240469,0.2274076071994017,0.7125456784055983,,True,True,True,36,2,0.25,True,anchored_masked_phase_cross_correlation,C,12,"{'y_start': 488, 'y_stop': 2747, 'x_start': 4, 'x_stop': 2693}"
C09,PLD3_only_no_mCherry,8,488nm Binned,0.0,0.0,1.0,1.0,1.0,,True,False,False,8,2,0.25,True,anchored_masked_phase_cross_correlation,C,09,"{'y_start': 531, 'y_stop': 2781, 'x_start': 5, 'x_stop': 2696}"
C09,PLD3_only_no_mCherry,12,488nm Binned,-73.0,-134.0,0.006456895071075886,0.16571547526470565,0.9290135073887984,,True,False,False,8,2,0.25,True,anchored_masked_phase_cross_correlation,C,09,"{'y_start': 531, 'y_stop': 2781, 'x_start': 5, 'x_stop': 2696}"
C09,PLD3_only_no_mCherry,16,488nm Binned,-34.0,-40.0,0.010103279819279906,0.1474276621694451,0.974363388440523,,True,False,False,8,2,0.25,True,anchored_masked_phase_cross_correlation,C,09,"{'y_start': 531, 'y_stop': 2781, 'x_start': 5, 'x_stop': 2696}"
C09,PLD3_only_no_mCherry,20,488nm Binned,-54.0,-156.0,0.007584727350684916,0.12073548415792976,0.9278023844120376,,True,False,False,8,2,0.25,True,anchored_masked_phase_cross_correlation,C,09,"{'y_start': 531, 'y_stop': 2781, 'x_start': 5, 'x_stop': 2696}"
C09,PLD3_only_no_mCherry,25,488nm Binned,89.40313947779941,4.949096665903198,0.009271514848383414,0.30779647477931044,0.9671555231097353,,True,False,True,20,2,0.25,True,anchored_masked_phase_cross_correlation,C,09,"{'y_start': 531, 'y_stop': 2781, 'x_start': 5, 'x_stop': 2696}"
C09,PLD3_only_no_mCherry,29,488nm Binned,55.403139477799414,-17.0509033340968,0.004636326419999118,0.2653831384677867,0.9748519321060073,,True,False,False,20,2,0.25,True,anchored_masked_phase_cross_correlation,C,09,"{'y_start': 531, 'y_stop': 2781, 'x_start': 5, 'x_stop': 2696}"
C09,PLD3_only_no_mCherry,32,488nm Binned,465.0473180570116,-169.17522877118608,0.0005846888548933602,0.18002508881348175,0.7884272254072799,,True,False,False,20,2,0.25,True,anchored_masked_phase_cross_correlation,C,09,"{'y_start': 531, 'y_stop': 2781, 'x_start': 5, 'x_stop': 2696}"
C09,PLD3_only_no_mCherry,36,488nm Binned,-86.612359572282,-182.94028408507802,0.0021354996871289487,0.12614218732723534,0.9079400536259437,,True,False,False,20,2,0.25,True,anchored_masked_phase_cross_correlation,C,09,"{'y_start': 531, 'y_stop': 2781, 'x_start': 5, 'x_stop': 2696}"
C09,PLD3_only_no_mCherry,39,488nm Binned,793.6001715137245,-138.9252179931682,-0.0010380959672703183,0.25300094365395875,0.6882553725766831,,True,True,True,36,2,0.25,True,anchored_masked_phase_cross_correlation,C,09,"{'y_start': 531, 'y_stop': 2781, 'x_start': 5, 'x_stop': 2696}"
C11,PLD3_only_no_mCherry,8,488nm Binned,0.0,0.0,1.0,1.0,1.0,,True,False,False,8,2,0.25,True,anchored_masked_phase_cross_correlation,C,11,"{'y_start': 503, 'y_stop': 2761, 'x_start': 5, 'x_stop': 2693}"
C11,PLD3_only_no_mCherry,12,488nm Binned,-93.0,-134.0,0.0023626865814253242,0.1940116914361391,0.9223658257616871,,True,False,False,8,2,0.25,True,anchored_masked_phase_cross_correlation,C,11,"{'y_start': 503, 'y_stop': 2761, 'x_start': 5, 'x_stop': 2693}"
C11,PLD3_only_no_mCherry,16,488nm Binned,-43.0,-40.0,0.004099326996584051,0.16515642783484644,0.9712690798674938,,True,False,False,8,2,0.25,True,anchored_masked_phase_cross_correlation,C,11,"{'y_start': 503, 'y_stop': 2761, 'x_start': 5, 'x_stop': 2693}"
C11,PLD3_only_no_mCherry,20,488nm Binned,-77.0,-155.0,0.0018012704791956118,0.1292252564250742,0.9205583809418214,,True,False,False,8,2,0.25,True,anchored_masked_phase_cross_correlation,C,11,"{'y_start': 503, 'y_stop': 2761, 'x_start': 5, 'x_stop': 2693}"
C11,PLD3_only_no_mCherry,25,488nm Binned,86.21090276713949,4.947145676178479,0.003321004708739019,0.10332008570929303,0.9682673154550364,,True,False,False,8,2,0.25,True,anchored_masked_phase_cross_correlation,C,11,"{'y_start': 503, 'y_stop': 2761, 'x_start': 5, 'x_stop': 2693}"
C11,PLD3_only_no_mCherry,29,488nm Binned,57.21090276713949,-18.05285432382152,0.003972358265879109,0.31376822787645126,0.9738829712312111,,True,False,True,25,2,0.25,True,anchored_masked_phase_cross_correlation,C,11,"{'y_start': 503, 'y_stop': 2761, 'x_start': 5, 'x_stop': 2693}"
C11,PLD3_only_no_mCherry,32,488nm Binned,442.2212071093818,-172.15938069958975,-2.4145354771229263e-05,0.19466343398517674,0.795036584534979,,True,False,False,25,2,0.25,True,anchored_masked_phase_cross_correlation,C,11,"{'y_start': 503, 'y_stop': 2761, 'x_start': 5, 'x_stop': 2693}"
C11,PLD3_only_no_mCherry,36,488nm Binned,-106.48210497289983,-181.90834895056832,-0.0008583210065350766,0.1147875512966221,0.9018003402688901,,True,False,False,25,2,0.25,True,anchored_masked_phase_cross_correlation,C,11,"{'y_start': 503, 'y_stop': 2761, 'x_start': 5, 'x_stop': 2693}"
C11,PLD3_only_no_mCherry,39,488nm Binned,745.1822914230579,-138.8535618969472,-0.004060252552896731,0.27706265755065335,0.704338206529517,,True,True,True,36,2,0.25,True,anchored_masked_phase_cross_correlation,C,11,"{'y_start': 503, 'y_stop': 2761, 'x_start': 5, 'x_stop': 2693}"
D07,PLD3_TMEM106B_no_mCherry,8,488nm Binned,0.0,0.0,1.0,1.0,1.0,,True,False,False,8,1,0.125,True,anchored_masked_phase_cross_correlation,D,07,"{'y_start': 562, 'y_stop': 2805, 'x_start': 6, 'x_stop': 2711}"
D07,PLD3_TMEM106B_no_mCherry,12,488nm Binned,-57.0,-123.0,0.009589051374567397,0.19567417059907485,0.9380908510005077,,True,False,False,8,1,0.125,True,anchored_masked_phase_cross_correlation,D,07,"{'y_start': 562, 'y_stop': 2805, 'x_start': 6, 'x_stop': 2711}"
D07,PLD3_TMEM106B_no_mCherry,16,488nm Binned,-31.0,-36.0,0.008981376004851703,0.17901594353499156,0.9767744495602901,,True,False,False,8,1,0.125,True,anchored_masked_phase_cross_correlation,D,07,"{'y_start': 562, 'y_stop': 2805, 'x_start': 6, 'x_stop': 2711}"
D07,PLD3_TMEM106B_no_mCherry,20,488nm Binned,-31.0,-141.0,0.003952700803440287,0.15984407673566883,0.9405592951804065,,True,False,False,8,1,0.125,True,anchored_masked_phase_cross_correlation,D,07,"{'y_start': 562, 'y_stop': 2805, 'x_start': 6, 'x_stop': 2711}"
D07,PLD3_TMEM106B_no_mCherry,25,488nm Binned,79.59654015447086,5.354951742890989,0.009599578426262597,0.1157840927855371,0.9704313548906165,,True,False,False,8,1,0.125,True,anchored_masked_phase_cross_correlation,D,07,"{'y_start': 562, 'y_stop': 2805, 'x_start': 6, 'x_stop': 2711}"
D07,PLD3_TMEM106B_no_mCherry,29,488nm Binned,57.59654015447086,-16.64504825710901,0.010480627319325826,0.10469858287490758,0.9742303644925663,,True,False,False,8,1,0.125,True,anchored_masked_phase_cross_correlation,D,07,"{'y_start': 562, 'y_stop': 2805, 'x_start': 6, 'x_stop': 2711}"
D07,PLD3_TMEM106B_no_mCherry,32,488nm Binned,490.8641455427096,-154.1042937727907,0.008476887127631873,0.34555717365417477,0.7843120048924395,,True,False,True,29,1,0.125,True,anchored_masked_phase_cross_correlation,D,07,"{'y_start': 562, 'y_stop': 2805, 'x_start': 6, 'x_stop': 2711}"
D07,PLD3_TMEM106B_no_mCherry,36,488nm Binned,-62.76135133666685,-167.90742094267625,0.0056824378367334415,0.1633315434599025,0.9208527192933351,,True,False,False,29,1,0.125,True,anchored_masked_phase_cross_correlation,D,07,"{'y_start': 562, 'y_stop': 2805, 'x_start': 6, 'x_stop': 2711}"
D07,PLD3_TMEM106B_no_mCherry,39,488nm Binned,845.9762926452604,-107.70651794150763,-0.0001360878264496372,0.12477683803058563,0.6785521159734789,,True,True,False,29,1,0.125,True,anchored_masked_phase_cross_correlation,D,07,"{'y_start': 562, 'y_stop': 2805, 'x_start': 6, 'x_stop': 2711}"
C15,PLD3_only_no_mCherry,8,488nm Binned,0.0,0.0,1.0,1.0,1.0,,True,False,False,8,2,0.25,True,anchored_masked_phase_cross_correlation,C,15,"{'y_start': 441, 'y_stop': 2714, 'x_start': 3, 'x_stop': 2693}"
C15,PLD3_only_no_mCherry,12,488nm Binned,-131.0,-136.0,0.0014151454170060831,0.1948452890086181,0.9090697330617851,,True,False,False,8,2,0.25,True,anchored_masked_phase_cross_correlation,C,15,"{'y_start': 441, 'y_stop': 2714, 'x_start': 3, 'x_stop': 2693}"
C15,PLD3_only_no_mCherry,16,488nm Binned,-58.0,-44.0,0.002556278133798493,0.15829137102147037,0.9647454040059211,,True,False,False,8,2,0.25,True,anchored_masked_phase_cross_correlation,C,15,"{'y_start': 441, 'y_stop': 2714, 'x_start': 3, 'x_stop': 2693}"
C15,PLD3_only_no_mCherry,20,488nm Binned,-130.0,-159.0,9.943264914347249e-05,0.11171295241816258,0.9017458552896483,,True,False,False,8,2,0.25,True,anchored_masked_phase_cross_correlation,C,15,"{'y_start': 441, 'y_stop': 2714, 'x_start': 3, 'x_stop': 2693}"
C15,PLD3_only_no_mCherry,25,488nm Binned,90.82633062405512,2.943189844776498,0.0003297782712657596,0.262580800024679,0.9673374083122428,,True,False,True,20,2,0.25,True,anchored_masked_phase_cross_correlation,C,15,"{'y_start': 441, 'y_stop': 2714, 'x_start': 3, 'x_stop': 2693}"
C15,PLD3_only_no_mCherry,29,488nm Binned,52.82633062405512,-18.056810155223502,0.007206667092139516,0.2264763507245869,0.9754007850863742,,True,False,False,20,2,0.25,True,anchored_masked_phase_cross_correlation,C,15,"{'y_start': 441, 'y_stop': 2714, 'x_start': 3, 'x_stop': 2693}"
C15,PLD3_only_no_mCherry,32,488nm Binned,389.5696973782033,-173.12729635807773,-0.0012192821969592405,0.16078236188823294,0.8120012014474232,,True,False,False,20,2,0.25,True,anchored_masked_phase_cross_correlation,C,15,"{'y_start': 441, 'y_stop': 2714, 'x_start': 3, 'x_stop': 2693}"
C15,PLD3_only_no_mCherry,36,488nm Binned,-153.22014488024433,-179.84368774810355,0.0012682348975448466,0.14953666778376903,0.8872190180001007,,True,False,True,32,2,0.25,True,anchored_masked_phase_cross_correlation,C,15,"{'y_start': 441, 'y_stop': 2714, 'x_start': 3, 'x_stop': 2693}"
C15,PLD3_only_no_mCherry,39,488nm Binned,645.3496384058017,-140.70855639829097,-0.0010177684153467575,0.2009647795246587,0.7369608318421156,,True,True,False,32,2,0.25,True,anchored_masked_phase_cross_correlation,C,15,"{'y_start': 441, 'y_stop': 2714, 'x_start': 3, 'x_stop': 2693}"
C17,PLD3_only_no_mCherry,8,488nm Binned,0.0,0.0,1.0,1.0,1.0,,True,False,False,8,2,0.25,True,anchored_masked_phase_cross_correlation,C,17,"{'y_start': 417, 'y_stop': 2696, 'x_start': 3, 'x_stop': 2691}"
C17,PLD3_only_no_mCherry,12,488nm Binned,-150.0,-137.0,0.003973543406196637,0.17394082055657636,0.9024286164457905,,True,False,False,8,2,0.25,True,anchored_masked_phase_cross_correlation,C,17,"{'y_start': 417, 'y_stop': 2696, 'x_start': 3, 'x_stop': 2691}"
C17,PLD3_only_no_mCherry,16,488nm Binned,-62.0,-43.0,0.002016586077336941,0.13595408338252457,0.9637132383692318,,True,False,False,8,2,0.25,True,anchored_masked_phase_cross_correlation,C,17,"{'y_start': 417, 'y_stop': 2696, 'x_start': 3, 'x_stop': 2691}"
C17,PLD3_only_no_mCherry,20,488nm Binned,-151.0,-162.0,-0.0014979202990259937,0.11047261688873854,0.8938386641223601,,True,False,False,8,2,0.25,True,anchored_masked_phase_cross_correlation,C,17,"{'y_start': 417, 'y_stop': 2696, 'x_start': 3, 'x_stop': 2691}"
C17,PLD3_only_no_mCherry,25,488nm Binned,96.63401313898066,2.9412657772481907,0.006086707680041846,0.30797265473474933,0.9653151407616214,,True,False,True,20,2,0.25,True,anchored_masked_phase_cross_correlation,C,17,"{'y_start': 417, 'y_stop': 2696, 'x_start': 3, 'x_stop': 2691}"
C17,PLD3_only_no_mCherry,29,488nm Binned,56.63401313898066,-19.05873422275181,0.010634095416933392,0.2742530774953807,0.9737390526215955,,True,False,False,20,2,0.25,True,anchored_masked_phase_cross_correlation,C,17,"{'y_start': 417, 'y_stop': 2696, 'x_start': 3, 'x_stop': 2691}"
C17,PLD3_only_no_mCherry,32,488nm Binned,370.74416896908224,-174.111642644526,0.007622609650067722,0.20167062169841163,0.8178701071886699,,True,False,False,20,2,0.25,True,anchored_masked_phase_cross_correlation,C,17,"{'y_start': 417, 'y_stop': 2696, 'x_start': 3, 'x_stop': 2691}"
C17,PLD3_only_no_mCherry,36,488nm Binned,-171.08870344253955,-183.81214855093276,0.010068849207579587,0.12444465818693058,0.8800782231597165,,True,False,False,20,2,0.25,True,anchored_masked_phase_cross_correlation,C,17,"{'y_start': 417, 'y_stop': 2696, 'x_start': 3, 'x_stop': 2691}"
C17,PLD3_only_no_mCherry,39,488nm Binned,599.9342997032436,-143.63774848980393,0.004212212039020341,0.30119471526720526,0.751211436375015,,True,True,True,36,2,0.25,True,anchored_masked_phase_cross_correlation,C,17,"{'y_start': 417, 'y_stop': 2696, 'x_start': 3, 'x_stop': 2691}"
C19,PLD3_only_no_mCherry,8,488nm Binned,0.0,0.0,1.0,1.0,1.0,,True,False,False,8,2,0.25,True,anchored_masked_phase_cross_correlation,C,19,"{'y_start': 390, 'y_stop': 2679, 'x_start': 4, 'x_stop': 2690}"
C19,PLD3_only_no_mCherry,12,488nm Binned,-171.0,-137.0,0.0017215262312518245,0.1650308323458047,0.89545620991696,,True,False,False,8,2,0.25,True,anchored_masked_phase_cross_correlation,C,19,"{'y_start': 390, 'y_stop': 2679, 'x_start': 4, 'x_stop': 2690}"
C19,PLD3_only_no_mCherry,16,488nm Binned,-66.0,-42.0,-0.001255332927230475,0.16377052257885205,0.9626801001383029,,True,False,False,8,2,0.25,True,anchored_masked_phase_cross_correlation,C,19,"{'y_start': 390, 'y_stop': 2679, 'x_start': 4, 'x_stop': 2690}"
C19,PLD3_only_no_mCherry,20,488nm Binned,-175.0,-160.0,0.0008360024679332125,0.12959470597317205,0.8865979431577022,,True,False,False,8,2,0.25,True,anchored_masked_phase_cross_correlation,C,19,"{'y_start': 390, 'y_stop': 2679, 'x_start': 4, 'x_stop': 2690}"
C19,PLD3_only_no_mCherry,25,488nm Binned,100.44167770551576,3.939296834949346,0.0014195891058188346,0.10524494592012205,0.9636530633072566,,True,False,False,8,2,0.25,True,anchored_masked_phase_cross_correlation,C,19,"{'y_start': 390, 'y_stop': 2679, 'x_start': 4, 'x_stop': 2690}"
C19,PLD3_only_no_mCherry,29,488nm Binned,57.44167770551576,-19.060703165050654,0.008653309190309917,0.2814699548176891,0.973458638780355,,True,False,True,25,2,0.25,True,anchored_masked_phase_cross_correlation,C,19,"{'y_start': 390, 'y_stop': 2679, 'x_start': 4, 'x_stop': 2690}"
C19,PLD3_only_no_mCherry,32,488nm Binned,347.91877011412726,-175.09566530443408,-0.004076000942969473,0.15602674050908932,0.8250441153847631,,True,False,False,25,2,0.25,True,anchored_masked_phase_cross_correlation,C,19,"{'y_start': 390, 'y_stop': 2679, 'x_start': 4, 'x_stop': 2690}"
C19,PLD3_only_no_mCherry,36,488nm Binned,-188.95699807908386,-184.77995000996452,-0.00573676008661741,0.12227498877444368,0.8739320790684706,,True,False,False,25,2,0.25,True,anchored_masked_phase_cross_correlation,C,19,"{'y_start': 390, 'y_stop': 2679, 'x_start': 4, 'x_stop': 2690}"
C19,PLD3_only_no_mCherry,39,488nm Binned,554.5195263533169,-145.56552873431065,-0.0031826412600009027,0.2578041231024562,0.7657111645619489,,True,True,True,36,2,0.25,True,anchored_masked_phase_cross_correlation,C,19,"{'y_start': 390, 'y_stop': 2679, 'x_start': 4, 'x_stop': 2690}"
C20,PLD3_only_no_mCherry,8,488nm Binned,0.0,0.0,1.0,1.0,1.0,,True,False,False,8,2,0.25,True,anchored_masked_phase_cross_correlation,C,20,"{'y_start': 370, 'y_stop': 2664, 'x_start': 2, 'x_stop': 2691}"
C20,PLD3_only_no_mCherry,12,488nm Binned,-179.0,-138.0,0.0048549114961456575,0.17013130134876975,0.8924731418100756,,True,False,False,8,2,0.25,True,anchored_masked_phase_cross_correlation,C,20,"{'y_start': 370, 'y_stop': 2664, 'x_start': 2, 'x_stop': 2691}"
C20,PLD3_only_no_mCherry,16,488nm Binned,-70.0,-45.0,0.011567860831870426,0.1699754324836696,0.9602853299720476,,True,False,False,8,2,0.25,True,anchored_masked_phase_cross_correlation,C,20,"{'y_start': 370, 'y_stop': 2664, 'x_start': 2, 'x_stop': 2691}"
C20,PLD3_only_no_mCherry,20,488nm Binned,-188.0,-163.0,0.011779840120107944,0.1053631544445277,0.8813405849959832,,True,False,False,8,2,0.25,True,anchored_masked_phase_cross_correlation,C,20,"{'y_start': 370, 'y_stop': 2664, 'x_start': 2, 'x_stop': 2691}"
C20,PLD3_only_no_mCherry,25,488nm Binned,99.84550101341301,1.9383303132417495,0.011237353574360003,0.1097238418817532,0.9645340477665844,,True,False,False,8,2,0.25,True,anchored_masked_phase_cross_correlation,C,20,"{'y_start': 370, 'y_stop': 2664, 'x_start': 2, 'x_stop': 2691}"
C20,PLD3_only_no_mCherry,29,488nm Binned,53.84550101341301,-22.06166968675825,0.01787769299109133,0.33563598146408247,0.9736774853295569,,True,False,True,25,2,0.25,True,anchored_masked_phase_cross_correlation,C,20,"{'y_start': 370, 'y_stop': 2664, 'x_start': 2, 'x_stop': 2691}"
C20,PLD3_only_no_mCherry,32,488nm Binned,331.0061353834026,-174.08780611713883,0.0032436881712778515,0.15655978467824014,0.8308919646812927,,True,False,False,25,2,0.25,True,anchored_masked_phase_cross_correlation,C,20,"{'y_start': 370, 'y_stop': 2664, 'x_start': 2, 'x_stop': 2691}"
C20,PLD3_only_no_mCherry,36,488nm Binned,-203.89101358051266,-184.76411453542096,0.003822399421093178,0.10182564463719483,0.8690655746317072,,True,False,False,25,2,0.25,True,anchored_masked_phase_cross_correlation,C,20,"{'y_start': 370, 'y_stop': 2664, 'x_start': 2, 'x_stop': 2691}"
C20,PLD3_only_no_mCherry,39,488nm Binned,525.8124218784287,-145.52998378587654,0.007241199204191502,0.2743311635905631,0.7752227063048851,,True,True,True,36,2,0.25,True,anchored_masked_phase_cross_correlation,C,20,"{'y_start': 370, 'y_stop': 2664, 'x_start': 2, 'x_stop': 2691}"
C16,PLD3_only_no_mCherry,8,488nm Binned,0.0,0.0,1.0,1.0,1.0,,True,False,False,8,2,0.25,True,anchored_masked_phase_cross_correlation,C,16,"{'y_start': 433, 'y_stop': 2705, 'x_start': 7, 'x_stop': 2696}"
C16,PLD3_only_no_mCherry,12,488nm Binned,-140.0,-135.0,-0.0009508563846362486,0.19509259709552473,0.9064121193022998,,True,False,False,8,2,0.25,True,anchored_masked_phase_cross_correlation,C,16,"{'y_start': 433, 'y_stop': 2705, 'x_start': 7, 'x_stop': 2696}"
C16,PLD3_only_no_mCherry,16,488nm Binned,-57.0,-43.0,0.006437548640237043,0.16972943255089912,0.9654304750733822,,True,False,False,8,2,0.25,True,anchored_masked_phase_cross_correlation,C,16,"{'y_start': 433, 'y_stop': 2705, 'x_start': 7, 'x_stop': 2696}"
C16,PLD3_only_no_mCherry,20,488nm Binned,-137.0,-158.0,0.010624020152674475,0.12926751108075715,0.8997724615776646,,True,False,False,8,2,0.25,True,anchored_masked_phase_cross_correlation,C,16,"{'y_start': 433, 'y_stop': 2705, 'x_start': 7, 'x_stop': 2696}"
C16,PLD3_only_no_mCherry,25,488nm Binned,96.23018085675722,6.942214348997368,0.0029500569524462937,0.11199493495947162,0.9641075792679193,,True,False,False,8,2,0.25,True,anchored_masked_phase_cross_correlation,C,16,"{'y_start': 433, 'y_stop': 2705, 'x_start': 7, 'x_stop': 2696}"
C16,PLD3_only_no_mCherry,29,488nm Binned,59.230180856757215,-16.057785651002632,0.004126106839397533,0.326625433291208,0.9738645956249808,,True,False,True,25,2,0.25,True,anchored_masked_phase_cross_correlation,C,16,"{'y_start': 433, 'y_stop': 2705, 'x_start': 7, 'x_stop': 2696}"
C16,PLD3_only_no_mCherry,32,488nm Binned,384.65686846797325,-169.1193723847755,-0.0008760864600283827,0.16764192877917125,0.8148208128131891,,True,False,False,25,2,0.25,True,anchored_masked_phase_cross_correlation,C,16,"{'y_start': 433, 'y_stop': 2705, 'x_start': 7, 'x_stop': 2696}"
C16,PLD3_only_no_mCherry,36,488nm Binned,-162.15455599445704,-182.8277202944555,0.010025851257635604,0.12031882889849982,0.8833175261738757,,True,False,False,25,2,0.25,True,anchored_masked_phase_cross_correlation,C,16,"{'y_start': 433, 'y_stop': 2705, 'x_start': 7, 'x_stop': 2696}"
C16,PLD3_only_no_mCherry,39,488nm Binned,621.6416868015294,-141.6727287206195,0.004663252306644919,0.2696392175907504,0.7445583267608015,,True,True,True,36,2,0.25,True,anchored_masked_phase_cross_correlation,C,16,"{'y_start': 433, 'y_stop': 2705, 'x_start': 7, 'x_stop': 2696}"
D08,PLD3_TMEM106B_no_mCherry,8,488nm Binned,0.0,0.0,1.0,1.0,1.0,,True,False,False,8,2,0.25,True,anchored_masked_phase_cross_correlation,D,08,"{'y_start': 537, 'y_stop': 2788, 'x_start': 8, 'x_stop': 2710}"
D08,PLD3_TMEM106B_no_mCherry,12,488nm Binned,-68.0,-123.0,0.010144833217016378,0.17826971717054593,0.9344199156177238,,True,False,False,8,2,0.25,True,anchored_masked_phase_cross_correlation,D,08,"{'y_start': 537, 'y_stop': 2788, 'x_start': 8, 'x_stop': 2710}"
D08,PLD3_TMEM106B_no_mCherry,16,488nm Binned,-35.0,-36.0,0.003331205900043461,0.16473215866933072,0.9753972561171315,,True,False,False,8,2,0.25,True,anchored_masked_phase_cross_correlation,D,08,"{'y_start': 537, 'y_stop': 2788, 'x_start': 8, 'x_stop': 2710}"
D08,PLD3_TMEM106B_no_mCherry,20,488nm Binned,-46.0,-142.0,0.005078230411759707,0.1288298383523718,0.9352432166414765,,True,False,False,8,2,0.25,True,anchored_masked_phase_cross_correlation,D,08,"{'y_start': 537, 'y_stop': 2788, 'x_start': 8, 'x_stop': 2710}"
D08,PLD3_TMEM106B_no_mCherry,25,488nm Binned,75.00042628682786,7.353967273313174,0.007151356189773525,0.1189701741261175,0.9713521333307454,,True,False,False,8,2,0.25,True,anchored_masked_phase_cross_correlation,D,08,"{'y_start': 537, 'y_stop': 2788, 'x_start': 8, 'x_stop': 2710}"
D08,PLD3_TMEM106B_no_mCherry,29,488nm Binned,50.00042628682786,-18.646032726686826,0.011144905367054732,0.309982759986884,0.9761780383763965,,True,False,True,25,2,0.25,True,anchored_masked_phase_cross_correlation,D,08,"{'y_start': 537, 'y_stop': 2788, 'x_start': 8, 'x_stop': 2710}"
D08,PLD3_TMEM106B_no_mCherry,32,488nm Binned,467.95105772052193,-154.09630499561172,0.003406533461807355,0.17837967644736158,0.7918742781701769,,True,False,False,25,2,0.25,True,anchored_masked_phase_cross_correlation,D,08,"{'y_start': 537, 'y_stop': 2788, 'x_start': 8, 'x_stop': 2710}"
D08,PLD3_TMEM106B_no_mCherry,36,488nm Binned,-79.6962899453938,-168.89132147745477,-0.0012522197494791454,0.11809188007016422,0.9149600971530463,,True,False,False,25,2,0.25,True,anchored_masked_phase_cross_correlation,D,08,"{'y_start': 537, 'y_stop': 2788, 'x_start': 8, 'x_stop': 2710}"
D08,PLD3_TMEM106B_no_mCherry,39,488nm Binned,811.2672114998932,-110.67040742875179,0.0026004541528546147,0.29366301210531,0.6894587053193765,,True,True,True,36,2,0.25,True,anchored_masked_phase_cross_correlation,D,08,"{'y_start': 537, 'y_stop': 2788, 'x_start': 8, 'x_stop': 2710}"
C18,PLD3_only_no_mCherry,8,488nm Binned,0.0,0.0,1.0,1.0,1.0,,True,False,False,8,2,0.25,True,anchored_masked_phase_cross_correlation,C,18,"{'y_start': 404, 'y_stop': 2687, 'x_start': 5, 'x_stop': 2693}"
C18,PLD3_only_no_mCherry,12,488nm Binned,-159.0,-137.0,-0.0009776537811380152,0.17292794015522914,0.8994404422191489,,True,False,False,8,2,0.25,True,anchored_masked_phase_cross_correlation,C,18,"{'y_start': 404, 'y_stop': 2687, 'x_start': 5, 'x_stop': 2693}"
C18,PLD3_only_no_mCherry,16,488nm Binned,-63.0,-43.0,0.002933304298865126,0.14640505884376562,0.9633697910284017,,True,False,False,8,2,0.25,True,anchored_masked_phase_cross_correlation,C,18,"{'y_start': 404, 'y_stop': 2687, 'x_start': 5, 'x_stop': 2693}"
C18,PLD3_only_no_mCherry,20,488nm Binned,-165.0,-159.0,0.0070583184723485,0.12080689993926295,0.890218789937151,,True,False,False,8,2,0.25,True,anchored_masked_phase_cross_correlation,C,18,"{'y_start': 404, 'y_stop': 2687, 'x_start': 5, 'x_stop': 2693}"
C18,PLD3_only_no_mCherry,25,488nm Binned,98.0378633719447,4.940281306626275,0.009264445373078915,0.25490358059788465,0.9641529744467418,,True,False,True,20,2,0.25,True,anchored_masked_phase_cross_correlation,C,18,"{'y_start': 404, 'y_stop': 2687, 'x_start': 5, 'x_stop': 2693}"
C18,PLD3_only_no_mCherry,29,488nm Binned,57.037863371944695,-17.059718693373725,0.012469721286186446,0.21284814717366157,0.9742823208312013,,True,False,False,20,2,0.25,True,anchored_masked_phase_cross_correlation,C,18,"{'y_start': 404, 'y_stop': 2687, 'x_start': 5, 'x_stop': 2693}"
C18,PLD3_only_no_mCherry,32,488nm Binned,359.8313400767074,-172.10365393876418,0.0002537122093870714,0.13517981151189956,0.8220564344880593,,True,False,False,20,2,0.25,True,anchored_masked_phase_cross_correlation,C,18,"{'y_start': 404, 'y_stop': 2687, 'x_start': 5, 'x_stop': 2693}"
C18,PLD3_only_no_mCherry,36,488nm Binned,-180.02311452429421,-181.79604921552527,0.011373724092877074,0.11948553380009955,0.8778215116183905,,True,False,False,20,2,0.25,True,anchored_masked_phase_cross_correlation,C,18,"{'y_start': 404, 'y_stop': 2687, 'x_start': 5, 'x_stop': 2693}"
C18,PLD3_only_no_mCherry,39,488nm Binned,576.2263482048147,-140.6016384003742,0.0034349161332270575,0.22997393471917582,0.7599097266066017,,True,True,True,36,2,0.25,True,anchored_masked_phase_cross_correlation,C,18,"{'y_start': 404, 'y_stop': 2687, 'x_start': 5, 'x_stop': 2693}"
D05,PLD3_TMEM106B_no_mCherry,8,488nm Binned,0.0,0.0,1.0,1.0,1.0,,True,False,False,8,2,0.25,True,anchored_masked_phase_cross_correlation,D,05,"{'y_start': 585, 'y_stop': 2822, 'x_start': 8, 'x_stop': 2709}"
D05,PLD3_TMEM106B_no_mCherry,12,488nm Binned,-37.0,-123.0,0.00262559579747214,0.19185827543567635,0.9447652789692057,,True,False,False,8,2,0.25,True,anchored_masked_phase_cross_correlation,D,05,"{'y_start': 585, 'y_stop': 2822, 'x_start': 8, 'x_stop': 2709}"
D05,PLD3_TMEM106B_no_mCherry,16,488nm Binned,-25.0,-36.0,0.01867385617485446,0.16149540729761577,0.9788402397250282,,True,False,False,8,2,0.25,True,anchored_masked_phase_cross_correlation,D,05,"{'y_start': 585, 'y_stop': 2822, 'x_start': 8, 'x_stop': 2709}"
D05,PLD3_TMEM106B_no_mCherry,20,488nm Binned,-10.0,-142.0,0.006946242113059328,0.13513552028937034,0.9471740301776541,,True,False,False,8,2,0.25,True,anchored_masked_phase_cross_correlation,D,05,"{'y_start': 585, 'y_stop': 2822, 'x_start': 8, 'x_stop': 2709}"
D05,PLD3_TMEM106B_no_mCherry,25,488nm Binned,74.78874993537102,7.357082228787476,0.013548509260712016,0.27846309605361796,0.9714246925552112,,True,False,True,20,2,0.25,True,anchored_masked_phase_cross_correlation,D,05,"{'y_start': 585, 'y_stop': 2822, 'x_start': 8, 'x_stop': 2709}"
D05,PLD3_TMEM106B_no_mCherry,29,488nm Binned,55.788749935371015,-16.642917771212524,0.010310339347330295,0.246688472251243,0.9748577659455916,,True,False,False,20,2,0.25,True,anchored_masked_phase_cross_correlation,D,05,"{'y_start': 585, 'y_stop': 2822, 'x_start': 8, 'x_stop': 2709}"
D05,PLD3_TMEM106B_no_mCherry,32,488nm Binned,508.6904503306105,-156.1214365469932,0.008241471221195545,0.1611867455251217,0.7778518155779428,,True,True,False,20,2,0.25,True,anchored_masked_phase_cross_correlation,D,05,"{'y_start': 585, 'y_stop': 2822, 'x_start': 8, 'x_stop': 2709}"
D05,PLD3_TMEM106B_no_mCherry,36,488nm Binned,-45.8912109399389,-169.94199380942155,0.001224628876163751,0.14114257334673186,0.9256924886381901,,True,False,False,20,2,0.25,True,anchored_masked_phase_cross_correlation,D,05,"{'y_start': 585, 'y_stop': 2822, 'x_start': 8, 'x_stop': 2709}"
D05,PLD3_TMEM106B_no_mCherry,39,488nm Binned,887.3950178544255,-109.78382258993224,0.00015599146769336832,0.27362616080175245,0.6641525960014829,,True,True,True,36,2,0.25,True,anchored_masked_phase_cross_correlation,D,05,"{'y_start': 585, 'y_stop': 2822, 'x_start': 8, 'x_stop': 2709}"
D06,PLD3_TMEM106B_no_mCherry,8,488nm Binned,0.0,0.0,1.0,1.0,1.0,,True,False,False,8,2,0.25,True,anchored_masked_phase_cross_correlation,D,06,"{'y_start': 571, 'y_stop': 2812, 'x_start': 8, 'x_stop': 2710}"
D06,PLD3_TMEM106B_no_mCherry,12,488nm Binned,-48.0,-122.0,0.0020626955205940056,0.17066338643970863,0.9414371830558522,,True,False,False,8,2,0.25,True,anchored_masked_phase_cross_correlation,D,06,"{'y_start': 571, 'y_stop': 2812, 'x_start': 8, 'x_stop': 2710}"
D06,PLD3_TMEM106B_no_mCherry,16,488nm Binned,-27.0,-37.0,0.009586238082306808,0.1616191183459099,0.9778062504741397,,True,False,False,8,2,0.25,True,anchored_masked_phase_cross_correlation,D,06,"{'y_start': 571, 'y_stop': 2812, 'x_start': 8, 'x_stop': 2710}"
D06,PLD3_TMEM106B_no_mCherry,20,488nm Binned,-19.0,-141.0,0.0019463552902402492,0.13341886524602714,0.9445376919171583,,True,False,False,8,2,0.25,True,anchored_masked_phase_cross_correlation,D,06,"{'y_start': 571, 'y_stop': 2812, 'x_start': 8, 'x_stop': 2710}"
D06,PLD3_TMEM106B_no_mCherry,25,488nm Binned,80.19264504726743,7.3559362122105085,0.00859794195528806,0.3052807338159619,0.9695457110696633,,True,False,True,20,2,0.25,True,anchored_masked_phase_cross_correlation,D,06,"{'y_start': 571, 'y_stop': 2812, 'x_start': 8, 'x_stop': 2710}"
D06,PLD3_TMEM106B_no_mCherry,29,488nm Binned,57.19264504726743,-14.644063787789491,0.010388377215676262,0.2560521970464448,0.9750541554822367,,True,False,False,20,2,0.25,True,anchored_masked_phase_cross_correlation,D,06,"{'y_start': 571, 'y_stop': 2812, 'x_start': 8, 'x_stop': 2710}"
D06,PLD3_TMEM106B_no_mCherry,32,488nm Binned,496.7772980973459,-154.11228256782488,0.0074152412528346884,0.17839728077927142,0.78235871682602,,True,False,False,20,2,0.25,True,anchored_masked_phase_cross_correlation,D,06,"{'y_start': 571, 'y_stop': 2812, 'x_start': 8, 'x_stop': 2710}"
D06,PLD3_TMEM106B_no_mCherry,36,488nm Binned,-55.82628084619864,-168.92352044035943,0.0068645783244977955,0.1529464449293832,0.9227818458724782,,True,False,False,20,2,0.25,True,anchored_masked_phase_cross_correlation,D,06,"{'y_start': 571, 'y_stop': 2812, 'x_start': 8, 'x_stop': 2710}"
D06,PLD3_TMEM106B_no_mCherry,39,488nm Binned,864.685656202364,-107.74262856011046,0.0008320199529255616,0.27642265729863325,0.6722648199993932,,True,True,True,36,2,0.25,True,anchored_masked_phase_cross_correlation,D,06,"{'y_start': 571, 'y_stop': 2812, 'x_start': 8, 'x_stop': 2710}"
D09,PLD3_TMEM106B_no_mCherry,8,488nm Binned,0.0,0.0,1.0,1.0,1.0,,True,False,False,8,2,0.25,True,anchored_masked_phase_cross_correlation,D,09,"{'y_start': 530, 'y_stop': 2781, 'x_start': 6, 'x_stop': 2707}"
D09,PLD3_TMEM106B_no_mCherry,12,488nm Binned,-77.0,-124.0,-0.001836633486508623,0.18374138806873166,0.9310771092164976,,True,False,False,8,2,0.25,True,anchored_masked_phase_cross_correlation,D,09,"{'y_start': 530, 'y_stop': 2781, 'x_start': 6, 'x_stop': 2707}"
D09,PLD3_TMEM106B_no_mCherry,16,488nm Binned,-37.0,-36.0,0.006678906623443691,0.15951036238982458,0.9747086593955522,,True,False,False,8,2,0.25,True,anchored_masked_phase_cross_correlation,D,09,"{'y_start': 530, 'y_stop': 2781, 'x_start': 6, 'x_stop': 2707}"
D09,PLD3_TMEM106B_no_mCherry,20,488nm Binned,-53.0,-144.0,-0.0013691148238408636,0.12123360261822226,0.9322388730356028,,True,False,False,8,2,0.25,True,anchored_masked_phase_cross_correlation,D,09,"{'y_start': 530, 'y_stop': 2781, 'x_start': 6, 'x_stop': 2707}"
D09,PLD3_TMEM106B_no_mCherry,25,488nm Binned,85.4043034443348,5.352982803473424,-0.0005606001799300133,0.3074139371078426,0.9684107798952328,,True,False,True,20,2,0.25,True,anchored_masked_phase_cross_correlation,D,09,"{'y_start': 530, 'y_stop': 2781, 'x_start': 6, 'x_stop': 2707}"
D09,PLD3_TMEM106B_no_mCherry,29,488nm Binned,57.4043034443348,-18.647017196526576,0.010472984809904197,0.2404691569184442,0.9736129385470573,,True,False,False,20,2,0.25,True,anchored_masked_phase_cross_correlation,D,09,"{'y_start': 530, 'y_stop': 2781, 'x_start': 6, 'x_stop': 2707}"
D09,PLD3_TMEM106B_no_mCherry,32,488nm Binned,464.03803463078657,-158.08831623628794,0.003687495844974557,0.17893951729919783,0.7919986394959831,,True,False,False,20,2,0.25,True,anchored_masked_phase_cross_correlation,D,09,"{'y_start': 530, 'y_stop': 2781, 'x_start': 6, 'x_stop': 2707}"
D09,PLD3_TMEM106B_no_mCherry,36,488nm Binned,-86.63109667237586,-170.8752220446804,0.002275623787952944,0.13519159106313663,0.9120136525240947,,True,False,False,20,2,0.25,True,anchored_masked_phase_cross_correlation,D,09,"{'y_start': 530, 'y_stop': 2781, 'x_start': 6, 'x_stop': 2707}"
D09,PLD3_TMEM106B_no_mCherry,39,488nm Binned,792.5584127662623,-111.63429702182475,0.008979011095599173,0.2752437300985454,0.6954870666345785,,True,True,True,36,2,0.25,True,anchored_masked_phase_cross_correlation,D,09,"{'y_start': 530, 'y_stop': 2781, 'x_start': 6, 'x_stop': 2707}"
D10,PLD3_TMEM106B_no_mCherry,8,488nm Binned,0.0,0.0,1.0,1.0,1.0,,True,False,False,8,2,0.25,True,anchored_masked_phase_cross_correlation,D,10,"{'y_start': 514, 'y_stop': 2769, 'x_start': 5, 'x_stop': 2708}"
D10,PLD3_TMEM106B_no_mCherry,12,488nm Binned,-85.0,-125.0,0.0019650985072741283,0.1562692425007877,0.9280699694021852,,True,False,False,8,2,0.25,True,anchored_masked_phase_cross_correlation,D,10,"{'y_start': 514, 'y_stop': 2769, 'x_start': 5, 'x_stop': 2708}"
D10,PLD3_TMEM106B_no_mCherry,16,488nm Binned,-42.0,-39.0,0.01358549295955239,0.13584004690548598,0.9719564608462737,,True,False,False,8,2,0.25,True,anchored_masked_phase_cross_correlation,D,10,"{'y_start': 514, 'y_stop': 2769, 'x_start': 5, 'x_stop': 2708}"
D10,PLD3_TMEM106B_no_mCherry,20,488nm Binned,-68.0,-144.0,-0.0009855480394941702,0.11090231559000335,0.9272713479572603,,True,False,False,8,2,0.25,True,anchored_masked_phase_cross_correlation,D,10,"{'y_start': 514, 'y_stop': 2769, 'x_start': 5, 'x_stop': 2708}"
D10,PLD3_TMEM106B_no_mCherry,25,488nm Binned,86.80816265162139,4.352016282806289,-0.00021810076536943698,0.30800684966262426,0.9682606510440558,,True,False,True,20,2,0.25,True,anchored_masked_phase_cross_correlation,D,10,"{'y_start': 514, 'y_stop': 2769, 'x_start': 5, 'x_stop': 2708}"
D10,PLD3_TMEM106B_no_mCherry,29,488nm Binned,54.80816265162139,-18.64798371719371,0.014277837088316763,0.2440909120193271,0.974511932021855,,True,False,False,20,2,0.25,True,anchored_masked_phase_cross_correlation,D,10,"{'y_start': 514, 'y_stop': 2769, 'x_start': 5, 'x_stop': 2708}"
D10,PLD3_TMEM106B_no_mCherry,32,488nm Binned,450.1251409702418,-157.08045697757552,0.0012734107034162753,0.16785433939630104,0.7968785813261858,,True,False,False,20,2,0.25,True,anchored_masked_phase_cross_correlation,D,10,"{'y_start': 514, 'y_stop': 2769, 'x_start': 5, 'x_stop': 2708}"
D10,PLD3_TMEM106B_no_mCherry,36,488nm Binned,-98.56563970079151,-169.8593864403083,0.007930064384788002,0.1384726334848448,0.9084423276065767,,True,False,False,20,2,0.25,True,anchored_masked_phase_cross_correlation,D,10,"{'y_start': 514, 'y_stop': 2769, 'x_start': 5, 'x_stop': 2708}"
D10,PLD3_TMEM106B_no_mCherry,39,488nm Binned,765.8501786444249,-111.59875165003905,0.0029069552341621707,0.2583233249559413,0.7044461649397228,,True,True,True,36,2,0.25,True,anchored_masked_phase_cross_correlation,D,10,"{'y_start': 514, 'y_stop': 2769, 'x_start': 5, 'x_stop': 2708}"
D11,PLD3_TMEM106B_no_mCherry,8,488nm Binned,0.0,0.0,1.0,1.0,1.0,,True,False,False,8,2,0.25,True,anchored_masked_phase_cross_correlation,D,11,"{'y_start': 498, 'y_stop': 2759, 'x_start': 6, 'x_stop': 2709}"
D11,PLD3_TMEM106B_no_mCherry,12,488nm Binned,-96.0,-125.0,0.0008871355926144442,0.17197727116542888,0.92440170865356,,True,False,False,8,2,0.25,True,anchored_masked_phase_cross_correlation,D,11,"{'y_start': 498, 'y_stop': 2759, 'x_start': 6, 'x_stop': 2709}"
D11,PLD3_TMEM106B_no_mCherry,16,488nm Binned,-44.0,-37.0,0.012535517431129791,0.142458164435713,0.9719552451034743,,True,False,False,8,2,0.25,True,anchored_masked_phase_cross_correlation,D,11,"{'y_start': 498, 'y_stop': 2759, 'x_start': 6, 'x_stop': 2709}"
D11,PLD3_TMEM106B_no_mCherry,20,488nm Binned,-81.0,-143.0,-3.991437683547685e-05,0.10836040183924109,0.9233049870742226,,True,False,False,8,2,0.25,True,anchored_masked_phase_cross_correlation,D,11,"{'y_start': 498, 'y_stop': 2759, 'x_start': 6, 'x_stop': 2709}"
D11,PLD3_TMEM106B_no_mCherry,25,488nm Binned,84.21204878449862,5.351013863531989,0.0035494681914250378,0.2980207052553886,0.9688263797909956,,True,False,True,20,2,0.25,True,anchored_masked_phase_cross_correlation,D,11,"{'y_start': 498, 'y_stop': 2759, 'x_start': 6, 'x_stop': 2709}"
D11,PLD3_TMEM106B_no_mCherry,29,488nm Binned,54.21204878449862,-16.64898613646801,0.023932710925111955,0.23252629938501046,0.9754022561627596,,True,False,False,20,2,0.25,True,anchored_masked_phase_cross_correlation,D,11,"{'y_start': 498, 'y_stop': 2759, 'x_start': 6, 'x_stop': 2709}"
D11,PLD3_TMEM106B_no_mCherry,32,488nm Binned,437.2120531837645,-156.0723387354974,0.009397857106717655,0.17375544101844098,0.8014323725608912,,True,False,False,20,2,0.25,True,anchored_masked_phase_cross_correlation,D,11,"{'y_start': 498, 'y_stop': 2759, 'x_start': 6, 'x_stop': 2709}"
D11,PLD3_TMEM106B_no_mCherry,36,488nm Binned,-108.50057824460237,-169.84302321159703,0.0027573453705277587,0.1431979708824026,0.9051889139396206,,True,False,False,20,2,0.25,True,anchored_masked_phase_cross_correlation,D,11,"{'y_start': 498, 'y_stop': 2759, 'x_start': 6, 'x_stop': 2709}"
D11,PLD3_TMEM106B_no_mCherry,39,488nm Binned,740.1410977107334,-111.56207631380494,-0.0017578339362193706,0.3020572648422076,0.7130709583510118,,True,True,True,36,2,0.25,True,anchored_masked_phase_cross_correlation,D,11,"{'y_start': 498, 'y_stop': 2759, 'x_start': 6, 'x_stop': 2709}"
D17,PLD3_TMEM106B_no_mCherry,8,488nm Binned,0.0,0.0,1.0,1.0,1.0,,True,False,False,8,2,0.25,True,anchored_masked_phase_cross_correlation,D,17,"{'y_start': 413, 'y_stop': 2694, 'x_start': 3, 'x_stop': 2705}"
D17,PLD3_TMEM106B_no_mCherry,12,488nm Binned,-153.0,-128.0,0.008098909551121485,0.17278557525325325,0.9044032259005736,,True,False,False,8,2,0.25,True,anchored_masked_phase_cross_correlation,D,17,"{'y_start': 413, 'y_stop': 2694, 'x_start': 3, 'x_stop': 2705}"
D17,PLD3_TMEM106B_no_mCherry,16,488nm Binned,-63.0,-41.0,0.013400235832587948,0.16385802629156165,0.9640518227388643,,True,False,False,8,2,0.25,True,anchored_masked_phase_cross_correlation,D,17,"{'y_start': 413, 'y_stop': 2694, 'x_start': 3, 'x_stop': 2705}"
D17,PLD3_TMEM106B_no_mCherry,20,488nm Binned,-152.0,-148.0,0.003849748003012977,0.11449048849714943,0.898132424541276,,True,False,False,8,2,0.25,True,anchored_masked_phase_cross_correlation,D,17,"{'y_start': 413, 'y_stop': 2694, 'x_start': 3, 'x_stop': 2705}"
D17,PLD3_TMEM106B_no_mCherry,25,488nm Binned,95.63513223153859,2.3451429386659584,0.0041357168129784365,0.2819053808364955,0.9658639905817493,,True,False,True,20,2,0.25,True,anchored_masked_phase_cross_correlation,D,17,"{'y_start': 413, 'y_stop': 2694, 'x_start': 3, 'x_stop': 2705}"
D17,PLD3_TMEM106B_no_mCherry,29,488nm Binned,54.63513223153859,-18.65485706133404,0.014282903471150066,0.25666609257924683,0.9745695202205197,,True,False,False,20,2,0.25,True,anchored_masked_phase_cross_correlation,D,17,"{'y_start': 413, 'y_stop': 2694, 'x_start': 3, 'x_stop': 2705}"
D17,PLD3_TMEM106B_no_mCherry,32,488nm Binned,366.7352092229776,-161.02466546645155,0.0011184318640346824,0.17763545524035199,0.8231626836222201,,True,False,False,20,2,0.25,True,anchored_masked_phase_cross_correlation,D,17,"{'y_start': 413, 'y_stop': 2694, 'x_start': 3, 'x_stop': 2705}"
D17,PLD3_TMEM106B_no_mCherry,36,488nm Binned,-173.10678110145818,-170.7469547910805,0.004485010566517186,0.13954467245021288,0.8837002130451828,,True,False,False,20,2,0.25,True,anchored_masked_phase_cross_correlation,D,17,"{'y_start': 413, 'y_stop': 2694, 'x_start': 3, 'x_stop': 2705}"
D17,PLD3_TMEM106B_no_mCherry,39,488nm Binned,595.8939531202923,-118.34654563591175,-0.0021495609179897307,0.2840669835391832,0.7595358294580706,,True,True,True,36,2,0.25,True,anchored_masked_phase_cross_correlation,D,17,"{'y_start': 413, 'y_stop': 2694, 'x_start': 3, 'x_stop': 2705}"
D13,PLD3_TMEM106B_no_mCherry,8,488nm Binned,0.0,0.0,1.0,1.0,1.0,,True,False,False,8,2,0.25,True,anchored_masked_phase_cross_correlation,D,13,"{'y_start': 470, 'y_stop': 2735, 'x_start': 3, 'x_stop': 2701}"
D13,PLD3_TMEM106B_no_mCherry,12,488nm Binned,-115.0,-125.0,0.000376287108194199,0.16973149190132608,0.9180656219059345,,True,False,False,8,2,0.25,True,anchored_masked_phase_cross_correlation,D,13,"{'y_start': 470, 'y_stop': 2735, 'x_start': 3, 'x_stop': 2701}"
D13,PLD3_TMEM106B_no_mCherry,16,488nm Binned,-49.0,-39.0,0.003848523414588757,0.15486186668250893,0.9695489253806248,,True,False,False,8,2,0.25,True,anchored_masked_phase_cross_correlation,D,13,"{'y_start': 470, 'y_stop': 2735, 'x_start': 3, 'x_stop': 2701}"
D13,PLD3_TMEM106B_no_mCherry,20,488nm Binned,-105.0,-146.0,0.004244709696652983,0.11896153084159751,0.9143462999597346,,True,False,False,8,2,0.25,True,anchored_masked_phase_cross_correlation,D,13,"{'y_start': 470, 'y_stop': 2735, 'x_start': 3, 'x_stop': 2701}"
D13,PLD3_TMEM106B_no_mCherry,25,488nm Binned,89.0197582244873,2.349071847090727,-0.00032930478677009123,0.1220426122814522,0.9681673928496081,,True,False,False,8,2,0.25,True,anchored_masked_phase_cross_correlation,D,13,"{'y_start': 470, 'y_stop': 2735, 'x_start': 3, 'x_stop': 2701}"
D13,PLD3_TMEM106B_no_mCherry,29,488nm Binned,56.019758224487305,-21.650928152909273,0.01815818507252242,0.3313911189438816,0.9730656257027102,,True,False,True,25,2,0.25,True,anchored_masked_phase_cross_correlation,D,13,"{'y_start': 470, 'y_stop': 2735, 'x_start': 3, 'x_stop': 2701}"
D13,PLD3_TMEM106B_no_mCherry,32,488nm Binned,413.3863306129897,-164.0565555034791,-0.0020215683122797104,0.19236302278221779,0.8069050957264401,,True,False,False,25,2,0.25,True,anchored_masked_phase_cross_correlation,D,13,"{'y_start': 470, 'y_stop': 2735, 'x_start': 3, 'x_stop': 2701}"
D13,PLD3_TMEM106B_no_mCherry,36,488nm Binned,-132.36953238722344,-173.8112201535705,-0.0033877474219472454,0.1112187246354949,0.8960395125708273,,True,False,False,25,2,0.25,True,anchored_masked_phase_cross_correlation,D,13,"{'y_start': 470, 'y_stop': 2735, 'x_start': 3, 'x_stop': 2701}"
D13,PLD3_TMEM106B_no_mCherry,39,488nm Binned,693.724911984631,-119.49070326433957,0.0001571895274135605,0.25460730280207505,0.7265297561646655,,True,True,True,36,2,0.25,True,anchored_masked_phase_cross_correlation,D,13,"{'y_start': 470, 'y_stop': 2735, 'x_start': 3, 'x_stop': 2701}"
D14,PLD3_TMEM106B_no_mCherry,8,488nm Binned,0.0,0.0,1.0,1.0,1.0,,True,False,False,8,2,0.25,True,anchored_masked_phase_cross_correlation,D,14,"{'y_start': 460, 'y_stop': 2729, 'x_start': 5, 'x_stop': 2705}"
D14,PLD3_TMEM106B_no_mCherry,12,488nm Binned,-121.0,-125.0,0.007256483484782617,0.16911062017818373,0.9160647524066844,,True,False,False,8,2,0.25,True,anchored_masked_phase_cross_correlation,D,14,"{'y_start': 460, 'y_stop': 2729, 'x_start': 5, 'x_stop': 2705}"
D14,PLD3_TMEM106B_no_mCherry,16,488nm Binned,-51.0,-39.0,0.008720348822304652,0.1382227446278111,0.968861058104725,,True,False,False,8,2,0.25,True,anchored_masked_phase_cross_correlation,D,14,"{'y_start': 460, 'y_stop': 2729, 'x_start': 5, 'x_stop': 2705}"
D14,PLD3_TMEM106B_no_mCherry,20,488nm Binned,-114.0,-143.0,0.0016629989857370143,0.10494012977174036,0.9123724199506311,,True,False,False,8,2,0.25,True,anchored_masked_phase_cross_correlation,D,14,"{'y_start': 460, 'y_stop': 2729, 'x_start': 5, 'x_stop': 2705}"
D14,PLD3_TMEM106B_no_mCherry,25,488nm Binned,92.42359948260128,4.3480873762073315,0.005366045250070037,0.10270851540423415,0.9663069852660617,,True,False,False,8,2,0.25,True,anchored_masked_phase_cross_correlation,D,14,"{'y_start': 460, 'y_stop': 2729, 'x_start': 5, 'x_stop': 2705}"
D14,PLD3_TMEM106B_no_mCherry,29,488nm Binned,57.423599482601276,-16.65191262379267,0.002984243717568179,0.34481012314620285,0.9742879691113784,,True,False,True,25,2,0.25,True,anchored_masked_phase_cross_correlation,D,14,"{'y_start': 460, 'y_stop': 2729, 'x_start': 5, 'x_stop': 2705}"
D14,PLD3_TMEM106B_no_mCherry,32,488nm Binned,406.4735664530599,-161.04856681557249,-0.00022757085313476996,0.2130446362725116,0.8100776941238825,,True,False,False,25,2,0.25,True,anchored_masked_phase_cross_correlation,D,14,"{'y_start': 460, 'y_stop': 2729, 'x_start': 5, 'x_stop': 2705}"
D14,PLD3_TMEM106B_no_mCherry,36,488nm Binned,-138.30381158723685,-168.7951208506238,-0.0006691079403410591,0.1267739103195649,0.8957604216340928,,True,False,False,25,2,0.25,True,anchored_masked_phase_cross_correlation,D,14,"{'y_start': 460, 'y_stop': 2729, 'x_start': 5, 'x_stop': 2705}"
D14,PLD3_TMEM106B_no_mCherry,39,488nm Binned,673.0172428979349,-113.45459328075412,0.0007960761103842397,0.289831420664089,0.7350599399378609,,True,True,True,36,2,0.25,True,anchored_masked_phase_cross_correlation,D,14,"{'y_start': 460, 'y_stop': 2729, 'x_start': 5, 'x_stop': 2705}"
D12,PLD3_TMEM106B_no_mCherry,8,488nm Binned,0.0,0.0,1.0,1.0,1.0,,True,False,False,8,2,0.25,True,anchored_masked_phase_cross_correlation,D,12,"{'y_start': 489, 'y_stop': 2752, 'x_start': 4, 'x_stop': 2705}"
D12,PLD3_TMEM106B_no_mCherry,12,488nm Binned,-105.0,-124.0,0.00893368383019897,0.1748672067397957,0.9217363141401587,,True,False,False,8,2,0.25,True,anchored_masked_phase_cross_correlation,D,12,"{'y_start': 489, 'y_stop': 2752, 'x_start': 4, 'x_stop': 2705}"
D12,PLD3_TMEM106B_no_mCherry,16,488nm Binned,-50.0,-37.0,0.004736406838359385,0.15597771980590897,0.9698901843844159,,True,False,False,8,2,0.25,True,anchored_masked_phase_cross_correlation,D,12,"{'y_start': 489, 'y_stop': 2752, 'x_start': 4, 'x_stop': 2705}"
D12,PLD3_TMEM106B_no_mCherry,20,488nm Binned,-93.0,-144.0,-0.0006725667249221199,0.11470412606395933,0.9189921394933562,,True,False,False,8,2,0.25,True,anchored_masked_phase_cross_correlation,D,12,"{'y_start': 489, 'y_stop': 2752, 'x_start': 4, 'x_stop': 2705}"
D12,PLD3_TMEM106B_no_mCherry,25,488nm Binned,88.61591696663163,3.350047343126789,0.008133025468878069,0.10421310422258731,0.9679698556423116,,True,False,False,8,2,0.25,True,anchored_masked_phase_cross_correlation,D,12,"{'y_start': 489, 'y_stop': 2752, 'x_start': 4, 'x_stop': 2705}"
D12,PLD3_TMEM106B_no_mCherry,29,488nm Binned,56.61591696663163,-20.64995265687321,0.008514667184523879,0.3191039732208486,0.9732014546514288,,True,False,True,25,2,0.25,True,anchored_masked_phase_cross_correlation,D,12,"{'y_start': 489, 'y_stop': 2752, 'x_start': 4, 'x_stop': 2705}"
D12,PLD3_TMEM106B_no_mCherry,32,488nm Binned,430.2990947907674,-160.0644794589325,0.007364620739609202,0.19781561448665852,0.8025284617147025,,True,False,False,25,2,0.25,True,anchored_masked_phase_cross_correlation,D,12,"{'y_start': 489, 'y_stop': 2752, 'x_start': 4, 'x_stop': 2705}"
D12,PLD3_TMEM106B_no_mCherry,36,488nm Binned,-115.4352531547629,-171.82718757477187,0.0006479721689050948,0.13675333983302315,0.9022501739587235,,True,False,False,25,2,0.25,True,anchored_masked_phase_cross_correlation,D,12,"{'y_start': 489, 'y_stop': 2752, 'x_start': 4, 'x_stop': 2705}"
D12,PLD3_TMEM106B_no_mCherry,39,488nm Binned,721.432581177156,-114.5265308361877,-0.004392637690083571,0.26069561553780646,0.7185667799617559,,True,True,True,36,2,0.25,True,anchored_masked_phase_cross_correlation,D,12,"{'y_start': 489, 'y_stop': 2752, 'x_start': 4, 'x_stop': 2705}"
D18,PLD3_TMEM106B_no_mCherry,8,488nm Binned,0.0,0.0,1.0,1.0,1.0,,True,False,False,8,2,0.25,True,anchored_masked_phase_cross_correlation,D,18,"{'y_start': 401, 'y_stop': 2681, 'x_start': 5, 'x_stop': 2704}"
D18,PLD3_TMEM106B_no_mCherry,12,488nm Binned,-164.0,-127.0,0.014232403799574002,0.1570466008439984,0.9010677139561438,,True,False,False,8,2,0.25,True,anchored_masked_phase_cross_correlation,D,18,"{'y_start': 401, 'y_stop': 2681, 'x_start': 5, 'x_stop': 2704}"
D18,PLD3_TMEM106B_no_mCherry,16,488nm Binned,-66.0,-38.0,0.004640795045418984,0.12559539443711126,0.9640427046678688,,True,False,False,8,2,0.25,True,anchored_masked_phase_cross_correlation,D,18,"{'y_start': 401, 'y_stop': 2681, 'x_start': 5, 'x_stop': 2704}"
D18,PLD3_TMEM106B_no_mCherry,20,488nm Binned,-165.0,-147.0,0.004344164689642399,0.10211160247785826,0.8941621732812801,,True,False,False,8,2,0.25,True,anchored_masked_phase_cross_correlation,D,18,"{'y_start': 401, 'y_stop': 2681, 'x_start': 5, 'x_stop': 2704}"
D18,PLD3_TMEM106B_no_mCherry,25,488nm Binned,95.03893758817503,4.344230265516671,0.010012491719122224,0.25290418847699886,0.9653977649814386,,True,False,True,20,2,0.25,True,anchored_masked_phase_cross_correlation,D,18,"{'y_start': 401, 'y_stop': 2681, 'x_start': 5, 'x_stop': 2704}"
D18,PLD3_TMEM106B_no_mCherry,29,488nm Binned,55.03893758817503,-16.65576973448333,0.002186980095897262,0.23496636887469943,0.9751132944963707,,True,False,False,20,2,0.25,True,anchored_masked_phase_cross_correlation,D,18,"{'y_start': 401, 'y_stop': 2681, 'x_start': 5, 'x_stop': 2704}"
D18,PLD3_TMEM106B_no_mCherry,32,488nm Binned,357.82270385002266,-162.0171947095805,0.002341615840011699,0.16047345814916245,0.8257928833349181,,True,False,False,20,2,0.25,True,anchored_masked_phase_cross_correlation,D,18,"{'y_start': 401, 'y_stop': 2681, 'x_start': 5, 'x_stop': 2704}"
D18,PLD3_TMEM106B_no_mCherry,36,488nm Binned,-186.04053303414548,-169.73191067190055,0.00512287348764793,0.15235539437761408,0.8797899836635004,,True,False,False,20,2,0.25,True,anchored_masked_phase_cross_correlation,D,18,"{'y_start': 401, 'y_stop': 2681, 'x_start': 5, 'x_stop': 2704}"
D18,PLD3_TMEM106B_no_mCherry,39,488nm Binned,572.1874128338568,-117.31269536953914,0.005114473954317127,0.3063484164306194,0.7677491807508918,,True,True,True,36,2,0.25,True,anchored_masked_phase_cross_correlation,D,18,"{'y_start': 401, 'y_stop': 2681, 'x_start': 5, 'x_stop': 2704}"
D16,PLD3_TMEM106B_no_mCherry,8,488nm Binned,0.0,0.0,1.0,1.0,1.0,,True,False,False,8,2,0.25,True,anchored_masked_phase_cross_correlation,D,16,"{'y_start': 429, 'y_stop': 2704, 'x_start': 7, 'x_stop': 2708}"
D16,PLD3_TMEM106B_no_mCherry,12,488nm Binned,-141.0,-127.0,0.0025479486436965865,0.19069417296045355,0.908732121286392,,True,False,False,8,2,0.25,True,anchored_masked_phase_cross_correlation,D,16,"{'y_start': 429, 'y_stop': 2704, 'x_start': 7, 'x_stop': 2708}"
D16,PLD3_TMEM106B_no_mCherry,16,488nm Binned,-60.0,-39.0,0.008204937633798676,0.16088019608971094,0.9657656553631764,,True,False,False,8,2,0.25,True,anchored_masked_phase_cross_correlation,D,16,"{'y_start': 429, 'y_stop': 2704, 'x_start': 7, 'x_stop': 2708}"
D16,PLD3_TMEM106B_no_mCherry,20,488nm Binned,-140.0,-147.0,-0.002501002301752011,0.12399549647739264,0.9024322636741887,,True,False,False,8,2,0.25,True,anchored_masked_phase_cross_correlation,D,16,"{'y_start': 429, 'y_stop': 2704, 'x_start': 7, 'x_stop': 2708}"
D16,PLD3_TMEM106B_no_mCherry,25,488nm Binned,93.2312640493983,6.346109459071158,0.00036226764477817486,0.11104327864920334,0.9653517859485875,,True,False,False,8,2,0.25,True,anchored_masked_phase_cross_correlation,D,16,"{'y_start': 429, 'y_stop': 2704, 'x_start': 7, 'x_stop': 2708}"
D16,PLD3_TMEM106B_no_mCherry,29,488nm Binned,54.231264049398305,-15.653890540928842,0.008305733343429034,0.32860847478021843,0.9757359993729523,,True,False,True,25,2,0.25,True,anchored_masked_phase_cross_correlation,D,16,"{'y_start': 429, 'y_stop': 2704, 'x_start': 7, 'x_stop': 2708}"
D16,PLD3_TMEM106B_no_mCherry,32,488nm Binned,379.64816761596376,-157.0325247430119,0.0038349451380738607,0.184234650899442,0.8201207481327711,,True,False,False,25,2,0.25,True,anchored_masked_phase_cross_correlation,D,16,"{'y_start': 429, 'y_stop': 2704, 'x_start': 7, 'x_stop': 2708}"
D16,PLD3_TMEM106B_no_mCherry,36,488nm Binned,-163.1721061913122,-167.76279042789974,0.003815631641667749,0.14383969519148396,0.8879392629912759,,True,False,False,25,2,0.25,True,anchored_masked_phase_cross_correlation,D,16,"{'y_start': 429, 'y_stop': 2704, 'x_start': 7, 'x_stop': 2708}"
D16,PLD3_TMEM106B_no_mCherry,39,488nm Binned,621.6024696538552,-113.38209111352262,-0.0022797165063054986,0.2608947077251251,0.7522976162164825,,True,True,True,36,2,0.25,True,anchored_masked_phase_cross_correlation,D,16,"{'y_start': 429, 'y_stop': 2704, 'x_start': 7, 'x_stop': 2708}"
D15,PLD3_TMEM106B_no_mCherry,8,488nm Binned,0.0,0.0,1.0,1.0,1.0,,True,False,False,8,2,0.25,True,anchored_masked_phase_cross_correlation,D,15,"{'y_start': 441, 'y_stop': 2715, 'x_start': 3, 'x_stop': 2704}"
D15,PLD3_TMEM106B_no_mCherry,12,488nm Binned,-133.0,-127.0,0.017825291602701007,0.15508671904367793,0.9113980020969131,,True,False,False,8,2,0.25,True,anchored_masked_phase_cross_correlation,D,15,"{'y_start': 441, 'y_stop': 2715, 'x_start': 3, 'x_stop': 2704}"
D15,PLD3_TMEM106B_no_mCherry,16,488nm Binned,-57.0,-39.0,0.004409212338439668,0.13878391200454504,0.966797456277026,,True,False,False,8,2,0.25,True,anchored_masked_phase_cross_correlation,D,15,"{'y_start': 441, 'y_stop': 2715, 'x_start': 3, 'x_stop': 2704}"
D15,PLD3_TMEM106B_no_mCherry,20,488nm Binned,-131.0,-147.0,0.011389734720253054,0.10536057886153954,0.9054094962156358,,True,False,False,8,2,0.25,True,anchored_masked_phase_cross_correlation,D,15,"{'y_start': 441, 'y_stop': 2715, 'x_start': 3, 'x_stop': 2704}"
D15,PLD3_TMEM106B_no_mCherry,25,488nm Binned,86.8274586909356,2.3470849561526848,0.002713227374240431,0.2855803382363185,0.9689318386799544,,True,False,True,20,2,0.25,True,anchored_masked_phase_cross_correlation,D,15,"{'y_start': 441, 'y_stop': 2715, 'x_start': 3, 'x_stop': 2704}"
D15,PLD3_TMEM106B_no_mCherry,29,488nm Binned,50.8274586909356,-18.652915043847315,0.010318812527497976,0.2568147421746435,0.9758891904414289,,True,False,False,20,2,0.25,True,anchored_masked_phase_cross_correlation,D,15,"{'y_start': 441, 'y_stop': 2715, 'x_start': 3, 'x_stop': 2704}"
D15,PLD3_TMEM106B_no_mCherry,32,488nm Binned,389.56067286393954,-161.04044862704905,0.01080541850944516,0.2030152783530463,0.8156461003213097,,True,False,False,20,2,0.25,True,anchored_masked_phase_cross_correlation,D,15,"{'y_start': 441, 'y_stop': 2715, 'x_start': 3, 'x_stop': 2704}"
D15,PLD3_TMEM106B_no_mCherry,36,488nm Binned,-152.2383544858203,-173.77875771927938,0.004839365593787007,0.14220074489245435,0.889542315911684,,True,False,False,20,2,0.25,True,anchored_masked_phase_cross_correlation,D,15,"{'y_start': 441, 'y_stop': 2715, 'x_start': 3, 'x_stop': 2704}"
D15,PLD3_TMEM106B_no_mCherry,39,488nm Binned,643.3090091994454,-118.41791826202825,0.00038198417679443644,0.31863700182318816,0.7436662822134276,,True,True,True,36,2,0.25,True,anchored_masked_phase_cross_correlation,D,15,"{'y_start': 441, 'y_stop': 2715, 'x_start': 3, 'x_stop': 2704}"
D19,PLD3_TMEM106B_no_mCherry,8,488nm Binned,0.0,0.0,1.0,1.0,1.0,,True,False,False,8,1,0.125,True,anchored_masked_phase_cross_correlation,D,19,"{'y_start': 387, 'y_stop': 2672, 'x_start': 3, 'x_stop': 2703}"
D19,PLD3_TMEM106B_no_mCherry,12,488nm Binned,-170.0,-128.0,0.0003380801234977204,0.17062651221893183,0.8987402959409752,,True,False,False,8,1,0.125,True,anchored_masked_phase_cross_correlation,D,19,"{'y_start': 387, 'y_stop': 2672, 'x_start': 3, 'x_stop': 2703}"
D19,PLD3_TMEM106B_no_mCherry,16,488nm Binned,-68.0,-40.0,0.003136607296617633,0.15025325336385387,0.9626737782757461,,True,False,False,8,1,0.125,True,anchored_masked_phase_cross_correlation,D,19,"{'y_start': 387, 'y_stop': 2672, 'x_start': 3, 'x_stop': 2703}"
D19,PLD3_TMEM106B_no_mCherry,20,488nm Binned,-176.0,-148.0,0.0038424901878587737,0.1236391594963284,0.8901960555468023,,True,False,False,8,1,0.125,True,anchored_masked_phase_cross_correlation,D,19,"{'y_start': 387, 'y_stop': 2672, 'x_start': 3, 'x_stop': 2703}"
D19,PLD3_TMEM106B_no_mCherry,25,488nm Binned,98.44275192383066,2.343173995068355,0.002660196391258336,0.3170369895792642,0.964886507122418,,True,False,True,20,1,0.125,True,anchored_masked_phase_cross_correlation,D,19,"{'y_start': 387, 'y_stop': 2672, 'x_start': 3, 'x_stop': 2703}"
D19,PLD3_TMEM106B_no_mCherry,29,488nm Binned,53.442751923830656,-20.656826004931645,0.013381004653073895,0.2608675725414043,0.9742975399356951,,True,False,False,20,1,0.125,True,anchored_masked_phase_cross_correlation,D,19,"{'y_start': 387, 'y_stop': 2672, 'x_start': 3, 'x_stop': 2703}"
D19,PLD3_TMEM106B_no_mCherry,32,488nm Binned,345.91013403028046,-163.00868821562472,0.002655110563219667,0.19997705700689256,0.829407842682336,,True,False,False,20,1,0.125,True,anchored_masked_phase_cross_correlation,D,19,"{'y_start': 387, 'y_stop': 2672, 'x_start': 3, 'x_stop': 2703}"
D19,PLD3_TMEM106B_no_mCherry,36,488nm Binned,-195.97441632928167,-172.71475641238794,-0.00130985182536196,0.1498401307847185,0.8755622963820787,,True,False,False,20,1,0.125,True,anchored_masked_phase_cross_correlation,D,19,"{'y_start': 387, 'y_stop': 2672, 'x_start': 3, 'x_stop': 2703}"
D19,PLD3_TMEM106B_no_mCherry,39,488nm Binned,550.4805918290476,-117.2743264095916,-0.0016708750963587446,0.1010132839713124,0.7750190306420541,,True,True,False,20,1,0.125,True,anchored_masked_phase_cross_correlation,D,19,"{'y_start': 387, 'y_stop': 2672, 'x_start': 3, 'x_stop': 2703}"
D20,PLD3_TMEM106B_no_mCherry,8,488nm Binned,0.0,0.0,1.0,1.0,1.0,,True,False,False,8,2,0.25,True,anchored_masked_phase_cross_correlation,D,20,"{'y_start': 371, 'y_stop': 2665, 'x_start': 6, 'x_stop': 2705}"
D20,PLD3_TMEM106B_no_mCherry,12,488nm Binned,-179.0,-127.0,0.003426712450219774,0.19841740115330234,0.8960691874364166,,True,False,False,8,2,0.25,True,anchored_masked_phase_cross_correlation,D,20,"{'y_start': 371, 'y_stop': 2665, 'x_start': 6, 'x_stop': 2705}"
D20,PLD3_TMEM106B_no_mCherry,16,488nm Binned,-73.0,-39.0,-0.0031999907050273353,0.15529289259134813,0.9612945180698284,,True,False,False,8,2,0.25,True,anchored_masked_phase_cross_correlation,D,20,"{'y_start': 371, 'y_stop': 2665, 'x_start': 6, 'x_stop': 2705}"
D20,PLD3_TMEM106B_no_mCherry,20,488nm Binned,-190.0,-147.0,0.005007131845372195,0.14052310738271534,0.8858920828883715,,True,False,False,8,2,0.25,True,anchored_masked_phase_cross_correlation,D,20,"{'y_start': 371, 'y_stop': 2665, 'x_start': 6, 'x_stop': 2705}"
D20,PLD3_TMEM106B_no_mCherry,25,488nm Binned,98.84656625740172,5.342189523398702,0.00792746537111309,0.2794759998444865,0.9637361801058947,,True,False,True,20,2,0.25,True,anchored_masked_phase_cross_correlation,D,20,"{'y_start': 371, 'y_stop': 2665, 'x_start': 6, 'x_stop': 2705}"
D20,PLD3_TMEM106B_no_mCherry,29,488nm Binned,53.84656625740172,-17.6578104766013,0.0067833419133101125,0.22920278572967187,0.9751838032894923,,True,False,False,20,2,0.25,True,anchored_masked_phase_cross_correlation,D,20,"{'y_start': 371, 'y_stop': 2665, 'x_start': 6, 'x_stop': 2705}"
D20,PLD3_TMEM106B_no_mCherry,32,488nm Binned,331.9975640677112,-161.00069958128734,-0.0015803844745629497,0.15683488181232927,0.834602182201046,,True,False,False,20,2,0.25,True,anchored_masked_phase_cross_correlation,D,20,"{'y_start': 371, 'y_stop': 2665, 'x_start': 6, 'x_stop': 2705}"
D20,PLD3_TMEM106B_no_mCherry,36,488nm Binned,-202.9082998840604,-170.69865720681264,0.0029023794319824442,0.1570873752896312,0.8739434491631924,,True,False,False,20,2,0.25,True,anchored_masked_phase_cross_correlation,D,20,"{'y_start': 371, 'y_stop': 2665, 'x_start': 6, 'x_stop': 2705}"
D20,PLD3_TMEM106B_no_mCherry,39,488nm Binned,526.7737699775607,-118.23821674352075,-0.0018827001415591133,0.28250902080895557,0.7826726516801258,,True,True,True,36,2,0.25,True,anchored_masked_phase_cross_correlation,D,20,"{'y_start': 371, 'y_stop': 2665, 'x_start': 6, 'x_stop': 2705}"
E07,PLD3_mCherry_reporter_control,8,488nm Binned,0.0,0.0,1.0,1.0,1.0,,True,False,False,8,3,0.375,True,anchored_masked_phase_cross_correlation,E,07,"{'y_start': 553, 'y_stop': 2796, 'x_start': 5, 'x_stop': 2725}"
E07,PLD3_mCherry_reporter_control,12,488nm Binned,-59.0,-114.0,0.009249960644366145,0.16833769636222004,0.9404969275747974,,True,False,False,8,3,0.375,True,anchored_masked_phase_cross_correlation,E,07,"{'y_start': 553, 'y_stop': 2796, 'x_start': 5, 'x_stop': 2725}"
E07,PLD3_mCherry_reporter_control,16,488nm Binned,-33.0,-34.0,0.013014244400813384,0.14442907198994467,0.9767751790059698,,True,False,False,8,3,0.375,True,anchored_masked_phase_cross_correlation,E,07,"{'y_start': 553, 'y_stop': 2796, 'x_start': 5, 'x_stop': 2725}"
E07,PLD3_mCherry_reporter_control,20,488nm Binned,-35.0,-128.0,0.008655348885954811,0.1185862354729529,0.9437106220907275,,True,False,False,8,3,0.375,True,anchored_masked_phase_cross_correlation,E,07,"{'y_start': 553, 'y_stop': 2796, 'x_start': 5, 'x_stop': 2725}"
E07,PLD3_mCherry_reporter_control,25,488nm Binned,79.59774002013728,4.758846856355376,0.012786488554900818,0.23660514090167561,0.9706330156710569,,True,False,True,20,3,0.375,True,anchored_masked_phase_cross_correlation,E,07,"{'y_start': 553, 'y_stop': 2796, 'x_start': 5, 'x_stop': 2725}"
E07,PLD3_mCherry_reporter_control,29,488nm Binned,55.59774002013728,-15.241153143644624,0.0495020051793393,0.19159152356980785,0.9754032652999239,,True,False,False,20,3,0.375,True,anchored_masked_phase_cross_correlation,E,07,"{'y_start': 553, 'y_stop': 2796, 'x_start': 5, 'x_stop': 2725}"
E07,PLD3_mCherry_reporter_control,32,488nm Binned,483.85460316882745,-139.0174458989277,-0.0013819797082118156,0.20308419412898784,0.7909976670373038,,True,False,True,29,3,0.375,True,anchored_masked_phase_cross_correlation,E,07,"{'y_start': 553, 'y_stop': 2796, 'x_start': 5, 'x_stop': 2725}"
E07,PLD3_mCherry_reporter_control,36,488nm Binned,-71.78061599618741,-154.84249065419135,0.010460941782435161,0.10758539173287283,0.9223334407427818,,True,False,False,29,3,0.375,True,anchored_masked_phase_cross_correlation,E,07,"{'y_start': 553, 'y_stop': 2796, 'x_start': 5, 'x_stop': 2725}"
E07,PLD3_mCherry_reporter_control,39,488nm Binned,827.9334041450275,-74.415878958549,0.004133303044706509,0.30914666201439445,0.6928636928682994,,True,True,True,36,3,0.375,True,anchored_masked_phase_cross_correlation,E,07,"{'y_start': 553, 'y_stop': 2796, 'x_start': 5, 'x_stop': 2725}"
E11,PLD3_mCherry_reporter_control,8,488nm Binned,0.0,0.0,1.0,1.0,1.0,,True,False,False,8,2,0.25,True,anchored_masked_phase_cross_correlation,E,11,"{'y_start': 499, 'y_stop': 2760, 'x_start': 5, 'x_stop': 2720}"
E11,PLD3_mCherry_reporter_control,12,488nm Binned,-95.0,-115.0,-0.0028052623918617373,0.18180826890035187,0.9281064416861672,,True,False,False,8,2,0.25,True,anchored_masked_phase_cross_correlation,E,11,"{'y_start': 499, 'y_stop': 2760, 'x_start': 5, 'x_stop': 2720}"
E11,PLD3_mCherry_reporter_control,16,488nm Binned,-46.0,-37.0,0.010576664351679602,0.16194735201608426,0.9712668915304549,,True,False,False,8,2,0.25,True,anchored_masked_phase_cross_correlation,E,11,"{'y_start': 499, 'y_stop': 2760, 'x_start': 5, 'x_stop': 2720}"
E11,PLD3_mCherry_reporter_control,20,488nm Binned,-80.0,-132.0,-0.0034953180976413354,0.13267588341272774,0.9273647170042542,,True,False,False,8,2,0.25,True,anchored_masked_phase_cross_correlation,E,11,"{'y_start': 499, 'y_stop': 2760, 'x_start': 5, 'x_stop': 2720}"
E11,PLD3_mCherry_reporter_control,25,488nm Binned,85.21320377644588,4.754891025995676,0.002970505824822571,0.10749178123748081,0.9686796308135035,,True,False,False,8,2,0.25,True,anchored_masked_phase_cross_correlation,E,11,"{'y_start': 499, 'y_stop': 2760, 'x_start': 5, 'x_stop': 2720}"
E11,PLD3_mCherry_reporter_control,29,488nm Binned,54.21320377644588,-16.245108974004324,0.004569028443973017,0.29022264161384875,0.9755400157408162,,True,False,True,25,2,0.25,True,anchored_masked_phase_cross_correlation,E,11,"{'y_start': 499, 'y_stop': 2760, 'x_start': 5, 'x_stop': 2720}"
E11,PLD3_mCherry_reporter_control,32,488nm Binned,438.2028345078543,-144.98536148600215,4.973552056524281e-05,0.16870362164061056,0.8043808137130599,,True,False,False,25,2,0.25,True,anchored_masked_phase_cross_correlation,E,11,"{'y_start': 499, 'y_stop': 2760, 'x_start': 5, 'x_stop': 2720}"
E11,PLD3_mCherry_reporter_control,36,488nm Binned,-107.51918343049329,-159.7778293219144,0.0077318648690428505,0.13138235626942185,0.9088887514084483,,True,False,True,32,2,0.25,True,anchored_masked_phase_cross_correlation,E,11,"{'y_start': 499, 'y_stop': 2760, 'x_start': 5, 'x_stop': 2720}"
E11,PLD3_mCherry_reporter_control,39,488nm Binned,740.0996214808474,-84.27087303656299,0.001741694968889395,0.23620655728264794,0.7201450360443775,,True,True,False,32,2,0.25,True,anchored_masked_phase_cross_correlation,E,11,"{'y_start': 499, 'y_stop': 2760, 'x_start': 5, 'x_stop': 2720}"
E10,PLD3_mCherry_reporter_control,8,488nm Binned,0.0,0.0,1.0,1.0,1.0,,True,False,False,8,2,0.25,True,anchored_masked_phase_cross_correlation,E,10,"{'y_start': 516, 'y_stop': 2771, 'x_start': 1, 'x_stop': 2717}"
E10,PLD3_mCherry_reporter_control,12,488nm Binned,-86.0,-116.0,0.0019492788520857791,0.17727952481014642,0.9307804679734443,,True,False,False,8,2,0.25,True,anchored_masked_phase_cross_correlation,E,10,"{'y_start': 516, 'y_stop': 2771, 'x_start': 1, 'x_stop': 2717}"
E10,PLD3_mCherry_reporter_control,16,488nm Binned,-40.0,-36.0,0.0075167520892206645,0.14706584130039296,0.9736757643131831,,True,False,False,8,2,0.25,True,anchored_masked_phase_cross_correlation,E,10,"{'y_start': 516, 'y_stop': 2771, 'x_start': 1, 'x_stop': 2717}"
E10,PLD3_mCherry_reporter_control,20,488nm Binned,-65.0,-134.0,-0.0013103441252475382,0.11044741580142202,0.9316725800396429,,True,False,False,8,2,0.25,True,anchored_masked_phase_cross_correlation,E,10,"{'y_start': 516, 'y_stop': 2771, 'x_start': 1, 'x_stop': 2717}"
E10,PLD3_mCherry_reporter_control,25,488nm Binned,87.80936251911407,0.7558485723347985,0.008737404529719127,0.3046817109141587,0.9691275908902717,,True,False,True,20,2,0.25,True,anchored_masked_phase_cross_correlation,E,10,"{'y_start': 516, 'y_stop': 2771, 'x_start': 1, 'x_stop': 2717}"
E10,PLD3_mCherry_reporter_control,29,488nm Binned,58.809362519114075,-22.2441514276652,0.005596868070278012,0.2427331456389419,0.97189770233922,,True,False,False,20,2,0.25,True,anchored_masked_phase_cross_correlation,E,10,"{'y_start': 516, 'y_stop': 2771, 'x_start': 1, 'x_stop': 2717}"
E10,PLD3_mCherry_reporter_control,32,488nm Binned,453.11559872134603,-147.99315597655368,0.004854050891811562,0.16929171197805915,0.7985609129697632,,True,False,False,20,2,0.25,True,anchored_masked_phase_cross_correlation,E,10,"{'y_start': 516, 'y_stop': 2771, 'x_start': 1, 'x_stop': 2717}"
E10,PLD3_mCherry_reporter_control,36,488nm Binned,-96.58490413310938,-160.79353297963098,0.0009730690753424307,0.12291411022427254,0.9121466407480906,,True,False,False,20,2,0.25,True,anchored_masked_phase_cross_correlation,E,10,"{'y_start': 516, 'y_stop': 2771, 'x_start': 1, 'x_stop': 2717}"
E10,PLD3_mCherry_reporter_control,39,488nm Binned,766.8072908850518,-89.30613578494376,0.0007675277158512071,0.2787609043914956,0.7098201002587974,,True,True,True,36,2,0.25,True,anchored_masked_phase_cross_correlation,E,10,"{'y_start': 516, 'y_stop': 2771, 'x_start': 1, 'x_stop': 2717}"
E06,PLD3_mCherry_reporter_control,8,488nm Binned,0.0,0.0,1.0,1.0,1.0,,True,False,False,8,2,0.25,True,anchored_masked_phase_cross_correlation,E,06,"{'y_start': 572, 'y_stop': 2814, 'x_start': 5, 'x_stop': 2723}"
E06,PLD3_mCherry_reporter_control,12,488nm Binned,-48.0,-113.0,0.004380962858525866,0.1610023428745246,0.9445227382807257,,True,False,False,8,2,0.25,True,anchored_masked_phase_cross_correlation,E,06,"{'y_start': 572, 'y_stop': 2814, 'x_start': 5, 'x_stop': 2723}"
E06,PLD3_mCherry_reporter_control,16,488nm Binned,-29.0,-34.0,0.013306333332664993,0.14118135830841608,0.9781533450433679,,True,False,False,8,2,0.25,True,anchored_masked_phase_cross_correlation,E,06,"{'y_start': 572, 'y_stop': 2814, 'x_start': 5, 'x_stop': 2723}"
E06,PLD3_mCherry_reporter_control,20,488nm Binned,-19.0,-129.0,-0.0016809964104466614,0.10071805853052009,0.9486940733997421,,True,False,False,8,2,0.25,True,anchored_masked_phase_cross_correlation,E,06,"{'y_start': 572, 'y_stop': 2814, 'x_start': 5, 'x_stop': 2723}"
E06,PLD3_mCherry_reporter_control,25,488nm Binned,79.19384491345409,4.7598133759747725,0.004476829666303202,0.30541967691136734,0.9707732824409091,,True,False,True,20,2,0.25,True,anchored_masked_phase_cross_correlation,E,06,"{'y_start': 572, 'y_stop': 2814, 'x_start': 5, 'x_stop': 2723}"
E06,PLD3_mCherry_reporter_control,29,488nm Binned,56.193844913454086,-16.240186624025228,0.001902449141535775,0.22935646401029747,0.9748550100370541,,True,False,False,20,2,0.25,True,anchored_masked_phase_cross_correlation,E,06,"{'y_start': 572, 'y_stop': 2814, 'x_start': 5, 'x_stop': 2723}"
E06,PLD3_mCherry_reporter_control,32,488nm Binned,498.7677557591742,-142.02530522906454,0.004632694945201444,0.1886401927376258,0.7851834925270531,,True,False,False,20,2,0.25,True,anchored_masked_phase_cross_correlation,E,06,"{'y_start': 572, 'y_stop': 2814, 'x_start': 5, 'x_stop': 2723}"
E06,PLD3_mCherry_reporter_control,36,488nm Binned,-53.84554544080311,-156.85832638840657,0.0009173296417280033,0.12232024355025843,0.9275596513608467,,True,False,True,32,2,0.25,True,anchored_masked_phase_cross_correlation,E,06,"{'y_start': 572, 'y_stop': 2814, 'x_start': 5, 'x_stop': 2723}"
E06,PLD3_mCherry_reporter_control,39,488nm Binned,863.6427679138033,-85.45142475370085,0.0007114917465870525,0.1864480660604502,0.6780466709589759,,True,True,False,32,2,0.25,True,anchored_masked_phase_cross_correlation,E,06,"{'y_start': 572, 'y_stop': 2814, 'x_start': 5, 'x_stop': 2723}"
E09,PLD3_mCherry_reporter_control,8,488nm Binned,0.0,0.0,1.0,1.0,1.0,,True,False,False,8,2,0.25,True,anchored_masked_phase_cross_correlation,E,09,"{'y_start': 527, 'y_stop': 2779, 'x_start': 2, 'x_stop': 2717}"
E09,PLD3_mCherry_reporter_control,12,488nm Binned,-77.0,-114.0,-0.004355830988109805,0.16900453202475632,0.9344702473696189,,True,False,False,8,2,0.25,True,anchored_masked_phase_cross_correlation,E,09,"{'y_start': 527, 'y_stop': 2779, 'x_start': 2, 'x_stop': 2717}"
E09,PLD3_mCherry_reporter_control,16,488nm Binned,-39.0,-34.0,0.0026799992891300647,0.14855392301606435,0.9747079299498725,,True,False,False,8,2,0.25,True,anchored_masked_phase_cross_correlation,E,09,"{'y_start': 527, 'y_stop': 2779, 'x_start': 2, 'x_stop': 2717}"
E09,PLD3_mCherry_reporter_control,20,488nm Binned,-57.0,-132.0,-0.0003798052497512385,0.12328270165181404,0.9350151432923093,,True,False,False,8,2,0.25,True,anchored_masked_phase_cross_correlation,E,09,"{'y_start': 527, 'y_stop': 2779, 'x_start': 2, 'x_stop': 2717}"
E09,PLD3_mCherry_reporter_control,25,488nm Binned,82.40547638493445,1.7568958658521296,0.004627655566592804,0.28552952347625504,0.9706722831826698,,True,False,True,20,2,0.25,True,anchored_masked_phase_cross_correlation,E,09,"{'y_start': 527, 'y_stop': 2779, 'x_start': 2, 'x_stop': 2717}"
E09,PLD3_mCherry_reporter_control,29,488nm Binned,53.405476384934445,-20.24310413414787,0.010971056387576032,0.23822413383531976,0.9744520116763666,,True,False,False,20,2,0.25,True,anchored_masked_phase_cross_correlation,E,09,"{'y_start': 527, 'y_stop': 2779, 'x_start': 2, 'x_stop': 2717}"
E09,PLD3_mCherry_reporter_control,32,488nm Binned,461.02868641855457,-148.0015978808915,0.007218084876707883,0.16023025867271,0.7959417200727966,,True,False,False,20,2,0.25,True,anchored_masked_phase_cross_correlation,E,09,"{'y_start': 527, 'y_stop': 2779, 'x_start': 2, 'x_stop': 2717}"
E09,PLD3_mCherry_reporter_control,36,488nm Binned,-88.64996575157784,-161.8105556170558,-0.0027037102529537185,0.1654039968524712,0.9144145912634357,,True,False,True,32,2,0.25,True,anchored_masked_phase_cross_correlation,E,09,"{'y_start': 527, 'y_stop': 2779, 'x_start': 2, 'x_stop': 2717}"
E09,PLD3_mCherry_reporter_control,39,488nm Binned,789.5163712895665,-91.34422317984718,0.013888941638990702,0.22678988967087146,0.7016335662070355,,True,True,False,32,2,0.25,True,anchored_masked_phase_cross_correlation,E,09,"{'y_start': 527, 'y_stop': 2779, 'x_start': 2, 'x_stop': 2717}"
E08,PLD3_mCherry_reporter_control,8,488nm Binned,0.0,0.0,1.0,1.0,1.0,,True,False,False,8,2,0.25,True,anchored_masked_phase_cross_correlation,E,08,"{'y_start': 543, 'y_stop': 2794, 'x_start': 1, 'x_stop': 2716}"
E08,PLD3_mCherry_reporter_control,12,488nm Binned,-66.0,-115.0,0.005824907252549116,0.1745120726630074,0.9378125674737253,,True,False,False,8,2,0.25,True,anchored_masked_phase_cross_correlation,E,08,"{'y_start': 543, 'y_stop': 2794, 'x_start': 1, 'x_stop': 2716}"
E08,PLD3_mCherry_reporter_control,16,488nm Binned,-35.0,-35.0,0.0034859795892237954,0.14764410992720062,0.9757416760522011,,True,False,False,8,2,0.25,True,anchored_masked_phase_cross_correlation,E,08,"{'y_start': 543, 'y_stop': 2794, 'x_start': 1, 'x_stop': 2716}"
E08,PLD3_mCherry_reporter_control,20,488nm Binned,-42.0,-133.0,-0.0005460707394157428,0.10605505977806447,0.9396609828259309,,True,False,False,8,2,0.25,True,anchored_masked_phase_cross_correlation,E,08,"{'y_start': 543, 'y_stop': 2794, 'x_start': 1, 'x_stop': 2716}"
E08,PLD3_mCherry_reporter_control,25,488nm Binned,82.00160820331803,0.7578444365608448,0.0038357208458758363,0.26029728041932104,0.9711514001334635,,True,False,True,20,2,0.25,True,anchored_masked_phase_cross_correlation,E,08,"{'y_start': 543, 'y_stop': 2794, 'x_start': 1, 'x_stop': 2716}"
E08,PLD3_mCherry_reporter_control,29,488nm Binned,57.00160820331803,-21.242155563439155,0.014022327251591834,0.21740558061913537,0.9728655595803647,,True,False,False,20,2,0.25,True,anchored_masked_phase_cross_correlation,E,08,"{'y_start': 543, 'y_stop': 2794, 'x_start': 1, 'x_stop': 2716}"
E08,PLD3_mCherry_reporter_control,32,488nm Binned,474.9416448472548,-149.0093276925545,9.882209513717354e-05,0.14631806837679273,0.7910477740658369,,True,False,False,20,2,0.25,True,anchored_masked_phase_cross_correlation,E,08,"{'y_start': 543, 'y_stop': 2794, 'x_start': 1, 'x_stop': 2716}"
E08,PLD3_mCherry_reporter_control,36,488nm Binned,-73.71529077651576,-163.82612749039617,0.000582414702543242,0.19600102396180402,0.9186434283552121,,True,False,True,32,2,0.25,True,anchored_masked_phase_cross_correlation,E,08,"{'y_start': 543, 'y_stop': 2794, 'x_start': 1, 'x_stop': 2716}"
E08,PLD3_mCherry_reporter_control,39,488nm Binned,814.2248880348016,-91.37920383399614,0.00936531260601868,0.21895535009369174,0.6932839798326181,,True,True,False,32,2,0.25,True,anchored_masked_phase_cross_correlation,E,08,"{'y_start': 543, 'y_stop': 2794, 'x_start': 1, 'x_stop': 2716}"
E12,PLD3_mCherry_reporter_control,8,488nm Binned,0.0,0.0,1.0,1.0,1.0,,True,False,False,8,2,0.25,True,anchored_masked_phase_cross_correlation,E,12,"{'y_start': 487, 'y_stop': 2749, 'x_start': 5, 'x_stop': 2724}"
E12,PLD3_mCherry_reporter_control,12,488nm Binned,-107.0,-114.0,0.0018463869802016432,0.18215161584277956,0.9244257803609881,,True,False,False,8,2,0.25,True,anchored_masked_phase_cross_correlation,E,12,"{'y_start': 487, 'y_stop': 2749, 'x_start': 5, 'x_stop': 2724}"
E12,PLD3_mCherry_reporter_control,16,488nm Binned,-47.0,-34.0,0.0046803461801421566,0.1640182606102038,0.9719515978750761,,True,False,False,8,2,0.25,True,anchored_masked_phase_cross_correlation,E,12,"{'y_start': 487, 'y_stop': 2749, 'x_start': 5, 'x_stop': 2724}"
E12,PLD3_mCherry_reporter_control,20,488nm Binned,-95.0,-130.0,0.004240258818082014,0.13530137537409798,0.9230495595120689,,True,False,False,8,2,0.25,True,anchored_masked_phase_cross_correlation,E,12,"{'y_start': 487, 'y_stop': 2749, 'x_start': 5, 'x_stop': 2724}"
E12,PLD3_mCherry_reporter_control,25,488nm Binned,87.61706298451827,4.753897580785178,0.005543016994258956,0.11126421401793052,0.967843190532484,,True,False,False,8,2,0.25,True,anchored_masked_phase_cross_correlation,E,12,"{'y_start': 487, 'y_stop': 2749, 'x_start': 5, 'x_stop': 2724}"
E12,PLD3_mCherry_reporter_control,29,488nm Binned,53.61706298451827,-15.246102419214822,0.0062616432185096755,0.29712439575708155,0.9760885144468872,,True,False,True,25,2,0.25,True,anchored_masked_phase_cross_correlation,E,12,"{'y_start': 487, 'y_stop': 2749, 'x_start': 5, 'x_stop': 2724}"
E12,PLD3_mCherry_reporter_control,32,488nm Binned,428.2899409008787,-140.97730802993647,0.006143858740877758,0.19672319536247262,0.8088512753860383,,True,False,False,25,2,0.25,True,anchored_masked_phase_cross_correlation,E,12,"{'y_start': 487, 'y_stop': 2749, 'x_start': 5, 'x_stop': 2724}"
E12,PLD3_mCherry_reporter_control,36,488nm Binned,-118.45372636153115,-155.76159807231443,0.005329216708011332,0.10339266820288276,0.9066310735154107,,True,False,False,25,2,0.25,True,anchored_masked_phase_cross_correlation,E,12,"{'y_start': 487, 'y_stop': 2749, 'x_start': 5, 'x_stop': 2724}"
E12,PLD3_mCherry_reporter_control,39,488nm Binned,717.3913876765218,-84.2344804295758,0.0036233348122061927,0.27917413053550877,0.7278396956895226,,True,True,True,36,2,0.25,True,anchored_masked_phase_cross_correlation,E,12,"{'y_start': 487, 'y_stop': 2749, 'x_start': 5, 'x_stop': 2724}"
E05,PLD3_mCherry_reporter_control,8,488nm Binned,0.0,0.0,1.0,1.0,1.0,,True,False,False,8,2,0.25,True,anchored_masked_phase_cross_correlation,E,05,"{'y_start': 586, 'y_stop': 2822, 'x_start': 6, 'x_stop': 2722}"
E05,PLD3_mCherry_reporter_control,12,488nm Binned,-39.0,-114.0,0.0028117429839844923,0.16254986971364108,0.9471932389138845,,True,False,False,8,2,0.25,True,anchored_masked_phase_cross_correlation,E,05,"{'y_start': 586, 'y_stop': 2822, 'x_start': 6, 'x_stop': 2722}"
E05,PLD3_mCherry_reporter_control,16,488nm Binned,-25.0,-33.0,0.01769916281517363,0.14275115674811437,0.9798771467586351,,True,False,False,8,2,0.25,True,anchored_masked_phase_cross_correlation,E,05,"{'y_start': 586, 'y_stop': 2822, 'x_start': 6, 'x_stop': 2722}"
E05,PLD3_mCherry_reporter_control,20,488nm Binned,-7.0,-129.0,0.0024583791070778346,0.11574673951342142,0.9526899768328052,,True,False,False,8,2,0.25,True,anchored_masked_phase_cross_correlation,E,05,"{'y_start': 586, 'y_stop': 2822, 'x_start': 6, 'x_stop': 2722}"
E05,PLD3_mCherry_reporter_control,25,488nm Binned,77.78998570329713,5.760878619970754,0.0041796314624421545,0.3249183926501474,0.9709223816044441,,True,False,True,20,2,0.25,True,anchored_masked_phase_cross_correlation,E,05,"{'y_start': 586, 'y_stop': 2822, 'x_start': 6, 'x_stop': 2722}"
E05,PLD3_mCherry_reporter_control,29,488nm Binned,55.789985703297134,-17.239121380029246,0.007844426012432166,0.24640649846963913,0.9746535000773637,,True,False,False,20,2,0.25,True,anchored_masked_phase_cross_correlation,E,05,"{'y_start': 586, 'y_stop': 2822, 'x_start': 6, 'x_stop': 2722}"
E05,PLD3_mCherry_reporter_control,32,488nm Binned,509.68064922331905,-143.03387654473772,-0.001326783888784908,0.15608887095961674,0.7812776993812676,,True,True,False,20,2,0.25,True,anchored_masked_phase_cross_correlation,E,05,"{'y_start': 586, 'y_stop': 2822, 'x_start': 6, 'x_stop': 2722}"
E05,PLD3_mCherry_reporter_control,36,488nm Binned,-45.91100276941506,-156.87561269193247,0.008583869758821687,0.11378558233550909,0.9301689862486856,,True,False,False,20,2,0.25,True,anchored_masked_phase_cross_correlation,E,05,"{'y_start': 586, 'y_stop': 2822, 'x_start': 6, 'x_stop': 2722}"
E05,PLD3_mCherry_reporter_control,39,488nm Binned,886.3510008714438,-81.49007665454701,0.00518709734882491,0.26029619338206733,0.6713191442361278,,True,True,True,36,2,0.25,True,anchored_masked_phase_cross_correlation,E,05,"{'y_start': 586, 'y_stop': 2822, 'x_start': 6, 'x_stop': 2722}"
E13,PLD3_mCherry_reporter_control,8,488nm Binned,0.0,0.0,1.0,1.0,1.0,,True,False,False,8,2,0.25,True,anchored_masked_phase_cross_correlation,E,13,"{'y_start': 472, 'y_stop': 2738, 'x_start': 4, 'x_stop': 2717}"
E13,PLD3_mCherry_reporter_control,12,488nm Binned,-115.0,-117.0,0.009445433648523158,0.17823621957808558,0.92074317384733,,True,False,False,8,2,0.25,True,anchored_masked_phase_cross_correlation,E,13,"{'y_start': 472, 'y_stop': 2738, 'x_start': 4, 'x_stop': 2717}"
E13,PLD3_mCherry_reporter_control,16,488nm Binned,-50.0,-37.0,0.0002495256629819327,0.16851502120063355,0.9698901843844159,,True,False,False,8,2,0.25,True,anchored_masked_phase_cross_correlation,E,13,"{'y_start': 472, 'y_stop': 2738, 'x_start': 4, 'x_stop': 2717}"
E13,PLD3_mCherry_reporter_control,20,488nm Binned,-105.0,-135.0,0.00261336643196775,0.12269548554888267,0.9180413070499466,,True,False,False,8,2,0.25,True,anchored_masked_phase_cross_correlation,E,13,"{'y_start': 472, 'y_stop': 2738, 'x_start': 4, 'x_stop': 2717}"
E13,PLD3_mCherry_reporter_control,25,488nm Binned,89.02089526752388,3.752922084488091,0.00964614333973903,0.31498990035767066,0.9676927025668537,,True,False,True,20,2,0.25,True,anchored_masked_phase_cross_correlation,E,13,"{'y_start': 472, 'y_stop': 2738, 'x_start': 4, 'x_stop': 2717}"
E13,PLD3_mCherry_reporter_control,29,488nm Binned,56.02089526752388,-19.24707791551191,0.015437513399860905,0.2341647099462942,0.9738870228996297,,True,False,False,20,2,0.25,True,anchored_masked_phase_cross_correlation,E,13,"{'y_start': 472, 'y_stop': 2738, 'x_start': 4, 'x_stop': 2717}"
E13,PLD3_mCherry_reporter_control,32,488nm Binned,416.377241455546,-147.9693840923369,0.004000431969880268,0.155229465648279,0.8107167438294871,,True,False,False,20,2,0.25,True,anchored_masked_phase_cross_correlation,E,13,"{'y_start': 472, 'y_stop': 2738, 'x_start': 4, 'x_stop': 2717}"
E13,PLD3_mCherry_reporter_control,36,488nm Binned,-129.38787371225771,-159.7456306835693,0.003420025532166996,0.11150777613662408,0.9016992019963639,,True,False,False,20,2,0.25,True,anchored_masked_phase_cross_correlation,E,13,"{'y_start': 472, 'y_stop': 2738, 'x_start': 4, 'x_stop': 2717}"
E13,PLD3_mCherry_reporter_control,39,488nm Binned,693.6840008957224,-90.19865296356329,0.0007793473306981557,0.2542031387467013,0.734286513521338,,True,True,True,36,2,0.25,True,anchored_masked_phase_cross_correlation,E,13,"{'y_start': 472, 'y_stop': 2738, 'x_start': 4, 'x_stop': 2717}"
E14,PLD3_mCherry_reporter_control,8,488nm Binned,0.0,0.0,1.0,1.0,1.0,,True,False,False,8,2,0.25,True,anchored_masked_phase_cross_correlation,E,14,"{'y_start': 458, 'y_stop': 2728, 'x_start': 2, 'x_stop': 2715}"
E14,PLD3_mCherry_reporter_control,12,488nm Binned,-121.0,-116.0,0.004325981210204004,0.15989274890436633,0.9190704333296374,,True,False,False,8,2,0.25,True,anchored_masked_phase_cross_correlation,E,14,"{'y_start': 458, 'y_stop': 2728, 'x_start': 2, 'x_stop': 2715}"
E14,PLD3_mCherry_reporter_control,16,488nm Binned,-56.0,-36.0,-6.888988255819791e-05,0.1485391909327396,0.9681669905405484,,True,False,False,8,2,0.25,True,anchored_masked_phase_cross_correlation,E,14,"{'y_start': 458, 'y_stop': 2728, 'x_start': 2, 'x_stop': 2715}"
E14,PLD3_mCherry_reporter_control,20,488nm Binned,-118.0,-134.0,0.0009080022672303144,0.1124527586299752,0.9140562237277982,,True,False,False,8,2,0.25,True,anchored_masked_phase_cross_correlation,E,14,"{'y_start': 458, 'y_stop': 2728, 'x_start': 2, 'x_stop': 2715}"
E14,PLD3_mCherry_reporter_control,25,488nm Binned,90.42474549996405,1.7519555635608413,5.76147528617972e-05,0.25975315365443397,0.9678795453566617,,True,False,True,20,2,0.25,True,anchored_masked_phase_cross_correlation,E,14,"{'y_start': 458, 'y_stop': 2728, 'x_start': 2, 'x_stop': 2715}"
E14,PLD3_mCherry_reporter_control,29,488nm Binned,54.42474549996405,-17.24804443643916,0.0166168575309261,0.22338678544356808,0.9751236117300726,,True,False,False,20,2,0.25,True,anchored_masked_phase_cross_correlation,E,14,"{'y_start': 458, 'y_stop': 2728, 'x_start': 2, 'x_stop': 2715}"
E14,PLD3_mCherry_reporter_control,32,488nm Binned,404.46441252745353,-149.96152485148014,0.0004985438266928623,0.14592149516379535,0.8140594954920249,,True,False,False,20,2,0.25,True,anchored_masked_phase_cross_correlation,E,14,"{'y_start': 458, 'y_stop': 2728, 'x_start': 2, 'x_stop': 2715}"
E14,PLD3_mCherry_reporter_control,36,488nm Binned,-139.32228485892847,-162.7297951116543,0.004463482791086231,0.13383220479102598,0.8974382988055022,,True,False,False,20,2,0.25,True,anchored_masked_phase_cross_correlation,E,14,"{'y_start': 458, 'y_stop': 2728, 'x_start': 2, 'x_stop': 2715}"
E14,PLD3_mCherry_reporter_control,39,488nm Binned,670.9760491856177,-92.16310769761367,0.0019603344909354084,0.24589609294500492,0.7414304886827118,,True,True,True,36,2,0.25,True,anchored_masked_phase_cross_correlation,E,14,"{'y_start': 458, 'y_stop': 2728, 'x_start': 2, 'x_stop': 2715}"
E15,PLD3_mCherry_reporter_control,8,488nm Binned,0.0,0.0,1.0,1.0,1.0,,True,False,False,8,2,0.25,True,anchored_masked_phase_cross_correlation,E,15,"{'y_start': 445, 'y_stop': 2715, 'x_start': 1, 'x_stop': 2716}"
E15,PLD3_mCherry_reporter_control,12,488nm Binned,-133.0,-119.0,0.00246304825345554,0.15035247419576794,0.9140580473419972,,True,False,False,8,2,0.25,True,anchored_masked_phase_cross_correlation,E,15,"{'y_start': 445, 'y_stop': 2715, 'x_start': 1, 'x_stop': 2716}"
E15,PLD3_mCherry_reporter_control,16,488nm Binned,-58.0,-37.0,0.011227387934251721,0.13740342650134427,0.9671367700923381,,True,False,False,8,2,0.25,True,anchored_masked_phase_cross_correlation,E,15,"{'y_start': 445, 'y_stop': 2715, 'x_start': 1, 'x_stop': 2716}"
E15,PLD3_mCherry_reporter_control,20,488nm Binned,-128.0,-136.0,0.005821706880311527,0.11317162032450405,0.910066155860172,,True,False,False,8,2,0.25,True,anchored_masked_phase_cross_correlation,E,15,"{'y_start': 445, 'y_stop': 2715, 'x_start': 1, 'x_stop': 2716}"
E15,PLD3_mCherry_reporter_control,25,488nm Binned,92.8285688089054,0.7509531424584566,0.011008945994698064,0.25937177528131095,0.9673796318522845,,True,False,True,20,2,0.25,True,anchored_masked_phase_cross_correlation,E,15,"{'y_start': 445, 'y_stop': 2715, 'x_start': 1, 'x_stop': 2716}"
E15,PLD3_mCherry_reporter_control,29,488nm Binned,56.8285688089054,-18.249046857541543,0.002431821981603921,0.22089793399302168,0.9739483904396504,,True,False,False,20,2,0.25,True,anchored_masked_phase_cross_correlation,E,15,"{'y_start': 445, 'y_stop': 2715, 'x_start': 1, 'x_stop': 2716}"
E15,PLD3_mCherry_reporter_control,32,488nm Binned,394.55177786813874,-148.95340673438113,0.0031493768248650167,0.15066285891313763,0.8176382107483504,,True,False,False,20,2,0.25,True,anchored_masked_phase_cross_correlation,E,15,"{'y_start': 445, 'y_stop': 2715, 'x_start': 1, 'x_stop': 2716}"
E15,PLD3_mCherry_reporter_control,36,488nm Binned,-152.256300230536,-160.71343211014027,0.004090831274861528,0.10502184149421441,0.8938501456237857,,True,False,False,20,2,0.25,True,anchored_masked_phase_cross_correlation,E,15,"{'y_start': 445, 'y_stop': 2715, 'x_start': 1, 'x_stop': 2716}"
E15,PLD3_mCherry_reporter_control,39,488nm Binned,644.2689451340702,-94.12643310223575,-0.003619643633548166,0.21280733000998522,0.7499125629246935,,True,True,True,36,2,0.25,True,anchored_masked_phase_cross_correlation,E,15,"{'y_start': 445, 'y_stop': 2715, 'x_start': 1, 'x_stop': 2716}"
E16,PLD3_mCherry_reporter_control,8,488nm Binned,0.0,0.0,1.0,1.0,1.0,,True,False,False,8,2,0.25,True,anchored_masked_phase_cross_correlation,E,16,"{'y_start': 434, 'y_stop': 2710, 'x_start': 0, 'x_stop': 2716}"
E16,PLD3_mCherry_reporter_control,12,488nm Binned,-143.0,-118.0,0.008789310058293028,0.19745902578462773,0.9110472602992867,,True,False,False,8,2,0.25,True,anchored_masked_phase_cross_correlation,E,16,"{'y_start': 434, 'y_stop': 2710, 'x_start': 0, 'x_stop': 2716}"
E16,PLD3_mCherry_reporter_control,16,488nm Binned,-64.0,-37.0,0.003588860964875403,0.16212450655580374,0.9650717093732797,,True,False,False,8,2,0.25,True,anchored_masked_phase_cross_correlation,E,16,"{'y_start': 434, 'y_stop': 2710, 'x_start': 0, 'x_stop': 2716}"
E16,PLD3_mCherry_reporter_control,20,488nm Binned,-141.0,-135.0,0.0017790862225846044,0.1295627525206915,0.9060798567952242,,True,False,False,8,2,0.25,True,anchored_masked_phase_cross_correlation,E,16,"{'y_start': 434, 'y_stop': 2710, 'x_start': 0, 'x_stop': 2716}"
E16,PLD3_mCherry_reporter_control,25,488nm Binned,97.23240109139078,-0.25000440414078184,0.002216955671284719,0.1031182689528569,0.966013274156726,,True,False,False,8,2,0.25,True,anchored_masked_phase_cross_correlation,E,16,"{'y_start': 434, 'y_stop': 2710, 'x_start': 0, 'x_stop': 2716}"
E16,PLD3_mCherry_reporter_control,29,488nm Binned,57.232401091390784,-19.250004404140782,0.0078025581580071866,0.32598703692418013,0.9734664358958133,,True,False,True,25,2,0.25,True,anchored_masked_phase_cross_correlation,E,16,"{'y_start': 434, 'y_stop': 2710, 'x_start': 0, 'x_stop': 2716}"
E16,PLD3_mCherry_reporter_control,32,488nm Binned,385.6390783871029,-148.94561226167934,-0.006254023856495315,0.15213984605671993,0.8205867996423879,,True,False,False,25,2,0.25,True,anchored_masked_phase_cross_correlation,E,16,"{'y_start': 434, 'y_stop': 2710, 'x_start': 0, 'x_stop': 2716}"
E16,PLD3_mCherry_reporter_control,36,488nm Binned,-157.19044764617138,-159.69772848487628,0.009942376758449922,0.15110817496190018,0.892560878112152,,True,False,True,32,2,0.25,True,anchored_masked_phase_cross_correlation,E,16,"{'y_start': 434, 'y_stop': 2710, 'x_start': 0, 'x_stop': 2716}"
E16,PLD3_mCherry_reporter_control,39,488nm Binned,626.5615581416059,-94.09117045969106,-0.004539131813674485,0.19173824330159858,0.7558936639305247,,True,True,False,32,2,0.25,True,anchored_masked_phase_cross_correlation,E,16,"{'y_start': 434, 'y_stop': 2710, 'x_start': 0, 'x_stop': 2716}"
E20,PLD3_mCherry_reporter_control,8,488nm Binned,0.0,0.0,1.0,1.0,1.0,,True,False,False,8,2,0.25,True,anchored_masked_phase_cross_correlation,E,20,"{'y_start': 373, 'y_stop': 2667, 'x_start': 0, 'x_stop': 2712}"
E20,PLD3_mCherry_reporter_control,12,488nm Binned,-180.0,-120.0,0.004766304078996469,0.17998588198622745,0.8980234939864499,,True,False,False,8,2,0.25,True,anchored_masked_phase_cross_correlation,E,20,"{'y_start': 373, 'y_stop': 2667, 'x_start': 0, 'x_stop': 2712}"
E20,PLD3_mCherry_reporter_control,16,488nm Binned,-74.0,-39.0,0.006712771897503057,0.15137432205107965,0.9609505844318785,,True,False,False,8,2,0.25,True,anchored_masked_phase_cross_correlation,E,20,"{'y_start': 373, 'y_stop': 2667, 'x_start': 0, 'x_stop': 2712}"
E20,PLD3_mCherry_reporter_control,20,488nm Binned,-189.0,-139.0,0.00031281450288045035,0.10735691330297366,0.8888284664717587,,True,False,False,8,2,0.25,True,anchored_masked_phase_cross_correlation,E,20,"{'y_start': 373, 'y_stop': 2667, 'x_start': 0, 'x_stop': 2712}"
E20,PLD3_mCherry_reporter_control,25,488nm Binned,99.8476225262857,-1.2539422918562195,0.00543997772221266,0.26979243334396946,0.9647636298454884,,True,False,True,20,2,0.25,True,anchored_masked_phase_cross_correlation,E,20,"{'y_start': 373, 'y_stop': 2667, 'x_start': 0, 'x_stop': 2712}"
E20,PLD3_mCherry_reporter_control,29,488nm Binned,54.847622526285704,-19.25394229185622,0.012578708446303117,0.23365531281917953,0.9742910207498768,,True,False,False,20,2,0.25,True,anchored_masked_phase_cross_correlation,E,20,"{'y_start': 373, 'y_stop': 2667, 'x_start': 0, 'x_stop': 2712}"
E20,PLD3_mCherry_reporter_control,32,488nm Binned,332.9890574666242,-154.91365779573243,0.003268245500626745,0.16121676516265587,0.836151858618555,,True,False,False,20,2,0.25,True,anchored_masked_phase_cross_correlation,E,20,"{'y_start': 373, 'y_stop': 2667, 'x_start': 0, 'x_stop': 2712}"
E20,PLD3_mCherry_reporter_control,36,488nm Binned,-200.9254543383213,-158.63333179239999,0.0053930434415837385,0.10911354136082738,0.8785058223917309,,True,False,False,20,2,0.25,True,anchored_masked_phase_cross_correlation,E,20,"{'y_start': 373, 'y_stop': 2667, 'x_start': 0, 'x_stop': 2712}"
E20,PLD3_mCherry_reporter_control,39,488nm Binned,528.7354003825894,-91.94673221872654,-0.0004928818774249691,0.2537844709785174,0.7894940292406768,,True,True,True,36,2,0.25,True,anchored_masked_phase_cross_correlation,E,20,"{'y_start': 373, 'y_stop': 2667, 'x_start': 0, 'x_stop': 2712}"
E17,PLD3_mCherry_reporter_control,8,488nm Binned,0.0,0.0,1.0,1.0,1.0,,True,False,False,8,2,0.25,True,anchored_masked_phase_cross_correlation,E,17,"{'y_start': 414, 'y_stop': 2697, 'x_start': 0, 'x_stop': 2712}"
E17,PLD3_mCherry_reporter_control,12,488nm Binned,-152.0,-118.0,-0.00035259185905508295,0.1722927374887072,0.9080382968707753,,True,False,False,8,2,0.25,True,anchored_masked_phase_cross_correlation,E,17,"{'y_start': 414, 'y_stop': 2697, 'x_start': 0, 'x_stop': 2712}"
E17,PLD3_mCherry_reporter_control,16,488nm Binned,-62.0,-36.0,0.0035356226198635233,0.12876060826937086,0.9661012003758104,,True,False,False,8,2,0.25,True,anchored_masked_phase_cross_correlation,E,17,"{'y_start': 414, 'y_stop': 2697, 'x_start': 0, 'x_stop': 2712}"
E17,PLD3_mCherry_reporter_control,20,488nm Binned,-152.0,-139.0,-0.002887849199149333,0.10358870735233341,0.9011041862401258,,True,False,False,8,2,0.25,True,anchored_masked_phase_cross_correlation,E,17,"{'y_start': 414, 'y_stop': 2697, 'x_start': 0, 'x_stop': 2712}"
E17,PLD3_mCherry_reporter_control,25,488nm Binned,94.63621542574765,-3.2510158003497054,0.007917335480941826,0.25472177085409065,0.9659065702479517,,True,False,True,20,2,0.25,True,anchored_masked_phase_cross_correlation,E,17,"{'y_start': 414, 'y_stop': 2697, 'x_start': 0, 'x_stop': 2712}"
E17,PLD3_mCherry_reporter_control,29,488nm Binned,54.63621542574765,-23.251015800349705,0.006650581622961291,0.24094534055599692,0.9729971085200821,,True,False,False,20,2,0.25,True,anchored_masked_phase_cross_correlation,E,17,"{'y_start': 414, 'y_stop': 2697, 'x_start': 0, 'x_stop': 2712}"
E17,PLD3_mCherry_reporter_control,32,488nm Binned,365.72650847809564,-152.93742942997778,0.006010071118949918,0.1614341786740981,0.8259548806433183,,True,False,False,20,2,0.25,True,anchored_masked_phase_cross_correlation,E,17,"{'y_start': 414, 'y_stop': 2697, 'x_start': 0, 'x_stop': 2712}"
E17,PLD3_mCherry_reporter_control,36,488nm Binned,-170.1243311035796,-166.6812336340663,0.002913142629775441,0.1442305882876209,0.886011733098737,,True,False,False,20,2,0.25,True,anchored_masked_phase_cross_correlation,E,17,"{'y_start': 414, 'y_stop': 2697, 'x_start': 0, 'x_stop': 2712}"
E17,PLD3_mCherry_reporter_control,39,488nm Binned,602.8547366076309,-99.05421355840735,0.010432046481610833,0.26653331411542425,0.7625217171477643,,True,True,True,36,2,0.25,True,anchored_masked_phase_cross_correlation,E,17,"{'y_start': 414, 'y_stop': 2697, 'x_start': 0, 'x_stop': 2712}"
F05,PLD3_TMEM106B_mCherry_primary,8,488nm Binned,0.0,0.0,1.0,1.0,1.0,,True,False,False,8,2,0.25,True,anchored_masked_phase_cross_correlation,F,05,"{'y_start': 584, 'y_stop': 2819, 'x_start': 5, 'x_stop': 2735}"
F05,PLD3_TMEM106B_mCherry_primary,12,488nm Binned,-41.0,-104.0,-0.0032349860426892398,0.18054032000398315,0.9499605126738755,,True,False,False,8,2,0.25,True,anchored_masked_phase_cross_correlation,F,05,"{'y_start': 584, 'y_stop': 2819, 'x_start': 5, 'x_stop': 2735}"
F05,PLD3_TMEM106B_mCherry_primary,16,488nm Binned,-30.0,-29.0,0.020697900101570382,0.15174673516629578,0.979533942566365,,True,False,False,8,2,0.25,True,anchored_masked_phase_cross_correlation,F,05,"{'y_start': 584, 'y_stop': 2819, 'x_start': 5, 'x_stop': 2735}"
F05,PLD3_TMEM106B_mCherry_primary,20,488nm Binned,-10.0,-116.0,-0.0010533613670828394,0.11630766843223789,0.9562079717714248,,True,False,False,8,2,0.25,True,anchored_masked_phase_cross_correlation,F,05,"{'y_start': 584, 'y_stop': 2819, 'x_start': 5, 'x_stop': 2735}"
F05,PLD3_TMEM106B_mCherry_primary,25,488nm Binned,72.79118556870162,4.164782708277926,-0.005137140044029595,0.29443737576236045,0.9732042314721521,,True,False,True,20,2,0.25,True,anchored_masked_phase_cross_correlation,F,05,"{'y_start': 584, 'y_stop': 2819, 'x_start': 5, 'x_stop': 2735}"
F05,PLD3_TMEM106B_mCherry_primary,29,488nm Binned,52.79118556870162,-16.835217291722074,0.0021905860238799987,0.22497544469419256,0.9758310608275563,,True,False,False,20,2,0.25,True,anchored_masked_phase_cross_correlation,F,05,"{'y_start': 584, 'y_stop': 2819, 'x_start': 5, 'x_stop': 2735}"
F05,PLD3_TMEM106B_mCherry_primary,32,488nm Binned,508.67110683158535,-129.94709340333065,0.00646290784622299,0.1437055171408041,0.7853658770122101,,True,True,False,20,2,0.25,True,anchored_masked_phase_cross_correlation,F,05,"{'y_start': 584, 'y_stop': 2819, 'x_start': 5, 'x_stop': 2735}"
F05,PLD3_TMEM106B_mCherry_primary,36,488nm Binned,-48.93026746138639,-143.81081428520702,-0.0011975309584984076,0.11689662720689704,0.9336514785326064,,True,False,False,20,2,0.25,True,anchored_masked_phase_cross_correlation,F,05,"{'y_start': 584, 'y_stop': 2819, 'x_start': 5, 'x_stop': 2735}"
F05,PLD3_TMEM106B_mCherry_primary,39,488nm Binned,884.3081122653821,-56.199720083335706,-0.0003008269385196694,0.25466931762603406,0.6781103813250982,,True,True,True,36,2,0.25,True,anchored_masked_phase_cross_correlation,F,05,"{'y_start': 584, 'y_stop': 2819, 'x_start': 5, 'x_stop': 2735}"
F06,PLD3_TMEM106B_mCherry_primary,8,488nm Binned,0.0,0.0,1.0,1.0,1.0,,True,False,False,8,2,0.25,True,anchored_masked_phase_cross_correlation,F,06,"{'y_start': 564, 'y_stop': 2806, 'x_start': 2, 'x_stop': 2730}"
F06,PLD3_TMEM106B_mCherry_primary,12,488nm Binned,-51.0,-105.0,0.002204815082002137,0.16983182258338292,0.9462577248297473,,True,False,False,8,2,0.25,True,anchored_masked_phase_cross_correlation,F,06,"{'y_start': 564, 'y_stop': 2806, 'x_start': 2, 'x_stop': 2730}"
F06,PLD3_TMEM106B_mCherry_primary,16,488nm Binned,-32.0,-31.0,0.009909557385050637,0.1433209598824046,0.9781540744890476,,True,False,False,8,2,0.25,True,anchored_masked_phase_cross_correlation,F,06,"{'y_start': 564, 'y_stop': 2806, 'x_start': 2, 'x_stop': 2730}"
F06,PLD3_TMEM106B_mCherry_primary,20,488nm Binned,-20.0,-119.0,0.006820975427264687,0.11419902913715985,0.9518235169396738,,True,False,False,8,2,0.25,True,anchored_masked_phase_cross_correlation,F,06,"{'y_start': 564, 'y_stop': 2806, 'x_start': 2, 'x_stop': 2730}"
F06,PLD3_TMEM106B_mCherry_primary,25,488nm Binned,75.19507170497309,1.1636636159819318,0.004777533277587073,0.11558304138189533,0.9733862532640926,,True,False,False,8,2,0.25,True,anchored_masked_phase_cross_correlation,F,06,"{'y_start': 564, 'y_stop': 2806, 'x_start': 2, 'x_stop': 2730}"
F06,PLD3_TMEM106B_mCherry_primary,29,488nm Binned,53.19507170497309,-19.836336384018068,0.00493242890912834,0.35195714039658355,0.9746640558513561,,True,False,True,25,2,0.25,True,anchored_masked_phase_cross_correlation,F,06,"{'y_start': 564, 'y_stop': 2806, 'x_start': 2, 'x_stop': 2730}"
F06,PLD3_TMEM106B_mCherry_primary,32,488nm Binned,490.75801927721113,-133.93813363937807,0.0017207322373787378,0.227575678014707,0.7901752720109955,,True,False,False,25,2,0.25,True,anchored_masked_phase_cross_correlation,F,06,"{'y_start': 564, 'y_stop': 2806, 'x_start': 2, 'x_stop': 2730}"
F06,PLD3_TMEM106B_mCherry_primary,36,488nm Binned,-61.86520558327538,-149.79273659383762,0.0004598252939938076,0.11239340461361472,0.9273267834315044,,True,False,False,25,2,0.25,True,anchored_masked_phase_cross_correlation,F,06,"{'y_start': 564, 'y_stop': 2806, 'x_start': 2, 'x_stop': 2730}"
F06,PLD3_TMEM106B_mCherry_primary,39,488nm Binned,854.5990327075415,-62.15937339455559,-0.0009175390592473715,0.2907097151079255,0.6868074194930109,,True,True,True,36,2,0.25,True,anchored_masked_phase_cross_correlation,F,06,"{'y_start': 564, 'y_stop': 2806, 'x_start': 2, 'x_stop': 2730}"
E19,PLD3_mCherry_reporter_control,8,488nm Binned,0.0,0.0,1.0,1.0,1.0,,True,False,False,8,2,0.25,True,anchored_masked_phase_cross_correlation,E,19,"{'y_start': 384, 'y_stop': 2676, 'x_start': 7, 'x_stop': 2723}"
E19,PLD3_mCherry_reporter_control,12,488nm Binned,-172.0,-117.0,0.003557509226641574,0.18073525715558922,0.9016794757328012,,True,False,False,8,2,0.25,True,anchored_masked_phase_cross_correlation,E,19,"{'y_start': 384, 'y_stop': 2676, 'x_start': 7, 'x_stop': 2723}"
E19,PLD3_mCherry_reporter_control,16,488nm Binned,-72.0,-37.0,0.007941540742098713,0.16651625875128687,0.9623182950812019,,True,False,False,8,2,0.25,True,anchored_masked_phase_cross_correlation,E,19,"{'y_start': 384, 'y_stop': 2676, 'x_start': 7, 'x_stop': 2723}"
E19,PLD3_mCherry_reporter_control,20,488nm Binned,-178.0,-135.0,0.0012653513297923448,0.11682869961552625,0.8937861440334262,,True,False,False,8,2,0.25,True,anchored_masked_phase_cross_correlation,E,19,"{'y_start': 384, 'y_stop': 2676, 'x_start': 7, 'x_stop': 2723}"
E19,PLD3_mCherry_reporter_control,25,488nm Binned,96.44382614345523,6.747006280944333,-8.872467112572761e-05,0.10522472262460525,0.9640990421536411,,True,False,False,8,2,0.25,True,anchored_masked_phase_cross_correlation,E,19,"{'y_start': 384, 'y_stop': 2676, 'x_start': 7, 'x_stop': 2723}"
E19,PLD3_mCherry_reporter_control,29,488nm Binned,52.443826143455226,-13.252993719055667,-0.000434166078345723,0.2897627464543723,0.9771776577514789,,True,False,True,25,2,0.25,True,anchored_masked_phase_cross_correlation,E,19,"{'y_start': 384, 'y_stop': 2676, 'x_start': 7, 'x_stop': 2723}"
E19,PLD3_mCherry_reporter_control,32,488nm Binned,342.90149803570966,-142.92138746455748,0.003448912447045426,0.19391067254919664,0.8365637956472727,,True,False,False,25,2,0.25,True,anchored_masked_phase_cross_correlation,E,19,"{'y_start': 384, 'y_stop': 2676, 'x_start': 7, 'x_stop': 2723}"
E19,PLD3_mCherry_reporter_control,36,488nm Binned,-191.9918344172038,-152.6489034060869,0.002636264021753632,0.18017010737015973,0.8833953978432615,,True,False,True,32,2,0.25,True,anchored_masked_phase_cross_correlation,E,19,"{'y_start': 384, 'y_stop': 2676, 'x_start': 7, 'x_stop': 2723}"
E19,PLD3_mCherry_reporter_control,39,488nm Binned,547.4416578339515,-88.98171202618687,0.002757424904849523,0.22446621112694048,0.7840172216276805,,True,True,False,32,2,0.25,True,anchored_masked_phase_cross_correlation,E,19,"{'y_start': 384, 'y_stop': 2676, 'x_start': 7, 'x_stop': 2723}"
E18,PLD3_mCherry_reporter_control,8,488nm Binned,0.0,0.0,1.0,1.0,1.0,,True,False,False,8,2,0.25,True,anchored_masked_phase_cross_correlation,E,18,"{'y_start': 401, 'y_stop': 2687, 'x_start': 3, 'x_stop': 2718}"
E18,PLD3_mCherry_reporter_control,12,488nm Binned,-161.0,-117.0,0.00210732450077775,0.1690725464216223,0.9053584350180611,,True,False,False,8,2,0.25,True,anchored_masked_phase_cross_correlation,E,18,"{'y_start': 401, 'y_stop': 2687, 'x_start': 3, 'x_stop': 2718}"
E18,PLD3_mCherry_reporter_control,16,488nm Binned,-66.0,-36.0,-0.0004966358469864468,0.15023698993543372,0.9647240069326517,,True,False,False,8,2,0.25,True,anchored_masked_phase_cross_correlation,E,18,"{'y_start': 401, 'y_stop': 2687, 'x_start': 3, 'x_stop': 2718}"
E18,PLD3_mCherry_reporter_control,20,488nm Binned,-164.0,-134.0,-0.001992376060154417,0.11572601782707696,0.8987665559854422,,True,False,False,8,2,0.25,True,anchored_masked_phase_cross_correlation,E,18,"{'y_start': 401, 'y_stop': 2687, 'x_start': 3, 'x_stop': 2718}"
E18,PLD3_mCherry_reporter_control,25,488nm Binned,98.04002078394842,2.7480176774115534,0.007041281716567001,0.27217193935385614,0.964890481196231,,True,False,True,20,2,0.25,True,anchored_masked_phase_cross_correlation,E,18,"{'y_start': 401, 'y_stop': 2687, 'x_start': 3, 'x_stop': 2718}"
E18,PLD3_mCherry_reporter_control,29,488nm Binned,54.04002078394842,-16.251982322588447,0.0066148263314086036,0.23691105265224163,0.975597706884526,,True,False,False,20,2,0.25,True,anchored_masked_phase_cross_correlation,E,18,"{'y_start': 401, 'y_stop': 2687, 'x_start': 3, 'x_stop': 2718}"
E18,PLD3_mCherry_reporter_control,32,488nm Binned,357.8140032122683,-146.92957027840748,-0.0033517533934799715,0.17065260459949097,0.830400097181655,,True,False,False,20,2,0.25,True,anchored_masked_phase_cross_correlation,E,18,"{'y_start': 401, 'y_stop': 2687, 'x_start': 3, 'x_stop': 2718}"
E18,PLD3_mCherry_reporter_control,36,488nm Binned,-180.05808284152954,-159.66539822443883,-0.0015513919324571177,0.1281060857739548,0.8850420478996858,,True,False,False,20,2,0.25,True,anchored_masked_phase_cross_correlation,E,18,"{'y_start': 401, 'y_stop': 2687, 'x_start': 3, 'x_stop': 2718}"
E18,PLD3_mCherry_reporter_control,39,488nm Binned,573.1481969562046,-94.01866882163449,-0.002507084014266598,0.28567207202434386,0.7739267981157566,,True,True,True,36,2,0.25,True,anchored_masked_phase_cross_correlation,E,18,"{'y_start': 401, 'y_stop': 2687, 'x_start': 3, 'x_stop': 2718}"
F07,PLD3_TMEM106B_mCherry_primary,8,488nm Binned,0.0,0.0,1.0,1.0,1.0,,True,False,False,8,2,0.25,True,anchored_masked_phase_cross_correlation,F,07,"{'y_start': 556, 'y_stop': 2802, 'x_start': 3, 'x_stop': 2732}"
F07,PLD3_TMEM106B_mCherry_primary,12,488nm Binned,-57.0,-103.0,0.003599354877488094,0.14985073198102927,0.9449257570187263,,True,False,False,8,2,0.25,True,anchored_masked_phase_cross_correlation,F,07,"{'y_start': 556, 'y_stop': 2802, 'x_start': 3, 'x_stop': 2732}"
F07,PLD3_TMEM106B_mCherry_primary,16,488nm Binned,-31.0,-31.0,0.015133249234572427,0.13179980208836653,0.978498980721237,,True,False,False,8,2,0.25,True,anchored_masked_phase_cross_correlation,F,07,"{'y_start': 556, 'y_stop': 2802, 'x_start': 3, 'x_stop': 2732}"
F07,PLD3_TMEM106B_mCherry_primary,20,488nm Binned,-30.0,-118.0,0.0006086920799095977,0.41144463035292644,0.9488264677905965,,True,False,True,16,2,0.25,True,anchored_masked_phase_cross_correlation,F,07,"{'y_start': 556, 'y_stop': 2802, 'x_start': 3, 'x_stop': 2732}"
F07,PLD3_TMEM106B_mCherry_primary,25,488nm Binned,81.5989398865895,2.1627150452768547,0.001635108086842657,0.24512277638171096,0.970815856898122,,True,False,False,16,2,0.25,True,anchored_masked_phase_cross_correlation,F,07,"{'y_start': 556, 'y_stop': 2802, 'x_start': 3, 'x_stop': 2732}"
F07,PLD3_TMEM106B_mCherry_primary,29,488nm Binned,56.598939886589505,-16.837284954723145,0.009807298838306304,0.2032234776025771,0.9745104786858552,,True,False,False,16,2,0.25,True,anchored_masked_phase_cross_correlation,F,07,"{'y_start': 556, 'y_stop': 2802, 'x_start': 3, 'x_stop': 2732}"
F07,PLD3_TMEM106B_mCherry_primary,32,488nm Binned,485.84506084851455,-132.93040382771142,0.006447363457544909,0.12735831034224107,0.7921001455298688,,True,False,False,16,2,0.25,True,anchored_masked_phase_cross_correlation,F,07,"{'y_start': 556, 'y_stop': 2802, 'x_start': 3, 'x_stop': 2732}"
F07,PLD3_TMEM106B_mCherry_primary,36,488nm Binned,-65.79988055833383,-147.77716472048633,0.004338880630724424,0.16298086501428638,0.9267131705220547,,True,False,True,32,2,0.25,True,anchored_masked_phase_cross_correlation,F,07,"{'y_start': 556, 'y_stop': 2802, 'x_start': 3, 'x_stop': 2732}"
F07,PLD3_TMEM106B_mCherry_primary,39,488nm Binned,834.89051596231,-62.12439274039207,-0.004620873355645315,0.20616721900955776,0.6935389966705086,,True,True,False,32,2,0.25,True,anchored_masked_phase_cross_correlation,F,07,"{'y_start': 556, 'y_stop': 2802, 'x_start': 3, 'x_stop': 2732}"
F08,PLD3_TMEM106B_mCherry_primary,8,488nm Binned,0.0,0.0,1.0,1.0,1.0,,True,False,False,8,2,0.25,True,anchored_masked_phase_cross_correlation,F,08,"{'y_start': 540, 'y_stop': 2789, 'x_start': 4, 'x_stop': 2732}"
F08,PLD3_TMEM106B_mCherry_primary,12,488nm Binned,-68.0,-103.0,-0.004916324787810785,0.17688330578694758,0.9412280752943556,,True,False,False,8,2,0.25,True,anchored_masked_phase_cross_correlation,F,08,"{'y_start': 540, 'y_stop': 2789, 'x_start': 4, 'x_stop': 2732}"
F08,PLD3_TMEM106B_mCherry_primary,16,488nm Binned,-36.0,-31.0,0.013263408610716588,0.14663623836370496,0.9767744495602901,,True,False,False,8,2,0.25,True,anchored_masked_phase_cross_correlation,F,08,"{'y_start': 540, 'y_stop': 2789, 'x_start': 4, 'x_stop': 2732}"
F08,PLD3_TMEM106B_mCherry_primary,20,488nm Binned,-42.0,-118.0,0.004443659196304715,0.11599573686565144,0.9448145165525813,,True,False,False,8,2,0.25,True,anchored_masked_phase_cross_correlation,F,08,"{'y_start': 540, 'y_stop': 2789, 'x_start': 4, 'x_stop': 2732}"
F08,PLD3_TMEM106B_mCherry_primary,25,488nm Binned,83.00279909544042,3.161694675520266,-0.0017971271781443252,0.3060826961769171,0.9699884968085338,,True,False,True,20,2,0.25,True,anchored_masked_phase_cross_correlation,F,08,"{'y_start': 540, 'y_stop': 2789, 'x_start': 4, 'x_stop': 2732}"
F08,PLD3_TMEM106B_mCherry_primary,29,488nm Binned,57.00279909544042,-17.838305324479734,0.0028420733257279,0.24198236440942852,0.9740283960873365,,True,False,False,20,2,0.25,True,anchored_masked_phase_cross_correlation,F,08,"{'y_start': 540, 'y_stop': 2789, 'x_start': 4, 'x_stop': 2732}"
F08,PLD3_TMEM106B_mCherry_primary,32,488nm Binned,471.9321672950973,-131.92215617428883,0.003987499119043751,0.1664714538167611,0.7970200818057981,,True,False,False,20,2,0.25,True,anchored_masked_phase_cross_correlation,F,08,"{'y_start': 540, 'y_stop': 2789, 'x_start': 4, 'x_stop': 2732}"
F08,PLD3_TMEM106B_mCherry_primary,36,488nm Binned,-78.73442339200847,-148.76053782566305,-0.0038598460769720543,0.18247235511186463,0.9221021343576826,,True,False,True,32,2,0.25,True,anchored_masked_phase_cross_correlation,F,08,"{'y_start': 540, 'y_stop': 2789, 'x_start': 4, 'x_stop': 2732}"
F08,PLD3_TMEM106B_mCherry_primary,39,488nm Binned,811.182282475489,-63.08715289821339,0.0045617385622506446,0.1914589520256793,0.7013856598797915,,True,True,False,32,2,0.25,True,anchored_masked_phase_cross_correlation,F,08,"{'y_start': 540, 'y_stop': 2789, 'x_start': 4, 'x_stop': 2732}"
F09,PLD3_TMEM106B_mCherry_primary,8,488nm Binned,0.0,0.0,1.0,1.0,1.0,,True,False,False,8,2,0.25,True,anchored_masked_phase_cross_correlation,F,09,"{'y_start': 531, 'y_stop': 2783, 'x_start': 3, 'x_stop': 2733}"
F09,PLD3_TMEM106B_mCherry_primary,12,488nm Binned,-78.0,-105.0,-0.0008658304878231317,0.15794622268770983,0.9371881619719543,,True,False,False,8,2,0.25,True,anchored_masked_phase_cross_correlation,F,09,"{'y_start': 531, 'y_stop': 2783, 'x_start': 3, 'x_stop': 2733}"
F09,PLD3_TMEM106B_mCherry_primary,16,488nm Binned,-39.0,-32.0,-0.00010846183929387977,0.14003227260638149,0.9753957972257722,,True,False,False,8,2,0.25,True,anchored_masked_phase_cross_correlation,F,09,"{'y_start': 531, 'y_stop': 2783, 'x_start': 3, 'x_stop': 2733}"
F09,PLD3_TMEM106B_mCherry_primary,20,488nm Binned,-54.0,-119.0,0.005019864857564496,0.10994261397377134,0.9404604552908155,,True,False,False,8,2,0.25,True,anchored_masked_phase_cross_correlation,F,09,"{'y_start': 531, 'y_stop': 2783, 'x_start': 3, 'x_stop': 2733}"
F09,PLD3_TMEM106B_mCherry_primary,25,488nm Binned,85.40666727758071,2.1607281551150663,0.0010664298518142843,0.25609400817142547,0.9694898707336728,,True,False,True,20,2,0.25,True,anchored_masked_phase_cross_correlation,F,09,"{'y_start': 531, 'y_stop': 2783, 'x_start': 3, 'x_stop': 2733}"
F09,PLD3_TMEM106B_mCherry_primary,29,488nm Binned,58.40666727758071,-17.839271844884934,0.006451169589923805,0.2442315181444924,0.9735416167010829,,True,False,False,20,2,0.25,True,anchored_masked_phase_cross_correlation,F,09,"{'y_start': 531, 'y_stop': 2783, 'x_start': 3, 'x_stop': 2733}"
F09,PLD3_TMEM106B_mCherry_primary,32,488nm Binned,465.0192089021075,-130.91429689772121,0.0016137656447975362,0.16839007581620752,0.7996140221031092,,True,False,False,20,2,0.25,True,anchored_masked_phase_cross_correlation,F,09,"{'y_start': 531, 'y_stop': 2783, 'x_start': 3, 'x_stop': 2733}"
F09,PLD3_TMEM106B_mCherry_primary,36,488nm Binned,-84.66909830216173,-147.7447021888329,1.272743971614406e-05,0.11977624157529271,0.9204839326100488,,True,False,False,20,2,0.25,True,anchored_masked_phase_cross_correlation,F,09,"{'y_start': 531, 'y_stop': 2783, 'x_start': 3, 'x_stop': 2733}"
F09,PLD3_TMEM106B_mCherry_primary,39,488nm Binned,793.4737659419188,-62.05160742059161,-0.0023939694426527844,0.22713251029374767,0.7076855310825418,,True,True,True,36,2,0.25,True,anchored_masked_phase_cross_correlation,F,09,"{'y_start': 531, 'y_stop': 2783, 'x_start': 3, 'x_stop': 2733}"
F14,PLD3_TMEM106B_mCherry_primary,8,488nm Binned,0.0,0.0,1.0,1.0,1.0,,True,False,False,8,2,0.25,True,anchored_masked_phase_cross_correlation,F,14,"{'y_start': 454, 'y_stop': 2724, 'x_start': 0, 'x_stop': 2726}"
F14,PLD3_TMEM106B_mCherry_primary,12,488nm Binned,-127.0,-109.0,-0.002443371423903637,0.1492171731228538,0.9193956445284766,,True,False,False,8,2,0.25,True,anchored_masked_phase_cross_correlation,F,14,"{'y_start': 454, 'y_stop': 2724, 'x_start': 0, 'x_stop': 2726}"
F14,PLD3_TMEM106B_mCherry_primary,16,488nm Binned,-57.0,-36.0,0.007500928370168381,0.12261152617207483,0.9678226921797588,,True,False,False,8,2,0.25,True,anchored_masked_phase_cross_correlation,F,14,"{'y_start': 454, 'y_stop': 2724, 'x_start': 0, 'x_stop': 2726}"
F14,PLD3_TMEM106B_mCherry_primary,20,488nm Binned,-119.0,-123.0,0.0022200167600383656,0.10227115873173784,0.9174001242975438,,True,False,False,8,2,0.25,True,anchored_masked_phase_cross_correlation,F,14,"{'y_start': 454, 'y_stop': 2724, 'x_start': 0, 'x_stop': 2726}"
F14,PLD3_TMEM106B_mCherry_primary,25,488nm Binned,89.42585561898159,-0.8442121495190804,0.004177539605978995,0.27540198856081877,0.9685342591498912,,True,False,True,20,2,0.25,True,anchored_masked_phase_cross_correlation,F,14,"{'y_start': 454, 'y_stop': 2724, 'x_start': 0, 'x_stop': 2726}"
F14,PLD3_TMEM106B_mCherry_primary,29,488nm Binned,52.425855618981586,-19.84421214951908,0.0026197176572373545,0.2177767296886784,0.9749277113788862,,True,False,False,20,2,0.25,True,anchored_masked_phase_cross_correlation,F,14,"{'y_start': 454, 'y_stop': 2724, 'x_start': 0, 'x_stop': 2726}"
F14,PLD3_TMEM106B_mCherry_primary,32,488nm Binned,399.4555176030808,-139.87422402899756,-0.0035642338022471706,0.1465579888592139,0.818741967776741,,True,False,False,20,2,0.25,True,anchored_masked_phase_cross_correlation,F,14,"{'y_start': 454, 'y_stop': 2724, 'x_start': 0, 'x_stop': 2726}"
F14,PLD3_TMEM106B_mCherry_primary,36,488nm Binned,-143.34023047381197,-148.66394197553564,0.009514499691961947,0.11471350009929344,0.9007761249901755,,True,False,False,20,2,0.25,True,anchored_masked_phase_cross_correlation,F,14,"{'y_start': 454, 'y_stop': 2724, 'x_start': 0, 'x_stop': 2726}"
F14,PLD3_TMEM106B_mCherry_primary,39,488nm Binned,667.9359855435941,-65.87049289087372,0.0010612830991838938,0.26455516411048746,0.7494889372799814,,True,True,True,36,2,0.25,True,anchored_masked_phase_cross_correlation,F,14,"{'y_start': 454, 'y_stop': 2724, 'x_start': 0, 'x_stop': 2726}"
F11,PLD3_TMEM106B_mCherry_primary,8,488nm Binned,0.0,0.0,1.0,1.0,1.0,,True,False,False,8,2,0.25,True,anchored_masked_phase_cross_correlation,F,11,"{'y_start': 495, 'y_stop': 2757, 'x_start': 1, 'x_stop': 2729}"
F11,PLD3_TMEM106B_mCherry_primary,12,488nm Binned,-97.0,-104.0,-0.003200719540738351,0.17052202936078353,0.9311427593276651,,True,False,False,8,2,0.25,True,anchored_masked_phase_cross_correlation,F,11,"{'y_start': 495, 'y_stop': 2757, 'x_start': 1, 'x_stop': 2729}"
F11,PLD3_TMEM106B_mCherry_primary,16,488nm Binned,-47.0,-33.0,0.0018590898224458174,0.14882323604243622,0.9722945589187865,,True,False,False,8,2,0.25,True,anchored_masked_phase_cross_correlation,F,11,"{'y_start': 495, 'y_stop': 2757, 'x_start': 1, 'x_stop': 2729}"
F11,PLD3_TMEM106B_mCherry_primary,20,488nm Binned,-81.0,-121.0,0.005097507914088783,0.11579305057556055,0.9307591924744548,,True,False,False,8,2,0.25,True,anchored_masked_phase_cross_correlation,F,11,"{'y_start': 495, 'y_stop': 2757, 'x_start': 1, 'x_stop': 2729}"
F11,PLD3_TMEM106B_mCherry_primary,25,488nm Binned,85.2143767186135,0.15875023928310839,0.005805465662899202,0.31234205873959314,0.9702341666140794,,True,False,True,20,2,0.25,True,anchored_masked_phase_cross_correlation,F,11,"{'y_start': 495, 'y_stop': 2757, 'x_start': 1, 'x_stop': 2729}"
F11,PLD3_TMEM106B_mCherry_primary,29,488nm Binned,53.214376718613494,-18.84124976071689,0.015617171546342443,0.22300177903852783,0.9749978953814292,,True,False,False,20,2,0.25,True,anchored_masked_phase_cross_correlation,F,11,"{'y_start': 495, 'y_stop': 2757, 'x_start': 1, 'x_stop': 2729}"
F11,PLD3_TMEM106B_mCherry_primary,32,488nm Binned,434.19348640274984,-134.89825473589735,0.0039004512843685557,0.14865356976769253,0.8086927591754279,,True,False,False,20,2,0.25,True,anchored_masked_phase_cross_correlation,F,11,"{'y_start': 495, 'y_stop': 2757, 'x_start': 1, 'x_stop': 2729}"
F11,PLD3_TMEM106B_mCherry_primary,36,488nm Binned,-110.53805231495426,-150.71237160383316,0.004914430311789321,0.11370725344709452,0.9109338602141084,,True,False,False,20,2,0.25,True,anchored_masked_phase_cross_correlation,F,11,"{'y_start': 495, 'y_stop': 2757, 'x_start': 1, 'x_stop': 2729}"
F11,PLD3_TMEM106B_mCherry_primary,39,488nm Binned,738.0575806391644,-64.97910472418152,-0.0017809629227469705,0.24225168006999273,0.725831654052454,,True,True,True,36,2,0.25,True,anchored_masked_phase_cross_correlation,F,11,"{'y_start': 495, 'y_stop': 2757, 'x_start': 1, 'x_stop': 2729}"
F10,PLD3_TMEM106B_mCherry_primary,8,488nm Binned,0.0,0.0,1.0,1.0,1.0,,True,False,False,8,2,0.25,True,anchored_masked_phase_cross_correlation,F,10,"{'y_start': 513, 'y_stop': 2768, 'x_start': 3, 'x_stop': 2730}"
F10,PLD3_TMEM106B_mCherry_primary,12,488nm Binned,-88.0,-104.0,0.003130873583000601,0.18488786404518223,0.9341670411154489,,True,False,False,8,2,0.25,True,anchored_masked_phase_cross_correlation,F,10,"{'y_start': 513, 'y_stop': 2768, 'x_start': 3, 'x_stop': 2730}"
F10,PLD3_TMEM106B_mCherry_primary,16,488nm Binned,-43.0,-33.0,-0.00011306975725843009,0.1575773929193127,0.9736732112533044,,True,False,False,8,2,0.25,True,anchored_masked_phase_cross_correlation,F,10,"{'y_start': 513, 'y_stop': 2768, 'x_start': 3, 'x_stop': 2730}"
F10,PLD3_TMEM106B_mCherry_primary,20,488nm Binned,-69.0,-120.0,-0.0015458102158015083,0.11332316138071656,0.9351070534479439,,True,False,False,8,2,0.25,True,anchored_masked_phase_cross_correlation,F,10,"{'y_start': 513, 'y_stop': 2768, 'x_start': 3, 'x_stop': 2730}"
F10,PLD3_TMEM106B_mCherry_primary,25,488nm Binned,83.81052648564946,2.159734709908662,0.007341455440416926,0.2707571413890757,0.9700463221584986,,True,False,True,20,2,0.25,True,anchored_masked_phase_cross_correlation,F,10,"{'y_start': 513, 'y_stop': 2768, 'x_start': 3, 'x_stop': 2730}"
F10,PLD3_TMEM106B_mCherry_primary,29,488nm Binned,54.81052648564946,-17.840265290091338,0.006395666823913901,0.24039831952258775,0.9747873621494003,,True,False,False,20,2,0.25,True,anchored_masked_phase_cross_correlation,F,10,"{'y_start': 513, 'y_stop': 2768, 'x_start': 3, 'x_stop': 2730}"
F10,PLD3_TMEM106B_mCherry_primary,32,488nm Binned,449.1063152951283,-134.9062434416519,0.006831835183226301,0.17404357107004892,0.803735251513515,,True,False,False,20,2,0.25,True,anchored_masked_phase_cross_correlation,F,10,"{'y_start': 513, 'y_stop': 2768, 'x_start': 3, 'x_stop': 2730}"
F10,PLD3_TMEM106B_mCherry_primary,36,488nm Binned,-99.60364123320323,-147.72847093922974,-0.001617752171345145,0.11139537245808313,0.915550346816021,,True,False,False,20,2,0.25,True,anchored_masked_phase_cross_correlation,F,10,"{'y_start': 513, 'y_stop': 2768, 'x_start': 3, 'x_stop': 2730}"
F10,PLD3_TMEM106B_mCherry_primary,39,488nm Binned,764.7655321375896,-62.015214813596685,-0.00048751398415251433,0.24203168342003487,0.7174881096100998,,True,True,True,36,2,0.25,True,anchored_masked_phase_cross_correlation,F,10,"{'y_start': 513, 'y_stop': 2768, 'x_start': 3, 'x_stop': 2730}"
F13,PLD3_TMEM106B_mCherry_primary,8,488nm Binned,0.0,0.0,1.0,1.0,1.0,,True,False,False,8,2,0.25,True,anchored_masked_phase_cross_correlation,F,13,"{'y_start': 472, 'y_stop': 2738, 'x_start': 3, 'x_stop': 2732}"
F13,PLD3_TMEM106B_mCherry_primary,12,488nm Binned,-115.0,-106.0,0.0010117266709754689,0.16798502274683,0.9244248077667485,,True,False,False,8,2,0.25,True,anchored_masked_phase_cross_correlation,F,13,"{'y_start': 472, 'y_stop': 2738, 'x_start': 3, 'x_stop': 2732}"
F13,PLD3_TMEM106B_mCherry_primary,16,488nm Binned,-52.0,-32.0,0.007878509802823588,0.14512980513713336,0.9709135966729496,,True,False,False,8,2,0.25,True,anchored_masked_phase_cross_correlation,F,13,"{'y_start': 472, 'y_stop': 2738, 'x_start': 3, 'x_stop': 2732}"
F13,PLD3_TMEM106B_mCherry_primary,20,488nm Binned,-107.0,-120.0,0.001535869814817433,0.11368234901409012,0.9224117808395045,,True,False,False,8,2,0.25,True,anchored_masked_phase_cross_correlation,F,13,"{'y_start': 472, 'y_stop': 2738, 'x_start': 3, 'x_stop': 2732}"
F13,PLD3_TMEM106B_mCherry_primary,25,488nm Binned,85.02205923458314,2.1567902723636507,0.004015731150485672,0.23891055403748582,0.9696252052616826,,True,False,True,20,2,0.25,True,anchored_masked_phase_cross_correlation,F,13,"{'y_start': 472, 'y_stop': 2738, 'x_start': 3, 'x_stop': 2732}"
F13,PLD3_TMEM106B_mCherry_primary,29,488nm Binned,52.02205923458314,-18.84320972763635,0.009896144787874098,0.20701880670548287,0.9754102245901215,,True,False,False,20,2,0.25,True,anchored_masked_phase_cross_correlation,F,13,"{'y_start': 472, 'y_stop': 2738, 'x_start': 3, 'x_stop': 2732}"
F13,PLD3_TMEM106B_mCherry_primary,32,488nm Binned,415.3679580650387,-132.88234209253642,-0.0053648770873920525,0.12522213501131874,0.8155491080150946,,True,False,False,20,2,0.25,True,anchored_masked_phase_cross_correlation,F,13,"{'y_start': 472, 'y_stop': 2738, 'x_start': 3, 'x_stop': 2732}"
F13,PLD3_TMEM106B_mCherry_primary,36,488nm Binned,-129.40661074743184,-144.6803048796869,0.0008824959498110751,0.1566900505097561,0.9067089202791015,,True,False,True,32,2,0.25,True,anchored_masked_phase_cross_correlation,F,13,"{'y_start': 472, 'y_stop': 2738, 'x_start': 3, 'x_stop': 2732}"
F13,PLD3_TMEM106B_mCherry_primary,39,488nm Binned,693.6422423599397,-61.907167168751585,-0.0015052879105532106,0.2000565309522168,0.741779356264771,,True,True,False,32,2,0.25,True,anchored_masked_phase_cross_correlation,F,13,"{'y_start': 472, 'y_stop': 2738, 'x_start': 3, 'x_stop': 2732}"
F12,PLD3_TMEM106B_mCherry_primary,8,488nm Binned,0.0,0.0,1.0,1.0,1.0,,True,False,False,8,2,0.25,True,anchored_masked_phase_cross_correlation,F,12,"{'y_start': 486, 'y_stop': 2749, 'x_start': 1, 'x_stop': 2729}"
F12,PLD3_TMEM106B_mCherry_primary,12,488nm Binned,-106.0,-107.0,-0.0031522893190763703,0.17941935803189427,0.9271111130562996,,True,False,False,8,2,0.25,True,anchored_masked_phase_cross_correlation,F,12,"{'y_start': 486, 'y_stop': 2749, 'x_start': 1, 'x_stop': 2729}"
F12,PLD3_TMEM106B_mCherry_primary,16,488nm Binned,-51.0,-32.0,0.004317757345155905,0.14474323336020353,0.9712583813308591,,True,False,False,8,2,0.25,True,anchored_masked_phase_cross_correlation,F,12,"{'y_start': 486, 'y_stop': 2749, 'x_start': 1, 'x_stop': 2729}"
F12,PLD3_TMEM106B_mCherry_primary,20,488nm Binned,-93.0,-121.0,-0.003547081659677969,0.10418859284413011,0.9267516179105174,,True,False,False,8,2,0.25,True,anchored_masked_phase_cross_correlation,F,12,"{'y_start': 486, 'y_stop': 2749, 'x_start': 1, 'x_stop': 2729}"
F12,PLD3_TMEM106B_mCherry_primary,25,488nm Binned,87.61821797620723,0.15778371809528835,0.004075235287467152,0.2779144293529623,0.9693963802800859,,True,False,True,20,2,0.25,True,anchored_masked_phase_cross_correlation,F,12,"{'y_start': 486, 'y_stop': 2749, 'x_start': 1, 'x_stop': 2729}"
F12,PLD3_TMEM106B_mCherry_primary,29,488nm Binned,51.618217976207234,-19.84221628190471,0.005035382670846851,0.21796163501574467,0.9752080493835826,,True,False,False,20,2,0.25,True,anchored_masked_phase_cross_correlation,F,12,"{'y_start': 486, 'y_stop': 2749, 'x_start': 1, 'x_stop': 2729}"
F12,PLD3_TMEM106B_mCherry_primary,32,488nm Binned,427.2807222071133,-135.89039551289443,-0.000930409308037514,0.14424104183354658,0.8106953004142738,,True,False,False,20,2,0.25,True,anchored_masked_phase_cross_correlation,F,12,"{'y_start': 486, 'y_stop': 2749, 'x_start': 1, 'x_stop': 2729}"
F12,PLD3_TMEM106B_mCherry_primary,36,488nm Binned,-118.47233157987648,-147.69653606437487,-8.644752563504698e-05,0.1272037797840579,0.9093208618291416,,True,False,False,20,2,0.25,True,anchored_masked_phase_cross_correlation,F,12,"{'y_start': 486, 'y_stop': 2749, 'x_start': 1, 'x_stop': 2729}"
F12,PLD3_TMEM106B_mCherry_primary,39,488nm Binned,718.3499113407997,-62.94355956406889,0.001202974016821173,0.2560286660813174,0.733079513697672,,True,True,True,36,2,0.25,True,anchored_masked_phase_cross_correlation,F,12,"{'y_start': 486, 'y_stop': 2749, 'x_start': 1, 'x_stop': 2729}"
F15,PLD3_TMEM106B_mCherry_primary,8,488nm Binned,0.0,0.0,1.0,1.0,1.0,,True,False,False,8,2,0.25,True,anchored_masked_phase_cross_correlation,F,15,"{'y_start': 440, 'y_stop': 2716, 'x_start': 0, 'x_stop': 2729}"
F15,PLD3_TMEM106B_mCherry_primary,12,488nm Binned,-135.0,-107.0,0.006117895095524525,0.16577638165056197,0.9173767820357953,,True,False,False,8,2,0.25,True,anchored_masked_phase_cross_correlation,F,15,"{'y_start': 440, 'y_stop': 2716, 'x_start': 0, 'x_stop': 2729}"
F15,PLD3_TMEM106B_mCherry_primary,16,488nm Binned,-59.0,-35.0,0.0017673215404237373,0.12770277272189673,0.9674755976105305,,True,False,False,8,2,0.25,True,anchored_masked_phase_cross_correlation,F,15,"{'y_start': 440, 'y_stop': 2716, 'x_start': 0, 'x_stop': 2729}"
F15,PLD3_TMEM106B_mCherry_primary,20,488nm Binned,-130.0,-124.0,0.004853051483816712,0.4375288253741867,0.9133963185362846,,True,False,True,16,2,0.25,True,anchored_masked_phase_cross_correlation,F,15,"{'y_start': 440, 'y_stop': 2716, 'x_start': 0, 'x_stop': 2729}"
F15,PLD3_TMEM106B_mCherry_primary,25,488nm Binned,89.8296879019872,-0.8451876458129846,0.004379889384199338,0.23562100868913047,0.9683931648838225,,True,False,False,16,2,0.25,True,anchored_masked_phase_cross_correlation,F,15,"{'y_start': 440, 'y_stop': 2716, 'x_start': 0, 'x_stop': 2729}"
F15,PLD3_TMEM106B_mCherry_primary,29,488nm Binned,54.8296879019872,-19.845187645812985,0.004336829542916985,0.20181171276995236,0.9740950208006158,,True,False,False,16,2,0.25,True,anchored_masked_phase_cross_correlation,F,15,"{'y_start': 440, 'y_stop': 2716, 'x_start': 0, 'x_stop': 2729}"
F15,PLD3_TMEM106B_mCherry_primary,32,488nm Binned,388.54281815775175,-135.86630009139117,0.004954142679015223,0.13049622962140536,0.8235695234667093,,True,False,False,16,2,0.25,True,anchored_masked_phase_cross_correlation,F,15,"{'y_start': 440, 'y_stop': 2716, 'x_start': 0, 'x_stop': 2729}"
F15,PLD3_TMEM106B_mCherry_primary,36,488nm Binned,-151.2743778245349,-150.64797458678368,-0.0018223698064656496,0.1403918985896278,0.8974977912275989,,True,False,True,32,2,0.25,True,anchored_masked_phase_cross_correlation,F,15,"{'y_start': 440, 'y_stop': 2716, 'x_start': 0, 'x_stop': 2729}"
F15,PLD3_TMEM106B_mCherry_primary,39,488nm Binned,641.228598762802,-67.83466542485621,0.0014156642807028417,0.20049902721999868,0.7580555222159636,,True,True,False,32,2,0.25,True,anchored_masked_phase_cross_correlation,F,15,"{'y_start': 440, 'y_stop': 2716, 'x_start': 0, 'x_stop': 2729}"
F16,PLD3_TMEM106B_mCherry_primary,8,488nm Binned,0.0,0.0,1.0,1.0,1.0,,True,False,False,8,2,0.25,True,anchored_masked_phase_cross_correlation,F,16,"{'y_start': 429, 'y_stop': 2707, 'x_start': 0, 'x_stop': 2727}"
F16,PLD3_TMEM106B_mCherry_primary,12,488nm Binned,-144.0,-105.0,-0.0013061180086326005,0.16622665283737742,0.9150181194306822,,True,False,False,8,2,0.25,True,anchored_masked_phase_cross_correlation,F,16,"{'y_start': 429, 'y_stop': 2707, 'x_start': 0, 'x_stop': 2727}"
F16,PLD3_TMEM106B_mCherry_primary,16,488nm Binned,-60.0,-34.0,0.003908326964268151,0.16506950307828014,0.967472558253532,,True,False,False,8,2,0.25,True,anchored_masked_phase_cross_correlation,F,16,"{'y_start': 429, 'y_stop': 2707, 'x_start': 0, 'x_stop': 2727}"
F16,PLD3_TMEM106B_mCherry_primary,20,488nm Binned,-139.0,-124.0,-0.0013865605975917205,0.12045941656272954,0.9103939201188899,,True,False,False,8,2,0.25,True,anchored_masked_phase_cross_correlation,F,16,"{'y_start': 429, 'y_stop': 2707, 'x_start': 0, 'x_stop': 2727}"
F16,PLD3_TMEM106B_mCherry_primary,25,488nm Binned,95.23349326097014,-2.846181092587358,0.009887299812859547,0.27582995331165033,0.9658350190484889,,True,False,True,20,2,0.25,True,anchored_masked_phase_cross_correlation,F,16,"{'y_start': 429, 'y_stop': 2707, 'x_start': 0, 'x_stop': 2727}"
F16,PLD3_TMEM106B_mCherry_primary,29,488nm Binned,55.233493260970135,-19.846181092587358,0.01811301175011746,0.2205656202307767,0.9739548584806851,,True,False,False,20,2,0.25,True,anchored_masked_phase_cross_correlation,F,16,"{'y_start': 429, 'y_stop': 2707, 'x_start': 0, 'x_stop': 2727}"
F16,PLD3_TMEM106B_mCherry_primary,32,488nm Binned,380.63031294548273,-137.8582467424494,-0.0009899410206293284,0.1841651167575133,0.8255953539191055,,True,False,False,20,2,0.25,True,anchored_masked_phase_cross_correlation,F,16,"{'y_start': 429, 'y_stop': 2707, 'x_start': 0, 'x_stop': 2727}"
F16,PLD3_TMEM106B_mCherry_primary,36,488nm Binned,-160.2081294651216,-150.63174353192153,0.0014038946926242064,0.12477831128679286,0.8945517792291072,,True,False,False,20,2,0.25,True,anchored_masked_phase_cross_correlation,F,16,"{'y_start': 429, 'y_stop': 2707, 'x_start': 0, 'x_stop': 2727}"
F16,PLD3_TMEM106B_mCherry_primary,39,488nm Binned,620.5220594288803,-68.7982734528814,-0.006780155967100303,0.23716496885987828,0.7648413177999384,,True,True,True,36,2,0.25,True,anchored_masked_phase_cross_correlation,F,16,"{'y_start': 429, 'y_stop': 2707, 'x_start': 0, 'x_stop': 2727}"
F17,PLD3_TMEM106B_mCherry_primary,8,488nm Binned,0.0,0.0,1.0,1.0,1.0,,True,False,False,8,2,0.25,True,anchored_masked_phase_cross_correlation,F,17,"{'y_start': 412, 'y_stop': 2693, 'x_start': 2, 'x_stop': 2729}"
F17,PLD3_TMEM106B_mCherry_primary,12,488nm Binned,-153.0,-106.0,0.004798173293847894,0.16390682207461038,0.9116648576413812,,True,False,False,8,2,0.25,True,anchored_masked_phase_cross_correlation,F,17,"{'y_start': 412, 'y_stop': 2693, 'x_start': 2, 'x_stop': 2729}"
F17,PLD3_TMEM106B_mCherry_primary,16,488nm Binned,-66.0,-33.0,0.004020998320571984,0.1403543700361347,0.9657459603298262,,True,False,False,8,2,0.25,True,anchored_masked_phase_cross_correlation,F,17,"{'y_start': 412, 'y_stop': 2693, 'x_start': 2, 'x_stop': 2729}"
F17,PLD3_TMEM106B_mCherry_primary,20,488nm Binned,-154.0,-121.0,0.003524395226237831,0.10713893403212205,0.9063797805438358,,True,False,False,8,2,0.25,True,anchored_masked_phase_cross_correlation,F,17,"{'y_start': 412, 'y_stop': 2693, 'x_start': 2, 'x_stop': 2729}"
F17,PLD3_TMEM106B_mCherry_primary,25,488nm Binned,92.63730759480313,1.1528254608929274,0.0008719135641358482,0.28111834541617464,0.9673107055688664,,True,False,True,20,2,0.25,True,anchored_masked_phase_cross_correlation,F,17,"{'y_start': 412, 'y_stop': 2693, 'x_start': 2, 'x_stop': 2729}"
F17,PLD3_TMEM106B_mCherry_primary,29,488nm Binned,53.63730759480313,-15.847174539107073,0.01185153580122618,0.23456780500914132,0.975875833879835,,True,False,False,20,2,0.25,True,anchored_masked_phase_cross_correlation,F,17,"{'y_start': 412, 'y_stop': 2693, 'x_start': 2, 'x_stop': 2729}"
F17,PLD3_TMEM106B_mCherry_primary,32,488nm Binned,364.7177430007687,-135.85019337565973,0.002394930200917987,0.1374116520270724,0.8314880952503593,,True,False,False,20,2,0.25,True,anchored_masked_phase_cross_correlation,F,17,"{'y_start': 412, 'y_stop': 2693, 'x_start': 2, 'x_stop': 2729}"
F17,PLD3_TMEM106B_mCherry_primary,36,488nm Binned,-174.14201298744229,-146.61551244460497,-0.0014058370119107524,0.10128119499139751,0.891263883482867,,True,False,False,20,2,0.25,True,anchored_masked_phase_cross_correlation,F,17,"{'y_start': 412, 'y_stop': 2693, 'x_start': 2, 'x_stop': 2729}"
F17,PLD3_TMEM106B_mCherry_primary,39,488nm Binned,596.8152376832295,-64.76188137507415,-0.0018260496775019555,0.25368005714396474,0.7740235275611886,,True,True,True,36,2,0.25,True,anchored_masked_phase_cross_correlation,F,17,"{'y_start': 412, 'y_stop': 2693, 'x_start': 2, 'x_stop': 2729}"
G07,PLD3_only_no_mCherry,8,488nm Binned,0.0,0.0,1.0,1.0,1.0,,True,False,False,8,2,0.25,True,anchored_masked_phase_cross_correlation,G,07,"{'y_start': 553, 'y_stop': 2798, 'x_start': 1, 'x_stop': 2745}"
G07,PLD3_only_no_mCherry,12,488nm Binned,-61.0,-96.0,-0.00184038924140776,0.1790761944753584,0.9459699585091298,,True,False,False,8,2,0.25,True,anchored_masked_phase_cross_correlation,G,07,"{'y_start': 553, 'y_stop': 2798, 'x_start': 1, 'x_stop': 2745}"
G07,PLD3_only_no_mCherry,16,488nm Binned,-34.0,-27.0,0.010057498907499572,0.15673113436289987,0.9788424280620671,,True,False,False,8,2,0.25,True,anchored_masked_phase_cross_correlation,G,07,"{'y_start': 553, 'y_stop': 2798, 'x_start': 1, 'x_stop': 2745}"
G07,PLD3_only_no_mCherry,20,488nm Binned,-36.0,-107.0,0.003218009412700761,0.12152669663631371,0.9506077741402753,,True,False,False,8,2,0.25,True,anchored_masked_phase_cross_correlation,G,07,"{'y_start': 553, 'y_stop': 2798, 'x_start': 1, 'x_stop': 2745}"
G07,PLD3_only_no_mCherry,25,488nm Binned,74.60013975382026,0.5665563096481492,0.0038022223231073704,0.31131585735715733,0.9737963879880053,,True,False,True,20,2,0.25,True,anchored_masked_phase_cross_correlation,G,07,"{'y_start': 553, 'y_stop': 2798, 'x_start': 1, 'x_stop': 2745}"
G07,PLD3_only_no_mCherry,29,488nm Binned,51.60013975382026,-19.43344369035185,0.001308096563781658,0.24283971131681356,0.9753542736632707,,True,False,False,20,2,0.25,True,anchored_masked_phase_cross_correlation,G,07,"{'y_start': 553, 'y_stop': 2798, 'x_start': 1, 'x_stop': 2745}"
G07,PLD3_only_no_mCherry,32,488nm Binned,481.8355185817618,-118.84316755914188,-0.0004993941493548139,0.16195020120200196,0.7975200290487939,,True,False,False,20,2,0.25,True,anchored_masked_phase_cross_correlation,G,07,"{'y_start': 553, 'y_stop': 2798, 'x_start': 1, 'x_stop': 2745}"
G07,PLD3_only_no_mCherry,36,488nm Binned,-69.8191450231152,-137.71144314156118,0.008168310592524855,0.1193234719638136,0.9288081888986818,,True,False,False,20,2,0.25,True,anchored_masked_phase_cross_correlation,G,07,"{'y_start': 553, 'y_stop': 2798, 'x_start': 1, 'x_stop': 2745}"
G07,PLD3_only_no_mCherry,39,488nm Binned,833.8476280970935,-35.8320592870441,-0.0008835893566192114,0.2530428917375565,0.7003968590833286,,True,True,True,36,2,0.25,True,anchored_masked_phase_cross_correlation,G,07,"{'y_start': 553, 'y_stop': 2798, 'x_start': 1, 'x_stop': 2745}"
F18,PLD3_TMEM106B_mCherry_primary,8,488nm Binned,0.0,0.0,1.0,1.0,1.0,,True,False,False,8,2,0.25,True,anchored_masked_phase_cross_correlation,F,18,"{'y_start': 400, 'y_stop': 2681, 'x_start': 0, 'x_stop': 2728}"
F18,PLD3_TMEM106B_mCherry_primary,12,488nm Binned,-161.0,-108.0,0.005955572228900389,0.1654676136442905,0.9083203492002357,,True,False,False,8,2,0.25,True,anchored_masked_phase_cross_correlation,F,18,"{'y_start': 400, 'y_stop': 2681, 'x_start': 0, 'x_stop': 2728}"
F18,PLD3_TMEM106B_mCherry_primary,16,488nm Binned,-68.0,-35.0,0.0002068086596208279,0.16617052991091155,0.964375818194904,,True,False,False,8,2,0.25,True,anchored_masked_phase_cross_correlation,F,18,"{'y_start': 400, 'y_stop': 2681, 'x_start': 0, 'x_stop': 2728}"
F18,PLD3_TMEM106B_mCherry_primary,20,488nm Binned,-165.0,-124.0,0.0012782753948997942,0.12086814083759091,0.9017203246908609,,True,False,False,8,2,0.25,True,anchored_masked_phase_cross_correlation,F,18,"{'y_start': 400, 'y_stop': 2681, 'x_start': 0, 'x_stop': 2728}"
F18,PLD3_TMEM106B_mCherry_primary,25,488nm Binned,97.04112192863613,-1.8481679856195115,0.0018988435383409158,0.2852879484791133,0.9655415775309275,,True,False,True,20,2,0.25,True,anchored_masked_phase_cross_correlation,F,18,"{'y_start': 400, 'y_stop': 2681, 'x_start': 0, 'x_stop': 2728}"
F18,PLD3_TMEM106B_mCherry_primary,29,488nm Binned,54.04112192863613,-18.84816798561951,0.004450538097157848,0.23819081685855484,0.9747091569589795,,True,False,False,20,2,0.25,True,anchored_masked_phase_cross_correlation,F,18,"{'y_start': 400, 'y_stop': 2681, 'x_start': 0, 'x_stop': 2728}"
F18,PLD3_TMEM106B_mCherry_primary,32,488nm Binned,356.805173056051,-137.84214000886277,0.002392238976692412,0.15914433391929755,0.8335081929819187,,True,False,False,20,2,0.25,True,anchored_masked_phase_cross_correlation,F,18,"{'y_start': 400, 'y_stop': 2681, 'x_start': 0, 'x_stop': 2728}"
F18,PLD3_TMEM106B_mCherry_primary,36,488nm Binned,-186.0758965097666,-148.59928135728114,0.0016230295257560145,0.12368823437989541,0.886668740040218,,True,False,False,20,2,0.25,True,anchored_masked_phase_cross_correlation,F,18,"{'y_start': 400, 'y_stop': 2681, 'x_start': 0, 'x_stop': 2728}"
F18,PLD3_TMEM106B_mCherry_primary,39,488nm Binned,570.108415937575,-69.72548929724871,0.0030481611970872165,0.25655880519738417,0.7817386007141094,,True,True,True,36,2,0.25,True,anchored_masked_phase_cross_correlation,F,18,"{'y_start': 400, 'y_stop': 2681, 'x_start': 0, 'x_stop': 2728}"
G05,PLD3_only_no_mCherry,8,488nm Binned,0.0,0.0,1.0,1.0,1.0,,True,False,False,8,2,0.25,True,anchored_masked_phase_cross_correlation,G,05,"{'y_start': 586, 'y_stop': 2823, 'x_start': 2, 'x_stop': 2745}"
G05,PLD3_only_no_mCherry,12,488nm Binned,-41.0,-95.0,0.00018882805804156514,0.1844707884651881,0.9530537270783853,,True,False,False,8,2,0.25,True,anchored_masked_phase_cross_correlation,G,05,"{'y_start': 586, 'y_stop': 2823, 'x_start': 2, 'x_stop': 2745}"
G05,PLD3_only_no_mCherry,16,488nm Binned,-28.0,-27.0,0.015035681110309111,0.15650643177234894,0.9809147832379218,,True,False,False,8,2,0.25,True,anchored_masked_phase_cross_correlation,G,05,"{'y_start': 586, 'y_stop': 2823, 'x_start': 2, 'x_stop': 2745}"
G05,PLD3_only_no_mCherry,20,488nm Binned,-9.0,-105.0,-0.0003074652615663649,0.1257397167586193,0.9603659337196477,,True,False,False,8,2,0.25,True,anchored_masked_phase_cross_correlation,G,05,"{'y_start': 586, 'y_stop': 2823, 'x_start': 2, 'x_stop': 2745}"
G05,PLD3_only_no_mCherry,25,488nm Binned,72.79242133506705,1.5686329485470196,0.008532324769404161,0.2948017127182275,0.9740860387142481,,True,False,True,20,2,0.25,True,anchored_masked_phase_cross_correlation,G,05,"{'y_start': 586, 'y_stop': 2823, 'x_start': 2, 'x_stop': 2745}"
G05,PLD3_only_no_mCherry,29,488nm Binned,52.79242133506705,-17.43136705145298,-0.001950236779834651,0.23220258657094603,0.9756265961464463,,True,False,False,20,2,0.25,True,anchored_masked_phase_cross_correlation,G,05,"{'y_start': 586, 'y_stop': 2823, 'x_start': 2, 'x_stop': 2745}"
G05,PLD3_only_no_mCherry,32,488nm Binned,509.66130561717364,-118.85992179579625,-0.003927115907711669,0.1354363425139056,0.7882151026752667,,True,True,False,20,2,0.25,True,anchored_masked_phase_cross_correlation,G,05,"{'y_start': 586, 'y_stop': 2823, 'x_start': 2, 'x_stop': 2745}"
G05,PLD3_only_no_mCherry,36,488nm Binned,-44.950059485596285,-136.7452244581873,0.0018892458526005391,0.132533428147291,0.937394671888403,,True,False,False,20,2,0.25,True,anchored_masked_phase_cross_correlation,G,05,"{'y_start': 586, 'y_stop': 2823, 'x_start': 2, 'x_stop': 2745}"
G05,PLD3_only_no_mCherry,39,488nm Binned,887.2640946473912,-34.907668618368916,-0.0023089134453267075,0.22907847679157348,0.6822271659122652,,True,True,True,36,2,0.25,True,anchored_masked_phase_cross_correlation,G,05,"{'y_start': 586, 'y_stop': 2823, 'x_start': 2, 'x_stop': 2745}"
G06,PLD3_only_no_mCherry,8,488nm Binned,0.0,0.0,1.0,1.0,1.0,,True,False,False,8,2,0.25,True,anchored_masked_phase_cross_correlation,G,06,"{'y_start': 567, 'y_stop': 2809, 'x_start': 0, 'x_stop': 2742}"
G06,PLD3_only_no_mCherry,12,488nm Binned,-49.0,-95.0,0.0003374112005639874,0.1948311341837682,0.9503567232521996,,True,False,False,8,2,0.25,True,anchored_masked_phase_cross_correlation,G,06,"{'y_start': 567, 'y_stop': 2809, 'x_start': 0, 'x_stop': 2742}"
G06,PLD3_only_no_mCherry,16,488nm Binned,-31.0,-28.0,0.017168882282299073,0.16565856695954498,0.9795336994178051,,True,False,False,8,2,0.25,True,anchored_masked_phase_cross_correlation,G,06,"{'y_start': 567, 'y_stop': 2809, 'x_start': 0, 'x_stop': 2742}"
G06,PLD3_only_no_mCherry,20,488nm Binned,-22.0,-106.0,-0.003042485575724696,0.11344602471502248,0.9556531067577793,,True,False,False,8,2,0.25,True,anchored_masked_phase_cross_correlation,G,06,"{'y_start': 567, 'y_stop': 2809, 'x_start': 0, 'x_stop': 2742}"
G06,PLD3_only_no_mCherry,25,488nm Binned,75.19628952137646,-1.432477169422782,0.003588911281124611,0.10462667636678341,0.9732945577150495,,True,False,False,8,2,0.25,True,anchored_masked_phase_cross_correlation,G,06,"{'y_start': 567, 'y_stop': 2809, 'x_start': 0, 'x_stop': 2742}"
G06,PLD3_only_no_mCherry,29,488nm Binned,53.19628952137646,-20.432477169422782,-0.0005411352873320665,0.35734829815793967,0.9744596301785696,,True,False,True,25,2,0.25,True,anchored_masked_phase_cross_correlation,G,06,"{'y_start': 567, 'y_stop': 2809, 'x_start': 0, 'x_stop': 2742}"
G06,PLD3_only_no_mCherry,32,488nm Binned,493.748347509847,-121.85102679999545,-0.0009110417080394243,0.19258590866691291,0.7926702304469955,,True,False,False,25,2,0.25,True,anchored_masked_phase_cross_correlation,G,06,"{'y_start': 567, 'y_stop': 2809, 'x_start': 0, 'x_stop': 2742}"
G06,PLD3_only_no_mCherry,36,488nm Binned,-58.88473387645354,-138.7272787134716,0.002371937513550743,0.13797857292456314,0.9320907550517203,,True,False,False,25,2,0.25,True,anchored_masked_phase_cross_correlation,G,06,"{'y_start': 567, 'y_stop': 2809, 'x_start': 0, 'x_stop': 2742}"
G06,PLD3_only_no_mCherry,39,488nm Binned,857.5555798071873,-37.867604552993726,0.005856712280419765,0.23600154288579503,0.6917362415400534,,True,True,True,36,2,0.25,True,anchored_masked_phase_cross_correlation,G,06,"{'y_start': 567, 'y_stop': 2809, 'x_start': 0, 'x_stop': 2742}"
G08,PLD3_only_no_mCherry,8,488nm Binned,0.0,0.0,1.0,1.0,1.0,,True,False,False,8,2,0.25,True,anchored_masked_phase_cross_correlation,G,08,"{'y_start': 540, 'y_stop': 2789, 'x_start': 0, 'x_stop': 2741}"
G08,PLD3_only_no_mCherry,12,488nm Binned,-69.0,-96.0,0.0007419063440607309,0.1674251672540207,0.9432739272771835,,True,False,False,8,2,0.25,True,anchored_masked_phase_cross_correlation,G,08,"{'y_start': 540, 'y_stop': 2789, 'x_start': 0, 'x_stop': 2741}"
G08,PLD3_only_no_mCherry,16,488nm Binned,-38.0,-27.0,-0.001677680627618424,0.13792979504668898,0.9774608579448306,,True,False,False,8,2,0.25,True,anchored_masked_phase_cross_correlation,G,08,"{'y_start': 540, 'y_stop': 2789, 'x_start': 0, 'x_stop': 2741}"
G08,PLD3_only_no_mCherry,20,488nm Binned,-47.0,-108.0,0.0021857201023854213,0.10529421152255644,0.9465724806405117,,True,False,False,8,2,0.25,True,anchored_masked_phase_cross_correlation,G,08,"{'y_start': 540, 'y_stop': 2789, 'x_start': 0, 'x_stop': 2741}"
G08,PLD3_only_no_mCherry,25,488nm Binned,81.0039899870444,-0.4344371358201897,0.005132220420946576,0.3071007257528378,0.9716087319210565,,True,False,True,20,2,0.25,True,anchored_masked_phase_cross_correlation,G,08,"{'y_start': 540, 'y_stop': 2789, 'x_start': 0, 'x_stop': 2741}"
G08,PLD3_only_no_mCherry,29,488nm Binned,53.003989987044406,-20.43443713582019,0.013268332536110046,0.23269326459877,0.9745255317796337,,True,False,False,20,2,0.25,True,anchored_masked_phase_cross_correlation,G,08,"{'y_start': 540, 'y_stop': 2789, 'x_start': 0, 'x_stop': 2741}"
G08,PLD3_only_no_mCherry,32,488nm Binned,471.9226897072367,-122.83511412092412,0.0059733289883889314,0.17726471192747478,0.7996703022321131,,True,False,False,20,2,0.25,True,anchored_masked_phase_cross_correlation,G,08,"{'y_start': 540, 'y_stop': 2789, 'x_start': 0, 'x_stop': 2741}"
G08,PLD3_only_no_mCherry,36,488nm Binned,-78.75355607241363,-138.69521192441243,0.0025443984382026684,0.13320184723840933,0.9255089676270023,,True,False,False,20,2,0.25,True,anchored_masked_phase_cross_correlation,G,08,"{'y_start': 540, 'y_stop': 2789, 'x_start': 0, 'x_stop': 2741}"
G08,PLD3_only_no_mCherry,39,488nm Binned,811.1396767044989,-38.795666785892536,-0.0015610539955834269,0.2572478147958878,0.707474549577481,,True,True,True,36,2,0.25,True,anchored_masked_phase_cross_correlation,G,08,"{'y_start': 540, 'y_stop': 2789, 'x_start': 0, 'x_stop': 2741}"
G09,PLD3_only_no_mCherry,8,488nm Binned,0.0,0.0,1.0,1.0,1.0,,True,False,False,8,2,0.25,True,anchored_masked_phase_cross_correlation,G,09,"{'y_start': 527, 'y_stop': 2781, 'x_start': 1, 'x_stop': 2742}"
G09,PLD3_only_no_mCherry,12,488nm Binned,-77.0,-95.0,-0.004348663776324513,0.18223099719658217,0.9409172098605494,,True,False,False,8,2,0.25,True,anchored_masked_phase_cross_correlation,G,09,"{'y_start': 527, 'y_stop': 2781, 'x_start': 1, 'x_stop': 2742}"
G09,PLD3_only_no_mCherry,16,488nm Binned,-40.0,-29.0,0.00584460200680993,0.14975731054870348,0.9760824487588725,,True,False,False,8,2,0.25,True,anchored_masked_phase_cross_correlation,G,09,"{'y_start': 527, 'y_stop': 2781, 'x_start': 1, 'x_stop': 2742}"
G09,PLD3_only_no_mCherry,20,488nm Binned,-58.0,-107.0,-0.0019940452590892447,0.12215038249302176,0.9432231092281687,,True,False,False,8,2,0.25,True,anchored_masked_phase_cross_correlation,G,09,"{'y_start': 527, 'y_stop': 2781, 'x_start': 1, 'x_stop': 2742}"
G09,PLD3_only_no_mCherry,25,488nm Binned,81.40784919563885,0.5645514692769211,0.00674554908550192,0.28503577885185266,0.9714238577626996,,True,False,True,20,2,0.25,True,anchored_masked_phase_cross_correlation,G,09,"{'y_start': 527, 'y_stop': 2781, 'x_start': 1, 'x_stop': 2742}"
G09,PLD3_only_no_mCherry,29,488nm Binned,52.407849195638846,-17.43544853072308,0.009165548866461811,0.26566571803388983,0.9757584747580247,,True,False,False,20,2,0.25,True,anchored_masked_phase_cross_correlation,G,09,"{'y_start': 527, 'y_stop': 2781, 'x_start': 1, 'x_stop': 2742}"
G09,PLD3_only_no_mCherry,32,488nm Binned,461.0097961359679,-122.8269311999502,-0.00922067414307275,0.15760556442259033,0.8033147816468893,,True,False,False,20,2,0.25,True,anchored_masked_phase_cross_correlation,G,09,"{'y_start': 527, 'y_stop': 2781, 'x_start': 1, 'x_stop': 2742}"
G09,PLD3_only_no_mCherry,36,488nm Binned,-86.68809893854086,-136.6787169113195,0.004584217474626794,0.11803755535603185,0.9235580305984229,,True,False,False,20,2,0.25,True,anchored_masked_phase_cross_correlation,G,09,"{'y_start': 527, 'y_stop': 2781, 'x_start': 1, 'x_stop': 2742}"
G09,PLD3_only_no_mCherry,39,488nm Binned,789.4314431118437,-39.758709355432075,0.0034949965924726337,0.24519802215820605,0.7146979192837446,,True,True,True,36,2,0.25,True,anchored_masked_phase_cross_correlation,G,09,"{'y_start': 527, 'y_stop': 2781, 'x_start': 1, 'x_stop': 2742}"
G10,PLD3_only_no_mCherry,8,488nm Binned,0.0,0.0,1.0,1.0,1.0,,True,False,False,8,2,0.25,True,anchored_masked_phase_cross_correlation,G,10,"{'y_start': 514, 'y_stop': 2772, 'x_start': 1, 'x_stop': 2740}"
G10,PLD3_only_no_mCherry,12,488nm Binned,-90.0,-95.0,-2.3265307153561623e-05,0.1894021431919897,0.9365345786429976,,True,False,False,8,2,0.25,True,anchored_masked_phase_cross_correlation,G,10,"{'y_start': 514, 'y_stop': 2772, 'x_start': 1, 'x_stop': 2740}"
G10,PLD3_only_no_mCherry,16,488nm Binned,-45.0,-27.0,0.007115021779821604,0.150765470391898,0.9750431102396667,,True,False,False,8,2,0.25,True,anchored_masked_phase_cross_correlation,G,10,"{'y_start': 514, 'y_stop': 2772, 'x_start': 1, 'x_stop': 2740}"
G10,PLD3_only_no_mCherry,20,488nm Binned,-69.0,-109.0,0.002270933972921503,0.1248165892002554,0.938850203953012,,True,False,False,8,2,0.25,True,anchored_masked_phase_cross_correlation,G,10,"{'y_start': 514, 'y_stop': 2772, 'x_start': 1, 'x_stop': 2740}"
G10,PLD3_only_no_mCherry,25,488nm Binned,82.8116725037944,0.5635759727192635,0.002386170766100639,0.29881041328584906,0.9709348062833287,,True,False,True,20,2,0.25,True,anchored_masked_phase_cross_correlation,G,10,"{'y_start': 514, 'y_stop': 2772, 'x_start': 1, 'x_stop': 2740}"
G10,PLD3_only_no_mCherry,29,488nm Binned,53.8116725037944,-18.436424027280736,0.019559718220680155,0.25863679886548346,0.9749295056353051,,True,False,False,20,2,0.25,True,anchored_masked_phase_cross_correlation,G,10,"{'y_start': 514, 'y_stop': 2772, 'x_start': 1, 'x_stop': 2740}"
G10,PLD3_only_no_mCherry,32,488nm Binned,451.0971614230875,-123.81900728020628,0.001027923837391291,0.18173585042366386,0.8063315436229523,,True,False,False,20,2,0.25,True,anchored_masked_phase_cross_correlation,G,10,"{'y_start': 514, 'y_stop': 2772, 'x_start': 1, 'x_stop': 2740}"
G10,PLD3_only_no_mCherry,36,488nm Binned,-95.62211440752435,-140.66274955503468,0.0040333025448213026,0.14563256273957956,0.9192485979672548,,True,False,False,20,2,0.25,True,anchored_masked_phase_cross_correlation,G,10,"{'y_start': 514, 'y_stop': 2772, 'x_start': 1, 'x_stop': 2740}"
G10,PLD3_only_no_mCherry,39,488nm Binned,764.7243387427825,-40.72288199525792,-0.0005324265376687067,0.25279571713422305,0.7229467015838726,,True,True,True,36,2,0.25,True,anchored_masked_phase_cross_correlation,G,10,"{'y_start': 514, 'y_stop': 2772, 'x_start': 1, 'x_stop': 2740}"
F19,PLD3_TMEM106B_mCherry_primary,8,488nm Binned,0.0,0.0,1.0,1.0,1.0,,True,False,False,8,1,0.125,True,anchored_masked_phase_cross_correlation,F,19,"{'y_start': 390, 'y_stop': 2679, 'x_start': 4, 'x_stop': 2729}"
F19,PLD3_TMEM106B_mCherry_primary,12,488nm Binned,-169.0,-107.0,0.005227275070446722,0.16249569756759544,0.9059641180807214,,True,False,False,8,1,0.125,True,anchored_masked_phase_cross_correlation,F,19,"{'y_start': 390, 'y_stop': 2679, 'x_start': 4, 'x_stop': 2729}"
F19,PLD3_TMEM106B_mCherry_primary,16,488nm Binned,-67.0,-33.0,0.0005932235041991342,0.1637580215191987,0.9654012972461967,,True,False,False,8,1,0.125,True,anchored_masked_phase_cross_correlation,F,19,"{'y_start': 390, 'y_stop': 2679, 'x_start': 4, 'x_stop': 2729}"
F19,PLD3_TMEM106B_mCherry_primary,20,488nm Binned,-175.0,-121.0,0.0032886771452148673,0.1286726796946277,0.8993665250569454,,True,False,False,8,1,0.125,True,anchored_masked_phase_cross_correlation,F,19,"{'y_start': 390, 'y_stop': 2679, 'x_start': 4, 'x_stop': 2729}"
F19,PLD3_TMEM106B_mCherry_primary,25,488nm Binned,101.44490036255593,3.1508565165131586,-0.0042176076045228285,0.1165384406895883,0.9635689306224462,,True,False,False,8,1,0.125,True,anchored_masked_phase_cross_correlation,F,19,"{'y_start': 390, 'y_stop': 2679, 'x_start': 4, 'x_stop': 2729}"
F19,PLD3_TMEM106B_mCherry_primary,29,488nm Binned,59.44490036255593,-16.84914348348684,0.004093112156137083,0.307005952775015,0.973519939872415,,True,False,True,25,1,0.125,True,anchored_masked_phase_cross_correlation,F,19,"{'y_start': 390, 'y_stop': 2679, 'x_start': 4, 'x_stop': 2729}"
F19,PLD3_TMEM106B_mCherry_primary,32,488nm Binned,347.8928620054321,-135.83421617840213,-0.0023104737155209883,0.18522254820212558,0.8370815284407628,,True,False,False,25,1,0.125,True,anchored_masked_phase_cross_correlation,F,19,"{'y_start': 390, 'y_stop': 2679, 'x_start': 4, 'x_stop': 2729}"
F19,PLD3_TMEM106B_mCherry_primary,36,488nm Binned,-188.0092525700311,-147.5833141632902,-0.0028834764132257456,0.12731210575053278,0.8863605751139981,,True,False,False,25,1,0.125,True,anchored_masked_phase_cross_correlation,F,19,"{'y_start': 390, 'y_stop': 2679, 'x_start': 4, 'x_stop': 2729}"
F19,PLD3_TMEM106B_mCherry_primary,39,488nm Binned,556.4027236271904,-62.68966246626951,-0.0020723740342226222,0.10754048013409,0.7883785365500257,,True,True,False,25,1,0.125,True,anchored_masked_phase_cross_correlation,F,19,"{'y_start': 390, 'y_stop': 2679, 'x_start': 4, 'x_stop': 2729}"
F20,PLD3_TMEM106B_mCherry_primary,8,488nm Binned,0.0,0.0,1.0,1.0,1.0,,True,False,False,8,2,0.25,True,anchored_masked_phase_cross_correlation,F,20,"{'y_start': 373, 'y_stop': 2663, 'x_start': 1, 'x_stop': 2729}"
F20,PLD3_TMEM106B_mCherry_primary,12,488nm Binned,-181.0,-109.0,-0.0007863757232558794,0.16364104204614183,0.9012827788573574,,True,False,False,8,2,0.25,True,anchored_masked_phase_cross_correlation,F,20,"{'y_start': 373, 'y_stop': 2663, 'x_start': 1, 'x_stop': 2729}"
F20,PLD3_TMEM106B_mCherry_primary,16,488nm Binned,-72.0,-34.0,0.002156198156586736,0.14663134773678754,0.9633380601413374,,True,False,False,8,2,0.25,True,anchored_masked_phase_cross_correlation,F,20,"{'y_start': 373, 'y_stop': 2663, 'x_start': 1, 'x_stop': 2729}"
F20,PLD3_TMEM106B_mCherry_primary,20,488nm Binned,-188.0,-123.0,-0.001110955448034334,0.10458596016013484,0.8943733478055356,,True,False,False,8,2,0.25,True,anchored_masked_phase_cross_correlation,F,20,"{'y_start': 373, 'y_stop': 2663, 'x_start': 1, 'x_stop': 2729}"
F20,PLD3_TMEM106B_mCherry_primary,25,488nm Binned,100.84869674695074,0.1498540946340654,0.0009393437263899817,0.2742987946637442,0.9647861640660081,,True,False,True,20,2,0.25,True,anchored_masked_phase_cross_correlation,F,20,"{'y_start': 373, 'y_stop': 2663, 'x_start': 1, 'x_stop': 2729}"
F20,PLD3_TMEM106B_mCherry_primary,29,488nm Binned,54.848696746950736,-16.850145905365935,0.012179878873842063,0.24492879725809977,0.9751127635263619,,True,False,False,20,2,0.25,True,anchored_masked_phase_cross_correlation,F,20,"{'y_start': 373, 'y_stop': 2663, 'x_start': 1, 'x_stop': 2729}"
F20,PLD3_TMEM106B_mCherry_primary,32,488nm Binned,333.9804215434706,-135.826098114856,0.004170871234837889,0.17393242080817833,0.8417052007440496,,True,False,False,20,2,0.25,True,anchored_masked_phase_cross_correlation,F,20,"{'y_start': 373, 'y_stop': 2663, 'x_start': 1, 'x_stop': 2729}"
F20,PLD3_TMEM106B_mCherry_primary,36,488nm Binned,-204.94287229641486,-147.56695125912665,-0.0025065493650334304,0.10820700404232989,0.8807653709875354,,True,False,False,20,2,0.25,True,anchored_masked_phase_cross_correlation,F,20,"{'y_start': 373, 'y_stop': 2663, 'x_start': 1, 'x_stop': 2729}"
F20,PLD3_TMEM106B_mCherry_primary,39,488nm Binned,524.6964668108412,-69.65298818839074,0.0024945138026275723,0.2630259277274974,0.7972083189714558,,True,True,True,36,2,0.25,True,anchored_masked_phase_cross_correlation,F,20,"{'y_start': 373, 'y_stop': 2663, 'x_start': 1, 'x_stop': 2729}"
G11,PLD3_only_no_mCherry,8,488nm Binned,0.0,0.0,1.0,1.0,1.0,,True,False,False,8,2,0.25,True,anchored_masked_phase_cross_correlation,G,11,"{'y_start': 495, 'y_stop': 2758, 'x_start': 0, 'x_stop': 2740}"
G11,PLD3_only_no_mCherry,12,488nm Binned,-96.0,-96.0,0.0017716562710460224,0.16197448242364784,0.9341748218693651,,True,False,False,8,2,0.25,True,anchored_masked_phase_cross_correlation,G,11,"{'y_start': 495, 'y_stop': 2758, 'x_start': 0, 'x_stop': 2740}"
G11,PLD3_only_no_mCherry,16,488nm Binned,-48.0,-29.0,0.0041836024537252915,0.12999888811252372,0.9733212537128785,,True,False,False,8,2,0.25,True,anchored_masked_phase_cross_correlation,G,11,"{'y_start': 495, 'y_stop': 2758, 'x_start': 0, 'x_stop': 2740}"
G11,PLD3_only_no_mCherry,20,488nm Binned,-83.0,-110.0,0.003767354359936499,0.11391200893027054,0.9338156914464227,,True,False,False,8,2,0.25,True,anchored_masked_phase_cross_correlation,G,11,"{'y_start': 495, 'y_stop': 2758, 'x_start': 0, 'x_stop': 2740}"
G11,PLD3_only_no_mCherry,25,488nm Binned,84.2155406861948,-1.4373995225378167,0.0039423971365938875,0.28925106481186075,0.9701496748203287,,True,False,True,20,2,0.25,True,anchored_masked_phase_cross_correlation,G,11,"{'y_start': 495, 'y_stop': 2758, 'x_start': 0, 'x_stop': 2740}"
G11,PLD3_only_no_mCherry,29,488nm Binned,53.2155406861948,-19.437399522537817,0.011801036987326942,0.232994082894494,0.9747934865371657,,True,False,False,20,2,0.25,True,anchored_masked_phase_cross_correlation,G,11,"{'y_start': 495, 'y_stop': 2758, 'x_start': 0, 'x_stop': 2740}"
G11,PLD3_only_no_mCherry,32,488nm Binned,433.1842030479529,-123.81108327119364,0.005347269525175492,0.15590566087975646,0.8123100431384478,,True,False,False,20,2,0.25,True,anchored_masked_phase_cross_correlation,G,11,"{'y_start': 495, 'y_stop': 2758, 'x_start': 0, 'x_stop': 2740}"
G11,PLD3_only_no_mCherry,36,488nm Binned,-109.55678928521775,-140.64678203646508,0.001628916597609101,0.12752636630347813,0.9146335760092886,,True,False,False,20,2,0.25,True,anchored_masked_phase_cross_correlation,G,11,"{'y_start': 495, 'y_stop': 2758, 'x_start': 0, 'x_stop': 2740}"
G11,PLD3_only_no_mCherry,39,488nm Binned,739.015822315052,-42.68705410590155,-0.004055256008442154,0.24887559507200144,0.7312749541928762,,True,True,True,36,2,0.25,True,anchored_masked_phase_cross_correlation,G,11,"{'y_start': 495, 'y_stop': 2758, 'x_start': 0, 'x_stop': 2740}"
G14,PLD3_only_no_mCherry,8,488nm Binned,0.0,0.0,1.0,1.0,1.0,,True,False,False,8,1,0.125,True,anchored_masked_phase_cross_correlation,G,14,"{'y_start': 454, 'y_stop': 2724, 'x_start': 3, 'x_stop': 2744}"
G14,PLD3_only_no_mCherry,12,488nm Binned,-124.0,-97.0,0.004221863242834648,0.17822974001802813,0.9244051127333983,,True,False,False,8,1,0.125,True,anchored_masked_phase_cross_correlation,G,14,"{'y_start': 454, 'y_stop': 2724, 'x_start': 3, 'x_stop': 2744}"
G14,PLD3_only_no_mCherry,16,488nm Binned,-57.0,-30.0,0.003957855238839186,0.1560281448895111,0.9698731639852244,,True,False,False,8,1,0.125,True,anchored_masked_phase_cross_correlation,G,14,"{'y_start': 454, 'y_stop': 2724, 'x_start': 3, 'x_stop': 2744}"
G14,PLD3_only_no_mCherry,20,488nm Binned,-119.0,-108.0,0.002221810657576583,0.12409277585475532,0.9224132397308638,,True,False,False,8,1,0.125,True,anchored_masked_phase_cross_correlation,G,14,"{'y_start': 454, 'y_stop': 2724, 'x_start': 3, 'x_stop': 2744}"
G14,PLD3_only_no_mCherry,25,488nm Binned,88.4269836882122,2.559602188224744,0.0039460244208351135,0.1047357899165638,0.9683027658643889,,True,False,False,8,1,0.125,True,anchored_masked_phase_cross_correlation,G,14,"{'y_start': 454, 'y_stop': 2724, 'x_start': 3, 'x_stop': 2744}"
G14,PLD3_only_no_mCherry,29,488nm Binned,52.426983688212204,-14.440397811775256,0.0033243510964091677,0.33775419486875924,0.9767770532386616,,True,False,True,25,1,0.125,True,anchored_masked_phase_cross_correlation,G,14,"{'y_start': 454, 'y_stop': 2724, 'x_start': 3, 'x_stop': 2744}"
G14,PLD3_only_no_mCherry,32,488nm Binned,400.4464932495066,-120.78679370590362,0.003672149610439685,0.22882869743946296,0.8241393490453822,,True,False,False,25,1,0.125,True,anchored_masked_phase_cross_correlation,G,14,"{'y_start': 454, 'y_stop': 2724, 'x_start': 3, 'x_stop': 2744}"
G14,PLD3_only_no_mCherry,36,488nm Binned,-143.35843978728008,-133.59782501102018,-0.006329227242279607,0.13155078968344963,0.9057607010059333,,True,False,False,25,1,0.125,True,anchored_masked_phase_cross_correlation,G,14,"{'y_start': 454, 'y_stop': 2724, 'x_start': 3, 'x_stop': 2744}"
G14,PLD3_only_no_mCherry,39,488nm Binned,665.8953572897626,-36.577313048997894,0.0008308242295960886,0.1108003958914804,0.7580264609350105,,True,True,False,25,1,0.125,True,anchored_masked_phase_cross_correlation,G,14,"{'y_start': 454, 'y_stop': 2724, 'x_start': 3, 'x_stop': 2744}"
G13,PLD3_only_no_mCherry,8,488nm Binned,0.0,0.0,1.0,1.0,1.0,,True,False,False,8,2,0.25,True,anchored_masked_phase_cross_correlation,G,13,"{'y_start': 470, 'y_stop': 2737, 'x_start': 2, 'x_stop': 2743}"
G13,PLD3_only_no_mCherry,12,488nm Binned,-115.0,-97.0,-0.002623936683244231,0.18620386869937744,0.9274370537008183,,True,False,False,8,2,0.25,True,anchored_masked_phase_cross_correlation,G,13,"{'y_start': 470, 'y_stop': 2737, 'x_start': 2, 'x_stop': 2743}"
G13,PLD3_only_no_mCherry,16,488nm Binned,-53.0,-31.0,0.00048345206387418393,0.16264191225576746,0.9709110436130709,,True,False,False,8,2,0.25,True,anchored_masked_phase_cross_correlation,G,13,"{'y_start': 470, 'y_stop': 2737, 'x_start': 2, 'x_stop': 2743}"
G13,PLD3_only_no_mCherry,20,488nm Binned,-104.0,-108.0,-0.006244130293056527,0.14113458416527033,0.9274464149203737,,True,False,False,8,2,0.25,True,anchored_masked_phase_cross_correlation,G,13,"{'y_start': 470, 'y_stop': 2737, 'x_start': 2, 'x_stop': 2743}"
G13,PLD3_only_no_mCherry,25,488nm Binned,89.02318730355546,1.5606135849566272,0.00972618889622139,0.26562717966912364,0.9684325804781893,,True,False,True,20,2,0.25,True,anchored_masked_phase_cross_correlation,G,13,"{'y_start': 470, 'y_stop': 2737, 'x_start': 2, 'x_stop': 2743}"
G13,PLD3_only_no_mCherry,29,488nm Binned,53.02318730355546,-15.439386415043373,0.008449868127313446,0.22161187805439841,0.9762283359560303,,True,False,False,20,2,0.25,True,anchored_masked_phase_cross_correlation,G,13,"{'y_start': 470, 'y_stop': 2737, 'x_start': 2, 'x_stop': 2743}"
G13,PLD3_only_no_mCherry,32,488nm Binned,414.35893369361474,-121.79497650189296,0.0013636434717382898,0.15201321036256635,0.8191919859878162,,True,False,False,20,2,0.25,True,anchored_masked_phase_cross_correlation,G,13,"{'y_start': 470, 'y_stop': 2737, 'x_start': 2, 'x_stop': 2743}"
G13,PLD3_only_no_mCherry,36,488nm Binned,-130.42482009335254,-135.61431979691224,0.004195672182970653,0.11918056365449442,0.9093891354483751,,True,False,False,20,2,0.25,True,anchored_masked_phase_cross_correlation,G,13,"{'y_start': 470, 'y_stop': 2737, 'x_start': 2, 'x_stop': 2743}"
G13,PLD3_only_no_mCherry,39,488nm Binned,689.6016140002776,-39.614269738606254,0.002427329653427648,0.23282311037323525,0.74906180031401,,True,True,True,36,2,0.25,True,anchored_masked_phase_cross_correlation,G,13,"{'y_start': 470, 'y_stop': 2737, 'x_start': 2, 'x_stop': 2743}"
G15,PLD3_only_no_mCherry,8,488nm Binned,0.0,0.0,1.0,1.0,1.0,,True,False,False,8,2,0.25,True,anchored_masked_phase_cross_correlation,G,15,"{'y_start': 442, 'y_stop': 2715, 'x_start': 2, 'x_stop': 2744}"
G15,PLD3_only_no_mCherry,12,488nm Binned,-134.0,-97.0,-6.977637013723311e-05,0.18116666318562066,0.9210362894362649,,True,False,False,8,2,0.25,True,anchored_masked_phase_cross_correlation,G,15,"{'y_start': 442, 'y_stop': 2715, 'x_start': 2, 'x_stop': 2744}"
G15,PLD3_only_no_mCherry,16,488nm Binned,-60.0,-30.0,0.009461865695009447,0.13769348154449615,0.9688380805658164,,True,False,False,8,2,0.25,True,anchored_masked_phase_cross_correlation,G,15,"{'y_start': 442, 'y_stop': 2715, 'x_start': 2, 'x_stop': 2744}"
G15,PLD3_only_no_mCherry,20,488nm Binned,-130.0,-108.0,0.0034041240762845153,0.11059727050736756,0.9187222445918898,,True,False,False,8,2,0.25,True,anchored_masked_phase_cross_correlation,G,15,"{'y_start': 442, 'y_stop': 2715, 'x_start': 2, 'x_stop': 2744}"
G15,PLD3_only_no_mCherry,25,488nm Binned,89.83081597173805,1.5586087422343553,0.00964529107993855,0.28213261048540317,0.9681518108994044,,True,False,True,20,2,0.25,True,anchored_masked_phase_cross_correlation,G,15,"{'y_start': 442, 'y_stop': 2715, 'x_start': 2, 'x_stop': 2744}"
G15,PLD3_only_no_mCherry,29,488nm Binned,54.83081597173805,-17.441391257765645,0.00855065216864245,0.24099223683259804,0.9749167502344109,,True,False,False,20,2,0.25,True,anchored_masked_phase_cross_correlation,G,15,"{'y_start': 442, 'y_stop': 2715, 'x_start': 2, 'x_stop': 2744}"
G15,PLD3_only_no_mCherry,32,488nm Binned,390.5337938398843,-120.77874030339444,0.0015687336591148635,0.17507203094630552,0.8274525218083546,,True,False,False,20,2,0.25,True,anchored_masked_phase_cross_correlation,G,15,"{'y_start': 442, 'y_stop': 2715, 'x_start': 2, 'x_stop': 2744}"
G15,PLD3_only_no_mCherry,36,488nm Binned,-152.29258707309236,-135.5815938587839,0.007150186744697946,0.14665400540074822,0.9021357343737693,,True,False,False,20,2,0.25,True,anchored_masked_phase_cross_correlation,G,15,"{'y_start': 442, 'y_stop': 2715, 'x_start': 2, 'x_stop': 2744}"
G15,PLD3_only_no_mCherry,39,488nm Binned,646.1879707206372,-39.54092075951121,0.0027404936816318253,0.2502013793332793,0.7640097831529351,,True,True,True,36,2,0.25,True,anchored_masked_phase_cross_correlation,G,15,"{'y_start': 442, 'y_stop': 2715, 'x_start': 2, 'x_stop': 2744}"
G12,PLD3_only_no_mCherry,8,488nm Binned,0.0,0.0,1.0,1.0,1.0,,True,False,False,8,2,0.25,True,anchored_masked_phase_cross_correlation,G,12,"{'y_start': 484, 'y_stop': 2747, 'x_start': 0, 'x_stop': 2742}"
G12,PLD3_only_no_mCherry,12,488nm Binned,-107.0,-97.0,0.001500853184790596,0.1725003467491823,0.930132112338525,,True,False,False,8,2,0.25,True,anchored_masked_phase_cross_correlation,G,12,"{'y_start': 484, 'y_stop': 2747, 'x_start': 0, 'x_stop': 2742}"
G12,PLD3_only_no_mCherry,16,488nm Binned,-52.0,-30.0,0.00381827941267345,0.15751332040416183,0.9715983030175709,,True,False,False,8,2,0.25,True,anchored_masked_phase_cross_correlation,G,12,"{'y_start': 484, 'y_stop': 2747, 'x_start': 0, 'x_stop': 2742}"
G12,PLD3_only_no_mCherry,20,488nm Binned,-94.0,-108.0,0.005173013840090985,0.11516191387832894,0.9308018650467137,,True,False,False,8,2,0.25,True,anchored_masked_phase_cross_correlation,G,12,"{'y_start': 484, 'y_stop': 2747, 'x_start': 0, 'x_stop': 2742}"
G12,PLD3_only_no_mCherry,25,488nm Binned,85.61935502028427,-0.4384019438989526,0.002312700093158638,0.26234617042567554,0.9699983719645819,,True,False,True,20,2,0.25,True,anchored_masked_phase_cross_correlation,G,12,"{'y_start': 484, 'y_stop': 2747, 'x_start': 0, 'x_stop': 2742}"
G12,PLD3_only_no_mCherry,29,488nm Binned,51.619355020284274,-17.438401943898953,0.0035995501223876495,0.22376143017251476,0.9760307203723055,,True,False,False,20,2,0.25,True,anchored_masked_phase_cross_correlation,G,12,"{'y_start': 484, 'y_stop': 2747, 'x_start': 0, 'x_stop': 2742}"
G12,PLD3_only_no_mCherry,32,488nm Binned,425.2716331210868,-121.80296517194483,0.005224746215068355,0.16808169164394254,0.8155462135463472,,True,False,False,20,2,0.25,True,anchored_masked_phase_cross_correlation,G,12,"{'y_start': 484, 'y_stop': 2747, 'x_start': 0, 'x_stop': 2742}"
G12,PLD3_only_no_mCherry,36,488nm Binned,-120.49067277508948,-139.6304190674009,0.004416160947754575,0.10314987249548008,0.9113476547505681,,True,False,False,20,2,0.25,True,anchored_masked_phase_cross_correlation,G,12,"{'y_start': 484, 'y_stop': 2747, 'x_start': 0, 'x_stop': 2742}"
G12,PLD3_only_no_mCherry,39,488nm Binned,714.30900067523,-41.6503796163538,-0.0019134862450186964,0.23832802841044848,0.7400328224253533,,True,True,True,36,2,0.25,True,anchored_masked_phase_cross_correlation,G,12,"{'y_start': 484, 'y_stop': 2747, 'x_start': 0, 'x_stop': 2742}"
G16,PLD3_only_no_mCherry,8,488nm Binned,0.0,0.0,1.0,1.0,1.0,,True,False,False,8,2,0.25,True,anchored_masked_phase_cross_correlation,G,16,"{'y_start': 426, 'y_stop': 2705, 'x_start': 0, 'x_stop': 2739}"
G16,PLD3_only_no_mCherry,12,488nm Binned,-143.0,-97.0,0.0029408280208639364,0.17423954722127863,0.9180043484688449,,True,False,False,8,2,0.25,True,anchored_masked_phase_cross_correlation,G,16,"{'y_start': 426, 'y_stop': 2705, 'x_start': 0, 'x_stop': 2739}"
G16,PLD3_only_no_mCherry,16,488nm Binned,-60.0,-30.0,0.0017199943996206275,0.15364365886778275,0.9688380805658164,,True,False,False,8,2,0.25,True,anchored_masked_phase_cross_correlation,G,16,"{'y_start': 426, 'y_stop': 2705, 'x_start': 0, 'x_stop': 2739}"
G16,PLD3_only_no_mCherry,20,488nm Binned,-141.0,-112.0,0.003308084807780864,0.11272761535510606,0.9137051172073318,,True,False,False,8,2,0.25,True,anchored_masked_phase_cross_correlation,G,16,"{'y_start': 426, 'y_stop': 2705, 'x_start': 0, 'x_stop': 2739}"
G16,PLD3_only_no_mCherry,25,488nm Binned,92.23460338390032,-2.442483428389096,0.008601282028173474,0.2594894422079147,0.9670158518895371,,True,False,True,20,2,0.25,True,anchored_masked_phase_cross_correlation,G,16,"{'y_start': 426, 'y_stop': 2705, 'x_start': 0, 'x_stop': 2739}"
G16,PLD3_only_no_mCherry,29,488nm Binned,54.23460338390032,-19.442483428389096,0.007859533027080756,0.21359499275235908,0.9744388338400416,,True,False,False,20,2,0.25,True,anchored_masked_phase_cross_correlation,G,16,"{'y_start': 426, 'y_stop': 2705, 'x_start': 0, 'x_stop': 2739}"
G16,PLD3_only_no_mCherry,32,488nm Binned,377.62141828892163,-125.76997493318777,-0.0033844977462984915,0.14089518013972196,0.8302539687378332,,True,False,False,20,2,0.25,True,anchored_masked_phase_cross_correlation,G,16,"{'y_start': 426, 'y_stop': 2705, 'x_start': 0, 'x_stop': 2739}"
G16,PLD3_only_no_mCherry,36,488nm Binned,-162.22607459316714,-138.56391216965494,0.005055690416182115,0.13112316439930027,0.8978548701581562,,True,False,False,20,2,0.25,True,anchored_masked_phase_cross_correlation,G,16,"{'y_start': 426, 'y_stop': 2705, 'x_start': 0, 'x_stop': 2739}"
G16,PLD3_only_no_mCherry,39,488nm Binned,619.4819973743834,-43.501422470118996,0.0020366906864339404,0.22743180994385173,0.7721104589825866,,True,True,True,36,2,0.25,True,anchored_masked_phase_cross_correlation,G,16,"{'y_start': 426, 'y_stop': 2705, 'x_start': 0, 'x_stop': 2739}"
G17,PLD3_only_no_mCherry,8,488nm Binned,0.0,0.0,1.0,1.0,1.0,,True,False,False,8,2,0.25,True,anchored_masked_phase_cross_correlation,G,17,"{'y_start': 409, 'y_stop': 2691, 'x_start': 1, 'x_stop': 2742}"
G17,PLD3_only_no_mCherry,12,488nm Binned,-154.0,-98.0,0.0044160538649247304,0.15784418531713448,0.9139686902462414,,True,False,False,8,2,0.25,True,anchored_masked_phase_cross_correlation,G,17,"{'y_start': 409, 'y_stop': 2691, 'x_start': 1, 'x_stop': 2742}"
G17,PLD3_only_no_mCherry,16,488nm Binned,-66.0,-29.0,0.010012051442171446,0.14595135092760575,0.967108564859392,,True,False,False,8,2,0.25,True,anchored_masked_phase_cross_correlation,G,17,"{'y_start': 409, 'y_stop': 2691, 'x_start': 1, 'x_stop': 2742}"
G17,PLD3_only_no_mCherry,20,488nm Binned,-156.0,-109.0,0.00470461827905528,0.11179544328437385,0.9096683648162088,,True,False,False,8,2,0.25,True,anchored_masked_phase_cross_correlation,G,17,"{'y_start': 409, 'y_stop': 2691, 'x_start': 1, 'x_stop': 2742}"
G17,PLD3_only_no_mCherry,25,488nm Binned,90.63840873896879,0.5566577475547092,0.0024997256871291205,0.2783726496993723,0.9682086909913825,,True,False,True,20,2,0.25,True,anchored_masked_phase_cross_correlation,G,17,"{'y_start': 409, 'y_stop': 2691, 'x_start': 1, 'x_stop': 2742}"
G17,PLD3_only_no_mCherry,29,488nm Binned,49.63840873896879,-16.44334225244529,0.010334541143395146,0.2627836922488052,0.9770581746911023,,True,False,False,20,2,0.25,True,anchored_masked_phase_cross_correlation,G,17,"{'y_start': 409, 'y_stop': 2691, 'x_start': 1, 'x_stop': 2742}"
G17,PLD3_only_no_mCherry,32,488nm Binned,362.70891280883916,-122.76289257103053,0.003490657519538724,0.19646658003606926,0.836141463038044,,True,False,False,20,2,0.25,True,anchored_masked_phase_cross_correlation,G,17,"{'y_start': 409, 'y_stop': 2691, 'x_start': 1, 'x_stop': 2742}"
G17,PLD3_only_no_mCherry,36,488nm Binned,-176.15982672059363,-136.54965934094434,-0.004554137685040715,0.15159129110902433,0.8938904253815689,,True,False,False,20,2,0.25,True,anchored_masked_phase_cross_correlation,G,17,"{'y_start': 409, 'y_stop': 2691, 'x_start': 1, 'x_stop': 2742}"
G17,PLD3_only_no_mCherry,39,488nm Binned,593.7754564529278,-42.469266674172104,-0.0012204182250003305,0.2494445973789089,0.7812231129089704,,True,True,True,36,2,0.25,True,anchored_masked_phase_cross_correlation,G,17,"{'y_start': 409, 'y_stop': 2691, 'x_start': 1, 'x_stop': 2742}"
G18,PLD3_only_no_mCherry,8,488nm Binned,0.0,0.0,1.0,1.0,1.0,,True,False,False,8,2,0.25,True,anchored_masked_phase_cross_correlation,G,18,"{'y_start': 400, 'y_stop': 2684, 'x_start': 0, 'x_stop': 2742}"
G18,PLD3_only_no_mCherry,12,488nm Binned,-162.0,-99.0,0.002368833396328406,0.188134141931938,0.910945624201257,,True,False,False,8,2,0.25,True,anchored_masked_phase_cross_correlation,G,18,"{'y_start': 400, 'y_stop': 2684, 'x_start': 0, 'x_stop': 2742}"
G18,PLD3_only_no_mCherry,16,488nm Binned,-67.0,-31.0,-0.0009044400052103664,0.16181334767910768,0.9660823563624198,,True,False,False,8,2,0.25,True,anchored_masked_phase_cross_correlation,G,18,"{'y_start': 400, 'y_stop': 2684, 'x_start': 0, 'x_stop': 2742}"
G18,PLD3_only_no_mCherry,20,488nm Binned,-167.0,-110.0,0.0036295479953537646,0.12959289510247027,0.9056503348641967,,True,False,False,8,2,0.25,True,anchored_masked_phase_cross_correlation,G,18,"{'y_start': 400, 'y_stop': 2684, 'x_start': 0, 'x_stop': 2742}"
G18,PLD3_only_no_mCherry,25,488nm Binned,94.04220512362735,-1.4443536491817213,0.004967543075609535,0.2664730905660114,0.966722734249533,,True,False,True,20,2,0.25,True,anchored_masked_phase_cross_correlation,G,18,"{'y_start': 400, 'y_stop': 2684, 'x_start': 0, 'x_stop': 2742}"
G18,PLD3_only_no_mCherry,29,488nm Binned,53.042205123627355,-15.444353649181721,0.0024080480721083873,0.22381704468141217,0.9762200406950262,,True,False,False,20,2,0.25,True,anchored_masked_phase_cross_correlation,G,18,"{'y_start': 400, 'y_stop': 2684, 'x_start': 0, 'x_stop': 2742}"
G18,PLD3_only_no_mCherry,32,488nm Binned,355.79647236473465,-122.75470977505029,0.008299315437889978,0.14300874079540038,0.8384509907729032,,True,False,False,20,2,0.25,True,anchored_masked_phase_cross_correlation,G,18,"{'y_start': 400, 'y_stop': 2684, 'x_start': 0, 'x_stop': 2742}"
G18,PLD3_only_no_mCherry,36,488nm Binned,-183.09344641451753,-138.53316455506138,0.0011554426962170148,0.12467572175908843,0.8909405027972228,,True,False,False,20,2,0.25,True,anchored_masked_phase_cross_correlation,G,18,"{'y_start': 400, 'y_stop': 2684, 'x_start': 0, 'x_stop': 2742}"
G18,PLD3_only_no_mCherry,39,488nm Binned,572.0691997424183,-45.432309984571475,-0.0006149460443150484,0.25561586461493196,0.7878524067960894,,True,True,True,36,2,0.25,True,anchored_masked_phase_cross_correlation,G,18,"{'y_start': 400, 'y_stop': 2684, 'x_start': 0, 'x_stop': 2742}"
G19,PLD3_only_no_mCherry,8,488nm Binned,0.0,0.0,1.0,1.0,1.0,,True,False,False,8,2,0.25,True,anchored_masked_phase_cross_correlation,G,19,"{'y_start': 386, 'y_stop': 2674, 'x_start': 1, 'x_stop': 2742}"
G19,PLD3_only_no_mCherry,12,488nm Binned,-172.0,-98.0,0.0005539881441246667,0.16529252655340823,0.9079069966484402,,True,False,False,8,2,0.25,True,anchored_masked_phase_cross_correlation,G,19,"{'y_start': 386, 'y_stop': 2674, 'x_start': 1, 'x_stop': 2742}"
G19,PLD3_only_no_mCherry,16,488nm Binned,-73.0,-29.0,0.0035048987324383042,0.16252814052801756,0.9646925191941473,,True,False,False,8,2,0.25,True,anchored_masked_phase_cross_correlation,G,19,"{'y_start': 386, 'y_stop': 2674, 'x_start': 1, 'x_stop': 2742}"
G19,PLD3_only_no_mCherry,20,488nm Binned,-179.0,-109.0,0.0027059313662177492,0.12204846603018785,0.9019536257340655,,True,False,False,8,2,0.25,True,anchored_masked_phase_cross_correlation,G,19,"{'y_start': 386, 'y_stop': 2674, 'x_start': 1, 'x_stop': 2742}"
G19,PLD3_only_no_mCherry,25,488nm Binned,96.44597458296266,0.5546618778462289,0.002579292136053068,0.2687565890311488,0.9661848033044586,,True,False,True,20,2,0.25,True,anchored_masked_phase_cross_correlation,G,19,"{'y_start': 386, 'y_stop': 2674, 'x_start': 1, 'x_stop': 2742}"
G19,PLD3_only_no_mCherry,29,488nm Binned,54.44597458296266,-15.445338122153771,0.013237660626077669,0.20276988751587596,0.9757328803534687,,True,False,False,20,2,0.25,True,anchored_masked_phase_cross_correlation,G,19,"{'y_start': 386, 'y_stop': 2674, 'x_start': 1, 'x_stop': 2742}"
G19,PLD3_only_no_mCherry,32,488nm Binned,344.8842260644251,-122.74672122997436,7.186552337442155e-05,0.14957438326518785,0.8420954167363296,,True,False,False,20,2,0.25,True,anchored_masked_phase_cross_correlation,G,19,"{'y_start': 386, 'y_stop': 2674, 'x_start': 1, 'x_stop': 2742}"
G19,PLD3_only_no_mCherry,36,488nm Binned,-193.0266705605809,-137.51706551176176,0.000770746794508599,0.12229906583970516,0.8879747750688011,,True,False,False,20,2,0.25,True,anchored_masked_phase_cross_correlation,G,19,"{'y_start': 386, 'y_stop': 2674, 'x_start': 1, 'x_stop': 2742}"
G19,PLD3_only_no_mCherry,39,488nm Binned,549.3637899496043,-44.39620084766648,0.0003896747007135801,0.25889299071089794,0.7959358704852741,,True,True,True,36,2,0.25,True,anchored_masked_phase_cross_correlation,G,19,"{'y_start': 386, 'y_stop': 2674, 'x_start': 1, 'x_stop': 2742}"
G20,PLD3_only_no_mCherry,8,488nm Binned,0.0,0.0,1.0,1.0,1.0,,True,False,False,8,2,0.25,True,anchored_masked_phase_cross_correlation,G,20,"{'y_start': 368, 'y_stop': 2657, 'x_start': 0, 'x_stop': 2742}"
G20,PLD3_only_no_mCherry,12,488nm Binned,-180.0,-101.0,0.010663908569025651,0.1566547706847891,0.904232535611538,,True,False,False,8,2,0.25,True,anchored_masked_phase_cross_correlation,G,20,"{'y_start': 368, 'y_stop': 2657, 'x_start': 0, 'x_stop': 2742}"
G20,PLD3_only_no_mCherry,16,488nm Binned,-77.0,-31.0,0.01015816156120881,0.13598262342001954,0.9626332940405261,,True,False,False,8,2,0.25,True,anchored_masked_phase_cross_correlation,G,20,"{'y_start': 368, 'y_stop': 2657, 'x_start': 0, 'x_stop': 2742}"
G20,PLD3_only_no_mCherry,20,488nm Binned,-192.0,-109.0,0.009597368364454947,0.10536451781944632,0.8975931210354627,,True,False,False,8,2,0.25,True,anchored_masked_phase_cross_correlation,G,20,"{'y_start': 368, 'y_stop': 2657, 'x_start': 0, 'x_stop': 2742}"
G20,PLD3_only_no_mCherry,25,488nm Binned,93.849761991989,-0.446322594601952,0.010155038951046283,0.2505402500644566,0.9671264018335021,,True,False,True,20,2,0.25,True,anchored_masked_phase_cross_correlation,G,20,"{'y_start': 368, 'y_stop': 2657, 'x_start': 0, 'x_stop': 2742}"
G20,PLD3_only_no_mCherry,29,488nm Binned,50.849761991989,-16.446322594601952,0.0031615002535713413,0.21928473684351563,0.9766372069081468,,True,False,False,20,2,0.25,True,anchored_masked_phase_cross_correlation,G,20,"{'y_start': 368, 'y_stop': 2657, 'x_start': 0, 'x_stop': 2742}"
G20,PLD3_only_no_mCherry,32,488nm Binned,329.9718502992091,-122.7387326491953,0.0054111220589031,0.15206707779622433,0.8470749197633595,,True,False,False,20,2,0.25,True,anchored_masked_phase_cross_correlation,G,20,"{'y_start': 368, 'y_stop': 2657, 'x_start': 0, 'x_stop': 2742}"
G20,PLD3_only_no_mCherry,36,488nm Binned,-210.96015847013223,-135.50096640355332,0.0012801417898641004,0.13314721871176677,0.8826728931186549,,True,False,False,20,2,0.25,True,anchored_masked_phase_cross_correlation,G,20,"{'y_start': 368, 'y_stop': 2657, 'x_start': 0, 'x_stop': 2742}"
G20,PLD3_only_no_mCherry,39,488nm Binned,519.6578153333194,-43.36009149908932,-0.002423674597175022,0.2588317325168759,0.8064290732764319,,True,True,True,36,2,0.25,True,anchored_masked_phase_cross_correlation,G,20,"{'y_start': 368, 'y_stop': 2657, 'x_start': 0, 'x_stop': 2742}"
H05,PLD3_TMEM106B_no_mCherry,8,488nm Binned,0.0,0.0,1.0,1.0,1.0,,True,False,False,8,2,0.25,True,anchored_masked_phase_cross_correlation,H,05,"{'y_start': 583, 'y_stop': 2822, 'x_start': 0, 'x_stop': 2755}"
H05,PLD3_TMEM106B_no_mCherry,12,488nm Binned,-41.0,-83.0,0.008547263655621851,0.1739079292751738,0.9571780129510649,,True,False,False,8,2,0.25,True,anchored_masked_phase_cross_correlation,H,05,"{'y_start': 583, 'y_stop': 2822, 'x_start': 0, 'x_stop': 2755}"
H05,PLD3_TMEM106B_no_mCherry,16,488nm Binned,-29.0,-25.0,0.01158874513133807,0.14151363029069236,0.9812596894701112,,True,False,False,8,2,0.25,True,anchored_masked_phase_cross_correlation,H,05,"{'y_start': 583, 'y_stop': 2822, 'x_start': 0, 'x_stop': 2755}"
H05,PLD3_TMEM106B_no_mCherry,20,488nm Binned,-10.0,-94.0,0.00420969757448488,0.11430807069052547,0.9638520761969231,,True,False,False,8,2,0.25,True,anchored_masked_phase_cross_correlation,H,05,"{'y_start': 583, 'y_stop': 2822, 'x_start': 0, 'x_stop': 2755}"
H05,PLD3_TMEM106B_no_mCherry,25,488nm Binned,74.79365710221236,-1.0275437357340707,0.013988231945030054,0.3127842850337934,0.9735723835939154,,True,False,True,20,2,0.25,True,anchored_masked_phase_cross_correlation,H,05,"{'y_start': 583, 'y_stop': 2822, 'x_start': 0, 'x_stop': 2755}"
H05,PLD3_TMEM106B_no_mCherry,29,488nm Binned,54.793657102212364,-19.02754373573407,0.006926977644458963,0.256725525814916,0.9743871421951893,,True,False,False,20,2,0.25,True,anchored_masked_phase_cross_correlation,H,05,"{'y_start': 583, 'y_stop': 2822, 'x_start': 0, 'x_stop': 2755}"
H05,PLD3_TMEM106B_no_mCherry,32,488nm Binned,507.65150445632025,-108.77255599090859,0.007613640052737605,0.15923677410262424,0.7917814748917128,,True,True,False,20,2,0.25,True,anchored_masked_phase_cross_correlation,H,05,"{'y_start': 583, 'y_stop': 2822, 'x_start': 0, 'x_stop': 2755}"
H05,PLD3_TMEM106B_no_mCherry,36,488nm Binned,-45.96985141243886,-127.67923898595473,0.0026327105234134796,0.10772067035480237,0.9401664648998088,,True,False,False,20,2,0.25,True,anchored_masked_phase_cross_correlation,H,05,"{'y_start': 583, 'y_stop': 2822, 'x_start': 0, 'x_stop': 2755}"
H05,PLD3_TMEM106B_no_mCherry,39,488nm Binned,884.2200773469049,-13.614769918218371,-0.0034762011224525207,0.2750159256727962,0.6884109695687145,,True,True,True,36,2,0.25,True,anchored_masked_phase_cross_correlation,H,05,"{'y_start': 583, 'y_stop': 2822, 'x_start': 0, 'x_stop': 2755}"
H06,PLD3_TMEM106B_no_mCherry,8,488nm Binned,0.0,0.0,1.0,1.0,1.0,,True,False,False,8,1,0.125,True,anchored_masked_phase_cross_correlation,H,06,"{'y_start': 568, 'y_stop': 2811, 'x_start': 1, 'x_stop': 2756}"
H06,PLD3_TMEM106B_no_mCherry,12,488nm Binned,-51.0,-87.0,-0.0001583133017654285,0.16675622408722318,0.9524222702683777,,True,False,False,8,1,0.125,True,anchored_masked_phase_cross_correlation,H,06,"{'y_start': 568, 'y_stop': 2811, 'x_start': 1, 'x_stop': 2756}"
H06,PLD3_TMEM106B_no_mCherry,16,488nm Binned,-33.0,-27.0,0.010404408675519299,0.15717185652205115,0.9791878205913762,,True,False,False,8,1,0.125,True,anchored_masked_phase_cross_correlation,H,06,"{'y_start': 568, 'y_stop': 2811, 'x_start': 1, 'x_stop': 2756}"
H06,PLD3_TMEM106B_no_mCherry,20,488nm Binned,-22.0,-95.0,0.000627433229223981,0.1297690983256308,0.9594591111655764,,True,False,False,8,1,0.125,True,anchored_masked_phase_cross_correlation,H,06,"{'y_start': 568, 'y_stop': 2811, 'x_start': 1, 'x_stop': 2756}"
H06,PLD3_TMEM106B_no_mCherry,25,488nm Binned,75.19748041402227,0.9713551198437926,0.009415395772518726,0.11023137235981674,0.9734507088201741,,True,False,False,8,1,0.125,True,anchored_masked_phase_cross_correlation,H,06,"{'y_start': 568, 'y_stop': 2811, 'x_start': 1, 'x_stop': 2756}"
H06,PLD3_TMEM106B_no_mCherry,29,488nm Binned,53.197480414022266,-17.028644880156207,0.007062764615164939,0.10114295649244116,0.9756240351450316,,True,False,False,8,1,0.125,True,anchored_masked_phase_cross_correlation,H,06,"{'y_start': 568, 'y_stop': 2811, 'x_start': 1, 'x_stop': 2756}"
H06,PLD3_TMEM106B_no_mCherry,32,488nm Binned,494.73886999340084,-107.76372581682517,0.004231146944392121,0.3331361581794849,0.7964041074542987,,True,False,True,29,1,0.125,True,anchored_masked_phase_cross_correlation,H,06,"{'y_start': 568, 'y_stop': 2811, 'x_start': 1, 'x_stop': 2756}"
H06,PLD3_TMEM106B_no_mCherry,36,488nm Binned,-56.903866427033336,-127.66142528524506,0.00830373320479918,0.23178933924697864,0.9365298581643332,,True,False,False,29,1,0.125,True,anchored_masked_phase_cross_correlation,H,06,"{'y_start': 568, 'y_stop': 2811, 'x_start': 1, 'x_stop': 2756}"
H06,PLD3_TMEM106B_no_mCherry,39,488nm Binned,858.5129744595424,-11.574988793727243,0.004127064788240964,0.1464747271691606,0.6978301664994122,,True,True,False,29,1,0.125,True,anchored_masked_phase_cross_correlation,H,06,"{'y_start': 568, 'y_stop': 2811, 'x_start': 1, 'x_stop': 2756}"
H08,PLD3_TMEM106B_no_mCherry,8,488nm Binned,0.0,0.0,1.0,1.0,1.0,,True,False,False,8,2,0.25,True,anchored_masked_phase_cross_correlation,H,08,"{'y_start': 543, 'y_stop': 2793, 'x_start': 0, 'x_stop': 2755}"
H08,PLD3_TMEM106B_no_mCherry,12,488nm Binned,-69.0,-85.0,0.008564063959911692,0.19280642949757862,0.9470170777822517,,True,False,False,8,2,0.25,True,anchored_masked_phase_cross_correlation,H,08,"{'y_start': 543, 'y_stop': 2793, 'x_start': 0, 'x_stop': 2755}"
H08,PLD3_TMEM106B_no_mCherry,16,488nm Binned,-39.0,-25.0,0.0116601378763418,0.14139513279336707,0.9778033326914212,,True,False,False,8,2,0.25,True,anchored_masked_phase_cross_correlation,H,08,"{'y_start': 543, 'y_stop': 2793, 'x_start': 0, 'x_stop': 2755}"
H08,PLD3_TMEM106B_no_mCherry,20,488nm Binned,-44.0,-94.0,-0.004493194775107152,0.1311553682549805,0.9523856764101157,,True,False,False,8,2,0.25,True,anchored_masked_phase_cross_correlation,H,08,"{'y_start': 543, 'y_stop': 2793, 'x_start': 0, 'x_stop': 2755}"
H08,PLD3_TMEM106B_no_mCherry,25,488nm Binned,81.00518985505732,-1.0306227959881653,0.0013035138038091226,0.31301744263309367,0.9714063098889565,,True,False,True,20,2,0.25,True,anchored_masked_phase_cross_correlation,H,08,"{'y_start': 543, 'y_stop': 2793, 'x_start': 0, 'x_stop': 2755}"
H08,PLD3_TMEM106B_no_mCherry,29,488nm Binned,56.005189855057324,-17.030622795988165,0.012256266107052936,0.23250944253413852,0.9746501934222286,,True,False,False,20,2,0.25,True,anchored_masked_phase_cross_correlation,H,08,"{'y_start': 543, 'y_stop': 2793, 'x_start': 0, 'x_stop': 2755}"
H08,PLD3_TMEM106B_no_mCherry,32,488nm Binned,473.9131474940441,-108.74768365499403,0.003083926231744925,0.1546880837864028,0.8031062828260506,,True,False,False,20,2,0.25,True,anchored_masked_phase_cross_correlation,H,08,"{'y_start': 543, 'y_stop': 2793, 'x_start': 0, 'x_stop': 2755}"
H08,PLD3_TMEM106B_no_mCherry,36,488nm Binned,-74.77282043982768,-125.6290947002417,0.001020716094676319,0.12333715293556148,0.93126688048158,,True,False,False,20,2,0.25,True,anchored_masked_phase_cross_correlation,H,08,"{'y_start': 543, 'y_stop': 2793, 'x_start': 0, 'x_stop': 2755}"
H08,PLD3_TMEM106B_no_mCherry,39,488nm Binned,815.0967891567875,-15.502486097328074,-0.0025954286945137866,0.26323776257812204,0.7119269845801355,,True,True,True,36,2,0.25,True,anchored_masked_phase_cross_correlation,H,08,"{'y_start': 543, 'y_stop': 2793, 'x_start': 0, 'x_stop': 2755}"
H07,PLD3_TMEM106B_no_mCherry,8,488nm Binned,0.0,0.0,1.0,1.0,1.0,,True,False,False,8,2,0.25,True,anchored_masked_phase_cross_correlation,H,07,"{'y_start': 555, 'y_stop': 2800, 'x_start': 0, 'x_stop': 2752}"
H07,PLD3_TMEM106B_no_mCherry,12,488nm Binned,-59.0,-86.0,0.0010110550472187574,0.17484338761399626,0.9500589878406268,,True,False,False,8,2,0.25,True,anchored_masked_phase_cross_correlation,H,07,"{'y_start': 555, 'y_stop': 2800, 'x_start': 0, 'x_stop': 2752}"
H07,PLD3_TMEM106B_no_mCherry,16,488nm Binned,-35.0,-26.0,0.01404001352916225,0.1429824538091503,0.9788414554678275,,True,False,False,8,2,0.25,True,anchored_masked_phase_cross_correlation,H,07,"{'y_start': 555, 'y_stop': 2800, 'x_start': 0, 'x_stop': 2752}"
H07,PLD3_TMEM106B_no_mCherry,20,488nm Binned,-34.0,-97.0,-0.0006911364242888196,0.1211877913531136,0.9547245224075986,,True,False,False,8,2,0.25,True,anchored_masked_phase_cross_correlation,H,07,"{'y_start': 555, 'y_stop': 2800, 'x_start': 0, 'x_stop': 2752}"
H07,PLD3_TMEM106B_no_mCherry,25,488nm Binned,78.60134859668096,-3.02962935026153,0.017745343194275606,0.29024256362552436,0.9715662667603333,,True,False,True,20,2,0.25,True,anchored_masked_phase_cross_correlation,H,07,"{'y_start': 555, 'y_stop': 2800, 'x_start': 0, 'x_stop': 2752}"
H07,PLD3_TMEM106B_no_mCherry,29,488nm Binned,54.601348596680964,-20.02962935026153,0.014050964290495876,0.24042789345079335,0.9741110002381135,,True,False,False,20,2,0.25,True,anchored_masked_phase_cross_correlation,H,07,"{'y_start': 555, 'y_stop': 2800, 'x_start': 0, 'x_stop': 2752}"
H07,PLD3_TMEM106B_no_mCherry,32,488nm Binned,483.82591163611687,-112.75573707536387,-0.0006098611032646719,0.146875311209107,0.7986192540078376,,True,False,False,20,2,0.25,True,anchored_masked_phase_cross_correlation,H,07,"{'y_start': 555, 'y_stop': 2800, 'x_start': 0, 'x_stop': 2752}"
H07,PLD3_TMEM106B_no_mCherry,36,488nm Binned,-67.83854127227414,-128.6453258849433,-0.0016523749952526553,0.12624505833848132,0.9325519730341719,,True,False,False,20,2,0.25,True,anchored_masked_phase_cross_correlation,H,07,"{'y_start': 555, 'y_stop': 2800, 'x_start': 0, 'x_stop': 2752}"
H07,PLD3_TMEM106B_no_mCherry,39,488nm Binned,835.8044581376444,-15.538878492654476,0.00045975308121893845,0.22721987436290475,0.7047367739903648,,True,True,True,36,2,0.25,True,anchored_masked_phase_cross_correlation,H,07,"{'y_start': 555, 'y_stop': 2800, 'x_start': 0, 'x_stop': 2752}"
H09,PLD3_TMEM106B_no_mCherry,8,488nm Binned,0.0,0.0,1.0,1.0,1.0,,True,False,False,8,2,0.25,True,anchored_masked_phase_cross_correlation,H,09,"{'y_start': 525, 'y_stop': 2778, 'x_start': 0, 'x_stop': 2755}"
H09,PLD3_TMEM106B_no_mCherry,12,488nm Binned,-77.0,-86.0,-0.0009350104032917478,0.1802671029780712,0.9439710341983587,,True,False,False,8,2,0.25,True,anchored_masked_phase_cross_correlation,H,09,"{'y_start': 525, 'y_stop': 2778, 'x_start': 0, 'x_stop': 2755}"
H09,PLD3_TMEM106B_no_mCherry,16,488nm Binned,-41.0,-26.0,0.01527563497020796,0.16175922332099155,0.9767683708462932,,True,False,False,8,2,0.25,True,anchored_masked_phase_cross_correlation,H,09,"{'y_start': 525, 'y_stop': 2778, 'x_start': 0, 'x_stop': 2755}"
H09,PLD3_TMEM106B_no_mCherry,20,488nm Binned,-58.0,-94.0,0.003318885720558173,0.13322760541217482,0.9476642176743716,,True,False,False,8,2,0.25,True,anchored_masked_phase_cross_correlation,H,09,"{'y_start': 525, 'y_stop': 2778, 'x_start': 0, 'x_stop': 2755}"
H09,PLD3_TMEM106B_no_mCherry,25,488nm Binned,82.40902213832442,-1.0316072671303118,0.001198655854893499,0.27341620270941336,0.9709166711176556,,True,False,True,20,2,0.25,True,anchored_masked_phase_cross_correlation,H,09,"{'y_start': 525, 'y_stop': 2778, 'x_start': 0, 'x_stop': 2755}"
H09,PLD3_TMEM106B_no_mCherry,29,488nm Binned,55.40902213832442,-17.031607267130312,0.005109345991936972,0.2419675656455655,0.9748564912361078,,True,False,False,20,2,0.25,True,anchored_masked_phase_cross_correlation,H,09,"{'y_start': 525, 'y_stop': 2778, 'x_start': 0, 'x_stop': 2755}"
H09,PLD3_TMEM106B_no_mCherry,32,488nm Binned,459.0004480665684,-108.73969498493898,-0.000416244473173351,0.16921284624134014,0.8081111488537229,,True,False,False,20,2,0.25,True,anchored_masked_phase_cross_correlation,H,09,"{'y_start': 525, 'y_stop': 2778, 'x_start': 0, 'x_stop': 2755}"
H09,PLD3_TMEM106B_no_mCherry,36,488nm Binned,-89.70696775809483,-126.6129954297503,0.0005668016195234832,0.1175860719919409,0.9259554782192422,,True,False,False,20,2,0.25,True,anchored_masked_phase_cross_correlation,H,09,"{'y_start': 525, 'y_stop': 2778, 'x_start': 0, 'x_stop': 2755}"
H09,PLD3_TMEM106B_no_mCherry,39,488nm Binned,785.3894024818287,-12.466376219577796,0.005242752268444757,0.2759032697847761,0.722997937426031,,True,True,True,36,2,0.25,True,anchored_masked_phase_cross_correlation,H,09,"{'y_start': 525, 'y_stop': 2778, 'x_start': 0, 'x_stop': 2755}"
H10,PLD3_TMEM106B_no_mCherry,8,488nm Binned,0.0,0.0,1.0,1.0,1.0,,True,False,False,8,2,0.25,True,anchored_masked_phase_cross_correlation,H,10,"{'y_start': 510, 'y_stop': 2767, 'x_start': 2, 'x_stop': 2758}"
H10,PLD3_TMEM106B_no_mCherry,12,488nm Binned,-87.0,-87.0,0.007470643670632362,0.18529206641139687,0.9402507396579192,,True,False,False,8,2,0.25,True,anchored_masked_phase_cross_correlation,H,10,"{'y_start': 510, 'y_stop': 2767, 'x_start': 2, 'x_stop': 2758}"
H10,PLD3_TMEM106B_no_mCherry,16,488nm Binned,-45.0,-24.0,0.003513664453974048,0.14022857208193282,0.9760727228164773,,True,False,False,8,2,0.25,True,anchored_masked_phase_cross_correlation,H,10,"{'y_start': 510, 'y_stop': 2767, 'x_start': 2, 'x_stop': 2758}"
H10,PLD3_TMEM106B_no_mCherry,20,488nm Binned,-71.0,-93.0,0.009740037781164288,0.11019553638355682,0.9436200492521722,,True,False,False,8,2,0.25,True,anchored_masked_phase_cross_correlation,H,10,"{'y_start': 510, 'y_stop': 2767, 'x_start': 2, 'x_stop': 2758}"
H10,PLD3_TMEM106B_no_mCherry,25,488nm Binned,81.81287237207016,1.9673813377048646,0.004421132759215053,0.3004031610255706,0.9708074853622931,,True,False,True,20,2,0.25,True,anchored_masked_phase_cross_correlation,H,10,"{'y_start': 510, 'y_stop': 2767, 'x_start': 2, 'x_stop': 2758}"
H10,PLD3_TMEM106B_no_mCherry,29,488nm Binned,53.81287237207016,-14.032618662295135,0.010034650529991862,0.251679841799638,0.9764357761047406,,True,False,False,20,2,0.25,True,anchored_masked_phase_cross_correlation,H,10,"{'y_start': 510, 'y_stop': 2767, 'x_start': 2, 'x_stop': 2758}"
H10,PLD3_TMEM106B_no_mCherry,32,488nm Binned,446.0876192277515,-105.73151208182026,0.0006617749650428056,0.19467988323329813,0.8133285590999416,,True,False,False,20,2,0.25,True,anchored_masked_phase_cross_correlation,H,10,"{'y_start': 510, 'y_stop': 2767, 'x_start': 2, 'x_stop': 2758}"
H10,PLD3_TMEM106B_no_mCherry,36,488nm Binned,-100.6413787424799,-123.59650044911541,0.0062519103410796865,0.1556730540684241,0.923326102665522,,True,False,False,20,2,0.25,True,anchored_masked_phase_cross_correlation,H,10,"{'y_start': 510, 'y_stop': 2767, 'x_start': 2, 'x_stop': 2758}"
H10,PLD3_TMEM106B_no_mCherry,39,488nm Binned,762.6814513009076,-12.429418894949777,0.006522587619603433,0.2836602070202199,0.7308906764587343,,True,True,True,36,2,0.25,True,anchored_masked_phase_cross_correlation,H,10,"{'y_start': 510, 'y_stop': 2767, 'x_start': 2, 'x_stop': 2758}"
H11,PLD3_TMEM106B_no_mCherry,8,488nm Binned,0.0,0.0,1.0,1.0,1.0,,True,False,False,8,2,0.25,True,anchored_masked_phase_cross_correlation,H,11,"{'y_start': 497, 'y_stop': 2759, 'x_start': 0, 'x_stop': 2755}"
H11,PLD3_TMEM106B_no_mCherry,12,488nm Binned,-96.0,-86.0,0.0022640419700996764,0.17525857737875752,0.9375448609092978,,True,False,False,8,2,0.25,True,anchored_masked_phase_cross_correlation,H,11,"{'y_start': 497, 'y_stop': 2759, 'x_start': 0, 'x_stop': 2755}"
H11,PLD3_TMEM106B_no_mCherry,16,488nm Binned,-47.0,-24.0,0.004881757948391666,0.1496593483889405,0.9753812083121794,,True,False,False,8,2,0.25,True,anchored_masked_phase_cross_correlation,H,11,"{'y_start': 497, 'y_stop': 2759, 'x_start': 0, 'x_stop': 2755}"
H11,PLD3_TMEM106B_no_mCherry,20,488nm Binned,-82.0,-95.0,-0.004261250667086419,0.12221031889277245,0.9392315824691834,,True,False,False,8,2,0.25,True,anchored_masked_phase_cross_correlation,H,11,"{'y_start': 497, 'y_stop': 2759, 'x_start': 0, 'x_stop': 2755}"
H11,PLD3_TMEM106B_no_mCherry,25,488nm Binned,83.21668670616327,-0.03362108366127359,-0.0006570682690675007,0.27702496808815197,0.9709730361734505,,True,False,True,20,2,0.25,True,anchored_masked_phase_cross_correlation,H,11,"{'y_start': 497, 'y_stop': 2759, 'x_start': 0, 'x_stop': 2755}"
H11,PLD3_TMEM106B_no_mCherry,29,488nm Binned,55.21668670616327,-16.033621083661274,0.006678864549112647,0.21692122610420989,0.9752644290058391,,True,False,False,20,2,0.25,True,anchored_masked_phase_cross_correlation,H,11,"{'y_start': 497, 'y_stop': 2759, 'x_start': 0, 'x_stop': 2755}"
H11,PLD3_TMEM106B_no_mCherry,32,488nm Binned,435.1750493008881,-108.72339398258009,9.101143029652211e-05,0.14772615602422828,0.8161083213460536,,True,False,False,20,2,0.25,True,anchored_masked_phase_cross_correlation,H,11,"{'y_start': 497, 'y_stop': 2759, 'x_start': 0, 'x_stop': 2755}"
H11,PLD3_TMEM106B_no_mCherry,36,488nm Binned,-108.57526223234845,-127.58013748005942,-0.0009523546834998591,0.11689840642850413,0.9193425603965644,,True,False,False,20,2,0.25,True,anchored_masked_phase_cross_correlation,H,11,"{'y_start': 497, 'y_stop': 2759, 'x_start': 0, 'x_stop': 2755}"
H11,PLD3_TMEM106B_no_mCherry,39,488nm Binned,739.9746296610901,-17.39274440540794,0.002377200475787285,0.2553430649541704,0.7374895884731857,,True,True,True,36,2,0.25,True,anchored_masked_phase_cross_correlation,H,11,"{'y_start': 497, 'y_stop': 2759, 'x_start': 0, 'x_stop': 2755}"
H12,PLD3_TMEM106B_no_mCherry,8,488nm Binned,0.0,0.0,1.0,1.0,1.0,,True,False,False,8,2,0.25,True,anchored_masked_phase_cross_correlation,H,12,"{'y_start': 482, 'y_stop': 2748, 'x_start': 0, 'x_stop': 2749}"
H12,PLD3_TMEM106B_no_mCherry,12,488nm Binned,-107.0,-88.0,0.0010168804691597735,0.17980275634682805,0.9331531116207505,,True,False,False,8,2,0.25,True,anchored_masked_phase_cross_correlation,H,12,"{'y_start': 482, 'y_stop': 2748, 'x_start': 0, 'x_stop': 2749}"
H12,PLD3_TMEM106B_no_mCherry,16,488nm Binned,-51.0,-27.0,0.010978758186322327,0.14229601322509236,0.9729707550638119,,True,False,False,8,2,0.25,True,anchored_masked_phase_cross_correlation,H,12,"{'y_start': 482, 'y_stop': 2748, 'x_start': 0, 'x_stop': 2749}"
H12,PLD3_TMEM106B_no_mCherry,20,488nm Binned,-94.0,-98.0,0.003506458698908322,0.11730455016671665,0.9341743355722453,,True,False,False,8,2,0.25,True,anchored_masked_phase_cross_correlation,H,12,"{'y_start': 482, 'y_stop': 2748, 'x_start': 0, 'x_stop': 2749}"
H12,PLD3_TMEM106B_no_mCherry,25,488nm Binned,85.62051898969139,-4.034614529653936,0.007458004708823486,0.2833996286841143,0.9687814905172634,,True,False,True,20,2,0.25,True,anchored_masked_phase_cross_correlation,H,12,"{'y_start': 482, 'y_stop': 2748, 'x_start': 0, 'x_stop': 2749}"
H12,PLD3_TMEM106B_no_mCherry,29,488nm Binned,53.62051898969139,-20.034614529653936,0.009405810008434736,0.22588995397249095,0.9744488969195212,,True,False,False,20,2,0.25,True,anchored_masked_phase_cross_correlation,H,12,"{'y_start': 482, 'y_stop': 2748, 'x_start': 0, 'x_stop': 2749}"
H12,PLD3_TMEM106B_no_mCherry,32,488nm Binned,423.2623498912667,-115.71534058007637,-0.00020027284840740044,0.14471737383052005,0.8180263936181988,,True,False,False,20,2,0.25,True,anchored_masked_phase_cross_correlation,H,12,"{'y_start': 482, 'y_stop': 2748, 'x_start': 0, 'x_stop': 2749}"
H12,PLD3_TMEM106B_no_mCherry,36,488nm Binned,-119.50940951815937,-129.5639063278286,0.0018863597995859125,0.12238780297524282,0.915036821943016,,True,False,False,20,2,0.25,True,anchored_masked_phase_cross_correlation,H,12,"{'y_start': 482, 'y_stop': 2748, 'x_start': 0, 'x_stop': 2749}"
H12,PLD3_TMEM106B_no_mCherry,39,488nm Binned,715.267243091967,-21.356352115927166,0.0017759603953931918,0.24365437084120456,0.7450148500605221,,True,True,True,36,2,0.25,True,anchored_masked_phase_cross_correlation,H,12,"{'y_start': 482, 'y_stop': 2748, 'x_start': 0, 'x_stop': 2749}"
H13,PLD3_TMEM106B_no_mCherry,8,488nm Binned,0.0,0.0,1.0,1.0,1.0,,True,False,False,8,2,0.25,True,anchored_masked_phase_cross_correlation,H,13,"{'y_start': 469, 'y_stop': 2737, 'x_start': 0, 'x_stop': 2751}"
H13,PLD3_TMEM106B_no_mCherry,12,488nm Binned,-116.0,-87.0,0.003348467465397755,0.17497787003880866,0.9304458955550498,,True,False,False,8,2,0.25,True,anchored_masked_phase_cross_correlation,H,13,"{'y_start': 469, 'y_stop': 2737, 'x_start': 0, 'x_stop': 2751}"
H13,PLD3_TMEM106B_no_mCherry,16,488nm Binned,-54.0,-27.0,-0.0006820622827696785,0.14632157396721412,0.9719345774758845,,True,False,False,8,2,0.25,True,anchored_masked_phase_cross_correlation,H,13,"{'y_start': 469, 'y_stop': 2737, 'x_start': 0, 'x_stop': 2751}"
H13,PLD3_TMEM106B_no_mCherry,20,488nm Binned,-106.0,-98.0,0.00044960444333187516,0.12764260501990457,0.9301332065070445,,True,False,False,8,2,0.25,True,anchored_masked_phase_cross_correlation,H,13,"{'y_start': 469, 'y_stop': 2737, 'x_start': 0, 'x_stop': 2751}"
H13,PLD3_TMEM106B_no_mCherry,25,488nm Binned,87.02431537356733,-3.0355990018420016,0.006571579642559684,0.2914462690666828,0.9686304726049636,,True,False,True,20,2,0.25,True,anchored_masked_phase_cross_correlation,H,13,"{'y_start': 469, 'y_stop': 2737, 'x_start': 0, 'x_stop': 2751}"
H13,PLD3_TMEM106B_no_mCherry,29,488nm Binned,54.02431537356733,-21.035599001842,0.011139299356492783,0.24674103942079487,0.9739666428631367,,True,False,False,20,2,0.25,True,anchored_masked_phase_cross_correlation,H,13,"{'y_start': 469, 'y_stop': 2737, 'x_start': 0, 'x_stop': 2751}"
H13,PLD3_TMEM106B_no_mCherry,32,488nm Binned,413.34990939359886,-112.70735198144166,0.0009596024209506417,0.1744016294047,0.8222408167780658,,True,False,False,20,2,0.25,True,anchored_masked_phase_cross_correlation,H,13,"{'y_start': 469, 'y_stop': 2737, 'x_start': 0, 'x_stop': 2751}"
H13,PLD3_TMEM106B_no_mCherry,36,488nm Binned,-130.44302930945332,-130.54780718716484,0.0035856614187162457,0.13437992816558259,0.9110693056512223,,True,False,False,20,2,0.25,True,anchored_masked_phase_cross_correlation,H,13,"{'y_start': 469, 'y_stop': 2737, 'x_start': 0, 'x_stop': 2751}"
H13,PLD3_TMEM106B_no_mCherry,39,488nm Binned,691.5609860639483,-21.320242661522116,0.0009057021699250861,0.2577905671263234,0.7532286340562475,,True,True,True,36,2,0.25,True,anchored_masked_phase_cross_correlation,H,13,"{'y_start': 469, 'y_stop': 2737, 'x_start': 0, 'x_stop': 2751}"
H14,PLD3_TMEM106B_no_mCherry,8,488nm Binned,0.0,0.0,1.0,1.0,1.0,,True,False,False,8,2,0.25,True,anchored_masked_phase_cross_correlation,H,14,"{'y_start': 456, 'y_stop': 2727, 'x_start': 0, 'x_stop': 2753}"
H14,PLD3_TMEM106B_no_mCherry,12,488nm Binned,-125.0,-88.0,0.011161754580546425,0.1936630603455793,0.9270695346525601,,True,False,False,8,2,0.25,True,anchored_masked_phase_cross_correlation,H,14,"{'y_start': 456, 'y_stop': 2727, 'x_start': 0, 'x_stop': 2753}"
H14,PLD3_TMEM106B_no_mCherry,16,488nm Binned,-56.0,-28.0,0.012018456679469089,0.15815801470912827,0.9709019255420754,,True,False,False,8,2,0.25,True,anchored_masked_phase_cross_correlation,H,14,"{'y_start': 456, 'y_stop': 2727, 'x_start': 0, 'x_stop': 2753}"
H14,PLD3_TMEM106B_no_mCherry,20,488nm Binned,-118.0,-97.0,0.0054040480960510584,0.1296548913512655,0.9264264067116783,,True,False,False,8,2,0.25,True,anchored_masked_phase_cross_correlation,H,14,"{'y_start': 456, 'y_stop': 2727, 'x_start': 0, 'x_stop': 2753}"
H14,PLD3_TMEM106B_no_mCherry,25,488nm Binned,88.42813868250823,-1.0366014229439315,0.0035492010357040314,0.30067550272063504,0.9688170226983982,,True,False,True,20,2,0.25,True,anchored_masked_phase_cross_correlation,H,14,"{'y_start': 456, 'y_stop': 2727, 'x_start': 0, 'x_stop': 2753}"
H14,PLD3_TMEM106B_no_mCherry,29,488nm Binned,53.428138682508234,-18.03660142294393,0.003991957503056364,0.23042541830757843,0.9751991857708185,,True,False,False,20,2,0.25,True,anchored_masked_phase_cross_correlation,H,14,"{'y_start': 456, 'y_stop': 2727, 'x_start': 0, 'x_stop': 2753}"
H14,PLD3_TMEM106B_no_mCherry,32,488nm Binned,402.43727473428316,-111.6992338643413,0.013556681381510234,0.136578928755831,0.8261984340996181,,True,False,False,20,2,0.25,True,anchored_masked_phase_cross_correlation,H,14,"{'y_start': 456, 'y_stop': 2727, 'x_start': 0, 'x_stop': 2753}"
H14,PLD3_TMEM106B_no_mCherry,36,488nm Binned,-140.37704468106494,-127.53144418564807,0.0054246011292550704,0.12505030013726884,0.9087634802982748,,True,False,False,20,2,0.25,True,anchored_masked_phase_cross_correlation,H,14,"{'y_start': 456, 'y_stop': 2727, 'x_start': 0, 'x_stop': 2753}"
H14,PLD3_TMEM106B_no_mCherry,39,488nm Binned,669.8538820123963,-20.283568066142834,0.0030568629183386196,0.2614723007632406,0.7610181335314652,,True,True,True,36,2,0.25,True,anchored_masked_phase_cross_correlation,H,14,"{'y_start': 456, 'y_stop': 2727, 'x_start': 0, 'x_stop': 2753}"
H15,PLD3_TMEM106B_no_mCherry,8,488nm Binned,0.0,0.0,1.0,1.0,1.0,,True,False,False,8,1,0.125,True,anchored_masked_phase_cross_correlation,H,15,"{'y_start': 444, 'y_stop': 2719, 'x_start': 0, 'x_stop': 2751}"
H15,PLD3_TMEM106B_no_mCherry,12,488nm Binned,-134.0,-90.0,0.003321757066711422,0.19166049408282929,0.9233629780057538,,True,False,False,8,1,0.125,True,anchored_masked_phase_cross_correlation,H,15,"{'y_start': 444, 'y_stop': 2719, 'x_start': 0, 'x_stop': 2751}"
H15,PLD3_TMEM106B_no_mCherry,16,488nm Binned,-58.0,-28.0,0.008080704524793245,0.17151921885792534,0.970211383632017,,True,False,False,8,1,0.125,True,anchored_masked_phase_cross_correlation,H,15,"{'y_start': 444, 'y_stop': 2719, 'x_start': 0, 'x_stop': 2751}"
H15,PLD3_TMEM106B_no_mCherry,20,488nm Binned,-126.0,-100.0,0.0038713987365151157,0.1307175895397916,0.9227312780471864,,True,False,False,8,1,0.125,True,anchored_masked_phase_cross_correlation,H,15,"{'y_start': 444, 'y_stop': 2719, 'x_start': 0, 'x_stop': 2751}"
H15,PLD3_TMEM106B_no_mCherry,25,488nm Binned,92.83192609127536,-4.037576920542051,0.013662992944885011,0.10313096471750664,0.9662695906502063,,True,False,False,8,1,0.125,True,anchored_masked_phase_cross_correlation,H,15,"{'y_start': 444, 'y_stop': 2719, 'x_start': 0, 'x_stop': 2751}"
H15,PLD3_TMEM106B_no_mCherry,29,488nm Binned,55.83192609127536,-19.03757692054205,0.008205030833926758,0.29743043304933864,0.9740240952867223,,True,False,True,25,1,0.125,True,anchored_masked_phase_cross_correlation,H,15,"{'y_start': 444, 'y_stop': 2719, 'x_start': 0, 'x_stop': 2751}"
H15,PLD3_TMEM106B_no_mCherry,32,488nm Binned,392.5248989512129,-112.69131001600908,-0.00012002979493263609,0.20507068553619087,0.8292214550591825,,True,False,False,25,1,0.125,True,anchored_masked_phase_cross_correlation,H,15,"{'y_start': 444, 'y_stop': 2719, 'x_start': 0, 'x_stop': 2751}"
H15,PLD3_TMEM106B_no_mCherry,36,488nm Binned,-148.3105326230725,-129.5154769591827,0.0021985756924400284,0.13387860040538196,0.9054642671172743,,True,False,False,25,1,0.125,True,anchored_masked_phase_cross_correlation,H,15,"{'y_start': 444, 'y_stop': 2719, 'x_start': 0, 'x_stop': 2751}"
H15,PLD3_TMEM106B_no_mCherry,39,488nm Binned,648.1479072902762,-17.247741129307542,0.00044414745862534586,0.1024752772692934,0.7693522385777413,,True,True,False,25,1,0.125,True,anchored_masked_phase_cross_correlation,H,15,"{'y_start': 444, 'y_stop': 2719, 'x_start': 0, 'x_stop': 2751}"
H16,PLD3_TMEM106B_no_mCherry,8,488nm Binned,0.0,0.0,1.0,1.0,1.0,,True,False,False,8,1,0.125,True,anchored_masked_phase_cross_correlation,H,16,"{'y_start': 427, 'y_stop': 2708, 'x_start': 0, 'x_stop': 2749}"
H16,PLD3_TMEM106B_no_mCherry,12,488nm Binned,-144.0,-89.0,1.6943189854950622e-05,0.17207582268180602,0.9203168128475808,,True,False,False,8,1,0.125,True,anchored_masked_phase_cross_correlation,H,16,"{'y_start': 427, 'y_stop': 2708, 'x_start': 0, 'x_stop': 2749}"
H16,PLD3_TMEM106B_no_mCherry,16,488nm Binned,-64.0,-28.0,0.005423643711011893,0.14801040005170163,0.9681397579018419,,True,False,False,8,1,0.125,True,anchored_masked_phase_cross_correlation,H,16,"{'y_start': 427, 'y_stop': 2708, 'x_start': 0, 'x_stop': 2749}"
H16,PLD3_TMEM106B_no_mCherry,20,488nm Binned,-142.0,-97.0,0.0016856481315690943,0.1319204443521081,0.9183412307985582,,True,False,False,8,1,0.125,True,anchored_masked_phase_cross_correlation,H,16,"{'y_start': 427, 'y_stop': 2708, 'x_start': 0, 'x_stop': 2749}"
H16,PLD3_TMEM106B_no_mCherry,25,488nm Binned,93.2357135023899,-5.038633191772533,0.01226554410147505,0.103001177349441,0.96579130197323,,True,False,False,8,1,0.125,True,anchored_masked_phase_cross_correlation,H,16,"{'y_start': 427, 'y_stop': 2708, 'x_start': 0, 'x_stop': 2749}"
H16,PLD3_TMEM106B_no_mCherry,29,488nm Binned,54.2357135023899,-19.038633191772533,0.015030343383880809,0.35850197550361884,0.974576599034458,,True,False,True,25,1,0.125,True,anchored_masked_phase_cross_correlation,H,16,"{'y_start': 427, 'y_stop': 2708, 'x_start': 0, 'x_stop': 2749}"
H16,PLD3_TMEM106B_no_mCherry,32,488nm Binned,378.61252332883123,-115.68280357560798,-0.0014627539886274657,0.1932786200481016,0.832976386458082,,True,False,False,25,1,0.125,True,anchored_masked_phase_cross_correlation,H,16,"{'y_start': 427, 'y_stop': 2708, 'x_start': 0, 'x_stop': 2749}"
H16,PLD3_TMEM106B_no_mCherry,36,488nm Binned,-159.24402027297356,-131.4983227970224,-0.006853815504534366,0.13906582736083892,0.9011712079105713,,True,False,False,25,1,0.125,True,anchored_masked_phase_cross_correlation,H,16,"{'y_start': 427, 'y_stop': 2708, 'x_start': 0, 'x_stop': 2749}"
H16,PLD3_TMEM106B_no_mCherry,39,488nm Binned,616.4419335206767,-19.209372486850043,0.000772064364750535,0.10120278130370923,0.7798038760175677,,True,True,False,25,1,0.125,True,anchored_masked_phase_cross_correlation,H,16,"{'y_start': 427, 'y_stop': 2708, 'x_start': 0, 'x_stop': 2749}"
H17,PLD3_TMEM106B_no_mCherry,8,488nm Binned,0.0,0.0,1.0,1.0,1.0,,True,False,False,8,1,0.125,True,anchored_masked_phase_cross_correlation,H,17,"{'y_start': 410, 'y_stop': 2694, 'x_start': 0, 'x_stop': 2753}"
H17,PLD3_TMEM106B_no_mCherry,12,488nm Binned,-154.0,-90.0,-0.00013426611951033922,0.19040148807614526,0.9166083110122956,,True,False,False,8,1,0.125,True,anchored_masked_phase_cross_correlation,H,17,"{'y_start': 410, 'y_stop': 2694, 'x_start': 0, 'x_stop': 2753}"
H17,PLD3_TMEM106B_no_mCherry,16,488nm Binned,-66.0,-27.0,0.004218774576286675,0.14782375092209094,0.967789867124175,,True,False,False,8,1,0.125,True,anchored_masked_phase_cross_correlation,H,17,"{'y_start': 410, 'y_stop': 2694, 'x_start': 0, 'x_stop': 2753}"
H17,PLD3_TMEM106B_no_mCherry,20,488nm Binned,-155.0,-98.0,0.003856668045488256,0.10698308034419642,0.913631929490808,,True,False,False,8,1,0.125,True,anchored_masked_phase_cross_correlation,H,17,"{'y_start': 410, 'y_stop': 2694, 'x_start': 0, 'x_stop': 2753}"
H17,PLD3_TMEM106B_no_mCherry,25,488nm Binned,92.63950090985281,-1.0395638151385356,0.007429481329873181,0.11354284999385705,0.9673481570119331,,True,False,False,8,1,0.125,True,anchored_masked_phase_cross_correlation,H,17,"{'y_start': 410, 'y_stop': 2694, 'x_start': 0, 'x_stop': 2753}"
H17,PLD3_TMEM106B_no_mCherry,29,488nm Binned,52.63950090985281,-16.039563815138536,0.005717677457578604,0.29629321624983984,0.9761559716560223,,True,False,True,25,1,0.125,True,anchored_masked_phase_cross_correlation,H,17,"{'y_start': 410, 'y_stop': 2694, 'x_start': 0, 'x_stop': 2753}"
H17,PLD3_TMEM106B_no_mCherry,32,488nm Binned,363.70014745648996,-111.67520338954273,0.004950752831600936,0.20377337321710315,0.8391863789287444,,True,False,False,25,1,0.125,True,anchored_masked_phase_cross_correlation,H,17,"{'y_start': 410, 'y_stop': 2694, 'x_start': 0, 'x_stop': 2753}"
H17,PLD3_TMEM106B_no_mCherry,36,488nm Binned,-173.17750837726135,-123.48301497927969,0.003309742989958472,0.12065943076501402,0.8991616845374127,,True,False,False,25,1,0.125,True,anchored_masked_phase_cross_correlation,H,17,"{'y_start': 410, 'y_stop': 2694, 'x_start': 0, 'x_stop': 2753}"
H17,PLD3_TMEM106B_no_mCherry,39,488nm Binned,594.7359582693794,-16.174957608698605,0.0006035626243378416,0.10741117669089562,0.788160138878561,,True,True,False,25,1,0.125,True,anchored_masked_phase_cross_correlation,H,17,"{'y_start': 410, 'y_stop': 2694, 'x_start': 0, 'x_stop': 2753}"
H18,PLD3_TMEM106B_no_mCherry,8,488nm Binned,0.0,0.0,1.0,1.0,1.0,,True,False,False,8,2,0.25,True,anchored_masked_phase_cross_correlation,H,18,"{'y_start': 396, 'y_stop': 2680, 'x_start': 0, 'x_stop': 2749}"
H18,PLD3_TMEM106B_no_mCherry,12,488nm Binned,-164.0,-91.0,0.0074890755402661005,0.1665482149446664,0.912902240662609,,True,False,False,8,2,0.25,True,anchored_masked_phase_cross_correlation,H,18,"{'y_start': 396, 'y_stop': 2680, 'x_start': 0, 'x_stop': 2749}"
H18,PLD3_TMEM106B_no_mCherry,16,488nm Binned,-71.0,-32.0,0.008672095264690698,0.14261099734691376,0.9643626881726705,,True,False,False,8,2,0.25,True,anchored_masked_phase_cross_correlation,H,18,"{'y_start': 396, 'y_stop': 2680, 'x_start': 0, 'x_stop': 2749}"
H18,PLD3_TMEM106B_no_mCherry,20,488nm Binned,-168.0,-103.0,0.0016285045898469467,0.39103470439627247,0.9076127868909858,,True,False,True,16,2,0.25,True,anchored_masked_phase_cross_correlation,H,18,"{'y_start': 396, 'y_stop': 2680, 'x_start': 0, 'x_stop': 2749}"
H18,PLD3_TMEM106B_no_mCherry,25,488nm Binned,94.04327036970699,-8.040566237810708,0.001582381317923383,0.235501259731949,0.9644978444581419,,True,False,False,16,2,0.25,True,anchored_masked_phase_cross_correlation,H,18,"{'y_start': 396, 'y_stop': 2680, 'x_start': 0, 'x_stop': 2749}"
H18,PLD3_TMEM106B_no_mCherry,29,488nm Binned,54.04327036970699,-22.040566237810708,0.016420970114106485,0.19388139960707182,0.9736162781262013,,True,False,False,16,2,0.25,True,anchored_masked_phase_cross_correlation,H,18,"{'y_start': 396, 'y_stop': 2680, 'x_start': 0, 'x_stop': 2749}"
H18,PLD3_TMEM106B_no_mCherry,32,488nm Binned,352.7879011918867,-114.66708537958039,0.0008087008199015892,0.14162717001947378,0.8419281801035284,,True,False,False,16,2,0.25,True,anchored_masked_phase_cross_correlation,H,18,"{'y_start': 396, 'y_stop': 2680, 'x_start': 0, 'x_stop': 2749}"
H18,PLD3_TMEM106B_no_mCherry,36,488nm Binned,-187.11073245841317,-132.46665217250847,0.0036905779739690105,0.1134892586109764,0.8915846761446983,,True,False,False,16,2,0.25,True,anchored_masked_phase_cross_correlation,H,18,"{'y_start': 396, 'y_stop': 2680, 'x_start': 0, 'x_stop': 2749}"
H18,PLD3_TMEM106B_no_mCherry,39,488nm Binned,568.0305486882366,-24.138283648338984,0.0015228907038151484,0.2734115192093359,0.7951924510352123,,True,True,True,36,2,0.25,True,anchored_masked_phase_cross_correlation,H,18,"{'y_start': 396, 'y_stop': 2680, 'x_start': 0, 'x_stop': 2749}"
H19,PLD3_TMEM106B_no_mCherry,8,488nm Binned,0.0,0.0,1.0,1.0,1.0,,True,False,False,8,2,0.25,True,anchored_masked_phase_cross_correlation,H,19,"{'y_start': 383, 'y_stop': 2671, 'x_start': 0, 'x_stop': 2751}"
H19,PLD3_TMEM106B_no_mCherry,12,488nm Binned,-174.0,-89.0,-0.00250639837833037,0.1634441888153756,0.9101811651289952,,True,False,False,8,2,0.25,True,anchored_masked_phase_cross_correlation,H,19,"{'y_start': 383, 'y_stop': 2671, 'x_start': 0, 'x_stop': 2751}"
H19,PLD3_TMEM106B_no_mCherry,16,488nm Binned,-74.0,-27.0,0.0015046609552682025,0.15278567203866866,0.9650267268897019,,True,False,False,8,2,0.25,True,anchored_masked_phase_cross_correlation,H,19,"{'y_start': 383, 'y_stop': 2671, 'x_start': 0, 'x_stop': 2751}"
H19,PLD3_TMEM106B_no_mCherry,20,488nm Binned,-181.0,-98.0,0.002659671206668045,0.11601691464093868,0.9048761498495397,,True,False,False,8,2,0.25,True,anchored_masked_phase_cross_correlation,H,19,"{'y_start': 383, 'y_stop': 2671, 'x_start': 0, 'x_stop': 2751}"
H19,PLD3_TMEM106B_no_mCherry,25,488nm Binned,97.44704880440895,-2.0415686602063943,0.012366925971383044,0.247423091342248,0.9653349894123818,,True,False,True,20,2,0.25,True,anchored_masked_phase_cross_correlation,H,19,"{'y_start': 383, 'y_stop': 2671, 'x_start': 0, 'x_stop': 2751}"
H19,PLD3_TMEM106B_no_mCherry,29,488nm Binned,52.44704880440895,-19.041568660206394,0.00453184271908029,0.20784776549928533,0.9751951168951676,,True,False,False,20,2,0.25,True,anchored_masked_phase_cross_correlation,H,19,"{'y_start': 383, 'y_stop': 2671, 'x_start': 0, 'x_stop': 2751}"
H19,PLD3_TMEM106B_no_mCherry,32,488nm Binned,340.8755901948316,-113.65896735173737,0.006865240178927261,0.16417535535543165,0.8462253686294346,,True,False,False,20,2,0.25,True,anchored_masked_phase_cross_correlation,H,19,"{'y_start': 383, 'y_stop': 2671, 'x_start': 0, 'x_stop': 2751}"
H19,PLD3_TMEM106B_no_mCherry,36,488nm Binned,-196.0440884213076,-128.45028933325375,-0.0013670983518366674,0.13521650461530355,0.8899183852990082,,True,False,False,20,2,0.25,True,anchored_masked_phase_cross_correlation,H,19,"{'y_start': 383, 'y_stop': 2671, 'x_start': 0, 'x_stop': 2751}"
H19,PLD3_TMEM106B_no_mCherry,39,488nm Binned,547.3248566953589,-22.101609582117817,-0.003753508631331427,0.30124800455136347,0.8029258619389671,,True,True,True,36,2,0.25,True,anchored_masked_phase_cross_correlation,H,19,"{'y_start': 383, 'y_stop': 2671, 'x_start': 0, 'x_stop': 2751}"
H20,PLD3_TMEM106B_no_mCherry,8,488nm Binned,0.0,0.0,1.0,1.0,1.0,,True,False,False,8,2,0.25,True,anchored_masked_phase_cross_correlation,H,20,"{'y_start': 372, 'y_stop': 2663, 'x_start': 0, 'x_stop': 2751}"
H20,PLD3_TMEM106B_no_mCherry,12,488nm Binned,-183.0,-89.0,-0.0007034008221028931,0.1819009700057985,0.9071404708134194,,True,False,False,8,2,0.25,True,anchored_masked_phase_cross_correlation,H,20,"{'y_start': 372, 'y_stop': 2663, 'x_start': 0, 'x_stop': 2751}"
H20,PLD3_TMEM106B_no_mCherry,16,488nm Binned,-74.0,-28.0,0.002674248993419379,0.16131629201520312,0.9646870483515501,,True,False,False,8,2,0.25,True,anchored_masked_phase_cross_correlation,H,20,"{'y_start': 372, 'y_stop': 2663, 'x_start': 0, 'x_stop': 2751}"
H20,PLD3_TMEM106B_no_mCherry,20,488nm Binned,-189.0,-99.0,0.006007193066814058,0.12717495480592508,0.9018563663101136,,True,False,False,8,2,0.25,True,anchored_masked_phase_cross_correlation,H,20,"{'y_start': 372, 'y_stop': 2663, 'x_start': 0, 'x_stop': 2751}"
H20,PLD3_TMEM106B_no_mCherry,25,488nm Binned,97.85082723911046,-4.042571082616632,0.0005779560161285899,0.26047325036270275,0.9645204067945791,,True,False,True,20,2,0.25,True,anchored_masked_phase_cross_correlation,H,20,"{'y_start': 372, 'y_stop': 2663, 'x_start': 0, 'x_stop': 2751}"
H20,PLD3_TMEM106B_no_mCherry,29,488nm Binned,55.85082723911046,-18.042571082616632,0.005725934011084839,0.24462081957512247,0.9743577262562721,,True,False,False,20,2,0.25,True,anchored_masked_phase_cross_correlation,H,20,"{'y_start': 372, 'y_stop': 2663, 'x_start': 0, 'x_stop': 2751}"
H20,PLD3_TMEM106B_no_mCherry,32,488nm Binned,332.96327919777605,-113.65084932390891,0.005987619704535231,0.16266569899330002,0.8488773635102955,,True,False,False,20,2,0.25,True,anchored_masked_phase_cross_correlation,H,20,"{'y_start': 372, 'y_stop': 2663, 'x_start': 0, 'x_stop': 2751}"
H20,PLD3_TMEM106B_no_mCherry,36,488nm Binned,-204.9774443842034,-128.43392649402085,0.0020466679143183028,0.14989787466724197,0.8869483501818539,,True,False,False,20,2,0.25,True,anchored_masked_phase_cross_correlation,H,20,"{'y_start': 372, 'y_stop': 2663, 'x_start': 0, 'x_stop': 2751}"
H20,PLD3_TMEM106B_no_mCherry,39,488nm Binned,525.6191647024807,-22.064935515911202,-0.002834536124911139,0.2478607117778697,0.8104462157268415,,True,True,True,36,2,0.25,True,anchored_masked_phase_cross_correlation,H,20,"{'y_start': 372, 'y_stop': 2663, 'x_start': 0, 'x_stop': 2751}"
I06,PLD3_mCherry_reporter_control,8,488nm Binned,0.0,0.0,1.0,1.0,1.0,,True,False,False,8,2,0.25,True,anchored_masked_phase_cross_correlation,I,06,"{'y_start': 569, 'y_stop': 2812, 'x_start': 10, 'x_stop': 2767}"
I06,PLD3_mCherry_reporter_control,12,488nm Binned,-48.0,-76.0,0.00188340444694703,0.17320222115399755,0.9572077986496501,,True,False,False,8,2,0.25,True,anchored_masked_phase_cross_correlation,I,06,"{'y_start': 569, 'y_stop': 2812, 'x_start': 10, 'x_stop': 2767}"
I06,PLD3_mCherry_reporter_control,16,488nm Binned,-32.0,-21.0,0.01265357369902324,0.14496393432227217,0.9816019210681419,,True,False,False,8,2,0.25,True,anchored_masked_phase_cross_correlation,I,06,"{'y_start': 569, 'y_stop': 2812, 'x_start': 10, 'x_stop': 2767}"
I06,PLD3_mCherry_reporter_control,20,488nm Binned,-20.0,-81.0,1.6304508273565846e-05,0.1180035876067616,0.9649807718118847,,True,False,False,8,2,0.25,True,anchored_masked_phase_cross_correlation,I,06,"{'y_start': 569, 'y_stop': 2812, 'x_start': 10, 'x_stop': 2767}"
I06,PLD3_mCherry_reporter_control,25,488nm Binned,77.19870720684094,-0.6248395143920789,0.0047656373307369045,0.33868782922319773,0.9728707364880189,,True,False,True,20,2,0.25,True,anchored_masked_phase_cross_correlation,I,06,"{'y_start': 569, 'y_stop': 2812, 'x_start': 10, 'x_stop': 2767}"
I06,PLD3_mCherry_reporter_control,29,488nm Binned,54.198707206840936,-16.62483951439208,0.008868076681131376,0.28913363503910255,0.975415141251406,,True,False,False,20,2,0.25,True,anchored_masked_phase_cross_correlation,I,06,"{'y_start': 569, 'y_stop': 2812, 'x_start': 10, 'x_stop': 2767}"
I06,PLD3_mCherry_reporter_control,32,488nm Binned,494.72913360070834,-95.6762305648881,0.005093207091150869,0.1566076522829585,0.7998949639832084,,True,False,False,20,2,0.25,True,anchored_masked_phase_cross_correlation,I,06,"{'y_start': 569, 'y_stop': 2812, 'x_start': 10, 'x_stop': 2767}"
I06,PLD3_mCherry_reporter_control,36,488nm Binned,-55.923526407219924,-118.59517608197348,-0.0007098496007049152,0.15224155618829854,0.939955997614516,,True,False,False,20,2,0.25,True,anchored_masked_phase_cross_correlation,I,06,"{'y_start': 569, 'y_stop': 2812, 'x_start': 10, 'x_stop': 2767}"
I06,PLD3_mCherry_reporter_control,39,488nm Binned,861.4692397824629,9.718474624067312,0.00029406858868687684,0.2593053096169511,0.6972564334711878,,True,True,True,36,2,0.25,True,anchored_masked_phase_cross_correlation,I,06,"{'y_start': 569, 'y_stop': 2812, 'x_start': 10, 'x_stop': 2767}"
I05,PLD3_mCherry_reporter_control,8,488nm Binned,0.0,0.0,1.0,1.0,1.0,,True,False,False,8,2,0.25,True,anchored_masked_phase_cross_correlation,I,05,"{'y_start': 583, 'y_stop': 2821, 'x_start': 15, 'x_stop': 2766}"
I05,PLD3_mCherry_reporter_control,12,488nm Binned,-41.0,-76.0,0.00035775229583959807,0.17102809934654672,0.9595838463767947,,True,False,False,8,2,0.25,True,anchored_masked_phase_cross_correlation,I,05,"{'y_start': 583, 'y_stop': 2821, 'x_start': 15, 'x_stop': 2766}"
I05,PLD3_mCherry_reporter_control,16,488nm Binned,-29.0,-22.0,0.011168687843656282,0.15655670911820474,0.982295137612359,,True,False,False,8,2,0.25,True,anchored_masked_phase_cross_correlation,I,05,"{'y_start': 583, 'y_stop': 2821, 'x_start': 15, 'x_stop': 2766}"
I05,PLD3_mCherry_reporter_control,20,488nm Binned,-9.0,-83.0,0.0036049388617969314,0.1285332918554353,0.9680127127793048,,True,False,False,8,2,0.25,True,anchored_masked_phase_cross_correlation,I,05,"{'y_start': 583, 'y_stop': 2821, 'x_start': 15, 'x_stop': 2766}"
I05,PLD3_mCherry_reporter_control,25,488nm Binned,74.79485697048722,-1.6237383707484696,0.0012794922618059588,0.3103572494600141,0.9733695084703881,,True,False,True,20,2,0.25,True,anchored_masked_phase_cross_correlation,I,05,"{'y_start': 583, 'y_stop': 2821, 'x_start': 15, 'x_stop': 2766}"
I05,PLD3_mCherry_reporter_control,29,488nm Binned,55.79485697048722,-17.62373837074847,0.011394602900579058,0.23360442204569382,0.9745203143963177,,True,False,False,20,2,0.25,True,anchored_masked_phase_cross_correlation,I,05,"{'y_start': 583, 'y_stop': 2821, 'x_start': 15, 'x_stop': 2766}"
I05,PLD3_mCherry_reporter_control,32,488nm Binned,507.6419622609833,-98.68506079252256,0.0013847007357835099,0.13446433530284746,0.7946793716395781,,True,True,False,20,2,0.25,True,anchored_masked_phase_cross_correlation,I,05,"{'y_start': 583, 'y_stop': 2821, 'x_start': 15, 'x_stop': 2766}"
I05,PLD3_mCherry_reporter_control,36,488nm Binned,-46.98911574739623,-113.61298988003546,-0.0019033369078547194,0.13303496038541787,0.9446510885022348,,True,False,False,20,2,0.25,True,anchored_masked_phase_cross_correlation,I,05,"{'y_start': 583, 'y_stop': 2821, 'x_start': 15, 'x_stop': 2766}"
I05,PLD3_mCherry_reporter_control,39,488nm Binned,882.1771899050286,14.678693182089773,0.004748300422930065,0.2383714315814822,0.688863034368684,,True,True,True,36,2,0.25,True,anchored_masked_phase_cross_correlation,I,05,"{'y_start': 583, 'y_stop': 2821, 'x_start': 15, 'x_stop': 2766}"
I07,PLD3_mCherry_reporter_control,8,488nm Binned,0.0,0.0,1.0,1.0,1.0,,True,False,False,8,2,0.25,True,anchored_masked_phase_cross_correlation,I,07,"{'y_start': 554, 'y_stop': 2802, 'x_start': 12, 'x_stop': 2768}"
I07,PLD3_mCherry_reporter_control,12,488nm Binned,-60.0,-76.0,0.012010861099198107,0.1697212316411663,0.9531345739745453,,True,False,False,8,2,0.25,True,anchored_masked_phase_cross_correlation,I,07,"{'y_start': 554, 'y_stop': 2802, 'x_start': 12, 'x_stop': 2768}"
I07,PLD3_mCherry_reporter_control,16,488nm Binned,-35.0,-24.0,0.0068812574874963514,0.14021743739773734,0.9795302953379668,,True,False,False,8,2,0.25,True,anchored_masked_phase_cross_correlation,I,07,"{'y_start': 554, 'y_stop': 2802, 'x_start': 12, 'x_stop': 2768}"
I07,PLD3_mCherry_reporter_control,20,488nm Binned,-35.0,-84.0,0.0016594327312713555,0.10939727465948273,0.9588650992337903,,True,False,False,8,2,0.25,True,anchored_masked_phase_cross_correlation,I,07,"{'y_start': 554, 'y_stop': 2802, 'x_start': 12, 'x_stop': 2768}"
I07,PLD3_mCherry_reporter_control,25,488nm Binned,78.60254846547787,-2.6258419349687756,0.008227559226432105,0.3195398090465204,0.971702780817071,,True,False,True,20,2,0.25,True,anchored_masked_phase_cross_correlation,I,07,"{'y_start': 554, 'y_stop': 2802, 'x_start': 12, 'x_stop': 2768}"
I07,PLD3_mCherry_reporter_control,29,488nm Binned,55.60254846547787,-18.625841934968776,0.00592912909475996,0.24242222855308865,0.9742443210964467,,True,False,False,20,2,0.25,True,anchored_masked_phase_cross_correlation,I,07,"{'y_start': 554, 'y_stop': 2802, 'x_start': 12, 'x_stop': 2768}"
I07,PLD3_mCherry_reporter_control,32,488nm Binned,482.81636947648894,-95.66811241207324,-0.0036280878152051004,0.16378137325671754,0.8039124349885269,,True,False,False,20,2,0.25,True,anchored_masked_phase_cross_correlation,I,07,"{'y_start': 554, 'y_stop': 2802, 'x_start': 12, 'x_stop': 2768}"
I07,PLD3_mCherry_reporter_control,36,488nm Binned,-65.85780554231815,-114.57881301553425,0.0044720878165173655,0.1437259428185309,0.9380036442088489,,True,False,False,20,2,0.25,True,anchored_masked_phase_cross_correlation,I,07,"{'y_start': 554, 'y_stop': 2802, 'x_start': 12, 'x_stop': 2768}"
I07,PLD3_mCherry_reporter_control,39,488nm Binned,834.7615709074403,11.755149431119207,0.009535406792663424,0.2300466179447663,0.7060337306714383,,True,True,True,36,2,0.25,True,anchored_masked_phase_cross_correlation,I,07,"{'y_start': 554, 'y_stop': 2802, 'x_start': 12, 'x_stop': 2768}"
I08,PLD3_mCherry_reporter_control,8,488nm Binned,0.0,0.0,1.0,1.0,1.0,,True,False,False,8,2,0.25,True,anchored_masked_phase_cross_correlation,I,08,"{'y_start': 536, 'y_stop': 2786, 'x_start': 5, 'x_stop': 2762}"
I08,PLD3_mCherry_reporter_control,12,488nm Binned,-71.0,-79.0,0.004730941140080658,0.16644070792151727,0.9483806549060572,,True,False,False,8,2,0.25,True,anchored_masked_phase_cross_correlation,I,08,"{'y_start': 536, 'y_stop': 2786, 'x_start': 5, 'x_stop': 2762}"
I08,PLD3_mCherry_reporter_control,16,488nm Binned,-39.0,-24.0,0.010990625926962472,0.14644871967328493,0.978147266329371,,True,False,False,8,2,0.25,True,anchored_masked_phase_cross_correlation,I,08,"{'y_start': 536, 'y_stop': 2786, 'x_start': 5, 'x_stop': 2762}"
I08,PLD3_mCherry_reporter_control,20,488nm Binned,-50.0,-87.0,0.005593403076907067,0.1165366936196983,0.9527603683408904,,True,False,False,8,2,0.25,True,anchored_masked_phase_cross_correlation,I,08,"{'y_start': 536, 'y_stop': 2786, 'x_start': 5, 'x_stop': 2762}"
I08,PLD3_mCherry_reporter_control,25,488nm Binned,77.00638074900598,-5.6268353809573455,0.002761484628487549,0.31533075591389753,0.971240538891007,,True,False,True,20,2,0.25,True,anchored_masked_phase_cross_correlation,I,08,"{'y_start': 536, 'y_stop': 2786, 'x_start': 5, 'x_stop': 2762}"
I08,PLD3_mCherry_reporter_control,29,488nm Binned,52.006380749005984,-20.626835380957345,0.01736143919302394,0.24216631967588254,0.9748050268525652,,True,False,False,20,2,0.25,True,anchored_masked_phase_cross_correlation,I,08,"{'y_start': 536, 'y_stop': 2786, 'x_start': 5, 'x_stop': 2762}"
I08,PLD3_mCherry_reporter_control,32,488nm Binned,467.90367006686756,-101.66005900955861,0.01006543427077674,0.15564245800742435,0.8071902846246706,,True,False,False,20,2,0.25,True,anchored_masked_phase_cross_correlation,I,08,"{'y_start': 536, 'y_stop': 2786, 'x_start': 5, 'x_stop': 2762}"
I08,PLD3_mCherry_reporter_control,36,488nm Binned,-81.79195282812907,-121.56258186329796,0.01583241094402638,0.11884749830950395,0.9303041442564439,,True,False,False,20,2,0.25,True,anchored_masked_phase_cross_correlation,I,08,"{'y_start': 536, 'y_stop': 2786, 'x_start': 5, 'x_stop': 2762}"
I08,PLD3_mCherry_reporter_control,39,488nm Binned,805.0541843383185,4.791541720605892,0.0042042725570300655,0.21528833745630138,0.7180959800217728,,True,True,True,36,2,0.25,True,anchored_masked_phase_cross_correlation,I,08,"{'y_start': 536, 'y_stop': 2786, 'x_start': 5, 'x_stop': 2762}"
I09,PLD3_mCherry_reporter_control,8,488nm Binned,0.0,0.0,1.0,1.0,1.0,,True,False,False,8,2,0.25,True,anchored_masked_phase_cross_correlation,I,09,"{'y_start': 525, 'y_stop': 2777, 'x_start': 13, 'x_stop': 2770}"
I09,PLD3_mCherry_reporter_control,12,488nm Binned,-78.0,-75.0,5.447732299254906e-05,0.1798987168775072,0.9473639292029201,,True,False,False,8,2,0.25,True,anchored_masked_phase_cross_correlation,I,09,"{'y_start': 525, 'y_stop': 2777, 'x_start': 13, 'x_stop': 2770}"
I09,PLD3_mCherry_reporter_control,16,488nm Binned,-42.0,-20.0,0.010287286135795222,0.1523706014769468,0.9784842702333643,,True,False,False,8,2,0.25,True,anchored_masked_phase_cross_correlation,I,09,"{'y_start': 525, 'y_stop': 2777, 'x_start': 13, 'x_stop': 2770}"
I09,PLD3_mCherry_reporter_control,20,488nm Binned,-59.0,-81.0,0.011572918420235216,0.12026251999466141,0.951766498602382,,True,False,False,8,2,0.25,True,anchored_masked_phase_cross_correlation,I,09,"{'y_start': 525, 'y_stop': 2777, 'x_start': 13, 'x_stop': 2770}"
I09,PLD3_mCherry_reporter_control,25,488nm Binned,80.41021303253456,-0.6278288269531913,0.0082173291620255,0.26308623799437536,0.9717501954667276,,True,False,True,20,2,0.25,True,anchored_masked_phase_cross_correlation,I,09,"{'y_start': 525, 'y_stop': 2777, 'x_start': 13, 'x_stop': 2770}"
I09,PLD3_mCherry_reporter_control,29,488nm Binned,52.41021303253456,-17.62782882695319,0.009341001702585212,0.22456376676728518,0.9756918031473041,,True,False,False,20,2,0.25,True,anchored_masked_phase_cross_correlation,I,09,"{'y_start': 525, 'y_stop': 2777, 'x_start': 13, 'x_stop': 2770}"
I09,PLD3_mCherry_reporter_control,32,488nm Binned,458.9909706572462,-93.65200560706216,0.0009543838337733613,0.1722561469581147,0.8125331130688882,,True,False,False,20,2,0.25,True,anchored_masked_phase_cross_correlation,I,09,"{'y_start': 525, 'y_stop': 2777, 'x_start': 13, 'x_stop': 2770}"
I09,PLD3_mCherry_reporter_control,36,488nm Binned,-90.72610011393999,-114.54635071107259,0.011454845383756893,0.10093206733544154,0.9296900627513138,,True,False,False,20,2,0.25,True,anchored_masked_phase_cross_correlation,I,09,"{'y_start': 525, 'y_stop': 2777, 'x_start': 13, 'x_stop': 2770}"
I09,PLD3_mCherry_reporter_control,39,488nm Binned,786.3467977691957,12.8279340100853,0.0032180416721424273,0.24954373717426237,0.7225740671955448,,True,True,True,36,2,0.25,True,anchored_masked_phase_cross_correlation,I,09,"{'y_start': 525, 'y_stop': 2777, 'x_start': 13, 'x_stop': 2770}"
I10,PLD3_mCherry_reporter_control,8,488nm Binned,0.0,0.0,1.0,1.0,1.0,,True,False,False,8,2,0.25,True,anchored_masked_phase_cross_correlation,I,10,"{'y_start': 511, 'y_stop': 2769, 'x_start': 7, 'x_stop': 2765}"
I10,PLD3_mCherry_reporter_control,12,488nm Binned,-89.0,-76.0,0.0017386258850183016,0.16155007323269405,0.9432909476763751,,True,False,False,8,2,0.25,True,anchored_masked_phase_cross_correlation,I,10,"{'y_start': 511, 'y_stop': 2769, 'x_start': 7, 'x_stop': 2765}"
I10,PLD3_mCherry_reporter_control,16,488nm Binned,-46.0,-23.0,0.003004291365806299,0.14069512164273731,0.9760700481823186,,True,False,False,8,2,0.25,True,anchored_masked_phase_cross_correlation,I,10,"{'y_start': 511, 'y_stop': 2769, 'x_start': 7, 'x_stop': 2765}"
I10,PLD3_mCherry_reporter_control,20,488nm Binned,-69.0,-83.0,0.010146978938812903,0.11531737577525307,0.947697650601355,,True,False,False,8,2,0.25,True,anchored_masked_phase_cross_correlation,I,10,"{'y_start': 511, 'y_stop': 2769, 'x_start': 7, 'x_stop': 2765}"
I10,PLD3_mCherry_reporter_control,25,488nm Binned,83.81403634147546,-3.628831248053757,0.0029604458896504097,0.31585693351399385,0.9695478315461101,,True,False,True,20,2,0.25,True,anchored_masked_phase_cross_correlation,I,10,"{'y_start': 511, 'y_stop': 2769, 'x_start': 7, 'x_stop': 2765}"
I10,PLD3_mCherry_reporter_control,29,488nm Binned,53.81403634147546,-17.628831248053757,0.006943382221221154,0.24924427313760242,0.9752049905656742,,True,False,False,20,2,0.25,True,anchored_masked_phase_cross_correlation,I,10,"{'y_start': 511, 'y_stop': 2769, 'x_start': 7, 'x_stop': 2765}"
I10,PLD3_mCherry_reporter_control,32,488nm Binned,447.07833599793094,-98.6438874899577,0.007228993086116422,0.2023337541360815,0.815081898284163,,True,False,False,20,2,0.25,True,anchored_masked_phase_cross_correlation,I,10,"{'y_start': 511, 'y_stop': 2769, 'x_start': 7, 'x_stop': 2765}"
I10,PLD3_mCherry_reporter_control,36,488nm Binned,-98.66011548555161,-117.5299877095531,-0.0018286655676872416,0.12276405681913077,0.9260296254876198,,True,False,False,20,2,0.25,True,anchored_masked_phase_cross_correlation,I,10,"{'y_start': 511, 'y_stop': 2769, 'x_start': 7, 'x_stop': 2765}"
I10,PLD3_mCherry_reporter_control,39,488nm Binned,762.6396937176423,6.864608605465037,0.001967636997381672,0.2580531980352331,0.7323295290238766,,True,True,True,36,2,0.25,True,anchored_masked_phase_cross_correlation,I,10,"{'y_start': 511, 'y_stop': 2769, 'x_start': 7, 'x_stop': 2765}"
I11,PLD3_mCherry_reporter_control,8,488nm Binned,0.0,0.0,1.0,1.0,1.0,,True,False,False,8,2,0.25,True,anchored_masked_phase_cross_correlation,I,11,"{'y_start': 494, 'y_stop': 2754, 'x_start': 9, 'x_stop': 2765}"
I11,PLD3_mCherry_reporter_control,12,488nm Binned,-96.0,-78.0,0.0025892849315213586,0.18836458373493373,0.9402408921412441,,True,False,False,8,2,0.25,True,anchored_masked_phase_cross_correlation,I,11,"{'y_start': 494, 'y_stop': 2754, 'x_start': 9, 'x_stop': 2765}"
I11,PLD3_mCherry_reporter_control,16,488nm Binned,-47.0,-23.0,0.007371765261139652,0.1535183276712345,0.9757241693558898,,True,False,False,8,2,0.25,True,anchored_masked_phase_cross_correlation,I,11,"{'y_start': 494, 'y_stop': 2754, 'x_start': 9, 'x_stop': 2765}"
I11,PLD3_mCherry_reporter_control,20,488nm Binned,-84.0,-84.0,-0.0011300551186284057,0.1195618450946198,0.942280422261515,,True,False,False,8,2,0.25,True,anchored_masked_phase_cross_correlation,I,11,"{'y_start': 494, 'y_stop': 2754, 'x_start': 9, 'x_stop': 2765}"
I11,PLD3_mCherry_reporter_control,25,488nm Binned,83.21785067530755,-3.629824694569834,0.008214641658275427,0.2679836672506076,0.9697551072441496,,True,False,True,20,2,0.25,True,anchored_masked_phase_cross_correlation,I,11,"{'y_start': 494, 'y_stop': 2754, 'x_start': 9, 'x_stop': 2765}"
I11,PLD3_mCherry_reporter_control,29,488nm Binned,52.217850675307545,-17.629824694569834,0.0038190860212354944,0.24479024792333676,0.9757577796102092,,True,False,False,20,2,0.25,True,anchored_masked_phase_cross_correlation,I,11,"{'y_start': 494, 'y_stop': 2754, 'x_start': 9, 'x_stop': 2765}"
I11,PLD3_mCherry_reporter_control,32,488nm Binned,434.16576605321325,-98.63583412316439,-0.0040730977898582685,0.14823438465037517,0.8194317172192619,,True,False,False,20,2,0.25,True,anchored_masked_phase_cross_correlation,I,11,"{'y_start': 494, 'y_stop': 2754, 'x_start': 9, 'x_stop': 2765}"
I11,PLD3_mCherry_reporter_control,36,488nm Binned,-113.59399900787594,-115.51375662223109,0.0010209348398181853,0.12391433371329907,0.921711102845032,,True,False,False,20,2,0.25,True,anchored_masked_phase_cross_correlation,I,11,"{'y_start': 494, 'y_stop': 2754, 'x_start': 9, 'x_stop': 2765}"
I11,PLD3_mCherry_reporter_control,39,488nm Binned,732.9328719719892,8.901000683281381,-0.0003322748776939545,0.23594672409954165,0.7421341792494717,,True,True,True,36,2,0.25,True,anchored_masked_phase_cross_correlation,I,11,"{'y_start': 494, 'y_stop': 2754, 'x_start': 9, 'x_stop': 2765}"
I12,PLD3_mCherry_reporter_control,8,488nm Binned,0.0,0.0,1.0,1.0,1.0,,True,False,False,8,2,0.25,True,anchored_masked_phase_cross_correlation,I,12,"{'y_start': 481, 'y_stop': 2746, 'x_start': 9, 'x_stop': 2767}"
I12,PLD3_mCherry_reporter_control,12,488nm Binned,-106.0,-77.0,0.004734370316214858,0.1623183938867196,0.937184757892116,,True,False,False,8,2,0.25,True,anchored_masked_phase_cross_correlation,I,12,"{'y_start': 481, 'y_stop': 2746, 'x_start': 9, 'x_stop': 2767}"
I12,PLD3_mCherry_reporter_control,16,488nm Binned,-54.0,-22.0,0.009080319115623932,0.12434209482221042,0.9736451275946383,,True,False,False,8,2,0.25,True,anchored_masked_phase_cross_correlation,I,12,"{'y_start': 481, 'y_stop': 2746, 'x_start': 9, 'x_stop': 2767}"
I12,PLD3_mCherry_reporter_control,20,488nm Binned,-96.0,-83.0,0.004198059194222313,0.10101496323483773,0.9385558726212776,,True,False,False,8,2,0.25,True,anchored_masked_phase_cross_correlation,I,12,"{'y_start': 481, 'y_stop': 2746, 'x_start': 9, 'x_stop': 2767}"
I12,PLD3_mCherry_reporter_control,25,488nm Binned,84.6216560342923,-1.6308181413437524,0.0008680648103779412,0.2994799727280682,0.9699426931178364,,True,False,True,20,2,0.25,True,anchored_masked_phase_cross_correlation,I,12,"{'y_start': 481, 'y_stop': 2746, 'x_start': 9, 'x_stop': 2767}"
I12,PLD3_mCherry_reporter_control,29,488nm Binned,52.6216560342923,-15.630818141343752,0.004401479859540054,0.26177713684417003,0.9763020634073142,,True,False,False,20,2,0.25,True,anchored_masked_phase_cross_correlation,I,12,"{'y_start': 481, 'y_stop': 2746, 'x_start': 9, 'x_stop': 2767}"
I12,PLD3_mCherry_reporter_control,32,488nm Binned,422.25326084094786,-97.62778077422263,0.001971481228017998,0.1645949883816725,0.823742195104869,,True,False,False,20,2,0.25,True,anchored_masked_phase_cross_correlation,I,12,"{'y_start': 481, 'y_stop': 2746, 'x_start': 9, 'x_stop': 2767}"
I12,PLD3_mCherry_reporter_control,36,488nm Binned,-121.52775064845673,-113.49752556736803,-0.003188620039760974,0.14353130503299347,0.9197294396981095,,True,False,False,20,2,0.25,True,anchored_masked_phase_cross_correlation,I,12,"{'y_start': 481, 'y_stop': 2746, 'x_start': 9, 'x_stop': 2767}"
I12,PLD3_mCherry_reporter_control,39,488nm Binned,713.2263326380721,8.937392655258009,-0.0029039272678632677,0.2425103434885868,0.7489744990222492,,True,True,True,36,2,0.25,True,anchored_masked_phase_cross_correlation,I,12,"{'y_start': 481, 'y_stop': 2746, 'x_start': 9, 'x_stop': 2767}"
I14,PLD3_mCherry_reporter_control,8,488nm Binned,0.0,0.0,1.0,1.0,1.0,,True,False,False,8,2,0.25,True,anchored_masked_phase_cross_correlation,I,14,"{'y_start': 450, 'y_stop': 2721, 'x_start': 4, 'x_stop': 2761}"
I14,PLD3_mCherry_reporter_control,12,488nm Binned,-126.0,-79.0,-0.0008574297284909618,0.1670992635541622,0.9297317682346831,,True,False,False,8,2,0.25,True,anchored_masked_phase_cross_correlation,I,14,"{'y_start': 450, 'y_stop': 2721, 'x_start': 4, 'x_stop': 2761}"
I14,PLD3_mCherry_reporter_control,16,488nm Binned,-59.0,-24.0,0.00607124061904494,0.1614495269121042,0.971232121286392,,True,False,False,8,2,0.25,True,anchored_masked_phase_cross_correlation,I,14,"{'y_start': 450, 'y_stop': 2721, 'x_start': 4, 'x_stop': 2761}"
I14,PLD3_mCherry_reporter_control,20,488nm Binned,-121.0,-86.0,-0.0005899759471354456,0.11974694299928149,0.9290893697394809,,True,False,False,8,2,0.25,True,anchored_masked_phase_cross_correlation,I,14,"{'y_start': 450, 'y_stop': 2721, 'x_start': 4, 'x_stop': 2761}"
I14,PLD3_mCherry_reporter_control,25,488nm Binned,86.42923982745697,-5.632796060830515,0.004412087388174034,0.28797618937834585,0.9679594534402156,,True,False,True,20,2,0.25,True,anchored_masked_phase_cross_correlation,I,14,"{'y_start': 450, 'y_stop': 2721, 'x_start': 4, 'x_stop': 2761}"
I14,PLD3_mCherry_reporter_control,29,488nm Binned,50.42923982745697,-19.632796060830515,0.007960727687221185,0.2312801453993479,0.9756914838740746,,True,False,False,20,2,0.25,True,anchored_masked_phase_cross_correlation,I,14,"{'y_start': 450, 'y_stop': 2721, 'x_start': 4, 'x_stop': 2761}"
I14,PLD3_mCherry_reporter_control,32,488nm Binned,395.42844459591834,-102.61173886235702,-0.0027698404100460414,0.16189217667060968,0.8312787710563359,,True,False,False,20,2,0.25,True,anchored_masked_phase_cross_correlation,I,14,"{'y_start': 450, 'y_stop': 2721, 'x_start': 4, 'x_stop': 2761}"
I14,PLD3_mCherry_reporter_control,36,488nm Binned,-146.39485831684578,-120.46519543675458,-0.0005576871284142137,0.10371610837245514,0.9090965828694969,,True,False,False,20,2,0.25,True,anchored_masked_phase_cross_correlation,I,14,"{'y_start': 450, 'y_stop': 2721, 'x_start': 4, 'x_stop': 2761}"
I14,PLD3_mCherry_reporter_control,39,488nm Binned,663.8141010996037,3.009893869966618,0.006643343681938665,0.24207806816609367,0.7677380269297934,,True,True,True,36,2,0.25,True,anchored_masked_phase_cross_correlation,I,14,"{'y_start': 450, 'y_stop': 2721, 'x_start': 4, 'x_stop': 2761}"
I13,PLD3_mCherry_reporter_control,8,488nm Binned,0.0,0.0,1.0,1.0,1.0,,True,False,False,8,2,0.25,True,anchored_masked_phase_cross_correlation,I,13,"{'y_start': 472, 'y_stop': 2739, 'x_start': 5, 'x_stop': 2762}"
I13,PLD3_mCherry_reporter_control,12,488nm Binned,-118.0,-79.0,0.0011997394214856324,0.17077692496083935,0.9324443335687012,,True,False,False,8,2,0.25,True,anchored_masked_phase_cross_correlation,I,13,"{'y_start': 472, 'y_stop': 2739, 'x_start': 5, 'x_stop': 2762}"
I13,PLD3_mCherry_reporter_control,16,488nm Binned,-55.0,-25.0,0.006730928531312133,0.1388345236837436,0.972273161845517,,True,False,False,8,2,0.25,True,anchored_masked_phase_cross_correlation,I,13,"{'y_start': 472, 'y_stop': 2739, 'x_start': 5, 'x_stop': 2762}"
I13,PLD3_mCherry_reporter_control,20,488nm Binned,-101.0,-87.0,0.00395955883149328,0.11421010263106482,0.9355173666427409,,True,False,False,8,2,0.25,True,anchored_masked_phase_cross_correlation,I,13,"{'y_start': 472, 'y_stop': 2739, 'x_start': 5, 'x_stop': 2762}"
I13,PLD3_mCherry_reporter_control,25,488nm Binned,92.02545241842881,-6.631811588379605,-0.004909780692361959,0.28756393953157405,0.9656748712638094,,True,False,True,20,2,0.25,True,anchored_masked_phase_cross_correlation,I,13,"{'y_start': 472, 'y_stop': 2739, 'x_start': 5, 'x_stop': 2762}"
I13,PLD3_mCherry_reporter_control,29,488nm Binned,58.02545241842881,-21.631811588379605,0.003842625071653871,0.21214841060905898,0.9723781002028005,,True,False,False,20,2,0.25,True,anchored_masked_phase_cross_correlation,I,13,"{'y_start': 472, 'y_stop': 2739, 'x_start': 5, 'x_stop': 2762}"
I13,PLD3_mCherry_reporter_control,32,488nm Binned,416.3408203611343,-102.61972744313562,0.004538495561294532,0.1524164415372727,0.824245647447021,,True,False,False,20,2,0.25,True,anchored_masked_phase_cross_correlation,I,13,"{'y_start': 472, 'y_stop': 2739, 'x_start': 5, 'x_stop': 2762}"
I13,PLD3_mCherry_reporter_control,36,488nm Binned,-128.46137040729445,-118.48129454496075,-0.002052283759285617,0.1279651268556121,0.915747650988181,,True,False,False,20,2,0.25,True,anchored_masked_phase_cross_correlation,I,13,"{'y_start': 472, 'y_stop': 2739, 'x_start': 5, 'x_stop': 2762}"
I13,PLD3_mCherry_reporter_control,39,488nm Binned,692.5200757158891,4.973784521398102,0.003494907574428291,0.24858479286772378,0.7572200599595612,,True,True,True,36,2,0.25,True,anchored_masked_phase_cross_correlation,I,13,"{'y_start': 472, 'y_stop': 2739, 'x_start': 5, 'x_stop': 2762}"
I16,PLD3_mCherry_reporter_control,8,488nm Binned,0.0,0.0,1.0,1.0,1.0,,True,False,False,8,2,0.25,True,anchored_masked_phase_cross_correlation,I,16,"{'y_start': 427, 'y_stop': 2705, 'x_start': 3, 'x_stop': 2762}"
I16,PLD3_mCherry_reporter_control,12,488nm Binned,-144.0,-80.0,0.0026291866838362866,0.1844120893347608,0.9232973278945863,,True,False,False,8,2,0.25,True,anchored_masked_phase_cross_correlation,I,16,"{'y_start': 427, 'y_stop': 2705, 'x_start': 3, 'x_stop': 2762}"
I16,PLD3_mCherry_reporter_control,16,488nm Binned,-64.0,-25.0,0.006127167566416655,0.1557185566413441,0.9691624407446959,,True,False,False,8,2,0.25,True,anchored_masked_phase_cross_correlation,I,16,"{'y_start': 427, 'y_stop': 2705, 'x_start': 3, 'x_stop': 2762}"
I16,PLD3_mCherry_reporter_control,20,488nm Binned,-145.0,-86.0,0.0009544727229344889,0.11529381723286422,0.9209720982164566,,True,False,False,8,2,0.25,True,anchored_masked_phase_cross_correlation,I,16,"{'y_start': 427, 'y_stop': 2705, 'x_start': 3, 'x_stop': 2762}"
I16,PLD3_mCherry_reporter_control,25,488nm Binned,90.23681464707761,-6.634818854810874,0.004037701712838914,0.24619702663195758,0.9662960669305074,,True,False,True,20,2,0.25,True,anchored_masked_phase_cross_correlation,I,16,"{'y_start': 427, 'y_stop': 2705, 'x_start': 3, 'x_stop': 2762}"
I16,PLD3_mCherry_reporter_control,29,488nm Binned,51.23681464707761,-19.634818854810874,0.006094533751003098,0.2165386589397299,0.9754111375524079,,True,False,False,20,2,0.25,True,anchored_masked_phase_cross_correlation,I,16,"{'y_start': 427, 'y_stop': 2705, 'x_start': 3, 'x_stop': 2762}"
I16,PLD3_mCherry_reporter_control,32,488nm Binned,378.6036931726121,-101.59537330607782,0.006271565697419973,0.14594185528299086,0.8372428534847624,,True,False,False,20,2,0.25,True,anchored_masked_phase_cross_correlation,I,16,"{'y_start': 427, 'y_stop': 2705, 'x_start': 3, 'x_stop': 2762}"
I16,PLD3_mCherry_reporter_control,36,488nm Binned,-162.26183394121017,-120.43220592987564,0.0045541698280901245,0.13419094994528277,0.9038073957341887,,True,False,False,20,2,0.25,True,anchored_masked_phase_cross_correlation,I,16,"{'y_start': 427, 'y_stop': 2705, 'x_start': 3, 'x_stop': 2762}"
I16,PLD3_mCherry_reporter_control,39,488nm Binned,618.4021525020498,2.083807037517545,-0.0027671197802566043,0.22461862211679687,0.7838087007791843,,True,True,True,36,2,0.25,True,anchored_masked_phase_cross_correlation,I,16,"{'y_start': 427, 'y_stop': 2705, 'x_start': 3, 'x_stop': 2762}"
I15,PLD3_mCherry_reporter_control,8,488nm Binned,0.0,0.0,1.0,1.0,1.0,,True,False,False,8,2,0.25,True,anchored_masked_phase_cross_correlation,I,15,"{'y_start': 439, 'y_stop': 2715, 'x_start': 4, 'x_stop': 2763}"
I15,PLD3_mCherry_reporter_control,12,488nm Binned,-135.0,-78.0,0.003064266014077865,0.17271960248671717,0.9270123947409884,,True,False,False,8,2,0.25,True,anchored_masked_phase_cross_correlation,I,15,"{'y_start': 439, 'y_stop': 2715, 'x_start': 4, 'x_stop': 2763}"
I15,PLD3_mCherry_reporter_control,16,488nm Binned,-60.0,-25.0,0.005927585162949255,0.14078511226219878,0.970544983456172,,True,False,False,8,2,0.25,True,anchored_masked_phase_cross_correlation,I,15,"{'y_start': 439, 'y_stop': 2715, 'x_start': 4, 'x_stop': 2763}"
I15,PLD3_mCherry_reporter_control,20,488nm Binned,-132.0,-87.0,0.0006946881429106151,0.12592199498383053,0.925036326394846,,True,False,False,8,2,0.25,True,anchored_masked_phase_cross_correlation,I,15,"{'y_start': 439, 'y_stop': 2715, 'x_start': 4, 'x_stop': 2763}"
I15,PLD3_mCherry_reporter_control,25,488nm Binned,88.8330362118545,-5.633798482707789,0.011048228174835107,0.26500839312517854,0.9671226170858329,,True,False,True,20,2,0.25,True,anchored_masked_phase_cross_correlation,I,15,"{'y_start': 439, 'y_stop': 2715, 'x_start': 4, 'x_stop': 2763}"
I15,PLD3_mCherry_reporter_control,29,488nm Binned,53.833036211854505,-20.63379848270779,0.011552583419261778,0.22505499599960924,0.9741703160976144,,True,False,False,20,2,0.25,True,anchored_masked_phase_cross_correlation,I,15,"{'y_start': 439, 'y_stop': 2715, 'x_start': 4, 'x_stop': 2763}"
I15,PLD3_mCherry_reporter_control,32,488nm Binned,387.5160041339591,-100.60362079880724,0.000672543857770682,0.14403974523080834,0.8345445084443291,,True,False,False,20,2,0.25,True,anchored_masked_phase_cross_correlation,I,15,"{'y_start': 439, 'y_stop': 2715, 'x_start': 4, 'x_stop': 2763}"
I15,PLD3_mCherry_reporter_control,36,488nm Binned,-152.32847804322728,-121.44883253259468,0.002748277872325933,0.12743812424595596,0.906789824948642,,True,False,False,20,2,0.25,True,anchored_masked_phase_cross_correlation,I,15,"{'y_start': 439, 'y_stop': 2715, 'x_start': 4, 'x_stop': 2763}"
I15,PLD3_mCherry_reporter_control,39,488nm Binned,640.1078442832568,3.0465681478490296,0.0011560483376265025,0.2670715158028143,0.7759851987346998,,True,True,True,36,2,0.25,True,anchored_masked_phase_cross_correlation,I,15,"{'y_start': 439, 'y_stop': 2715, 'x_start': 4, 'x_stop': 2763}"
I17,PLD3_mCherry_reporter_control,8,488nm Binned,0.0,0.0,1.0,1.0,1.0,,True,False,False,8,2,0.25,True,anchored_masked_phase_cross_correlation,I,17,"{'y_start': 414, 'y_stop': 2696, 'x_start': 5, 'x_stop': 2762}"
I17,PLD3_mCherry_reporter_control,12,488nm Binned,-156.0,-81.0,-0.003796057044710106,0.17578106618090109,0.9189002293377216,,True,False,False,8,2,0.25,True,anchored_masked_phase_cross_correlation,I,17,"{'y_start': 414, 'y_stop': 2696, 'x_start': 5, 'x_stop': 2762}"
I17,PLD3_mCherry_reporter_control,16,488nm Binned,-66.0,-25.0,0.0001788176960279958,0.15094570195386733,0.9684711693889579,,True,False,False,8,2,0.25,True,anchored_masked_phase_cross_correlation,I,17,"{'y_start': 414, 'y_stop': 2696, 'x_start': 5, 'x_stop': 2762}"
I17,PLD3_mCherry_reporter_control,20,488nm Binned,-153.0,-88.0,-0.005151865065484694,0.1153984492857319,0.9176061927020419,,True,False,False,8,2,0.25,True,anchored_masked_phase_cross_correlation,I,17,"{'y_start': 414, 'y_stop': 2696, 'x_start': 5, 'x_stop': 2762}"
I17,PLD3_mCherry_reporter_control,25,488nm Binned,95.64060205636679,-5.635812302109116,0.006382698804099149,0.2764343777409107,0.9647529727466378,,True,False,True,20,2,0.25,True,anchored_masked_phase_cross_correlation,I,17,"{'y_start': 414, 'y_stop': 2696, 'x_start': 5, 'x_stop': 2762}"
I17,PLD3_mCherry_reporter_control,29,488nm Binned,55.64060205636679,-19.635812302109116,-0.001265858820845697,0.2229953585856453,0.9738858193861187,,True,False,False,20,2,0.25,True,anchored_masked_phase_cross_correlation,I,17,"{'y_start': 414, 'y_stop': 2696, 'x_start': 5, 'x_stop': 2762}"
I17,PLD3_mCherry_reporter_control,32,488nm Binned,367.6913174252504,-102.58731999284646,0.0047432373733421644,0.14170494077150284,0.8406114182957856,,True,False,False,20,2,0.25,True,anchored_masked_phase_cross_correlation,I,17,"{'y_start': 414, 'y_stop': 2696, 'x_start': 5, 'x_stop': 2762}"
I17,PLD3_mCherry_reporter_control,36,488nm Binned,-171.19532181830482,-119.41597493992231,-0.004690081676393087,0.12005681360052796,0.9011564944442367,,True,False,False,20,2,0.25,True,anchored_masked_phase_cross_correlation,I,17,"{'y_start': 414, 'y_stop': 2696, 'x_start': 5, 'x_stop': 2762}"
I17,PLD3_mCherry_reporter_control,39,488nm Binned,595.6961779916014,4.120198797823832,0.003291697633756949,0.25165424794413155,0.7911573942017284,,True,True,True,36,2,0.25,True,anchored_masked_phase_cross_correlation,I,17,"{'y_start': 414, 'y_stop': 2696, 'x_start': 5, 'x_stop': 2762}"
I18,PLD3_mCherry_reporter_control,8,488nm Binned,0.0,0.0,1.0,1.0,1.0,,True,False,False,8,2,0.25,True,anchored_masked_phase_cross_correlation,I,18,"{'y_start': 399, 'y_stop': 2683, 'x_start': 12, 'x_stop': 2766}"
I18,PLD3_mCherry_reporter_control,12,488nm Binned,-162.0,-79.0,0.004411412276679342,0.18231849895378316,0.9175252242316019,,True,False,False,8,2,0.25,True,anchored_masked_phase_cross_correlation,I,18,"{'y_start': 399, 'y_stop': 2683, 'x_start': 12, 'x_stop': 2766}"
I18,PLD3_mCherry_reporter_control,16,488nm Binned,-70.0,-24.0,0.004311639979371651,0.15994752902196357,0.9674287915127536,,True,False,False,8,2,0.25,True,anchored_masked_phase_cross_correlation,I,18,"{'y_start': 399, 'y_stop': 2683, 'x_start': 12, 'x_stop': 2766}"
I18,PLD3_mCherry_reporter_control,20,488nm Binned,-167.0,-85.0,0.004703946883099739,0.12670414547564887,0.9138596381171353,,True,False,False,8,2,0.25,True,anchored_masked_phase_cross_correlation,I,18,"{'y_start': 399, 'y_stop': 2683, 'x_start': 12, 'x_stop': 2766}"
I18,PLD3_mCherry_reporter_control,25,488nm Binned,95.04437151622051,-2.6368147247776506,0.01365524986457534,0.26032050371682386,0.9659714772465393,,True,False,True,20,2,0.25,True,anchored_masked_phase_cross_correlation,I,18,"{'y_start': 399, 'y_stop': 2683, 'x_start': 12, 'x_stop': 2766}"
I18,PLD3_mCherry_reporter_control,29,488nm Binned,54.04437151622051,-15.63681472477765,0.007606786463334634,0.19557020980620826,0.9758066501720924,,True,False,False,20,2,0.25,True,anchored_masked_phase_cross_correlation,I,18,"{'y_start': 399, 'y_stop': 2683, 'x_start': 12, 'x_stop': 2766}"
I18,PLD3_mCherry_reporter_control,32,488nm Binned,354.7790711606467,-99.5792019828732,0.0007253199000714382,0.13483663413595742,0.8458716644164225,,True,False,False,20,2,0.25,True,anchored_masked_phase_cross_correlation,I,18,"{'y_start': 399, 'y_stop': 2683, 'x_start': 12, 'x_stop': 2766}"
I18,PLD3_mCherry_reporter_control,36,488nm Binned,-184.1285458994571,-110.39961213314382,0.0042679523196942825,0.11601159160759913,0.8997767121564116,,True,False,False,20,2,0.25,True,anchored_masked_phase_cross_correlation,I,18,"{'y_start': 399, 'y_stop': 2683, 'x_start': 12, 'x_stop': 2766}"
I18,PLD3_mCherry_reporter_control,39,488nm Binned,572.9907684104578,11.15687275819073,0.0004607637851859448,0.23708165761451402,0.7970994990924589,,True,True,True,36,2,0.25,True,anchored_masked_phase_cross_correlation,I,18,"{'y_start': 399, 'y_stop': 2683, 'x_start': 12, 'x_stop': 2766}"
I19,PLD3_mCherry_reporter_control,8,488nm Binned,0.0,0.0,1.0,1.0,1.0,,True,False,False,8,2,0.25,True,anchored_masked_phase_cross_correlation,I,19,"{'y_start': 383, 'y_stop': 2670, 'x_start': 7, 'x_stop': 2763}"
I19,PLD3_mCherry_reporter_control,12,488nm Binned,-173.0,-80.0,-0.002057382686689434,0.1936943696470274,0.9134678042128892,,True,False,False,8,2,0.25,True,anchored_masked_phase_cross_correlation,I,19,"{'y_start': 383, 'y_stop': 2670, 'x_start': 7, 'x_stop': 2763}"
I19,PLD3_mCherry_reporter_control,16,488nm Binned,-74.0,-27.0,0.010796052202950759,0.15114313852595143,0.9650267268897019,,True,False,False,8,2,0.25,True,anchored_masked_phase_cross_correlation,I,19,"{'y_start': 383, 'y_stop': 2670, 'x_start': 7, 'x_stop': 2763}"
I19,PLD3_mCherry_reporter_control,20,488nm Binned,-178.0,-87.0,-0.005745004948684276,0.12378865568741759,0.9094838150592601,,True,False,False,8,2,0.25,True,anchored_masked_phase_cross_correlation,I,19,"{'y_start': 383, 'y_stop': 2670, 'x_start': 7, 'x_stop': 2763}"
I19,PLD3_mCherry_reporter_control,25,488nm Binned,96.44813200122644,-5.637817147704482,0.00016898161449784024,0.23762678823467132,0.9644712849785406,,True,False,True,20,2,0.25,True,anchored_masked_phase_cross_correlation,I,19,"{'y_start': 383, 'y_stop': 2670, 'x_start': 7, 'x_stop': 2763}"
I19,PLD3_mCherry_reporter_control,29,488nm Binned,52.44813200122644,-17.63781714770448,0.0076148807006851385,0.20824922668653126,0.9756752440242403,,True,False,False,20,2,0.25,True,anchored_masked_phase_cross_correlation,I,19,"{'y_start': 383, 'y_stop': 2670, 'x_start': 7, 'x_stop': 2763}"
I19,PLD3_mCherry_reporter_control,32,488nm Binned,341.8668896284953,-101.57108399075514,-0.0030192420712427813,0.12232233597030073,0.849605768920861,,True,False,False,20,2,0.25,True,anchored_masked_phase_cross_correlation,I,19,"{'y_start': 383, 'y_stop': 2670, 'x_start': 7, 'x_stop': 2763}"
I19,PLD3_mCherry_reporter_control,36,488nm Binned,-197.06163809886584,-114.38324935881974,-0.0012734203305756256,0.11810212323368408,0.8941472942016214,,True,False,False,20,2,0.25,True,anchored_masked_phase_cross_correlation,I,19,"{'y_start': 383, 'y_stop': 2670, 'x_start': 7, 'x_stop': 2763}"
I19,PLD3_mCherry_reporter_control,39,488nm Binned,544.2856412410497,6.193546612725186,-0.00017300656861513392,0.23321542387263702,0.808471483989766,,True,True,True,36,2,0.25,True,anchored_masked_phase_cross_correlation,I,19,"{'y_start': 383, 'y_stop': 2670, 'x_start': 7, 'x_stop': 2763}"
I20,PLD3_mCherry_reporter_control,8,488nm Binned,0.0,0.0,1.0,1.0,1.0,,True,False,False,8,2,0.25,True,anchored_masked_phase_cross_correlation,I,20,"{'y_start': 374, 'y_stop': 2667, 'x_start': 1, 'x_stop': 2761}"
I20,PLD3_mCherry_reporter_control,12,488nm Binned,-181.0,-80.0,0.005730145535692621,0.17283275479851065,0.9107562114731107,,True,False,False,8,2,0.25,True,anchored_masked_phase_cross_correlation,I,20,"{'y_start': 374, 'y_stop': 2667, 'x_start': 1, 'x_stop': 2761}"
I20,PLD3_mCherry_reporter_control,16,488nm Binned,-72.0,-26.0,0.010118537385949162,0.13559790971100485,0.966057433635032,,True,False,False,8,2,0.25,True,anchored_masked_phase_cross_correlation,I,20,"{'y_start': 374, 'y_stop': 2667, 'x_start': 1, 'x_stop': 2761}"
I20,PLD3_mCherry_reporter_control,20,488nm Binned,-187.0,-87.0,-1.856427466164207e-05,0.40683864959112337,0.9064409324066456,,True,False,True,16,2,0.25,True,anchored_masked_phase_cross_correlation,I,20,"{'y_start': 374, 'y_stop': 2667, 'x_start': 1, 'x_stop': 2761}"
I20,PLD3_mCherry_reporter_control,25,488nm Binned,101.85189248623237,-3.6388195706313127,0.001708178336075854,0.2232481280252311,0.9632630802352073,,True,False,False,16,2,0.25,True,anchored_masked_phase_cross_correlation,I,20,"{'y_start': 374, 'y_stop': 2667, 'x_start': 1, 'x_stop': 2761}"
I20,PLD3_mCherry_reporter_control,29,488nm Binned,57.85189248623237,-17.638819570631313,0.01855865063473834,0.15589077353983954,0.9738023324894011,,True,False,False,16,2,0.25,True,anchored_masked_phase_cross_correlation,I,20,"{'y_start': 374, 'y_stop': 2667, 'x_start': 1, 'x_stop': 2761}"
I20,PLD3_mCherry_reporter_control,32,488nm Binned,335.95470809634344,-103.5629659986298,-0.0030561250864859935,0.12360232644569778,0.8509810286627507,,True,False,False,16,2,0.25,True,anchored_masked_phase_cross_correlation,I,20,"{'y_start': 374, 'y_stop': 2667, 'x_start': 1, 'x_stop': 2761}"
I20,PLD3_mCherry_reporter_control,36,488nm Binned,-200.9947302982746,-118.36688658449566,-0.0015636095436194956,0.11539938419187944,0.8915389654351571,,True,False,False,16,2,0.25,True,anchored_masked_phase_cross_correlation,I,20,"{'y_start': 374, 'y_stop': 2667, 'x_start': 1, 'x_stop': 2761}"
I20,PLD3_mCherry_reporter_control,39,488nm Binned,523.5805140716411,0.23022046725964174,-0.0007047168551057244,0.2227511018669316,0.8173749283067998,,True,True,True,36,2,0.25,True,anchored_masked_phase_cross_correlation,I,20,"{'y_start': 374, 'y_stop': 2667, 'x_start': 1, 'x_stop': 2761}"
J05,PLD3_TMEM106B_mCherry_primary,8,488nm Binned,0.0,0.0,1.0,1.0,1.0,,True,False,False,8,2,0.25,True,anchored_masked_phase_cross_correlation,J,05,"{'y_start': 584, 'y_stop': 2820, 'x_start': 31, 'x_stop': 2777}"
J05,PLD3_TMEM106B_mCherry_primary,12,488nm Binned,-40.0,-67.0,0.0021212535416552628,0.183215431984919,0.9630175903394159,,True,False,False,8,2,0.25,True,anchored_masked_phase_cross_correlation,J,05,"{'y_start': 584, 'y_stop': 2820, 'x_start': 31, 'x_stop': 2777}"
J05,PLD3_TMEM106B_mCherry_primary,16,488nm Binned,-31.0,-19.0,0.014327016110540528,0.13941208463313204,0.9826378555075094,,True,False,False,8,2,0.25,True,anchored_masked_phase_cross_correlation,J,05,"{'y_start': 584, 'y_stop': 2820, 'x_start': 31, 'x_stop': 2777}"
J05,PLD3_TMEM106B_mCherry_primary,20,488nm Binned,-9.0,-70.0,0.005526143557711029,0.11903554314836237,0.9725312640418293,,True,False,False,8,2,0.25,True,anchored_masked_phase_cross_correlation,J,05,"{'y_start': 584, 'y_stop': 2820, 'x_start': 31, 'x_stop': 2777}"
J05,PLD3_TMEM106B_mCherry_primary,25,488nm Binned,74.79610171352397,-4.219950954153319,0.004238788901732529,0.28055636214127566,0.9724874482859358,,True,False,True,20,2,0.25,True,anchored_masked_phase_cross_correlation,J,05,"{'y_start': 584, 'y_stop': 2820, 'x_start': 31, 'x_stop': 2777}"
J05,PLD3_TMEM106B_mCherry_primary,29,488nm Binned,55.79610171352397,-18.21995095415332,0.008641561622135306,0.25480271119848696,0.9743160429402491,,True,False,False,20,2,0.25,True,anchored_masked_phase_cross_correlation,J,05,"{'y_start': 584, 'y_stop': 2820, 'x_start': 31, 'x_stop': 2777}"
J05,PLD3_TMEM106B_mCherry_primary,32,488nm Binned,508.63209643909613,-86.59743603996321,-0.006411981090743934,0.14590195564104924,0.7978132113662852,,True,True,False,20,2,0.25,True,anchored_masked_phase_cross_correlation,J,05,"{'y_start': 584, 'y_stop': 2820, 'x_start': 31, 'x_stop': 2777}"
J05,PLD3_TMEM106B_mCherry_primary,36,488nm Binned,-47.00903942615696,-108.546476848358,0.002004269431026521,0.10972649286797681,0.9463820278364283,,True,False,False,20,2,0.25,True,anchored_masked_phase_cross_correlation,J,05,"{'y_start': 584, 'y_stop': 2820, 'x_start': 31, 'x_stop': 2777}"
J05,PLD3_TMEM106B_mCherry_primary,39,488nm Binned,882.1328906161507,30.972721635036578,-0.0009617319462312188,0.2483174015715329,0.6849445281519541,,True,True,True,36,2,0.25,True,anchored_masked_phase_cross_correlation,J,05,"{'y_start': 584, 'y_stop': 2820, 'x_start': 31, 'x_stop': 2777}"
J06,PLD3_TMEM106B_mCherry_primary,8,488nm Binned,0.0,0.0,1.0,1.0,1.0,,True,False,False,8,2,0.25,True,anchored_masked_phase_cross_correlation,J,06,"{'y_start': 568, 'y_stop': 2808, 'x_start': 32, 'x_stop': 2777}"
J06,PLD3_TMEM106B_mCherry_primary,12,488nm Binned,-51.0,-66.0,0.005996203987656974,0.1814778488037073,0.9596142399467796,,True,False,False,8,2,0.25,True,anchored_masked_phase_cross_correlation,J,06,"{'y_start': 568, 'y_stop': 2808, 'x_start': 32, 'x_stop': 2777}"
J06,PLD3_TMEM106B_mCherry_primary,16,488nm Binned,-34.0,-19.0,0.010753475434372054,0.15583041418246224,0.9815987601368634,,True,False,False,8,2,0.25,True,anchored_masked_phase_cross_correlation,J,06,"{'y_start': 568, 'y_stop': 2808, 'x_start': 32, 'x_stop': 2777}"
J06,PLD3_TMEM106B_mCherry_primary,20,488nm Binned,-23.0,-73.0,0.004388792918141296,0.12298587844294483,0.9667313198687387,,True,False,False,8,2,0.25,True,anchored_masked_phase_cross_correlation,J,06,"{'y_start': 568, 'y_stop': 2808, 'x_start': 32, 'x_stop': 2777}"
J06,PLD3_TMEM106B_mCherry_primary,25,488nm Binned,75.19992502559398,-6.221061073425517,0.0014586118701304439,0.25187018906816333,0.9716674101170121,,True,False,True,20,2,0.25,True,anchored_masked_phase_cross_correlation,J,06,"{'y_start': 568, 'y_stop': 2808, 'x_start': 32, 'x_stop': 2777}"
J06,PLD3_TMEM106B_mCherry_primary,29,488nm Binned,52.199925025593984,-20.221061073425517,0.015931157925075365,0.20823157453130872,0.9748769364035195,,True,False,False,20,2,0.25,True,anchored_masked_phase_cross_correlation,J,06,"{'y_start': 568, 'y_stop': 2808, 'x_start': 32, 'x_stop': 2777}"
J06,PLD3_TMEM106B_mCherry_primary,32,488nm Binned,494.7194619940292,-86.58854113343841,0.0014889536192573471,0.1357876017335644,0.8025202936061175,,True,False,False,20,2,0.25,True,anchored_masked_phase_cross_correlation,J,06,"{'y_start': 568, 'y_stop': 2808, 'x_start': 32, 'x_stop': 2777}"
J06,PLD3_TMEM106B_mCherry_primary,36,488nm Binned,-59.94305440829703,-108.52853126591799,-0.0004799511913560353,0.11767285104114936,0.9420490693173844,,True,False,False,20,2,0.25,True,anchored_masked_phase_cross_correlation,J,06,"{'y_start': 568, 'y_stop': 2808, 'x_start': 32, 'x_stop': 2777}"
J06,PLD3_TMEM106B_mCherry_primary,39,488nm Binned,857.4257878346234,31.012785171238647,0.006886685204143231,0.21811696327573882,0.6934564509230872,,True,True,True,36,2,0.25,True,anchored_masked_phase_cross_correlation,J,06,"{'y_start': 568, 'y_stop': 2808, 'x_start': 32, 'x_stop': 2777}"
J07,PLD3_TMEM106B_mCherry_primary,8,488nm Binned,0.0,0.0,1.0,1.0,1.0,,True,False,False,8,2,0.25,True,anchored_masked_phase_cross_correlation,J,07,"{'y_start': 552, 'y_stop': 2797, 'x_start': 38, 'x_stop': 2780}"
J07,PLD3_TMEM106B_mCherry_primary,12,488nm Binned,-63.0,-66.0,0.005185616487894316,0.1632488318951669,0.9555264263580819,,True,False,False,8,2,0.25,True,anchored_masked_phase_cross_correlation,J,07,"{'y_start': 552, 'y_stop': 2797, 'x_start': 38, 'x_stop': 2780}"
J07,PLD3_TMEM106B_mCherry_primary,16,488nm Binned,-35.0,-19.0,0.009479322700485288,0.1480295438673853,0.9812523950133148,,True,False,False,8,2,0.25,True,anchored_masked_phase_cross_correlation,J,07,"{'y_start': 552, 'y_stop': 2797, 'x_start': 38, 'x_stop': 2780}"
J07,PLD3_TMEM106B_mCherry_primary,20,488nm Binned,-36.0,-68.0,0.0035930384809327353,0.11068442368150841,0.9640354102110724,,True,False,False,8,2,0.25,True,anchored_masked_phase_cross_correlation,J,07,"{'y_start': 552, 'y_stop': 2797, 'x_start': 38, 'x_stop': 2780}"
J07,PLD3_TMEM106B_mCherry_primary,25,488nm Binned,75.6037393594288,-1.2220545199379558,0.005372655528944579,0.29982602948055365,0.9732239961180584,,True,False,True,20,2,0.25,True,anchored_masked_phase_cross_correlation,J,07,"{'y_start': 552, 'y_stop': 2797, 'x_start': 38, 'x_stop': 2780}"
J07,PLD3_TMEM106B_mCherry_primary,29,488nm Binned,51.6037393594288,-16.222054519937956,0.009340228074015279,0.24648849948503795,0.9764526110541288,,True,False,False,20,2,0.25,True,anchored_masked_phase_cross_correlation,J,07,"{'y_start': 552, 'y_stop': 2797, 'x_start': 38, 'x_stop': 2780}"
J07,PLD3_TMEM106B_mCherry_primary,32,488nm Binned,481.80689204931514,-83.58048776663782,0.00024118087016335196,0.16349516563427866,0.8077592899447683,,True,False,False,20,2,0.25,True,anchored_masked_phase_cross_correlation,J,07,"{'y_start': 552, 'y_stop': 2797, 'x_start': 38, 'x_stop': 2780}"
J07,PLD3_TMEM106B_mCherry_primary,36,488nm Binned,-70.8769379306159,-104.51230017859052,0.007559253379109176,0.13806338720968026,0.9397467142016679,,True,False,False,20,2,0.25,True,anchored_masked_phase_cross_correlation,J,07,"{'y_start': 552, 'y_stop': 2797, 'x_start': 38, 'x_stop': 2780}"
J07,PLD3_TMEM106B_mCherry_primary,39,488nm Binned,830.7189660889744,37.04917724906409,-0.0035027363616003935,0.2179521234324997,0.7011726591997318,,True,True,True,36,2,0.25,True,anchored_masked_phase_cross_correlation,J,07,"{'y_start': 552, 'y_stop': 2797, 'x_start': 38, 'x_stop': 2780}"
J08,PLD3_TMEM106B_mCherry_primary,8,488nm Binned,0.0,0.0,1.0,1.0,1.0,,True,False,False,8,2,0.25,True,anchored_masked_phase_cross_correlation,J,08,"{'y_start': 536, 'y_stop': 2790, 'x_start': 36, 'x_stop': 2777}"
J08,PLD3_TMEM106B_mCherry_primary,12,488nm Binned,-70.0,-66.0,-0.005945099001432508,0.17602147946185495,0.9531418684313416,,True,False,False,8,2,0.25,True,anchored_masked_phase_cross_correlation,J,08,"{'y_start': 536, 'y_stop': 2790, 'x_start': 36, 'x_stop': 2777}"
J08,PLD3_TMEM106B_mCherry_primary,16,488nm Binned,-41.0,-22.0,0.00683753794409626,0.1284694870970093,0.978143132803853,,True,False,False,8,2,0.25,True,anchored_masked_phase_cross_correlation,J,08,"{'y_start': 536, 'y_stop': 2790, 'x_start': 36, 'x_stop': 2777}"
J08,PLD3_TMEM106B_mCherry_primary,20,488nm Binned,-48.0,-73.0,0.000233750256221831,0.40445864961419536,0.9582363170579413,,True,False,True,16,2,0.25,True,anchored_masked_phase_cross_correlation,J,08,"{'y_start': 536, 'y_stop': 2790, 'x_start': 36, 'x_stop': 2777}"
J08,PLD3_TMEM106B_mCherry_primary,25,488nm Binned,79.00757164295283,-5.223047965930164,0.0017567081317323,0.23205613325896687,0.9706810546542144,,True,False,False,16,2,0.25,True,anchored_masked_phase_cross_correlation,J,08,"{'y_start': 536, 'y_stop': 2790, 'x_start': 36, 'x_stop': 2777}"
J08,PLD3_TMEM106B_mCherry_primary,29,488nm Binned,53.007571642952826,-19.223047965930164,0.005985535804574763,0.2116337196666951,0.974938866379894,,True,False,False,16,2,0.25,True,anchored_masked_phase_cross_correlation,J,08,"{'y_start': 536, 'y_stop': 2790, 'x_start': 36, 'x_stop': 2777}"
J08,PLD3_TMEM106B_mCherry_primary,32,488nm Binned,466.8941926396892,-86.57243436413046,-0.00141315476804639,0.14638885761983436,0.8119340572109521,,True,False,False,16,2,0.25,True,anchored_masked_phase_cross_correlation,J,08,"{'y_start': 536, 'y_stop': 2790, 'x_start': 36, 'x_stop': 2777}"
J08,PLD3_TMEM106B_mCherry_primary,36,488nm Binned,-77.81108521643364,-105.49606902636151,0.00020627576584183864,0.10956579625506321,0.9370833461288649,,True,False,False,16,2,0.25,True,anchored_masked_phase_cross_correlation,J,08,"{'y_start': 536, 'y_stop': 2790, 'x_start': 36, 'x_stop': 2777}"
J08,PLD3_TMEM106B_mCherry_primary,39,488nm Binned,811.0115795198453,35.08556953853986,-7.740835164933078e-05,0.23799258466227535,0.7084464192569716,,True,True,True,36,2,0.25,True,anchored_masked_phase_cross_correlation,J,08,"{'y_start': 536, 'y_stop': 2790, 'x_start': 36, 'x_stop': 2777}"
J09,PLD3_TMEM106B_mCherry_primary,8,488nm Binned,0.0,0.0,1.0,1.0,1.0,,True,False,False,8,2,0.25,True,anchored_masked_phase_cross_correlation,J,09,"{'y_start': 525, 'y_stop': 2779, 'x_start': 34, 'x_stop': 2780}"
J09,PLD3_TMEM106B_mCherry_primary,12,488nm Binned,-79.0,-67.0,0.004104100221845923,0.16895274774162702,0.9497369375730661,,True,False,False,8,2,0.25,True,anchored_masked_phase_cross_correlation,J,09,"{'y_start': 525, 'y_stop': 2779, 'x_start': 34, 'x_stop': 2780}"
J09,PLD3_TMEM106B_mCherry_primary,16,488nm Binned,-39.0,-20.0,0.01644436275706913,0.1307306519797952,0.9795230008811704,,True,False,False,8,2,0.25,True,anchored_masked_phase_cross_correlation,J,09,"{'y_start': 525, 'y_stop': 2779, 'x_start': 34, 'x_stop': 2780}"
J09,PLD3_TMEM106B_mCherry_primary,20,488nm Binned,-59.0,-69.0,0.008489913319366065,0.10802261959095132,0.9558645244305947,,True,False,False,8,2,0.25,True,anchored_masked_phase_cross_correlation,J,09,"{'y_start': 525, 'y_stop': 2779, 'x_start': 34, 'x_stop': 2780}"
J09,PLD3_TMEM106B_mCherry_primary,25,488nm Binned,80.411394951896,-2.2240503870343673,0.0064662339261236015,0.24516539871484758,0.9712088254370854,,True,False,True,20,2,0.25,True,anchored_masked_phase_cross_correlation,J,09,"{'y_start': 525, 'y_stop': 2779, 'x_start': 34, 'x_stop': 2780}"
J09,PLD3_TMEM106B_mCherry_primary,29,488nm Binned,51.411394951896,-15.224050387034367,0.004958997644185555,0.20745036461508037,0.9768610387057449,,True,False,False,20,2,0.25,True,anchored_masked_phase_cross_correlation,J,09,"{'y_start': 525, 'y_stop': 2779, 'x_start': 34, 'x_stop': 2780}"
J09,PLD3_TMEM106B_mCherry_primary,32,488nm Binned,458.98155798037624,-83.56431624702964,0.001906917704332068,0.15822824278705042,0.8154907166826205,,True,False,False,20,2,0.25,True,anchored_masked_phase_cross_correlation,J,09,"{'y_start': 525, 'y_stop': 2779, 'x_start': 34, 'x_stop': 2780}"
J09,PLD3_TMEM106B_mCherry_primary,36,488nm Binned,-88.74510058804117,-104.47970602483838,-0.00041289910338533983,0.16947607688511535,0.9337545780806977,,True,False,True,32,2,0.25,True,anchored_masked_phase_cross_correlation,J,09,"{'y_start': 525, 'y_stop': 2779, 'x_start': 34, 'x_stop': 2780}"
J09,PLD3_TMEM106B_mCherry_primary,39,488nm Binned,787.3044754682978,33.12224413392323,0.0012814734583029193,0.19276475762307949,0.7171080128179437,,True,True,False,32,2,0.25,True,anchored_masked_phase_cross_correlation,J,09,"{'y_start': 525, 'y_stop': 2779, 'x_start': 34, 'x_stop': 2780}"
J10,PLD3_TMEM106B_mCherry_primary,8,488nm Binned,0.0,0.0,1.0,1.0,1.0,,True,False,False,8,2,0.25,True,anchored_masked_phase_cross_correlation,J,10,"{'y_start': 511, 'y_stop': 2772, 'x_start': 32, 'x_stop': 2775}"
J10,PLD3_TMEM106B_mCherry_primary,12,488nm Binned,-88.0,-69.0,-0.0009929577597813206,0.17741180835244114,0.9459962185535967,,True,False,False,8,2,0.25,True,anchored_masked_phase_cross_correlation,J,10,"{'y_start': 511, 'y_stop': 2772, 'x_start': 32, 'x_stop': 2775}"
J10,PLD3_TMEM106B_mCherry_primary,16,488nm Binned,-44.0,-20.0,0.009851446784690802,0.13623901372872663,0.9777917831348268,,True,False,False,8,2,0.25,True,anchored_masked_phase_cross_correlation,J,10,"{'y_start': 511, 'y_stop': 2772, 'x_start': 32, 'x_stop': 2775}"
J10,PLD3_TMEM106B_mCherry_primary,20,488nm Binned,-70.0,-74.0,-0.0024813795350254377,0.10283629167840157,0.9504205497491679,,True,False,False,8,2,0.25,True,anchored_masked_phase_cross_correlation,J,10,"{'y_start': 511, 'y_stop': 2772, 'x_start': 32, 'x_stop': 2775}"
J10,PLD3_TMEM106B_mCherry_primary,25,488nm Binned,81.8152272359439,-6.22506178272306,0.005166874753824327,0.27802789936747874,0.9693644675263883,,True,False,True,20,2,0.25,True,anchored_masked_phase_cross_correlation,J,10,"{'y_start': 511, 'y_stop': 2772, 'x_start': 32, 'x_stop': 2775}"
J10,PLD3_TMEM106B_mCherry_primary,29,488nm Binned,52.815227235943894,-18.22506178272306,0.015043181272530341,0.22472381458643773,0.975347047383078,,True,False,False,20,2,0.25,True,anchored_masked_phase_cross_correlation,J,10,"{'y_start': 511, 'y_stop': 2772, 'x_start': 32, 'x_stop': 2775}"
J10,PLD3_TMEM106B_mCherry_primary,32,488nm Binned,447.0688586064607,-88.55613337962131,0.002059450055262266,0.14089164065842322,0.8180541468083038,,True,False,False,20,2,0.25,True,anchored_masked_phase_cross_correlation,J,10,"{'y_start': 511, 'y_stop': 2772, 'x_start': 32, 'x_stop': 2775}"
J10,PLD3_TMEM106B_mCherry_primary,36,488nm Binned,-95.67924780894464,-107.46321110912322,-0.001011971416941557,0.10631940053094283,0.9304193227034906,,True,False,False,20,2,0.25,True,anchored_masked_phase_cross_correlation,J,10,"{'y_start': 511, 'y_stop': 2772, 'x_start': 32, 'x_stop': 2775}"
J10,PLD3_TMEM106B_mCherry_primary,39,488nm Binned,766.5970891108391,31.159201246871817,0.0002332227296752619,0.26660549150110335,0.72474628812192,,True,True,True,36,2,0.25,True,anchored_masked_phase_cross_correlation,J,10,"{'y_start': 511, 'y_stop': 2772, 'x_start': 32, 'x_stop': 2775}"
J11,PLD3_TMEM106B_mCherry_primary,8,488nm Binned,0.0,0.0,1.0,1.0,1.0,,True,False,False,8,2,0.25,True,anchored_masked_phase_cross_correlation,J,11,"{'y_start': 497, 'y_stop': 2758, 'x_start': 34, 'x_stop': 2776}"
J11,PLD3_TMEM106B_mCherry_primary,12,488nm Binned,-95.0,-69.0,0.008816730267618932,0.16707296133370636,0.9436142136867351,,True,False,False,8,2,0.25,True,anchored_masked_phase_cross_correlation,J,11,"{'y_start': 497, 'y_stop': 2758, 'x_start': 34, 'x_stop': 2776}"
J11,PLD3_TMEM106B_mCherry_primary,16,488nm Binned,-48.0,-19.0,0.010165011242596505,0.1415371119491715,0.9767496484071824,,True,False,False,8,2,0.25,True,anchored_masked_phase_cross_correlation,J,11,"{'y_start': 497, 'y_stop': 2758, 'x_start': 34, 'x_stop': 2776}"
J11,PLD3_TMEM106B_mCherry_primary,20,488nm Binned,-83.0,-72.0,0.008181346144605188,0.11694863561666809,0.9466818974924576,,True,False,False,8,2,0.25,True,anchored_masked_phase_cross_correlation,J,11,"{'y_start': 497, 'y_stop': 2758, 'x_start': 34, 'x_stop': 2776}"
J11,PLD3_TMEM106B_mCherry_primary,25,488nm Binned,84.21901464601615,-5.22608215456421,0.00205806567760429,0.10247830795019713,0.9688662369095443,,True,False,False,8,2,0.25,True,anchored_masked_phase_cross_correlation,J,11,"{'y_start': 497, 'y_stop': 2758, 'x_start': 34, 'x_stop': 2776}"
J11,PLD3_TMEM106B_mCherry_primary,29,488nm Binned,53.21901464601615,-19.22608215456421,0.012946326356838225,0.2897222271203385,0.9748645973172574,,True,False,True,25,2,0.25,True,anchored_masked_phase_cross_correlation,J,11,"{'y_start': 497, 'y_stop': 2758, 'x_start': 34, 'x_stop': 2776}"
J11,PLD3_TMEM106B_mCherry_primary,32,488nm Binned,436.1564829126619,-87.54788586903669,-0.002958556006385321,0.20346433088352311,0.8220396235283636,,True,False,False,25,2,0.25,True,anchored_masked_phase_cross_correlation,J,11,"{'y_start': 497, 'y_stop': 2758, 'x_start': 34, 'x_stop': 2776}"
J11,PLD3_TMEM106B_mCherry_primary,36,488nm Binned,-109.61273558866924,-106.44658447394431,0.003979002962934931,0.15273941605765423,0.9260840257448958,,True,False,True,32,2,0.25,True,anchored_masked_phase_cross_correlation,J,11,"{'y_start': 497, 'y_stop': 2758, 'x_start': 34, 'x_stop': 2776}"
J11,PLD3_TMEM106B_mCherry_primary,39,488nm Binned,738.8911149179003,33.19644024238187,0.0010633248871358889,0.19243390967090948,0.7337743861644469,,True,True,False,32,2,0.25,True,anchored_masked_phase_cross_correlation,J,11,"{'y_start': 497, 'y_stop': 2758, 'x_start': 34, 'x_stop': 2776}"
J12,PLD3_TMEM106B_mCherry_primary,8,488nm Binned,0.0,0.0,1.0,1.0,1.0,,True,False,False,8,2,0.25,True,anchored_masked_phase_cross_correlation,J,12,"{'y_start': 480, 'y_stop': 2745, 'x_start': 34, 'x_stop': 2777}"
J12,PLD3_TMEM106B_mCherry_primary,12,488nm Binned,-107.0,-68.0,0.0015793755869341246,0.1605150082625011,0.9398664433590292,,True,False,False,8,2,0.25,True,anchored_masked_phase_cross_correlation,J,12,"{'y_start': 480, 'y_stop': 2745, 'x_start': 34, 'x_stop': 2777}"
J12,PLD3_TMEM106B_mCherry_primary,16,488nm Binned,-52.0,-20.0,0.007226806099622446,0.14719204186143553,0.9750218347406772,,True,False,False,8,2,0.25,True,anchored_masked_phase_cross_correlation,J,12,"{'y_start': 480, 'y_stop': 2745, 'x_start': 34, 'x_stop': 2777}"
J12,PLD3_TMEM106B_mCherry_primary,20,488nm Binned,-97.0,-74.0,0.005020463544887978,0.10600796202232923,0.9412492292190652,,True,False,False,8,2,0.25,True,anchored_masked_phase_cross_correlation,J,12,"{'y_start': 480, 'y_stop': 2745, 'x_start': 34, 'x_stop': 2777}"
J12,PLD3_TMEM106B_mCherry_primary,25,488nm Binned,82.62280205530806,-5.227075601859724,0.00517277349215311,0.26125782740038495,0.96942144581386,,True,False,True,20,2,0.25,True,anchored_masked_phase_cross_correlation,J,12,"{'y_start': 480, 'y_stop': 2745, 'x_start': 34, 'x_stop': 2777}"
J12,PLD3_TMEM106B_mCherry_primary,29,488nm Binned,53.62280205530806,-18.227075601859724,0.00831018785877652,0.2245226582144846,0.9750665665072449,,True,False,False,20,2,0.25,True,anchored_masked_phase_cross_correlation,J,12,"{'y_start': 480, 'y_stop': 2745, 'x_start': 34, 'x_stop': 2777}"
J12,PLD3_TMEM106B_mCherry_primary,32,488nm Binned,421.24410716530474,-86.5398325558026,-0.00291498474576542,0.15199031667838217,0.8273803338744687,,True,False,False,20,2,0.25,True,anchored_masked_phase_cross_correlation,J,12,"{'y_start': 480, 'y_stop': 2745, 'x_start': 34, 'x_stop': 2777}"
J12,PLD3_TMEM106B_mCherry_primary,36,488nm Binned,-122.54622346575889,-105.43035348399144,-0.0007704738465077924,0.1646477395645513,0.9220810099231649,,True,False,True,32,2,0.25,True,anchored_masked_phase_cross_correlation,J,12,"{'y_start': 480, 'y_stop': 2745, 'x_start': 34, 'x_stop': 2777}"
J12,PLD3_TMEM106B_mCherry_primary,39,488nm Binned,710.1851404074569,33.232832002688156,0.006162763800578318,0.19636280160491568,0.7436580434746793,,True,True,False,32,2,0.25,True,anchored_masked_phase_cross_correlation,J,12,"{'y_start': 480, 'y_stop': 2745, 'x_start': 34, 'x_stop': 2777}"
J13,PLD3_TMEM106B_mCherry_primary,8,488nm Binned,0.0,0.0,1.0,1.0,1.0,,True,False,False,8,2,0.25,True,anchored_masked_phase_cross_correlation,J,13,"{'y_start': 471, 'y_stop': 2736, 'x_start': 37, 'x_stop': 2780}"
J13,PLD3_TMEM106B_mCherry_primary,12,488nm Binned,-117.0,-69.0,0.0011735006541242533,0.1568812171607091,0.9361279126765988,,True,False,False,8,2,0.25,True,anchored_masked_phase_cross_correlation,J,13,"{'y_start': 471, 'y_stop': 2736, 'x_start': 37, 'x_stop': 2780}"
J13,PLD3_TMEM106B_mCherry_primary,16,488nm Binned,-55.0,-22.0,0.008138368285727287,0.1397600596008971,0.9732991271939294,,True,False,False,8,2,0.25,True,anchored_masked_phase_cross_correlation,J,13,"{'y_start': 471, 'y_stop': 2736, 'x_start': 37, 'x_stop': 2780}"
J13,PLD3_TMEM106B_mCherry_primary,20,488nm Binned,-106.0,-70.0,-0.003387618189579593,0.10972941929435281,0.9395352750204731,,True,False,False,8,2,0.25,True,anchored_masked_phase_cross_correlation,J,13,"{'y_start': 471, 'y_stop': 2736, 'x_start': 37, 'x_stop': 2780}"
J13,PLD3_TMEM106B_mCherry_primary,25,488nm Binned,88.0265984389207,-2.2280510992000018,0.0011797503902230958,0.2827735078364673,0.968554301016468,,True,False,True,20,2,0.25,True,anchored_masked_phase_cross_correlation,J,13,"{'y_start': 471, 'y_stop': 2736, 'x_start': 37, 'x_stop': 2780}"
J13,PLD3_TMEM106B_mCherry_primary,29,488nm Binned,55.0265984389207,-14.228051099200002,0.008595652345254405,0.22750604550787049,0.9759478157453128,,True,False,False,20,2,0.25,True,anchored_masked_phase_cross_correlation,J,13,"{'y_start': 471, 'y_stop': 2736, 'x_start': 37, 'x_stop': 2780}"
J13,PLD3_TMEM106B_mCherry_primary,32,488nm Binned,415.33166664977944,-83.53190868961974,-0.00033082410604762117,0.1473982695769985,0.8302765562943747,,True,False,False,20,2,0.25,True,anchored_masked_phase_cross_correlation,J,13,"{'y_start': 471, 'y_stop': 2736, 'x_start': 37, 'x_stop': 2780}"
J13,PLD3_TMEM106B_mCherry_primary,36,488nm Binned,-131.47984328951316,-101.41438622507121,-0.005026303232363582,0.13415502913163166,0.9204166614827816,,True,False,False,20,2,0.25,True,anchored_masked_phase_cross_correlation,J,13,"{'y_start': 471, 'y_stop': 2736, 'x_start': 37, 'x_stop': 2780}"
J13,PLD3_TMEM106B_mCherry_primary,39,488nm Binned,690.4788832735976,36.26865904535816,0.00010870511344765608,0.2468344219073315,0.7496458288137736,,True,True,True,36,2,0.25,True,anchored_masked_phase_cross_correlation,J,13,"{'y_start': 471, 'y_stop': 2736, 'x_start': 37, 'x_stop': 2780}"
J14,PLD3_TMEM106B_mCherry_primary,8,488nm Binned,0.0,0.0,1.0,1.0,1.0,,True,False,False,8,2,0.25,True,anchored_masked_phase_cross_correlation,J,14,"{'y_start': 453, 'y_stop': 2725, 'x_start': 32, 'x_stop': 2775}"
J14,PLD3_TMEM106B_mCherry_primary,12,488nm Binned,-125.0,-70.0,-0.004189175967133043,0.1700869454018691,0.9330721431503105,,True,False,False,8,2,0.25,True,anchored_masked_phase_cross_correlation,J,14,"{'y_start': 453, 'y_stop': 2725, 'x_start': 32, 'x_stop': 2775}"
J14,PLD3_TMEM106B_mCherry_primary,16,488nm Binned,-58.0,-22.0,0.004945615608488596,0.1324659582833585,0.9722611259918029,,True,False,False,8,2,0.25,True,anchored_masked_phase_cross_correlation,J,14,"{'y_start': 453, 'y_stop': 2725, 'x_start': 32, 'x_stop': 2775}"
J14,PLD3_TMEM106B_mCherry_primary,20,488nm Binned,-118.0,-74.0,0.003781999033276934,0.3928109648262682,0.9341159799178741,,True,False,True,16,2,0.25,True,anchored_masked_phase_cross_correlation,J,14,"{'y_start': 453, 'y_stop': 2725, 'x_start': 32, 'x_stop': 2775}"
J14,PLD3_TMEM106B_mCherry_primary,25,488nm Binned,88.43036789851249,-6.22904454701893,0.007212298356512918,0.23520766075420702,0.9670615936402993,,True,False,False,16,2,0.25,True,anchored_masked_phase_cross_correlation,J,14,"{'y_start': 453, 'y_stop': 2725, 'x_start': 32, 'x_stop': 2775}"
J14,PLD3_TMEM106B_mCherry_primary,29,488nm Binned,54.430367898512486,-18.22904454701893,0.013399227213747887,0.1729399618405623,0.9747861044862063,,True,False,False,16,2,0.25,True,anchored_masked_phase_cross_correlation,J,14,"{'y_start': 453, 'y_stop': 2725, 'x_start': 32, 'x_stop': 2775}"
J14,PLD3_TMEM106B_mCherry_primary,32,488nm Binned,399.41942036732144,-88.52385541209696,0.005619425678476719,0.12458496018018646,0.8341650025678929,,True,False,False,16,2,0.25,True,anchored_masked_phase_cross_correlation,J,14,"{'y_start': 453, 'y_stop': 2725, 'x_start': 32, 'x_stop': 2775}"
J14,PLD3_TMEM106B_mCherry_primary,36,488nm Binned,-142.4130674031203,-106.39815530003216,0.0026428662787538206,0.17002627826010208,0.9150878910253951,,True,False,True,32,2,0.25,True,anchored_masked_phase_cross_correlation,J,14,"{'y_start': 453, 'y_stop': 2725, 'x_start': 32, 'x_stop': 2775}"
J14,PLD3_TMEM106B_mCherry_primary,39,488nm Binned,666.7734735866197,31.305050593993656,0.007413083211093627,0.22160010123265617,0.759135112059313,,True,True,False,32,2,0.25,True,anchored_masked_phase_cross_correlation,J,14,"{'y_start': 453, 'y_stop': 2725, 'x_start': 32, 'x_stop': 2775}"
J15,PLD3_TMEM106B_mCherry_primary,8,488nm Binned,0.0,0.0,1.0,1.0,1.0,,True,False,False,8,2,0.25,True,anchored_masked_phase_cross_correlation,J,15,"{'y_start': 440, 'y_stop': 2717, 'x_start': 34, 'x_stop': 2776}"
J15,PLD3_TMEM106B_mCherry_primary,12,488nm Binned,-134.0,-70.0,-0.0037839522848794275,0.1662330986586814,0.9300106596328651,,True,False,False,8,2,0.25,True,anchored_masked_phase_cross_correlation,J,15,"{'y_start': 440, 'y_stop': 2717, 'x_start': 34, 'x_stop': 2776}"
J15,PLD3_TMEM106B_mCherry_primary,16,488nm Binned,-59.0,-22.0,0.005915232842743523,0.1394530908816176,0.9719151255910942,,True,False,False,8,2,0.25,True,anchored_masked_phase_cross_correlation,J,15,"{'y_start': 440, 'y_stop': 2717, 'x_start': 34, 'x_stop': 2776}"
J15,PLD3_TMEM106B_mCherry_primary,20,488nm Binned,-131.0,-74.0,-0.005341357644852388,0.10562080178320492,0.9297001589218987,,True,False,False,8,2,0.25,True,anchored_masked_phase_cross_correlation,J,15,"{'y_start': 440, 'y_stop': 2717, 'x_start': 34, 'x_stop': 2776}"
J15,PLD3_TMEM106B_mCherry_primary,25,488nm Binned,91.83416428369492,-6.23007389344275,0.0041303250393036365,0.2810041482464083,0.9658770050683587,,True,False,True,20,2,0.25,True,anchored_masked_phase_cross_correlation,J,15,"{'y_start': 440, 'y_stop': 2717, 'x_start': 34, 'x_stop': 2776}"
J15,PLD3_TMEM106B_mCherry_primary,29,488nm Binned,53.83416428369492,-19.23007389344275,0.006483259413650415,0.2714867647736401,0.974650182150505,,True,False,False,20,2,0.25,True,anchored_masked_phase_cross_correlation,J,15,"{'y_start': 440, 'y_stop': 2717, 'x_start': 34, 'x_stop': 2776}"
J15,PLD3_TMEM106B_mCherry_primary,32,488nm Binned,389.50697995892733,-88.51554315119574,-0.002984745338813989,0.15978115155744912,0.8375170478278583,,True,False,False,20,2,0.25,True,anchored_masked_phase_cross_correlation,J,15,"{'y_start': 440, 'y_stop': 2717, 'x_start': 34, 'x_stop': 2776}"
J15,PLD3_TMEM106B_mCherry_primary,36,488nm Binned,-150.34668703213174,-104.38139675064667,-8.663622222439481e-05,0.13163823584505613,0.9130905899684002,,True,False,False,20,2,0.25,True,anchored_masked_phase_cross_correlation,J,15,"{'y_start': 440, 'y_stop': 2717, 'x_start': 34, 'x_stop': 2776}"
J15,PLD3_TMEM106B_mCherry_primary,39,488nm Binned,641.0672170877806,33.34257210707801,-0.0006369328255392888,0.1838542032177124,0.767448772792792,,True,True,True,36,2,0.25,True,anchored_masked_phase_cross_correlation,J,15,"{'y_start': 440, 'y_stop': 2717, 'x_start': 34, 'x_stop': 2776}"
J17,PLD3_TMEM106B_mCherry_primary,8,488nm Binned,0.0,0.0,1.0,1.0,1.0,,True,False,False,8,2,0.25,True,anchored_masked_phase_cross_correlation,J,17,"{'y_start': 412, 'y_stop': 2694, 'x_start': 28, 'x_stop': 2773}"
J17,PLD3_TMEM106B_mCherry_primary,12,488nm Binned,-155.0,-70.0,0.0036015260147306168,0.16800634774757314,0.9228671980921591,,True,False,False,8,2,0.25,True,anchored_masked_phase_cross_correlation,J,17,"{'y_start': 412, 'y_stop': 2694, 'x_start': 28, 'x_stop': 2773}"
J17,PLD3_TMEM106B_mCherry_primary,16,488nm Binned,-68.0,-21.0,-0.002282397549597126,0.1277546187447364,0.9691415299685463,,True,False,False,8,2,0.25,True,anchored_masked_phase_cross_correlation,J,17,"{'y_start': 412, 'y_stop': 2694, 'x_start': 28, 'x_stop': 2773}"
J17,PLD3_TMEM106B_mCherry_primary,20,488nm Binned,-156.0,-74.0,0.0014792134360511516,0.11433198800435065,0.9212081954680998,,True,False,False,8,2,0.25,True,anchored_masked_phase_cross_correlation,J,17,"{'y_start': 412, 'y_stop': 2694, 'x_start': 28, 'x_stop': 2773}"
J17,PLD3_TMEM106B_mCherry_primary,25,488nm Binned,92.64170320288213,-6.232060789079696,0.0034389567312973044,0.2611380735050318,0.9655953776482548,,True,False,True,20,2,0.25,True,anchored_masked_phase_cross_correlation,J,17,"{'y_start': 412, 'y_stop': 2694, 'x_start': 28, 'x_stop': 2773}"
J17,PLD3_TMEM106B_mCherry_primary,29,488nm Binned,53.64170320288213,-18.232060789079696,0.0006379868078908842,0.2162305260795432,0.975058312333161,,True,False,False,20,2,0.25,True,anchored_masked_phase_cross_correlation,J,17,"{'y_start': 412, 'y_stop': 2694, 'x_start': 28, 'x_stop': 2773}"
J17,PLD3_TMEM106B_mCherry_primary,32,488nm Binned,365.68248739401315,-91.49943659614655,-0.00012287087567820185,0.17644542994060675,0.8446599207002401,,True,False,False,20,2,0.25,True,anchored_masked_phase_cross_correlation,J,17,"{'y_start': 412, 'y_stop': 2694, 'x_start': 28, 'x_stop': 2773}"
J17,PLD3_TMEM106B_mCherry_primary,36,488nm Binned,-173.21313525934602,-106.34893490056857,0.0002981143036555435,0.11965314693374847,0.9047632091946852,,True,False,False,20,2,0.25,True,anchored_masked_phase_cross_correlation,J,17,"{'y_start': 412, 'y_stop': 2694, 'x_start': 28, 'x_stop': 2773}"
J17,PLD3_TMEM106B_mCherry_primary,39,488nm Binned,592.6563977138248,27.41535520434627,-0.006086965596585888,0.23195966945226587,0.7857717849302527,,True,True,True,36,2,0.25,True,anchored_masked_phase_cross_correlation,J,17,"{'y_start': 412, 'y_stop': 2694, 'x_start': 28, 'x_stop': 2773}"
J16,PLD3_TMEM106B_mCherry_primary,8,488nm Binned,0.0,0.0,1.0,1.0,1.0,,True,False,False,8,2,0.25,True,anchored_masked_phase_cross_correlation,J,16,"{'y_start': 426, 'y_stop': 2704, 'x_start': 32, 'x_stop': 2777}"
J16,PLD3_TMEM106B_mCherry_primary,12,488nm Binned,-145.0,-72.0,0.0003998933188149728,0.1502679774787148,0.9256067529163238,,True,False,False,8,2,0.25,True,anchored_masked_phase_cross_correlation,J,16,"{'y_start': 426, 'y_stop': 2704, 'x_start': 32, 'x_stop': 2777}"
J16,PLD3_TMEM106B_mCherry_primary,16,488nm Binned,-63.0,-20.0,0.010381392624418192,0.13107685644798872,0.9712131556987215,,True,False,False,8,2,0.25,True,anchored_masked_phase_cross_correlation,J,16,"{'y_start': 426, 'y_stop': 2704, 'x_start': 32, 'x_stop': 2777}"
J16,PLD3_TMEM106B_mCherry_primary,20,488nm Binned,-142.0,-73.0,0.0011527266565466948,0.4292937458405743,0.9262951064893433,,True,False,True,16,2,0.25,True,anchored_masked_phase_cross_correlation,J,16,"{'y_start': 426, 'y_stop': 2704, 'x_start': 32, 'x_stop': 2777}"
J16,PLD3_TMEM106B_mCherry_primary,25,488nm Binned,93.23793374328852,-4.231067341261223,-0.00359277495032142,0.22893886553733556,0.9660629532126173,,True,False,False,16,2,0.25,True,anchored_masked_phase_cross_correlation,J,16,"{'y_start': 426, 'y_stop': 2704, 'x_start': 32, 'x_stop': 2777}"
J16,PLD3_TMEM106B_mCherry_primary,29,488nm Binned,55.23793374328852,-18.231067341261223,0.006345452491245238,0.17383754656587214,0.9745056244370354,,True,False,False,16,2,0.25,True,anchored_masked_phase_cross_correlation,J,16,"{'y_start': 426, 'y_stop': 2704, 'x_start': 32, 'x_stop': 2777}"
J16,PLD3_TMEM106B_mCherry_primary,32,488nm Binned,376.59473367646933,-87.50748987367479,-0.0008205924937260348,0.11623584228185047,0.8421856043775809,,True,False,False,16,2,0.25,True,anchored_masked_phase_cross_correlation,J,16,"{'y_start': 426, 'y_stop': 2704, 'x_start': 32, 'x_stop': 2777}"
J16,PLD3_TMEM106B_mCherry_primary,36,488nm Binned,-163.27991114573888,-103.36516582561308,-0.002227007321823467,0.1414057177993108,0.9090793829397407,,True,False,True,32,2,0.25,True,anchored_masked_phase_cross_correlation,J,16,"{'y_start': 426, 'y_stop': 2704, 'x_start': 32, 'x_stop': 2777}"
J16,PLD3_TMEM106B_mCherry_primary,39,488nm Binned,620.3618074008045,31.378963655704865,0.003813933108564673,0.20782450587018156,0.7751208666225289,,True,True,False,32,2,0.25,True,anchored_masked_phase_cross_correlation,J,16,"{'y_start': 426, 'y_stop': 2704, 'x_start': 32, 'x_stop': 2777}"
J18,PLD3_TMEM106B_mCherry_primary,8,488nm Binned,0.0,0.0,1.0,1.0,1.0,,True,False,False,8,2,0.25,True,anchored_masked_phase_cross_correlation,J,18,"{'y_start': 398, 'y_stop': 2682, 'x_start': 26, 'x_stop': 2773}"
J18,PLD3_TMEM106B_mCherry_primary,12,488nm Binned,-163.0,-70.0,0.004230988136529038,0.1514515942592026,0.9201458794099854,,True,False,False,8,2,0.25,True,anchored_masked_phase_cross_correlation,J,18,"{'y_start': 398, 'y_stop': 2682, 'x_start': 26, 'x_stop': 2773}"
J18,PLD3_TMEM106B_mCherry_primary,16,488nm Binned,-70.0,-23.0,0.0009553504883741792,0.12964481726636806,0.9677689563480253,,True,False,False,8,2,0.25,True,anchored_masked_phase_cross_correlation,J,18,"{'y_start': 398, 'y_stop': 2682, 'x_start': 26, 'x_stop': 2773}"
J18,PLD3_TMEM106B_mCherry_primary,20,488nm Binned,-168.0,-76.0,0.0001925004803132136,0.10055756032302424,0.9164755518986012,,True,False,False,8,2,0.25,True,anchored_masked_phase_cross_correlation,J,18,"{'y_start': 398, 'y_stop': 2682, 'x_start': 26, 'x_stop': 2773}"
J18,PLD3_TMEM106B_mCherry_primary,25,488nm Binned,93.04547266273221,-6.233063211751869,0.0032472018810671198,0.29659618822297873,0.9654545610566281,,True,False,True,20,2,0.25,True,anchored_masked_phase_cross_correlation,J,18,"{'y_start': 398, 'y_stop': 2682, 'x_start': 26, 'x_stop': 2773}"
J18,PLD3_TMEM106B_mCherry_primary,29,488nm Binned,53.04547266273221,-18.23306321175187,0.006532726679565495,0.24069920852404342,0.9752645384077631,,True,False,False,20,2,0.25,True,anchored_masked_phase_cross_correlation,J,18,"{'y_start': 398, 'y_stop': 2682, 'x_start': 26, 'x_stop': 2773}"
J18,PLD3_TMEM106B_mCherry_primary,32,488nm Binned,353.7702411294049,-90.49131858618057,-6.005543193579795e-05,0.15106206185182808,0.8489890590846201,,True,False,False,20,2,0.25,True,anchored_masked_phase_cross_correlation,J,18,"{'y_start': 398, 'y_stop': 2682, 'x_start': 26, 'x_stop': 2773}"
J18,PLD3_TMEM106B_mCherry_primary,36,488nm Binned,-185.1463593405042,-108.33257209380099,0.001050113044455226,0.10373006124268562,0.9001096850408651,,True,False,False,20,2,0.25,True,anchored_masked_phase_cross_correlation,J,18,"{'y_start': 398, 'y_stop': 2682, 'x_start': 26, 'x_stop': 2773}"
J18,PLD3_TMEM106B_mCherry_primary,39,488nm Binned,569.9509881326758,25.45202916470589,0.003851826225035783,0.22517631965255072,0.7941614384332668,,True,True,True,36,2,0.25,True,anchored_masked_phase_cross_correlation,J,18,"{'y_start': 398, 'y_stop': 2682, 'x_start': 26, 'x_stop': 2773}"
K05,PLD3_only_no_mCherry,8,488nm Binned,0.0,0.0,1.0,1.0,1.0,,True,False,False,8,2,0.25,True,anchored_masked_phase_cross_correlation,K,05,"{'y_start': 582, 'y_stop': 2819, 'x_start': 59, 'x_stop': 2788}"
K05,PLD3_only_no_mCherry,12,488nm Binned,-40.0,-56.0,0.009033039087957093,0.192709341117617,0.9667995230397849,,True,False,False,8,2,0.25,True,anchored_masked_phase_cross_correlation,K,05,"{'y_start': 582, 'y_stop': 2819, 'x_start': 59, 'x_stop': 2788}"
K05,PLD3_only_no_mCherry,16,488nm Binned,-30.0,-16.0,0.015374510026698101,0.14801707810946788,0.984019304050466,,True,False,False,8,2,0.25,True,anchored_masked_phase_cross_correlation,K,05,"{'y_start': 582, 'y_stop': 2819, 'x_start': 59, 'x_stop': 2788}"
K05,PLD3_only_no_mCherry,20,488nm Binned,-9.0,-58.0,0.005347937359773185,0.1335239157790976,0.9767022344380059,,True,False,False,8,2,0.25,True,anchored_masked_phase_cross_correlation,K,05,"{'y_start': 582, 'y_stop': 2819, 'x_start': 59, 'x_stop': 2788}"
K05,PLD3_only_no_mCherry,25,488nm Binned,74.79731055846787,-5.816208412841661,0.006387340963913538,0.29355494585348674,0.9719449677411416,,True,False,True,20,2,0.25,True,anchored_masked_phase_cross_correlation,K,05,"{'y_start': 582, 'y_stop': 2819, 'x_start': 59, 'x_stop': 2788}"
K05,PLD3_only_no_mCherry,29,488nm Binned,56.79731055846787,-18.81620841284166,0.01577745410531904,0.23306330563676192,0.9737653812889209,,True,False,False,20,2,0.25,True,anchored_masked_phase_cross_correlation,K,05,"{'y_start': 582, 'y_stop': 2819, 'x_start': 59, 'x_stop': 2788}"
K05,PLD3_only_no_mCherry,32,488nm Binned,506.6224896362801,-75.50948769655952,-0.0027953453705074245,0.15798888861382004,0.8016759128353027,,True,True,False,20,2,0.25,True,anchored_masked_phase_cross_correlation,K,05,"{'y_start': 582, 'y_stop': 2819, 'x_start': 59, 'x_stop': 2788}"
K05,PLD3_only_no_mCherry,36,488nm Binned,-48.028435415668355,-96.47930453778099,0.007806712437377148,0.10278446768130095,0.9501771035584852,,True,False,False,20,2,0.25,True,anchored_masked_phase_cross_correlation,K,05,"{'y_start': 582, 'y_stop': 2819, 'x_start': 59, 'x_stop': 2788}"
K05,PLD3_only_no_mCherry,39,488nm Binned,881.0897215033838,58.26816172332474,0.0013114187678612305,0.2755309518434734,0.678710917430046,,True,True,True,36,2,0.25,True,anchored_masked_phase_cross_correlation,K,05,"{'y_start': 582, 'y_stop': 2819, 'x_start': 59, 'x_stop': 2788}"
K06,PLD3_only_no_mCherry,8,488nm Binned,0.0,0.0,1.0,1.0,1.0,,True,False,False,8,1,0.125,True,anchored_masked_phase_cross_correlation,K,06,"{'y_start': 567, 'y_stop': 2812, 'x_start': 57, 'x_stop': 2790}"
K06,PLD3_only_no_mCherry,12,488nm Binned,-51.0,-57.0,0.00035911356113831695,0.17907541833986257,0.9626965126660948,,True,False,False,8,1,0.125,True,anchored_masked_phase_cross_correlation,K,06,"{'y_start': 567, 'y_stop': 2812, 'x_start': 57, 'x_stop': 2790}"
K06,PLD3_only_no_mCherry,16,488nm Binned,-34.0,-17.0,0.014989508244835074,0.14331588406798818,0.9822878431555626,,True,False,False,8,1,0.125,True,anchored_masked_phase_cross_correlation,K,06,"{'y_start': 567, 'y_stop': 2812, 'x_start': 57, 'x_stop': 2790}"
K06,PLD3_only_no_mCherry,20,488nm Binned,-21.0,-59.0,0.005268426193474659,0.10966671084313581,0.9722566277434452,,True,False,False,8,1,0.125,True,anchored_masked_phase_cross_correlation,K,06,"{'y_start': 567, 'y_stop': 2812, 'x_start': 57, 'x_stop': 2790}"
K06,PLD3_only_no_mCherry,25,488nm Binned,78.20112489517487,-5.817300582682947,0.007352033601500308,0.35158158549406937,0.9707601790714889,,True,False,True,20,1,0.125,True,anchored_masked_phase_cross_correlation,K,06,"{'y_start': 567, 'y_stop': 2812, 'x_start': 57, 'x_stop': 2790}"
K06,PLD3_only_no_mCherry,29,488nm Binned,55.20112489517487,-17.817300582682947,0.007202377374232202,0.2697461769434962,0.9746598705141842,,True,False,False,20,1,0.125,True,anchored_masked_phase_cross_correlation,K,06,"{'y_start': 567, 'y_stop': 2812, 'x_start': 57, 'x_stop': 2790}"
K06,PLD3_only_no_mCherry,32,488nm Binned,493.70991988796595,-73.50072227279452,0.0012510986599532695,0.18947455604191094,0.8066395013786459,,True,False,False,20,1,0.125,True,anchored_masked_phase_cross_correlation,K,06,"{'y_start': 567, 'y_stop': 2812, 'x_start': 57, 'x_stop': 2790}"
K06,PLD3_only_no_mCherry,36,488nm Binned,-55.96231858096871,-94.46162275128154,0.0010687939435599218,0.12939522770935247,0.9481936040847486,,True,False,False,20,1,0.125,True,anchored_masked_phase_cross_correlation,K,06,"{'y_start': 567, 'y_stop': 2812, 'x_start': 57, 'x_stop': 2790}"
K06,PLD3_only_no_mCherry,39,488nm Binned,857.3829009219262,56.30766033022519,0.004859518080518298,0.10043419758971454,0.687288180583382,,True,True,False,20,1,0.125,True,anchored_masked_phase_cross_correlation,K,06,"{'y_start': 567, 'y_stop': 2812, 'x_start': 57, 'x_stop': 2790}"
J19,PLD3_TMEM106B_mCherry_primary,8,488nm Binned,0.0,0.0,1.0,1.0,1.0,,True,False,False,8,2,0.25,True,anchored_masked_phase_cross_correlation,J,19,"{'y_start': 378, 'y_stop': 2667, 'x_start': 28, 'x_stop': 2774}"
J19,PLD3_TMEM106B_mCherry_primary,12,488nm Binned,-173.0,-71.0,0.0010148409577237648,0.18750186012304115,0.9164165883728304,,True,False,False,8,2,0.25,True,anchored_masked_phase_cross_correlation,J,19,"{'y_start': 378, 'y_stop': 2667, 'x_start': 28, 'x_stop': 2774}"
J19,PLD3_TMEM106B_mCherry_primary,16,488nm Binned,-73.0,-23.0,-0.0009369035994235304,0.16412872973492781,0.9667313198687387,,True,False,False,8,2,0.25,True,anchored_masked_phase_cross_correlation,J,19,"{'y_start': 378, 'y_stop': 2667, 'x_start': 28, 'x_stop': 2774}"
J19,PLD3_TMEM106B_mCherry_primary,20,488nm Binned,-183.0,-75.0,0.003686940988049349,0.13020902418483307,0.9117104479963586,,True,False,False,8,2,0.25,True,anchored_masked_phase_cross_correlation,J,19,"{'y_start': 378, 'y_stop': 2667, 'x_start': 28, 'x_stop': 2774}"
J19,PLD3_TMEM106B_mCherry_primary,25,488nm Binned,90.44922417315502,-7.234074609790696,0.007955054139899016,0.10140155640194334,0.9660198204404513,,True,False,False,8,2,0.25,True,anchored_masked_phase_cross_correlation,J,19,"{'y_start': 378, 'y_stop': 2667, 'x_start': 28, 'x_stop': 2774}"
J19,PLD3_TMEM106B_mCherry_primary,29,488nm Binned,47.44922417315502,-18.234074609790696,0.012553820386836525,0.3186940063354611,0.9772030586853956,,True,False,True,25,2,0.25,True,anchored_masked_phase_cross_correlation,J,19,"{'y_start': 378, 'y_stop': 2667, 'x_start': 28, 'x_stop': 2774}"
J19,PLD3_TMEM106B_mCherry_primary,32,488nm Binned,336.8581243475637,-90.48313587946177,-0.003189205186572656,0.19999866890621001,0.8547023527427074,,True,False,False,25,2,0.25,True,anchored_masked_phase_cross_correlation,J,19,"{'y_start': 378, 'y_stop': 2667, 'x_start': 28, 'x_stop': 2774}"
J19,PLD3_TMEM106B_mCherry_primary,36,488nm Binned,-200.0793196257091,-107.31607747018279,-0.00021951796460086158,0.1781918242120811,0.8954293090415906,,True,False,True,32,2,0.25,True,anchored_masked_phase_cross_correlation,J,19,"{'y_start': 378, 'y_stop': 2667, 'x_start': 28, 'x_stop': 2774}"
J19,PLD3_TMEM106B_mCherry_primary,39,488nm Binned,542.2461434808429,27.488985325137037,-0.005242891172703024,0.17718706170307338,0.8031597455480965,,True,True,False,32,2,0.25,True,anchored_masked_phase_cross_correlation,J,19,"{'y_start': 378, 'y_stop': 2667, 'x_start': 28, 'x_stop': 2774}"
J20,PLD3_TMEM106B_mCherry_primary,8,488nm Binned,0.0,0.0,1.0,1.0,1.0,,True,False,False,8,2,0.25,True,anchored_masked_phase_cross_correlation,J,20,"{'y_start': 368, 'y_stop': 2661, 'x_start': 31, 'x_stop': 2777}"
J20,PLD3_TMEM106B_mCherry_primary,12,488nm Binned,-185.0,-70.0,0.0008569410750305884,0.1782914576758284,0.9126622530340077,,True,False,False,8,2,0.25,True,anchored_masked_phase_cross_correlation,J,20,"{'y_start': 368, 'y_stop': 2661, 'x_start': 31, 'x_stop': 2777}"
J20,PLD3_TMEM106B_mCherry_primary,16,488nm Binned,-79.0,-20.0,0.005337761196243952,0.14543287710831665,0.9656732589104221,,True,False,False,8,2,0.25,True,anchored_masked_phase_cross_correlation,J,20,"{'y_start': 368, 'y_stop': 2661, 'x_start': 31, 'x_stop': 2777}"
J20,PLD3_TMEM106B_mCherry_primary,20,488nm Binned,-192.0,-72.0,-0.0005041347134623923,0.10612916073134931,0.9096304336408676,,True,False,False,8,2,0.25,True,anchored_masked_phase_cross_correlation,J,20,"{'y_start': 368, 'y_stop': 2661, 'x_start': 31, 'x_stop': 2777}"
J20,PLD3_TMEM106B_mCherry_primary,25,488nm Binned,97.85294875850741,-4.235068058915203,0.01012313682071302,0.2503961389626843,0.9644548392478478,,True,False,True,20,2,0.25,True,anchored_masked_phase_cross_correlation,J,20,"{'y_start': 368, 'y_stop': 2661, 'x_start': 31, 'x_stop': 2777}"
J20,PLD3_TMEM106B_mCherry_primary,29,488nm Binned,53.85294875850741,-15.235068058915203,0.005893882422362635,0.20222092388594762,0.9760104793512335,,True,False,False,20,2,0.25,True,anchored_masked_phase_cross_correlation,J,20,"{'y_start': 368, 'y_stop': 2661, 'x_start': 31, 'x_stop': 2777}"
J20,PLD3_TMEM106B_mCherry_primary,32,488nm Binned,328.9462017273654,-87.47508269121317,0.0030092556805302283,0.143230323369168,0.8583025449489994,,True,False,False,20,2,0.25,True,anchored_masked_phase_cross_correlation,J,20,"{'y_start': 368, 'y_stop': 2661, 'x_start': 31, 'x_stop': 2777}"
J20,PLD3_TMEM106B_mCherry_primary,36,488nm Binned,-206.01188433060088,-102.29984670742851,0.001901995737235765,0.12462209077494774,0.8950615724575245,,True,False,False,20,2,0.25,True,anchored_masked_phase_cross_correlation,J,20,"{'y_start': 368, 'y_stop': 2661, 'x_start': 31, 'x_stop': 2777}"
J20,PLD3_TMEM106B_mCherry_primary,39,488nm Binned,521.5421458525379,30.525376344594406,-0.0016387575924966672,0.21238888908184017,0.8094433328446461,,True,True,True,36,2,0.25,True,anchored_masked_phase_cross_correlation,J,20,"{'y_start': 368, 'y_stop': 2661, 'x_start': 31, 'x_stop': 2777}"
K07,PLD3_only_no_mCherry,8,488nm Binned,0.0,0.0,1.0,1.0,1.0,,True,False,False,8,2,0.25,True,anchored_masked_phase_cross_correlation,K,07,"{'y_start': 551, 'y_stop': 2799, 'x_start': 63, 'x_stop': 2793}"
K07,PLD3_only_no_mCherry,12,488nm Binned,-60.0,-56.0,0.0063313865620562935,0.19233425253976386,0.9599621855359675,,True,False,False,8,2,0.25,True,anchored_masked_phase_cross_correlation,K,07,"{'y_start': 551, 'y_stop': 2799, 'x_start': 63, 'x_stop': 2793}"
K07,PLD3_only_no_mCherry,16,488nm Binned,-37.0,-15.0,0.01195285419194131,0.14729039686879822,0.9819363719122565,,True,False,False,8,2,0.25,True,anchored_masked_phase_cross_correlation,K,07,"{'y_start': 551, 'y_stop': 2799, 'x_start': 63, 'x_stop': 2793}"
K07,PLD3_only_no_mCherry,20,488nm Binned,-34.0,-57.0,0.011134695654081752,0.12583073721760246,0.9685061827815806,,True,False,False,8,2,0.25,True,anchored_masked_phase_cross_correlation,K,07,"{'y_start': 551, 'y_stop': 2799, 'x_start': 63, 'x_stop': 2793}"
K07,PLD3_only_no_mCherry,25,488nm Binned,77.60494820437452,-3.8183119786335737,0.0011956004631752826,0.25490149322221745,0.971645766795543,,True,False,True,20,2,0.25,True,anchored_masked_phase_cross_correlation,K,07,"{'y_start': 551, 'y_stop': 2799, 'x_start': 63, 'x_stop': 2793}"
K07,PLD3_only_no_mCherry,29,488nm Binned,55.60494820437452,-15.818311978633574,0.005534622183405386,0.2112597466705684,0.9752034261350401,,True,False,False,20,2,0.25,True,anchored_masked_phase_cross_correlation,K,07,"{'y_start': 551, 'y_stop': 2799, 'x_start': 63, 'x_stop': 2793}"
K07,PLD3_only_no_mCherry,32,488nm Binned,480.7972852465027,-70.49253942324867,0.0023750157737080905,0.13746660115380652,0.8118994722256242,,True,False,False,20,2,0.25,True,anchored_masked_phase_cross_correlation,K,07,"{'y_start': 551, 'y_stop': 2799, 'x_start': 63, 'x_stop': 2793}"
K07,PLD3_only_no_mCherry,36,488nm Binned,-68.89633392012547,-90.44512786803534,0.006288148537285095,0.11647923638180951,0.9451991806528879,,True,False,False,20,2,0.25,True,anchored_masked_phase_cross_correlation,K,07,"{'y_start': 551, 'y_stop': 2799, 'x_start': 63, 'x_stop': 2793}"
K07,PLD3_only_no_mCherry,39,488nm Binned,831.6757969762111,62.34461733732314,-0.002029738809902538,0.2305845808646899,0.6945810892009918,,True,True,True,36,2,0.25,True,anchored_masked_phase_cross_correlation,K,07,"{'y_start': 551, 'y_stop': 2799, 'x_start': 63, 'x_stop': 2793}"
K09,PLD3_only_no_mCherry,8,488nm Binned,0.0,0.0,1.0,1.0,1.0,,True,False,False,8,2,0.25,True,anchored_masked_phase_cross_correlation,K,09,"{'y_start': 523, 'y_stop': 2780, 'x_start': 56, 'x_stop': 2790}"
K09,PLD3_only_no_mCherry,12,488nm Binned,-78.0,-59.0,0.002471721578309971,0.1779099002233216,0.9527910050594353,,True,False,False,8,2,0.25,True,anchored_masked_phase_cross_correlation,K,09,"{'y_start': 523, 'y_stop': 2780, 'x_start': 56, 'x_stop': 2790}"
K09,PLD3_only_no_mCherry,16,488nm Binned,-43.0,-18.0,0.01242382311060705,0.14608442058496063,0.9788249213657557,,True,False,False,8,2,0.25,True,anchored_masked_phase_cross_correlation,K,09,"{'y_start': 523, 'y_stop': 2780, 'x_start': 56, 'x_stop': 2790}"
K09,PLD3_only_no_mCherry,20,488nm Binned,-59.0,-59.0,-0.002058011884048638,0.1277597008643921,0.9592795459541053,,True,False,False,8,2,0.25,True,anchored_masked_phase_cross_correlation,K,09,"{'y_start': 523, 'y_stop': 2780, 'x_start': 56, 'x_stop': 2790}"
K09,PLD3_only_no_mCherry,25,488nm Binned,79.41257687203688,-5.820298871658451,0.003873515606648382,0.2968483697639941,0.9703376163099489,,True,False,True,20,2,0.25,True,anchored_masked_phase_cross_correlation,K,09,"{'y_start': 523, 'y_stop': 2780, 'x_start': 56, 'x_stop': 2790}"
K09,PLD3_only_no_mCherry,29,488nm Binned,52.41257687203688,-17.82029887165845,0.0060351386685997075,0.23954169636632677,0.97562510092508,,True,False,False,20,2,0.25,True,anchored_masked_phase_cross_correlation,K,09,"{'y_start': 523, 'y_stop': 2780, 'x_start': 56, 'x_stop': 2790}"
K09,PLD3_only_no_mCherry,32,488nm Binned,456.9721453570637,-72.47643268964748,0.0016982596639984902,0.15795253031768783,0.8194210035976319,,True,False,False,20,2,0.25,True,anchored_masked_phase_cross_correlation,K,09,"{'y_start': 523, 'y_stop': 2780, 'x_start': 56, 'x_stop': 2790}"
K09,PLD3_only_no_mCherry,36,488nm Binned,-87.76410096477775,-97.41266569338404,0.0034808871036006786,0.10367620077687688,0.9364728636787057,,True,False,False,20,2,0.25,True,anchored_masked_phase_cross_correlation,K,09,"{'y_start': 523, 'y_stop': 2780, 'x_start': 56, 'x_stop': 2790}"
K09,PLD3_only_no_mCherry,39,488nm Binned,786.2621534849022,55.41740149295583,-0.005230239954956178,0.23410664593481598,0.711824659952106,,True,True,True,36,2,0.25,True,anchored_masked_phase_cross_correlation,K,09,"{'y_start': 523, 'y_stop': 2780, 'x_start': 56, 'x_stop': 2790}"
K08,PLD3_only_no_mCherry,8,488nm Binned,0.0,0.0,1.0,1.0,1.0,,True,False,False,8,2,0.25,True,anchored_masked_phase_cross_correlation,K,08,"{'y_start': 541, 'y_stop': 2792, 'x_start': 64, 'x_stop': 2793}"
K08,PLD3_only_no_mCherry,12,488nm Binned,-70.0,-57.0,-0.002816449985260451,0.15594586251894924,0.956203351948787,,True,False,False,8,2,0.25,True,anchored_masked_phase_cross_correlation,K,08,"{'y_start': 541, 'y_stop': 2792, 'x_start': 64, 'x_stop': 2793}"
K08,PLD3_only_no_mCherry,16,488nm Binned,-38.0,-15.0,0.00536531996570312,0.1485768059892012,0.981589520491588,,True,False,False,8,2,0.25,True,anchored_masked_phase_cross_correlation,K,08,"{'y_start': 541, 'y_stop': 2792, 'x_start': 64, 'x_stop': 2793}"
K08,PLD3_only_no_mCherry,20,488nm Binned,-46.0,-55.0,0.003971432853666059,0.11017658739331758,0.96509140440663,,True,False,False,8,2,0.25,True,anchored_masked_phase_cross_correlation,K,08,"{'y_start': 541, 'y_stop': 2792, 'x_start': 64, 'x_stop': 2793}"
K08,PLD3_only_no_mCherry,25,488nm Binned,82.00875356362303,-2.8193144002507324,-0.00045722911883385413,0.30033271176382,0.9704506794469778,,True,False,True,20,2,0.25,True,anchored_masked_phase_cross_correlation,K,08,"{'y_start': 541, 'y_stop': 2792, 'x_start': 64, 'x_stop': 2793}"
K08,PLD3_only_no_mCherry,29,488nm Binned,57.00875356362303,-13.819314400250732,0.007942591808456625,0.24286466699256049,0.975399799811982,,True,False,False,20,2,0.25,True,anchored_masked_phase_cross_correlation,K,08,"{'y_start': 541, 'y_stop': 2792, 'x_start': 64, 'x_stop': 2793}"
K08,PLD3_only_no_mCherry,32,488nm Binned,472.88478005209254,-70.48442134184006,-0.0010393747324119362,0.16351918123957465,0.8145929183085925,,True,False,False,20,2,0.25,True,anchored_masked_phase_cross_correlation,K,08,"{'y_start': 541, 'y_stop': 2792, 'x_start': 64, 'x_stop': 2793}"
K08,PLD3_only_no_mCherry,36,488nm Binned,-75.83008552825049,-91.42876493141375,0.0021609842784610926,0.13984079670965577,0.9425238951750299,,True,False,False,20,2,0.25,True,anchored_masked_phase_cross_correlation,K,08,"{'y_start': 541, 'y_stop': 2792, 'x_start': 64, 'x_stop': 2793}"
K08,PLD3_only_no_mCherry,39,488nm Binned,812.9692577481292,63.38129172104891,-0.0023908046631377924,0.2514561619757551,0.7007028045980337,,True,True,True,36,2,0.25,True,anchored_masked_phase_cross_correlation,K,08,"{'y_start': 541, 'y_stop': 2792, 'x_start': 64, 'x_stop': 2793}"
K11,PLD3_only_no_mCherry,8,488nm Binned,0.0,0.0,1.0,1.0,1.0,,True,False,False,8,1,0.125,True,anchored_masked_phase_cross_correlation,K,11,"{'y_start': 498, 'y_stop': 2760, 'x_start': 57, 'x_stop': 2788}"
K11,PLD3_only_no_mCherry,12,488nm Binned,-98.0,-58.0,0.0033870440427213487,0.18069878986942378,0.9462977227678476,,True,False,False,8,1,0.125,True,anchored_masked_phase_cross_correlation,K,11,"{'y_start': 498, 'y_stop': 2760, 'x_start': 57, 'x_stop': 2788}"
K11,PLD3_only_no_mCherry,16,488nm Binned,-48.0,-16.0,0.001673124643418298,0.16527118087718662,0.9777781668154736,,True,False,False,8,1,0.125,True,anchored_masked_phase_cross_correlation,K,11,"{'y_start': 498, 'y_stop': 2760, 'x_start': 57, 'x_stop': 2788}"
K11,PLD3_only_no_mCherry,20,488nm Binned,-82.0,-59.0,0.001522905609355868,0.14088477139611286,0.951424996450031,,True,False,False,8,1,0.125,True,anchored_masked_phase_cross_correlation,K,11,"{'y_start': 498, 'y_stop': 2760, 'x_start': 57, 'x_stop': 2788}"
K11,PLD3_only_no_mCherry,25,488nm Binned,86.22016964135764,-6.822321665124036,0.003979929036942788,0.10323559695442303,0.9676299187329827,,True,False,False,8,1,0.125,True,anchored_masked_phase_cross_correlation,K,11,"{'y_start': 498, 'y_stop': 2760, 'x_start': 57, 'x_stop': 2788}"
K11,PLD3_only_no_mCherry,29,488nm Binned,55.22016964135764,-17.822321665124036,0.011497278928350037,0.3388943139914812,0.9746515543221554,,True,False,True,25,1,0.125,True,anchored_masked_phase_cross_correlation,K,11,"{'y_start': 498, 'y_stop': 2760, 'x_start': 57, 'x_stop': 2788}"
K11,PLD3_only_no_mCherry,32,488nm Binned,437.14726446885834,-75.4600670976688,-0.0016879858928334093,0.20857135567817742,0.8252770112489742,,True,False,False,25,1,0.125,True,anchored_masked_phase_cross_correlation,K,11,"{'y_start': 498, 'y_stop': 2760, 'x_start': 57, 'x_stop': 2788}"
K11,PLD3_only_no_mCherry,36,488nm Binned,-107.63134035262556,-94.3796761215981,0.007433318769323237,0.12728752743459226,0.9307987789802618,,True,False,False,25,1,0.125,True,anchored_masked_phase_cross_correlation,K,11,"{'y_start': 498, 'y_stop': 2760, 'x_start': 57, 'x_stop': 2788}"
K11,PLD3_only_no_mCherry,39,488nm Binned,736.8496400638833,56.49131487217892,1.679523395974601e-05,0.10189621996604843,0.7284424178344696,,True,True,False,25,1,0.125,True,anchored_masked_phase_cross_correlation,K,11,"{'y_start': 498, 'y_stop': 2760, 'x_start': 57, 'x_stop': 2788}"
K10,PLD3_only_no_mCherry,8,488nm Binned,0.0,0.0,1.0,1.0,1.0,,True,False,False,8,2,0.25,True,anchored_masked_phase_cross_correlation,K,10,"{'y_start': 513, 'y_stop': 2774, 'x_start': 54, 'x_stop': 2788}"
K10,PLD3_only_no_mCherry,12,488nm Binned,-89.0,-58.0,0.0005818544951982536,0.17151304525081706,0.9493723363075265,,True,False,False,8,2,0.25,True,anchored_masked_phase_cross_correlation,K,10,"{'y_start': 513, 'y_stop': 2774, 'x_start': 54, 'x_stop': 2788}"
K10,PLD3_only_no_mCherry,16,488nm Binned,-45.0,-18.0,0.00284618956341209,0.15207359822047253,0.9781319479700986,,True,False,False,8,2,0.25,True,anchored_masked_phase_cross_correlation,K,10,"{'y_start': 513, 'y_stop': 2774, 'x_start': 54, 'x_stop': 2788}"
K10,PLD3_only_no_mCherry,20,488nm Binned,-67.0,-59.0,-0.002164562889839018,0.12419343837980046,0.9565475287352968,,True,False,False,8,2,0.25,True,anchored_masked_phase_cross_correlation,K,10,"{'y_start': 513, 'y_stop': 2774, 'x_start': 54, 'x_stop': 2788}"
K10,PLD3_only_no_mCherry,25,488nm Binned,85.81638223180562,-4.821319242979371,0.0016306342393814324,0.10582633468966512,0.9684471974144231,,True,False,False,8,2,0.25,True,anchored_masked_phase_cross_correlation,K,10,"{'y_start': 513, 'y_stop': 2774, 'x_start': 54, 'x_stop': 2788}"
K10,PLD3_only_no_mCherry,29,488nm Binned,56.81638223180562,-16.82131924297937,0.011063087992146052,0.3068969086446267,0.9744405636322298,,True,False,True,25,2,0.25,True,anchored_masked_phase_cross_correlation,K,10,"{'y_start': 513, 'y_stop': 2774, 'x_start': 54, 'x_stop': 2788}"
K10,PLD3_only_no_mCherry,32,488nm Binned,449.0596401983639,-75.46818514334882,0.0016524623592766208,0.1689377359618859,0.8212303600382015,,True,False,False,25,2,0.25,True,anchored_masked_phase_cross_correlation,K,10,"{'y_start': 513, 'y_stop': 2774, 'x_start': 54, 'x_stop': 2788}"
K10,PLD3_only_no_mCherry,36,488nm Binned,-93.69785250798668,-96.39603899329086,-0.0002110800924142145,0.11052818321041774,0.9348170770307139,,True,False,False,25,2,0.25,True,anchored_masked_phase_cross_correlation,K,10,"{'y_start': 513, 'y_stop': 2774, 'x_start': 54, 'x_stop': 2788}"
K10,PLD3_only_no_mCherry,39,488nm Binned,765.5556144684924,53.45464070013986,0.0013424953385390126,0.2511557337732181,0.7194066942304435,,True,True,True,36,2,0.25,True,anchored_masked_phase_cross_correlation,K,10,"{'y_start': 513, 'y_stop': 2774, 'x_start': 54, 'x_stop': 2788}"
K12,PLD3_only_no_mCherry,8,488nm Binned,0.0,0.0,1.0,1.0,1.0,,True,False,False,8,2,0.25,True,anchored_masked_phase_cross_correlation,K,12,"{'y_start': 482, 'y_stop': 2745, 'x_start': 56, 'x_stop': 2789}"
K12,PLD3_only_no_mCherry,12,488nm Binned,-108.0,-59.0,-0.0006486379916903678,0.1854179366441639,0.9425459404889037,,True,False,False,8,2,0.25,True,anchored_masked_phase_cross_correlation,K,12,"{'y_start': 482, 'y_stop': 2745, 'x_start': 56, 'x_stop': 2789}"
K12,PLD3_only_no_mCherry,16,488nm Binned,-52.0,-17.0,0.008800873661213505,0.15910863931545743,0.9760488942576091,,True,False,False,8,2,0.25,True,anchored_masked_phase_cross_correlation,K,12,"{'y_start': 482, 'y_stop': 2745, 'x_start': 56, 'x_stop': 2789}"
K12,PLD3_only_no_mCherry,20,488nm Binned,-95.0,-60.0,0.005458187728685919,0.1267510029907797,0.9466483429911942,,True,False,False,8,2,0.25,True,anchored_masked_phase_cross_correlation,K,12,"{'y_start': 482, 'y_stop': 2745, 'x_start': 56, 'x_stop': 2789}"
K12,PLD3_only_no_mCherry,25,488nm Binned,84.62396602549052,-4.823315112158525,0.0037612058867748676,0.2656609757189528,0.9688615888678085,,True,False,True,20,2,0.25,True,anchored_masked_phase_cross_correlation,K,12,"{'y_start': 482, 'y_stop': 2745, 'x_start': 56, 'x_stop': 2789}"
K12,PLD3_only_no_mCherry,29,488nm Binned,52.62396602549052,-15.823315112158525,0.01108877695331266,0.223901249962303,0.9762353750146004,,True,False,False,20,2,0.25,True,anchored_masked_phase_cross_correlation,K,12,"{'y_start': 482, 'y_stop': 2745, 'x_start': 56, 'x_stop': 2789}"
K12,PLD3_only_no_mCherry,32,488nm Binned,424.2348239890416,-74.4520137665786,-0.0036031236121111653,0.16445876683873148,0.8299602897398086,,True,False,False,20,2,0.25,True,anchored_masked_phase_cross_correlation,K,12,"{'y_start': 482, 'y_stop': 2745, 'x_start': 56, 'x_stop': 2789}"
K12,PLD3_only_no_mCherry,36,488nm Binned,-122.56496011146737,-96.36344509918945,-0.0031502834554440924,0.1407562851938718,0.9251010179731308,,True,False,False,20,2,0.25,True,anchored_masked_phase_cross_correlation,K,12,"{'y_start': 482, 'y_stop': 2745, 'x_start': 56, 'x_stop': 2789}"
K12,PLD3_only_no_mCherry,39,488nm Binned,708.1433831416944,55.52770673831856,0.0017527255718936385,0.22922362249073913,0.7385074486533333,,True,True,True,36,2,0.25,True,anchored_masked_phase_cross_correlation,K,12,"{'y_start': 482, 'y_stop': 2745, 'x_start': 56, 'x_stop': 2789}"
K13,PLD3_only_no_mCherry,8,488nm Binned,0.0,0.0,1.0,1.0,1.0,,True,False,False,8,1,0.125,True,anchored_masked_phase_cross_correlation,K,13,"{'y_start': 468, 'y_stop': 2737, 'x_start': 55, 'x_stop': 2792}"
K13,PLD3_only_no_mCherry,12,488nm Binned,-118.0,-59.0,0.003371984396479431,0.1844440789522074,0.9391309189653931,,True,False,False,8,1,0.125,True,anchored_masked_phase_cross_correlation,K,13,"{'y_start': 468, 'y_stop': 2737, 'x_start': 55, 'x_stop': 2792}"
K13,PLD3_only_no_mCherry,16,488nm Binned,-57.0,-17.0,0.008264045670313563,0.14820052038523582,0.9743158528970665,,True,False,False,8,1,0.125,True,anchored_masked_phase_cross_correlation,K,13,"{'y_start': 468, 'y_stop': 2737, 'x_start': 55, 'x_stop': 2792}"
K13,PLD3_only_no_mCherry,20,488nm Binned,-107.0,-58.0,0.0012179934724366119,0.1446006388352198,0.9432231092281687,,True,False,False,8,1,0.125,True,anchored_masked_phase_cross_correlation,K,13,"{'y_start': 468, 'y_stop': 2737, 'x_start': 55, 'x_stop': 2792}"
K13,PLD3_only_no_mCherry,25,488nm Binned,88.02773548508776,-5.824308559976998,0.00015499802711688997,0.10936551627479729,0.9673384664878133,,True,False,False,8,1,0.125,True,anchored_masked_phase_cross_correlation,K,13,"{'y_start': 468, 'y_stop': 2737, 'x_start': 55, 'x_stop': 2792}"
K13,PLD3_only_no_mCherry,29,488nm Binned,55.02773548508776,-14.824308559976998,0.0018667485808128994,0.10086201644908263,0.9757435100985605,,True,False,False,8,1,0.125,True,anchored_masked_phase_cross_correlation,K,13,"{'y_start': 468, 'y_stop': 2737, 'x_start': 55, 'x_stop': 2792}"
K13,PLD3_only_no_mCherry,32,488nm Binned,412.32257770658543,-71.443960489054,0.0006571738553933212,0.2980460791175357,0.8349040154532241,,True,False,True,29,1,0.125,True,anchored_masked_phase_cross_correlation,K,13,"{'y_start': 468, 'y_stop': 2737, 'x_start': 55, 'x_stop': 2792}"
K13,PLD3_only_no_mCherry,36,488nm Binned,-130.4981842250745,-93.34721417415085,-0.007347767437442917,0.1854379688883274,0.9234316722570433,,True,False,False,29,1,0.125,True,anchored_masked_phase_cross_correlation,K,13,"{'y_start': 468, 'y_stop': 2737, 'x_start': 55, 'x_stop': 2792}"
K13,PLD3_only_no_mCherry,39,488nm Binned,690.4379734547147,54.564098286952685,0.001681441076278585,0.1101764137593544,0.7448164597581262,,True,True,False,29,1,0.125,True,anchored_masked_phase_cross_correlation,K,13,"{'y_start': 468, 'y_stop': 2737, 'x_start': 55, 'x_stop': 2792}"
K14,PLD3_only_no_mCherry,8,488nm Binned,0.0,0.0,1.0,1.0,1.0,,True,False,False,8,2,0.25,True,anchored_masked_phase_cross_correlation,K,14,"{'y_start': 454, 'y_stop': 2723, 'x_start': 51, 'x_stop': 2786}"
K14,PLD3_only_no_mCherry,12,488nm Binned,-127.0,-60.0,-0.0002935115043062444,0.158879009429252,0.9357241644929185,,True,False,False,8,2,0.25,True,anchored_masked_phase_cross_correlation,K,14,"{'y_start': 454, 'y_stop': 2723, 'x_start': 51, 'x_stop': 2786}"
K14,PLD3_only_no_mCherry,16,488nm Binned,-61.0,-20.0,0.013286001337829633,0.1506096568328539,0.9719056427972589,,True,False,False,8,2,0.25,True,anchored_masked_phase_cross_correlation,K,14,"{'y_start': 454, 'y_stop': 2723, 'x_start': 51, 'x_stop': 2786}"
K14,PLD3_only_no_mCherry,20,488nm Binned,-118.0,-62.0,0.0022835854194649674,0.12385210186592205,0.9381279311558893,,True,False,False,8,2,0.25,True,anchored_masked_phase_cross_correlation,K,14,"{'y_start': 454, 'y_stop': 2723, 'x_start': 51, 'x_stop': 2786}"
K14,PLD3_only_no_mCherry,25,488nm Binned,89.43150494545989,-7.82532893233838,0.009048210631609831,0.30269965602177223,0.9661740514995442,,True,False,True,20,2,0.25,True,anchored_masked_phase_cross_correlation,K,14,"{'y_start': 454, 'y_stop': 2723, 'x_start': 51, 'x_stop': 2786}"
K14,PLD3_only_no_mCherry,29,488nm Binned,53.43150494545989,-18.82532893233838,0.005873225596802284,0.2172913256341008,0.9749281333210814,,True,False,False,20,2,0.25,True,anchored_masked_phase_cross_correlation,K,14,"{'y_start': 454, 'y_stop': 2723, 'x_start': 51, 'x_stop': 2786}"
K14,PLD3_only_no_mCherry,32,488nm Binned,400.4103314776876,-77.43571301417433,-0.003625104058862366,0.16315261939186765,0.8371565531349577,,True,False,False,20,2,0.25,True,anchored_masked_phase_cross_correlation,K,14,"{'y_start': 454, 'y_stop': 2723, 'x_start': 51, 'x_stop': 2786}"
K14,PLD3_only_no_mCherry,36,488nm Binned,-144.43140824131478,-98.33058760388303,0.0028683883270715737,0.1205445734929586,0.9170815536265119,,True,False,False,20,2,0.25,True,anchored_masked_phase_cross_correlation,K,14,"{'y_start': 454, 'y_stop': 2723, 'x_start': 51, 'x_stop': 2786}"
K14,PLD3_only_no_mCherry,39,488nm Binned,663.7325640852396,50.60133707079149,0.0023926511399683503,0.28253572165926155,0.755012766112074,,True,True,True,36,2,0.25,True,anchored_masked_phase_cross_correlation,K,14,"{'y_start': 454, 'y_stop': 2723, 'x_start': 51, 'x_stop': 2786}"
K16,PLD3_only_no_mCherry,8,488nm Binned,0.0,0.0,1.0,1.0,1.0,,True,False,False,8,2,0.25,True,anchored_masked_phase_cross_correlation,K,16,"{'y_start': 421, 'y_stop': 2701, 'x_start': 56, 'x_stop': 2789}"
K16,PLD3_only_no_mCherry,12,488nm Binned,-147.0,-61.0,0.0038899306024032924,0.19275503489574777,0.92856574931578,,True,False,False,8,2,0.25,True,anchored_masked_phase_cross_correlation,K,16,"{'y_start': 421, 'y_stop': 2701, 'x_start': 56, 'x_stop': 2789}"
K16,PLD3_only_no_mCherry,16,488nm Binned,-65.0,-19.0,0.006688134550034857,0.1696667761229664,0.9708614413068555,,True,False,False,8,2,0.25,True,anchored_masked_phase_cross_correlation,K,16,"{'y_start': 421, 'y_stop': 2701, 'x_start': 56, 'x_stop': 2789}"
K16,PLD3_only_no_mCherry,20,488nm Binned,-144.0,-64.0,0.0023327118657701642,0.14550391427002624,0.928596021311485,,True,False,False,8,2,0.25,True,anchored_masked_phase_cross_correlation,K,16,"{'y_start': 421, 'y_stop': 2701, 'x_start': 56, 'x_stop': 2789}"
K16,PLD3_only_no_mCherry,25,488nm Binned,89.23903489005897,-3.827324803081865,0.009253262804601873,0.1028490764614922,0.9675916070918301,,True,False,False,8,2,0.25,True,anchored_masked_phase_cross_correlation,K,16,"{'y_start': 421, 'y_stop': 2701, 'x_start': 56, 'x_stop': 2789}"
K16,PLD3_only_no_mCherry,29,488nm Binned,52.239034890058974,-14.827324803081865,0.015846752035649714,0.29569889264504867,0.9767098018944418,,True,False,True,25,2,0.25,True,anchored_masked_phase_cross_correlation,K,16,"{'y_start': 421, 'y_stop': 2701, 'x_start': 56, 'x_stop': 2789}"
K16,PLD3_only_no_mCherry,32,488nm Binned,372.5859036630791,-75.41954174452258,0.012010966312874943,0.18783800269653908,0.8472079543480965,,True,False,False,25,2,0.25,True,anchored_masked_phase_cross_correlation,K,16,"{'y_start': 421, 'y_stop': 2701, 'x_start': 56, 'x_stop': 2789}"
K16,PLD3_only_no_mCherry,36,488nm Binned,-166.29772455432976,-92.29799390451444,0.001206602798543178,0.12795505751525724,0.9117001659522093,,True,False,False,25,2,0.25,True,anchored_masked_phase_cross_correlation,K,16,"{'y_start': 421, 'y_stop': 2701, 'x_start': 56, 'x_stop': 2789}"
K16,PLD3_only_no_mCherry,39,488nm Binned,611.3220272288563,55.67440247396007,0.006221328306248896,0.21476797216539328,0.7715727758468693,,True,True,True,36,2,0.25,True,anchored_masked_phase_cross_correlation,K,16,"{'y_start': 421, 'y_stop': 2701, 'x_start': 56, 'x_stop': 2789}"
K15,PLD3_only_no_mCherry,8,488nm Binned,0.0,0.0,1.0,1.0,1.0,,True,False,False,8,2,0.25,True,anchored_masked_phase_cross_correlation,K,15,"{'y_start': 440, 'y_stop': 2717, 'x_start': 48, 'x_stop': 2781}"
K15,PLD3_only_no_mCherry,12,488nm Binned,-136.0,-61.0,0.0009695211540238324,0.18829631600881755,0.9323195983574829,,True,False,False,8,2,0.25,True,anchored_masked_phase_cross_correlation,K,15,"{'y_start': 440, 'y_stop': 2717, 'x_start': 48, 'x_stop': 2781}"
K15,PLD3_only_no_mCherry,16,488nm Binned,-61.0,-18.0,0.0054949640985164005,0.16521056189804126,0.9725881608048412,,True,False,False,8,2,0.25,True,anchored_masked_phase_cross_correlation,K,15,"{'y_start': 440, 'y_stop': 2717, 'x_start': 48, 'x_stop': 2781}"
K15,PLD3_only_no_mCherry,20,488nm Binned,-131.0,-63.0,0.002168935596009008,0.13668683285401095,0.933360395768048,,True,False,False,8,2,0.25,True,anchored_masked_phase_cross_correlation,K,15,"{'y_start': 440, 'y_stop': 2717, 'x_start': 48, 'x_stop': 2781}"
K15,PLD3_only_no_mCherry,25,488nm Binned,91.83527440531543,-12.826331355005095,0.009782278962807483,0.10177078828000072,0.9636503144809314,,True,False,False,8,2,0.25,True,anchored_masked_phase_cross_correlation,K,15,"{'y_start': 440, 'y_stop': 2717, 'x_start': 48, 'x_stop': 2781}"
K15,PLD3_only_no_mCherry,29,488nm Binned,52.83527440531543,-22.826331355005095,0.012549285550756266,0.34195803104468064,0.97376530986855,,True,False,True,25,2,0.25,True,anchored_masked_phase_cross_correlation,K,15,"{'y_start': 440, 'y_stop': 2717, 'x_start': 48, 'x_stop': 2781}"
K15,PLD3_only_no_mCherry,32,488nm Binned,388.4980852130866,-82.42759500419561,-0.003724491731862352,0.2005729710228666,0.8396931406775728,,True,False,False,25,2,0.25,True,anchored_masked_phase_cross_correlation,K,15,"{'y_start': 440, 'y_stop': 2717, 'x_start': 48, 'x_stop': 2781}"
K15,PLD3_only_no_mCherry,36,488nm Binned,-150.36463232246388,-102.31422479709727,0.006391694510497478,0.12652062767608196,0.9137675429952391,,True,False,False,25,2,0.25,True,anchored_masked_phase_cross_correlation,K,15,"{'y_start': 440, 'y_stop': 2717, 'x_start': 48, 'x_stop': 2781}"
K15,PLD3_only_no_mCherry,39,488nm Binned,642.0271545041032,47.63801103116202,0.003019346535272223,0.24058267382505588,0.7632493111496054,,True,True,True,36,2,0.25,True,anchored_masked_phase_cross_correlation,K,15,"{'y_start': 440, 'y_stop': 2717, 'x_start': 48, 'x_stop': 2781}"
K17,PLD3_only_no_mCherry,8,488nm Binned,0.0,0.0,1.0,1.0,1.0,,True,False,False,8,2,0.25,True,anchored_masked_phase_cross_correlation,K,17,"{'y_start': 411, 'y_stop': 2695, 'x_start': 52, 'x_stop': 2785}"
K17,PLD3_only_no_mCherry,12,488nm Binned,-154.0,-62.0,0.004088408724989512,0.16672952215900924,0.925846983693485,,True,False,False,8,2,0.25,True,anchored_masked_phase_cross_correlation,K,17,"{'y_start': 411, 'y_stop': 2695, 'x_start': 52, 'x_stop': 2785}"
K17,PLD3_only_no_mCherry,16,488nm Binned,-67.0,-21.0,0.0053415837109606415,0.13736044584267787,0.969487651943535,,True,False,False,8,2,0.25,True,anchored_masked_phase_cross_correlation,K,17,"{'y_start': 411, 'y_stop': 2695, 'x_start': 52, 'x_stop': 2785}"
K17,PLD3_only_no_mCherry,20,488nm Binned,-155.0,-64.0,-0.0004332133658342857,0.11720121487023569,0.92484618422102,,True,False,False,8,2,0.25,True,anchored_masked_phase_cross_correlation,K,17,"{'y_start': 411, 'y_stop': 2695, 'x_start': 52, 'x_stop': 2785}"
K17,PLD3_only_no_mCherry,25,488nm Binned,93.64280435043838,-8.828345175443246,0.003617764387735528,0.27877755621753797,0.9643713751606937,,True,False,True,20,2,0.25,True,anchored_masked_phase_cross_correlation,K,17,"{'y_start': 411, 'y_stop': 2695, 'x_start': 52, 'x_stop': 2785}"
K17,PLD3_only_no_mCherry,29,488nm Binned,53.64280435043838,-18.828345175443246,0.01491822499645487,0.2516334077258294,0.9748539100715368,,True,False,False,20,2,0.25,True,anchored_masked_phase_cross_correlation,K,17,"{'y_start': 411, 'y_stop': 2695, 'x_start': 52, 'x_stop': 2785}"
K17,PLD3_only_no_mCherry,32,488nm Binned,363.6736574341885,-79.41129426964471,0.0021761435958364997,0.13495725977210576,0.8490183793980749,,True,False,False,20,2,0.25,True,anchored_masked_phase_cross_correlation,K,17,"{'y_start': 411, 'y_stop': 2695, 'x_start': 52, 'x_stop': 2785}"
K17,PLD3_only_no_mCherry,36,488nm Binned,-172.23094857056276,-97.28136733424617,0.007576663564835111,0.13620532482862086,0.9080647441589913,,True,False,False,20,2,0.25,True,anchored_masked_phase_cross_correlation,K,17,"{'y_start': 411, 'y_stop': 2695, 'x_start': 52, 'x_stop': 2785}"
K17,PLD3_only_no_mCherry,39,488nm Binned,596.6166178593885,51.711641257796146,0.0058193051942025875,0.21832628449656094,0.7776949343113618,,True,True,True,36,2,0.25,True,anchored_masked_phase_cross_correlation,K,17,"{'y_start': 411, 'y_stop': 2695, 'x_start': 52, 'x_stop': 2785}"
K19,PLD3_only_no_mCherry,8,488nm Binned,0.0,0.0,1.0,1.0,1.0,,True,False,False,8,1,0.125,True,anchored_masked_phase_cross_correlation,K,19,"{'y_start': 380, 'y_stop': 2669, 'x_start': 56, 'x_stop': 2790}"
K19,PLD3_only_no_mCherry,12,488nm Binned,-172.0,-62.0,0.0020249524907855823,0.18476187603608876,0.9197065099622828,,True,False,False,8,1,0.125,True,anchored_masked_phase_cross_correlation,K,19,"{'y_start': 380, 'y_stop': 2669, 'x_start': 56, 'x_stop': 2790}"
K19,PLD3_only_no_mCherry,16,488nm Binned,-75.0,-19.0,0.01547969509626236,0.15318214770859695,0.967397790071369,,True,False,False,8,1,0.125,True,anchored_masked_phase_cross_correlation,K,19,"{'y_start': 380, 'y_stop': 2669, 'x_start': 56, 'x_stop': 2790}"
K19,PLD3_only_no_mCherry,20,488nm Binned,-178.0,-65.0,0.012945777160042507,0.12422401797660891,0.9166785809461008,,True,False,False,8,1,0.125,True,anchored_masked_phase_cross_correlation,K,19,"{'y_start': 380, 'y_stop': 2669, 'x_start': 56, 'x_stop': 2790}"
K19,PLD3_only_no_mCherry,25,488nm Binned,95.45028942105637,-5.830350022348284,0.004570154222621006,0.10720945295930176,0.9647536266426356,,True,False,False,8,1,0.125,True,anchored_masked_phase_cross_correlation,K,19,"{'y_start': 380, 'y_stop': 2669, 'x_start': 56, 'x_stop': 2790}"
K19,PLD3_only_no_mCherry,29,488nm Binned,52.45028942105637,-12.830350022348284,0.0059955547914525885,0.10334868976803445,0.9773200848550009,,True,False,False,8,1,0.125,True,anchored_masked_phase_cross_correlation,K,19,"{'y_start': 380, 'y_stop': 2669, 'x_start': 56, 'x_stop': 2790}"
K19,PLD3_only_no_mCherry,32,488nm Binned,339.84955329968943,-73.3950583568294,0.011578707584005098,0.3139654192320744,0.8589443816593622,,True,False,True,29,1,0.125,True,anchored_masked_phase_cross_correlation,K,19,"{'y_start': 380, 'y_stop': 2669, 'x_start': 56, 'x_stop': 2790}"
K19,PLD3_only_no_mCherry,36,488nm Binned,-198.09660544241342,-93.2486419154302,0.0008553952398239729,0.15361438582145992,0.9006609349260617,,True,False,False,29,1,0.125,True,anchored_masked_phase_cross_correlation,K,19,"{'y_start': 380, 'y_stop': 2669, 'x_start': 56, 'x_stop': 2790}"
K19,PLD3_only_no_mCherry,39,488nm Binned,537.2074931675088,55.78498854352074,0.0006663714791851,0.11090326075455162,0.7968816776259328,,True,True,False,29,1,0.125,True,anchored_masked_phase_cross_correlation,K,19,"{'y_start': 380, 'y_stop': 2669, 'x_start': 56, 'x_stop': 2790}"
K18,PLD3_only_no_mCherry,8,488nm Binned,0.0,0.0,1.0,1.0,1.0,,True,False,False,8,2,0.25,True,anchored_masked_phase_cross_correlation,K,18,"{'y_start': 396, 'y_stop': 2685, 'x_start': 51, 'x_stop': 2785}"
K18,PLD3_only_no_mCherry,12,488nm Binned,-163.0,-63.0,0.0022998934791612236,0.17312023285543768,0.9224478884006466,,True,False,False,8,2,0.25,True,anchored_masked_phase_cross_correlation,K,18,"{'y_start': 396, 'y_stop': 2685, 'x_start': 51, 'x_stop': 2785}"
K18,PLD3_only_no_mCherry,16,488nm Binned,-72.0,-21.0,0.007691369629295367,0.15377676679225868,0.9677570420685913,,True,False,False,8,2,0.25,True,anchored_masked_phase_cross_correlation,K,18,"{'y_start': 396, 'y_stop': 2685, 'x_start': 51, 'x_stop': 2785}"
K18,PLD3_only_no_mCherry,20,488nm Binned,-168.0,-64.0,0.005295639189000665,0.1216981228535892,0.9204145585686525,,True,False,False,8,2,0.25,True,anchored_masked_phase_cross_correlation,K,18,"{'y_start': 396, 'y_stop': 2685, 'x_start': 51, 'x_stop': 2785}"
K18,PLD3_only_no_mCherry,25,488nm Binned,91.04653791037708,-7.829329649466672,0.007831826113024338,0.28708872184968914,0.9656111156333231,,True,False,True,20,2,0.25,True,anchored_masked_phase_cross_correlation,K,18,"{'y_start': 396, 'y_stop': 2685, 'x_start': 51, 'x_stop': 2785}"
K18,PLD3_only_no_mCherry,29,488nm Binned,53.04653791037708,-18.829329649466672,0.009458282851289773,0.23677818503028664,0.9750601115015404,,True,False,False,20,2,0.25,True,anchored_masked_phase_cross_correlation,K,18,"{'y_start': 396, 'y_stop': 2685, 'x_start': 51, 'x_stop': 2785}"
K18,PLD3_only_no_mCherry,32,488nm Binned,352.7616700636827,-78.40330579599686,-0.004848455850670627,0.15841638327911867,0.8530259996719377,,True,False,False,20,2,0.25,True,anchored_masked_phase_cross_correlation,K,18,"{'y_start': 396, 'y_stop': 2685, 'x_start': 51, 'x_stop': 2785}"
K18,PLD3_only_no_mCherry,36,488nm Binned,-182.1636451896593,-99.26526842077874,0.007243206718816359,0.12154731115119695,0.9040711334639434,,True,False,False,20,2,0.25,True,anchored_masked_phase_cross_correlation,K,18,"{'y_start': 396, 'y_stop': 2685, 'x_start': 51, 'x_stop': 2785}"
K18,PLD3_only_no_mCherry,39,488nm Binned,568.9123377135111,50.747749971356825,0.0031490663420851587,0.2622732156225346,0.7874499709181806,,True,True,True,36,2,0.25,True,anchored_masked_phase_cross_correlation,K,18,"{'y_start': 396, 'y_stop': 2685, 'x_start': 51, 'x_stop': 2785}"
K20,PLD3_only_no_mCherry,8,488nm Binned,0.0,0.0,1.0,1.0,1.0,,True,False,False,8,2,0.25,True,anchored_masked_phase_cross_correlation,K,20,"{'y_start': 368, 'y_stop': 2660, 'x_start': 53, 'x_stop': 2788}"
K20,PLD3_only_no_mCherry,12,488nm Binned,-183.0,-62.0,0.001845061994903488,0.18848100443543409,0.9159539982376592,,True,False,False,8,2,0.25,True,anchored_masked_phase_cross_correlation,K,20,"{'y_start': 368, 'y_stop': 2660, 'x_start': 53, 'x_stop': 2788}"
K20,PLD3_only_no_mCherry,16,488nm Binned,-78.0,-18.0,0.006641656089133974,0.17489713183404584,0.9666978869417552,,True,False,False,8,2,0.25,True,anchored_masked_phase_cross_correlation,K,20,"{'y_start': 368, 'y_stop': 2660, 'x_start': 53, 'x_stop': 2788}"
K20,PLD3_only_no_mCherry,20,488nm Binned,-191.0,-62.0,0.004097148363640245,0.1279905881513564,0.9132248988015694,,True,False,False,8,2,0.25,True,anchored_masked_phase_cross_correlation,K,20,"{'y_start': 368, 'y_stop': 2660, 'x_start': 53, 'x_stop': 2788}"
K20,PLD3_only_no_mCherry,25,488nm Binned,95.85401400641058,-7.831343471465516,0.01068198727539775,0.2735477062809653,0.9639387660089321,,True,False,True,20,2,0.25,True,anchored_masked_phase_cross_correlation,K,20,"{'y_start': 368, 'y_stop': 2660, 'x_start': 53, 'x_stop': 2788}"
K20,PLD3_only_no_mCherry,29,488nm Binned,52.85401400641058,-16.831343471465516,0.002633879476722467,0.23720820897283965,0.9758106085251093,,True,False,False,20,2,0.25,True,anchored_masked_phase_cross_correlation,K,20,"{'y_start': 368, 'y_stop': 2660, 'x_start': 53, 'x_stop': 2788}"
K20,PLD3_only_no_mCherry,32,488nm Binned,328.93763067949476,-76.38700516857352,-0.0022547709709683636,0.16073668508378888,0.8617281619625435,,True,False,False,20,2,0.25,True,anchored_masked_phase_cross_correlation,K,20,"{'y_start': 368, 'y_stop': 2660, 'x_start': 53, 'x_stop': 2788}"
K20,PLD3_only_no_mCherry,36,488nm Binned,-207.02917014730338,-94.23241115266137,-0.007029054189187337,0.10568479576615454,0.8973293829854383,,True,False,False,20,2,0.25,True,anchored_masked_phase_cross_correlation,K,20,"{'y_start': 368, 'y_stop': 2660, 'x_start': 53, 'x_stop': 2788}"
K20,PLD3_only_no_mCherry,39,488nm Binned,521.5034955392075,52.821379562985385,0.001857126168669186,0.24316689389361623,0.8030962041942411,,True,True,True,36,2,0.25,True,anchored_masked_phase_cross_correlation,K,20,"{'y_start': 368, 'y_stop': 2660, 'x_start': 53, 'x_stop': 2788}"
L05,PLD3_TMEM106B_no_mCherry,8,488nm Binned,0.0,0.0,1.0,1.0,1.0,,True,False,False,8,2,0.25,True,anchored_masked_phase_cross_correlation,L,05,"{'y_start': 584, 'y_stop': 2824, 'x_start': 85, 'x_stop': 2783}"
L05,PLD3_TMEM106B_no_mCherry,12,488nm Binned,-42.0,-48.0,0.005924164556881228,0.1630733064134534,0.9688643406102835,,True,False,False,8,2,0.25,True,anchored_masked_phase_cross_correlation,L,05,"{'y_start': 584, 'y_stop': 2824, 'x_start': 85, 'x_stop': 2783}"
L05,PLD3_TMEM106B_no_mCherry,16,488nm Binned,-32.0,-14.0,0.022602598210723027,0.14572584691528423,0.9840154136735079,,True,False,False,8,2,0.25,True,anchored_masked_phase_cross_correlation,L,05,"{'y_start': 584, 'y_stop': 2824, 'x_start': 85, 'x_stop': 2783}"
L05,PLD3_TMEM106B_no_mCherry,20,488nm Binned,-9.0,-44.0,0.008878968997732722,0.11041896466568353,0.9815683665668785,,True,False,False,8,2,0.25,True,anchored_masked_phase_cross_correlation,L,05,"{'y_start': 584, 'y_stop': 2824, 'x_start': 85, 'x_stop': 2783}"
L05,PLD3_TMEM106B_no_mCherry,25,488nm Binned,75.79853735181314,-4.412420996770379,0.002127452970596431,0.3347743998435224,0.9720731024338682,,True,False,True,20,2,0.25,True,anchored_masked_phase_cross_correlation,L,05,"{'y_start': 584, 'y_stop': 2824, 'x_start': 85, 'x_stop': 2783}"
L05,PLD3_TMEM106B_no_mCherry,29,488nm Binned,57.79853735181314,-17.41242099677038,0.016374593438101943,0.25819208682542494,0.9738981703461889,,True,False,False,20,2,0.25,True,anchored_masked_phase_cross_correlation,L,05,"{'y_start': 584, 'y_stop': 2824, 'x_start': 85, 'x_stop': 2783}"
L05,PLD3_TMEM106B_no_mCherry,32,488nm Binned,507.6127532792998,-62.42186297971057,0.0037731233860241417,0.1859414027216736,0.8050953791927459,,True,True,False,20,2,0.25,True,anchored_masked_phase_cross_correlation,L,05,"{'y_start': 584, 'y_stop': 2824, 'x_start': 85, 'x_stop': 2783}"
L05,PLD3_TMEM106B_no_mCherry,36,488nm Binned,-43.04809533093794,-84.41279157101235,0.00712190021677544,0.13314673580092481,0.9559993486370922,,True,False,False,20,2,0.25,True,anchored_masked_phase_cross_correlation,L,05,"{'y_start': 584, 'y_stop': 2824, 'x_start': 85, 'x_stop': 2783}"
L05,PLD3_TMEM106B_no_mCherry,39,488nm Binned,885.0459870379782,86.56218996459938,0.005485446739800751,0.23071935660191772,0.6705384752462603,,True,True,True,36,2,0.25,True,anchored_masked_phase_cross_correlation,L,05,"{'y_start': 584, 'y_stop': 2824, 'x_start': 85, 'x_stop': 2783}"
L06,PLD3_TMEM106B_no_mCherry,8,488nm Binned,0.0,0.0,1.0,1.0,1.0,,True,False,False,8,2,0.25,True,anchored_masked_phase_cross_correlation,L,06,"{'y_start': 565, 'y_stop': 2809, 'x_start': 82, 'x_stop': 2785}"
L06,PLD3_TMEM106B_no_mCherry,12,488nm Binned,-50.0,-47.0,0.004908288113940817,0.1819357155974004,0.9664642211757108,,True,False,False,8,2,0.25,True,anchored_masked_phase_cross_correlation,L,06,"{'y_start': 565, 'y_stop': 2809, 'x_start': 82, 'x_stop': 2785}"
L06,PLD3_TMEM106B_no_mCherry,16,488nm Binned,-34.0,-12.0,0.01834594460871232,0.14520799504904708,0.9840105507023102,,True,False,False,8,2,0.25,True,anchored_masked_phase_cross_correlation,L,06,"{'y_start': 565, 'y_stop': 2809, 'x_start': 82, 'x_stop': 2785}"
L06,PLD3_TMEM106B_no_mCherry,20,488nm Binned,-25.0,-45.0,0.002317847044379626,0.11765253728199218,0.9757295186242071,,True,False,False,8,2,0.25,True,anchored_masked_phase_cross_correlation,L,06,"{'y_start': 565, 'y_stop': 2809, 'x_start': 82, 'x_stop': 2785}"
L06,PLD3_TMEM106B_no_mCherry,25,488nm Binned,75.20233373986048,-8.413549066528503,0.00652383641070226,0.10082567181513051,0.970922151446067,,True,False,False,8,2,0.25,True,anchored_masked_phase_cross_correlation,L,06,"{'y_start': 565, 'y_stop': 2809, 'x_start': 82, 'x_stop': 2785}"
L06,PLD3_TMEM106B_no_mCherry,29,488nm Binned,53.20233373986048,-19.413549066528503,0.015060630781059667,0.3558334241480047,0.9748062220534515,,True,False,True,25,2,0.25,True,anchored_masked_phase_cross_correlation,L,06,"{'y_start': 565, 'y_stop': 2809, 'x_start': 82, 'x_stop': 2785}"
L06,PLD3_TMEM106B_no_mCherry,32,488nm Binned,491.70031306730016,-60.41283866184676,0.009443111339655483,0.2038864415074128,0.8111032929760363,,True,False,False,25,2,0.25,True,anchored_masked_phase_cross_correlation,L,06,"{'y_start': 565, 'y_stop': 2809, 'x_start': 82, 'x_stop': 2785}"
L06,PLD3_TMEM106B_no_mCherry,36,488nm Binned,-58.98171460293088,-87.3945823224567,0.0015097630319353262,0.13340275065098367,0.9495889163562115,,True,False,False,25,2,0.25,True,anchored_masked_phase_cross_correlation,L,06,"{'y_start': 565, 'y_stop': 2809, 'x_start': 82, 'x_stop': 2785}"
L06,PLD3_TMEM106B_no_mCherry,39,488nm Binned,853.3397317033305,81.60281800676603,-0.0026952379734234,0.2844003856389051,0.6824746899680275,,True,True,True,36,2,0.25,True,anchored_masked_phase_cross_correlation,L,06,"{'y_start': 565, 'y_stop': 2809, 'x_start': 82, 'x_stop': 2785}"
L07,PLD3_TMEM106B_no_mCherry,8,488nm Binned,0.0,0.0,1.0,1.0,1.0,,True,False,False,8,2,0.25,True,anchored_masked_phase_cross_correlation,L,07,"{'y_start': 552, 'y_stop': 2802, 'x_start': 82, 'x_stop': 2785}"
L07,PLD3_TMEM106B_no_mCherry,12,488nm Binned,-60.0,-47.0,0.001557282908325019,0.1759504138776213,0.9630346107386075,,True,False,False,8,2,0.25,True,anchored_masked_phase_cross_correlation,L,07,"{'y_start': 552, 'y_stop': 2802, 'x_start': 82, 'x_stop': 2785}"
L07,PLD3_TMEM106B_no_mCherry,16,488nm Binned,-36.0,-12.0,0.014165312108218801,0.14799565564760328,0.9833161184152939,,True,False,False,8,2,0.25,True,anchored_masked_phase_cross_correlation,L,07,"{'y_start': 552, 'y_stop': 2802, 'x_start': 82, 'x_stop': 2785}"
L07,PLD3_TMEM106B_no_mCherry,20,488nm Binned,-34.0,-47.0,0.004466680832881172,0.12463076558085305,0.9719515978750761,,True,False,False,8,2,0.25,True,anchored_masked_phase_cross_correlation,L,07,"{'y_start': 552, 'y_stop': 2802, 'x_start': 82, 'x_stop': 2785}"
L07,PLD3_TMEM106B_no_mCherry,25,488nm Binned,76.60615705114833,-6.414632261257793,0.0012984683290108317,0.10457958005760497,0.9711124650326173,,True,False,False,8,2,0.25,True,anchored_masked_phase_cross_correlation,L,07,"{'y_start': 552, 'y_stop': 2802, 'x_start': 82, 'x_stop': 2785}"
L07,PLD3_TMEM106B_no_mCherry,29,488nm Binned,53.60615705114833,-17.414632261257793,0.0036848329783896803,0.34225927983477994,0.97535031723155,,True,False,True,25,2,0.25,True,anchored_masked_phase_cross_correlation,L,07,"{'y_start': 552, 'y_stop': 2802, 'x_start': 82, 'x_stop': 2785}"
L07,PLD3_TMEM106B_no_mCherry,32,488nm Binned,480.78767856867125,-60.404137952682504,0.0010048984307409045,0.21669490100780406,0.8148306318894891,,True,False,False,25,2,0.25,True,anchored_masked_phase_cross_correlation,L,07,"{'y_start': 552, 'y_stop': 2802, 'x_start': 82, 'x_stop': 2785}"
L07,PLD3_TMEM106B_no_mCherry,36,488nm Binned,-65.91572968244145,-85.37703238525864,0.004701539576353886,0.15854874505904124,0.9479321731958902,,True,False,False,25,2,0.25,True,anchored_masked_phase_cross_correlation,L,07,"{'y_start': 552, 'y_stop': 2802, 'x_start': 82, 'x_stop': 2785}"
L07,PLD3_TMEM106B_no_mCherry,39,488nm Binned,832.6326286042968,81.64203430774796,-0.0011999799687311768,0.23102991228395822,0.6894796047472468,,True,True,True,36,2,0.25,True,anchored_masked_phase_cross_correlation,L,07,"{'y_start': 552, 'y_stop': 2802, 'x_start': 82, 'x_stop': 2785}"
L08,PLD3_TMEM106B_no_mCherry,8,488nm Binned,0.0,0.0,1.0,1.0,1.0,,True,False,False,8,1,0.125,True,anchored_masked_phase_cross_correlation,L,08,"{'y_start': 542, 'y_stop': 2793, 'x_start': 83, 'x_stop': 2784}"
L08,PLD3_TMEM106B_no_mCherry,12,488nm Binned,-72.0,-48.0,-0.00229081449545447,0.2003574316872549,0.9585791565273717,,True,False,False,8,1,0.125,True,anchored_masked_phase_cross_correlation,L,08,"{'y_start': 542, 'y_stop': 2793, 'x_start': 83, 'x_stop': 2784}"
L08,PLD3_TMEM106B_no_mCherry,16,488nm Binned,-39.0,-14.0,0.01318489344997961,0.15605495803714192,0.9815866027088694,,True,False,False,8,1,0.125,True,anchored_masked_phase_cross_correlation,L,08,"{'y_start': 542, 'y_stop': 2793, 'x_start': 83, 'x_stop': 2784}"
L08,PLD3_TMEM106B_no_mCherry,20,488nm Binned,-47.0,-49.0,0.0022910386410229084,0.11609831550194116,0.9668071822194212,,True,False,False,8,1,0.125,True,anchored_masked_phase_cross_correlation,L,08,"{'y_start': 542, 'y_stop': 2793, 'x_start': 83, 'x_stop': 2784}"
L08,PLD3_TMEM106B_no_mCherry,25,488nm Binned,78.00995343398245,-5.415580834054708,0.003669681348374543,0.11185897193916068,0.9709629603200944,,True,False,False,8,1,0.125,True,anchored_masked_phase_cross_correlation,L,08,"{'y_start': 542, 'y_stop': 2793, 'x_start': 83, 'x_stop': 2784}"
L08,PLD3_TMEM106B_no_mCherry,29,488nm Binned,58.009953433982446,-16.41558083405471,-0.002149564194293596,0.10151675818670035,0.9741654454285937,,True,False,False,8,1,0.125,True,anchored_masked_phase_cross_correlation,L,08,"{'y_start': 542, 'y_stop': 2793, 'x_start': 83, 'x_stop': 2784}"
L08,PLD3_TMEM106B_no_mCherry,32,488nm Binned,473.87523799958944,-59.39640828385018,0.0017679859178310652,0.31768874019720345,0.8174833790417279,,True,False,True,29,1,0.125,True,anchored_masked_phase_cross_correlation,L,08,"{'y_start': 542, 'y_stop': 2793, 'x_start': 83, 'x_stop': 2784}"
L08,PLD3_TMEM106B_no_mCherry,36,488nm Binned,-74.84934960355531,-84.36146077156445,0.0010677772693267048,0.21332989975503708,0.9452548338316072,,True,False,False,29,1,0.125,True,anchored_masked_phase_cross_correlation,L,08,"{'y_start': 542, 'y_stop': 2793, 'x_start': 83, 'x_stop': 2784}"
L08,PLD3_TMEM106B_no_mCherry,39,488nm Binned,810.9263711529384,82.67701411521557,-0.0015577904789077447,0.13265190589408532,0.69657375256098,,True,True,False,29,1,0.125,True,anchored_masked_phase_cross_correlation,L,08,"{'y_start': 542, 'y_stop': 2793, 'x_start': 83, 'x_stop': 2784}"
L10,PLD3_TMEM106B_no_mCherry,8,488nm Binned,0.0,0.0,1.0,1.0,1.0,,True,False,False,8,2,0.25,True,anchored_masked_phase_cross_correlation,L,10,"{'y_start': 511, 'y_stop': 2770, 'x_start': 82, 'x_stop': 2785}"
L10,PLD3_TMEM106B_no_mCherry,12,488nm Binned,-88.0,-49.0,0.010654067388380187,0.16668076693873668,0.9527557485182526,,True,False,False,8,2,0.25,True,anchored_masked_phase_cross_correlation,L,10,"{'y_start': 511, 'y_stop': 2770, 'x_start': 82, 'x_stop': 2785}"
L10,PLD3_TMEM106B_no_mCherry,16,488nm Binned,-46.0,-14.0,0.010797324461864266,0.15056374657697744,0.979157791744231,,True,False,False,8,2,0.25,True,anchored_masked_phase_cross_correlation,L,10,"{'y_start': 511, 'y_stop': 2770, 'x_start': 82, 'x_stop': 2785}"
L10,PLD3_TMEM106B_no_mCherry,20,488nm Binned,-69.0,-46.0,0.003878230720721669,0.11597700087959903,0.9602882477547662,,True,False,False,8,2,0.25,True,anchored_masked_phase_cross_correlation,L,10,"{'y_start': 511, 'y_stop': 2770, 'x_start': 82, 'x_stop': 2785}"
L10,PLD3_TMEM106B_no_mCherry,25,488nm Binned,84.81754620303764,-3.417594652666594,0.0036981297971456963,0.10059701437058427,0.9692698501643436,,True,False,False,8,2,0.25,True,anchored_masked_phase_cross_correlation,L,10,"{'y_start': 511, 'y_stop': 2770, 'x_start': 82, 'x_stop': 2785}"
L10,PLD3_TMEM106B_no_mCherry,29,488nm Binned,55.81754620303764,-15.417594652666594,0.008729207132466072,0.3450448055921231,0.9752667082362813,,True,False,True,25,2,0.25,True,anchored_masked_phase_cross_correlation,L,10,"{'y_start': 511, 'y_stop': 2770, 'x_start': 82, 'x_stop': 2785}"
L10,PLD3_TMEM106B_no_mCherry,32,488nm Binned,448.0503570935216,-58.38010742431288,0.008004507657768539,0.20308211871243426,0.8266003862830016,,True,False,False,25,2,0.25,True,anchored_masked_phase_cross_correlation,L,10,"{'y_start': 511, 'y_stop': 2770, 'x_start': 82, 'x_stop': 2785}"
L10,PLD3_TMEM106B_no_mCherry,36,488nm Binned,-97.71658902386844,-84.3286030815143,0.0006373127913465546,0.14037535961333314,0.9375271952536471,,True,False,False,25,2,0.25,True,anchored_masked_phase_cross_correlation,L,10,"{'y_start': 511, 'y_stop': 2770, 'x_start': 82, 'x_stop': 2785}"
L10,PLD3_TMEM106B_no_mCherry,39,488nm Binned,762.5138576260724,81.75064508270953,0.0027676095757246883,0.2078099802978164,0.7132044993640024,,True,True,True,36,2,0.25,True,anchored_masked_phase_cross_correlation,L,10,"{'y_start': 511, 'y_stop': 2770, 'x_start': 82, 'x_stop': 2785}"
L09,PLD3_TMEM106B_no_mCherry,8,488nm Binned,0.0,0.0,1.0,1.0,1.0,,True,False,False,8,2,0.25,True,anchored_masked_phase_cross_correlation,L,09,"{'y_start': 526, 'y_stop': 2780, 'x_start': 80, 'x_stop': 2786}"
L09,PLD3_TMEM106B_no_mCherry,12,488nm Binned,-80.0,-49.0,0.00979164159245719,0.17117182915924492,0.9554974916794563,,True,False,False,8,2,0.25,True,anchored_masked_phase_cross_correlation,L,09,"{'y_start': 526, 'y_stop': 2780, 'x_start': 80, 'x_stop': 2786}"
L09,PLD3_TMEM106B_no_mCherry,16,488nm Binned,-44.0,-14.0,0.010562718141210533,0.14158070522112826,0.9798517377341277,,True,False,False,8,2,0.25,True,anchored_masked_phase_cross_correlation,L,09,"{'y_start': 526, 'y_stop': 2780, 'x_start': 80, 'x_stop': 2786}"
L09,PLD3_TMEM106B_no_mCherry,20,488nm Binned,-58.0,-49.0,0.0015711775995059642,0.12395193873561478,0.9630372853727662,,True,False,False,8,2,0.25,True,anchored_masked_phase_cross_correlation,L,09,"{'y_start': 526, 'y_stop': 2780, 'x_start': 80, 'x_stop': 2786}"
L09,PLD3_TMEM106B_no_mCherry,25,488nm Binned,81.41376776755351,-9.416565305717086,0.009016304670546592,0.2950215846070147,0.968422933918887,,True,False,True,20,2,0.25,True,anchored_masked_phase_cross_correlation,L,09,"{'y_start': 526, 'y_stop': 2780, 'x_start': 80, 'x_stop': 2786}"
L09,PLD3_TMEM106B_no_mCherry,29,488nm Binned,54.41376776755351,-19.416565305717086,0.004434658153242672,0.24369268340735692,0.9743856527300294,,True,False,False,20,2,0.25,True,anchored_masked_phase_cross_correlation,L,09,"{'y_start': 526, 'y_stop': 2780, 'x_start': 80, 'x_stop': 2786}"
L09,PLD3_TMEM106B_no_mCherry,32,488nm Binned,460.96266803701656,-64.38841964950188,0.005348889031276915,0.16222655471600278,0.8204315957727392,,True,False,False,20,2,0.25,True,anchored_masked_phase_cross_correlation,L,09,"{'y_start': 526, 'y_stop': 2780, 'x_start': 80, 'x_stop': 2786}"
L09,PLD3_TMEM106B_no_mCherry,36,488nm Binned,-87.78323315833768,-86.34536156598551,0.008652101824409798,0.13021912326999954,0.9402071996941591,,True,False,False,20,2,0.25,True,anchored_masked_phase_cross_correlation,L,09,"{'y_start': 526, 'y_stop': 2780, 'x_start': 80, 'x_stop': 2786}"
L09,PLD3_TMEM106B_no_mCherry,39,488nm Binned,784.2195493014478,79.71312378129733,0.010482719497950706,0.2631349361166154,0.7063681682067534,,True,True,True,36,2,0.25,True,anchored_masked_phase_cross_correlation,L,09,"{'y_start': 526, 'y_stop': 2780, 'x_start': 80, 'x_stop': 2786}"
L11,PLD3_TMEM106B_no_mCherry,8,488nm Binned,0.0,0.0,1.0,1.0,1.0,,True,False,False,8,1,0.125,True,anchored_masked_phase_cross_correlation,L,11,"{'y_start': 495, 'y_stop': 2760, 'x_start': 80, 'x_stop': 2786}"
L11,PLD3_TMEM106B_no_mCherry,12,488nm Binned,-98.0,-50.0,0.003087839866710357,0.18922195266882436,0.9489918088113147,,True,False,False,8,1,0.125,True,anchored_masked_phase_cross_correlation,L,11,"{'y_start': 495, 'y_stop': 2760, 'x_start': 80, 'x_stop': 2786}"
L11,PLD3_TMEM106B_no_mCherry,16,488nm Binned,-49.0,-14.0,0.011018352985761528,0.17021591324626698,0.978116872759386,,True,False,False,8,1,0.125,True,anchored_masked_phase_cross_correlation,L,11,"{'y_start': 495, 'y_stop': 2760, 'x_start': 80, 'x_stop': 2786}"
L11,PLD3_TMEM106B_no_mCherry,20,488nm Binned,-84.0,-49.0,0.0030403175215768775,0.12547389739228731,0.9541266200988545,,True,False,False,8,1,0.125,True,anchored_masked_phase_cross_correlation,L,11,"{'y_start': 495, 'y_stop': 2760, 'x_start': 80, 'x_stop': 2786}"
L11,PLD3_TMEM106B_no_mCherry,25,488nm Binned,84.22133361232409,-8.418588099966655,0.0030490563423991894,0.3150972988668429,0.9677849712362624,,True,False,True,20,1,0.125,True,anchored_masked_phase_cross_correlation,L,11,"{'y_start': 495, 'y_stop': 2760, 'x_start': 80, 'x_stop': 2786}"
L11,PLD3_TMEM106B_no_mCherry,29,488nm Binned,52.22133361232409,-19.418588099966655,0.0008031930830062969,0.2520028016106615,0.975144231968662,,True,False,False,20,1,0.125,True,anchored_masked_phase_cross_correlation,L,11,"{'y_start': 495, 'y_stop': 2760, 'x_start': 80, 'x_stop': 2786}"
L11,PLD3_TMEM106B_no_mCherry,32,488nm Binned,434.1379813461608,-64.3720541110888,0.0034971978592061685,0.20095424553542393,0.8295795538242773,,True,False,False,20,1,0.125,True,anchored_masked_phase_cross_correlation,L,11,"{'y_start': 495, 'y_stop': 2760, 'x_start': 80, 'x_stop': 2786}"
L11,PLD3_TMEM106B_no_mCherry,36,488nm Binned,-107.65007690096172,-86.31237209156643,0.010230314963972866,0.159455846472061,0.933499747828512,,True,False,False,20,1,0.125,True,anchored_masked_phase_cross_correlation,L,11,"{'y_start': 495, 'y_stop': 2760, 'x_start': 80, 'x_stop': 2786}"
L11,PLD3_TMEM106B_no_mCherry,39,488nm Binned,734.8078831156272,79.78703684301217,-0.00031846571412843676,0.12098647826498109,0.7230987622280998,,True,True,False,20,1,0.125,True,anchored_masked_phase_cross_correlation,L,11,"{'y_start': 495, 'y_stop': 2760, 'x_start': 80, 'x_stop': 2786}"
L13,PLD3_TMEM106B_no_mCherry,8,488nm Binned,0.0,0.0,1.0,1.0,1.0,,True,False,False,8,1,0.125,True,anchored_masked_phase_cross_correlation,L,13,"{'y_start': 466, 'y_stop': 2735, 'x_start': 77, 'x_stop': 2789}"
L13,PLD3_TMEM106B_no_mCherry,12,488nm Binned,-119.0,-50.0,0.003927352973760077,0.18223592908359357,0.941797286073034,,True,False,False,8,1,0.125,True,anchored_masked_phase_cross_correlation,L,13,"{'y_start': 466, 'y_stop': 2735, 'x_start': 77, 'x_stop': 2789}"
L13,PLD3_TMEM106B_no_mCherry,16,488nm Binned,-57.0,-14.0,0.002561844682513005,0.17617991176831294,0.9753410887997993,,True,False,False,8,1,0.125,True,anchored_masked_phase_cross_correlation,L,13,"{'y_start': 466, 'y_stop': 2735, 'x_start': 77, 'x_stop': 2789}"
L13,PLD3_TMEM106B_no_mCherry,20,488nm Binned,-108.0,-48.0,0.007514806963309364,0.13033636242350113,0.9462369356278777,,True,False,False,8,1,0.125,True,anchored_masked_phase_cross_correlation,L,13,"{'y_start': 466, 'y_stop': 2735, 'x_start': 77, 'x_stop': 2789}"
L13,PLD3_TMEM106B_no_mCherry,25,488nm Binned,86.0288725325554,-9.420610894993388,0.0002330016758733353,0.10591998922576014,0.96681767724845,,True,False,False,8,1,0.125,True,anchored_masked_phase_cross_correlation,L,13,"{'y_start': 466, 'y_stop': 2735, 'x_start': 77, 'x_stop': 2789}"
L13,PLD3_TMEM106B_no_mCherry,29,488nm Binned,54.0288725325554,-19.420610894993388,0.011003826019894296,0.3658725508988112,0.9745175635007193,,True,False,True,25,1,0.125,True,anchored_masked_phase_cross_correlation,L,13,"{'y_start': 466, 'y_stop': 2735, 'x_start': 77, 'x_stop': 2789}"
L13,PLD3_TMEM106B_no_mCherry,32,488nm Binned,410.313488852662,-64.35568862622858,-0.003934328344984372,0.21673368933960496,0.8377049992946607,,True,False,False,25,1,0.125,True,anchored_masked_phase_cross_correlation,L,13,"{'y_start': 466, 'y_stop': 2735, 'x_start': 77, 'x_stop': 2789}"
L13,PLD3_TMEM106B_no_mCherry,36,488nm Binned,-132.51652499835473,-86.27938271451421,0.003166354357019634,0.13252687971189178,0.9251013419680034,,True,False,False,25,1,0.125,True,anchored_masked_phase_cross_correlation,L,13,"{'y_start': 466, 'y_stop': 2735, 'x_start': 77, 'x_stop': 2789}"
L13,PLD3_TMEM106B_no_mCherry,39,488nm Binned,688.3970641650085,76.86094958722106,0.002659517871486251,0.10870143051018039,0.739606234110653,,True,True,False,25,1,0.125,True,anchored_masked_phase_cross_correlation,L,13,"{'y_start': 466, 'y_stop': 2735, 'x_start': 77, 'x_stop': 2789}"
L12,PLD3_TMEM106B_no_mCherry,8,488nm Binned,0.0,0.0,1.0,1.0,1.0,,True,False,False,8,2,0.25,True,anchored_masked_phase_cross_correlation,L,12,"{'y_start': 484, 'y_stop': 2752, 'x_start': 76, 'x_stop': 2790}"
L12,PLD3_TMEM106B_no_mCherry,12,488nm Binned,-108.0,-49.0,0.011655981263154602,0.1946611981740356,0.9459013906152437,,True,False,False,8,2,0.25,True,anchored_masked_phase_cross_correlation,L,12,"{'y_start': 484, 'y_stop': 2752, 'x_start': 76, 'x_stop': 2790}"
L12,PLD3_TMEM106B_no_mCherry,16,488nm Binned,-52.0,-15.0,0.012496986159835652,0.15653525242936026,0.9767336006022304,,True,False,False,8,2,0.25,True,anchored_masked_phase_cross_correlation,L,12,"{'y_start': 484, 'y_stop': 2752, 'x_start': 76, 'x_stop': 2790}"
L12,PLD3_TMEM106B_no_mCherry,20,488nm Binned,-95.0,-50.0,0.007653635891978485,0.12360361415753893,0.9500195977739263,,True,False,False,8,2,0.25,True,anchored_masked_phase_cross_correlation,L,12,"{'y_start': 484, 'y_stop': 2752, 'x_start': 76, 'x_stop': 2790}"
L12,PLD3_TMEM106B_no_mCherry,25,488nm Binned,89.62511204728798,-8.419599497218314,0.01274089705986627,0.10158926390614567,0.9659059976529706,,True,False,False,8,2,0.25,True,anchored_masked_phase_cross_correlation,L,12,"{'y_start': 484, 'y_stop': 2752, 'x_start': 76, 'x_stop': 2790}"
L12,PLD3_TMEM106B_no_mCherry,29,488nm Binned,58.625112047287985,-19.419599497218314,0.020925355146027214,0.32756465714016786,0.9729261669048056,,True,False,True,25,2,0.25,True,anchored_masked_phase_cross_correlation,L,12,"{'y_start': 484, 'y_stop': 2752, 'x_start': 76, 'x_stop': 2790}"
L12,PLD3_TMEM106B_no_mCherry,32,488nm Binned,425.2256703669591,-65.36387135080304,0.00435643136064014,0.2038231296125173,0.8323227581175613,,True,False,False,25,2,0.25,True,anchored_masked_phase_cross_correlation,L,12,"{'y_start': 484, 'y_stop': 2752, 'x_start': 76, 'x_stop': 2790}"
L12,PLD3_TMEM106B_no_mCherry,36,488nm Binned,-115.5834328314013,-86.29587737058364,0.006341625253267078,0.14805091994090458,0.9308223517822786,,True,False,False,25,2,0.25,True,anchored_masked_phase_cross_correlation,L,12,"{'y_start': 484, 'y_stop': 2752, 'x_start': 76, 'x_stop': 2790}"
L12,PLD3_TMEM106B_no_mCherry,39,488nm Binned,716.1021912285833,75.82399332095292,0.004773492171836467,0.22994673802425786,0.7304763171450817,,True,True,True,36,2,0.25,True,anchored_masked_phase_cross_correlation,L,12,"{'y_start': 484, 'y_stop': 2752, 'x_start': 76, 'x_stop': 2790}"
L14,PLD3_TMEM106B_no_mCherry,8,488nm Binned,0.0,0.0,1.0,1.0,1.0,,True,False,False,8,2,0.25,True,anchored_masked_phase_cross_correlation,L,14,"{'y_start': 452, 'y_stop': 2723, 'x_start': 81, 'x_stop': 2786}"
L14,PLD3_TMEM106B_no_mCherry,12,488nm Binned,-126.0,-51.0,0.008516129295644949,0.20469177326226567,0.9390657551513454,,True,False,False,8,2,0.25,True,anchored_masked_phase_cross_correlation,L,14,"{'y_start': 452, 'y_stop': 2723, 'x_start': 81, 'x_stop': 2786}"
L14,PLD3_TMEM106B_no_mCherry,16,488nm Binned,-58.0,-16.0,0.00581135269530593,0.16015182151119672,0.974310868351589,,True,False,False,8,2,0.25,True,anchored_masked_phase_cross_correlation,L,14,"{'y_start': 452, 'y_stop': 2723, 'x_start': 81, 'x_stop': 2786}"
L14,PLD3_TMEM106B_no_mCherry,20,488nm Binned,-121.0,-50.0,0.013500718991532275,0.13273744260187925,0.941112093431293,,True,False,False,8,2,0.25,True,anchored_masked_phase_cross_correlation,L,14,"{'y_start': 452, 'y_stop': 2723, 'x_start': 81, 'x_stop': 2786}"
L14,PLD3_TMEM106B_no_mCherry,25,488nm Binned,85.43263301782281,-8.421622292768006,0.01184105107558948,0.1079664726878108,0.9673628346862093,,True,False,False,8,2,0.25,True,anchored_masked_phase_cross_correlation,L,14,"{'y_start': 452, 'y_stop': 2723, 'x_start': 81, 'x_stop': 2786}"
L14,PLD3_TMEM106B_no_mCherry,29,488nm Binned,50.43263301782281,-16.421622292768006,0.0022787811761478894,0.3815237297567732,0.9767902762726728,,True,False,True,25,2,0.25,True,anchored_masked_phase_cross_correlation,L,14,"{'y_start': 452, 'y_stop': 2723, 'x_start': 81, 'x_stop': 2786}"
L14,PLD3_TMEM106B_no_mCherry,32,488nm Binned,399.40130733836486,-62.347505901654586,-0.0016824440856565012,0.20527607827450925,0.8420271196954748,,True,False,False,25,2,0.25,True,anchored_masked_phase_cross_correlation,L,14,"{'y_start': 452, 'y_stop': 2723, 'x_start': 81, 'x_stop': 2786}"
L14,PLD3_TMEM106B_no_mCherry,36,488nm Binned,-144.44961716530452,-82.26288805844524,0.0072392766984559825,0.12133825249396392,0.9223956573795151,,True,False,False,25,2,0.25,True,anchored_masked_phase_cross_correlation,L,14,"{'y_start': 452, 'y_stop': 2723, 'x_start': 81, 'x_stop': 2786}"
L14,PLD3_TMEM106B_no_mCherry,39,488nm Binned,659.691937101441,80.89790585348783,-0.0032023049513435087,0.251511432564136,0.748262949925159,,True,True,True,36,2,0.25,True,anchored_masked_phase_cross_correlation,L,14,"{'y_start': 452, 'y_stop': 2723, 'x_start': 81, 'x_stop': 2786}"
L16,PLD3_TMEM106B_no_mCherry,8,488nm Binned,0.0,0.0,1.0,1.0,1.0,,True,False,False,8,1,0.125,True,anchored_masked_phase_cross_correlation,L,16,"{'y_start': 425, 'y_stop': 2705, 'x_start': 75, 'x_stop': 2790}"
L16,PLD3_TMEM106B_no_mCherry,12,488nm Binned,-145.0,-52.0,-0.0014100027853530914,0.17491510213216915,0.9322276882018483,,True,False,False,8,1,0.125,True,anchored_masked_phase_cross_correlation,L,16,"{'y_start': 425, 'y_stop': 2705, 'x_start': 75, 'x_stop': 2790}"
L16,PLD3_TMEM106B_no_mCherry,16,488nm Binned,-67.0,-17.0,0.007199165217508743,0.1517314100247789,0.9708497701759812,,True,False,False,8,1,0.125,True,anchored_masked_phase_cross_correlation,L,16,"{'y_start': 425, 'y_stop': 2705, 'x_start': 75, 'x_stop': 2790}"
L16,PLD3_TMEM106B_no_mCherry,20,488nm Binned,-145.0,-51.0,-0.0051743366508349275,0.11154808505408736,0.9325587349661245,,True,False,False,8,1,0.125,True,anchored_masked_phase_cross_correlation,L,16,"{'y_start': 425, 'y_stop': 2705, 'x_start': 75, 'x_stop': 2790}"
L16,PLD3_TMEM106B_no_mCherry,25,488nm Binned,90.24014501403144,-11.423663038272935,0.0034728335836926665,0.10485244064096998,0.9646776958263983,,True,False,False,8,1,0.125,True,anchored_masked_phase_cross_correlation,L,16,"{'y_start': 425, 'y_stop': 2705, 'x_start': 75, 'x_stop': 2790}"
L16,PLD3_TMEM106B_no_mCherry,29,488nm Binned,54.24014501403144,-19.423663038272935,0.008840795363083536,0.3442261963257969,0.9744433528053861,,True,False,True,25,1,0.125,True,anchored_masked_phase_cross_correlation,L,16,"{'y_start': 425, 'y_stop': 2705, 'x_start': 75, 'x_stop': 2790}"
L16,PLD3_TMEM106B_no_mCherry,32,488nm Binned,377.5770090779333,-68.33101100545173,0.0003087727137848902,0.21873949856615305,0.8476596485680935,,True,False,False,25,1,0.125,True,anchored_masked_phase_cross_correlation,L,16,"{'y_start': 425, 'y_stop': 2705, 'x_start': 75, 'x_stop': 2790}"
L16,PLD3_TMEM106B_no_mCherry,36,488nm Binned,-162.3156695525504,-86.22963501527192,-0.0031363782914177202,0.12796742132714872,0.9150400620615133,,True,False,False,25,1,0.125,True,anchored_masked_phase_cross_correlation,L,16,"{'y_start': 425, 'y_stop': 2705, 'x_start': 75, 'x_stop': 2790}"
L16,PLD3_TMEM106B_no_mCherry,39,488nm Binned,613.2819655977037,74.97238310366083,-0.004363698219926836,0.11061061237452759,0.7656127803745854,,True,True,False,25,1,0.125,True,anchored_masked_phase_cross_correlation,L,16,"{'y_start': 425, 'y_stop': 2705, 'x_start': 75, 'x_stop': 2790}"
L15,PLD3_TMEM106B_no_mCherry,8,488nm Binned,0.0,0.0,1.0,1.0,1.0,,True,False,False,8,2,0.25,True,anchored_masked_phase_cross_correlation,L,15,"{'y_start': 439, 'y_stop': 2715, 'x_start': 82, 'x_stop': 2786}"
L15,PLD3_TMEM106B_no_mCherry,12,488nm Binned,-137.0,-52.0,0.0038355797275785213,0.17961576327905981,0.9349665135803333,,True,False,False,8,2,0.25,True,anchored_masked_phase_cross_correlation,L,15,"{'y_start': 439, 'y_stop': 2715, 'x_start': 82, 'x_stop': 2786}"
L15,PLD3_TMEM106B_no_mCherry,16,488nm Binned,-62.0,-16.0,0.0025563184821604194,0.14422432555781475,0.9729239489660351,,True,False,False,8,2,0.25,True,anchored_masked_phase_cross_correlation,L,15,"{'y_start': 439, 'y_stop': 2715, 'x_start': 82, 'x_stop': 2786}"
L15,PLD3_TMEM106B_no_mCherry,20,488nm Binned,-131.0,-50.0,0.0003088689460468883,0.11963386885593454,0.937686130222588,,True,False,False,8,2,0.25,True,anchored_masked_phase_cross_correlation,L,15,"{'y_start': 439, 'y_stop': 2715, 'x_start': 82, 'x_stop': 2786}"
L15,PLD3_TMEM106B_no_mCherry,25,488nm Binned,90.83638452771993,-7.422615741106711,0.004313735487160218,0.2973042629464468,0.9658215103326789,,True,False,True,20,2,0.25,True,anchored_masked_phase_cross_correlation,L,15,"{'y_start': 439, 'y_stop': 2715, 'x_start': 82, 'x_stop': 2786}"
L15,PLD3_TMEM106B_no_mCherry,29,488nm Binned,54.83638452771993,-16.42261574110671,0.004075869924257078,0.2545649642886523,0.9752632501498689,,True,False,False,20,2,0.25,True,anchored_masked_phase_cross_correlation,L,15,"{'y_start': 439, 'y_stop': 2715, 'x_start': 82, 'x_stop': 2786}"
L15,PLD3_TMEM106B_no_mCherry,32,488nm Binned,388.4891905208133,-64.33945265983493,0.006212002121328893,0.18130609499919434,0.8451487282892982,,True,False,False,20,2,0.25,True,anchored_masked_phase_cross_correlation,L,15,"{'y_start': 439, 'y_stop': 2715, 'x_start': 82, 'x_stop': 2786}"
L15,PLD3_TMEM106B_no_mCherry,36,488nm Binned,-152.3825775154255,-81.24665719831319,0.004683944572921922,0.13416659585061566,0.9200444779356528,,True,False,False,20,2,0.25,True,anchored_masked_phase_cross_correlation,L,15,"{'y_start': 439, 'y_stop': 2715, 'x_start': 82, 'x_stop': 2786}"
L15,PLD3_TMEM106B_no_mCherry,39,488nm Binned,640.9870922379305,81.93429719045889,-0.0004903089407097283,0.24442641411518876,0.7543202978995429,,True,True,True,36,2,0.25,True,anchored_masked_phase_cross_correlation,L,15,"{'y_start': 439, 'y_stop': 2715, 'x_start': 82, 'x_stop': 2786}"
L17,PLD3_TMEM106B_no_mCherry,8,488nm Binned,0.0,0.0,1.0,1.0,1.0,,True,False,False,8,2,0.25,True,anchored_masked_phase_cross_correlation,L,17,"{'y_start': 413, 'y_stop': 2695, 'x_start': 78, 'x_stop': 2789}"
L17,PLD3_TMEM106B_no_mCherry,12,488nm Binned,-153.0,-51.0,0.007454978186263143,0.17803648612293052,0.9298189369934,,True,False,False,8,2,0.25,True,anchored_masked_phase_cross_correlation,L,17,"{'y_start': 413, 'y_stop': 2695, 'x_start': 78, 'x_stop': 2789}"
L17,PLD3_TMEM106B_no_mCherry,16,488nm Binned,-65.0,-15.0,0.00870921264924104,0.12977990445163734,0.9722245321335411,,True,False,False,8,2,0.25,True,anchored_masked_phase_cross_correlation,L,17,"{'y_start': 413, 'y_stop': 2695, 'x_start': 78, 'x_stop': 2789}"
L17,PLD3_TMEM106B_no_mCherry,20,488nm Binned,-155.0,-50.0,0.0036830180091422197,0.41875211057649364,0.9294638185216957,,True,False,True,16,2,0.25,True,anchored_masked_phase_cross_correlation,L,17,"{'y_start': 413, 'y_stop': 2695, 'x_start': 78, 'x_stop': 2789}"
L17,PLD3_TMEM106B_no_mCherry,25,488nm Binned,95.64388754934043,-9.424665461723635,0.003428895670184268,0.2504060303361979,0.9634748070868906,,True,False,False,16,2,0.25,True,anchored_masked_phase_cross_correlation,L,17,"{'y_start': 413, 'y_stop': 2695, 'x_start': 78, 'x_stop': 2789}"
L17,PLD3_TMEM106B_no_mCherry,29,488nm Binned,56.643887549340434,-17.424665461723635,0.013807641347300679,0.21200247008735223,0.9742941386067474,,True,False,False,16,2,0.25,True,anchored_masked_phase_cross_correlation,L,17,"{'y_start': 413, 'y_stop': 2695, 'x_start': 78, 'x_stop': 2789}"
L17,PLD3_TMEM106B_no_mCherry,32,488nm Binned,367.664957010682,-65.32289304904043,0.001966738879783417,0.15467466386013218,0.8519477883077401,,True,False,False,16,2,0.25,True,anchored_masked_phase_cross_correlation,L,17,"{'y_start': 413, 'y_stop': 2695, 'x_start': 78, 'x_stop': 2789}"
L17,PLD3_TMEM106B_no_mCherry,36,488nm Binned,-172.24849798847572,-84.2132723058603,0.0020596966752174364,0.11657818860968538,0.9123416923505977,,True,False,False,16,2,0.25,True,anchored_masked_phase_cross_correlation,L,17,"{'y_start': 413, 'y_stop': 2695, 'x_start': 78, 'x_stop': 2789}"
L17,PLD3_TMEM106B_no_mCherry,39,488nm Binned,592.577403251762,77.00905674652313,0.0036779799476954317,0.25435552222918645,0.7720798173563624,,True,True,True,36,2,0.25,True,anchored_masked_phase_cross_correlation,L,17,"{'y_start': 413, 'y_stop': 2695, 'x_start': 78, 'x_stop': 2789}"
L18,PLD3_TMEM106B_no_mCherry,8,488nm Binned,0.0,0.0,1.0,1.0,1.0,,True,False,False,8,2,0.25,True,anchored_masked_phase_cross_correlation,L,18,"{'y_start': 395, 'y_stop': 2682, 'x_start': 73, 'x_stop': 2792}"
L18,PLD3_TMEM106B_no_mCherry,12,488nm Binned,-164.0,-53.0,-5.942342004301103e-05,0.17063869139280322,0.9253942410749889,,True,False,False,8,2,0.25,True,anchored_masked_phase_cross_correlation,L,18,"{'y_start': 395, 'y_stop': 2682, 'x_start': 73, 'x_stop': 2792}"
L18,PLD3_TMEM106B_no_mCherry,16,488nm Binned,-70.0,-16.0,0.0031560184020409856,0.16236499682412128,0.9701501101949274,,True,False,False,8,2,0.25,True,anchored_masked_phase_cross_correlation,L,18,"{'y_start': 395, 'y_stop': 2682, 'x_start': 73, 'x_stop': 2792}"
L18,PLD3_TMEM106B_no_mCherry,20,488nm Binned,-168.0,-53.0,-0.004653090648995356,0.1281522132883692,0.9240253146828662,,True,False,False,8,2,0.25,True,anchored_masked_phase_cross_correlation,L,18,"{'y_start': 395, 'y_stop': 2682, 'x_start': 73, 'x_stop': 2792}"
L18,PLD3_TMEM106B_no_mCherry,25,488nm Binned,94.04763905871732,-11.425640960369492,0.0004439311384426146,0.2921987589595126,0.963354738608285,,True,False,True,20,2,0.25,True,anchored_masked_phase_cross_correlation,L,18,"{'y_start': 395, 'y_stop': 2682, 'x_start': 73, 'x_stop': 2792}"
L18,PLD3_TMEM106B_no_mCherry,29,488nm Binned,54.04763905871732,-19.425640960369492,0.010296273314216816,0.2562375783834683,0.9745093435835489,,True,False,False,20,2,0.25,True,anchored_masked_phase_cross_correlation,L,18,"{'y_start': 395, 'y_stop': 2682, 'x_start': 73, 'x_stop': 2792}"
L18,PLD3_TMEM106B_no_mCherry,32,488nm Binned,351.75284015742363,-67.31496927213448,-0.0066620986694737455,0.17801698690742596,0.8567601808955515,,True,False,False,20,2,0.25,True,anchored_masked_phase_cross_correlation,L,18,"{'y_start': 395, 'y_stop': 2682, 'x_start': 73, 'x_stop': 2792}"
L18,PLD3_TMEM106B_no_mCherry,36,488nm Binned,-185.18145840350917,-88.19730520922167,0.009160721270473435,0.16389115962737344,0.9066652626739474,,True,False,False,20,2,0.25,True,anchored_masked_phase_cross_correlation,L,18,"{'y_start': 395, 'y_stop': 2682, 'x_start': 73, 'x_stop': 2792}"
L18,PLD3_TMEM106B_no_mCherry,39,488nm Binned,567.872558176583,72.0448832600232,0.0038470762335100547,0.3116595122645039,0.7818506486863432,,True,True,True,36,2,0.25,True,anchored_masked_phase_cross_correlation,L,18,"{'y_start': 395, 'y_stop': 2682, 'x_start': 73, 'x_stop': 2792}"
L19,PLD3_TMEM106B_no_mCherry,8,488nm Binned,0.0,0.0,1.0,1.0,1.0,,True,False,False,8,2,0.25,True,anchored_masked_phase_cross_correlation,L,19,"{'y_start': 381, 'y_stop': 2671, 'x_start': 74, 'x_stop': 2792}"
L19,PLD3_TMEM106B_no_mCherry,12,488nm Binned,-175.0,-53.0,-0.0020489527757535293,0.1703887349466214,0.9216296934966514,,True,False,False,8,2,0.25,True,anchored_masked_phase_cross_correlation,L,19,"{'y_start': 381, 'y_stop': 2671, 'x_start': 74, 'x_stop': 2792}"
L19,PLD3_TMEM106B_no_mCherry,16,488nm Binned,-74.0,-17.0,0.0028550248058168545,0.13222886552750607,0.9684235122712215,,True,False,False,8,2,0.25,True,anchored_masked_phase_cross_correlation,L,19,"{'y_start': 381, 'y_stop': 2671, 'x_start': 74, 'x_stop': 2792}"
L19,PLD3_TMEM106B_no_mCherry,20,488nm Binned,-181.0,-52.0,0.0012840941672873523,0.42768719705507824,0.9199029739986656,,True,False,True,16,2,0.25,True,anchored_masked_phase_cross_correlation,L,19,"{'y_start': 381, 'y_stop': 2671, 'x_start': 74, 'x_stop': 2792}"
L19,PLD3_TMEM106B_no_mCherry,25,488nm Binned,94.45136364302743,-11.42659851010103,-0.0006285169678287751,0.2575288876190132,0.9632142078458092,,True,False,False,16,2,0.25,True,anchored_masked_phase_cross_correlation,L,19,"{'y_start': 381, 'y_stop': 2671, 'x_start': 74, 'x_stop': 2792}"
L19,PLD3_TMEM106B_no_mCherry,29,488nm Binned,50.451363643027435,-19.42659851010103,0.012714478569296398,0.2180497570868331,0.9757544538653093,,True,False,False,16,2,0.25,True,anchored_masked_phase_cross_correlation,L,19,"{'y_start': 381, 'y_stop': 2671, 'x_start': 74, 'x_stop': 2792}"
L19,PLD3_TMEM106B_no_mCherry,32,488nm Binned,339.84091746580816,-67.30717501368781,-0.005195192508545763,0.16292879861342707,0.8608184821691245,,True,False,False,16,2,0.25,True,anchored_masked_phase_cross_correlation,L,19,"{'y_start': 381, 'y_stop': 2671, 'x_start': 74, 'x_stop': 2792}"
L19,PLD3_TMEM106B_no_mCherry,36,488nm Binned,-196.11402323822404,-85.18160197343968,0.003449639940885032,0.11929247110652363,0.9039501737006915,,True,False,False,16,2,0.25,True,anchored_masked_phase_cross_correlation,L,19,"{'y_start': 381, 'y_stop': 2671, 'x_start': 74, 'x_stop': 2792}"
L19,PLD3_TMEM106B_no_mCherry,39,488nm Binned,542.168560124941,73.08014463253494,-0.005369649866419563,0.2688421860382131,0.7902951229680929,,True,True,True,36,2,0.25,True,anchored_masked_phase_cross_correlation,L,19,"{'y_start': 381, 'y_stop': 2671, 'x_start': 74, 'x_stop': 2792}"
L20,PLD3_TMEM106B_no_mCherry,8,488nm Binned,0.0,0.0,1.0,1.0,1.0,,True,False,False,8,2,0.25,True,anchored_masked_phase_cross_correlation,L,20,"{'y_start': 365, 'y_stop': 2662, 'x_start': 74, 'x_stop': 2792}"
L20,PLD3_TMEM106B_no_mCherry,12,488nm Binned,-183.0,-53.0,-0.0010738568510377823,0.18067686722392767,0.9188918407124058,,True,False,False,8,2,0.25,True,anchored_masked_phase_cross_correlation,L,20,"{'y_start': 365, 'y_stop': 2662, 'x_start': 74, 'x_stop': 2792}"
L20,PLD3_TMEM106B_no_mCherry,16,488nm Binned,-77.0,-18.0,0.008358430669821441,0.15915821915612402,0.9670443736395838,,True,False,False,8,2,0.25,True,anchored_masked_phase_cross_correlation,L,20,"{'y_start': 365, 'y_stop': 2662, 'x_start': 74, 'x_stop': 2792}"
L20,PLD3_TMEM106B_no_mCherry,20,488nm Binned,-193.0,-51.0,-0.0007664784373881035,0.12744818855943404,0.9161199471297772,,True,False,False,8,2,0.25,True,anchored_masked_phase_cross_correlation,L,20,"{'y_start': 365, 'y_stop': 2662, 'x_start': 74, 'x_stop': 2792}"
L20,PLD3_TMEM106B_no_mCherry,25,488nm Binned,96.85508823020427,-8.427654783161415,0.0013138176699815163,0.29061879826091835,0.9633897722822877,,True,False,True,20,2,0.25,True,anchored_masked_phase_cross_correlation,L,20,"{'y_start': 365, 'y_stop': 2662, 'x_start': 74, 'x_stop': 2792}"
L20,PLD3_TMEM106B_no_mCherry,29,488nm Binned,51.855088230204274,-16.427654783161415,0.00868194541473429,0.24316422965874904,0.9762950761597047,,True,False,False,20,2,0.25,True,anchored_masked_phase_cross_correlation,L,20,"{'y_start': 365, 'y_stop': 2662, 'x_start': 74, 'x_stop': 2792}"
L20,PLD3_TMEM106B_no_mCherry,32,488nm Binned,325.92899497058534,-67.29866869827674,0.0018536546342724466,0.1764584409792219,0.8655580123346093,,True,False,False,20,2,0.25,True,anchored_masked_phase_cross_correlation,L,20,"{'y_start': 365, 'y_stop': 2662, 'x_start': 74, 'x_stop': 2792}"
L20,PLD3_TMEM106B_no_mCherry,36,488nm Binned,-205.0465877159295,-85.16444803847844,0.004277651786093991,0.12860429720040162,0.9009336696711755,,True,False,False,20,2,0.25,True,anchored_masked_phase_cross_correlation,L,20,"{'y_start': 365, 'y_stop': 2662, 'x_start': 74, 'x_stop': 2792}"
L20,PLD3_TMEM106B_no_mCherry,39,488nm Binned,519.4645632374741,73.11851253413624,0.0063347567949489465,0.24918779510486538,0.7979987675851288,,True,True,True,36,2,0.25,True,anchored_masked_phase_cross_correlation,L,20,"{'y_start': 365, 'y_stop': 2662, 'x_start': 74, 'x_stop': 2792}"
M05,PLD3_mCherry_reporter_control,8,488nm Binned,0.0,0.0,1.0,1.0,1.0,,True,False,False,8,2,0.25,True,anchored_masked_phase_cross_correlation,M,05,"{'y_start': 580, 'y_stop': 2819, 'x_start': 82, 'x_stop': 2793}"
M05,PLD3_mCherry_reporter_control,12,488nm Binned,-44.0,-41.0,0.005748998069627952,0.17256472317335741,0.9705819420372737,,True,False,False,8,2,0.25,True,anchored_masked_phase_cross_correlation,M,05,"{'y_start': 580, 'y_stop': 2819, 'x_start': 82, 'x_stop': 2793}"
M05,PLD3_mCherry_reporter_control,16,488nm Binned,-31.0,-12.0,0.00983971624215424,0.1402928010869316,0.9850521991328349,,True,False,False,8,2,0.25,True,anchored_masked_phase_cross_correlation,M,05,"{'y_start': 580, 'y_stop': 2819, 'x_start': 82, 'x_stop': 2793}"
M05,PLD3_mCherry_reporter_control,20,488nm Binned,-11.0,-35.0,0.014356404161587078,0.1221020051459008,0.9840077544938717,,True,False,False,8,2,0.25,True,anchored_masked_phase_cross_correlation,M,05,"{'y_start': 580, 'y_stop': 2819, 'x_start': 82, 'x_stop': 2793}"
M05,PLD3_mCherry_reporter_control,25,488nm Binned,72.79974619832501,-8.008732304551813,0.002440759630699975,0.2841553843860064,0.9718949828401419,,True,False,True,20,2,0.25,True,anchored_masked_phase_cross_correlation,M,05,"{'y_start': 580, 'y_stop': 2819, 'x_start': 82, 'x_stop': 2793}"
M05,PLD3_mCherry_reporter_control,29,488nm Binned,54.79974619832501,-19.008732304551813,3.524286165689809e-05,0.21611911503649522,0.974391466915212,,True,False,False,20,2,0.25,True,anchored_masked_phase_cross_correlation,M,05,"{'y_start': 580, 'y_stop': 2819, 'x_start': 82, 'x_stop': 2793}"
M05,PLD3_mCherry_reporter_control,32,488nm Binned,503.6031465836131,-49.333526241607615,0.002570463897973401,0.1680636115316983,0.8102252408367769,,True,True,False,20,2,0.25,True,anchored_masked_phase_cross_correlation,M,05,"{'y_start': 580, 'y_stop': 2819, 'x_start': 82, 'x_stop': 2793}"
M05,PLD3_mCherry_reporter_control,36,488nm Binned,-48.06749112571197,-74.3448279699951,0.00985247496790383,0.10900463428257423,0.9577523344926903,,True,False,False,20,2,0.25,True,anchored_masked_phase_cross_correlation,M,05,"{'y_start': 580, 'y_stop': 2819, 'x_start': 82, 'x_stop': 2793}"
M05,PLD3_mCherry_reporter_control,39,488nm Binned,881.0028185602278,107.85932452327688,0.003399908560723247,0.21544748478037745,0.6667609770085431,,True,True,True,36,2,0.25,True,anchored_masked_phase_cross_correlation,M,05,"{'y_start': 580, 'y_stop': 2819, 'x_start': 82, 'x_stop': 2793}"
M06,PLD3_mCherry_reporter_control,8,488nm Binned,0.0,0.0,1.0,1.0,1.0,,True,False,False,8,2,0.25,True,anchored_masked_phase_cross_correlation,M,06,"{'y_start': 571, 'y_stop': 2817, 'x_start': 82, 'x_stop': 2793}"
M06,PLD3_mCherry_reporter_control,12,488nm Binned,-48.0,-39.0,0.007657179186443867,0.19815766913068242,0.9698928590185746,,True,False,False,8,2,0.25,True,anchored_masked_phase_cross_correlation,M,06,"{'y_start': 571, 'y_stop': 2817, 'x_start': 82, 'x_stop': 2793}"
M06,PLD3_mCherry_reporter_control,16,488nm Binned,-31.0,-9.0,0.011718013636046546,0.14117488369402645,0.986086917829403,,True,False,False,8,2,0.25,True,anchored_masked_phase_cross_correlation,M,06,"{'y_start': 571, 'y_stop': 2817, 'x_start': 82, 'x_stop': 2793}"
M06,PLD3_mCherry_reporter_control,20,488nm Binned,-18.0,-34.0,0.011404034299219571,0.13066006252718088,0.981943301646213,,True,False,False,8,2,0.25,True,anchored_masked_phase_cross_correlation,M,06,"{'y_start': 571, 'y_stop': 2817, 'x_start': 82, 'x_stop': 2793}"
M06,PLD3_mCherry_reporter_control,25,488nm Binned,79.20355156279038,-8.009914223126543,0.010628744324005445,0.27707713002342316,0.9696679701593711,,True,False,True,20,2,0.25,True,anchored_masked_phase_cross_correlation,M,06,"{'y_start': 571, 'y_stop': 2817, 'x_start': 82, 'x_stop': 2793}"
M06,PLD3_mCherry_reporter_control,29,488nm Binned,58.20355156279038,-18.009914223126543,0.011883388368581152,0.21249434103976472,0.9735537063009904,,True,False,False,20,2,0.25,True,anchored_masked_phase_cross_correlation,M,06,"{'y_start': 571, 'y_stop': 2817, 'x_start': 82, 'x_stop': 2793}"
M06,PLD3_mCherry_reporter_control,32,488nm Binned,497.6906417462924,-49.324113511167525,-0.002031531180712429,0.13349137045088608,0.8122540347620433,,True,False,False,20,2,0.25,True,anchored_masked_phase_cross_correlation,M,06,"{'y_start': 571, 'y_stop': 2817, 'x_start': 82, 'x_stop': 2793}"
M06,PLD3_mCherry_reporter_control,36,488nm Binned,-50.00124208470879,-74.32582739851205,0.012085708771621852,0.1715348674047111,0.9571020713839216,,True,False,True,32,2,0.25,True,anchored_masked_phase_cross_correlation,M,06,"{'y_start': 571, 'y_stop': 2817, 'x_start': 82, 'x_stop': 2793}"
M06,PLD3_mCherry_reporter_control,39,488nm Binned,859.2962814488601,111.90164714169805,-0.0016941642614105147,0.18200844260047774,0.6730577062141894,,True,True,False,32,2,0.25,True,anchored_masked_phase_cross_correlation,M,06,"{'y_start': 571, 'y_stop': 2817, 'x_start': 82, 'x_stop': 2793}"
M07,PLD3_mCherry_reporter_control,8,488nm Binned,0.0,0.0,1.0,1.0,1.0,,True,False,False,8,2,0.25,True,anchored_masked_phase_cross_correlation,M,07,"{'y_start': 552, 'y_stop': 2800, 'x_start': 80, 'x_stop': 2795}"
M07,PLD3_mCherry_reporter_control,12,488nm Binned,-60.0,-40.0,0.008686687771170898,0.19013602850329608,0.9654242747851053,,True,False,False,8,2,0.25,True,anchored_masked_phase_cross_correlation,M,07,"{'y_start': 552, 'y_stop': 2800, 'x_start': 80, 'x_stop': 2795}"
M07,PLD3_mCherry_reporter_control,16,488nm Binned,-36.0,-12.0,0.015027401541798312,0.15856933330720546,0.9833161184152939,,True,False,False,8,2,0.25,True,anchored_masked_phase_cross_correlation,M,07,"{'y_start': 552, 'y_stop': 2800, 'x_start': 80, 'x_stop': 2795}"
M07,PLD3_mCherry_reporter_control,20,488nm Binned,-36.0,-39.0,0.016863801230561346,0.12352990498193818,0.9740200626739728,,True,False,False,8,2,0.25,True,anchored_masked_phase_cross_correlation,M,07,"{'y_start': 552, 'y_stop': 2800, 'x_start': 80, 'x_stop': 2795}"
M07,PLD3_mCherry_reporter_control,25,488nm Binned,76.60735692046728,-8.010862795665162,0.005724782876773521,0.10557762919175102,0.9705703483345735,,True,False,False,8,2,0.25,True,anchored_masked_phase_cross_correlation,M,07,"{'y_start': 552, 'y_stop': 2800, 'x_start': 80, 'x_stop': 2795}"
M07,PLD3_mCherry_reporter_control,29,488nm Binned,52.60735692046728,-17.01086279566516,0.004273583787736635,0.298268775083171,0.9758346612143944,,True,False,True,25,2,0.25,True,anchored_masked_phase_cross_correlation,M,07,"{'y_start': 552, 'y_stop': 2800, 'x_start': 80, 'x_stop': 2795}"
M07,PLD3_mCherry_reporter_control,32,488nm Binned,481.778136444751,-49.316383824487275,0.005821518844280797,0.2020014921482264,0.8177091504781978,,True,False,False,25,2,0.25,True,anchored_masked_phase_cross_correlation,M,07,"{'y_start': 552, 'y_stop': 2800, 'x_start': 80, 'x_stop': 2795}"
M07,PLD3_mCherry_reporter_control,36,488nm Binned,-67.93499388757118,-72.31025575236708,0.0072639590187788235,0.1130875895867794,0.9516972037934097,,True,False,False,25,2,0.25,True,anchored_masked_phase_cross_correlation,M,07,"{'y_start': 552, 'y_stop': 2800, 'x_start': 80, 'x_stop': 2795}"
M07,PLD3_mCherry_reporter_control,39,488nm Binned,831.5897415857653,106.93662705500174,-0.0037074348619748165,0.23369118528703953,0.6835705705623202,,True,True,True,36,2,0.25,True,anchored_masked_phase_cross_correlation,M,07,"{'y_start': 552, 'y_stop': 2800, 'x_start': 80, 'x_stop': 2795}"
M08,PLD3_mCherry_reporter_control,8,488nm Binned,0.0,0.0,1.0,1.0,1.0,,True,False,False,8,2,0.25,True,anchored_masked_phase_cross_correlation,M,08,"{'y_start': 540, 'y_stop': 2790, 'x_start': 79, 'x_stop': 2796}"
M08,PLD3_mCherry_reporter_control,12,488nm Binned,-69.0,-40.0,0.004159864574140428,0.16989091957593386,0.9623299662120761,,True,False,False,8,2,0.25,True,anchored_masked_phase_cross_correlation,M,08,"{'y_start': 540, 'y_stop': 2790, 'x_start': 79, 'x_stop': 2796}"
M08,PLD3_mCherry_reporter_control,16,488nm Binned,-39.0,-11.0,0.010020758186648026,0.1272183097597168,0.982618403622719,,True,False,False,8,2,0.25,True,anchored_masked_phase_cross_correlation,M,08,"{'y_start': 540, 'y_stop': 2790, 'x_start': 79, 'x_stop': 2796}"
M08,PLD3_mCherry_reporter_control,20,488nm Binned,-47.0,-34.0,0.011145991847651653,0.11487953529697997,0.9719515978750761,,True,False,False,8,2,0.25,True,anchored_masked_phase_cross_correlation,M,08,"{'y_start': 540, 'y_stop': 2790, 'x_start': 79, 'x_stop': 2796}"
M08,PLD3_mCherry_reporter_control,25,488nm Binned,81.01114433184557,-7.011928041742067,0.0031326303017930766,0.3071326792193274,0.9693776117495201,,True,False,True,20,2,0.25,True,anchored_masked_phase_cross_correlation,M,08,"{'y_start': 540, 'y_stop': 2790, 'x_start': 79, 'x_stop': 2796}"
M08,PLD3_mCherry_reporter_control,29,488nm Binned,57.01114433184557,-16.011928041742067,0.0061755578335696325,0.21522929810775035,0.974649657789455,,True,False,False,20,2,0.25,True,anchored_masked_phase_cross_correlation,M,08,"{'y_start': 540, 'y_stop': 2790, 'x_start': 79, 'x_stop': 2796}"
M08,PLD3_mCherry_reporter_control,32,488nm Binned,471.8657608402282,-49.30781265163387,-0.004834330275177503,0.1795751235260892,0.8211084145641089,,True,False,False,20,2,0.25,True,anchored_masked_phase_cross_correlation,M,08,"{'y_start': 540, 'y_stop': 2790, 'x_start': 79, 'x_stop': 2796}"
M08,PLD3_mCherry_reporter_control,36,488nm Binned,-77.86848150501464,-71.29296970846917,-0.000807521597211577,0.1151627755945557,0.9486660424086235,,True,False,False,20,2,0.25,True,anchored_masked_phase_cross_correlation,M,08,"{'y_start': 540, 'y_stop': 2790, 'x_start': 79, 'x_stop': 2796}"
M08,PLD3_mCherry_reporter_control,39,488nm Binned,810.8837679220014,108.97527810918109,0.0014253761837528997,0.2573581318043354,0.6900111824151666,,True,True,True,36,2,0.25,True,anchored_masked_phase_cross_correlation,M,08,"{'y_start': 540, 'y_stop': 2790, 'x_start': 79, 'x_stop': 2796}"
M09,PLD3_mCherry_reporter_control,8,488nm Binned,0.0,0.0,1.0,1.0,1.0,,True,False,False,8,2,0.25,True,anchored_masked_phase_cross_correlation,M,09,"{'y_start': 526, 'y_stop': 2782, 'x_start': 81, 'x_stop': 2792}"
M09,PLD3_mCherry_reporter_control,12,488nm Binned,-79.0,-40.0,0.0037133086679031896,0.18422865947184539,0.958891845575377,,True,False,False,8,2,0.25,True,anchored_masked_phase_cross_correlation,M,09,"{'y_start': 526, 'y_stop': 2782, 'x_start': 81, 'x_stop': 2792}"
M09,PLD3_mCherry_reporter_control,16,488nm Binned,-44.0,-13.0,0.00990586159278126,0.15356150165895074,0.9801950635006779,,True,False,False,8,2,0.25,True,anchored_masked_phase_cross_correlation,M,09,"{'y_start': 526, 'y_stop': 2782, 'x_start': 81, 'x_stop': 2792}"
M09,PLD3_mCherry_reporter_control,20,488nm Binned,-58.0,-38.0,0.005521746998092777,0.13353116553809422,0.9667951463657071,,True,False,False,8,2,0.25,True,anchored_masked_phase_cross_correlation,M,09,"{'y_start': 526, 'y_stop': 2782, 'x_start': 81, 'x_stop': 2792}"
M09,PLD3_mCherry_reporter_control,25,488nm Binned,81.4149227652415,-11.012885589909274,0.0075095239127675895,0.27141220390767185,0.9678817358068292,,True,False,True,20,2,0.25,True,anchored_masked_phase_cross_correlation,M,09,"{'y_start': 526, 'y_stop': 2782, 'x_start': 81, 'x_stop': 2792}"
M09,PLD3_mCherry_reporter_control,29,488nm Binned,55.4149227652415,-20.012885589909274,0.00803850945310118,0.22239951439752562,0.9738350336890478,,True,False,False,20,2,0.25,True,anchored_masked_phase_cross_correlation,M,09,"{'y_start': 526, 'y_stop': 2782, 'x_start': 81, 'x_stop': 2792}"
M09,PLD3_mCherry_reporter_control,32,488nm Binned,460.95344975389526,-51.300018286066916,0.002958929213037047,0.12586351989360448,0.824264861490762,,True,False,False,20,2,0.25,True,anchored_masked_phase_cross_correlation,M,09,"{'y_start': 526, 'y_stop': 2782, 'x_start': 81, 'x_stop': 2792}"
M09,PLD3_mCherry_reporter_control,36,488nm Binned,-85.80183763019886,-75.27726627794982,0.007957765543529359,0.1361961979864542,0.9446209773222457,,True,False,True,32,2,0.25,True,anchored_masked_phase_cross_correlation,M,09,"{'y_start': 526, 'y_stop': 2782, 'x_start': 81, 'x_stop': 2792}"
M09,PLD3_mCherry_reporter_control,39,488nm Binned,786.1780753999374,101.01054011670567,0.0024914635324831827,0.20420557370162742,0.7003139683403953,,True,True,False,32,2,0.25,True,anchored_masked_phase_cross_correlation,M,09,"{'y_start': 526, 'y_stop': 2782, 'x_start': 81, 'x_stop': 2792}"
M10,PLD3_mCherry_reporter_control,8,488nm Binned,0.0,0.0,1.0,1.0,1.0,,True,False,False,8,2,0.25,True,anchored_masked_phase_cross_correlation,M,10,"{'y_start': 508, 'y_stop': 2770, 'x_start': 83, 'x_stop': 2791}"
M10,PLD3_mCherry_reporter_control,12,488nm Binned,-90.0,-39.0,0.0033230392493816758,0.1873744117650106,0.9554476462246809,,True,False,False,8,2,0.25,True,anchored_masked_phase_cross_correlation,M,10,"{'y_start': 508, 'y_stop': 2770, 'x_start': 83, 'x_stop': 2791}"
M10,PLD3_mCherry_reporter_control,16,488nm Binned,-45.0,-11.0,0.009757579383728664,0.1479928885938522,0.98053437731599,,True,False,False,8,2,0.25,True,anchored_masked_phase_cross_correlation,M,10,"{'y_start': 508, 'y_stop': 2770, 'x_start': 83, 'x_stop': 2791}"
M10,PLD3_mCherry_reporter_control,20,488nm Binned,-71.0,-36.0,0.007816642729293275,0.13035667663588493,0.9630025151287034,,True,False,False,8,2,0.25,True,anchored_masked_phase_cross_correlation,M,10,"{'y_start': 508, 'y_stop': 2770, 'x_start': 83, 'x_stop': 2791}"
M10,PLD3_mCherry_reporter_control,25,488nm Binned,79.81871914963631,-9.013888011792005,0.0020687315942149328,0.11088576431969456,0.9691137574982984,,True,False,False,8,2,0.25,True,anchored_masked_phase_cross_correlation,M,10,"{'y_start': 508, 'y_stop': 2770, 'x_start': 83, 'x_stop': 2791}"
M10,PLD3_mCherry_reporter_control,29,488nm Binned,53.81871914963631,-18.013888011792005,0.005451712850036938,0.33573335721850023,0.9750716275587402,,True,False,True,25,2,0.25,True,anchored_masked_phase_cross_correlation,M,10,"{'y_start': 508, 'y_stop': 2770, 'x_start': 83, 'x_stop': 2791}"
M10,PLD3_mCherry_reporter_control,32,488nm Binned,444.04100929193373,-51.29190022252442,0.003222463679154454,0.2494308754686071,0.8300587207000935,,True,False,False,25,2,0.25,True,anchored_masked_phase_cross_correlation,M,10,"{'y_start': 508, 'y_stop': 2770, 'x_start': 83, 'x_stop': 2791}"
M10,PLD3_mCherry_reporter_control,36,488nm Binned,-97.73545735658263,-76.26090337379355,0.009887945833170996,0.10493884098565225,0.9402379538969595,,True,False,False,25,2,0.25,True,anchored_masked_phase_cross_correlation,M,10,"{'y_start': 508, 'y_stop': 2770, 'x_start': 83, 'x_stop': 2791}"
M10,PLD3_mCherry_reporter_control,39,488nm Binned,759.4718185835918,105.04721439458808,0.0008088145125679912,0.22542474985790523,0.7082630405887865,,True,True,True,36,2,0.25,True,anchored_masked_phase_cross_correlation,M,10,"{'y_start': 508, 'y_stop': 2770, 'x_start': 83, 'x_stop': 2791}"
M11,PLD3_mCherry_reporter_control,8,488nm Binned,0.0,0.0,1.0,1.0,1.0,,True,False,False,8,2,0.25,True,anchored_masked_phase_cross_correlation,M,11,"{'y_start': 491, 'y_stop': 2754, 'x_start': 84, 'x_stop': 2788}"
M11,PLD3_mCherry_reporter_control,12,488nm Binned,-99.0,-41.0,0.0046931239288199415,0.2044943648898746,0.9516789651208254,,True,False,False,8,2,0.25,True,anchored_masked_phase_cross_correlation,M,11,"{'y_start': 491, 'y_stop': 2754, 'x_start': 84, 'x_stop': 2788}"
M11,PLD3_mCherry_reporter_control,16,488nm Binned,-51.0,-10.0,0.0012425050961787846,0.15488259280987096,0.9787928257558516,,True,False,False,8,2,0.25,True,anchored_masked_phase_cross_correlation,M,11,"{'y_start': 491, 'y_stop': 2754, 'x_start': 84, 'x_stop': 2788}"
M11,PLD3_mCherry_reporter_control,20,488nm Binned,-87.0,-34.0,0.010034004498030255,0.13232521008659487,0.9581699375010941,,True,False,False,8,2,0.25,True,anchored_masked_phase_cross_correlation,M,11,"{'y_start': 491, 'y_stop': 2754, 'x_start': 84, 'x_stop': 2788}"
M11,PLD3_mCherry_reporter_control,25,488nm Binned,79.22248860949185,-12.01489043445872,0.005900386373277038,0.12576723671782492,0.9683035241007075,,True,False,False,8,2,0.25,True,anchored_masked_phase_cross_correlation,M,11,"{'y_start': 491, 'y_stop': 2754, 'x_start': 84, 'x_stop': 2788}"
M11,PLD3_mCherry_reporter_control,29,488nm Binned,51.22248860949185,-20.01489043445872,0.004475928856186369,0.30210648741043605,0.9752859438491255,,True,False,True,25,2,0.25,True,anchored_masked_phase_cross_correlation,M,11,"{'y_start': 491, 'y_stop': 2754, 'x_start': 84, 'x_stop': 2788}"
M11,PLD3_mCherry_reporter_control,32,488nm Binned,430.12876302733275,-55.28378221255116,0.009314158688816907,0.191824365498687,0.8336396962771244,,True,False,False,25,2,0.25,True,anchored_masked_phase_cross_correlation,M,11,"{'y_start': 491, 'y_stop': 2754, 'x_start': 84, 'x_stop': 2788}"
M11,PLD3_mCherry_reporter_control,36,488nm Binned,-113.66868143773172,-79.24454056701506,0.004638812853788826,0.12444803961767102,0.9338310708028884,,True,False,False,25,2,0.25,True,anchored_masked_phase_cross_correlation,M,11,"{'y_start': 491, 'y_stop': 2754, 'x_start': 84, 'x_stop': 2788}"
M11,PLD3_mCherry_reporter_control,39,488nm Binned,731.7664090024482,100.08388835495498,0.005912928217857675,0.22998014197212552,0.7188584290316796,,True,True,True,36,2,0.25,True,anchored_masked_phase_cross_correlation,M,11,"{'y_start': 491, 'y_stop': 2754, 'x_start': 84, 'x_stop': 2788}"
M12,PLD3_mCherry_reporter_control,8,488nm Binned,0.0,0.0,1.0,1.0,1.0,,True,False,False,8,2,0.25,True,anchored_masked_phase_cross_correlation,M,12,"{'y_start': 485, 'y_stop': 2752, 'x_start': 81, 'x_stop': 2793}"
M12,PLD3_mCherry_reporter_control,12,488nm Binned,-109.0,-41.0,0.001670479269128025,0.16156380947687776,0.9482420602269257,,True,False,False,8,2,0.25,True,anchored_masked_phase_cross_correlation,M,12,"{'y_start': 485, 'y_stop': 2752, 'x_start': 81, 'x_stop': 2793}"
M12,PLD3_mCherry_reporter_control,16,488nm Binned,-53.0,-13.0,0.006229266869295297,0.1401757232339056,0.9770712123776233,,True,False,False,8,2,0.25,True,anchored_masked_phase_cross_correlation,M,12,"{'y_start': 485, 'y_stop': 2752, 'x_start': 81, 'x_stop': 2793}"
M12,PLD3_mCherry_reporter_control,20,488nm Binned,-94.0,-37.0,0.004187484699681562,0.10871476099600287,0.9547464057779879,,True,False,False,8,2,0.25,True,anchored_masked_phase_cross_correlation,M,12,"{'y_start': 485, 'y_stop': 2752, 'x_start': 81, 'x_stop': 2793}"
M12,PLD3_mCherry_reporter_control,25,488nm Binned,87.62625806908545,-10.015883882278104,0.0036509743789791592,0.26517781036935273,0.9660613229554303,,True,False,True,20,2,0.25,True,anchored_masked_phase_cross_correlation,M,12,"{'y_start': 485, 'y_stop': 2752, 'x_start': 81, 'x_stop': 2793}"
M12,PLD3_mCherry_reporter_control,29,488nm Binned,57.62625806908545,-17.015883882278104,0.007880928157830588,0.20872151383067286,0.9740933596370671,,True,False,False,20,2,0.25,True,anchored_masked_phase_cross_correlation,M,12,"{'y_start': 485, 'y_stop': 2752, 'x_start': 81, 'x_stop': 2793}"
M12,PLD3_mCherry_reporter_control,32,488nm Binned,426.21651674487657,-54.27572893502702,0.004651556114081307,0.15465667761034085,0.8352767530914531,,True,False,False,20,2,0.25,True,anchored_masked_phase_cross_correlation,M,12,"{'y_start': 485, 'y_stop': 2752, 'x_start': 81, 'x_stop': 2793}"
M12,PLD3_mCherry_reporter_control,36,488nm Binned,-115.60190555133886,-74.22830964197692,0.002060162692241856,0.1348718396389858,0.9348541639757462,,True,False,False,20,2,0.25,True,anchored_masked_phase_cross_correlation,M,12,"{'y_start': 485, 'y_stop': 2752, 'x_start': 81, 'x_stop': 2793}"
M12,PLD3_mCherry_reporter_control,39,488nm Binned,718.0609993154721,104.12027990358774,0.0018755096499525532,0.230773658339802,0.7224153798559579,,True,True,True,36,2,0.25,True,anchored_masked_phase_cross_correlation,M,12,"{'y_start': 485, 'y_stop': 2752, 'x_start': 81, 'x_stop': 2793}"
M13,PLD3_mCherry_reporter_control,8,488nm Binned,0.0,0.0,1.0,1.0,1.0,,True,False,False,8,2,0.25,True,anchored_masked_phase_cross_correlation,M,13,"{'y_start': 467, 'y_stop': 2738, 'x_start': 82, 'x_stop': 2790}"
M13,PLD3_mCherry_reporter_control,12,488nm Binned,-117.0,-41.0,-0.0013793575638433144,0.18586339225369747,0.945492536311806,,True,False,False,8,2,0.25,True,anchored_masked_phase_cross_correlation,M,13,"{'y_start': 467, 'y_stop': 2738, 'x_start': 82, 'x_stop': 2790}"
M13,PLD3_mCherry_reporter_control,16,488nm Binned,-55.0,-13.0,0.011673161652748771,0.1398121076021832,0.9763770232391668,,True,False,False,8,2,0.25,True,anchored_masked_phase_cross_correlation,M,13,"{'y_start': 467, 'y_stop': 2738, 'x_start': 82, 'x_stop': 2790}"
M13,PLD3_mCherry_reporter_control,20,488nm Binned,-106.0,-41.0,0.0018433678429726123,0.11781290958128057,0.9492731316950956,,True,False,False,8,2,0.25,True,anchored_masked_phase_cross_correlation,M,13,"{'y_start': 467, 'y_stop': 2738, 'x_start': 82, 'x_stop': 2790}"
M13,PLD3_mCherry_reporter_control,25,488nm Binned,85.03000957976474,-11.01690425516199,0.0024338688571734018,0.2812915649623024,0.9666247258008567,,True,False,True,20,2,0.25,True,anchored_masked_phase_cross_correlation,M,13,"{'y_start': 467, 'y_stop': 2738, 'x_start': 82, 'x_stop': 2790}"
M13,PLD3_mCherry_reporter_control,29,488nm Binned,55.03000957976474,-20.01690425516199,0.004367142732423767,0.23476945600751095,0.9739669324711223,,True,False,False,20,2,0.25,True,anchored_masked_phase_cross_correlation,M,13,"{'y_start': 467, 'y_stop': 2738, 'x_start': 82, 'x_stop': 2790}"
M13,PLD3_mCherry_reporter_control,32,488nm Binned,410.3043999808833,-55.26748149585546,0.006544031389368553,0.1646529166984298,0.840423586037428,,True,False,False,20,2,0.25,True,anchored_masked_phase_cross_correlation,M,13,"{'y_start': 467, 'y_stop': 2738, 'x_start': 82, 'x_stop': 2790}"
M13,PLD3_mCherry_reporter_control,36,488nm Binned,-129.53486580408935,-77.2116831366211,0.009872947064886388,0.1402550832546211,0.9291285777671342,,True,False,False,20,2,0.25,True,anchored_masked_phase_cross_correlation,M,13,"{'y_start': 467, 'y_stop': 2738, 'x_start': 82, 'x_stop': 2790}"
M13,PLD3_mCherry_reporter_control,39,488nm Binned,691.3561547694735,97.15751847575484,0.010419894975475146,0.2454053715836904,0.7332311663827941,,True,True,True,36,2,0.25,True,anchored_masked_phase_cross_correlation,M,13,"{'y_start': 467, 'y_stop': 2738, 'x_start': 82, 'x_stop': 2790}"
M14,PLD3_mCherry_reporter_control,8,488nm Binned,0.0,0.0,1.0,1.0,1.0,,True,False,False,8,2,0.25,True,anchored_masked_phase_cross_correlation,M,14,"{'y_start': 451, 'y_stop': 2721, 'x_start': 82, 'x_stop': 2790}"
M14,PLD3_mCherry_reporter_control,12,488nm Binned,-127.0,-42.0,0.003152950925686126,0.17153461562143918,0.941722396316591,,True,False,False,8,2,0.25,True,anchored_masked_phase_cross_correlation,M,14,"{'y_start': 451, 'y_stop': 2721, 'x_start': 82, 'x_stop': 2790}"
M14,PLD3_mCherry_reporter_control,16,488nm Binned,-60.0,-13.0,-0.00044971580793307217,0.14909881399577274,0.9746415503930254,,True,False,False,8,2,0.25,True,anchored_masked_phase_cross_correlation,M,14,"{'y_start': 451, 'y_stop': 2721, 'x_start': 82, 'x_stop': 2790}"
M14,PLD3_mCherry_reporter_control,20,488nm Binned,-119.0,-40.0,0.0017396491017551848,0.11329540956613665,0.9451393630285807,,True,False,False,8,2,0.25,True,anchored_masked_phase_cross_correlation,M,14,"{'y_start': 451, 'y_stop': 2721, 'x_start': 82, 'x_stop': 2790}"
M14,PLD3_mCherry_reporter_control,25,488nm Binned,90.43376108992379,-13.01790667834939,0.007989168205901467,0.26244712834498324,0.9640721104593555,,True,False,True,20,2,0.25,True,anchored_masked_phase_cross_correlation,M,14,"{'y_start': 451, 'y_stop': 2721, 'x_start': 82, 'x_stop': 2790}"
M14,PLD3_mCherry_reporter_control,29,488nm Binned,54.43376108992379,-19.01790667834939,0.004249385808758904,0.21469363552926574,0.9745150928425272,,True,False,False,20,2,0.25,True,anchored_masked_phase_cross_correlation,M,14,"{'y_start': 451, 'y_stop': 2721, 'x_start': 82, 'x_stop': 2790}"
M14,PLD3_mCherry_reporter_control,32,488nm Binned,398.3922831811833,-57.25936352158715,-0.0024529522838450625,0.1439124098458693,0.8438989608102051,,True,False,False,20,2,0.25,True,anchored_masked_phase_cross_correlation,M,14,"{'y_start': 451, 'y_stop': 2721, 'x_start': 82, 'x_stop': 2790}"
M14,PLD3_mCherry_reporter_control,36,488nm Binned,-146.46782612175593,-77.19532039475052,0.0031017021229119133,0.11393897808749938,0.9233888400835812,,True,False,False,20,2,0.25,True,anchored_masked_phase_cross_correlation,M,14,"{'y_start': 451, 'y_stop': 2721, 'x_start': 82, 'x_stop': 2790}"
M14,PLD3_mCherry_reporter_control,39,488nm Binned,660.6513100117954,97.19419222445322,0.0023035345702762202,0.2331921817945219,0.7435646563636187,,True,True,True,36,2,0.25,True,anchored_masked_phase_cross_correlation,M,14,"{'y_start': 451, 'y_stop': 2721, 'x_start': 82, 'x_stop': 2790}"
M16,PLD3_mCherry_reporter_control,8,488nm Binned,0.0,0.0,1.0,1.0,1.0,,True,False,False,8,2,0.25,True,anchored_masked_phase_cross_correlation,M,16,"{'y_start': 424, 'y_stop': 2705, 'x_start': 83, 'x_stop': 2788}"
M16,PLD3_mCherry_reporter_control,12,488nm Binned,-148.0,-42.0,4.904105385460677e-05,0.18626232713246166,0.9345074490992805,,True,False,False,8,2,0.25,True,anchored_masked_phase_cross_correlation,M,16,"{'y_start': 424, 'y_stop': 2705, 'x_start': 83, 'x_stop': 2788}"
M16,PLD3_mCherry_reporter_control,16,488nm Binned,-66.0,-12.0,-0.0003474016378014136,0.16128509452904813,0.9728996341100471,,True,False,False,8,2,0.25,True,anchored_masked_phase_cross_correlation,M,16,"{'y_start': 424, 'y_stop': 2705, 'x_start': 83, 'x_stop': 2788}"
M16,PLD3_mCherry_reporter_control,20,488nm Binned,-142.0,-39.0,0.009839050901169138,0.12885264844599148,0.9375630970512888,,True,False,False,8,2,0.25,True,anchored_masked_phase_cross_correlation,M,16,"{'y_start': 424, 'y_stop': 2705, 'x_start': 83, 'x_stop': 2788}"
M16,PLD3_mCherry_reporter_control,25,488nm Binned,92.24125513591207,-13.019929474681703,0.0032532388358291263,0.10514199750767891,0.9634440604123681,,True,False,False,8,2,0.25,True,anchored_masked_phase_cross_correlation,M,16,"{'y_start': 424, 'y_stop': 2705, 'x_start': 83, 'x_stop': 2788}"
M16,PLD3_mCherry_reporter_control,29,488nm Binned,54.24125513591207,-22.019929474681703,0.0057935241831778015,0.3266415038777929,0.9735548357324229,,True,False,True,25,2,0.25,True,anchored_masked_phase_cross_correlation,M,16,"{'y_start': 424, 'y_stop': 2705, 'x_start': 83, 'x_stop': 2788}"
M16,PLD3_mCherry_reporter_control,32,488nm Binned,375.56811434994233,-57.24299812599929,0.0009528058590059952,0.17530709706187905,0.8517032525356648,,True,False,False,25,2,0.25,True,anchored_masked_phase_cross_correlation,M,16,"{'y_start': 424, 'y_stop': 2705, 'x_start': 83, 'x_stop': 2788}"
M16,PLD3_mCherry_reporter_control,36,488nm Binned,-162.3336148104354,-79.16233117998127,0.0010301438200028296,0.1063539584250553,0.9173587081075398,,True,False,False,25,2,0.25,True,anchored_masked_phase_cross_correlation,M,16,"{'y_start': 424, 'y_stop': 2705, 'x_start': 83, 'x_stop': 2788}"
M16,PLD3_mCherry_reporter_control,39,488nm Binned,617.2419031198515,95.26810443948125,0.0017263359989138833,0.21271461083609663,0.7587145373187668,,True,True,True,36,2,0.25,True,anchored_masked_phase_cross_correlation,M,16,"{'y_start': 424, 'y_stop': 2705, 'x_start': 83, 'x_stop': 2788}"
M15,PLD3_mCherry_reporter_control,8,488nm Binned,0.0,0.0,1.0,1.0,1.0,,True,False,False,8,2,0.25,True,anchored_masked_phase_cross_correlation,M,15,"{'y_start': 438, 'y_stop': 2715, 'x_start': 82, 'x_stop': 2789}"
M15,PLD3_mCherry_reporter_control,12,488nm Binned,-135.0,-41.0,0.011378830982442516,0.17559006177993147,0.9393061075027865,,True,False,False,8,2,0.25,True,anchored_masked_phase_cross_correlation,M,15,"{'y_start': 438, 'y_stop': 2715, 'x_start': 82, 'x_stop': 2789}"
M15,PLD3_mCherry_reporter_control,16,488nm Binned,-64.0,-12.0,0.0033749278839761677,0.1694344515815283,0.9735940663970636,,True,False,False,8,2,0.25,True,anchored_masked_phase_cross_correlation,M,15,"{'y_start': 438, 'y_stop': 2715, 'x_start': 82, 'x_stop': 2789}"
M15,PLD3_mCherry_reporter_control,20,488nm Binned,-132.0,-39.0,0.008724467395850458,0.11132655851179789,0.9410024334307873,,True,False,False,8,2,0.25,True,anchored_masked_phase_cross_correlation,M,15,"{'y_start': 438, 'y_stop': 2715, 'x_start': 82, 'x_stop': 2789}"
M15,PLD3_mCherry_reporter_control,25,488nm Binned,88.8375215754495,-12.018927050972707,0.007574544699853496,0.2935908919255947,0.9649636829700968,,True,False,True,20,2,0.25,True,anchored_masked_phase_cross_correlation,M,15,"{'y_start': 438, 'y_stop': 2715, 'x_start': 82, 'x_stop': 2789}"
M15,PLD3_mCherry_reporter_control,29,488nm Binned,52.8375215754495,-20.018927050972707,0.006628384157463403,0.22723586723746153,0.9747253704890343,,True,False,False,20,2,0.25,True,anchored_masked_phase_cross_correlation,M,15,"{'y_start': 438, 'y_stop': 2715, 'x_start': 82, 'x_stop': 2789}"
M15,PLD3_mCherry_reporter_control,32,488nm Binned,387.48010168473775,-55.25111606455903,0.015525233225283186,0.15946306775903732,0.8482334254824927,,True,False,False,20,2,0.25,True,anchored_masked_phase_cross_correlation,M,15,"{'y_start': 438, 'y_stop': 2715, 'x_start': 82, 'x_stop': 2789}"
M15,PLD3_mCherry_reporter_control,36,488nm Binned,-152.4009182562586,-78.17869385693848,6.976702446269794e-05,0.11896132483511118,0.921051143040313,,True,False,False,20,2,0.25,True,anchored_masked_phase_cross_correlation,M,15,"{'y_start': 438, 'y_stop': 2715, 'x_start': 82, 'x_stop': 2789}"
M15,PLD3_mCherry_reporter_control,39,488nm Binned,635.9461830540531,97.23143090245503,0.00036151301213701887,0.22713094460756017,0.7518766887309438,,True,True,True,36,2,0.25,True,anchored_masked_phase_cross_correlation,M,15,"{'y_start': 438, 'y_stop': 2715, 'x_start': 82, 'x_stop': 2789}"
M17,PLD3_mCherry_reporter_control,8,488nm Binned,0.0,0.0,1.0,1.0,1.0,,True,False,False,8,2,0.25,True,anchored_masked_phase_cross_correlation,M,17,"{'y_start': 405, 'y_stop': 2690, 'x_start': 78, 'x_stop': 2797}"
M17,PLD3_mCherry_reporter_control,12,488nm Binned,-156.0,-42.0,0.0047622434471408315,0.1677855101816333,0.9317588977784003,,True,False,False,8,2,0.25,True,anchored_masked_phase_cross_correlation,M,17,"{'y_start': 405, 'y_stop': 2690, 'x_start': 78, 'x_stop': 2797}"
M17,PLD3_mCherry_reporter_control,16,488nm Binned,-69.0,-13.0,0.008173746481539328,0.14676315698826323,0.9715176992699708,,True,False,False,8,2,0.25,True,anchored_masked_phase_cross_correlation,M,17,"{'y_start': 405, 'y_stop': 2690, 'x_start': 78, 'x_stop': 2797}"
M17,PLD3_mCherry_reporter_control,20,488nm Binned,-158.0,-38.0,0.0019573214669401408,0.13258844323318733,0.9323896251427282,,True,False,False,8,2,0.25,True,anchored_masked_phase_cross_correlation,M,17,"{'y_start': 405, 'y_stop': 2690, 'x_start': 78, 'x_stop': 2797}"
M17,PLD3_mCherry_reporter_control,25,488nm Binned,89.64497972231402,-8.020958823191904,0.002287565715071225,0.30927156122585553,0.9660337420833927,,True,False,True,20,2,0.25,True,anchored_masked_phase_cross_correlation,M,17,"{'y_start': 405, 'y_stop': 2690, 'x_start': 78, 'x_stop': 2797}"
M17,PLD3_mCherry_reporter_control,29,488nm Binned,52.64497972231402,-16.020958823191904,0.0060911909437876355,0.2156613240261129,0.9761604400337135,,True,False,False,20,2,0.25,True,anchored_masked_phase_cross_correlation,M,17,"{'y_start': 405, 'y_stop': 2690, 'x_start': 78, 'x_stop': 2797}"
M17,PLD3_mCherry_reporter_control,32,488nm Binned,358.6561918011721,-52.234686007934215,0.001385077664388834,0.14159814183840758,0.8590102171033395,,True,False,False,20,2,0.25,True,anchored_masked_phase_cross_correlation,M,17,"{'y_start': 405, 'y_stop': 2690, 'x_start': 78, 'x_stop': 2797}"
M17,PLD3_mCherry_reporter_control,36,488nm Binned,-177.26617938548952,-70.14557289024742,0.00010070973949431297,0.1250300137163948,0.9152454064593202,,True,False,False,20,2,0.25,True,anchored_masked_phase_cross_correlation,M,17,"{'y_start': 405, 'y_stop': 2690, 'x_start': 78, 'x_stop': 2797}"
M17,PLD3_mCherry_reporter_control,39,488nm Binned,587.5379059149018,105.30562510587697,-0.003400447934591255,0.23097154081294993,0.7659446855855908,,True,True,True,36,2,0.25,True,anchored_masked_phase_cross_correlation,M,17,"{'y_start': 405, 'y_stop': 2690, 'x_start': 78, 'x_stop': 2797}"
M18,PLD3_mCherry_reporter_control,8,488nm Binned,0.0,0.0,1.0,1.0,1.0,,True,False,False,8,2,0.25,True,anchored_masked_phase_cross_correlation,M,18,"{'y_start': 393, 'y_stop': 2684, 'x_start': 78, 'x_stop': 2795}"
M18,PLD3_mCherry_reporter_control,12,488nm Binned,-165.0,-42.0,-0.0038043641550892463,0.18737556786127899,0.92866677754241,,True,False,False,8,2,0.25,True,anchored_masked_phase_cross_correlation,M,18,"{'y_start': 393, 'y_stop': 2684, 'x_start': 78, 'x_stop': 2795}"
M18,PLD3_mCherry_reporter_control,16,488nm Binned,-72.0,-11.0,0.0016631274018170986,0.15538132745809763,0.9711562589357096,,True,False,False,8,2,0.25,True,anchored_masked_phase_cross_correlation,M,18,"{'y_start': 393, 'y_stop': 2684, 'x_start': 78, 'x_stop': 2795}"
M18,PLD3_mCherry_reporter_control,20,488nm Binned,-170.0,-34.0,-0.0015276697813207704,0.12116567804274593,0.9295729922250816,,True,False,False,8,2,0.25,True,anchored_masked_phase_cross_correlation,M,18,"{'y_start': 393, 'y_stop': 2684, 'x_start': 78, 'x_stop': 2795}"
M18,PLD3_mCherry_reporter_control,25,488nm Binned,94.04871328224908,-10.021943297208054,0.004499196387051017,0.10169187801708394,0.9638277501320062,,True,False,False,8,2,0.25,True,anchored_masked_phase_cross_correlation,M,18,"{'y_start': 393, 'y_stop': 2684, 'x_start': 78, 'x_stop': 2795}"
M18,PLD3_mCherry_reporter_control,29,488nm Binned,53.04871328224908,-17.021943297208054,0.007521157385832864,0.30014623058498274,0.9756778919991963,,True,False,True,25,2,0.25,True,anchored_masked_phase_cross_correlation,M,18,"{'y_start': 393, 'y_stop': 2684, 'x_start': 78, 'x_stop': 2795}"
M18,PLD3_mCherry_reporter_control,32,488nm Binned,347.744204430659,-54.22669753428636,0.0019099795071733437,0.19039363808759058,0.8621353103447918,,True,False,False,25,2,0.25,True,anchored_masked_phase_cross_correlation,M,18,"{'y_start': 393, 'y_stop': 2684, 'x_start': 78, 'x_stop': 2795}"
M18,PLD3_mCherry_reporter_control,36,488nm Binned,-183.1988760045897,-72.12947397677635,0.01063473607241901,0.1171879352358876,0.9125798658905352,,True,False,False,25,2,0.25,True,anchored_masked_phase_cross_correlation,M,18,"{'y_start': 393, 'y_stop': 2684, 'x_start': 78, 'x_stop': 2795}"
M18,PLD3_mCherry_reporter_control,39,488nm Binned,569.8336257690171,99.34173381944129,-0.004435097409625322,0.22927708066530264,0.7735573666564561,,True,True,True,36,2,0.25,True,anchored_masked_phase_cross_correlation,M,18,"{'y_start': 393, 'y_stop': 2684, 'x_start': 78, 'x_stop': 2795}"
M19,PLD3_mCherry_reporter_control,8,488nm Binned,0.0,0.0,1.0,1.0,1.0,,True,False,False,8,2,0.25,True,anchored_masked_phase_cross_correlation,M,19,"{'y_start': 384, 'y_stop': 2673, 'x_start': 83, 'x_stop': 2787}"
M19,PLD3_mCherry_reporter_control,12,488nm Binned,-172.0,-43.0,-0.00400700896852469,0.18324086626417244,0.9259340308779219,,True,False,False,8,2,0.25,True,anchored_masked_phase_cross_correlation,M,19,"{'y_start': 384, 'y_stop': 2673, 'x_start': 83, 'x_stop': 2787}"
M19,PLD3_mCherry_reporter_control,16,488nm Binned,-74.0,-14.0,0.006041640175988157,0.15163610597879068,0.9694425478856774,,True,False,False,8,2,0.25,True,anchored_masked_phase_cross_correlation,M,19,"{'y_start': 384, 'y_stop': 2673, 'x_start': 83, 'x_stop': 2787}"
M19,PLD3_mCherry_reporter_control,20,488nm Binned,-179.0,-41.0,0.0024595543763914355,0.11767138797963132,0.9241837259696278,,True,False,False,8,2,0.25,True,anchored_masked_phase_cross_correlation,M,19,"{'y_start': 384, 'y_stop': 2673, 'x_start': 83, 'x_stop': 2787}"
M19,PLD3_mCherry_reporter_control,25,488nm Binned,95.45242889744986,-12.02309829385922,-0.00015113190443415188,0.2588594929704699,0.9626654895784518,,True,False,True,20,2,0.25,True,anchored_masked_phase_cross_correlation,M,19,"{'y_start': 384, 'y_stop': 2673, 'x_start': 83, 'x_stop': 2787}"
M19,PLD3_mCherry_reporter_control,29,488nm Binned,54.45242889744986,-18.02309829385922,0.008493976534814922,0.2263524259161355,0.9748489062075929,,True,False,False,20,2,0.25,True,anchored_masked_phase_cross_correlation,M,19,"{'y_start': 384, 'y_stop': 2673, 'x_start': 83, 'x_stop': 2787}"
M19,PLD3_mCherry_reporter_control,32,488nm Binned,342.8323468642884,-56.21747917975881,0.006515826124014339,0.15342957465383514,0.8632044097942749,,True,False,False,20,2,0.25,True,anchored_masked_phase_cross_correlation,M,19,"{'y_start': 384, 'y_stop': 2673, 'x_start': 83, 'x_stop': 2787}"
M19,PLD3_mCherry_reporter_control,36,488nm Binned,-194.13130824352993,-80.11086937510117,0.0016579803915409874,0.11351912731585734,0.9062693257473512,,True,False,False,20,2,0.25,True,anchored_masked_phase_cross_correlation,M,19,"{'y_start': 384, 'y_stop': 2673, 'x_start': 83, 'x_stop': 2787}"
M19,PLD3_mCherry_reporter_control,39,488nm Binned,544.1299124574871,93.38320814428153,-0.0006907991346722704,0.21252660705284437,0.7838925953223415,,True,True,True,36,2,0.25,True,anchored_masked_phase_cross_correlation,M,19,"{'y_start': 384, 'y_stop': 2673, 'x_start': 83, 'x_stop': 2787}"
M20,PLD3_mCherry_reporter_control,8,488nm Binned,0.0,0.0,1.0,1.0,1.0,,True,False,False,8,2,0.25,True,anchored_masked_phase_cross_correlation,M,20,"{'y_start': 368, 'y_stop': 2661, 'x_start': 80, 'x_stop': 2791}"
M20,PLD3_mCherry_reporter_control,12,488nm Binned,-185.0,-43.0,0.0023043856339307954,0.17728207301015264,0.9214692154471308,,True,False,False,8,2,0.25,True,anchored_masked_phase_cross_correlation,M,20,"{'y_start': 368, 'y_stop': 2661, 'x_start': 80, 'x_stop': 2791}"
M20,PLD3_mCherry_reporter_control,16,488nm Binned,-79.0,-13.0,0.0026032182229085545,0.15815314432984254,0.9680467535776879,,True,False,False,8,2,0.25,True,anchored_masked_phase_cross_correlation,M,20,"{'y_start': 368, 'y_stop': 2661, 'x_start': 80, 'x_stop': 2791}"
M20,PLD3_mCherry_reporter_control,20,488nm Binned,-193.0,-39.0,-0.005046126642011891,0.12098993045116516,0.9200224815158464,,True,False,False,8,2,0.25,True,anchored_masked_phase_cross_correlation,M,20,"{'y_start': 368, 'y_stop': 2661, 'x_start': 80, 'x_stop': 2791}"
M20,PLD3_mCherry_reporter_control,25,488nm Binned,95.85615347915518,-14.023966095111973,-0.00042613634953241985,0.11183346917397091,0.961850975768228,,True,False,False,8,2,0.25,True,anchored_masked_phase_cross_correlation,M,20,"{'y_start': 368, 'y_stop': 2661, 'x_start': 80, 'x_stop': 2791}"
M20,PLD3_mCherry_reporter_control,29,488nm Binned,51.85615347915518,-22.023966095111973,0.01611211878047885,0.31326316139568433,0.9743786940620993,,True,False,True,25,2,0.25,True,anchored_masked_phase_cross_correlation,M,20,"{'y_start': 368, 'y_stop': 2661, 'x_start': 80, 'x_stop': 2791}"
M20,PLD3_mCherry_reporter_control,32,488nm Binned,327.9204239941391,-56.210332245827885,0.0019019280502906818,0.21845618438980474,0.8683041150324503,,True,False,False,25,2,0.25,True,anchored_masked_phase_cross_correlation,M,20,"{'y_start': 368, 'y_stop': 2661, 'x_start': 80, 'x_stop': 2791}"
M20,PLD3_mCherry_reporter_control,36,488nm Binned,-206.0638734027998,-76.09648495674628,0.00450863241036216,0.18487896318460034,0.9035241014526847,,True,False,True,32,2,0.25,True,anchored_masked_phase_cross_correlation,M,20,"{'y_start': 368, 'y_stop': 2661, 'x_start': 80, 'x_stop': 2791}"
M20,PLD3_mCherry_reporter_control,39,488nm Binned,523.4259133474916,92.41564539945102,0.003784981799108272,0.17610927447648894,0.7911523045030352,,True,True,False,32,2,0.25,True,anchored_masked_phase_cross_correlation,M,20,"{'y_start': 368, 'y_stop': 2661, 'x_start': 80, 'x_stop': 2791}"
N05,PLD3_TMEM106B_mCherry_primary,8,488nm Binned,0.0,0.0,1.0,1.0,1.0,,True,False,False,8,2,0.25,True,anchored_masked_phase_cross_correlation,N,05,"{'y_start': 584, 'y_stop': 2823, 'x_start': 79, 'x_stop': 2803}"
N05,PLD3_TMEM106B_mCherry_primary,12,488nm Binned,-41.0,-31.0,0.011120390578594135,0.20370108735214446,0.9750499183993433,,True,False,False,8,2,0.25,True,anchored_masked_phase_cross_correlation,N,05,"{'y_start': 584, 'y_stop': 2823, 'x_start': 79, 'x_stop': 2803}"
N05,PLD3_TMEM106B_mCherry_primary,16,488nm Binned,-30.0,-10.0,0.012175151212032394,0.18347052793203542,0.9860894708892818,,True,False,False,8,2,0.25,True,anchored_masked_phase_cross_correlation,N,05,"{'y_start': 584, 'y_stop': 2823, 'x_start': 79, 'x_stop': 2803}"
N05,PLD3_TMEM106B_mCherry_primary,20,488nm Binned,-10.0,-23.0,0.02792495264944595,0.13913024372009883,0.9885216859337586,,True,False,False,8,2,0.25,True,anchored_masked_phase_cross_correlation,N,05,"{'y_start': 584, 'y_stop': 2823, 'x_start': 79, 'x_stop': 2803}"
N05,PLD3_TMEM106B_mCherry_primary,25,488nm Binned,74.80099094318575,-12.60500771189254,0.0078465840403259,0.10478531080410522,0.9696383387561457,,True,False,False,8,2,0.25,True,anchored_masked_phase_cross_correlation,N,05,"{'y_start': 584, 'y_stop': 2823, 'x_start': 79, 'x_stop': 2803}"
N05,PLD3_TMEM106B_mCherry_primary,29,488nm Binned,55.80099094318575,-21.60500771189254,0.0063681563958045105,0.33898884753172087,0.9731570283424775,,True,False,True,25,2,0.25,True,anchored_masked_phase_cross_correlation,N,05,"{'y_start': 584, 'y_stop': 2823, 'x_start': 79, 'x_stop': 2803}"
N05,PLD3_TMEM106B_mCherry_primary,32,488nm Binned,508.59328088670736,-40.24544836188579,-0.0025421898300501725,0.1995793086786472,0.8111220879480697,,True,True,False,25,2,0.25,True,anchored_masked_phase_cross_correlation,N,05,"{'y_start': 584, 'y_stop': 2823, 'x_start': 79, 'x_stop': 2803}"
N05,PLD3_TMEM106B_mCherry_primary,36,488nm Binned,-44.0874145772832,-64.27739176611067,0.0065146728876025,0.11644118246136431,0.9625604174843614,,True,False,True,32,2,0.25,True,anchored_masked_phase_cross_correlation,N,05,"{'y_start': 584, 'y_stop': 2823, 'x_start': 79, 'x_stop': 2803}"
N05,PLD3_TMEM106B_mCherry_primary,39,488nm Binned,884.9585200121946,133.1553298583749,0.004003746595778218,0.17229670300779873,0.6593350594710266,,True,True,False,32,2,0.25,True,anchored_masked_phase_cross_correlation,N,05,"{'y_start': 584, 'y_stop': 2823, 'x_start': 79, 'x_stop': 2803}"
N06,PLD3_TMEM106B_mCherry_primary,8,488nm Binned,0.0,0.0,1.0,1.0,1.0,,True,False,False,8,2,0.25,True,anchored_masked_phase_cross_correlation,N,06,"{'y_start': 565, 'y_stop': 2810, 'x_start': 77, 'x_stop': 2805}"
N06,PLD3_TMEM106B_mCherry_primary,12,488nm Binned,-52.0,-30.0,0.007259709310115354,0.15733644859367935,0.9715983030175709,,True,False,False,8,2,0.25,True,anchored_masked_phase_cross_correlation,N,06,"{'y_start': 565, 'y_stop': 2810, 'x_start': 77, 'x_stop': 2805}"
N06,PLD3_TMEM106B_mCherry_primary,16,488nm Binned,-33.0,-6.0,0.014206441222636132,0.13176095999954932,0.9864257453475954,,True,False,False,8,2,0.25,True,anchored_masked_phase_cross_correlation,N,06,"{'y_start': 565, 'y_stop': 2810, 'x_start': 77, 'x_stop': 2805}"
N06,PLD3_TMEM106B_mCherry_primary,20,488nm Binned,-22.0,-22.0,0.01924423614265842,0.11186737719770722,0.9847171404173207,,True,False,False,8,2,0.25,True,anchored_masked_phase_cross_correlation,N,06,"{'y_start': 565, 'y_stop': 2810, 'x_start': 77, 'x_stop': 2805}"
N06,PLD3_TMEM106B_mCherry_primary,25,488nm Binned,76.20477835665224,-8.606144756755384,0.010005130515681537,0.28737592292161246,0.9705082804077262,,True,False,True,20,2,0.25,True,anchored_masked_phase_cross_correlation,N,06,"{'y_start': 565, 'y_stop': 2810, 'x_start': 77, 'x_stop': 2805}"
N06,PLD3_TMEM106B_mCherry_primary,29,488nm Binned,56.20477835665224,-18.606144756755384,0.010456454981331017,0.23536429587247257,0.9740424355939429,,True,False,False,20,2,0.25,True,anchored_masked_phase_cross_correlation,N,06,"{'y_start': 565, 'y_stop': 2810, 'x_start': 77, 'x_stop': 2805}"
N06,PLD3_TMEM106B_mCherry_primary,32,488nm Binned,492.68090542501886,-37.23635932941397,0.006130204066954773,0.1500092977918167,0.8174614376004731,,True,False,False,20,2,0.25,True,anchored_masked_phase_cross_correlation,N,06,"{'y_start': 565, 'y_stop': 2810, 'x_start': 77, 'x_stop': 2805}"
N06,PLD3_TMEM106B_mCherry_primary,36,488nm Binned,-57.0209019350732,-62.2590506682609,0.008682193458499451,0.10197999252821803,0.9588416552333793,,True,False,False,20,2,0.25,True,anchored_masked_phase_cross_correlation,N,06,"{'y_start': 565, 'y_stop': 2810, 'x_start': 77, 'x_stop': 2805}"
N06,PLD3_TMEM106B_mCherry_primary,39,488nm Binned,853.252547195123,133.1962402064455,0.003306179005516713,0.20657620387177744,0.6698668553700411,,True,True,True,36,2,0.25,True,anchored_masked_phase_cross_correlation,N,06,"{'y_start': 565, 'y_stop': 2810, 'x_start': 77, 'x_stop': 2805}"
N07,PLD3_TMEM106B_mCherry_primary,8,488nm Binned,0.0,0.0,1.0,1.0,1.0,,True,False,False,8,2,0.25,True,anchored_masked_phase_cross_correlation,N,07,"{'y_start': 550, 'y_stop': 2800, 'x_start': 77, 'x_stop': 2805}"
N07,PLD3_TMEM106B_mCherry_primary,12,488nm Binned,-62.0,-30.0,0.006682885478261501,0.1831428810308158,0.9681480249528778,,True,False,False,8,2,0.25,True,anchored_masked_phase_cross_correlation,N,07,"{'y_start': 550, 'y_stop': 2800, 'x_start': 77, 'x_stop': 2805}"
N07,PLD3_TMEM106B_mCherry_primary,16,488nm Binned,-37.0,-7.0,0.009395623757592099,0.1589042490678271,0.9846897862043342,,True,False,False,8,2,0.25,True,anchored_masked_phase_cross_correlation,N,07,"{'y_start': 550, 'y_stop': 2800, 'x_start': 77, 'x_stop': 2805}"
N07,PLD3_TMEM106B_mCherry_primary,20,488nm Binned,-36.0,-23.0,0.0032500999173351937,0.12863272085879954,0.9795288364466075,,True,False,False,8,2,0.25,True,anchored_masked_phase_cross_correlation,N,07,"{'y_start': 550, 'y_stop': 2800, 'x_start': 77, 'x_stop': 2805}"
N07,PLD3_TMEM106B_mCherry_primary,25,488nm Binned,75.60856576594233,-10.607138204053626,0.007173628860439398,0.30803440034813123,0.9700362378304803,,True,False,True,20,2,0.25,True,anchored_masked_phase_cross_correlation,N,07,"{'y_start': 550, 'y_stop': 2800, 'x_start': 77, 'x_stop': 2805}"
N07,PLD3_TMEM106B_mCherry_primary,29,488nm Binned,53.60856576594233,-16.607138204053626,0.003863565782697666,0.2513954636852371,0.9756257727108837,,True,False,False,20,2,0.25,True,anchored_masked_phase_cross_correlation,N,07,"{'y_start': 550, 'y_stop': 2800, 'x_start': 77, 'x_stop': 2805}"
N07,PLD3_TMEM106B_mCherry_primary,32,488nm Binned,479.76852967765444,-38.22830601618625,-0.004455663747041086,0.16321158766055385,0.8216171972897103,,True,False,False,20,2,0.25,True,anchored_masked_phase_cross_correlation,N,07,"{'y_start': 550, 'y_stop': 2800, 'x_start': 77, 'x_stop': 2805}"
N07,PLD3_TMEM106B_mCherry_primary,36,488nm Binned,-67.95438981216284,-62.24281967830757,0.0063885166942136695,0.10652421677949109,0.9551177028701205,,True,False,False,20,2,0.25,True,anchored_masked_phase_cross_correlation,N,07,"{'y_start': 550, 'y_stop': 2800, 'x_start': 77, 'x_stop': 2805}"
N07,PLD3_TMEM106B_mCherry_primary,39,488nm Binned,828.5465726846815,132.23263196674816,0.005134724402908885,0.2432763099379195,0.6783200641174028,,True,True,True,36,2,0.25,True,anchored_masked_phase_cross_correlation,N,07,"{'y_start': 550, 'y_stop': 2800, 'x_start': 77, 'x_stop': 2805}"
N08,PLD3_TMEM106B_mCherry_primary,8,488nm Binned,0.0,0.0,1.0,1.0,1.0,,True,False,False,8,2,0.25,True,anchored_masked_phase_cross_correlation,N,08,"{'y_start': 540, 'y_stop': 2793, 'x_start': 80, 'x_stop': 2801}"
N08,PLD3_TMEM106B_mCherry_primary,12,488nm Binned,-71.0,-30.0,0.004528215534206194,0.17200512035741178,0.965042774694654,,True,False,False,8,2,0.25,True,anchored_masked_phase_cross_correlation,N,08,"{'y_start': 540, 'y_stop': 2793, 'x_start': 80, 'x_stop': 2801}"
N08,PLD3_TMEM106B_mCherry_primary,16,488nm Binned,-42.0,-7.0,0.003135676536088503,0.15074271979530798,0.9829506661297946,,True,False,False,8,2,0.25,True,anchored_masked_phase_cross_correlation,N,08,"{'y_start': 540, 'y_stop': 2793, 'x_start': 80, 'x_stop': 2801}"
N08,PLD3_TMEM106B_mCherry_primary,20,488nm Binned,-48.0,-24.0,0.012747805168404713,0.1170735244971786,0.9750354510600304,,True,False,False,8,2,0.25,True,anchored_masked_phase_cross_correlation,N,08,"{'y_start': 540, 'y_stop': 2793, 'x_start': 80, 'x_stop': 2801}"
N08,PLD3_TMEM106B_mCherry_primary,25,488nm Binned,80.01233522684197,-8.608176526107854,0.003273996020820989,0.27308089939814334,0.969183975512805,,True,False,True,20,2,0.25,True,anchored_masked_phase_cross_correlation,N,08,"{'y_start': 540, 'y_stop': 2793, 'x_start': 80, 'x_stop': 2801}"
N08,PLD3_TMEM106B_mCherry_primary,29,488nm Binned,54.01233522684197,-17.608176526107854,0.009112369214676702,0.22492397664697036,0.9751433398479885,,True,False,False,20,2,0.25,True,anchored_masked_phase_cross_correlation,N,08,"{'y_start': 540, 'y_stop': 2793, 'x_start': 80, 'x_stop': 2801}"
N08,PLD3_TMEM106B_mCherry_primary,32,488nm Binned,470.8562834844779,-38.21992907640015,0.004333924048937415,0.15325883960515735,0.8246856959757157,,True,False,False,20,2,0.25,True,anchored_masked_phase_cross_correlation,N,08,"{'y_start': 540, 'y_stop': 2793, 'x_start': 80, 'x_stop': 2801}"
N08,PLD3_TMEM106B_mCherry_primary,36,488nm Binned,-74.88761376348702,-66.22592934456043,0.011424544581832959,0.12751502650597976,0.9514001782988942,,True,False,False,20,2,0.25,True,anchored_masked_phase_cross_correlation,N,08,"{'y_start': 540, 'y_stop': 2793, 'x_start': 80, 'x_stop': 2801}"
N08,PLD3_TMEM106B_mCherry_primary,39,488nm Binned,811.8411635268785,130.27043557404613,0.005248554045848073,0.21581928378148849,0.6843667676910193,,True,True,True,36,2,0.25,True,anchored_masked_phase_cross_correlation,N,08,"{'y_start': 540, 'y_stop': 2793, 'x_start': 80, 'x_stop': 2801}"
N09,PLD3_TMEM106B_mCherry_primary,8,488nm Binned,0.0,0.0,1.0,1.0,1.0,,True,False,False,8,2,0.25,True,anchored_masked_phase_cross_correlation,N,09,"{'y_start': 525, 'y_stop': 2780, 'x_start': 81, 'x_stop': 2798}"
N09,PLD3_TMEM106B_mCherry_primary,12,488nm Binned,-79.0,-32.0,0.001263186812703574,0.16991367889982656,0.9616044109093951,,True,False,False,8,2,0.25,True,anchored_masked_phase_cross_correlation,N,09,"{'y_start': 525, 'y_stop': 2780, 'x_start': 81, 'x_stop': 2798}"
N09,PLD3_TMEM106B_mCherry_primary,16,488nm Binned,-44.0,-10.0,0.010716082296101763,0.15761966698973456,0.9812250408003284,,True,False,False,8,2,0.25,True,anchored_masked_phase_cross_correlation,N,09,"{'y_start': 525, 'y_stop': 2780, 'x_start': 81, 'x_stop': 2798}"
N09,PLD3_TMEM106B_mCherry_primary,20,488nm Binned,-58.0,-26.0,0.00237129695923344,0.12999598247122898,0.970894631085279,,True,False,False,8,2,0.25,True,anchored_masked_phase_cross_correlation,N,09,"{'y_start': 525, 'y_stop': 2780, 'x_start': 81, 'x_stop': 2798}"
N09,PLD3_TMEM106B_mCherry_primary,25,488nm Binned,81.41611366154393,-12.609178948510817,0.006981539789441111,0.27380390755269596,0.9673405348029249,,True,False,True,20,2,0.25,True,anchored_masked_phase_cross_correlation,N,09,"{'y_start': 525, 'y_stop': 2780, 'x_start': 81, 'x_stop': 2798}"
N09,PLD3_TMEM106B_mCherry_primary,29,488nm Binned,55.41611366154393,-19.609178948510817,0.0069930047538195065,0.22840920810072288,0.973972663936082,,True,False,False,20,2,0.25,True,anchored_masked_phase_cross_correlation,N,09,"{'y_start': 525, 'y_stop': 2780, 'x_start': 81, 'x_stop': 2798}"
N09,PLD3_TMEM106B_mCherry_primary,32,488nm Binned,459.94397248741734,-42.211811048564414,-0.0027401532176984057,0.14583808362891013,0.8272711875859979,,True,False,False,20,2,0.25,True,anchored_masked_phase_cross_correlation,N,09,"{'y_start': 525, 'y_stop': 2780, 'x_start': 81, 'x_stop': 2798}"
N09,PLD3_TMEM106B_mCherry_primary,36,488nm Binned,-87.82096972638828,-69.20956650531662,-0.002399564895605282,0.12235087791036064,0.9459863070076765,,True,False,False,20,2,0.25,True,anchored_masked_phase_cross_correlation,N,09,"{'y_start': 525, 'y_stop': 2780, 'x_start': 81, 'x_stop': 2798}"
N09,PLD3_TMEM106B_mCherry_primary,39,488nm Binned,783.1354715339985,126.30710964025639,0.0007149251865301868,0.21898600334876217,0.6949256664529945,,True,True,True,36,2,0.25,True,anchored_masked_phase_cross_correlation,N,09,"{'y_start': 525, 'y_stop': 2780, 'x_start': 81, 'x_stop': 2798}"
N10,PLD3_TMEM106B_mCherry_primary,8,488nm Binned,0.0,0.0,1.0,1.0,1.0,,True,False,False,8,2,0.25,True,anchored_masked_phase_cross_correlation,N,10,"{'y_start': 509, 'y_stop': 2768, 'x_start': 78, 'x_stop': 2802}"
N10,PLD3_TMEM106B_mCherry_primary,12,488nm Binned,-91.0,-30.0,-0.0007222059748287368,0.17558470184836147,0.9581422185652679,,True,False,False,8,2,0.25,True,anchored_masked_phase_cross_correlation,N,10,"{'y_start': 509, 'y_stop': 2768, 'x_start': 78, 'x_stop': 2802}"
N10,PLD3_TMEM106B_mCherry_primary,16,488nm Binned,-47.0,-8.0,0.006204266381765165,0.16357428077649097,0.9808685850115447,,True,False,False,8,2,0.25,True,anchored_masked_phase_cross_correlation,N,10,"{'y_start': 509, 'y_stop': 2768, 'x_start': 78, 'x_stop': 2802}"
N10,PLD3_TMEM106B_mCherry_primary,20,488nm Binned,-72.0,-25.0,0.002594493270876425,0.11995729275119418,0.9663973553217439,,True,False,False,8,2,0.25,True,anchored_masked_phase_cross_correlation,N,10,"{'y_start': 509, 'y_stop': 2768, 'x_start': 78, 'x_stop': 2802}"
N10,PLD3_TMEM106B_mCherry_primary,25,488nm Binned,81.81989209676976,-9.610199320613901,0.009385602830414752,0.2711364028128079,0.968216204208608,,True,False,True,20,2,0.25,True,anchored_masked_phase_cross_correlation,N,10,"{'y_start': 509, 'y_stop': 2768, 'x_start': 78, 'x_stop': 2802}"
N10,PLD3_TMEM106B_mCherry_primary,29,488nm Binned,55.81989209676976,-18.6101993206139,0.01909084356865459,0.2543964962468705,0.9741743789904229,,True,False,False,20,2,0.25,True,anchored_masked_phase_cross_correlation,N,10,"{'y_start': 509, 'y_stop': 2768, 'x_start': 78, 'x_stop': 2802}"
N10,PLD3_TMEM106B_mCherry_primary,32,488nm Binned,446.03166152607446,-40.20356355583135,0.0015314391683909007,0.16439107674596126,0.8326419934968909,,True,False,False,20,2,0.25,True,anchored_masked_phase_cross_correlation,N,10,"{'y_start': 509, 'y_stop': 2768, 'x_start': 78, 'x_stop': 2802}"
N10,PLD3_TMEM106B_mCherry_primary,36,488nm Binned,-99.7543256243589,-65.1929399025903,-0.002790975045558177,0.1274845029329472,0.9432776377514597,,True,False,False,20,2,0.25,True,anchored_masked_phase_cross_correlation,N,10,"{'y_start': 509, 'y_stop': 2768, 'x_start': 78, 'x_stop': 2802}"
N10,PLD3_TMEM106B_mCherry_primary,39,488nm Binned,758.4297797527979,127.34434852993218,-0.003882435922018413,0.2301751929004876,0.7028945311868969,,True,True,True,36,2,0.25,True,anchored_masked_phase_cross_correlation,N,10,"{'y_start': 509, 'y_stop': 2768, 'x_start': 78, 'x_stop': 2802}"
N11,PLD3_TMEM106B_mCherry_primary,8,488nm Binned,0.0,0.0,1.0,1.0,1.0,,True,False,False,8,2,0.25,True,anchored_masked_phase_cross_correlation,N,11,"{'y_start': 495, 'y_stop': 2757, 'x_start': 78, 'x_stop': 2802}"
N11,PLD3_TMEM106B_mCherry_primary,12,488nm Binned,-99.0,-30.0,0.0005302100374155636,0.14918559244160254,0.9553819961135134,,True,False,False,8,2,0.25,True,anchored_masked_phase_cross_correlation,N,11,"{'y_start': 495, 'y_stop': 2757, 'x_start': 78, 'x_stop': 2802}"
N11,PLD3_TMEM106B_mCherry_primary,16,488nm Binned,-51.0,-9.0,0.006349778872976407,0.13757524952466313,0.9791353005024421,,True,False,False,8,2,0.25,True,anchored_masked_phase_cross_correlation,N,11,"{'y_start': 495, 'y_stop': 2757, 'x_start': 78, 'x_stop': 2802}"
N11,PLD3_TMEM106B_mCherry_primary,20,488nm Binned,-85.0,-26.0,0.0032322279752450317,0.10330523908096127,0.9615657502883742,,True,False,False,8,2,0.25,True,anchored_masked_phase_cross_correlation,N,11,"{'y_start': 495, 'y_stop': 2757, 'x_start': 78, 'x_stop': 2802}"
N11,PLD3_TMEM106B_mCherry_primary,25,488nm Binned,82.22365258203354,-8.611210718388975,-3.5861383033441635e-05,0.3067366182175646,0.968414230956703,,True,False,True,20,2,0.25,True,anchored_masked_phase_cross_correlation,N,11,"{'y_start': 495, 'y_stop': 2757, 'x_start': 78, 'x_stop': 2802}"
N11,PLD3_TMEM106B_mCherry_primary,29,488nm Binned,52.22365258203354,-17.611210718388975,0.010101443394215509,0.23524684866589768,0.9757621411132721,,True,False,False,20,2,0.25,True,anchored_masked_phase_cross_correlation,N,11,"{'y_start': 495, 'y_stop': 2757, 'x_start': 78, 'x_stop': 2802}"
N11,PLD3_TMEM106B_mCherry_primary,32,488nm Binned,434.1194800117737,-40.19538083125917,5.050322084531866e-05,0.15643342398227858,0.8367396716482364,,True,False,False,20,2,0.25,True,anchored_masked_phase_cross_correlation,N,11,"{'y_start': 495, 'y_stop': 2757, 'x_start': 78, 'x_stop': 2802}"
N11,PLD3_TMEM106B_mCherry_primary,36,488nm Binned,-110.6874177913196,-65.17644524652314,-0.005652144780816978,0.11729497681760793,0.9395577241042677,,True,False,False,20,2,0.25,True,anchored_masked_phase_cross_correlation,N,11,"{'y_start': 495, 'y_stop': 2757, 'x_start': 78, 'x_stop': 2802}"
N11,PLD3_TMEM106B_mCherry_primary,39,488nm Binned,733.7246526892195,127.38130479620122,-0.0031209419777519214,0.22618291031571644,0.7111165233005017,,True,True,True,36,2,0.25,True,anchored_masked_phase_cross_correlation,N,11,"{'y_start': 495, 'y_stop': 2757, 'x_start': 78, 'x_stop': 2802}"
N13,PLD3_TMEM106B_mCherry_primary,8,488nm Binned,0.0,0.0,1.0,1.0,1.0,,True,False,False,8,2,0.25,True,anchored_masked_phase_cross_correlation,N,13,"{'y_start': 466, 'y_stop': 2734, 'x_start': 78, 'x_stop': 2801}"
N13,PLD3_TMEM106B_mCherry_primary,12,488nm Binned,-118.0,-31.0,-0.0007979251077354689,0.17404039583569036,0.948492138520762,,True,False,False,8,2,0.25,True,anchored_masked_phase_cross_correlation,N,13,"{'y_start': 466, 'y_stop': 2734, 'x_start': 78, 'x_stop': 2801}"
N13,PLD3_TMEM106B_mCherry_primary,16,488nm Binned,-58.0,-7.0,0.0036886185099084968,0.14437568418308364,0.9773854818912678,,True,False,False,8,2,0.25,True,anchored_masked_phase_cross_correlation,N,13,"{'y_start': 466, 'y_stop': 2734, 'x_start': 78, 'x_stop': 2801}"
N13,PLD3_TMEM106B_mCherry_primary,20,488nm Binned,-111.0,-25.0,0.0057830295933013025,0.12359437694875168,0.9529175638848526,,True,False,False,8,2,0.25,True,anchored_masked_phase_cross_correlation,N,13,"{'y_start': 466, 'y_stop': 2734, 'x_start': 78, 'x_stop': 2801}"
N13,PLD3_TMEM106B_mCherry_primary,25,488nm Binned,83.03114663245651,-10.61338608713504,0.0008274471715620397,0.2628387774162824,0.9674556256038205,,True,False,True,20,2,0.25,True,anchored_masked_phase_cross_correlation,N,13,"{'y_start': 466, 'y_stop': 2734, 'x_start': 78, 'x_stop': 2801}"
N13,PLD3_TMEM106B_mCherry_primary,29,488nm Binned,51.03114663245651,-17.61338608713504,0.01023114476352595,0.25653630347736933,0.9761746399271719,,True,False,False,20,2,0.25,True,anchored_masked_phase_cross_correlation,N,13,"{'y_start': 466, 'y_stop': 2734, 'x_start': 78, 'x_stop': 2801}"
N13,PLD3_TMEM106B_mCherry_primary,32,488nm Binned,409.2953114840493,-41.17791498398992,0.0017788319399200338,0.16560800050051572,0.8449802361591693,,True,False,False,20,2,0.25,True,anchored_masked_phase_cross_correlation,N,13,"{'y_start': 466, 'y_stop': 2734, 'x_start': 78, 'x_stop': 2801}"
N13,PLD3_TMEM106B_mCherry_primary,36,488nm Binned,-133.55320592824864,-66.14121404211846,0.004234672592852887,0.12649234258305309,0.9314454518945526,,True,False,True,32,2,0.25,True,anchored_masked_phase_cross_correlation,N,13,"{'y_start': 466, 'y_stop': 2734, 'x_start': 78, 'x_stop': 2801}"
N13,PLD3_TMEM106B_mCherry_primary,39,488nm Binned,688.3152475964744,124.46001801072134,0.0007357026111596807,0.18471330360125152,0.7270205482843771,,True,True,False,32,2,0.25,True,anchored_masked_phase_cross_correlation,N,13,"{'y_start': 466, 'y_stop': 2734, 'x_start': 78, 'x_stop': 2801}"
N12,PLD3_TMEM106B_mCherry_primary,8,488nm Binned,0.0,0.0,1.0,1.0,1.0,,True,False,False,8,2,0.25,True,anchored_masked_phase_cross_correlation,N,12,"{'y_start': 485, 'y_stop': 2751, 'x_start': 76, 'x_stop': 2805}"
N12,PLD3_TMEM106B_mCherry_primary,12,488nm Binned,-106.0,-30.0,0.005409693578285766,0.19819649320888308,0.9529668014682283,,True,False,False,8,2,0.25,True,anchored_masked_phase_cross_correlation,N,12,"{'y_start': 485, 'y_stop': 2751, 'x_start': 76, 'x_stop': 2805}"
N12,PLD3_TMEM106B_mCherry_primary,16,488nm Binned,-50.0,-7.0,0.0036962817281271346,0.1603161342617997,0.9801680740105313,,True,False,False,8,2,0.25,True,anchored_masked_phase_cross_correlation,N,12,"{'y_start': 485, 'y_stop': 2751, 'x_start': 76, 'x_stop': 2805}"
N12,PLD3_TMEM106B_mCherry_primary,20,488nm Binned,-92.0,-23.0,0.0020456699778165833,0.13152648513023543,0.9601596221665898,,True,False,False,8,2,0.25,True,anchored_masked_phase_cross_correlation,N,12,"{'y_start': 485, 'y_stop': 2751, 'x_start': 76, 'x_stop': 2805}"
N12,PLD3_TMEM106B_mCherry_primary,25,488nm Binned,89.62739512151165,-9.612356739403367,0.002925635460038125,0.29977892710550924,0.9655023160092936,,True,False,True,20,2,0.25,True,anchored_masked_phase_cross_correlation,N,12,"{'y_start': 485, 'y_stop': 2751, 'x_start': 76, 'x_stop': 2805}"
N12,PLD3_TMEM106B_mCherry_primary,29,488nm Binned,57.627395121511654,-16.612356739403367,0.006454544026452419,0.25901113713109836,0.9742308382532763,,True,False,False,20,2,0.25,True,anchored_masked_phase_cross_correlation,N,12,"{'y_start': 485, 'y_stop': 2751, 'x_start': 76, 'x_stop': 2805}"
N12,PLD3_TMEM106B_mCherry_primary,32,488nm Binned,426.207428230191,-39.18622715561378,0.003547596634643176,0.16695576871131826,0.8397593190881771,,True,False,False,20,2,0.25,True,anchored_masked_phase_cross_correlation,N,12,"{'y_start': 485, 'y_stop': 2751, 'x_start': 76, 'x_stop': 2805}"
N12,PLD3_TMEM106B_mCherry_primary,36,488nm Binned,-116.62024570794165,-62.15797242921781,0.003456339956273604,0.12168924023498583,0.9385457756828134,,True,False,False,20,2,0.25,True,anchored_masked_phase_cross_correlation,N,12,"{'y_start': 485, 'y_stop': 2751, 'x_start': 76, 'x_stop': 2805}"
N12,PLD3_TMEM106B_mCherry_primary,39,488nm Binned,717.0200920366551,130.42249702681966,0.003677686036909577,0.22259639605545775,0.7158870114644272,,True,True,True,36,2,0.25,True,anchored_masked_phase_cross_correlation,N,12,"{'y_start': 485, 'y_stop': 2751, 'x_start': 76, 'x_stop': 2805}"
N15,PLD3_TMEM106B_mCherry_primary,8,488nm Binned,0.0,0.0,1.0,1.0,1.0,,True,False,False,8,1,0.125,True,anchored_masked_phase_cross_correlation,N,15,"{'y_start': 438, 'y_stop': 2716, 'x_start': 75, 'x_stop': 2805}"
N15,PLD3_TMEM106B_mCherry_primary,12,488nm Binned,-138.0,-30.0,0.003682012451878719,0.1764389083608583,0.9419259116612104,,True,False,False,8,1,0.125,True,anchored_masked_phase_cross_correlation,N,15,"{'y_start': 438, 'y_stop': 2716, 'x_start': 75, 'x_stop': 2805}"
N15,PLD3_TMEM106B_mCherry_primary,16,488nm Binned,-63.0,-8.0,0.007252043838736385,0.14680241226627994,0.975305345961497,,True,False,False,8,1,0.125,True,anchored_masked_phase_cross_correlation,N,15,"{'y_start': 438, 'y_stop': 2716, 'x_start': 75, 'x_stop': 2805}"
N15,PLD3_TMEM106B_mCherry_primary,20,488nm Binned,-133.0,-25.0,-0.0014729063958287523,0.1263594178520132,0.9453135789717345,,True,False,False,8,1,0.125,True,anchored_masked_phase_cross_correlation,N,15,"{'y_start': 438, 'y_stop': 2716, 'x_start': 75, 'x_stop': 2805}"
N15,PLD3_TMEM106B_mCherry_primary,25,488nm Binned,89.83862272457918,-9.615265286422073,-0.00034045381496589257,0.10286417791547733,0.965427930690857,,True,False,False,8,1,0.125,True,anchored_masked_phase_cross_correlation,N,15,"{'y_start': 438, 'y_stop': 2716, 'x_start': 75, 'x_stop': 2805}"
N15,PLD3_TMEM106B_mCherry_primary,29,488nm Binned,54.83862272457918,-16.615265286422073,0.0037254106068378163,0.10955307682377728,0.9751965865162646,,True,False,False,8,1,0.125,True,anchored_masked_phase_cross_correlation,N,15,"{'y_start': 438, 'y_stop': 2716, 'x_start': 75, 'x_stop': 2805}"
N15,PLD3_TMEM106B_mCherry_primary,32,488nm Binned,387.47127183205157,-39.16258534334338,0.0073116166387003165,0.2643825170487286,0.8530882389007769,,True,False,True,29,1,0.125,True,anchored_masked_phase_cross_correlation,N,15,"{'y_start': 438, 'y_stop': 2716, 'x_start': 75, 'x_stop': 2805}"
N15,PLD3_TMEM106B_mCherry_primary,36,488nm Binned,-151.4187313727307,-62.11033500015401,0.004094314124493909,0.1442436821542128,0.9266911110932914,,True,False,False,29,1,0.125,True,anchored_masked_phase_cross_correlation,N,15,"{'y_start': 438, 'y_stop': 2716, 'x_start': 75, 'x_stop': 2805}"
N15,PLD3_TMEM106B_mCherry_primary,39,488nm Binned,638.9064038346405,124.52941142631971,0.006981030760128422,0.10695830873473944,0.743481760971544,,True,True,False,29,1,0.125,True,anchored_masked_phase_cross_correlation,N,15,"{'y_start': 438, 'y_stop': 2716, 'x_start': 75, 'x_stop': 2805}"
N14,PLD3_TMEM106B_mCherry_primary,8,488nm Binned,0.0,0.0,1.0,1.0,1.0,,True,False,False,8,2,0.25,True,anchored_masked_phase_cross_correlation,N,14,"{'y_start': 453, 'y_stop': 2728, 'x_start': 78, 'x_stop': 2803}"
N14,PLD3_TMEM106B_mCherry_primary,12,488nm Binned,-127.0,-33.0,0.011667496103857622,0.17630576182309218,0.9447215122284274,,True,False,False,8,2,0.25,True,anchored_masked_phase_cross_correlation,N,14,"{'y_start': 453, 'y_stop': 2728, 'x_start': 78, 'x_stop': 2803}"
N14,PLD3_TMEM106B_mCherry_primary,16,488nm Binned,-59.0,-11.0,0.0010732701248773295,0.13933173476054975,0.9756716492669557,,True,False,False,8,2,0.25,True,anchored_masked_phase_cross_correlation,N,14,"{'y_start': 453, 'y_stop': 2728, 'x_start': 78, 'x_stop': 2803}"
N14,PLD3_TMEM106B_mCherry_primary,20,488nm Binned,-117.0,-24.0,8.324880141639898e-05,0.11603043460993652,0.9511782006617531,,True,False,False,8,2,0.25,True,anchored_masked_phase_cross_correlation,N,14,"{'y_start': 453, 'y_stop': 2728, 'x_start': 78, 'x_stop': 2803}"
N14,PLD3_TMEM106B_mCherry_primary,25,488nm Binned,89.4348891635891,-12.61424491302023,0.00496175657783358,0.29804947313796276,0.9645551690786959,,True,False,True,20,2,0.25,True,anchored_masked_phase_cross_correlation,N,14,"{'y_start': 453, 'y_stop': 2728, 'x_start': 78, 'x_stop': 2803}"
N14,PLD3_TMEM106B_mCherry_primary,29,488nm Binned,56.434889163589105,-16.61424491302023,0.011542669743104809,0.2901905597748416,0.9746435814784122,,True,False,False,20,2,0.25,True,anchored_masked_phase_cross_correlation,N,14,"{'y_start': 453, 'y_stop': 2728, 'x_start': 78, 'x_stop': 2803}"
N14,PLD3_TMEM106B_mCherry_primary,32,488nm Binned,399.3832591311366,-41.17083274681136,0.008266088177334359,0.18561774621278623,0.8483888254098038,,True,False,False,20,2,0.25,True,anchored_masked_phase_cross_correlation,N,14,"{'y_start': 453, 'y_stop': 2728, 'x_start': 78, 'x_stop': 2803}"
N14,PLD3_TMEM106B_mCherry_primary,36,488nm Binned,-139.48603488346998,-64.12696144060101,-0.0005105885122820723,0.14609781173068825,0.9300926909206187,,True,False,False,20,2,0.25,True,anchored_masked_phase_cross_correlation,N,14,"{'y_start': 453, 'y_stop': 2728, 'x_start': 78, 'x_stop': 2803}"
N14,PLD3_TMEM106B_mCherry_primary,39,488nm Binned,663.61068355717,128.4921730658225,0.002949244174609554,0.2379699828346557,0.7341799992322844,,True,True,True,36,2,0.25,True,anchored_masked_phase_cross_correlation,N,14,"{'y_start': 453, 'y_stop': 2728, 'x_start': 78, 'x_stop': 2803}"
N16,PLD3_TMEM106B_mCherry_primary,8,488nm Binned,0.0,0.0,1.0,1.0,1.0,,True,False,False,8,2,0.25,True,anchored_masked_phase_cross_correlation,N,16,"{'y_start': 425, 'y_stop': 2706, 'x_start': 75, 'x_stop': 2805}"
N16,PLD3_TMEM106B_mCherry_primary,12,488nm Binned,-147.0,-32.0,0.00043168920381562385,0.16874620075121946,0.938159054171554,,True,False,False,8,2,0.25,True,anchored_masked_phase_cross_correlation,N,16,"{'y_start': 425, 'y_stop': 2706, 'x_start': 75, 'x_stop': 2805}"
N16,PLD3_TMEM106B_mCherry_primary,16,488nm Binned,-65.0,-9.0,0.004073499766659265,0.14707900250853484,0.9742691683735696,,True,False,False,8,2,0.25,True,anchored_masked_phase_cross_correlation,N,16,"{'y_start': 425, 'y_stop': 2706, 'x_start': 75, 'x_stop': 2805}"
N16,PLD3_TMEM106B_mCherry_primary,20,488nm Binned,-145.0,-25.0,0.004901546813238278,0.40412192037138817,0.9411659508373064,,True,False,True,16,2,0.25,True,anchored_masked_phase_cross_correlation,N,16,"{'y_start': 425, 'y_stop': 2706, 'x_start': 75, 'x_stop': 2805}"
N16,PLD3_TMEM106B_mCherry_primary,25,488nm Binned,90.24234730992612,-11.616258735542942,-0.0002895222177057182,0.23499381347508566,0.9646118906839148,,True,False,False,16,2,0.25,True,anchored_masked_phase_cross_correlation,N,16,"{'y_start': 425, 'y_stop': 2706, 'x_start': 75, 'x_stop': 2805}"
N16,PLD3_TMEM106B_mCherry_primary,29,488nm Binned,52.24234730992612,-16.616258735542942,0.007633928467787638,0.17798927021533895,0.9760962584082533,,True,False,False,16,2,0.25,True,anchored_masked_phase_cross_correlation,N,16,"{'y_start': 425, 'y_stop': 2706, 'x_start': 75, 'x_stop': 2805}"
N16,PLD3_TMEM106B_mCherry_primary,32,488nm Binned,376.5593492118496,-40.15453215508387,0.0014579816885761491,0.13324575095329788,0.8565405446255243,,True,False,False,16,2,0.25,True,anchored_masked_phase_cross_correlation,N,16,"{'y_start': 425, 'y_stop': 2706, 'x_start': 75, 'x_stop': 2805}"
N16,PLD3_TMEM106B_mCherry_primary,36,488nm Binned,-161.35129607762792,-62.09410423738882,0.00023540761151804308,0.1819289176055876,0.9233082156122303,,True,False,True,32,2,0.25,True,anchored_masked_phase_cross_correlation,N,16,"{'y_start': 425, 'y_stop': 2706, 'x_start': 75, 'x_stop': 2805}"
N16,PLD3_TMEM106B_mCherry_primary,39,488nm Binned,615.2024062063283,125.56580244578072,0.003362292389439464,0.1969778614609253,0.751104035656718,,True,True,False,32,2,0.25,True,anchored_masked_phase_cross_correlation,N,16,"{'y_start': 425, 'y_stop': 2706, 'x_start': 75, 'x_stop': 2805}"
N17,PLD3_TMEM106B_mCherry_primary,8,488nm Binned,0.0,0.0,1.0,1.0,1.0,,True,False,False,8,2,0.25,True,anchored_masked_phase_cross_correlation,N,17,"{'y_start': 405, 'y_stop': 2688, 'x_start': 77, 'x_stop': 2802}"
N17,PLD3_TMEM106B_mCherry_primary,12,488nm Binned,-157.0,-32.0,8.192775583103883e-06,0.18575231826008823,0.9347112075924596,,True,False,False,8,2,0.25,True,anchored_masked_phase_cross_correlation,N,17,"{'y_start': 405, 'y_stop': 2688, 'x_start': 77, 'x_stop': 2802}"
N17,PLD3_TMEM106B_mCherry_primary,16,488nm Binned,-70.0,-9.0,-0.0016220868781912797,0.15378334056529147,0.9725312640418293,,True,False,False,8,2,0.25,True,anchored_masked_phase_cross_correlation,N,17,"{'y_start': 405, 'y_stop': 2688, 'x_start': 77, 'x_stop': 2802}"
N17,PLD3_TMEM106B_mCherry_primary,20,488nm Binned,-157.0,-26.0,0.00208365574507461,0.12203887459249205,0.9366887348299614,,True,False,False,8,2,0.25,True,anchored_masked_phase_cross_correlation,N,17,"{'y_start': 405, 'y_stop': 2688, 'x_start': 77, 'x_stop': 2802}"
N17,PLD3_TMEM106B_mCherry_primary,25,488nm Binned,87.64608984523511,-12.617261158993642,-0.001612039890848689,0.10081307202120647,0.9651751159484317,,True,False,False,8,2,0.25,True,anchored_masked_phase_cross_correlation,N,17,"{'y_start': 405, 'y_stop': 2688, 'x_start': 77, 'x_stop': 2802}"
N17,PLD3_TMEM106B_mCherry_primary,29,488nm Binned,48.64608984523511,-18.617261158993642,-0.00010959539512373837,0.3005101255632853,0.97665705333596,,True,False,True,25,2,0.25,True,anchored_masked_phase_cross_correlation,N,17,"{'y_start': 405, 'y_stop': 2688, 'x_start': 77, 'x_stop': 2802}"
N17,PLD3_TMEM106B_mCherry_primary,32,488nm Binned,358.64729714459827,-45.14641419867621,-0.004406625690331172,0.19888946509394656,0.8611757005226253,,True,False,False,25,2,0.25,True,anchored_masked_phase_cross_correlation,N,17,"{'y_start': 405, 'y_stop': 2688, 'x_start': 77, 'x_stop': 2802}"
N17,PLD3_TMEM106B_mCherry_primary,36,488nm Binned,-179.2841245135496,-65.07774152798083,-0.004173010623648303,0.11203643333447956,0.9162155743105831,,True,False,False,25,2,0.25,True,anchored_masked_phase_cross_correlation,N,17,"{'y_start': 405, 'y_stop': 2688, 'x_start': 77, 'x_stop': 2802}"
N17,PLD3_TMEM106B_mCherry_primary,39,488nm Binned,586.4978438603939,123.60247608863938,0.0025157308175968057,0.2787838353721011,0.7612189800924506,,True,True,True,36,2,0.25,True,anchored_masked_phase_cross_correlation,N,17,"{'y_start': 405, 'y_stop': 2688, 'x_start': 77, 'x_stop': 2802}"
N18,PLD3_TMEM106B_mCherry_primary,8,488nm Binned,0.0,0.0,1.0,1.0,1.0,,True,False,False,8,2,0.25,True,anchored_masked_phase_cross_correlation,N,18,"{'y_start': 392, 'y_stop': 2679, 'x_start': 76, 'x_stop': 2804}"
N18,PLD3_TMEM106B_mCherry_primary,12,488nm Binned,-165.0,-33.0,-0.0026400104850360026,0.16633282893876475,0.9316243150505068,,True,False,False,8,2,0.25,True,anchored_masked_phase_cross_correlation,N,18,"{'y_start': 392, 'y_stop': 2679, 'x_start': 76, 'x_stop': 2804}"
N18,PLD3_TMEM106B_mCherry_primary,16,488nm Binned,-70.0,-10.0,0.002099431552272403,0.13379814990461747,0.9721910992065577,,True,False,False,8,2,0.25,True,anchored_masked_phase_cross_correlation,N,18,"{'y_start': 392, 'y_stop': 2679, 'x_start': 76, 'x_stop': 2804}"
N18,PLD3_TMEM106B_mCherry_primary,20,488nm Binned,-170.0,-26.0,0.003445018702142506,0.11270262903515914,0.9321970514833035,,True,False,False,8,2,0.25,True,anchored_masked_phase_cross_correlation,N,18,"{'y_start': 392, 'y_stop': 2679, 'x_start': 76, 'x_stop': 2804}"
N18,PLD3_TMEM106B_mCherry_primary,25,488nm Binned,91.049805456787,-12.618290507773054,-0.0037737994001105545,0.2609485644056247,0.9639931988514601,,True,False,True,20,2,0.25,True,anchored_masked_phase_cross_correlation,N,18,"{'y_start': 392, 'y_stop': 2679, 'x_start': 76, 'x_stop': 2804}"
N18,PLD3_TMEM106B_mCherry_primary,29,488nm Binned,48.049805456787,-15.618290507773054,0.003591934068108766,0.2368591319895526,0.9778917605456093,,True,False,False,20,2,0.25,True,anchored_masked_phase_cross_correlation,N,18,"{'y_start': 392, 'y_stop': 2679, 'x_start': 76, 'x_stop': 2804}"
N18,PLD3_TMEM106B_mCherry_primary,32,488nm Binned,347.73543932828034,-43.13810209847725,-0.00346824975481439,0.18041006837052123,0.8655358471579169,,True,False,False,20,2,0.25,True,anchored_masked_phase_cross_correlation,N,18,"{'y_start': 392, 'y_stop': 2679, 'x_start': 76, 'x_stop': 2804}"
N18,PLD3_TMEM106B_mCherry_primary,36,488nm Binned,-188.2165572068625,-63.06098327071231,-0.005725406106745876,0.15138012167706658,0.9138287746717505,,True,False,False,20,2,0.25,True,anchored_masked_phase_cross_correlation,N,18,"{'y_start': 392, 'y_stop': 2679, 'x_start': 76, 'x_stop': 2804}"
N18,PLD3_TMEM106B_mCherry_primary,39,488nm Binned,564.7941290671733,126.63999664920266,-0.0033932907698543797,0.23318911167404802,0.7676098465025012,,True,True,True,36,2,0.25,True,anchored_masked_phase_cross_correlation,N,18,"{'y_start': 392, 'y_stop': 2679, 'x_start': 76, 'x_stop': 2804}"
N20,PLD3_TMEM106B_mCherry_primary,8,488nm Binned,0.0,0.0,1.0,1.0,1.0,,True,False,False,8,2,0.25,True,anchored_masked_phase_cross_correlation,N,20,"{'y_start': 359, 'y_stop': 2653, 'x_start': 76, 'x_stop': 2805}"
N20,PLD3_TMEM106B_mCherry_primary,12,488nm Binned,-181.0,-34.0,0.005038271538497345,0.1823738380321693,0.9257830356222366,,True,False,False,8,2,0.25,True,anchored_masked_phase_cross_correlation,N,20,"{'y_start': 359, 'y_stop': 2653, 'x_start': 76, 'x_stop': 2805}"
N20,PLD3_TMEM106B_mCherry_primary,16,488nm Binned,-76.0,-7.0,0.004462345670293365,0.14269606811719007,0.9711246496229252,,True,False,False,8,2,0.25,True,anchored_masked_phase_cross_correlation,N,20,"{'y_start': 359, 'y_stop': 2653, 'x_start': 76, 'x_stop': 2805}"
N20,PLD3_TMEM106B_mCherry_primary,20,488nm Binned,-198.0,-25.0,-0.0010635163153186649,0.10415235404419708,0.922847259910249,,True,False,False,8,2,0.25,True,anchored_masked_phase_cross_correlation,N,20,"{'y_start': 359, 'y_stop': 2653, 'x_start': 76, 'x_stop': 2805}"
N20,PLD3_TMEM106B_mCherry_primary,25,488nm Binned,89.85721872941212,-10.620322281305562,0.012382103690198926,0.25332320394193,0.9650820097545695,,True,False,True,20,2,0.25,True,anchored_masked_phase_cross_correlation,N,20,"{'y_start': 359, 'y_stop': 2653, 'x_start': 76, 'x_stop': 2805}"
N20,PLD3_TMEM106B_mCherry_primary,29,488nm Binned,47.857218729412125,-16.62032228130556,0.0022280930016688786,0.24345980328165065,0.9776149916138099,,True,False,False,20,2,0.25,True,anchored_masked_phase_cross_correlation,N,20,"{'y_start': 359, 'y_stop': 2653, 'x_start': 76, 'x_stop': 2805}"
N20,PLD3_TMEM106B_mCherry_primary,32,488nm Binned,320.91185310696164,-39.121672131128435,0.0042941740253390264,0.17351231670687484,0.8759916154981677,,True,False,False,20,2,0.25,True,anchored_masked_phase_cross_correlation,N,20,"{'y_start': 359, 'y_stop': 2653, 'x_start': 76, 'x_stop': 2805}"
N20,PLD3_TMEM106B_mCherry_primary,36,488nm Binned,-214.0811589274017,-62.027862466304214,0.001034913558804531,0.12504413516555468,0.9053420617983252,,True,False,False,20,2,0.25,True,anchored_masked_phase_cross_correlation,N,20,"{'y_start': 359, 'y_stop': 2653, 'x_start': 76, 'x_stop': 2805}"
N20,PLD3_TMEM106B_mCherry_primary,39,488nm Binned,510.38726398667495,127.7141903234442,0.005675318610588525,0.23435766600685484,0.7854346140952776,,True,True,True,36,2,0.25,True,anchored_masked_phase_cross_correlation,N,20,"{'y_start': 359, 'y_stop': 2653, 'x_start': 76, 'x_stop': 2805}"
N19,PLD3_TMEM106B_mCherry_primary,8,488nm Binned,0.0,0.0,1.0,1.0,1.0,,True,False,False,8,2,0.25,True,anchored_masked_phase_cross_correlation,N,19,"{'y_start': 383, 'y_stop': 2673, 'x_start': 76, 'x_stop': 2802}"
N19,PLD3_TMEM106B_mCherry_primary,12,488nm Binned,-175.0,-34.0,0.00486609045653698,0.19073722525412046,0.9278502846783339,,True,False,False,8,2,0.25,True,anchored_masked_phase_cross_correlation,N,19,"{'y_start': 383, 'y_stop': 2673, 'x_start': 76, 'x_stop': 2802}"
N19,PLD3_TMEM106B_mCherry_primary,16,488nm Binned,-75.0,-11.0,-0.0022925943395447927,0.1486599470259313,0.9701142457823451,,True,False,False,8,2,0.25,True,anchored_masked_phase_cross_correlation,N,19,"{'y_start': 383, 'y_stop': 2673, 'x_start': 76, 'x_stop': 2802}"
N19,PLD3_TMEM106B_mCherry_primary,20,488nm Binned,-179.0,-28.0,0.014443954421768719,0.12289114711078197,0.9284335980734854,,True,False,False,8,2,0.25,True,anchored_masked_phase_cross_correlation,N,19,"{'y_start': 383, 'y_stop': 2673, 'x_start': 76, 'x_stop': 2802}"
N19,PLD3_TMEM106B_mCherry_primary,25,488nm Binned,95.45350311864604,-13.619319857069058,0.006411953538356475,0.2752263905252486,0.9621270776431828,,True,False,True,20,2,0.25,True,anchored_masked_phase_cross_correlation,N,19,"{'y_start': 383, 'y_stop': 2673, 'x_start': 76, 'x_stop': 2802}"
N19,PLD3_TMEM106B_mCherry_primary,29,488nm Binned,56.45350311864604,-18.61931985706906,0.01429471537027439,0.21793849505323204,0.9739517706974458,,True,False,False,20,2,0.25,True,anchored_masked_phase_cross_correlation,N,19,"{'y_start': 383, 'y_stop': 2673, 'x_start': 76, 'x_stop': 2802}"
N19,PLD3_TMEM106B_mCherry_primary,32,488nm Binned,341.82371097685245,-44.12979003397777,0.004775111370655123,0.15186192725341943,0.8672615500058092,,True,False,False,20,2,0.25,True,anchored_masked_phase_cross_correlation,N,19,"{'y_start': 383, 'y_stop': 2673, 'x_start': 76, 'x_stop': 2802}"
N19,PLD3_TMEM106B_mCherry_primary,36,488nm Binned,-194.1487261367074,-65.04422507834533,0.007148017207755766,0.13449670117025006,0.9111611595167299,,True,False,False,20,2,0.25,True,anchored_masked_phase_cross_correlation,N,19,"{'y_start': 383, 'y_stop': 2673, 'x_start': 76, 'x_stop': 2802}"
N19,PLD3_TMEM106B_mCherry_primary,39,488nm Binned,547.090979097411,119.67751699809014,-0.00218002556619189,0.17286431677219563,0.7754744853455013,,True,True,True,36,2,0.25,True,anchored_masked_phase_cross_correlation,N,19,"{'y_start': 383, 'y_stop': 2673, 'x_start': 76, 'x_stop': 2802}"
