well,row,column,condition,site_fov,timepoint_day,file_name,mcherry_channel,registration_channel,time_index,cell_roi_id,mask_source,cell_roi_area,total_mcherry_intensity,diffuse_mcherry_integrated_intensity,diffuse_mcherry_mean_intensity,punctate_mcherry_integrated_intensity,puncta_count,puncta_density_per_area,mean_puncta_intensity,median_puncta_area,diffuse_to_punctate_ratio,rupture_like_score,mcherry_metric_interpretation
E09,E,09,PLD3_mCherry_reporter_control,site0,8,"260216_Day8_iNeurons_WellE09_Channel405nm Binned,561nm Binned,488nm Binned_Seq0036.nd2",561nm Binned,488nm Binned,0,whole_field_foreground,stable_channel,36251,799184.0,585524.0,16.554723739624023,213660.0,44,0.001213759620390782,223.3201252330433,15.5,2.7404474398448917,2.7404474398448917,screening metric for punctate-to-diffuse reporter redistribution; not rupture proof
E09,E,09,PLD3_mCherry_reporter_control,site0,12,"260220_Day12_WellE09_Channel405nm Binned,561nm Binned,488nm Binned_Seq0036.nd2",561nm Binned,488nm Binned,1,whole_field_foreground,stable_channel,39038,1039935.0,781587.0,20.513017654418945,258348.0,45,0.0011527229878284563,256.86426628960504,17.0,3.0253263040432854,3.0253263040432854,screening metric for punctate-to-diffuse reporter redistribution; not rupture proof
E09,E,09,PLD3_mCherry_reporter_control,site0,16,"260224_day16_WellE09_Channel405nm Binned,561nm Binned,488nm Binned_Seq0036.nd2",561nm Binned,488nm Binned,2,whole_field_foreground,stable_channel,41737,1553736.0,1148366.0,28.179378509521484,405370.0,48,0.0011500587008853042,375.1082928975423,13.5,2.8328835384887068,2.8328835384887068,screening metric for punctate-to-diffuse reporter redistribution; not rupture proof
E09,E,09,PLD3_mCherry_reporter_control,site0,20,"260228_day20_WellE09_Channel405nm Binned,561nm Binned,488nm Binned_Seq0036.nd2",561nm Binned,488nm Binned,3,whole_field_foreground,stable_channel,28912,1012168.0,761749.0,26.973159790039062,250419.0,37,0.00127974543437743,353.1210005476668,14.0,3.0418977793097093,3.0418977793097093,screening metric for punctate-to-diffuse reporter redistribution; not rupture proof
E09,E,09,PLD3_mCherry_reporter_control,site0,25,"260305_day25_iNeurons_WellE09_Channel405nm Binned,561nm Binned,488nm Binned_Seq0036.nd2",561nm Binned,488nm Binned,4,whole_field_foreground,stable_channel,23510,733552.0,574281.0,24.976341247558594,159271.0,29,0.0012335176520104842,269.8162868105132,14.0,3.605684650667066,3.605684650667066,screening metric for punctate-to-diffuse reporter redistribution; not rupture proof
E09,E,09,PLD3_mCherry_reporter_control,site0,29,"260309_Day29_WellE09_Channel405nm Binned,561nm Binned,488nm Binned_Seq0036.nd2",561nm Binned,488nm Binned,5,whole_field_foreground,stable_channel,56484,2131364.0,1673275.0,30.314050674438477,458089.0,86,0.0015225550598129993,330.77646725676783,13.5,3.6527290548263487,3.6527290548263487,screening metric for punctate-to-diffuse reporter redistribution; not rupture proof
E09,E,09,PLD3_mCherry_reporter_control,site0,32,"260312_Day32_WellE09_Channel405nm Binned,561 nm,488nm Binned_Seq0036.nd2",561nm Binned,488nm Binned,6,whole_field_foreground,stable_channel,36928,1607887.0,1232823.0,34.15022277832031,375064.0,49,0.0013269064124424039,395.54258198640787,11.0,3.2869670242857567,3.2869670242857567,screening metric for punctate-to-diffuse reporter redistribution; not rupture proof
E09,E,09,PLD3_mCherry_reporter_control,site0,36,"260316_Day36_WellE09_Channel405nm Binned,561nm Binned,488nm Binned_Seq0036.nd2",561nm Binned,488nm Binned,7,whole_field_foreground,stable_channel,50852,2266612.0,1771265.0,35.6384162902832,495347.0,70,0.0013765436954028053,389.7925131661551,12.0,3.5758064548617923,3.5758064548617923,screening metric for punctate-to-diffuse reporter redistribution; not rupture proof
E09,E,09,PLD3_mCherry_reporter_control,site0,39,"260319_Day39_WellE09_Channel405nm Binned,561nm Binned,488nm Binned_Seq0036.nd2",561nm Binned,488nm Binned,8,whole_field_foreground,stable_channel,36329,1835626.0,1412842.0,39.82529067993164,422784.0,63,0.0017341517795223058,470.055911109561,11.0,3.341758439289704,3.341758439289704,screening metric for punctate-to-diffuse reporter redistribution; not rupture proof
E11,E,11,PLD3_mCherry_reporter_control,site0,8,"260216_Day8_iNeurons_WellE11_Channel405nm Binned,561nm Binned,488nm Binned_Seq0038.nd2",561nm Binned,488nm Binned,0,whole_field_foreground,stable_channel,93527,2162612.0,1576261.0,17.254995346069336,586351.0,101,0.001079902060356048,248.1445033007329,18.0,2.6882549871959145,2.6882549871959145,screening metric for punctate-to-diffuse reporter redistribution; not rupture proof
E11,E,11,PLD3_mCherry_reporter_control,site0,12,"260220_Day12_WellE11_Channel405nm Binned,561nm Binned,488nm Binned_Seq0038.nd2",561nm Binned,488nm Binned,1,whole_field_foreground,stable_channel,107375,2840944.0,2155436.0,20.557329177856445,685508.0,118,0.0010989522700712556,234.7416630761098,14.0,3.1442900739259874,3.1442900739259874,screening metric for punctate-to-diffuse reporter redistribution; not rupture proof
E11,E,11,PLD3_mCherry_reporter_control,site0,16,"260224_day16_WellE11_Channel405nm Binned,561nm Binned,488nm Binned_Seq0038.nd2",561nm Binned,488nm Binned,2,whole_field_foreground,stable_channel,94941,2927253.0,2115699.0,22.828493118286133,811554.0,93,0.000979555724070954,323.1086681735131,18.0,2.6069725489584092,2.6069725489584092,screening metric for punctate-to-diffuse reporter redistribution; not rupture proof
E11,E,11,PLD3_mCherry_reporter_control,site0,20,"260228_day20_WellE11_Channel405nm Binned,561nm Binned,488nm Binned_Seq0038.nd2",561nm Binned,488nm Binned,3,whole_field_foreground,stable_channel,133729,4372365.0,3245838.0,24.8563232421875,1126527.0,138,0.0010319377247939344,324.90565678693247,16.5,2.8812784780099534,2.8812784780099534,screening metric for punctate-to-diffuse reporter redistribution; not rupture proof
E11,E,11,PLD3_mCherry_reporter_control,site0,25,"260305_day25_iNeurons_WellE11_Channel405nm Binned,561nm Binned,488nm Binned_Seq0038.nd2",561nm Binned,488nm Binned,4,whole_field_foreground,stable_channel,45711,1200507.0,941489.0,21.072765350341797,259018.0,64,0.0014001006322023122,232.0026923418045,14.0,3.6348400497122406,3.6348400497122406,screening metric for punctate-to-diffuse reporter redistribution; not rupture proof
E11,E,11,PLD3_mCherry_reporter_control,site0,29,"260309_Day29_WellE11_Channel405nm Binned,561nm Binned,488nm Binned_Seq0038.nd2",561nm Binned,488nm Binned,5,whole_field_foreground,stable_channel,73361,2598823.0,1983835.0,27.661991119384766,614988.0,108,0.001472171862413651,338.7647839298955,11.0,3.2258109101263344,3.2258109101263344,screening metric for punctate-to-diffuse reporter redistribution; not rupture proof
E11,E,11,PLD3_mCherry_reporter_control,site0,32,"260312_Day32_WellE11_Channel405nm Binned,561 nm,488nm Binned_Seq0038.nd2",561nm Binned,488nm Binned,6,whole_field_foreground,stable_channel,134217,6265499.0,4905912.0,37.37837600708008,1359587.0,199,0.0014826735808319163,417.0520287901912,13.0,3.6083840166141568,3.6083840166141568,screening metric for punctate-to-diffuse reporter redistribution; not rupture proof
E11,E,11,PLD3_mCherry_reporter_control,site0,36,"260316_Day36_WellE11_Channel405nm Binned,561nm Binned,488nm Binned_Seq0038.nd2",561nm Binned,488nm Binned,7,whole_field_foreground,stable_channel,144494,8228823.0,6312900.0,44.698795318603516,1915923.0,202,0.0013979819231151604,525.6967666172745,13.0,3.2949654030964215,3.2949654030964215,screening metric for punctate-to-diffuse reporter redistribution; not rupture proof
E11,E,11,PLD3_mCherry_reporter_control,site0,39,"260319_Day39_WellE11_Channel405nm Binned,561nm Binned,488nm Binned_Seq0038.nd2",561nm Binned,488nm Binned,8,whole_field_foreground,stable_channel,195465,9351594.0,7270133.0,38.05196762084961,2081461.0,278,0.0014222495075772018,425.58700671298897,13.0,3.4928028918132537,3.4928028918132537,screening metric for punctate-to-diffuse reporter redistribution; not rupture proof
E10,E,10,PLD3_mCherry_reporter_control,site0,8,"260216_Day8_iNeurons_WellE10_Channel405nm Binned,561nm Binned,488nm Binned_Seq0037.nd2",561nm Binned,488nm Binned,0,whole_field_foreground,stable_channel,230413,5674578.0,4047063.0,17.991344451904297,1627515.0,266,0.0011544487507165202,274.1003291768239,16.0,2.486651735927173,2.486651735927173,screening metric for punctate-to-diffuse reporter redistribution; not rupture proof
E10,E,10,PLD3_mCherry_reporter_control,site0,12,"260220_Day12_WellE10_Channel405nm Binned,561nm Binned,488nm Binned_Seq0037.nd2",561nm Binned,488nm Binned,1,whole_field_foreground,stable_channel,248388,5772813.0,4216847.0,17.38927459716797,1555966.0,271,0.0010910349936345918,233.3859601742227,16.0,2.7101151310486795,2.7101151310486795,screening metric for punctate-to-diffuse reporter redistribution; not rupture proof
E10,E,10,PLD3_mCherry_reporter_control,site0,16,"260224_day16_WellE10_Channel405nm Binned,561nm Binned,488nm Binned_Seq0037.nd2",561nm Binned,488nm Binned,2,whole_field_foreground,stable_channel,240641,8521547.0,6347459.0,27.008394241333008,2174088.0,269,0.0011178477483009218,345.8005352942031,14.0,2.9195961708988234,2.9195961708988234,screening metric for punctate-to-diffuse reporter redistribution; not rupture proof
E10,E,10,PLD3_mCherry_reporter_control,site0,20,"260228_day20_WellE10_Channel405nm Binned,561nm Binned,488nm Binned_Seq0037.nd2",561nm Binned,488nm Binned,3,whole_field_foreground,stable_channel,290373,10259646.0,7627753.0,26.89739990234375,2631893.0,343,0.0011812393025481666,357.66575119863796,15.0,2.898200268778823,2.898200268778823,screening metric for punctate-to-diffuse reporter redistribution; not rupture proof
E10,E,10,PLD3_mCherry_reporter_control,site0,25,"260305_day25_iNeurons_WellE10_Channel405nm Binned,561nm Binned,488nm Binned_Seq0037.nd2",561nm Binned,488nm Binned,4,whole_field_foreground,stable_channel,183405,5662184.0,4569521.0,25.4585018157959,1092663.0,275,0.0014994138654807697,248.44325927734374,11.0,4.182003966452436,4.182003966452436,screening metric for punctate-to-diffuse reporter redistribution; not rupture proof
E10,E,10,PLD3_mCherry_reporter_control,site0,29,"260309_Day29_WellE10_Channel405nm Binned,561nm Binned,488nm Binned_Seq0037.nd2",561nm Binned,488nm Binned,5,whole_field_foreground,stable_channel,241260,9807410.0,7661742.0,32.489925384521484,2145668.0,354,0.0014672966923590014,361.90144555043366,13.0,3.570795668293711,3.570795668293711,screening metric for punctate-to-diffuse reporter redistribution; not rupture proof
E10,E,10,PLD3_mCherry_reporter_control,site0,32,"260312_Day32_WellE10_Channel405nm Binned,561 nm,488nm Binned_Seq0037.nd2",561nm Binned,488nm Binned,6,whole_field_foreground,stable_channel,254192,12863220.0,10168907.0,40.898773193359375,2694313.0,387,0.0015224712028642819,446.38832640339854,12.0,3.774211459468973,3.774211459468973,screening metric for punctate-to-diffuse reporter redistribution; not rupture proof
E10,E,10,PLD3_mCherry_reporter_control,site0,36,"260316_Day36_WellE10_Channel405nm Binned,561nm Binned,488nm Binned_Seq0037.nd2",561nm Binned,488nm Binned,7,whole_field_foreground,stable_channel,247512,13142915.0,10215535.0,42.218360900878906,2927380.0,351,0.0014181130611791827,477.6477903708433,13.0,3.4896511556396885,3.4896511556396885,screening metric for punctate-to-diffuse reporter redistribution; not rupture proof
E10,E,10,PLD3_mCherry_reporter_control,site0,39,"260319_Day39_WellE10_Channel405nm Binned,561nm Binned,488nm Binned_Seq0037.nd2",561nm Binned,488nm Binned,8,whole_field_foreground,stable_channel,347668,16566593.0,12436457.0,36.61302947998047,4130136.0,477,0.001371998573347642,460.329386329251,13.0,3.0111495117829024,3.0111495117829024,screening metric for punctate-to-diffuse reporter redistribution; not rupture proof
E12,E,12,PLD3_mCherry_reporter_control,site0,8,"260216_Day8_iNeurons_WellE12_Channel405nm Binned,561nm Binned,488nm Binned_Seq0039.nd2",561nm Binned,488nm Binned,0,whole_field_foreground,stable_channel,244296,5666487.0,4007404.0,16.80521011352539,1659083.0,256,0.0010479090938818158,258.95301911234856,19.0,2.4154331037070387,2.4154331037070387,screening metric for punctate-to-diffuse reporter redistribution; not rupture proof
E12,E,12,PLD3_mCherry_reporter_control,site0,12,"260220_Day12_WellE12_Channel405nm Binned,561nm Binned,488nm Binned_Seq0039.nd2",561nm Binned,488nm Binned,1,whole_field_foreground,stable_channel,228003,5104465.0,3714252.0,16.68464469909668,1390213.0,232,0.0010175304710858298,222.41646145130025,17.0,2.6717143344202134,2.6717143344202134,screening metric for punctate-to-diffuse reporter redistribution; not rupture proof
E12,E,12,PLD3_mCherry_reporter_control,site0,16,"260224_day16_WellE12_Channel405nm Binned,561nm Binned,488nm Binned_Seq0039.nd2",561nm Binned,488nm Binned,2,whole_field_foreground,stable_channel,247928,8054665.0,5733002.0,23.692733764648438,2321663.0,250,0.0010083572650083558,347.6696002807617,17.0,2.4693514950264235,2.4693514950264235,screening metric for punctate-to-diffuse reporter redistribution; not rupture proof
E12,E,12,PLD3_mCherry_reporter_control,site0,20,"260228_day20_WellE12_Channel405nm Binned,561nm Binned,488nm Binned_Seq0039.nd2",561nm Binned,488nm Binned,3,whole_field_foreground,stable_channel,233994,8026684.0,6024863.0,26.355941772460938,2001821.0,268,0.001145328512692012,340.68653083915143,15.0,3.009691176182581,3.009691176182581,screening metric for punctate-to-diffuse reporter redistribution; not rupture proof
E12,E,12,PLD3_mCherry_reporter_control,site0,25,"260305_day25_iNeurons_WellE12_Channel405nm Binned,561nm Binned,488nm Binned_Seq0039.nd2",561nm Binned,488nm Binned,4,whole_field_foreground,stable_channel,195461,4679206.0,3702069.0,19.377893447875977,977137.0,275,0.0014069302827602083,200.19925550981,13.0,3.7886898152420914,3.7886898152420914,screening metric for punctate-to-diffuse reporter redistribution; not rupture proof
E12,E,12,PLD3_mCherry_reporter_control,site0,29,"260309_Day29_WellE12_Channel405nm Binned,561nm Binned,488nm Binned_Seq0039.nd2",561nm Binned,488nm Binned,5,whole_field_foreground,stable_channel,224976,9183618.0,7052084.0,32.0565299987793,2131534.0,324,0.0014401536163793464,382.2099297605915,12.0,3.3084548498859,3.3084548498859,screening metric for punctate-to-diffuse reporter redistribution; not rupture proof
E12,E,12,PLD3_mCherry_reporter_control,site0,32,"260312_Day32_WellE12_Channel405nm Binned,561 nm,488nm Binned_Seq0039.nd2",561nm Binned,488nm Binned,6,whole_field_foreground,stable_channel,383053,16206654.0,12397443.0,33.10849380493164,3809211.0,555,0.0014488856633378439,391.62670502533786,12.0,3.254596030515702,3.254596030515702,screening metric for punctate-to-diffuse reporter redistribution; not rupture proof
E12,E,12,PLD3_mCherry_reporter_control,site0,36,"260316_Day36_WellE12_Channel405nm Binned,561nm Binned,488nm Binned_Seq0039.nd2",561nm Binned,488nm Binned,7,whole_field_foreground,stable_channel,284681,12297271.0,9127057.0,32.809425354003906,3170214.0,373,0.001310238477449109,425.900915069171,14.0,2.8790034363601706,2.8790034363601706,screening metric for punctate-to-diffuse reporter redistribution; not rupture proof
E12,E,12,PLD3_mCherry_reporter_control,site0,39,"260319_Day39_WellE12_Channel405nm Binned,561nm Binned,488nm Binned_Seq0039.nd2",561nm Binned,488nm Binned,8,whole_field_foreground,stable_channel,410772,19624316.0,15244127.0,37.962547302246094,4380189.0,558,0.001358417808415962,423.1636466843253,13.0,3.480244117319257,3.480244117319257,screening metric for punctate-to-diffuse reporter redistribution; not rupture proof
E06,E,06,PLD3_mCherry_reporter_control,site0,8,"260216_Day8_iNeurons_WellE06_Channel405nm Binned,561nm Binned,488nm Binned_Seq0033.nd2",561nm Binned,488nm Binned,0,whole_field_foreground,stable_channel,309754,6961640.0,4848331.0,16.03745460510254,2113309.0,322,0.0010395345984199088,258.38332175023805,19.0,2.2941893494977337,2.2941893494977337,screening metric for punctate-to-diffuse reporter redistribution; not rupture proof
E06,E,06,PLD3_mCherry_reporter_control,site0,12,"260220_Day12_WellE06_Channel405nm Binned,561nm Binned,488nm Binned_Seq0033.nd2",561nm Binned,488nm Binned,1,whole_field_foreground,stable_channel,279801,5818719.0,4258409.0,15.586691856384277,1560310.0,282,0.001007859157040154,203.0146358300608,18.0,2.7292070165526536,2.7292070165526536,screening metric for punctate-to-diffuse reporter redistribution; not rupture proof
E06,E,06,PLD3_mCherry_reporter_control,site0,16,"260224_day16_WellE06_Channel405nm Binned,561nm Binned,488nm Binned_Seq0033.nd2",561nm Binned,488nm Binned,2,whole_field_foreground,stable_channel,318986,9031223.0,6334950.0,20.342796325683594,2696273.0,319,0.0010000438890703665,319.6578407407181,18.0,2.349520986931832,2.349520986931832,screening metric for punctate-to-diffuse reporter redistribution; not rupture proof
E06,E,06,PLD3_mCherry_reporter_control,site0,20,"260228_day20_WellE06_Channel405nm Binned,561nm Binned,488nm Binned_Seq0033.nd2",561nm Binned,488nm Binned,3,whole_field_foreground,stable_channel,318629,10115393.0,7619023.0,24.48059844970703,2496370.0,396,0.0012428247271866564,308.67943152996025,15.0,3.052040763186927,3.052040763186927,screening metric for punctate-to-diffuse reporter redistribution; not rupture proof
E06,E,06,PLD3_mCherry_reporter_control,site0,25,"260305_day25_iNeurons_WellE06_Channel405nm Binned,561nm Binned,488nm Binned_Seq0033.nd2",561nm Binned,488nm Binned,4,whole_field_foreground,stable_channel,209656,5506782.0,4399301.0,21.45435333251953,1107481.0,325,0.00155015835463068,218.99350158691405,12.0,3.972348961287848,3.972348961287848,screening metric for punctate-to-diffuse reporter redistribution; not rupture proof
E06,E,06,PLD3_mCherry_reporter_control,site0,29,"260309_Day29_WellE06_Channel405nm Binned,561nm Binned,488nm Binned_Seq0033.nd2",561nm Binned,488nm Binned,5,whole_field_foreground,stable_channel,302835,10386742.0,8095030.0,27.339391708374023,2291712.0,432,0.001426519391743271,304.5736568945426,12.0,3.532306851819281,3.532306851819281,screening metric for punctate-to-diffuse reporter redistribution; not rupture proof
E06,E,06,PLD3_mCherry_reporter_control,site0,32,"260312_Day32_WellE06_Channel405nm Binned,561 nm,488nm Binned_Seq0033.nd2",561nm Binned,488nm Binned,6,whole_field_foreground,stable_channel,311462,11978535.0,9395241.0,30.852218627929688,2583294.0,457,0.0014672736963049513,345.81962792461235,13.0,3.63692285895309,3.63692285895309,screening metric for punctate-to-diffuse reporter redistribution; not rupture proof
E06,E,06,PLD3_mCherry_reporter_control,site0,36,"260316_Day36_WellE06_Channel405nm Binned,561nm Binned,488nm Binned_Seq0033.nd2",561nm Binned,488nm Binned,7,whole_field_foreground,stable_channel,349960,13537850.0,10532603.0,30.788352966308594,3005247.0,489,0.0013973025488587343,344.69021019808844,13.0,3.5047378801131805,3.5047378801131805,screening metric for punctate-to-diffuse reporter redistribution; not rupture proof
E06,E,06,PLD3_mCherry_reporter_control,site0,39,"260319_Day39_WellE06_Channel405nm Binned,561nm Binned,488nm Binned_Seq0033.nd2",561nm Binned,488nm Binned,8,whole_field_foreground,stable_channel,522527,22987562.0,17614028.0,34.48855209350586,5373533.0,724,0.0013855743339552108,401.1138897258274,13.0,3.2779231094322343,3.2779231094322343,screening metric for punctate-to-diffuse reporter redistribution; not rupture proof
E08,E,08,PLD3_mCherry_reporter_control,site0,8,"260216_Day8_iNeurons_WellE08_Channel405nm Binned,561nm Binned,488nm Binned_Seq0035.nd2",561nm Binned,488nm Binned,0,whole_field_foreground,stable_channel,347936,8541907.0,6080475.0,17.89569854736328,2461432.0,376,0.0010806585119071304,272.99864277941117,18.0,2.4702998092157453,2.4702998092157453,screening metric for punctate-to-diffuse reporter redistribution; not rupture proof
E08,E,08,PLD3_mCherry_reporter_control,site0,12,"260220_Day12_WellE08_Channel405nm Binned,561nm Binned,488nm Binned_Seq0035.nd2",561nm Binned,488nm Binned,1,whole_field_foreground,stable_channel,331568,8659105.0,6439081.0,19.88794708251953,2220024.0,355,0.0010706702697453594,253.85350625481405,17.0,2.900455580659083,2.900455580659083,screening metric for punctate-to-diffuse reporter redistribution; not rupture proof
E08,E,08,PLD3_mCherry_reporter_control,site0,16,"260224_day16_WellE08_Channel405nm Binned,561nm Binned,488nm Binned_Seq0035.nd2",561nm Binned,488nm Binned,2,whole_field_foreground,stable_channel,333464,12265985.0,9119479.0,28.00392723083496,3146506.0,376,0.0011275579972616907,365.2152234341236,16.0,2.898287497305615,2.898287497305615,screening metric for punctate-to-diffuse reporter redistribution; not rupture proof
E08,E,08,PLD3_mCherry_reporter_control,site0,20,"260228_day20_WellE08_Channel405nm Binned,561nm Binned,488nm Binned_Seq0035.nd2",561nm Binned,488nm Binned,3,whole_field_foreground,stable_channel,348883,13603469.0,10401946.0,30.514888763427734,3201523.0,444,0.001272632945711678,376.37016042073566,13.5,3.2490617746606074,3.2490617746606074,screening metric for punctate-to-diffuse reporter redistribution; not rupture proof
E08,E,08,PLD3_mCherry_reporter_control,site0,25,"260305_day25_iNeurons_WellE08_Channel405nm Binned,561nm Binned,488nm Binned_Seq0035.nd2",561nm Binned,488nm Binned,4,whole_field_foreground,stable_channel,244897,6879488.0,5412059.0,22.601665496826172,1467429.0,376,0.0015353393467395053,245.44748655278633,12.0,3.688123241394515,3.688123241394515,screening metric for punctate-to-diffuse reporter redistribution; not rupture proof
E08,E,08,PLD3_mCherry_reporter_control,site0,29,"260309_Day29_WellE08_Channel405nm Binned,561nm Binned,488nm Binned_Seq0035.nd2",561nm Binned,488nm Binned,5,whole_field_foreground,stable_channel,324490,14180464.0,11054791.0,34.84161376953125,3125673.0,491,0.0015131437024206813,398.14634449758745,13.0,3.5367714409013558,3.5367714409013558,screening metric for punctate-to-diffuse reporter redistribution; not rupture proof
E08,E,08,PLD3_mCherry_reporter_control,site0,32,"260312_Day32_WellE08_Channel405nm Binned,561 nm,488nm Binned_Seq0035.nd2",561nm Binned,488nm Binned,6,whole_field_foreground,stable_channel,423329,18167118.0,13840269.0,33.456058502197266,4326849.0,615,0.0014527707763903424,402.23404697325174,12.0,3.1986947083193336,3.1986947083193336,screening metric for punctate-to-diffuse reporter redistribution; not rupture proof
E08,E,08,PLD3_mCherry_reporter_control,site0,36,"260316_Day36_WellE08_Channel405nm Binned,561nm Binned,488nm Binned_Seq0035.nd2",561nm Binned,488nm Binned,7,whole_field_foreground,stable_channel,391284,18682968.0,14207663.0,37.149654388427734,4475305.0,526,0.0013442921254093081,454.51619975739106,13.0,3.174680384911604,3.174680384911604,screening metric for punctate-to-diffuse reporter redistribution; not rupture proof
E08,E,08,PLD3_mCherry_reporter_control,site0,39,"260319_Day39_WellE08_Channel405nm Binned,561nm Binned,488nm Binned_Seq0035.nd2",561nm Binned,488nm Binned,8,whole_field_foreground,stable_channel,437108,20274316.0,15483649.0,36.24924850463867,4790667.0,592,0.0013543563604387146,428.2660103359738,13.0,3.232044514886292,3.232044514886292,screening metric for punctate-to-diffuse reporter redistribution; not rupture proof
E07,E,07,PLD3_mCherry_reporter_control,site0,8,"260216_Day8_iNeurons_WellE07_Channel405nm Binned,561nm Binned,488nm Binned_Seq0034.nd2",561nm Binned,488nm Binned,0,whole_field_foreground,stable_channel,263306,4670480.0,3577079.0,13.920870780944824,1093401.0,285,0.0010823908304365172,148.97864449484305,19.0,3.271516122627223,3.271516122627223,screening metric for punctate-to-diffuse reporter redistribution; not rupture proof
E07,E,07,PLD3_mCherry_reporter_control,site0,12,"260220_Day12_WellE07_Channel405nm Binned,561nm Binned,488nm Binned_Seq0034.nd2",561nm Binned,488nm Binned,1,whole_field_foreground,stable_channel,177116,2888903.0,2305418.0,13.329583168029785,583485.0,156,0.0008807786987009599,107.42853032625638,16.5,3.951117852208795,3.951117852208795,screening metric for punctate-to-diffuse reporter redistribution; not rupture proof
E07,E,07,PLD3_mCherry_reporter_control,site0,16,"260224_day16_WellE07_Channel405nm Binned,561nm Binned,488nm Binned_Seq0034.nd2",561nm Binned,488nm Binned,2,whole_field_foreground,stable_channel,221221,4075922.0,3036824.0,14.061649322509766,1039098.0,172,0.0007775030399429642,141.30196990523228,16.0,2.9225578338107447,2.9225578338107447,screening metric for punctate-to-diffuse reporter redistribution; not rupture proof
E07,E,07,PLD3_mCherry_reporter_control,site0,20,"260228_day20_WellE07_Channel405nm Binned,561nm Binned,488nm Binned_Seq0034.nd2",561nm Binned,488nm Binned,3,whole_field_foreground,stable_channel,259669,4145464.0,2944683.0,11.618947982788086,1200781.0,161,0.0006200201025127372,145.42416644836806,22.0,2.452306457212054,2.452306457212054,screening metric for punctate-to-diffuse reporter redistribution; not rupture proof
E07,E,07,PLD3_mCherry_reporter_control,site0,25,"260305_day25_iNeurons_WellE07_Channel405nm Binned,561nm Binned,488nm Binned_Seq0034.nd2",561nm Binned,488nm Binned,4,whole_field_foreground,stable_channel,80419,1397489.0,1165024.0,14.833511352539062,232465.0,76,0.0009450502990469286,97.47292332900197,15.5,5.011610349923594,5.011610349923594,screening metric for punctate-to-diffuse reporter redistribution; not rupture proof
E07,E,07,PLD3_mCherry_reporter_control,site0,29,"260309_Day29_WellE07_Channel405nm Binned,561nm Binned,488nm Binned_Seq0034.nd2",561nm Binned,488nm Binned,5,whole_field_foreground,stable_channel,232071,3455671.0,2435852.0,10.753079414367676,1019819.0,151,0.0006506629436652978,129.53719327307695,18.0,2.3885140402342095,2.3885140402342095,screening metric for punctate-to-diffuse reporter redistribution; not rupture proof
E07,E,07,PLD3_mCherry_reporter_control,site0,32,"260312_Day32_WellE07_Channel405nm Binned,561 nm,488nm Binned_Seq0034.nd2",561nm Binned,488nm Binned,6,whole_field_foreground,stable_channel,208533,2802572.0,2094326.0,10.28940486907959,708246.0,153,0.0007336968249594371,105.39762003281537,20.0,2.9570601175256095,2.9570601175256095,screening metric for punctate-to-diffuse reporter redistribution; not rupture proof
E07,E,07,PLD3_mCherry_reporter_control,site0,36,"260316_Day36_WellE07_Channel405nm Binned,561nm Binned,488nm Binned_Seq0034.nd2",561nm Binned,488nm Binned,7,whole_field_foreground,stable_channel,234592,5497073.0,4069060.0,17.767114639282227,1428013.0,238,0.0010145273496069153,220.64633467217453,16.5,2.849455852290666,2.849455852290666,screening metric for punctate-to-diffuse reporter redistribution; not rupture proof
E07,E,07,PLD3_mCherry_reporter_control,site0,39,"260319_Day39_WellE07_Channel405nm Binned,561nm Binned,488nm Binned_Seq0034.nd2",561nm Binned,488nm Binned,8,whole_field_foreground,stable_channel,346723,13983349.0,10951696.0,32.32209777832031,3031653.0,459,0.0013238233402418536,351.50875192945557,13.0,3.6124503694837067,3.6124503694837067,screening metric for punctate-to-diffuse reporter redistribution; not rupture proof
E05,E,05,PLD3_mCherry_reporter_control,site0,8,"260216_Day8_iNeurons_WellE05_Channel405nm Binned,561nm Binned,488nm Binned_Seq0032.nd2",561nm Binned,488nm Binned,0,whole_field_foreground,stable_channel,475337,10978012.0,7883420.0,16.986469268798828,3094592.0,539,0.0011339323469430446,248.10551848968902,16.0,2.5474828345699376,2.5474828345699376,screening metric for punctate-to-diffuse reporter redistribution; not rupture proof
E05,E,05,PLD3_mCherry_reporter_control,site0,12,"260220_Day12_WellE05_Channel405nm Binned,561nm Binned,488nm Binned_Seq0032.nd2",561nm Binned,488nm Binned,1,whole_field_foreground,stable_channel,440658,10755659.0,7913473.0,18.392433166503906,2842186.0,468,0.0010620481189469791,238.704437076536,16.0,2.784291035138874,2.784291035138874,screening metric for punctate-to-diffuse reporter redistribution; not rupture proof
E05,E,05,PLD3_mCherry_reporter_control,site0,16,"260224_day16_WellE05_Channel405nm Binned,561nm Binned,488nm Binned_Seq0032.nd2",561nm Binned,488nm Binned,2,whole_field_foreground,stable_channel,458464,17504910.0,13218133.0,29.527236938476562,4286777.0,512,0.00111677252739339,363.0309520661831,16.0,3.0834664364385915,3.0834664364385915,screening metric for punctate-to-diffuse reporter redistribution; not rupture proof
E05,E,05,PLD3_mCherry_reporter_control,site0,20,"260228_day20_WellE05_Channel405nm Binned,561nm Binned,488nm Binned_Seq0032.nd2",561nm Binned,488nm Binned,3,whole_field_foreground,stable_channel,531084,18117604.0,13728620.0,26.461952209472656,4388983.0,623,0.00117307243298391,327.42922559710604,15.0,3.127972926757035,3.127972926757035,screening metric for punctate-to-diffuse reporter redistribution; not rupture proof
E05,E,05,PLD3_mCherry_reporter_control,site0,25,"260305_day25_iNeurons_WellE05_Channel405nm Binned,561nm Binned,488nm Binned_Seq0032.nd2",561nm Binned,488nm Binned,4,whole_field_foreground,stable_channel,314215,9424905.0,7616831.0,24.776628494262695,1808074.0,504,0.0016039972630154384,246.3035474807497,11.0,4.2126765829251385,4.2126765829251385,screening metric for punctate-to-diffuse reporter redistribution; not rupture proof
E05,E,05,PLD3_mCherry_reporter_control,site0,29,"260309_Day29_WellE05_Channel405nm Binned,561nm Binned,488nm Binned_Seq0032.nd2",561nm Binned,488nm Binned,5,whole_field_foreground,stable_channel,460398,18672308.0,14570041.0,32.36506652832031,4102266.0,693,0.0015052193971270395,363.4959581823748,12.0,3.5517055695550823,3.5517055695550823,screening metric for punctate-to-diffuse reporter redistribution; not rupture proof
E05,E,05,PLD3_mCherry_reporter_control,site0,32,"260312_Day32_WellE05_Channel405nm Binned,561 nm,488nm Binned_Seq0032.nd2",561nm Binned,488nm Binned,6,whole_field_foreground,stable_channel,414012,15908368.0,12377060.0,30.584505081176758,3531308.0,587,0.0014178332995144636,336.5357563597177,13.0,3.504950573554189,3.504950573554189,screening metric for punctate-to-diffuse reporter redistribution; not rupture proof
E05,E,05,PLD3_mCherry_reporter_control,site0,36,"260316_Day36_WellE05_Channel405nm Binned,561nm Binned,488nm Binned_Seq0032.nd2",561nm Binned,488nm Binned,7,whole_field_foreground,stable_channel,497746,22677146.0,17675222.0,36.32526779174805,5001924.0,703,0.0014123669502087161,401.5282942879081,13.0,3.533684638150533,3.533684638150533,screening metric for punctate-to-diffuse reporter redistribution; not rupture proof
E05,E,05,PLD3_mCherry_reporter_control,site0,39,"260319_Day39_WellE05_Channel405nm Binned,561nm Binned,488nm Binned_Seq0032.nd2",561nm Binned,488nm Binned,8,whole_field_foreground,stable_channel,437640,19714908.0,15602205.0,36.472923278808594,4112702.0,608,0.001389269719400902,377.23430252075195,13.0,3.793662900933792,3.793662900933792,screening metric for punctate-to-diffuse reporter redistribution; not rupture proof
E13,E,13,PLD3_mCherry_reporter_control,site0,8,"260216_Day8_iNeurons_WellE13_Channel405nm Binned,561nm Binned,488nm Binned_Seq0040.nd2",561nm Binned,488nm Binned,0,whole_field_foreground,stable_channel,109623,2689955.0,1945734.0,18.182390213012695,744221.0,124,0.0011311494850430007,261.5497155958606,17.5,2.614457264706835,2.614457264706835,screening metric for punctate-to-diffuse reporter redistribution; not rupture proof
E13,E,13,PLD3_mCherry_reporter_control,site0,12,"260220_Day12_WellE13_Channel405nm Binned,561nm Binned,488nm Binned_Seq0040.nd2",561nm Binned,488nm Binned,1,whole_field_foreground,stable_channel,120272,2912766.0,2126545.0,18.10611343383789,786221.0,114,0.0009478515365093468,236.6303158810264,18.5,2.704767489035901,2.704767489035901,screening metric for punctate-to-diffuse reporter redistribution; not rupture proof
E13,E,13,PLD3_mCherry_reporter_control,site0,16,"260224_day16_WellE13_Channel405nm Binned,561nm Binned,488nm Binned_Seq0040.nd2",561nm Binned,488nm Binned,2,whole_field_foreground,stable_channel,126974,4545036.0,3458202.0,27.884227752685547,1086834.0,142,0.0011183391875413996,336.2767725125165,15.0,3.1819045042727945,3.1819045042727945,screening metric for punctate-to-diffuse reporter redistribution; not rupture proof
E13,E,13,PLD3_mCherry_reporter_control,site0,20,"260228_day20_WellE13_Channel405nm Binned,561nm Binned,488nm Binned_Seq0040.nd2",561nm Binned,488nm Binned,3,whole_field_foreground,stable_channel,158556,6569784.0,5082751.0,32.80061721801758,1487033.0,194,0.0012235424707912439,375.98769433719593,13.5,3.41804855709092,3.41804855709092,screening metric for punctate-to-diffuse reporter redistribution; not rupture proof
E13,E,13,PLD3_mCherry_reporter_control,site0,25,"260305_day25_iNeurons_WellE13_Channel405nm Binned,561nm Binned,488nm Binned_Seq0040.nd2",561nm Binned,488nm Binned,4,whole_field_foreground,stable_channel,97008,2897720.0,2411930.0,25.394617080688477,485790.0,134,0.0013813293748826765,222.06765109389576,12.0,4.964964284968886,4.964964284968886,screening metric for punctate-to-diffuse reporter redistribution; not rupture proof
E13,E,13,PLD3_mCherry_reporter_control,site0,29,"260309_Day29_WellE13_Channel405nm Binned,561nm Binned,488nm Binned_Seq0040.nd2",561nm Binned,488nm Binned,5,whole_field_foreground,stable_channel,106437,4893611.0,3962626.0,38.05131530761719,930985.0,169,0.0015877937183349045,366.61163835694805,11.0,4.256380070565846,4.256380070565846,screening metric for punctate-to-diffuse reporter redistribution; not rupture proof
E13,E,13,PLD3_mCherry_reporter_control,site0,32,"260312_Day32_WellE13_Channel405nm Binned,561 nm,488nm Binned_Seq0040.nd2",561nm Binned,488nm Binned,6,whole_field_foreground,stable_channel,146034,6046620.0,4801482.0,33.632537841796875,1245138.0,215,0.001472259884674307,347.3892462442088,12.0,3.8561846156780564,3.8561846156780564,screening metric for punctate-to-diffuse reporter redistribution; not rupture proof
E13,E,13,PLD3_mCherry_reporter_control,site0,36,"260316_Day36_WellE13_Channel405nm Binned,561nm Binned,488nm Binned_Seq0040.nd2",561nm Binned,488nm Binned,7,whole_field_foreground,stable_channel,152297,7211169.0,5513229.0,37.054508209228516,1697940.0,222,0.001457678089512875,438.2013714764569,13.0,3.2470104950685847,3.2470104950685847,screening metric for punctate-to-diffuse reporter redistribution; not rupture proof
E13,E,13,PLD3_mCherry_reporter_control,site0,39,"260319_Day39_WellE13_Channel405nm Binned,561nm Binned,488nm Binned_Seq0040.nd2",561nm Binned,488nm Binned,8,whole_field_foreground,stable_channel,132273,6278073.0,4825530.0,37.33023452758789,1452543.0,193,0.0014591035207377233,434.80459918877006,12.0,3.3221254035141663,3.3221254035141663,screening metric for punctate-to-diffuse reporter redistribution; not rupture proof
E15,E,15,PLD3_mCherry_reporter_control,site0,8,"260216_Day8_iNeurons_WellE15_Channel405nm Binned,561nm Binned,488nm Binned_Seq0042.nd2",561nm Binned,488nm Binned,0,whole_field_foreground,stable_channel,19254,496208.0,345139.0,18.375072479248047,151069.0,23,0.0011945569751119478,315.6879259192425,22.0,2.284644764959822,2.284644764959822,screening metric for punctate-to-diffuse reporter redistribution; not rupture proof
E15,E,15,PLD3_mCherry_reporter_control,site0,12,"260220_Day12_WellE15_Channel405nm Binned,561nm Binned,488nm Binned_Seq0042.nd2",561nm Binned,488nm Binned,1,whole_field_foreground,stable_channel,12360,267224.0,207232.0,17.172025680541992,59992.0,12,0.0009708737863292173,172.35035387674967,12.0,3.4543272435749044,3.4543272435749044,screening metric for punctate-to-diffuse reporter redistribution; not rupture proof
E15,E,15,PLD3_mCherry_reporter_control,site0,16,"260224_day16_WellE15_Channel405nm Binned,561nm Binned,488nm Binned_Seq0042.nd2",561nm Binned,488nm Binned,2,whole_field_foreground,stable_channel,17233,525712.0,384510.0,22.837203979492188,141202.0,20,0.0011605640340532372,305.7040283203125,13.0,2.7231200691015487,2.7231200691015487,screening metric for punctate-to-diffuse reporter redistribution; not rupture proof
E15,E,15,PLD3_mCherry_reporter_control,site0,20,"260228_day20_WellE15_Channel405nm Binned,561nm Binned,488nm Binned_Seq0042.nd2",561nm Binned,488nm Binned,3,whole_field_foreground,stable_channel,18659,744260.0,589985.0,32.36696243286133,154275.0,27,0.0014470228843213985,342.5718327275029,13.0,3.8242424242176356,3.8242424242176356,screening metric for punctate-to-diffuse reporter redistribution; not rupture proof
E15,E,15,PLD3_mCherry_reporter_control,site0,25,"260305_day25_iNeurons_WellE15_Channel405nm Binned,561nm Binned,488nm Binned_Seq0042.nd2",561nm Binned,488nm Binned,4,whole_field_foreground,stable_channel,10937,203139.0,158264.0,14.822890281677246,44875.0,13,0.0011886257656406121,136.24459897554837,11.0,3.5267743731804617,3.5267743731804617,screening metric for punctate-to-diffuse reporter redistribution; not rupture proof
E15,E,15,PLD3_mCherry_reporter_control,site0,29,"260309_Day29_WellE15_Channel405nm Binned,561nm Binned,488nm Binned_Seq0042.nd2",561nm Binned,488nm Binned,5,whole_field_foreground,stable_channel,21365,870691.0,705392.0,33.762123107910156,165299.0,37,0.0017318043528325858,321.5770482243718,10.0,4.267370038510412,4.267370038510412,screening metric for punctate-to-diffuse reporter redistribution; not rupture proof
E15,E,15,PLD3_mCherry_reporter_control,site0,32,"260312_Day32_WellE15_Channel405nm Binned,561 nm,488nm Binned_Seq0042.nd2",561nm Binned,488nm Binned,6,whole_field_foreground,stable_channel,16634,905455.0,741316.0,45.580177307128906,164139.0,27,0.001623181435516221,398.26777422869645,10.0,4.516391594901172,4.516391594901172,screening metric for punctate-to-diffuse reporter redistribution; not rupture proof
E15,E,15,PLD3_mCherry_reporter_control,site0,36,"260316_Day36_WellE15_Channel405nm Binned,561nm Binned,488nm Binned_Seq0042.nd2",561nm Binned,488nm Binned,7,whole_field_foreground,stable_channel,20800,874510.0,662852.0,32.59340286254883,211658.0,30,0.0014423076922383505,396.96351318359376,13.0,3.1317124795512963,3.1317124795512963,screening metric for punctate-to-diffuse reporter redistribution; not rupture proof
E15,E,15,PLD3_mCherry_reporter_control,site0,39,"260319_Day39_WellE15_Channel405nm Binned,561nm Binned,488nm Binned_Seq0042.nd2",561nm Binned,488nm Binned,8,whole_field_foreground,stable_channel,19561,900312.0,627070.0,32.82573318481445,273242.0,30,0.001533663923033911,498.75510660807294,12.0,2.2949253774957916,2.2949253774957916,screening metric for punctate-to-diffuse reporter redistribution; not rupture proof
E16,E,16,PLD3_mCherry_reporter_control,site0,8,"260216_Day8_iNeurons_WellE16_Channel405nm Binned,561nm Binned,488nm Binned_Seq0043.nd2",561nm Binned,488nm Binned,0,whole_field_foreground,stable_channel,120050,2825153.0,2021928.0,17.249589920043945,803225.0,147,0.0012244897959081675,257.7573990594773,15.0,2.517262286404784,2.517262286404784,screening metric for punctate-to-diffuse reporter redistribution; not rupture proof
E16,E,16,PLD3_mCherry_reporter_control,site0,12,"260220_Day12_WellE16_Channel405nm Binned,561nm Binned,488nm Binned_Seq0043.nd2",561nm Binned,488nm Binned,1,whole_field_foreground,stable_channel,102474,2432249.0,1839248.0,18.38328742980957,593001.0,114,0.0011124773113071367,212.20484134607148,15.5,3.1015934205792206,3.1015934205792206,screening metric for punctate-to-diffuse reporter redistribution; not rupture proof
E16,E,16,PLD3_mCherry_reporter_control,site0,16,"260224_day16_WellE16_Channel405nm Binned,561nm Binned,488nm Binned_Seq0043.nd2",561nm Binned,488nm Binned,2,whole_field_foreground,stable_channel,125244,3967252.0,2972610.0,24.302310943603516,994642.0,148,0.0011816933346014047,315.1569871644716,15.5,2.9886230422574265,2.9886230422574265,screening metric for punctate-to-diffuse reporter redistribution; not rupture proof
E16,E,16,PLD3_mCherry_reporter_control,site0,20,"260228_day20_WellE16_Channel405nm Binned,561nm Binned,488nm Binned_Seq0043.nd2",561nm Binned,488nm Binned,3,whole_field_foreground,stable_channel,110108,4285311.0,3283662.0,30.524681091308594,1001649.0,144,0.0013078068805054328,366.7828896840413,14.0,3.278256155596144,3.278256155596144,screening metric for punctate-to-diffuse reporter redistribution; not rupture proof
E16,E,16,PLD3_mCherry_reporter_control,site0,25,"260305_day25_iNeurons_WellE16_Channel405nm Binned,561nm Binned,488nm Binned_Seq0043.nd2",561nm Binned,488nm Binned,4,whole_field_foreground,stable_channel,96423,2601248.0,2112775.0,22.414569854736328,488473.0,141,0.001462306711039251,203.04828984686668,12.0,4.3252646512615325,4.3252646512615325,screening metric for punctate-to-diffuse reporter redistribution; not rupture proof
E16,E,16,PLD3_mCherry_reporter_control,site0,29,"260309_Day29_WellE16_Channel405nm Binned,561nm Binned,488nm Binned_Seq0043.nd2",561nm Binned,488nm Binned,5,whole_field_foreground,stable_channel,109688,4383949.0,3371480.0,31.446266174316406,1012469.0,160,0.0014586828094097927,367.7651552200317,12.0,3.3299587444125893,3.3299587444125893,screening metric for punctate-to-diffuse reporter redistribution; not rupture proof
E16,E,16,PLD3_mCherry_reporter_control,site0,32,"260312_Day32_WellE16_Channel405nm Binned,561 nm,488nm Binned_Seq0043.nd2",561nm Binned,488nm Binned,6,whole_field_foreground,stable_channel,120843,5669920.0,4419949.0,37.4273796081543,1249971.0,172,0.0014233344090975619,412.4200843988463,14.0,3.53604123615385,3.53604123615385,screening metric for punctate-to-diffuse reporter redistribution; not rupture proof
E16,E,16,PLD3_mCherry_reporter_control,site0,36,"260316_Day36_WellE16_Channel405nm Binned,561nm Binned,488nm Binned_Seq0043.nd2",561nm Binned,488nm Binned,7,whole_field_foreground,stable_channel,126728,6222079.0,4842650.0,39.08609390258789,1379429.0,183,0.001444037623875986,444.1208453569256,12.0,3.5106192489765617,3.5106192489765617,screening metric for punctate-to-diffuse reporter redistribution; not rupture proof
E16,E,16,PLD3_mCherry_reporter_control,site0,39,"260319_Day39_WellE16_Channel405nm Binned,561nm Binned,488nm Binned_Seq0043.nd2",561nm Binned,488nm Binned,8,whole_field_foreground,stable_channel,112818,5253481.0,4166352.0,37.77873229980469,1087129.0,138,0.0012232090623728199,388.47612021625906,14.5,3.8324357090981542,3.8324357090981542,screening metric for punctate-to-diffuse reporter redistribution; not rupture proof
E14,E,14,PLD3_mCherry_reporter_control,site0,8,"260216_Day8_iNeurons_WellE14_Channel405nm Binned,561nm Binned,488nm Binned_Seq0041.nd2",561nm Binned,488nm Binned,0,whole_field_foreground,stable_channel,298563,6792641.0,4887181.0,16.767412185668945,1905460.0,318,0.0010651018377995092,244.51728391347442,18.0,2.56483001479823,2.56483001479823,screening metric for punctate-to-diffuse reporter redistribution; not rupture proof
E14,E,14,PLD3_mCherry_reporter_control,site0,12,"260220_Day12_WellE14_Channel405nm Binned,561nm Binned,488nm Binned_Seq0041.nd2",561nm Binned,488nm Binned,1,whole_field_foreground,stable_channel,381737,9727408.0,7209114.0,19.342628479003906,2518294.0,376,0.0009849713284251068,240.20243029898785,19.0,2.8626975245928943,2.8626975245928943,screening metric for punctate-to-diffuse reporter redistribution; not rupture proof
E14,E,14,PLD3_mCherry_reporter_control,site0,16,"260224_day16_WellE14_Channel405nm Binned,561nm Binned,488nm Binned_Seq0041.nd2",561nm Binned,488nm Binned,2,whole_field_foreground,stable_channel,332488,11020463.0,8092098.0,24.924301147460938,2928365.0,341,0.0010256009239400351,338.36294891267926,18.0,2.7633501971227075,2.7633501971227075,screening metric for punctate-to-diffuse reporter redistribution; not rupture proof
E14,E,14,PLD3_mCherry_reporter_control,site0,20,"260228_day20_WellE14_Channel405nm Binned,561nm Binned,488nm Binned_Seq0041.nd2",561nm Binned,488nm Binned,3,whole_field_foreground,stable_channel,334144,11594654.0,8753623.0,26.81746482849121,2841031.0,401,0.0012000814020266708,339.442099630684,15.0,3.081143077987153,3.081143077987153,screening metric for punctate-to-diffuse reporter redistribution; not rupture proof
E14,E,14,PLD3_mCherry_reporter_control,site0,25,"260305_day25_iNeurons_WellE14_Channel405nm Binned,561nm Binned,488nm Binned_Seq0041.nd2",561nm Binned,488nm Binned,4,whole_field_foreground,stable_channel,188605,4512627.0,3571242.0,19.37175941467285,941385.0,271,0.0014368654065298541,198.07948860647053,12.0,3.7936041045865467,3.7936041045865467,screening metric for punctate-to-diffuse reporter redistribution; not rupture proof
E14,E,14,PLD3_mCherry_reporter_control,site0,29,"260309_Day29_WellE14_Channel405nm Binned,561nm Binned,488nm Binned_Seq0041.nd2",561nm Binned,488nm Binned,5,whole_field_foreground,stable_channel,270097,10062473.0,7861333.0,29.770671844482422,2201140.0,404,0.0014957589310451587,333.88972865945044,12.0,3.571482504518763,3.571482504518763,screening metric for punctate-to-diffuse reporter redistribution; not rupture proof
E14,E,14,PLD3_mCherry_reporter_control,site0,32,"260312_Day32_WellE14_Channel405nm Binned,561 nm,488nm Binned_Seq0041.nd2",561nm Binned,488nm Binned,6,whole_field_foreground,stable_channel,315862,14613627.0,11210441.0,36.31100082397461,3403186.0,472,0.0014943234703715725,430.925465761605,13.0,3.2941017622888396,3.2941017622888396,screening metric for punctate-to-diffuse reporter redistribution; not rupture proof
E14,E,14,PLD3_mCherry_reporter_control,site0,36,"260316_Day36_WellE14_Channel405nm Binned,561nm Binned,488nm Binned_Seq0041.nd2",561nm Binned,488nm Binned,7,whole_field_foreground,stable_channel,392801,18489442.0,13953249.0,36.356563568115234,4536193.0,503,0.0012805466381162966,450.49295656723723,14.0,3.0759822168053526,3.0759822168053526,screening metric for punctate-to-diffuse reporter redistribution; not rupture proof
E14,E,14,PLD3_mCherry_reporter_control,site0,39,"260319_Day39_WellE14_Channel405nm Binned,561nm Binned,488nm Binned_Seq0041.nd2",561nm Binned,488nm Binned,8,whole_field_foreground,stable_channel,339621,17148816.0,13114325.0,39.51668930053711,4034491.0,472,0.0013897844950654117,466.5072578818111,13.0,3.2505525480157846,3.2505525480157846,screening metric for punctate-to-diffuse reporter redistribution; not rupture proof
E17,E,17,PLD3_mCherry_reporter_control,site0,8,"260216_Day8_iNeurons_WellE17_Channel405nm Binned,561nm Binned,488nm Binned_Seq0044.nd2",561nm Binned,488nm Binned,0,whole_field_foreground,stable_channel,104613,2585893.0,1805214.0,17.673053741455078,780679.0,115,0.001099289763212036,284.9430853802225,17.0,2.312363980583169,2.312363980583169,screening metric for punctate-to-diffuse reporter redistribution; not rupture proof
E17,E,17,PLD3_mCherry_reporter_control,site0,12,"260220_Day12_WellE17_Channel405nm Binned,561nm Binned,488nm Binned_Seq0044.nd2",561nm Binned,488nm Binned,1,whole_field_foreground,stable_channel,88869,2210809.0,1639806.0,18.900484085083008,571003.0,84,0.0009452114910604913,234.71932075137184,18.0,2.871799272503171,2.871799272503171,screening metric for punctate-to-diffuse reporter redistribution; not rupture proof
E17,E,17,PLD3_mCherry_reporter_control,site0,16,"260224_day16_WellE17_Channel405nm Binned,561nm Binned,488nm Binned_Seq0044.nd2",561nm Binned,488nm Binned,2,whole_field_foreground,stable_channel,134627,4238385.0,3049037.0,23.1962947845459,1189348.0,117,0.0008690678689945622,334.76753704364484,19.0,2.563620571941464,2.563620571941464,screening metric for punctate-to-diffuse reporter redistribution; not rupture proof
E17,E,17,PLD3_mCherry_reporter_control,site0,20,"260228_day20_WellE17_Channel405nm Binned,561nm Binned,488nm Binned_Seq0044.nd2",561nm Binned,488nm Binned,3,whole_field_foreground,stable_channel,141829,4425073.0,3215179.0,23.205242156982422,1209894.0,141,0.000994154933046174,320.80573418799867,15.0,2.6574055247793136,2.6574055247793136,screening metric for punctate-to-diffuse reporter redistribution; not rupture proof
E17,E,17,PLD3_mCherry_reporter_control,site0,25,"260305_day25_iNeurons_WellE17_Channel405nm Binned,561nm Binned,488nm Binned_Seq0044.nd2",561nm Binned,488nm Binned,4,whole_field_foreground,stable_channel,142029,3782874.0,2955389.0,21.28230857849121,827485.0,197,0.001387040674782002,229.97477183850285,12.0,3.5715318102399785,3.5715318102399785,screening metric for punctate-to-diffuse reporter redistribution; not rupture proof
E17,E,17,PLD3_mCherry_reporter_control,site0,29,"260309_Day29_WellE17_Channel405nm Binned,561nm Binned,488nm Binned_Seq0044.nd2",561nm Binned,488nm Binned,5,whole_field_foreground,stable_channel,69813,2335198.0,1793224.0,26.283201217651367,541974.0,98,0.0014037500178848675,307.7613063734405,14.0,3.308690084758109,3.308690084758109,screening metric for punctate-to-diffuse reporter redistribution; not rupture proof
E17,E,17,PLD3_mCherry_reporter_control,site0,32,"260312_Day32_WellE17_Channel405nm Binned,561 nm,488nm Binned_Seq0044.nd2",561nm Binned,488nm Binned,6,whole_field_foreground,stable_channel,85625,3448671.0,2690165.0,32.13825607299805,758506.0,127,0.0014832116788147946,352.8680459570697,11.0,3.546662781832251,3.546662781832251,screening metric for punctate-to-diffuse reporter redistribution; not rupture proof
E17,E,17,PLD3_mCherry_reporter_control,site0,36,"260316_Day36_WellE17_Channel405nm Binned,561nm Binned,488nm Binned_Seq0044.nd2",561nm Binned,488nm Binned,7,whole_field_foreground,stable_channel,130517,4521852.0,3280524.0,25.733232498168945,1241328.0,158,0.0012105702705301948,365.594965198372,16.0,2.6427535671453133,2.6427535671453133,screening metric for punctate-to-diffuse reporter redistribution; not rupture proof
E17,E,17,PLD3_mCherry_reporter_control,site0,39,"260319_Day39_WellE17_Channel405nm Binned,561nm Binned,488nm Binned_Seq0044.nd2",561nm Binned,488nm Binned,8,whole_field_foreground,stable_channel,118299,5743056.0,4454536.0,38.51006317138672,1288520.0,169,0.0014285835044976832,442.62364151633,13.0,3.457094961658758,3.457094961658758,screening metric for punctate-to-diffuse reporter redistribution; not rupture proof
F05,F,05,PLD3_TMEM106B_mCherry_primary,site0,8,"260216_Day8_iNeurons_WellF05_Channel405nm Binned,561nm Binned,488nm Binned_Seq0048.nd2",561nm Binned,488nm Binned,0,whole_field_foreground,stable_channel,95602,2068117.0,1540754.0,16.507253646850586,527363.0,96,0.0010041630928118224,211.6919604142507,20.5,2.921619453767288,2.921619453767288,screening metric for punctate-to-diffuse reporter redistribution; not rupture proof
F05,F,05,PLD3_TMEM106B_mCherry_primary,site0,12,"260220_Day12_WellF05_Channel405nm Binned,561nm Binned,488nm Binned_Seq0048.nd2",561nm Binned,488nm Binned,1,whole_field_foreground,stable_channel,110537,1770146.0,1404773.0,13.017643928527832,365373.0,108,0.0009770484091211355,118.61006542488381,21.0,3.844764117754063,3.844764117754063,screening metric for punctate-to-diffuse reporter redistribution; not rupture proof
F05,F,05,PLD3_TMEM106B_mCherry_primary,site0,16,"260224_day16_WellF05_Channel405nm Binned,561nm Binned,488nm Binned_Seq0048.nd2",561nm Binned,488nm Binned,2,whole_field_foreground,stable_channel,93191,1752493.0,1442121.0,15.844001770019531,310372.0,90,0.0009657584959817391,124.45600836012099,17.0,4.646427512776132,4.646427512776132,screening metric for punctate-to-diffuse reporter redistribution; not rupture proof
F05,F,05,PLD3_TMEM106B_mCherry_primary,site0,20,"260228_day20_WellF05_Channel405nm Binned,561nm Binned,488nm Binned_Seq0048.nd2",561nm Binned,488nm Binned,3,whole_field_foreground,stable_channel,104050,1883767.0,1558833.0,15.33333683013916,324934.0,122,0.001172513214789308,127.15533172107133,14.5,4.797383468628099,4.797383468628099,screening metric for punctate-to-diffuse reporter redistribution; not rupture proof
F05,F,05,PLD3_TMEM106B_mCherry_primary,site0,25,"260305_day25_iNeurons_WellF05_Channel405nm Binned,561nm Binned,488nm Binned_Seq0048.nd2",561nm Binned,488nm Binned,4,whole_field_foreground,stable_channel,88129,1384637.0,1231682.0,14.280867576599121,152955.0,122,0.0013843343280715277,71.03550038572217,11.0,8.05257755543753,8.05257755543753,screening metric for punctate-to-diffuse reporter redistribution; not rupture proof
F05,F,05,PLD3_TMEM106B_mCherry_primary,site0,29,"260309_Day29_WellF05_Channel405nm Binned,561nm Binned,488nm Binned_Seq0048.nd2",561nm Binned,488nm Binned,5,whole_field_foreground,stable_channel,99273,1667367.0,1406067.0,14.477923393249512,261300.0,156,0.0015714242543131425,106.89210578722832,11.0,5.381044776098809,5.381044776098809,screening metric for punctate-to-diffuse reporter redistribution; not rupture proof
F05,F,05,PLD3_TMEM106B_mCherry_primary,site0,32,"260312_Day32_WellF05_Channel405nm Binned,561 nm,488nm Binned_Seq0048.nd2",561nm Binned,488nm Binned,6,whole_field_foreground,stable_channel,116670,2000569.0,1693433.0,14.843087196350098,307136.0,160,0.0013713893888628492,108.73043193817139,12.0,5.513625885583215,5.513625885583215,screening metric for punctate-to-diffuse reporter redistribution; not rupture proof
F05,F,05,PLD3_TMEM106B_mCherry_primary,site0,36,"260316_Day36_WellF05_Channel405nm Binned,561nm Binned,488nm Binned_Seq0048.nd2",561nm Binned,488nm Binned,7,whole_field_foreground,stable_channel,111521,2203665.0,1850135.0,16.960023880004883,353530.0,153,0.0013719389173216532,133.4370222403333,12.0,5.2333182473758,5.2333182473758,screening metric for punctate-to-diffuse reporter redistribution; not rupture proof
F05,F,05,PLD3_TMEM106B_mCherry_primary,site0,39,"260319_Day39_WellF05_Channel405nm Binned,561nm Binned,488nm Binned_Seq0048.nd2",561nm Binned,488nm Binned,8,whole_field_foreground,stable_channel,128124,2462867.0,2063374.0,16.476675033569336,399493.0,160,0.0012487902344506198,119.06187024116517,13.0,5.1649816141830645,5.1649816141830645,screening metric for punctate-to-diffuse reporter redistribution; not rupture proof
E20,E,20,PLD3_mCherry_reporter_control,site0,8,"260216_Day8_iNeurons_WellE20_Channel405nm Binned,561nm Binned,488nm Binned_Seq0047.nd2",561nm Binned,488nm Binned,0,whole_field_foreground,stable_channel,170483,4462896.0,3167806.0,19.032148361206055,1295090.0,194,0.001137943372646317,296.85377817055615,17.0,2.4460122462512675,2.4460122462512675,screening metric for punctate-to-diffuse reporter redistribution; not rupture proof
E20,E,20,PLD3_mCherry_reporter_control,site0,12,"260220_Day12_WellE20_Channel405nm Binned,561nm Binned,488nm Binned_Seq0047.nd2",561nm Binned,488nm Binned,1,whole_field_foreground,stable_channel,170360,3611367.0,2667310.0,16.038278579711914,944057.0,157,0.0009215778351671661,203.85885693009493,20.0,2.825369654583542,2.825369654583542,screening metric for punctate-to-diffuse reporter redistribution; not rupture proof
E20,E,20,PLD3_mCherry_reporter_control,site0,16,"260224_day16_WellE20_Channel405nm Binned,561nm Binned,488nm Binned_Seq0047.nd2",561nm Binned,488nm Binned,2,whole_field_foreground,stable_channel,197111,6697451.0,4854403.0,25.231571197509766,1843048.0,198,0.0010045101490987083,351.97923525415285,17.0,2.6338993884029964,2.6338993884029964,screening metric for punctate-to-diffuse reporter redistribution; not rupture proof
E20,E,20,PLD3_mCherry_reporter_control,site0,20,"260228_day20_WellE20_Channel405nm Binned,561nm Binned,488nm Binned_Seq0047.nd2",561nm Binned,488nm Binned,3,whole_field_foreground,stable_channel,229510,7645204.0,5664812.0,25.27376937866211,1980392.0,257,0.001119776916033638,336.72133027904226,16.0,2.860449850331217,2.860449850331217,screening metric for punctate-to-diffuse reporter redistribution; not rupture proof
E20,E,20,PLD3_mCherry_reporter_control,site0,25,"260305_day25_iNeurons_WellE20_Channel405nm Binned,561nm Binned,488nm Binned_Seq0047.nd2",561nm Binned,488nm Binned,4,whole_field_foreground,stable_channel,136391,3597550.0,2918908.0,21.88234519958496,678642.0,201,0.0014737042766643422,210.15041328544046,12.0,4.301101317035637,4.301101317035637,screening metric for punctate-to-diffuse reporter redistribution; not rupture proof
E20,E,20,PLD3_mCherry_reporter_control,site0,29,"260309_Day29_WellE20_Channel405nm Binned,561nm Binned,488nm Binned_Seq0047.nd2",561nm Binned,488nm Binned,5,whole_field_foreground,stable_channel,171999,6758012.0,5410979.0,32.15461730957031,1347033.0,253,0.0014709387845192648,330.53688893676275,12.0,4.016960980166027,4.016960980166027,screening metric for punctate-to-diffuse reporter redistribution; not rupture proof
E20,E,20,PLD3_mCherry_reporter_control,site0,32,"260312_Day32_WellE20_Channel405nm Binned,561 nm,488nm Binned_Seq0047.nd2",561nm Binned,488nm Binned,6,whole_field_foreground,stable_channel,185383,6786449.0,5361622.0,29.570432662963867,1424827.0,278,0.0014995981292702156,311.6995634998349,11.5,3.762998595616336,3.762998595616336,screening metric for punctate-to-diffuse reporter redistribution; not rupture proof
E20,E,20,PLD3_mCherry_reporter_control,site0,36,"260316_Day36_WellE20_Channel405nm Binned,561nm Binned,488nm Binned_Seq0047.nd2",561nm Binned,488nm Binned,7,whole_field_foreground,stable_channel,206417,10248764.0,8095755.0,40.11831283569336,2153009.0,304,0.001472746915217871,426.4771836933337,13.0,3.760204903925734,3.760204903925734,screening metric for punctate-to-diffuse reporter redistribution; not rupture proof
E20,E,20,PLD3_mCherry_reporter_control,site0,39,"260319_Day39_WellE20_Channel405nm Binned,561nm Binned,488nm Binned_Seq0047.nd2",561nm Binned,488nm Binned,8,whole_field_foreground,stable_channel,194487,9145228.0,7249729.0,38.119754791259766,1895499.0,263,0.001352275473418006,395.6253637161545,13.0,3.824707372568477,3.824707372568477,screening metric for punctate-to-diffuse reporter redistribution; not rupture proof
E18,E,18,PLD3_mCherry_reporter_control,site0,8,"260216_Day8_iNeurons_WellE18_Channel405nm Binned,561nm Binned,488nm Binned_Seq0045.nd2",561nm Binned,488nm Binned,0,whole_field_foreground,stable_channel,321989,8009003.0,5756738.0,18.314254760742188,2252265.0,333,0.0010341968203850622,269.342598488381,19.0,2.555977205167884,2.555977205167884,screening metric for punctate-to-diffuse reporter redistribution; not rupture proof
E18,E,18,PLD3_mCherry_reporter_control,site0,12,"260220_Day12_WellE18_Channel405nm Binned,561nm Binned,488nm Binned_Seq0045.nd2",561nm Binned,488nm Binned,1,whole_field_foreground,stable_channel,315382,8128541.0,6064307.0,19.693016052246094,2064234.0,323,0.0010241548344514773,245.45216232630492,17.0,2.9378001718783153,2.9378001718783153,screening metric for punctate-to-diffuse reporter redistribution; not rupture proof
E18,E,18,PLD3_mCherry_reporter_control,site0,16,"260224_day16_WellE18_Channel405nm Binned,561nm Binned,488nm Binned_Seq0045.nd2",561nm Binned,488nm Binned,2,whole_field_foreground,stable_channel,300066,11555063.0,8669878.0,29.579931259155273,2885185.0,322,0.0010730972519343307,374.7198914237644,16.0,3.0049643263766432,3.0049643263766432,screening metric for punctate-to-diffuse reporter redistribution; not rupture proof
E18,E,18,PLD3_mCherry_reporter_control,site0,20,"260228_day20_WellE18_Channel405nm Binned,561nm Binned,488nm Binned_Seq0045.nd2",561nm Binned,488nm Binned,3,whole_field_foreground,stable_channel,292753,11489973.0,8753836.0,30.607925415039062,2736137.0,380,0.0012980225650931056,368.7334804735686,14.0,3.199341261054107,3.199341261054107,screening metric for punctate-to-diffuse reporter redistribution; not rupture proof
E18,E,18,PLD3_mCherry_reporter_control,site0,25,"260305_day25_iNeurons_WellE18_Channel405nm Binned,561nm Binned,488nm Binned_Seq0045.nd2",561nm Binned,488nm Binned,4,whole_field_foreground,stable_channel,231683,5930849.0,4692058.0,20.714025497436523,1238791.0,328,0.0014157275242403812,217.9941333910314,12.5,3.7876106623281993,3.7876106623281993,screening metric for punctate-to-diffuse reporter redistribution; not rupture proof
E18,E,18,PLD3_mCherry_reporter_control,site0,29,"260309_Day29_WellE18_Channel405nm Binned,561nm Binned,488nm Binned_Seq0045.nd2",561nm Binned,488nm Binned,5,whole_field_foreground,stable_channel,320322,13861618.0,10937555.0,34.9267463684082,2924063.0,469,0.001464151697349966,370.24075297861975,12.0,3.7405332922020698,3.7405332922020698,screening metric for punctate-to-diffuse reporter redistribution; not rupture proof
E18,E,18,PLD3_mCherry_reporter_control,site0,32,"260312_Day32_WellE18_Channel405nm Binned,561 nm,488nm Binned_Seq0045.nd2",561nm Binned,488nm Binned,6,whole_field_foreground,stable_channel,365628,14939308.0,11542641.0,32.29460525512695,3396667.0,520,0.001422210552798412,378.9691122495211,13.0,3.398225672400798,3.398225672400798,screening metric for punctate-to-diffuse reporter redistribution; not rupture proof
E18,E,18,PLD3_mCherry_reporter_control,site0,36,"260316_Day36_WellE18_Channel405nm Binned,561nm Binned,488nm Binned_Seq0045.nd2",561nm Binned,488nm Binned,7,whole_field_foreground,stable_channel,385507,19812448.0,15230936.0,40.413330078125,4581512.0,571,0.0014811663601400722,470.4080260856348,12.0,3.324434378868084,3.324434378868084,screening metric for punctate-to-diffuse reporter redistribution; not rupture proof
E18,E,18,PLD3_mCherry_reporter_control,site0,39,"260319_Day39_WellE18_Channel405nm Binned,561nm Binned,488nm Binned_Seq0045.nd2",561nm Binned,488nm Binned,8,whole_field_foreground,stable_channel,392721,18182418.0,14114754.0,36.757938385009766,4067664.0,536,0.0013648366142850398,415.90373298303405,13.0,3.469990146677929,3.469990146677929,screening metric for punctate-to-diffuse reporter redistribution; not rupture proof
E19,E,19,PLD3_mCherry_reporter_control,site0,8,"260216_Day8_iNeurons_WellE19_Channel405nm Binned,561nm Binned,488nm Binned_Seq0046.nd2",561nm Binned,488nm Binned,0,whole_field_foreground,stable_channel,369751,9086553.0,6528328.0,18.085412979125977,2558225.0,388,0.0010493548360895593,265.5481452548627,19.0,2.551897507059562,2.551897507059562,screening metric for punctate-to-diffuse reporter redistribution; not rupture proof
E19,E,19,PLD3_mCherry_reporter_control,site0,12,"260220_Day12_WellE19_Channel405nm Binned,561nm Binned,488nm Binned_Seq0046.nd2",561nm Binned,488nm Binned,1,whole_field_foreground,stable_channel,439890,10435267.0,7808192.0,18.181079864501953,2627075.0,442,0.0010047966537065976,221.88498558286088,18.0,2.972199880093651,2.972199880093651,screening metric for punctate-to-diffuse reporter redistribution; not rupture proof
E19,E,19,PLD3_mCherry_reporter_control,site0,16,"260224_day16_WellE19_Channel405nm Binned,561nm Binned,488nm Binned_Seq0046.nd2",561nm Binned,488nm Binned,2,whole_field_foreground,stable_channel,419722,15326060.0,11576229.0,28.24738121032715,3749831.0,451,0.001074520754210943,342.3308451582746,16.0,3.0871335268167854,3.0871335268167854,screening metric for punctate-to-diffuse reporter redistribution; not rupture proof
E19,E,19,PLD3_mCherry_reporter_control,site0,20,"260228_day20_WellE19_Channel405nm Binned,561nm Binned,488nm Binned_Seq0046.nd2",561nm Binned,488nm Binned,3,whole_field_foreground,stable_channel,376188,14395319.0,11115920.0,30.241147994995117,3279399.0,479,0.001273299520449155,349.18086185335864,13.0,3.389621086057723,3.389621086057723,screening metric for punctate-to-diffuse reporter redistribution; not rupture proof
E19,E,19,PLD3_mCherry_reporter_control,site0,25,"260305_day25_iNeurons_WellE19_Channel405nm Binned,561nm Binned,488nm Binned_Seq0046.nd2",561nm Binned,488nm Binned,4,whole_field_foreground,stable_channel,303328,8236932.0,6632207.0,22.35874366760254,1604725.0,446,0.0014703555227296183,213.30025868779342,11.0,4.132924332827037,4.132924332827037,screening metric for punctate-to-diffuse reporter redistribution; not rupture proof
E19,E,19,PLD3_mCherry_reporter_control,site0,29,"260309_Day29_WellE19_Channel405nm Binned,561nm Binned,488nm Binned_Seq0046.nd2",561nm Binned,488nm Binned,5,whole_field_foreground,stable_channel,388792,17015416.0,13620004.0,35.80555725097656,3395413.0,572,0.0014712236877264162,370.3771121151797,12.0,4.01129523860455,4.01129523860455,screening metric for punctate-to-diffuse reporter redistribution; not rupture proof
E19,E,19,PLD3_mCherry_reporter_control,site0,32,"260312_Day32_WellE19_Channel405nm Binned,561 nm,488nm Binned_Seq0046.nd2",561nm Binned,488nm Binned,6,whole_field_foreground,stable_channel,406915,16221757.0,12521944.0,31.481470108032227,3699813.0,559,0.001373751274832892,367.13706315096886,14.0,3.384480242649187,3.384480242649187,screening metric for punctate-to-diffuse reporter redistribution; not rupture proof
E19,E,19,PLD3_mCherry_reporter_control,site0,36,"260316_Day36_WellE19_Channel405nm Binned,561nm Binned,488nm Binned_Seq0046.nd2",561nm Binned,488nm Binned,7,whole_field_foreground,stable_channel,483151,22160788.0,17175756.0,36.3686637878418,4985032.0,682,0.0014115669842318208,410.9643709065278,13.0,3.445465545656789,3.445465545656789,screening metric for punctate-to-diffuse reporter redistribution; not rupture proof
E19,E,19,PLD3_mCherry_reporter_control,site0,39,"260319_Day39_WellE19_Channel405nm Binned,561nm Binned,488nm Binned_Seq0046.nd2",561nm Binned,488nm Binned,8,whole_field_foreground,stable_channel,447676,19555494.0,15074091.0,34.45372772216797,4481403.0,603,0.0013469562808787004,391.3739339597585,13.0,3.3636990469271866,3.3636990469271866,screening metric for punctate-to-diffuse reporter redistribution; not rupture proof
F07,F,07,PLD3_TMEM106B_mCherry_primary,site0,8,"260216_Day8_iNeurons_WellF07_Channel405nm Binned,561nm Binned,488nm Binned_Seq0050.nd2",561nm Binned,488nm Binned,0,whole_field_foreground,stable_channel,387580,7969459.0,6099991.0,16.121463775634766,1869468.0,414,0.001068166572059786,184.60683448533504,19.0,3.26295555740817,3.26295555740817,screening metric for punctate-to-diffuse reporter redistribution; not rupture proof
F07,F,07,PLD3_TMEM106B_mCherry_primary,site0,12,"260220_Day12_WellF07_Channel405nm Binned,561nm Binned,488nm Binned_Seq0050.nd2",561nm Binned,488nm Binned,1,whole_field_foreground,stable_channel,386304,6619910.0,5410045.0,14.340628623962402,1209865.0,412,0.0010665175612961126,114.0216657953355,15.0,4.471610468932921,4.471610468932921,screening metric for punctate-to-diffuse reporter redistribution; not rupture proof
F07,F,07,PLD3_TMEM106B_mCherry_primary,site0,16,"260224_day16_WellF07_Channel405nm Binned,561nm Binned,488nm Binned_Seq0050.nd2",561nm Binned,488nm Binned,2,whole_field_foreground,stable_channel,400930,7786853.0,6433593.0,16.43134117126465,1353260.0,414,0.001032599206841512,128.22900531602943,16.0,4.7541440669163695,4.7541440669163695,screening metric for punctate-to-diffuse reporter redistribution; not rupture proof
F07,F,07,PLD3_TMEM106B_mCherry_primary,site0,20,"260228_day20_WellF07_Channel405nm Binned,561nm Binned,488nm Binned_Seq0050.nd2",561nm Binned,488nm Binned,3,whole_field_foreground,stable_channel,395695,7295045.0,6104875.0,15.792132377624512,1190170.0,431,0.0010892227599512523,118.93551539268405,16.0,5.129414285349883,5.129414285349883,screening metric for punctate-to-diffuse reporter redistribution; not rupture proof
F07,F,07,PLD3_TMEM106B_mCherry_primary,site0,25,"260305_day25_iNeurons_WellF07_Channel405nm Binned,561nm Binned,488nm Binned_Seq0050.nd2",561nm Binned,488nm Binned,4,whole_field_foreground,stable_channel,265495,3924874.0,3466653.0,13.342466354370117,458221.0,367,0.0013823235842430842,70.66101378770875,11.0,7.565460771096118,7.565460771096118,screening metric for punctate-to-diffuse reporter redistribution; not rupture proof
F07,F,07,PLD3_TMEM106B_mCherry_primary,site0,29,"260309_Day29_WellF07_Channel405nm Binned,561nm Binned,488nm Binned_Seq0050.nd2",561nm Binned,488nm Binned,5,whole_field_foreground,stable_channel,349178,7022093.0,5996779.0,17.55831527709961,1025314.0,488,0.001397568002562024,122.01104163341834,12.0,5.848724390766293,5.848724390766293,screening metric for punctate-to-diffuse reporter redistribution; not rupture proof
F07,F,07,PLD3_TMEM106B_mCherry_primary,site0,32,"260312_Day32_WellF07_Channel405nm Binned,561 nm,488nm Binned_Seq0050.nd2",561nm Binned,488nm Binned,6,whole_field_foreground,stable_channel,432443,7564218.0,6362427.0,15.045324325561523,1201791.0,569,0.0013157803456147613,111.99091136644091,13.0,5.294121024366721,5.294121024366721,screening metric for punctate-to-diffuse reporter redistribution; not rupture proof
F07,F,07,PLD3_TMEM106B_mCherry_primary,site0,36,"260316_Day36_WellF07_Channel405nm Binned,561nm Binned,488nm Binned_Seq0050.nd2",561nm Binned,488nm Binned,7,whole_field_foreground,stable_channel,410593,8658401.0,7398466.0,18.420181274414062,1259935.0,549,0.0013370905008089832,125.82703414944785,12.0,5.8721013385564556,5.8721013385564556,screening metric for punctate-to-diffuse reporter redistribution; not rupture proof
F07,F,07,PLD3_TMEM106B_mCherry_primary,site0,39,"260319_Day39_WellF07_Channel405nm Binned,561nm Binned,488nm Binned_Seq0050.nd2",561nm Binned,488nm Binned,8,whole_field_foreground,stable_channel,496279,9101509.0,7627811.0,15.723069190979004,1473698.0,657,0.0013238521073804777,116.08727327692273,13.0,5.175966174884422,5.175966174884422,screening metric for punctate-to-diffuse reporter redistribution; not rupture proof
F08,F,08,PLD3_TMEM106B_mCherry_primary,site0,8,"260216_Day8_iNeurons_WellF08_Channel405nm Binned,561nm Binned,488nm Binned_Seq0051.nd2",561nm Binned,488nm Binned,0,whole_field_foreground,stable_channel,323682,6886401.0,5189688.0,16.427221298217773,1696713.0,340,0.0010504136776186182,197.44892542221967,20.0,3.0586716787087393,3.0586716787087393,screening metric for punctate-to-diffuse reporter redistribution; not rupture proof
F08,F,08,PLD3_TMEM106B_mCherry_primary,site0,12,"260220_Day12_WellF08_Channel405nm Binned,561nm Binned,488nm Binned_Seq0051.nd2",561nm Binned,488nm Binned,1,whole_field_foreground,stable_channel,343908,5347084.0,4357357.0,12.97299575805664,989727.0,333,0.0009682822150081758,108.8811225318336,20.0,4.40258475316486,4.40258475316486,screening metric for punctate-to-diffuse reporter redistribution; not rupture proof
F08,F,08,PLD3_TMEM106B_mCherry_primary,site0,16,"260224_day16_WellF08_Channel405nm Binned,561nm Binned,488nm Binned_Seq0051.nd2",561nm Binned,488nm Binned,2,whole_field_foreground,stable_channel,371221,6379484.0,5157174.0,14.226411819458008,1222310.0,363,0.0009778541623427072,126.7938959211029,19.0,4.2192029845094785,4.2192029845094785,screening metric for punctate-to-diffuse reporter redistribution; not rupture proof
F08,F,08,PLD3_TMEM106B_mCherry_primary,site0,20,"260228_day20_WellF08_Channel405nm Binned,561nm Binned,488nm Binned_Seq0051.nd2",561nm Binned,488nm Binned,3,whole_field_foreground,stable_channel,320236,5406243.0,4433747.0,14.177057266235352,972496.0,313,0.0009774041644256817,109.14784096909789,17.0,4.559141631426186,4.559141631426186,screening metric for punctate-to-diffuse reporter redistribution; not rupture proof
F08,F,08,PLD3_TMEM106B_mCherry_primary,site0,25,"260305_day25_iNeurons_WellF08_Channel405nm Binned,561nm Binned,488nm Binned_Seq0051.nd2",561nm Binned,488nm Binned,4,whole_field_foreground,stable_channel,208989,2656121.0,2323458.0,11.368546485900879,332663.0,283,0.001354138256073984,62.71102461798031,11.0,6.984419667931256,6.984419667931256,screening metric for punctate-to-diffuse reporter redistribution; not rupture proof
F08,F,08,PLD3_TMEM106B_mCherry_primary,site0,29,"260309_Day29_WellF08_Channel405nm Binned,561nm Binned,488nm Binned_Seq0051.nd2",561nm Binned,488nm Binned,5,whole_field_foreground,stable_channel,300562,5144119.0,4339751.0,14.767135620117188,804368.0,410,0.0013641112316215486,106.3813655481106,12.0,5.395230789880508,5.395230789880508,screening metric for punctate-to-diffuse reporter redistribution; not rupture proof
F08,F,08,PLD3_TMEM106B_mCherry_primary,site0,32,"260312_Day32_WellF08_Channel405nm Binned,561 nm,488nm Binned_Seq0051.nd2",561nm Binned,488nm Binned,6,whole_field_foreground,stable_channel,359764,5984978.0,4981194.0,14.15662956237793,1003784.0,494,0.001373122380223221,109.95586157424248,12.0,4.962416217029797,4.962416217029797,screening metric for punctate-to-diffuse reporter redistribution; not rupture proof
F08,F,08,PLD3_TMEM106B_mCherry_primary,site0,36,"260316_Day36_WellF08_Channel405nm Binned,561nm Binned,488nm Binned_Seq0051.nd2",561nm Binned,488nm Binned,7,whole_field_foreground,stable_channel,315151,5468843.0,4560530.0,14.80359935760498,908313.0,428,0.0013580791430096745,114.14599173536925,12.0,5.020879366468364,5.020879366468364,screening metric for punctate-to-diffuse reporter redistribution; not rupture proof
F08,F,08,PLD3_TMEM106B_mCherry_primary,site0,39,"260319_Day39_WellF08_Channel405nm Binned,561nm Binned,488nm Binned_Seq0051.nd2",561nm Binned,488nm Binned,8,whole_field_foreground,stable_channel,368939,6578162.0,5489109.0,15.212325096130371,1089053.0,511,0.0013850528136049997,117.49764774270254,12.0,5.040258830373691,5.040258830373691,screening metric for punctate-to-diffuse reporter redistribution; not rupture proof
F11,F,11,PLD3_TMEM106B_mCherry_primary,site0,8,"260216_Day8_iNeurons_WellF11_Channel405nm Binned,561nm Binned,488nm Binned_Seq0054.nd2",561nm Binned,488nm Binned,0,whole_field_foreground,stable_channel,96052,1980918.0,1534047.0,16.365436553955078,446871.0,109,0.001134801982247795,179.80398020613083,18.0,3.43286317527109,3.43286317527109,screening metric for punctate-to-diffuse reporter redistribution; not rupture proof
F11,F,11,PLD3_TMEM106B_mCherry_primary,site0,12,"260220_Day12_WellF11_Channel405nm Binned,561nm Binned,488nm Binned_Seq0054.nd2",561nm Binned,488nm Binned,1,whole_field_foreground,stable_channel,106945,1786799.0,1414002.0,13.536170959472656,372797.0,102,0.000953761279153268,130.11261397717047,21.0,3.7929543424335685,3.7929543424335685,screening metric for punctate-to-diffuse reporter redistribution; not rupture proof
F11,F,11,PLD3_TMEM106B_mCherry_primary,site0,16,"260224_day16_WellF11_Channel405nm Binned,561nm Binned,488nm Binned_Seq0054.nd2",561nm Binned,488nm Binned,2,whole_field_foreground,stable_channel,89214,1916483.0,1620430.0,18.59208106994629,296053.0,94,0.001053646288687273,132.42720827143242,18.0,5.473445633026946,5.473445633026946,screening metric for punctate-to-diffuse reporter redistribution; not rupture proof
F11,F,11,PLD3_TMEM106B_mCherry_primary,site0,20,"260228_day20_WellF11_Channel405nm Binned,561nm Binned,488nm Binned_Seq0054.nd2",561nm Binned,488nm Binned,3,whole_field_foreground,stable_channel,106127,1800545.0,1466876.0,14.1541166305542,333669.0,109,0.001027071339046359,121.34423520149441,17.0,4.396201025554078,4.396201025554078,screening metric for punctate-to-diffuse reporter redistribution; not rupture proof
F11,F,11,PLD3_TMEM106B_mCherry_primary,site0,25,"260305_day25_iNeurons_WellF11_Channel405nm Binned,561nm Binned,488nm Binned_Seq0054.nd2",561nm Binned,488nm Binned,4,whole_field_foreground,stable_channel,72090,1095724.0,965128.0,13.68025016784668,130596.0,96,0.0013316687473806123,76.30891215801239,12.5,7.390180403631121,7.390180403631121,screening metric for punctate-to-diffuse reporter redistribution; not rupture proof
F11,F,11,PLD3_TMEM106B_mCherry_primary,site0,29,"260309_Day29_WellF11_Channel405nm Binned,561nm Binned,488nm Binned_Seq0054.nd2",561nm Binned,488nm Binned,5,whole_field_foreground,stable_channel,104489,2058510.0,1748678.0,17.113367080688477,309832.0,157,0.0015025505076945655,123.33666379892142,11.0,5.643955433894356,5.643955433894356,screening metric for punctate-to-diffuse reporter redistribution; not rupture proof
F11,F,11,PLD3_TMEM106B_mCherry_primary,site0,32,"260312_Day32_WellF11_Channel405nm Binned,561 nm,488nm Binned_Seq0054.nd2",561nm Binned,488nm Binned,6,whole_field_foreground,stable_channel,93289,2030167.0,1745922.0,19.132553100585938,284245.0,142,0.0015221515934191368,131.76159076959314,11.5,6.14231384894671,6.14231384894671,screening metric for punctate-to-diffuse reporter redistribution; not rupture proof
F11,F,11,PLD3_TMEM106B_mCherry_primary,site0,36,"260316_Day36_WellF11_Channel405nm Binned,561nm Binned,488nm Binned_Seq0054.nd2",561nm Binned,488nm Binned,7,whole_field_foreground,stable_channel,94845,1699035.0,1427342.0,15.400423049926758,271693.0,139,0.001465549053703774,115.58248934299826,12.0,5.253510395905476,5.253510395905476,screening metric for punctate-to-diffuse reporter redistribution; not rupture proof
F11,F,11,PLD3_TMEM106B_mCherry_primary,site0,39,"260319_Day39_WellF11_Channel405nm Binned,561nm Binned,488nm Binned_Seq0054.nd2",561nm Binned,488nm Binned,8,whole_field_foreground,stable_channel,110108,2292227.0,1937634.0,17.991531372070312,354593.0,149,0.0013532168416340938,130.7187743730993,12.0,5.46438874990351,5.46438874990351,screening metric for punctate-to-diffuse reporter redistribution; not rupture proof
F09,F,09,PLD3_TMEM106B_mCherry_primary,site0,8,"260216_Day8_iNeurons_WellF09_Channel405nm Binned,561nm Binned,488nm Binned_Seq0052.nd2",561nm Binned,488nm Binned,0,whole_field_foreground,stable_channel,341995,7050320.0,5380471.0,16.113439559936523,1669849.0,348,0.0010175587362358585,189.15959360407686,21.5,3.2221302644710854,3.2221302644710854,screening metric for punctate-to-diffuse reporter redistribution; not rupture proof
F09,F,09,PLD3_TMEM106B_mCherry_primary,site0,12,"260220_Day12_WellF09_Channel405nm Binned,561nm Binned,488nm Binned_Seq0052.nd2",561nm Binned,488nm Binned,1,whole_field_foreground,stable_channel,380503,5960503.0,4792388.0,12.899581909179688,1168115.0,388,0.0010197028669917984,111.00900614630315,18.0,4.1026679736121,4.1026679736121,screening metric for punctate-to-diffuse reporter redistribution; not rupture proof
F09,F,09,PLD3_TMEM106B_mCherry_primary,site0,16,"260224_day16_WellF09_Channel405nm Binned,561nm Binned,488nm Binned_Seq0052.nd2",561nm Binned,488nm Binned,2,whole_field_foreground,stable_channel,339284,5937003.0,4792574.0,14.466575622558594,1144429.0,319,0.0009402152768744173,124.01499083946491,19.0,4.187742533609173,4.187742533609173,screening metric for punctate-to-diffuse reporter redistribution; not rupture proof
F09,F,09,PLD3_TMEM106B_mCherry_primary,site0,20,"260228_day20_WellF09_Channel405nm Binned,561nm Binned,488nm Binned_Seq0052.nd2",561nm Binned,488nm Binned,3,whole_field_foreground,stable_channel,377059,6303044.0,5205827.0,14.136051177978516,1097217.0,400,0.0010608419372006481,111.18394359588623,16.0,4.74457377163793,4.74457377163793,screening metric for punctate-to-diffuse reporter redistribution; not rupture proof
F09,F,09,PLD3_TMEM106B_mCherry_primary,site0,25,"260305_day25_iNeurons_WellF09_Channel405nm Binned,561nm Binned,488nm Binned_Seq0052.nd2",561nm Binned,488nm Binned,4,whole_field_foreground,stable_channel,253095,3424590.0,2981528.0,12.037774085998535,443062.0,321,0.0012682984649982484,69.57858706560462,11.0,6.729369704450552,6.729369704450552,screening metric for punctate-to-diffuse reporter redistribution; not rupture proof
F09,F,09,PLD3_TMEM106B_mCherry_primary,site0,29,"260309_Day29_WellF09_Channel405nm Binned,561nm Binned,488nm Binned_Seq0052.nd2",561nm Binned,488nm Binned,5,whole_field_foreground,stable_channel,342640,5627574.0,4755974.0,14.19880199432373,871600.0,473,0.0013804576231573067,100.0720645186765,12.0,5.456601652127746,5.456601652127746,screening metric for punctate-to-diffuse reporter redistribution; not rupture proof
F09,F,09,PLD3_TMEM106B_mCherry_primary,site0,32,"260312_Day32_WellF09_Channel405nm Binned,561 nm,488nm Binned_Seq0052.nd2",561nm Binned,488nm Binned,6,whole_field_foreground,stable_channel,357287,7320999.0,6242835.0,17.85733413696289,1078164.0,502,0.00140503292870604,126.12032395625019,12.0,5.7902461963061365,5.7902461963061365,screening metric for punctate-to-diffuse reporter redistribution; not rupture proof
F09,F,09,PLD3_TMEM106B_mCherry_primary,site0,36,"260316_Day36_WellF09_Channel405nm Binned,561nm Binned,488nm Binned_Seq0052.nd2",561nm Binned,488nm Binned,7,whole_field_foreground,stable_channel,373182,7592056.0,6432447.0,17.62821388244629,1159609.0,520,0.0013934219764045602,125.16172593923716,12.0,5.547082680450439,5.547082680450439,screening metric for punctate-to-diffuse reporter redistribution; not rupture proof
F09,F,09,PLD3_TMEM106B_mCherry_primary,site0,39,"260319_Day39_WellF09_Channel405nm Binned,561nm Binned,488nm Binned_Seq0052.nd2",561nm Binned,488nm Binned,8,whole_field_foreground,stable_channel,430159,7716506.0,6460206.0,15.358806610107422,1256300.0,570,0.0013250914196812687,117.56299367536579,13.0,5.14224787072742,5.14224787072742,screening metric for punctate-to-diffuse reporter redistribution; not rupture proof
F10,F,10,PLD3_TMEM106B_mCherry_primary,site0,8,"260216_Day8_iNeurons_WellF10_Channel405nm Binned,561nm Binned,488nm Binned_Seq0053.nd2",561nm Binned,488nm Binned,0,whole_field_foreground,stable_channel,373148,7345956.0,5554999.0,15.247121810913086,1790957.0,389,0.0010424818034639272,182.58718864225176,19.0,3.1016931171417843,3.1016931171417843,screening metric for punctate-to-diffuse reporter redistribution; not rupture proof
F10,F,10,PLD3_TMEM106B_mCherry_primary,site0,12,"260220_Day12_WellF10_Channel405nm Binned,561nm Binned,488nm Binned_Seq0053.nd2",561nm Binned,488nm Binned,1,whole_field_foreground,stable_channel,337990,5732241.0,4590719.0,13.908446311950684,1141522.0,336,0.0009941122518388292,120.4850860209692,19.0,4.021577332715426,4.021577332715426,screening metric for punctate-to-diffuse reporter redistribution; not rupture proof
F10,F,10,PLD3_TMEM106B_mCherry_primary,site0,16,"260224_day16_WellF10_Channel405nm Binned,561nm Binned,488nm Binned_Seq0053.nd2",561nm Binned,488nm Binned,2,whole_field_foreground,stable_channel,365258,7862832.0,6389608.0,17.913013458251953,1473224.0,387,0.001059525048045328,155.19894606321665,16.0,4.337159861633847,4.337159861633847,screening metric for punctate-to-diffuse reporter redistribution; not rupture proof
F10,F,10,PLD3_TMEM106B_mCherry_primary,site0,20,"260228_day20_WellF10_Channel405nm Binned,561nm Binned,488nm Binned_Seq0053.nd2",561nm Binned,488nm Binned,3,whole_field_foreground,stable_channel,371010,6191686.0,4983442.0,13.754559516906738,1208244.0,394,0.001061965984741484,122.46530795218376,16.0,4.124532793041699,4.124532793041699,screening metric for punctate-to-diffuse reporter redistribution; not rupture proof
F10,F,10,PLD3_TMEM106B_mCherry_primary,site0,25,"260305_day25_iNeurons_WellF10_Channel405nm Binned,561nm Binned,488nm Binned_Seq0053.nd2",561nm Binned,488nm Binned,4,whole_field_foreground,stable_channel,249077,3744493.0,3243111.0,13.309876441955566,501382.0,381,0.0015296474584103323,80.59641745459689,11.0,6.468343498557052,6.468343498557052,screening metric for punctate-to-diffuse reporter redistribution; not rupture proof
F10,F,10,PLD3_TMEM106B_mCherry_primary,site0,29,"260309_Day29_WellF10_Channel405nm Binned,561nm Binned,488nm Binned_Seq0053.nd2",561nm Binned,488nm Binned,5,whole_field_foreground,stable_channel,339484,6918509.0,5889141.0,17.728551864624023,1029368.0,471,0.0013873997007181858,122.6856444696965,12.0,5.7211230580261665,5.7211230580261665,screening metric for punctate-to-diffuse reporter redistribution; not rupture proof
F10,F,10,PLD3_TMEM106B_mCherry_primary,site0,32,"260312_Day32_WellF10_Channel405nm Binned,561 nm,488nm Binned_Seq0053.nd2",561nm Binned,488nm Binned,6,whole_field_foreground,stable_channel,367587,7536849.0,6387165.0,17.763935089111328,1149684.0,514,0.0013983084276609392,128.71237316205807,12.0,5.555583099351165,5.555583099351165,screening metric for punctate-to-diffuse reporter redistribution; not rupture proof
F10,F,10,PLD3_TMEM106B_mCherry_primary,site0,36,"260316_Day36_WellF10_Channel405nm Binned,561nm Binned,488nm Binned_Seq0053.nd2",561nm Binned,488nm Binned,7,whole_field_foreground,stable_channel,405969,7968363.0,6524904.0,16.43631362915039,1443459.0,522,0.0012858124635100566,141.67760017365788,12.0,4.520325135660576,4.520325135660576,screening metric for punctate-to-diffuse reporter redistribution; not rupture proof
F10,F,10,PLD3_TMEM106B_mCherry_primary,site0,39,"260319_Day39_WellF10_Channel405nm Binned,561nm Binned,488nm Binned_Seq0053.nd2",561nm Binned,488nm Binned,8,whole_field_foreground,stable_channel,390130,8438348.0,6956216.0,18.23529052734375,1482132.0,513,0.0013149462999479278,142.1047166969344,12.0,4.693384934672017,4.693384934672017,screening metric for punctate-to-diffuse reporter redistribution; not rupture proof
F12,F,12,PLD3_TMEM106B_mCherry_primary,site0,8,"260216_Day8_iNeurons_WellF12_Channel405nm Binned,561nm Binned,488nm Binned_Seq0055.nd2",561nm Binned,488nm Binned,0,whole_field_foreground,stable_channel,198412,4248246.0,3236563.0,16.70915412902832,1011683.0,201,0.0010130435659082462,195.0454198732898,22.0,3.1991868994505204,3.1991868994505204,screening metric for punctate-to-diffuse reporter redistribution; not rupture proof
F12,F,12,PLD3_TMEM106B_mCherry_primary,site0,12,"260220_Day12_WellF12_Channel405nm Binned,561nm Binned,488nm Binned_Seq0055.nd2",561nm Binned,488nm Binned,1,whole_field_foreground,stable_channel,223063,4018413.0,3260889.0,14.965415000915527,757524.0,227,0.0010176497222712075,122.35180386782743,17.0,4.304667574883034,4.304667574883034,screening metric for punctate-to-diffuse reporter redistribution; not rupture proof
F12,F,12,PLD3_TMEM106B_mCherry_primary,site0,16,"260224_day16_WellF12_Channel405nm Binned,561nm Binned,488nm Binned_Seq0055.nd2",561nm Binned,488nm Binned,2,whole_field_foreground,stable_channel,185098,3394388.0,2700432.0,14.942463874816895,693956.0,181,0.0009778603766600511,137.94433109009464,17.0,3.8913591063354285,3.8913591063354285,screening metric for punctate-to-diffuse reporter redistribution; not rupture proof
F12,F,12,PLD3_TMEM106B_mCherry_primary,site0,20,"260228_day20_WellF12_Channel405nm Binned,561nm Binned,488nm Binned_Seq0055.nd2",561nm Binned,488nm Binned,3,whole_field_foreground,stable_channel,201761,3452812.0,2803991.0,14.233023643493652,648821.0,211,0.0010457918031678778,121.30528707639866,17.0,4.32167115428705,4.32167115428705,screening metric for punctate-to-diffuse reporter redistribution; not rupture proof
F12,F,12,PLD3_TMEM106B_mCherry_primary,site0,25,"260305_day25_iNeurons_WellF12_Channel405nm Binned,561nm Binned,488nm Binned_Seq0055.nd2",561nm Binned,488nm Binned,4,whole_field_foreground,stable_channel,137476,2193685.0,1907950.0,14.185502052307129,285735.0,187,0.0013602374232494381,84.94145963536226,12.0,6.677340892761904,6.677340892761904,screening metric for punctate-to-diffuse reporter redistribution; not rupture proof
F12,F,12,PLD3_TMEM106B_mCherry_primary,site0,29,"260309_Day29_WellF12_Channel405nm Binned,561nm Binned,488nm Binned_Seq0055.nd2",561nm Binned,488nm Binned,5,whole_field_foreground,stable_channel,174515,2882764.0,2399193.0,14.062687873840332,483571.0,236,0.0013523192848674767,111.3095191050384,13.0,4.961407942153352,4.961407942153352,screening metric for punctate-to-diffuse reporter redistribution; not rupture proof
F12,F,12,PLD3_TMEM106B_mCherry_primary,site0,32,"260312_Day32_WellF12_Channel405nm Binned,561 nm,488nm Binned_Seq0055.nd2",561nm Binned,488nm Binned,6,whole_field_foreground,stable_channel,219614,4016922.0,3371259.0,15.70042896270752,645663.0,296,0.0013478193557726382,116.72000765156102,12.0,5.221391035253342,5.221391035253342,screening metric for punctate-to-diffuse reporter redistribution; not rupture proof
F12,F,12,PLD3_TMEM106B_mCherry_primary,site0,36,"260316_Day36_WellF12_Channel405nm Binned,561nm Binned,488nm Binned_Seq0055.nd2",561nm Binned,488nm Binned,7,whole_field_foreground,stable_channel,192971,4226997.0,3578977.0,18.96478271484375,648020.0,254,0.0013162599561523946,135.26437434999963,12.0,5.522942193133664,5.522942193133664,screening metric for punctate-to-diffuse reporter redistribution; not rupture proof
F12,F,12,PLD3_TMEM106B_mCherry_primary,site0,39,"260319_Day39_WellF12_Channel405nm Binned,561nm Binned,488nm Binned_Seq0055.nd2",561nm Binned,488nm Binned,8,whole_field_foreground,stable_channel,212625,3822233.0,3159711.0,15.20378303527832,662522.0,270,0.0012698412698352976,120.35469702261466,13.0,4.76921672034322,4.76921672034322,screening metric for punctate-to-diffuse reporter redistribution; not rupture proof
F13,F,13,PLD3_TMEM106B_mCherry_primary,site0,8,"260216_Day8_iNeurons_WellF13_Channel405nm Binned,561nm Binned,488nm Binned_Seq0056.nd2",561nm Binned,488nm Binned,0,whole_field_foreground,stable_channel,239945,5236367.0,4002822.0,17.085121154785156,1233545.0,255,0.0010627435453913908,199.83383307363474,19.0,3.244974443572594,3.244974443572594,screening metric for punctate-to-diffuse reporter redistribution; not rupture proof
F13,F,13,PLD3_TMEM106B_mCherry_primary,site0,12,"260220_Day12_WellF13_Channel405nm Binned,561nm Binned,488nm Binned_Seq0056.nd2",561nm Binned,488nm Binned,1,whole_field_foreground,stable_channel,238468,3751168.0,2977444.0,12.78333854675293,773724.0,259,0.0010860996024578305,120.5550581147772,16.0,3.8481990994154915,3.8481990994154915,screening metric for punctate-to-diffuse reporter redistribution; not rupture proof
F13,F,13,PLD3_TMEM106B_mCherry_primary,site0,16,"260224_day16_WellF13_Channel405nm Binned,561nm Binned,488nm Binned_Seq0056.nd2",561nm Binned,488nm Binned,2,whole_field_foreground,stable_channel,236908,4841163.0,3980670.0,17.20485496520996,860493.0,234,0.0009877251928977167,140.13026278243106,19.0,4.626034145536773,4.626034145536773,screening metric for punctate-to-diffuse reporter redistribution; not rupture proof
F13,F,13,PLD3_TMEM106B_mCherry_primary,site0,20,"260228_day20_WellF13_Channel405nm Binned,561nm Binned,488nm Binned_Seq0056.nd2",561nm Binned,488nm Binned,3,whole_field_foreground,stable_channel,255424,4588361.0,3759587.0,15.071022033691406,828774.0,284,0.0011118767226215552,123.69045413379938,15.0,4.536323533310002,4.536323533310002,screening metric for punctate-to-diffuse reporter redistribution; not rupture proof
F13,F,13,PLD3_TMEM106B_mCherry_primary,site0,25,"260305_day25_iNeurons_WellF13_Channel405nm Binned,561nm Binned,488nm Binned_Seq0056.nd2",561nm Binned,488nm Binned,4,whole_field_foreground,stable_channel,197394,3020494.0,2591134.0,13.422922134399414,429360.0,265,0.0013424926796085873,86.60817709868809,12.0,6.034875163019296,6.034875163019296,screening metric for punctate-to-diffuse reporter redistribution; not rupture proof
F13,F,13,PLD3_TMEM106B_mCherry_primary,site0,29,"260309_Day29_WellF13_Channel405nm Binned,561nm Binned,488nm Binned_Seq0056.nd2",561nm Binned,488nm Binned,5,whole_field_foreground,stable_channel,234404,4460398.0,3764620.0,16.41916847229004,695778.0,321,0.001369430555786721,118.91756957342321,12.0,5.410662596395099,5.410662596395099,screening metric for punctate-to-diffuse reporter redistribution; not rupture proof
F13,F,13,PLD3_TMEM106B_mCherry_primary,site0,32,"260312_Day32_WellF13_Channel405nm Binned,561 nm,488nm Binned_Seq0056.nd2",561nm Binned,488nm Binned,6,whole_field_foreground,stable_channel,237392,4854442.0,4116396.0,17.728567123413086,738046.0,344,0.0014490800026898585,127.2499703473823,12.0,5.577424713357193,5.577424713357193,screening metric for punctate-to-diffuse reporter redistribution; not rupture proof
F13,F,13,PLD3_TMEM106B_mCherry_primary,site0,36,"260316_Day36_WellF13_Channel405nm Binned,561nm Binned,488nm Binned_Seq0056.nd2",561nm Binned,488nm Binned,7,whole_field_foreground,stable_channel,257207,5143001.0,4365999.0,17.354524612426758,777002.0,346,0.0013452199978952935,125.8158140899129,13.0,5.619031868636607,5.619031868636607,screening metric for punctate-to-diffuse reporter redistribution; not rupture proof
F13,F,13,PLD3_TMEM106B_mCherry_primary,site0,39,"260319_Day39_WellF13_Channel405nm Binned,561nm Binned,488nm Binned_Seq0056.nd2",561nm Binned,488nm Binned,8,whole_field_foreground,stable_channel,240366,4598337.0,3850864.0,16.389305114746094,747473.0,322,0.0013396237404568882,123.53996883416028,13.0,5.151843611735606,5.151843611735606,screening metric for punctate-to-diffuse reporter redistribution; not rupture proof
F06,F,06,PLD3_TMEM106B_mCherry_primary,site0,8,"260216_Day8_iNeurons_WellF06_Channel405nm Binned,561nm Binned,488nm Binned_Seq0049.nd2",561nm Binned,488nm Binned,0,whole_field_foreground,stable_channel,703751,14697029.0,11091030.0,16.144289016723633,3605999.0,771,0.0010955579459196569,198.26547500471816,19.0,3.075716327152871,3.075716327152871,screening metric for punctate-to-diffuse reporter redistribution; not rupture proof
F06,F,06,PLD3_TMEM106B_mCherry_primary,site0,12,"260220_Day12_WellF06_Channel405nm Binned,561nm Binned,488nm Binned_Seq0049.nd2",561nm Binned,488nm Binned,1,whole_field_foreground,stable_channel,675547,11648117.0,9459365.0,14.3381929397583,2188752.0,706,0.0010450790248479453,120.4352307414198,17.0,4.321807587152715,4.321807587152715,screening metric for punctate-to-diffuse reporter redistribution; not rupture proof
F06,F,06,PLD3_TMEM106B_mCherry_primary,site0,16,"260224_day16_WellF06_Channel405nm Binned,561nm Binned,488nm Binned_Seq0049.nd2",561nm Binned,488nm Binned,2,whole_field_foreground,stable_channel,713833,14079031.0,11535659.0,16.54816436767578,2543372.0,718,0.0010058374998059688,136.678259623748,19.0,4.5355767854625535,4.5355767854625535,screening metric for punctate-to-diffuse reporter redistribution; not rupture proof
F06,F,06,PLD3_TMEM106B_mCherry_primary,site0,20,"260228_day20_WellF06_Channel405nm Binned,561nm Binned,488nm Binned_Seq0049.nd2",561nm Binned,488nm Binned,3,whole_field_foreground,stable_channel,770817,13048196.0,10663258.0,14.165924072265625,2384938.0,815,0.0010573197010431046,118.4284025555008,16.0,4.471083944318691,4.471083944318691,screening metric for punctate-to-diffuse reporter redistribution; not rupture proof
F06,F,06,PLD3_TMEM106B_mCherry_primary,site0,25,"260305_day25_iNeurons_WellF06_Channel405nm Binned,561nm Binned,488nm Binned_Seq0049.nd2",561nm Binned,488nm Binned,4,whole_field_foreground,stable_channel,514229,6531824.0,5591859.0,11.117966651916504,939965.0,711,0.001382652475839786,73.99942877725206,12.0,5.949007675811387,5.949007675811387,screening metric for punctate-to-diffuse reporter redistribution; not rupture proof
F06,F,06,PLD3_TMEM106B_mCherry_primary,site0,29,"260309_Day29_WellF06_Channel405nm Binned,561nm Binned,488nm Binned_Seq0049.nd2",561nm Binned,488nm Binned,5,whole_field_foreground,stable_channel,704569,12628085.0,10685701.0,15.5067720413208,1942384.0,983,0.0013951791804615373,113.09816892513302,12.0,5.501332898126477,5.501332898126477,screening metric for punctate-to-diffuse reporter redistribution; not rupture proof
F06,F,06,PLD3_TMEM106B_mCherry_primary,site0,32,"260312_Day32_WellF06_Channel405nm Binned,561 nm,488nm Binned_Seq0049.nd2",561nm Binned,488nm Binned,6,whole_field_foreground,stable_channel,758266,13076230.0,10874638.0,14.670536994934082,2201592.0,1052,0.0013873759340371488,116.53219783623409,13.0,4.9394429122176415,4.9394429122176415,screening metric for punctate-to-diffuse reporter redistribution; not rupture proof
F06,F,06,PLD3_TMEM106B_mCherry_primary,site0,36,"260316_Day36_WellF06_Channel405nm Binned,561nm Binned,488nm Binned_Seq0049.nd2",561nm Binned,488nm Binned,7,whole_field_foreground,stable_channel,825542,16626071.0,13971181.0,17.310346603393555,2654890.0,1118,0.001354261806181449,127.19559189074795,12.0,5.2624330951545035,5.2624330951545035,screening metric for punctate-to-diffuse reporter redistribution; not rupture proof
F06,F,06,PLD3_TMEM106B_mCherry_primary,site0,39,"260319_Day39_WellF06_Channel405nm Binned,561nm Binned,488nm Binned_Seq0049.nd2",561nm Binned,488nm Binned,8,whole_field_foreground,stable_channel,897709,16787268.0,13882974.0,15.819539070129395,2904295.0,1153,0.0012843805732132747,125.5003347173527,13.0,4.78015284259871,4.78015284259871,screening metric for punctate-to-diffuse reporter redistribution; not rupture proof
F14,F,14,PLD3_TMEM106B_mCherry_primary,site0,8,"260216_Day8_iNeurons_WellF14_Channel405nm Binned,561nm Binned,488nm Binned_Seq0057.nd2",561nm Binned,488nm Binned,0,whole_field_foreground,stable_channel,255700,5519383.0,4255258.0,17.048377990722656,1264125.0,288,0.001126319906135603,194.05699631902905,18.0,3.3661686937578432,3.3661686937578432,screening metric for punctate-to-diffuse reporter redistribution; not rupture proof
F14,F,14,PLD3_TMEM106B_mCherry_primary,site0,12,"260220_Day12_WellF14_Channel405nm Binned,561nm Binned,488nm Binned_Seq0057.nd2",561nm Binned,488nm Binned,1,whole_field_foreground,stable_channel,230385,4310059.0,3575703.0,15.888270378112793,734356.0,255,0.0011068428934127357,121.64593178244198,17.0,4.869168359753486,4.869168359753486,screening metric for punctate-to-diffuse reporter redistribution; not rupture proof
F14,F,14,PLD3_TMEM106B_mCherry_primary,site0,16,"260224_day16_WellF14_Channel405nm Binned,561nm Binned,488nm Binned_Seq0057.nd2",561nm Binned,488nm Binned,2,whole_field_foreground,stable_channel,248581,4830370.0,3946408.0,16.261709213256836,883962.0,240,0.0009654800648441937,135.3548786799113,20.0,4.464454354367649,4.464454354367649,screening metric for punctate-to-diffuse reporter redistribution; not rupture proof
F14,F,14,PLD3_TMEM106B_mCherry_primary,site0,20,"260228_day20_WellF14_Channel405nm Binned,561nm Binned,488nm Binned_Seq0057.nd2",561nm Binned,488nm Binned,3,whole_field_foreground,stable_channel,307377,5208478.0,4249671.0,14.15528392791748,958807.0,334,0.0010866135071879593,117.24481399901613,15.5,4.432248617287492,4.432248617287492,screening metric for punctate-to-diffuse reporter redistribution; not rupture proof
F14,F,14,PLD3_TMEM106B_mCherry_primary,site0,25,"260305_day25_iNeurons_WellF14_Channel405nm Binned,561nm Binned,488nm Binned_Seq0057.nd2",561nm Binned,488nm Binned,4,whole_field_foreground,stable_channel,601086,5853212.0,4961240.0,8.448172569274902,891972.0,613,0.001019820791033197,51.633918759095536,14.0,5.56210284627145,5.56210284627145,screening metric for punctate-to-diffuse reporter redistribution; not rupture proof
F14,F,14,PLD3_TMEM106B_mCherry_primary,site0,29,"260309_Day29_WellF14_Channel405nm Binned,561nm Binned,488nm Binned_Seq0057.nd2",561nm Binned,488nm Binned,5,whole_field_foreground,stable_channel,233269,4383784.0,3750576.0,16.43468475341797,633208.0,350,0.001500413685481138,114.03469528198242,11.0,5.923134262349934,5.923134262349934,screening metric for punctate-to-diffuse reporter redistribution; not rupture proof
F14,F,14,PLD3_TMEM106B_mCherry_primary,site0,32,"260312_Day32_WellF14_Channel405nm Binned,561 nm,488nm Binned_Seq0057.nd2",561nm Binned,488nm Binned,6,whole_field_foreground,stable_channel,248275,5596800.0,4815876.0,19.830007553100586,780924.0,369,0.0014862551606022103,129.06644421088987,11.0,6.166894601771533,6.166894601771533,screening metric for punctate-to-diffuse reporter redistribution; not rupture proof
F14,F,14,PLD3_TMEM106B_mCherry_primary,site0,36,"260316_Day36_WellF14_Channel405nm Binned,561nm Binned,488nm Binned_Seq0057.nd2",561nm Binned,488nm Binned,7,whole_field_foreground,stable_channel,353240,6680924.0,5604965.0,16.2277889251709,1075959.0,460,0.0013022307779376565,122.99308741196342,13.0,5.209273773438198,5.209273773438198,screening metric for punctate-to-diffuse reporter redistribution; not rupture proof
F14,F,14,PLD3_TMEM106B_mCherry_primary,site0,39,"260319_Day39_WellF14_Channel405nm Binned,561nm Binned,488nm Binned_Seq0057.nd2",561nm Binned,488nm Binned,8,whole_field_foreground,stable_channel,318524,5598315.0,4669674.0,14.998198509216309,928641.0,420,0.0013185819592830726,116.5677651814052,13.0,5.028502941389592,5.028502941389592,screening metric for punctate-to-diffuse reporter redistribution; not rupture proof
F15,F,15,PLD3_TMEM106B_mCherry_primary,site0,8,"260216_Day8_iNeurons_WellF15_Channel405nm Binned,561nm Binned,488nm Binned_Seq0058.nd2",561nm Binned,488nm Binned,0,whole_field_foreground,stable_channel,281687,6132068.0,4708357.0,17.12503433227539,1423711.0,298,0.0010579117957127666,193.9433713311317,20.5,3.3071016519481082,3.3071016519481082,screening metric for punctate-to-diffuse reporter redistribution; not rupture proof
F15,F,15,PLD3_TMEM106B_mCherry_primary,site0,12,"260220_Day12_WellF15_Channel405nm Binned,561nm Binned,488nm Binned_Seq0058.nd2",561nm Binned,488nm Binned,1,whole_field_foreground,stable_channel,278531,5572120.0,4540317.0,16.69013214111328,1031803.0,295,0.001059128068326114,139.6024714324434,17.0,4.4003719702264865,4.4003719702264865,screening metric for punctate-to-diffuse reporter redistribution; not rupture proof
F15,F,15,PLD3_TMEM106B_mCherry_primary,site0,16,"260224_day16_WellF15_Channel405nm Binned,561nm Binned,488nm Binned_Seq0058.nd2",561nm Binned,488nm Binned,2,whole_field_foreground,stable_channel,294648,5865523.0,4832985.0,16.800682067871094,1032538.0,296,0.0010045885259665614,131.92319626421542,17.0,4.680684875515786,4.680684875515786,screening metric for punctate-to-diffuse reporter redistribution; not rupture proof
F15,F,15,PLD3_TMEM106B_mCherry_primary,site0,20,"260228_day20_WellF15_Channel405nm Binned,561nm Binned,488nm Binned_Seq0058.nd2",561nm Binned,488nm Binned,3,whole_field_foreground,stable_channel,412332,5482331.0,4429315.0,11.000136375427246,1053016.0,344,0.0008342791730915032,93.43466268583785,18.0,4.206313104450259,4.206313104450259,screening metric for punctate-to-diffuse reporter redistribution; not rupture proof
F15,F,15,PLD3_TMEM106B_mCherry_primary,site0,25,"260305_day25_iNeurons_WellF15_Channel405nm Binned,561nm Binned,488nm Binned_Seq0058.nd2",561nm Binned,488nm Binned,4,whole_field_foreground,stable_channel,264004,3970017.0,3448971.0,13.353250503540039,521046.0,373,0.0014128573809434218,82.24212167857479,12.0,6.619321518624806,6.619321518624806,screening metric for punctate-to-diffuse reporter redistribution; not rupture proof
F15,F,15,PLD3_TMEM106B_mCherry_primary,site0,29,"260309_Day29_WellF15_Channel405nm Binned,561nm Binned,488nm Binned_Seq0058.nd2",561nm Binned,488nm Binned,5,whole_field_foreground,stable_channel,286482,6205016.0,5327281.0,19.006725311279297,877735.0,439,0.0015323824882487124,130.37756283353835,11.0,6.069350088573351,6.069350088573351,screening metric for punctate-to-diffuse reporter redistribution; not rupture proof
F15,F,15,PLD3_TMEM106B_mCherry_primary,site0,32,"260312_Day32_WellF15_Channel405nm Binned,561 nm,488nm Binned_Seq0058.nd2",561nm Binned,488nm Binned,6,whole_field_foreground,stable_channel,290960,5675339.0,4806893.0,16.8851318359375,868446.0,398,0.0013678856200117957,124.41080714470178,11.5,5.535051114282828,5.535051114282828,screening metric for punctate-to-diffuse reporter redistribution; not rupture proof
F15,F,15,PLD3_TMEM106B_mCherry_primary,site0,36,"260316_Day36_WellF15_Channel405nm Binned,561nm Binned,488nm Binned_Seq0058.nd2",561nm Binned,488nm Binned,7,whole_field_foreground,stable_channel,327744,6893574.0,5744222.0,17.92582130432129,1149352.0,421,0.0012845391525053561,137.01421390633118,12.0,4.997791799200769,4.997791799200769,screening metric for punctate-to-diffuse reporter redistribution; not rupture proof
F15,F,15,PLD3_TMEM106B_mCherry_primary,site0,39,"260319_Day39_WellF15_Channel405nm Binned,561nm Binned,488nm Binned_Seq0058.nd2",561nm Binned,488nm Binned,8,whole_field_foreground,stable_channel,315727,6119795.0,4990930.0,16.168306350708008,1128865.0,372,0.0011782330937766543,137.9424320959276,13.0,4.421192968154366,4.421192968154366,screening metric for punctate-to-diffuse reporter redistribution; not rupture proof
F16,F,16,PLD3_TMEM106B_mCherry_primary,site0,8,"260216_Day8_iNeurons_WellF16_Channel405nm Binned,561nm Binned,488nm Binned_Seq0059.nd2",561nm Binned,488nm Binned,0,whole_field_foreground,stable_channel,142430,2891924.0,2253557.0,16.205411911010742,638367.0,149,0.0010461279224808948,172.9087719501265,21.0,3.5301903137168273,3.5301903137168273,screening metric for punctate-to-diffuse reporter redistribution; not rupture proof
F16,F,16,PLD3_TMEM106B_mCherry_primary,site0,12,"260220_Day12_WellF16_Channel405nm Binned,561nm Binned,488nm Binned_Seq0059.nd2",561nm Binned,488nm Binned,1,whole_field_foreground,stable_channel,120187,2166690.0,1783008.0,15.18422794342041,383682.0,133,0.0011066088678383969,118.89397436156308,14.0,4.647098378332455,4.647098378332455,screening metric for punctate-to-diffuse reporter redistribution; not rupture proof
F16,F,16,PLD3_TMEM106B_mCherry_primary,site0,16,"260224_day16_WellF16_Channel405nm Binned,561nm Binned,488nm Binned_Seq0059.nd2",561nm Binned,488nm Binned,2,whole_field_foreground,stable_channel,131809,2859301.0,2382146.0,18.497507095336914,477155.0,133,0.0010090358017964703,141.59599843419585,16.0,4.992394504919801,4.992394504919801,screening metric for punctate-to-diffuse reporter redistribution; not rupture proof
F16,F,16,PLD3_TMEM106B_mCherry_primary,site0,20,"260228_day20_WellF16_Channel405nm Binned,561nm Binned,488nm Binned_Seq0059.nd2",561nm Binned,488nm Binned,3,whole_field_foreground,stable_channel,163844,3238490.0,2706711.0,16.905954360961914,531779.0,175,0.0010680891579730226,127.95554042271205,16.0,5.089917051998875,5.089917051998875,screening metric for punctate-to-diffuse reporter redistribution; not rupture proof
F16,F,16,PLD3_TMEM106B_mCherry_primary,site0,25,"260305_day25_iNeurons_WellF16_Channel405nm Binned,561nm Binned,488nm Binned_Seq0059.nd2",561nm Binned,488nm Binned,4,whole_field_foreground,stable_channel,99917,1596962.0,1391776.0,14.229965209960938,205186.0,138,0.0013811463514578988,88.52347683561021,11.0,6.782996890593008,6.782996890593008,screening metric for punctate-to-diffuse reporter redistribution; not rupture proof
F16,F,16,PLD3_TMEM106B_mCherry_primary,site0,29,"260309_Day29_WellF16_Channel405nm Binned,561nm Binned,488nm Binned_Seq0059.nd2",561nm Binned,488nm Binned,5,whole_field_foreground,stable_channel,116983,2361834.0,2024146.0,17.683382034301758,337688.0,161,0.0013762683466710867,121.37958000609594,12.0,5.99413067682004,5.99413067682004,screening metric for punctate-to-diffuse reporter redistribution; not rupture proof
F16,F,16,PLD3_TMEM106B_mCherry_primary,site0,32,"260312_Day32_WellF16_Channel405nm Binned,561 nm,488nm Binned_Seq0059.nd2",561nm Binned,488nm Binned,6,whole_field_foreground,stable_channel,142040,2769651.0,2350839.0,16.930416107177734,418812.0,188,0.0013235708251103661,116.7276293977778,13.0,5.613112804777291,5.613112804777291,screening metric for punctate-to-diffuse reporter redistribution; not rupture proof
F16,F,16,PLD3_TMEM106B_mCherry_primary,site0,36,"260316_Day36_WellF16_Channel405nm Binned,561nm Binned,488nm Binned_Seq0059.nd2",561nm Binned,488nm Binned,7,whole_field_foreground,stable_channel,150576,2973598.0,2486198.0,16.88706398010254,487400.0,196,0.0013016682605375247,130.4571367769825,13.0,5.10093967992388,5.10093967992388,screening metric for punctate-to-diffuse reporter redistribution; not rupture proof
F16,F,16,PLD3_TMEM106B_mCherry_primary,site0,39,"260319_Day39_WellF16_Channel405nm Binned,561nm Binned,488nm Binned_Seq0059.nd2",561nm Binned,488nm Binned,8,whole_field_foreground,stable_channel,154507,3212129.0,2698091.0,17.85420036315918,514038.0,210,0.0013591617208193857,132.2076160975865,12.0,5.248816235365384,5.248816235365384,screening metric for punctate-to-diffuse reporter redistribution; not rupture proof
F17,F,17,PLD3_TMEM106B_mCherry_primary,site0,8,"260216_Day8_iNeurons_WellF17_Channel405nm Binned,561nm Binned,488nm Binned_Seq0060.nd2",561nm Binned,488nm Binned,0,whole_field_foreground,stable_channel,170693,3535334.0,2685023.0,16.119197845458984,850311.0,176,0.0010310909058893387,185.10182900862262,20.0,3.157695243266102,3.157695243266102,screening metric for punctate-to-diffuse reporter redistribution; not rupture proof
F17,F,17,PLD3_TMEM106B_mCherry_primary,site0,12,"260220_Day12_WellF17_Channel405nm Binned,561nm Binned,488nm Binned_Seq0060.nd2",561nm Binned,488nm Binned,1,whole_field_foreground,stable_channel,161918,2643432.0,2079810.0,13.15719223022461,563622.0,161,0.0009943304635618379,126.13567172222255,19.0,3.690079521374804,3.690079521374804,screening metric for punctate-to-diffuse reporter redistribution; not rupture proof
F17,F,17,PLD3_TMEM106B_mCherry_primary,site0,16,"260224_day16_WellF17_Channel405nm Binned,561nm Binned,488nm Binned_Seq0060.nd2",561nm Binned,488nm Binned,2,whole_field_foreground,stable_channel,165215,2940164.0,2312973.0,14.341617584228516,627191.0,148,0.0008958024392404091,137.29303937344937,20.0,3.687828747536735,3.687828747536735,screening metric for punctate-to-diffuse reporter redistribution; not rupture proof
F17,F,17,PLD3_TMEM106B_mCherry_primary,site0,20,"260228_day20_WellF17_Channel405nm Binned,561nm Binned,488nm Binned_Seq0060.nd2",561nm Binned,488nm Binned,3,whole_field_foreground,stable_channel,202476,3706375.0,3106700.0,15.707301139831543,599675.0,212,0.0010470376735956506,116.37414867473099,16.0,5.180639513060941,5.180639513060941,screening metric for punctate-to-diffuse reporter redistribution; not rupture proof
F17,F,17,PLD3_TMEM106B_mCherry_primary,site0,25,"260305_day25_iNeurons_WellF17_Channel405nm Binned,561nm Binned,488nm Binned_Seq0060.nd2",561nm Binned,488nm Binned,4,whole_field_foreground,stable_channel,116421,1442806.0,1245422.0,10.933865547180176,197384.0,169,0.0014516281426765652,68.79798333884696,12.0,6.309640092376739,6.309640092376739,screening metric for punctate-to-diffuse reporter redistribution; not rupture proof
F17,F,17,PLD3_TMEM106B_mCherry_primary,site0,29,"260309_Day29_WellF17_Channel405nm Binned,561nm Binned,488nm Binned_Seq0060.nd2",561nm Binned,488nm Binned,5,whole_field_foreground,stable_channel,174633,3027833.0,2572250.0,15.056309700012207,455583.0,257,0.0014716577050072341,108.31009740866575,12.0,5.64606229818574,5.64606229818574,screening metric for punctate-to-diffuse reporter redistribution; not rupture proof
F17,F,17,PLD3_TMEM106B_mCherry_primary,site0,32,"260312_Day32_WellF17_Channel405nm Binned,561 nm,488nm Binned_Seq0060.nd2",561nm Binned,488nm Binned,6,whole_field_foreground,stable_channel,204700,3789974.0,3185892.0,15.918953895568848,604082.0,275,0.0013434294088844972,112.10598442771219,12.0,5.273939630703656,5.273939630703656,screening metric for punctate-to-diffuse reporter redistribution; not rupture proof
F17,F,17,PLD3_TMEM106B_mCherry_primary,site0,36,"260316_Day36_WellF17_Channel405nm Binned,561nm Binned,488nm Binned_Seq0060.nd2",561nm Binned,488nm Binned,7,whole_field_foreground,stable_channel,192908,3779730.0,3171574.0,16.814800262451172,608156.0,264,0.0013685280029787851,130.28021049499512,13.0,5.21506652897412,5.21506652897412,screening metric for punctate-to-diffuse reporter redistribution; not rupture proof
F17,F,17,PLD3_TMEM106B_mCherry_primary,site0,39,"260319_Day39_WellF17_Channel405nm Binned,561nm Binned,488nm Binned_Seq0060.nd2",561nm Binned,488nm Binned,8,whole_field_foreground,stable_channel,223985,3712832.0,3039978.0,13.880480766296387,672854.0,295,0.001317052481187057,119.70435992741989,13.0,4.518035116080877,4.518035116080877,screening metric for punctate-to-diffuse reporter redistribution; not rupture proof
F18,F,18,PLD3_TMEM106B_mCherry_primary,site0,8,"260216_Day8_iNeurons_WellF18_Channel405nm Binned,561nm Binned,488nm Binned_Seq0061.nd2",561nm Binned,488nm Binned,0,whole_field_foreground,stable_channel,139063,2853653.0,2215507.0,16.321455001831055,638146.0,152,0.0010930297778626015,170.5557269548115,18.5,3.4717870205196433,3.4717870205196433,screening metric for punctate-to-diffuse reporter redistribution; not rupture proof
F18,F,18,PLD3_TMEM106B_mCherry_primary,site0,12,"260220_Day12_WellF18_Channel405nm Binned,561nm Binned,488nm Binned_Seq0061.nd2",561nm Binned,488nm Binned,1,whole_field_foreground,stable_channel,138520,2361507.0,1910900.0,14.131576538085938,450607.0,137,0.0009890268553206104,117.63121416969021,18.0,4.240724178709517,4.240724178709517,screening metric for punctate-to-diffuse reporter redistribution; not rupture proof
F18,F,18,PLD3_TMEM106B_mCherry_primary,site0,16,"260224_day16_WellF18_Channel405nm Binned,561nm Binned,488nm Binned_Seq0061.nd2",561nm Binned,488nm Binned,2,whole_field_foreground,stable_channel,123892,2482785.0,2066309.0,17.074535369873047,416476.0,119,0.0009605139960533327,124.42167676396731,18.0,4.961411942092794,4.961411942092794,screening metric for punctate-to-diffuse reporter redistribution; not rupture proof
F18,F,18,PLD3_TMEM106B_mCherry_primary,site0,20,"260228_day20_WellF18_Channel405nm Binned,561nm Binned,488nm Binned_Seq0061.nd2",561nm Binned,488nm Binned,3,whole_field_foreground,stable_channel,143916,2740062.0,2275078.0,16.181900024414062,464984.0,171,0.001188193112640789,126.94839910317583,14.0,4.892809214930207,4.892809214930207,screening metric for punctate-to-diffuse reporter redistribution; not rupture proof
F18,F,18,PLD3_TMEM106B_mCherry_primary,site0,25,"260305_day25_iNeurons_WellF18_Channel405nm Binned,561nm Binned,488nm Binned_Seq0061.nd2",561nm Binned,488nm Binned,4,whole_field_foreground,stable_channel,81285,1080242.0,936750.0,11.791473388671875,143492.0,107,0.0013163560312318835,67.97032436477804,14.0,6.52823850802464,6.52823850802464,screening metric for punctate-to-diffuse reporter redistribution; not rupture proof
F18,F,18,PLD3_TMEM106B_mCherry_primary,site0,29,"260309_Day29_WellF18_Channel405nm Binned,561nm Binned,488nm Binned_Seq0061.nd2",561nm Binned,488nm Binned,5,whole_field_foreground,stable_channel,130371,2334534.0,1984562.0,15.569588661193848,349972.0,195,0.0014957314126493183,111.98470650697365,12.0,5.670630793304405,5.670630793304405,screening metric for punctate-to-diffuse reporter redistribution; not rupture proof
F18,F,18,PLD3_TMEM106B_mCherry_primary,site0,32,"260312_Day32_WellF18_Channel405nm Binned,561 nm,488nm Binned_Seq0061.nd2",561nm Binned,488nm Binned,6,whole_field_foreground,stable_channel,146987,2931433.0,2499339.0,17.378122329711914,432094.0,196,0.001333451257585137,124.65540971561354,13.0,5.784248334839678,5.784248334839678,screening metric for punctate-to-diffuse reporter redistribution; not rupture proof
F18,F,18,PLD3_TMEM106B_mCherry_primary,site0,36,"260316_Day36_WellF18_Channel405nm Binned,561nm Binned,488nm Binned_Seq0061.nd2",561nm Binned,488nm Binned,7,whole_field_foreground,stable_channel,141775,2810798.0,2347565.0,16.929513931274414,463233.0,195,0.0013754187973805294,132.73621297983024,12.0,5.067784462667669,5.067784462667669,screening metric for punctate-to-diffuse reporter redistribution; not rupture proof
F18,F,18,PLD3_TMEM106B_mCherry_primary,site0,39,"260319_Day39_WellF18_Channel405nm Binned,561nm Binned,488nm Binned_Seq0061.nd2",561nm Binned,488nm Binned,8,whole_field_foreground,stable_channel,134068,2676729.0,2266086.0,17.285831451416016,410643.0,180,0.0013426022615289062,125.71051866743299,12.0,5.51838458221492,5.51838458221492,screening metric for punctate-to-diffuse reporter redistribution; not rupture proof
F20,F,20,PLD3_TMEM106B_mCherry_primary,site0,8,"260216_Day8_iNeurons_WellF20_Channel405nm Binned,561nm Binned,488nm Binned_Seq0063.nd2",561nm Binned,488nm Binned,0,whole_field_foreground,stable_channel,71806,1452938.0,1129626.0,16.11610221862793,323312.0,85,0.0011837450909229906,172.62624341179344,17.0,3.4939191864097405,3.4939191864097405,screening metric for punctate-to-diffuse reporter redistribution; not rupture proof
F20,F,20,PLD3_TMEM106B_mCherry_primary,site0,12,"260220_Day12_WellF20_Channel405nm Binned,561nm Binned,488nm Binned_Seq0063.nd2",561nm Binned,488nm Binned,1,whole_field_foreground,stable_channel,73080,1140955.0,906843.0,12.710673332214355,234112.0,68,0.0009304871373709568,115.82782150717343,22.0,3.873543432186844,3.873543432186844,screening metric for punctate-to-diffuse reporter redistribution; not rupture proof
F20,F,20,PLD3_TMEM106B_mCherry_primary,site0,16,"260224_day16_WellF20_Channel405nm Binned,561nm Binned,488nm Binned_Seq0063.nd2",561nm Binned,488nm Binned,2,whole_field_foreground,stable_channel,80710,1544124.0,1262750.0,16.02779769897461,281374.0,83,0.0010283731879441411,131.50014128167945,19.0,4.487799156977944,4.487799156977944,screening metric for punctate-to-diffuse reporter redistribution; not rupture proof
F20,F,20,PLD3_TMEM106B_mCherry_primary,site0,20,"260228_day20_WellF20_Channel405nm Binned,561nm Binned,488nm Binned_Seq0063.nd2",561nm Binned,488nm Binned,3,whole_field_foreground,stable_channel,73433,1231297.0,1020125.0,14.220544815063477,211172.0,73,0.0009941034684543175,116.90457853552414,17.0,4.830777754603684,4.830777754603684,screening metric for punctate-to-diffuse reporter redistribution; not rupture proof
F20,F,20,PLD3_TMEM106B_mCherry_primary,site0,25,"260305_day25_iNeurons_WellF20_Channel405nm Binned,561nm Binned,488nm Binned_Seq0063.nd2",561nm Binned,488nm Binned,4,whole_field_foreground,stable_channel,45469,566322.0,489761.0,11.005370140075684,76561.0,56,0.0012316083485180759,69.51311847141811,12.0,6.397003696315396,6.397003696315396,screening metric for punctate-to-diffuse reporter redistribution; not rupture proof
F20,F,20,PLD3_TMEM106B_mCherry_primary,site0,29,"260309_Day29_WellF20_Channel405nm Binned,561nm Binned,488nm Binned_Seq0063.nd2",561nm Binned,488nm Binned,5,whole_field_foreground,stable_channel,78802,1310935.0,1085943.0,14.089981079101562,224992.0,96,0.001218243191781703,113.5880157550176,13.5,4.826584945221045,4.826584945221045,screening metric for punctate-to-diffuse reporter redistribution; not rupture proof
F20,F,20,PLD3_TMEM106B_mCherry_primary,site0,32,"260312_Day32_WellF20_Channel405nm Binned,561 nm,488nm Binned_Seq0063.nd2",561nm Binned,488nm Binned,6,whole_field_foreground,stable_channel,125189,2004149.0,1750886.0,14.296798706054688,253263.0,160,0.001278067561836279,83.44159665107728,12.0,6.9133114588119335,6.9133114588119335,screening metric for punctate-to-diffuse reporter redistribution; not rupture proof
F20,F,20,PLD3_TMEM106B_mCherry_primary,site0,36,"260316_Day36_WellF20_Channel405nm Binned,561nm Binned,488nm Binned_Seq0063.nd2",561nm Binned,488nm Binned,7,whole_field_foreground,stable_channel,71953,1368953.0,1157181.0,16.443069458007812,211772.0,101,0.0014036940780592375,114.39883475728554,12.0,5.464277619300643,5.464277619300643,screening metric for punctate-to-diffuse reporter redistribution; not rupture proof
F20,F,20,PLD3_TMEM106B_mCherry_primary,site0,39,"260319_Day39_WellF20_Channel405nm Binned,561nm Binned,488nm Binned_Seq0063.nd2",561nm Binned,488nm Binned,8,whole_field_foreground,stable_channel,119580,2401242.0,2123922.0,18.155351638793945,277320.0,168,0.0014049172102240767,98.39743682316372,12.0,7.65874080481877,7.65874080481877,screening metric for punctate-to-diffuse reporter redistribution; not rupture proof
F19,F,19,PLD3_TMEM106B_mCherry_primary,site0,8,"260216_Day8_iNeurons_WellF19_Channel405nm Binned,561nm Binned,488nm Binned_Seq0062.nd2",561nm Binned,488nm Binned,0,whole_field_foreground,stable_channel,244361,4892823.0,3740335.0,15.685311317443848,1152488.0,250,0.0010230765138421307,177.5119201660156,20.0,3.245443770344467,3.245443770344467,screening metric for punctate-to-diffuse reporter redistribution; not rupture proof
F19,F,19,PLD3_TMEM106B_mCherry_primary,site0,12,"260220_Day12_WellF19_Channel405nm Binned,561nm Binned,488nm Binned_Seq0062.nd2",561nm Binned,488nm Binned,1,whole_field_foreground,stable_channel,233786,4373762.0,3581621.0,15.692551612854004,792141.0,248,0.001060799192419303,125.23352315348964,17.0,4.521443783361142,4.521443783361142,screening metric for punctate-to-diffuse reporter redistribution; not rupture proof
F19,F,19,PLD3_TMEM106B_mCherry_primary,site0,16,"260224_day16_WellF19_Channel405nm Binned,561nm Binned,488nm Binned_Seq0062.nd2",561nm Binned,488nm Binned,2,whole_field_foreground,stable_channel,257639,4988661.0,4163357.0,16.54180335998535,825304.0,249,0.0009664685858858074,122.16436592929334,17.0,5.0446344619618415,5.0446344619618415,screening metric for punctate-to-diffuse reporter redistribution; not rupture proof
F19,F,19,PLD3_TMEM106B_mCherry_primary,site0,20,"260228_day20_WellF19_Channel405nm Binned,561nm Binned,488nm Binned_Seq0062.nd2",561nm Binned,488nm Binned,3,whole_field_foreground,stable_channel,225987,4431531.0,3759590.0,17.02627944946289,671941.0,254,0.0011239584577824213,117.84061700715793,14.0,5.595119214327456,5.595119214327456,screening metric for punctate-to-diffuse reporter redistribution; not rupture proof
F19,F,19,PLD3_TMEM106B_mCherry_primary,site0,25,"260305_day25_iNeurons_WellF19_Channel405nm Binned,561nm Binned,488nm Binned_Seq0062.nd2",561nm Binned,488nm Binned,4,whole_field_foreground,stable_channel,183579,2971830.0,2606821.0,14.512007713317871,365009.0,252,0.0013727060284598309,80.77272109379844,12.0,7.141799243286763,7.141799243286763,screening metric for punctate-to-diffuse reporter redistribution; not rupture proof
F19,F,19,PLD3_TMEM106B_mCherry_primary,site0,29,"260309_Day29_WellF19_Channel405nm Binned,561nm Binned,488nm Binned_Seq0062.nd2",561nm Binned,488nm Binned,5,whole_field_foreground,stable_channel,218807,4228196.0,3614408.0,16.880449295043945,613788.0,308,0.001407633210996871,116.606723773015,12.0,5.888691209333046,5.888691209333046,screening metric for punctate-to-diffuse reporter redistribution; not rupture proof
F19,F,19,PLD3_TMEM106B_mCherry_primary,site0,32,"260312_Day32_WellF19_Channel405nm Binned,561 nm,488nm Binned_Seq0062.nd2",561nm Binned,488nm Binned,6,whole_field_foreground,stable_channel,267552,4691634.0,3926614.0,15.011369705200195,765020.0,364,0.0013604831957848922,112.90910709297265,12.0,5.13269457006989,5.13269457006989,screening metric for punctate-to-diffuse reporter redistribution; not rupture proof
F19,F,19,PLD3_TMEM106B_mCherry_primary,site0,36,"260316_Day36_WellF19_Channel405nm Binned,561nm Binned,488nm Binned_Seq0062.nd2",561nm Binned,488nm Binned,7,whole_field_foreground,stable_channel,282100,5316880.0,4376096.0,15.867435455322266,940784.0,322,0.0011414392059512887,129.3888227095515,14.0,4.651541692880989,4.651541692880989,screening metric for punctate-to-diffuse reporter redistribution; not rupture proof
F19,F,19,PLD3_TMEM106B_mCherry_primary,site0,39,"260319_Day39_WellF19_Channel405nm Binned,561nm Binned,488nm Binned_Seq0062.nd2",561nm Binned,488nm Binned,8,whole_field_foreground,stable_channel,291843,5068359.0,4285374.0,15.019957542419434,782985.0,385,0.001319202447886983,106.65909682434875,12.0,5.473124006200026,5.473124006200026,screening metric for punctate-to-diffuse reporter redistribution; not rupture proof
I06,I,06,PLD3_mCherry_reporter_control,site0,8,"260216_Day8_iNeurons_WellI06_Channel405nm Binned,561nm Binned,488nm Binned_Seq0097.nd2",561nm Binned,488nm Binned,0,whole_field_foreground,stable_channel,108240,2687017.0,1937108.0,18.33063316345215,749909.0,113,0.0010439763488447526,267.6122571556969,19.0,2.5831240857189566,2.5831240857189566,screening metric for punctate-to-diffuse reporter redistribution; not rupture proof
I06,I,06,PLD3_mCherry_reporter_control,site0,12,"260220_Day12_WellI06_Channel405nm Binned,561nm Binned,488nm Binned_Seq0097.nd2",561nm Binned,488nm Binned,1,whole_field_foreground,stable_channel,103585,2081435.0,1538083.0,15.21047306060791,543352.0,107,0.001032968093826008,191.28423402019752,17.0,2.8307303552709278,2.8307303552709278,screening metric for punctate-to-diffuse reporter redistribution; not rupture proof
I06,I,06,PLD3_mCherry_reporter_control,site0,16,"260224_day16_WellI06_Channel405nm Binned,561nm Binned,488nm Binned_Seq0097.nd2",561nm Binned,488nm Binned,2,whole_field_foreground,stable_channel,110379,3684055.0,2720054.0,25.234752655029297,964001.0,131,0.001186819956683909,348.4261686601712,16.0,2.821629853078138,2.821629853078138,screening metric for punctate-to-diffuse reporter redistribution; not rupture proof
I06,I,06,PLD3_mCherry_reporter_control,site0,20,"260228_day20_WellI06_Channel405nm Binned,561nm Binned,488nm Binned_Seq0097.nd2",561nm Binned,488nm Binned,3,whole_field_foreground,stable_channel,142199,5160839.0,3979489.0,28.633949279785156,1181350.0,170,0.0011955077039838852,338.05813051111556,14.0,3.3685944047036283,3.3685944047036283,screening metric for punctate-to-diffuse reporter redistribution; not rupture proof
I06,I,06,PLD3_mCherry_reporter_control,site0,25,"260305_day25_iNeurons_WellI06_Channel405nm Binned,561nm Binned,488nm Binned_Seq0097.nd2",561nm Binned,488nm Binned,4,whole_field_foreground,stable_channel,70297,2259677.0,1852266.0,26.93382453918457,407411.0,103,0.001465211886688405,247.00026473258305,11.0,4.5464309996427525,4.5464309996427525,screening metric for punctate-to-diffuse reporter redistribution; not rupture proof
I06,I,06,PLD3_mCherry_reporter_control,site0,29,"260309_Day29_WellI06_Channel405nm Binned,561nm Binned,488nm Binned_Seq0097.nd2",561nm Binned,488nm Binned,5,whole_field_foreground,stable_channel,123810,4879347.0,3803023.0,31.41073226928711,1076324.0,179,0.001445763670128053,361.182159679562,13.0,3.533344048814731,3.533344048814731,screening metric for punctate-to-diffuse reporter redistribution; not rupture proof
I06,I,06,PLD3_mCherry_reporter_control,site0,32,"260312_Day32_WellI06_Channel405nm Binned,561 nm,488nm Binned_Seq0097.nd2",561nm Binned,488nm Binned,6,whole_field_foreground,stable_channel,138362,5681523.0,4342914.0,32.1200065612793,1338609.0,207,0.0014960755120517477,369.5584078434009,12.0,3.2443484243694427,3.2443484243694427,screening metric for punctate-to-diffuse reporter redistribution; not rupture proof
I06,I,06,PLD3_mCherry_reporter_control,site0,36,"260316_Day36_WellI06_Channel405nm Binned,561nm Binned,488nm Binned_Seq0097.nd2",561nm Binned,488nm Binned,7,whole_field_foreground,stable_channel,130440,5467407.0,4147954.0,32.558509826660156,1319453.0,193,0.0014796074823560288,399.4174518486379,13.0,3.1436921208992334,3.1436921208992334,screening metric for punctate-to-diffuse reporter redistribution; not rupture proof
I06,I,06,PLD3_mCherry_reporter_control,site0,39,"260319_Day39_WellI06_Channel405nm Binned,561nm Binned,488nm Binned_Seq0097.nd2",561nm Binned,488nm Binned,8,whole_field_foreground,stable_channel,147378,7075012.0,5551185.0,38.51806640625,1523827.0,216,0.00146561902046801,417.8537498050266,12.0,3.6429233764701356,3.6429233764701356,screening metric for punctate-to-diffuse reporter redistribution; not rupture proof
I05,I,05,PLD3_mCherry_reporter_control,site0,8,"260216_Day8_iNeurons_WellI05_Channel405nm Binned,561nm Binned,488nm Binned_Seq0096.nd2",561nm Binned,488nm Binned,0,whole_field_foreground,stable_channel,199070,4909681.0,3530758.0,18.16495132446289,1378923.0,219,0.001100115537242678,273.2238543088033,18.0,2.560518607636133,2.560518607636133,screening metric for punctate-to-diffuse reporter redistribution; not rupture proof
I05,I,05,PLD3_mCherry_reporter_control,site0,12,"260220_Day12_WellI05_Channel405nm Binned,561nm Binned,488nm Binned_Seq0096.nd2",561nm Binned,488nm Binned,1,whole_field_foreground,stable_channel,190945,4226994.0,3128711.0,16.7863712310791,1098283.0,183,0.0009583911597530263,212.08872623130924,20.0,2.848729334786345,2.848729334786345,screening metric for punctate-to-diffuse reporter redistribution; not rupture proof
I05,I,05,PLD3_mCherry_reporter_control,site0,16,"260224_day16_WellI05_Channel405nm Binned,561nm Binned,488nm Binned_Seq0096.nd2",561nm Binned,488nm Binned,2,whole_field_foreground,stable_channel,259461,8629941.0,6373303.0,25.15522575378418,2256638.0,276,0.0010637436840177763,336.3095317232436,17.0,2.824246954982224,2.824246954982224,screening metric for punctate-to-diffuse reporter redistribution; not rupture proof
I05,I,05,PLD3_mCherry_reporter_control,site0,20,"260228_day20_WellI05_Channel405nm Binned,561nm Binned,488nm Binned_Seq0096.nd2",561nm Binned,488nm Binned,3,whole_field_foreground,stable_channel,224184,7908002.0,5983362.0,27.312183380126953,1924640.0,276,0.0012311315704901726,346.7243513024372,14.0,3.1088213899726136,3.1088213899726136,screening metric for punctate-to-diffuse reporter redistribution; not rupture proof
I05,I,05,PLD3_mCherry_reporter_control,site0,25,"260305_day25_iNeurons_WellI05_Channel405nm Binned,561nm Binned,488nm Binned_Seq0096.nd2",561nm Binned,488nm Binned,4,whole_field_foreground,stable_channel,167242,5153424.0,4197181.0,25.647146224975586,956243.0,273,0.001632365075748721,246.793454683744,11.0,4.389241019276074,4.389241019276074,screening metric for punctate-to-diffuse reporter redistribution; not rupture proof
I05,I,05,PLD3_mCherry_reporter_control,site0,29,"260309_Day29_WellI05_Channel405nm Binned,561nm Binned,488nm Binned_Seq0096.nd2",561nm Binned,488nm Binned,5,whole_field_foreground,stable_channel,213873,8386535.0,6533029.0,31.250436782836914,1853506.0,314,0.0014681610114345048,343.9203458652375,12.0,3.5246872683425226,3.5246872683425226,screening metric for punctate-to-diffuse reporter redistribution; not rupture proof
I05,I,05,PLD3_mCherry_reporter_control,site0,32,"260312_Day32_WellI05_Channel405nm Binned,561 nm,488nm Binned_Seq0096.nd2",561nm Binned,488nm Binned,6,whole_field_foreground,stable_channel,184110,7555866.0,5885674.0,32.70382308959961,1670192.0,262,0.0014230622997043992,360.20192473899317,12.0,3.5239505398160667,3.5239505398160667,screening metric for punctate-to-diffuse reporter redistribution; not rupture proof
I05,I,05,PLD3_mCherry_reporter_control,site0,36,"260316_Day36_WellI05_Channel405nm Binned,561nm Binned,488nm Binned_Seq0096.nd2",561nm Binned,488nm Binned,7,whole_field_foreground,stable_channel,214453,8689274.0,6717043.0,32.04680633544922,1972231.0,270,0.0012590171272900868,362.01466318766273,13.5,3.405809461466022,3.405809461466022,screening metric for punctate-to-diffuse reporter redistribution; not rupture proof
I05,I,05,PLD3_mCherry_reporter_control,site0,39,"260319_Day39_WellI05_Channel405nm Binned,561nm Binned,488nm Binned_Seq0096.nd2",561nm Binned,488nm Binned,8,whole_field_foreground,stable_channel,296322,12310063.0,9402176.0,32.46865463256836,2907887.0,379,0.0012790140455272339,385.0020432686114,14.0,3.2333360959338404,3.2333360959338404,screening metric for punctate-to-diffuse reporter redistribution; not rupture proof
I07,I,07,PLD3_mCherry_reporter_control,site0,8,"260216_Day8_iNeurons_WellI07_Channel405nm Binned,561nm Binned,488nm Binned_Seq0098.nd2",561nm Binned,488nm Binned,0,whole_field_foreground,stable_channel,242677,5636419.0,4050964.0,17.099241256713867,1585455.0,259,0.001067262245696678,255.43170189581323,18.0,2.555079772051206,2.555079772051206,screening metric for punctate-to-diffuse reporter redistribution; not rupture proof
I07,I,07,PLD3_mCherry_reporter_control,site0,12,"260220_Day12_WellI07_Channel405nm Binned,561nm Binned,488nm Binned_Seq0098.nd2",561nm Binned,488nm Binned,1,whole_field_foreground,stable_channel,256520,5399599.0,3988644.0,15.927753448486328,1410955.0,240,0.0009355995633832231,202.23320763905843,19.0,2.8269108511590892,2.8269108511590892,screening metric for punctate-to-diffuse reporter redistribution; not rupture proof
I07,I,07,PLD3_mCherry_reporter_control,site0,16,"260224_day16_WellI07_Channel405nm Binned,561nm Binned,488nm Binned_Seq0098.nd2",561nm Binned,488nm Binned,2,whole_field_foreground,stable_channel,258630,7304566.0,5168982.0,20.472593307495117,2135584.0,259,0.0010014306151606488,310.9688297993428,17.0,2.420406783342439,2.420406783342439,screening metric for punctate-to-diffuse reporter redistribution; not rupture proof
I07,I,07,PLD3_mCherry_reporter_control,site0,20,"260228_day20_WellI07_Channel405nm Binned,561nm Binned,488nm Binned_Seq0098.nd2",561nm Binned,488nm Binned,3,whole_field_foreground,stable_channel,264321,9217152.0,6953850.0,26.933176040649414,2263302.0,317,0.0011992993367867127,336.85640555300546,14.0,3.0724357597867753,3.0724357597867753,screening metric for punctate-to-diffuse reporter redistribution; not rupture proof
I07,I,07,PLD3_mCherry_reporter_control,site0,25,"260305_day25_iNeurons_WellI07_Channel405nm Binned,561nm Binned,488nm Binned_Seq0098.nd2",561nm Binned,488nm Binned,4,whole_field_foreground,stable_channel,163586,4534205.0,3569924.0,22.3138370513916,964281.0,222,0.0013570843470629694,242.41473034695463,13.0,3.7021615068598237,3.7021615068598237,screening metric for punctate-to-diffuse reporter redistribution; not rupture proof
I07,I,07,PLD3_mCherry_reporter_control,site0,29,"260309_Day29_WellI07_Channel405nm Binned,561nm Binned,488nm Binned_Seq0098.nd2",561nm Binned,488nm Binned,5,whole_field_foreground,stable_channel,255213,9705764.0,7528453.0,30.18625831604004,2177311.0,384,0.001504625548065715,337.41790219148,12.0,3.4576838127380713,3.4576838127380713,screening metric for punctate-to-diffuse reporter redistribution; not rupture proof
I07,I,07,PLD3_mCherry_reporter_control,site0,32,"260312_Day32_WellI07_Channel405nm Binned,561 nm,488nm Binned_Seq0098.nd2",561nm Binned,488nm Binned,6,whole_field_foreground,stable_channel,268902,10187644.0,7850549.0,29.870895385742188,2337095.0,366,0.0013610906575579167,340.6651977789207,14.0,3.3591056418316936,3.3591056418316936,screening metric for punctate-to-diffuse reporter redistribution; not rupture proof
I07,I,07,PLD3_mCherry_reporter_control,site0,36,"260316_Day36_WellI07_Channel405nm Binned,561nm Binned,488nm Binned_Seq0098.nd2",561nm Binned,488nm Binned,7,whole_field_foreground,stable_channel,329953,14575806.0,11086600.0,34.38057327270508,3489206.0,447,0.0013547384021319559,417.64974255316474,13.0,3.1773990988198526,3.1773990988198526,screening metric for punctate-to-diffuse reporter redistribution; not rupture proof
I07,I,07,PLD3_mCherry_reporter_control,site0,39,"260319_Day39_WellI07_Channel405nm Binned,561nm Binned,488nm Binned_Seq0098.nd2",561nm Binned,488nm Binned,8,whole_field_foreground,stable_channel,260858,11264690.0,8901083.0,34.90593338012695,2363607.0,359,0.0013762276794218454,367.3449363177201,13.0,3.7658895916267956,3.7658895916267956,screening metric for punctate-to-diffuse reporter redistribution; not rupture proof
I10,I,10,PLD3_mCherry_reporter_control,site0,8,"260216_Day8_iNeurons_WellI10_Channel405nm Binned,561nm Binned,488nm Binned_Seq0101.nd2",561nm Binned,488nm Binned,0,whole_field_foreground,stable_channel,53997,1173611.0,847616.0,16.076473236083984,325995.0,52,0.0009630164638597882,225.38594377957858,19.0,2.600088958411632,2.600088958411632,screening metric for punctate-to-diffuse reporter redistribution; not rupture proof
I10,I,10,PLD3_mCherry_reporter_control,site0,12,"260220_Day12_WellI10_Channel405nm Binned,561nm Binned,488nm Binned_Seq0101.nd2",561nm Binned,488nm Binned,1,whole_field_foreground,stable_channel,58635,1490394.0,1154384.0,20.152999877929688,336010.0,64,0.0010914982518787158,217.96633505821228,15.0,3.435564417715438,3.435564417715438,screening metric for punctate-to-diffuse reporter redistribution; not rupture proof
I10,I,10,PLD3_mCherry_reporter_control,site0,16,"260224_day16_WellI10_Channel405nm Binned,561nm Binned,488nm Binned_Seq0101.nd2",561nm Binned,488nm Binned,2,whole_field_foreground,stable_channel,45385,1465119.0,959475.0,21.67178726196289,505644.0,29,0.0006389776357686685,406.6962890625,40.0,1.8975306737509048,1.8975306737509048,screening metric for punctate-to-diffuse reporter redistribution; not rupture proof
I10,I,10,PLD3_mCherry_reporter_control,site0,20,"260228_day20_WellI10_Channel405nm Binned,561nm Binned,488nm Binned_Seq0101.nd2",561nm Binned,488nm Binned,3,whole_field_foreground,stable_channel,53716,1254399.0,836521.0,15.958050727844238,417878.0,44,0.0008191227939381353,277.37890625,18.5,2.001830677848554,2.001830677848554,screening metric for punctate-to-diffuse reporter redistribution; not rupture proof
I10,I,10,PLD3_mCherry_reporter_control,site0,25,"260305_day25_iNeurons_WellI10_Channel405nm Binned,561nm Binned,488nm Binned_Seq0101.nd2",561nm Binned,488nm Binned,4,whole_field_foreground,stable_channel,60311,1703177.0,1369577.0,23.205303192138672,333600.0,98,0.0016249108785855828,241.34394260328642,12.0,4.105446642673544,4.105446642673544,screening metric for punctate-to-diffuse reporter redistribution; not rupture proof
I10,I,10,PLD3_mCherry_reporter_control,site0,29,"260309_Day29_WellI10_Channel405nm Binned,561nm Binned,488nm Binned_Seq0101.nd2",561nm Binned,488nm Binned,5,whole_field_foreground,stable_channel,79463,3478118.0,2700335.0,34.74797821044922,777783.0,115,0.0014472144268219524,405.4577696427055,13.0,3.471835974811134,3.471835974811134,screening metric for punctate-to-diffuse reporter redistribution; not rupture proof
I10,I,10,PLD3_mCherry_reporter_control,site0,32,"260312_Day32_WellI10_Channel405nm Binned,561 nm,488nm Binned_Seq0101.nd2",561nm Binned,488nm Binned,6,whole_field_foreground,stable_channel,102813,5213689.0,4101476.0,40.796905517578125,1112213.0,162,0.0015756762276990686,454.2436745726032,12.0,3.68767133633244,3.68767133633244,screening metric for punctate-to-diffuse reporter redistribution; not rupture proof
I10,I,10,PLD3_mCherry_reporter_control,site0,36,"260316_Day36_WellI10_Channel405nm Binned,561nm Binned,488nm Binned_Seq0101.nd2",561nm Binned,488nm Binned,7,whole_field_foreground,stable_channel,48250,1770060.0,1292302.0,27.406570434570312,477758.0,56,0.0011606217616339767,368.2923194340297,14.0,2.7049301110547495,2.7049301110547495,screening metric for punctate-to-diffuse reporter redistribution; not rupture proof
I10,I,10,PLD3_mCherry_reporter_control,site0,39,"260319_Day39_WellI10_Channel405nm Binned,561nm Binned,488nm Binned_Seq0101.nd2",561nm Binned,488nm Binned,8,whole_field_foreground,stable_channel,99026,5903635.0,4573512.0,47.23238754272461,1330123.0,145,0.0014642619109984827,526.4686289820178,12.0,3.438412838509342,3.438412838509342,screening metric for punctate-to-diffuse reporter redistribution; not rupture proof
I08,I,08,PLD3_mCherry_reporter_control,site0,8,"260216_Day8_iNeurons_WellI08_Channel405nm Binned,561nm Binned,488nm Binned_Seq0099.nd2",561nm Binned,488nm Binned,0,whole_field_foreground,stable_channel,207244,5057009.0,3615320.0,17.875324249267578,1441689.0,235,0.001133929088412046,268.32905851323557,18.0,2.5076975686139606,2.5076975686139606,screening metric for punctate-to-diffuse reporter redistribution; not rupture proof
I08,I,08,PLD3_mCherry_reporter_control,site0,12,"260220_Day12_WellI08_Channel405nm Binned,561nm Binned,488nm Binned_Seq0099.nd2",561nm Binned,488nm Binned,1,whole_field_foreground,stable_channel,234749,5090968.0,3721984.0,16.237180709838867,1368984.0,232,0.000988289619972872,220.97935798250396,19.0,2.7187929150357353,2.7187929150357353,screening metric for punctate-to-diffuse reporter redistribution; not rupture proof
I08,I,08,PLD3_mCherry_reporter_control,site0,16,"260224_day16_WellI08_Channel405nm Binned,561nm Binned,488nm Binned_Seq0099.nd2",561nm Binned,488nm Binned,2,whole_field_foreground,stable_channel,239664,8108605.0,5895631.0,25.193496704101562,2212974.0,254,0.0010598170772370492,352.17134809118556,16.0,2.664121223293783,2.664121223293783,screening metric for punctate-to-diffuse reporter redistribution; not rupture proof
I08,I,08,PLD3_mCherry_reporter_control,site0,20,"260228_day20_WellI08_Channel405nm Binned,561nm Binned,488nm Binned_Seq0099.nd2",561nm Binned,488nm Binned,3,whole_field_foreground,stable_channel,313404,9690947.0,7189351.0,23.490543365478516,2501596.0,346,0.001104006330483644,307.17728565194017,16.0,2.873905698600864,2.873905698600864,screening metric for punctate-to-diffuse reporter redistribution; not rupture proof
I08,I,08,PLD3_mCherry_reporter_control,site0,25,"260305_day25_iNeurons_WellI08_Channel405nm Binned,561nm Binned,488nm Binned_Seq0099.nd2",561nm Binned,488nm Binned,4,whole_field_foreground,stable_channel,130533,3891270.0,3107100.0,24.339250564575195,784170.0,187,0.0014325879279459403,240.978885752632,12.0,3.9622785875461157,3.9622785875461157,screening metric for punctate-to-diffuse reporter redistribution; not rupture proof
I08,I,08,PLD3_mCherry_reporter_control,site0,29,"260309_Day29_WellI08_Channel405nm Binned,561nm Binned,488nm Binned_Seq0099.nd2",561nm Binned,488nm Binned,5,whole_field_foreground,stable_channel,187070,8048530.0,6403086.0,35.00312042236328,1645444.0,289,0.0015448762495240023,355.16454777173107,11.0,3.891403171421275,3.891403171421275,screening metric for punctate-to-diffuse reporter redistribution; not rupture proof
I08,I,08,PLD3_mCherry_reporter_control,site0,32,"260312_Day32_WellI08_Channel405nm Binned,561 nm,488nm Binned_Seq0099.nd2",561nm Binned,488nm Binned,6,whole_field_foreground,stable_channel,205146,8514142.0,6556436.0,32.681034088134766,1957706.0,292,0.0014233765220797705,374.06489860848205,12.0,3.3490401520946715,3.3490401520946715,screening metric for punctate-to-diffuse reporter redistribution; not rupture proof
I08,I,08,PLD3_mCherry_reporter_control,site0,36,"260316_Day36_WellI08_Channel405nm Binned,561nm Binned,488nm Binned_Seq0099.nd2",561nm Binned,488nm Binned,7,whole_field_foreground,stable_channel,234931,9675259.0,7322819.0,31.89325523376465,2352440.0,294,0.0012514312713041214,388.3553581497296,14.0,3.112861114416048,3.112861114416048,screening metric for punctate-to-diffuse reporter redistribution; not rupture proof
I08,I,08,PLD3_mCherry_reporter_control,site0,39,"260319_Day39_WellI08_Channel405nm Binned,561nm Binned,488nm Binned_Seq0099.nd2",561nm Binned,488nm Binned,8,whole_field_foreground,stable_channel,230390,10458599.0,8153311.0,36.19591522216797,2305288.0,297,0.0012891184513160764,390.28261239922006,14.0,3.5367862930776823,3.5367862930776823,screening metric for punctate-to-diffuse reporter redistribution; not rupture proof
I12,I,12,PLD3_mCherry_reporter_control,site0,8,"260216_Day8_iNeurons_WellI12_Channel405nm Binned,561nm Binned,488nm Binned_Seq0103.nd2",561nm Binned,488nm Binned,0,whole_field_foreground,stable_channel,100296,2627643.0,1932717.0,19.732877731323242,694926.0,112,0.0011166945840201336,272.042192867824,19.0,2.7811838958352673,2.7811838958352673,screening metric for punctate-to-diffuse reporter redistribution; not rupture proof
I12,I,12,PLD3_mCherry_reporter_control,site0,12,"260220_Day12_WellI12_Channel405nm Binned,561nm Binned,488nm Binned_Seq0103.nd2",561nm Binned,488nm Binned,1,whole_field_foreground,stable_channel,85634,1982284.0,1547036.0,18.490617752075195,435248.0,85,0.0009925963986151226,190.7286252190085,19.0,3.5543781935734238,3.5543781935734238,screening metric for punctate-to-diffuse reporter redistribution; not rupture proof
I12,I,12,PLD3_mCherry_reporter_control,site0,16,"260224_day16_WellI12_Channel405nm Binned,561nm Binned,488nm Binned_Seq0103.nd2",561nm Binned,488nm Binned,2,whole_field_foreground,stable_channel,117727,3891041.0,2780022.0,24.183778762817383,1111019.0,114,0.0009683420115948904,363.787856654117,19.0,2.5022272346354995,2.5022272346354995,screening metric for punctate-to-diffuse reporter redistribution; not rupture proof
I12,I,12,PLD3_mCherry_reporter_control,site0,20,"260228_day20_WellI12_Channel405nm Binned,561nm Binned,488nm Binned_Seq0103.nd2",561nm Binned,488nm Binned,3,whole_field_foreground,stable_channel,121733,4379165.0,3315667.0,27.87094497680664,1063498.0,154,0.0012650637049833238,354.54007611955916,14.0,3.1176993280635057,3.1176993280635057,screening metric for punctate-to-diffuse reporter redistribution; not rupture proof
I12,I,12,PLD3_mCherry_reporter_control,site0,25,"260305_day25_iNeurons_WellI12_Channel405nm Binned,561nm Binned,488nm Binned_Seq0103.nd2",561nm Binned,488nm Binned,4,whole_field_foreground,stable_channel,74908,2224533.0,1766245.0,24.108280181884766,458288.0,114,0.0015218668232829357,256.61498099879213,11.0,3.854006650831237,3.854006650831237,screening metric for punctate-to-diffuse reporter redistribution; not rupture proof
I12,I,12,PLD3_mCherry_reporter_control,site0,29,"260309_Day29_WellI12_Channel405nm Binned,561nm Binned,488nm Binned_Seq0103.nd2",561nm Binned,488nm Binned,5,whole_field_foreground,stable_channel,100879,3907952.0,3111250.0,31.53443145751953,796702.0,148,0.0014671041544675593,327.3455051731419,11.0,3.9051615283959307,3.9051615283959307,screening metric for punctate-to-diffuse reporter redistribution; not rupture proof
I12,I,12,PLD3_mCherry_reporter_control,site0,32,"260312_Day32_WellI12_Channel405nm Binned,561 nm,488nm Binned_Seq0103.nd2",561nm Binned,488nm Binned,6,whole_field_foreground,stable_channel,116197,4304350.0,3292717.0,28.999990463256836,1011633.0,151,0.0012995171992280395,344.9176598353102,13.0,3.2548532916549235,3.2548532916549235,screening metric for punctate-to-diffuse reporter redistribution; not rupture proof
I12,I,12,PLD3_mCherry_reporter_control,site0,36,"260316_Day36_WellI12_Channel405nm Binned,561nm Binned,488nm Binned_Seq0103.nd2",561nm Binned,488nm Binned,7,whole_field_foreground,stable_channel,105346,4581253.0,3381717.0,32.852935791015625,1199536.0,133,0.0012625064074453468,433.1387280915913,14.0,2.8191875858641846,2.8191875858641846,screening metric for punctate-to-diffuse reporter redistribution; not rupture proof
I12,I,12,PLD3_mCherry_reporter_control,site0,39,"260319_Day39_WellI12_Channel405nm Binned,561nm Binned,488nm Binned_Seq0103.nd2",561nm Binned,488nm Binned,8,whole_field_foreground,stable_channel,106866,4956032.0,3773889.0,36.15009307861328,1182143.0,149,0.001394269458935543,432.26211803871513,14.0,3.1924132697963,3.1924132697963,screening metric for punctate-to-diffuse reporter redistribution; not rupture proof
I09,I,09,PLD3_mCherry_reporter_control,site0,8,"260216_Day8_iNeurons_WellI09_Channel405nm Binned,561nm Binned,488nm Binned_Seq0100.nd2",561nm Binned,488nm Binned,0,whole_field_foreground,stable_channel,254954,6438217.0,4614587.0,18.538881301879883,1823630.0,299,0.0011727605764131068,275.97192234817555,16.0,2.530440385383806,2.530440385383806,screening metric for punctate-to-diffuse reporter redistribution; not rupture proof
I09,I,09,PLD3_mCherry_reporter_control,site0,12,"260220_Day12_WellI09_Channel405nm Binned,561nm Binned,488nm Binned_Seq0100.nd2",561nm Binned,488nm Binned,1,whole_field_foreground,stable_channel,256648,6287541.0,4571248.0,18.2415771484375,1716293.0,265,0.0010325426264727075,252.48030427176997,19.0,2.6634426639258777,2.6634426639258777,screening metric for punctate-to-diffuse reporter redistribution; not rupture proof
I09,I,09,PLD3_mCherry_reporter_control,site0,16,"260224_day16_WellI09_Channel405nm Binned,561nm Binned,488nm Binned_Seq0100.nd2",561nm Binned,488nm Binned,2,whole_field_foreground,stable_channel,267040,10129863.0,7446847.0,28.56404685974121,2683016.0,295,0.001104703415214557,391.6920784643141,17.0,2.7755507235131005,2.7755507235131005,screening metric for punctate-to-diffuse reporter redistribution; not rupture proof
I09,I,09,PLD3_mCherry_reporter_control,site0,20,"260228_day20_WellI09_Channel405nm Binned,561nm Binned,488nm Binned_Seq0100.nd2",561nm Binned,488nm Binned,3,whole_field_foreground,stable_channel,300752,11235522.0,8500552.0,28.921607971191406,2734970.0,383,0.0012734744906059694,368.4635916528129,13.0,3.108096980952951,3.108096980952951,screening metric for punctate-to-diffuse reporter redistribution; not rupture proof
I09,I,09,PLD3_mCherry_reporter_control,site0,25,"260305_day25_iNeurons_WellI09_Channel405nm Binned,561nm Binned,488nm Binned_Seq0100.nd2",561nm Binned,488nm Binned,4,whole_field_foreground,stable_channel,202349,5634028.0,4470484.0,22.581737518310547,1163544.0,306,0.0015122387558055032,242.02588025261375,11.0,3.842127156339733,3.842127156339733,screening metric for punctate-to-diffuse reporter redistribution; not rupture proof
I09,I,09,PLD3_mCherry_reporter_control,site0,29,"260309_Day29_WellI09_Channel405nm Binned,561nm Binned,488nm Binned_Seq0100.nd2",561nm Binned,488nm Binned,5,whole_field_foreground,stable_channel,267071,10984331.0,8604412.0,32.95421600341797,2379919.0,414,0.001550149585684892,362.7006485796205,12.0,3.615422205544132,3.615422205544132,screening metric for punctate-to-diffuse reporter redistribution; not rupture proof
I09,I,09,PLD3_mCherry_reporter_control,site0,32,"260312_Day32_WellI09_Channel405nm Binned,561 nm,488nm Binned_Seq0100.nd2",561nm Binned,488nm Binned,6,whole_field_foreground,stable_channel,309260,14015059.0,10799697.0,35.71647262573242,3215362.0,447,0.0014453857595503933,421.11502795464776,13.0,3.358781064152852,3.358781064152852,screening metric for punctate-to-diffuse reporter redistribution; not rupture proof
I09,I,09,PLD3_mCherry_reporter_control,site0,36,"260316_Day36_WellI09_Channel405nm Binned,561nm Binned,488nm Binned_Seq0100.nd2",561nm Binned,488nm Binned,7,whole_field_foreground,stable_channel,336650,14372613.0,11047820.0,33.58704376220703,3324793.0,485,0.001440665379469952,388.51104371375646,13.0,3.322859498319648,3.322859498319648,screening metric for punctate-to-diffuse reporter redistribution; not rupture proof
I09,I,09,PLD3_mCherry_reporter_control,site0,39,"260319_Day39_WellI09_Channel405nm Binned,561nm Binned,488nm Binned_Seq0100.nd2",561nm Binned,488nm Binned,8,whole_field_foreground,stable_channel,320298,14794843.0,11258269.0,35.97316360473633,3536574.0,430,0.0013424997970597928,434.6068959080896,14.0,3.183382844526035,3.183382844526035,screening metric for punctate-to-diffuse reporter redistribution; not rupture proof
I13,I,13,PLD3_mCherry_reporter_control,site0,8,"260216_Day8_iNeurons_WellI13_Channel405nm Binned,561nm Binned,488nm Binned_Seq0104.nd2",561nm Binned,488nm Binned,0,whole_field_foreground,stable_channel,258525,6236220.0,4457435.0,17.657123565673828,1778785.0,293,0.0011333526738182638,270.22655898474994,18.0,2.5058874456426685,2.5058874456426685,screening metric for punctate-to-diffuse reporter redistribution; not rupture proof
I13,I,13,PLD3_mCherry_reporter_control,site0,12,"260220_Day12_WellI13_Channel405nm Binned,561nm Binned,488nm Binned_Seq0104.nd2",561nm Binned,488nm Binned,1,whole_field_foreground,stable_channel,254469,7218490.0,5232049.0,21.062406539916992,1986441.0,267,0.00104924371927013,290.54278438725277,18.0,2.633880895529928,2.633880895529928,screening metric for punctate-to-diffuse reporter redistribution; not rupture proof
I13,I,13,PLD3_mCherry_reporter_control,site0,16,"260224_day16_WellI13_Channel405nm Binned,561nm Binned,488nm Binned_Seq0104.nd2",561nm Binned,488nm Binned,2,whole_field_foreground,stable_channel,274465,11292230.0,8577685.0,31.99542236328125,2714545.0,317,0.0011549742225742626,387.5499465412898,15.0,3.1598978834378655,3.1598978834378655,screening metric for punctate-to-diffuse reporter redistribution; not rupture proof
I13,I,13,PLD3_mCherry_reporter_control,site0,20,"260228_day20_WellI13_Channel405nm Binned,561nm Binned,488nm Binned_Seq0104.nd2",561nm Binned,488nm Binned,3,whole_field_foreground,stable_channel,273328,9735415.0,7319231.0,27.414697647094727,2416184.0,331,0.001210999239005111,348.6850465157961,14.0,3.029252325152791,3.029252325152791,screening metric for punctate-to-diffuse reporter redistribution; not rupture proof
I13,I,13,PLD3_mCherry_reporter_control,site0,25,"260305_day25_iNeurons_WellI13_Channel405nm Binned,561nm Binned,488nm Binned_Seq0104.nd2",561nm Binned,488nm Binned,4,whole_field_foreground,stable_channel,175285,4643635.0,3688494.0,21.509260177612305,955141.0,267,0.0015232335910002383,227.63708158914517,11.0,3.8617272214219036,3.8617272214219036,screening metric for punctate-to-diffuse reporter redistribution; not rupture proof
I13,I,13,PLD3_mCherry_reporter_control,site0,29,"260309_Day29_WellI13_Channel405nm Binned,561nm Binned,488nm Binned_Seq0104.nd2",561nm Binned,488nm Binned,5,whole_field_foreground,stable_channel,256659,11312323.0,8978001.0,35.76892852783203,2334322.0,406,0.0015818654323379196,377.66295462171433,11.0,3.8460850730945237,3.8460850730945237,screening metric for punctate-to-diffuse reporter redistribution; not rupture proof
I13,I,13,PLD3_mCherry_reporter_control,site0,32,"260312_Day32_WellI13_Channel405nm Binned,561 nm,488nm Binned_Seq0104.nd2",561nm Binned,488nm Binned,6,whole_field_foreground,stable_channel,261189,12522552.0,9689378.0,37.95112609863281,2833174.0,387,0.0014816856758842,434.09439792682343,12.0,3.4199727937629603,3.4199727937629603,screening metric for punctate-to-diffuse reporter redistribution; not rupture proof
I13,I,13,PLD3_mCherry_reporter_control,site0,36,"260316_Day36_WellI13_Channel405nm Binned,561nm Binned,488nm Binned_Seq0104.nd2",561nm Binned,488nm Binned,7,whole_field_foreground,stable_channel,250154,13357958.0,10295351.0,42.11156463623047,3062607.0,360,0.0014391135060745016,486.4209578620063,13.0,3.3616298140756027,3.3616298140756027,screening metric for punctate-to-diffuse reporter redistribution; not rupture proof
I13,I,13,PLD3_mCherry_reporter_control,site0,39,"260319_Day39_WellI13_Channel405nm Binned,561nm Binned,488nm Binned_Seq0104.nd2",561nm Binned,488nm Binned,8,whole_field_foreground,stable_channel,287268,14492810.0,11001202.0,39.20389938354492,3491608.0,398,0.0013854658367747697,471.1297783396352,13.0,3.1507551821386737,3.1507551821386737,screening metric for punctate-to-diffuse reporter redistribution; not rupture proof
I14,I,14,PLD3_mCherry_reporter_control,site0,8,"260216_Day8_iNeurons_WellI14_Channel405nm Binned,561nm Binned,488nm Binned_Seq0105.nd2",561nm Binned,488nm Binned,0,whole_field_foreground,stable_channel,241455,5376939.0,3732126.0,15.83348274230957,1644813.0,254,0.0010519558509823695,264.2203857542023,19.0,2.269027542947272,2.269027542947272,screening metric for punctate-to-diffuse reporter redistribution; not rupture proof
I14,I,14,PLD3_mCherry_reporter_control,site0,12,"260220_Day12_WellI14_Channel405nm Binned,561nm Binned,488nm Binned_Seq0105.nd2",561nm Binned,488nm Binned,1,whole_field_foreground,stable_channel,206044,4457325.0,3226294.0,16.040679931640625,1231031.0,197,0.0009561064626926476,217.334048702027,19.0,2.6208064622234364,2.6208064622234364,screening metric for punctate-to-diffuse reporter redistribution; not rupture proof
I14,I,14,PLD3_mCherry_reporter_control,site0,16,"260224_day16_WellI14_Channel405nm Binned,561nm Binned,488nm Binned_Seq0105.nd2",561nm Binned,488nm Binned,2,whole_field_foreground,stable_channel,226315,7309033.0,5138804.0,23.252506256103516,2170229.0,222,0.0009809336544153904,358.8904951628264,18.0,2.367862561968176,2.367862561968176,screening metric for punctate-to-diffuse reporter redistribution; not rupture proof
I14,I,14,PLD3_mCherry_reporter_control,site0,20,"260228_day20_WellI14_Channel405nm Binned,561nm Binned,488nm Binned_Seq0105.nd2",561nm Binned,488nm Binned,3,whole_field_foreground,stable_channel,228670,7879847.0,5748549.0,25.738773345947266,2131298.0,260,0.0011370096645771767,359.0700301537147,15.0,2.6972056465108603,2.6972056465108603,screening metric for punctate-to-diffuse reporter redistribution; not rupture proof
I14,I,14,PLD3_mCherry_reporter_control,site0,25,"260305_day25_iNeurons_WellI14_Channel405nm Binned,561nm Binned,488nm Binned_Seq0105.nd2",561nm Binned,488nm Binned,4,whole_field_foreground,stable_channel,222181,5705981.0,4504996.0,20.742094039916992,1200985.0,310,0.001395258820504925,215.29336023638325,12.0,3.751084318285615,3.751084318285615,screening metric for punctate-to-diffuse reporter redistribution; not rupture proof
I14,I,14,PLD3_mCherry_reporter_control,site0,29,"260309_Day29_WellI14_Channel405nm Binned,561nm Binned,488nm Binned_Seq0105.nd2",561nm Binned,488nm Binned,5,whole_field_foreground,stable_channel,253184,10533261.0,8222804.0,33.20962905883789,2310457.0,378,0.001492985338720089,380.25236353798516,12.0,3.5589513243468467,3.5589513243468467,screening metric for punctate-to-diffuse reporter redistribution; not rupture proof
I14,I,14,PLD3_mCherry_reporter_control,site0,32,"260312_Day32_WellI14_Channel405nm Binned,561 nm,488nm Binned_Seq0105.nd2",561nm Binned,488nm Binned,6,whole_field_foreground,stable_channel,274471,10130430.0,7661581.0,28.567415237426758,2468849.0,365,0.0013298308382257876,352.5867893166738,14.0,3.103300768899555,3.103300768899555,screening metric for punctate-to-diffuse reporter redistribution; not rupture proof
I14,I,14,PLD3_mCherry_reporter_control,site0,36,"260316_Day36_WellI14_Channel405nm Binned,561nm Binned,488nm Binned_Seq0105.nd2",561nm Binned,488nm Binned,7,whole_field_foreground,stable_channel,237324,11658932.0,9046647.0,38.990135192871094,2612285.0,347,0.0014621361514155242,446.79509134869755,12.0,3.463116390438462,3.463116390438462,screening metric for punctate-to-diffuse reporter redistribution; not rupture proof
I14,I,14,PLD3_mCherry_reporter_control,site0,39,"260319_Day39_WellI14_Channel405nm Binned,561nm Binned,488nm Binned_Seq0105.nd2",561nm Binned,488nm Binned,8,whole_field_foreground,stable_channel,399910,20062046.0,15356281.0,39.28080368041992,4705765.0,566,0.0014153184466469573,464.5404442291799,13.0,3.263291090820884,3.263291090820884,screening metric for punctate-to-diffuse reporter redistribution; not rupture proof
I15,I,15,PLD3_mCherry_reporter_control,site0,8,"260216_Day8_iNeurons_WellI15_Channel405nm Binned,561nm Binned,488nm Binned_Seq0106.nd2",561nm Binned,488nm Binned,0,whole_field_foreground,stable_channel,180176,4144239.0,2895659.0,16.465518951416016,1248580.0,186,0.0010323239499099085,263.2053213632235,18.0,2.319161767766327,2.319161767766327,screening metric for punctate-to-diffuse reporter redistribution; not rupture proof
I15,I,15,PLD3_mCherry_reporter_control,site0,12,"260220_Day12_WellI15_Channel405nm Binned,561nm Binned,488nm Binned_Seq0106.nd2",561nm Binned,488nm Binned,1,whole_field_foreground,stable_channel,168281,4294943.0,3210970.0,19.546667098999023,1083973.0,171,0.0010161574984637828,237.79417584514061,17.0,2.9622232288046266,2.9622232288046266,screening metric for punctate-to-diffuse reporter redistribution; not rupture proof
I15,I,15,PLD3_mCherry_reporter_control,site0,16,"260224_day16_WellI15_Channel405nm Binned,561nm Binned,488nm Binned_Seq0106.nd2",561nm Binned,488nm Binned,2,whole_field_foreground,stable_channel,190257,6498373.0,4737641.0,25.50794219970703,1760732.0,189,0.0009933931471588777,351.8657910382306,17.0,2.6907223813716734,2.6907223813716734,screening metric for punctate-to-diffuse reporter redistribution; not rupture proof
I15,I,15,PLD3_mCherry_reporter_control,site0,20,"260228_day20_WellI15_Channel405nm Binned,561nm Binned,488nm Binned_Seq0106.nd2",561nm Binned,488nm Binned,3,whole_field_foreground,stable_channel,169318,6663266.0,5125494.0,30.974056243896484,1537772.0,216,0.0012757060678647532,363.585836481165,14.0,3.333064979721745,3.333064979721745,screening metric for punctate-to-diffuse reporter redistribution; not rupture proof
I15,I,15,PLD3_mCherry_reporter_control,site0,25,"260305_day25_iNeurons_WellI15_Channel405nm Binned,561nm Binned,488nm Binned_Seq0106.nd2",561nm Binned,488nm Binned,4,whole_field_foreground,stable_channel,115100,3769119.0,3048821.0,27.079208374023438,720298.0,172,0.0014943527367376687,266.12869422380317,12.0,4.232721734609519,4.232721734609519,screening metric for punctate-to-diffuse reporter redistribution; not rupture proof
I15,I,15,PLD3_mCherry_reporter_control,site0,29,"260309_Day29_WellI15_Channel405nm Binned,561nm Binned,488nm Binned_Seq0106.nd2",561nm Binned,488nm Binned,5,whole_field_foreground,stable_channel,166955,7060950.0,5580383.0,34.18409729003906,1480567.0,257,0.0015393369470723289,367.5338886424261,12.0,3.7690850869945303,3.7690850869945303,screening metric for punctate-to-diffuse reporter redistribution; not rupture proof
I15,I,15,PLD3_mCherry_reporter_control,site0,32,"260312_Day32_WellI15_Channel405nm Binned,561 nm,488nm Binned_Seq0106.nd2",561nm Binned,488nm Binned,6,whole_field_foreground,stable_channel,205074,8945074.0,6982267.0,34.840087890625,1962807.0,307,0.0014970205876829973,382.67155511216157,12.0,3.557286579880978,3.557286579880978,screening metric for punctate-to-diffuse reporter redistribution; not rupture proof
I15,I,15,PLD3_mCherry_reporter_control,site0,36,"260316_Day36_WellI15_Channel405nm Binned,561nm Binned,488nm Binned_Seq0106.nd2",561nm Binned,488nm Binned,7,whole_field_foreground,stable_channel,201043,9946445.0,7643289.0,38.891998291015625,2303156.0,282,0.0014026849977298256,459.0512397712004,12.0,3.318615412936285,3.318615412936285,screening metric for punctate-to-diffuse reporter redistribution; not rupture proof
I15,I,15,PLD3_mCherry_reporter_control,site0,39,"260319_Day39_WellI15_Channel405nm Binned,561nm Binned,488nm Binned_Seq0106.nd2",561nm Binned,488nm Binned,8,whole_field_foreground,stable_channel,212662,9787975.0,7492157.0,36.04216384887695,2295818.0,294,0.0013824754775118146,427.76608494349887,13.0,3.2633932654926205,3.2633932654926205,screening metric for punctate-to-diffuse reporter redistribution; not rupture proof
I16,I,16,PLD3_mCherry_reporter_control,site0,8,"260216_Day8_iNeurons_WellI16_Channel405nm Binned,561nm Binned,488nm Binned_Seq0107.nd2",561nm Binned,488nm Binned,0,whole_field_foreground,stable_channel,195900,4961689.0,3470643.0,18.148956298828125,1491046.0,204,0.0010413476263346536,286.2697521284515,20.0,2.327656557877941,2.327656557877941,screening metric for punctate-to-diffuse reporter redistribution; not rupture proof
I16,I,16,PLD3_mCherry_reporter_control,site0,12,"260220_Day12_WellI16_Channel405nm Binned,561nm Binned,488nm Binned_Seq0107.nd2",561nm Binned,488nm Binned,1,whole_field_foreground,stable_channel,122172,3095586.0,2287049.0,19.172016143798828,808537.0,122,0.0009985921487656862,247.19495060404793,21.0,2.828626271892531,2.828626271892531,screening metric for punctate-to-diffuse reporter redistribution; not rupture proof
I16,I,16,PLD3_mCherry_reporter_control,site0,16,"260224_day16_WellI16_Channel405nm Binned,561nm Binned,488nm Binned_Seq0107.nd2",561nm Binned,488nm Binned,2,whole_field_foreground,stable_channel,204448,7789813.0,5803214.0,29.067665100097656,1986599.0,220,0.0010760682422861752,377.30798887772994,16.5,2.9211803690614357,2.9211803690614357,screening metric for punctate-to-diffuse reporter redistribution; not rupture proof
I16,I,16,PLD3_mCherry_reporter_control,site0,20,"260228_day20_WellI16_Channel405nm Binned,561nm Binned,488nm Binned_Seq0107.nd2",561nm Binned,488nm Binned,3,whole_field_foreground,stable_channel,207009,7507815.0,5618749.0,27.78944969177246,1889066.0,245,0.0011835234216812625,361.81602864168127,15.0,2.9743529341997714,2.9743529341997714,screening metric for punctate-to-diffuse reporter redistribution; not rupture proof
I16,I,16,PLD3_mCherry_reporter_control,site0,25,"260305_day25_iNeurons_WellI16_Channel405nm Binned,561nm Binned,488nm Binned_Seq0107.nd2",561nm Binned,488nm Binned,4,whole_field_foreground,stable_channel,193655,5927867.0,4630614.0,24.470306396484375,1297253.0,284,0.0014665255221839532,262.8184568378287,12.0,3.569553510376488,3.569553510376488,screening metric for punctate-to-diffuse reporter redistribution; not rupture proof
I16,I,16,PLD3_mCherry_reporter_control,site0,29,"260309_Day29_WellI16_Channel405nm Binned,561nm Binned,488nm Binned_Seq0107.nd2",561nm Binned,488nm Binned,5,whole_field_foreground,stable_channel,155695,7068046.0,5656829.0,37.155113220214844,1411217.0,238,0.0015286296926585398,378.70491066299564,12.0,4.00847566320133,4.00847566320133,screening metric for punctate-to-diffuse reporter redistribution; not rupture proof
I16,I,16,PLD3_mCherry_reporter_control,site0,32,"260312_Day32_WellI16_Channel405nm Binned,561 nm,488nm Binned_Seq0107.nd2",561nm Binned,488nm Binned,6,whole_field_foreground,stable_channel,124779,4796691.0,3857605.0,31.62152671813965,939086.0,173,0.0013864512457914678,308.92900279491624,14.0,4.107829314882654,4.107829314882654,screening metric for punctate-to-diffuse reporter redistribution; not rupture proof
I16,I,16,PLD3_mCherry_reporter_control,site0,36,"260316_Day36_WellI16_Channel405nm Binned,561nm Binned,488nm Binned_Seq0107.nd2",561nm Binned,488nm Binned,7,whole_field_foreground,stable_channel,229897,9955085.0,7484771.0,33.3245964050293,2470314.0,300,0.0013049322087660782,408.3554278564453,14.0,3.029886484065172,3.029886484065172,screening metric for punctate-to-diffuse reporter redistribution; not rupture proof
I16,I,16,PLD3_mCherry_reporter_control,site0,39,"260319_Day39_WellI16_Channel405nm Binned,561nm Binned,488nm Binned_Seq0107.nd2",561nm Binned,488nm Binned,8,whole_field_foreground,stable_channel,157820,6802440.0,5123806.0,33.22163391113281,1678634.0,221,0.001400329489282725,411.8611607616304,11.0,3.052366388383023,3.052366388383023,screening metric for punctate-to-diffuse reporter redistribution; not rupture proof
I17,I,17,PLD3_mCherry_reporter_control,site0,8,"260216_Day8_iNeurons_WellI17_Channel405nm Binned,561nm Binned,488nm Binned_Seq0108.nd2",561nm Binned,488nm Binned,0,whole_field_foreground,stable_channel,247015,6060730.0,4248835.0,17.622709274291992,1811895.0,272,0.0011011477035762964,277.9512970868279,18.0,2.34496756158478,2.34496756158478,screening metric for punctate-to-diffuse reporter redistribution; not rupture proof
I17,I,17,PLD3_mCherry_reporter_control,site0,12,"260220_Day12_WellI17_Channel405nm Binned,561nm Binned,488nm Binned_Seq0108.nd2",561nm Binned,488nm Binned,1,whole_field_foreground,stable_channel,219755,5251944.0,3786496.0,17.651016235351562,1465448.0,216,0.0009829127892380927,245.07342493975605,19.0,2.583848761605609,2.583848761605609,screening metric for punctate-to-diffuse reporter redistribution; not rupture proof
I17,I,17,PLD3_mCherry_reporter_control,site0,16,"260224_day16_WellI17_Channel405nm Binned,561nm Binned,488nm Binned_Seq0108.nd2",561nm Binned,488nm Binned,2,whole_field_foreground,stable_channel,233683,7536981.0,5457785.0,23.928836822509766,2079196.0,227,0.000971401428426666,337.19414900052914,20.0,2.624949740186772,2.624949740186772,screening metric for punctate-to-diffuse reporter redistribution; not rupture proof
I17,I,17,PLD3_mCherry_reporter_control,site0,20,"260228_day20_WellI17_Channel405nm Binned,561nm Binned,488nm Binned_Seq0108.nd2",561nm Binned,488nm Binned,3,whole_field_foreground,stable_channel,255310,9328559.0,7048713.0,28.256450653076172,2279846.0,323,0.001265128667105616,355.16151626634155,13.0,3.091749618174609,3.091749618174609,screening metric for punctate-to-diffuse reporter redistribution; not rupture proof
I17,I,17,PLD3_mCherry_reporter_control,site0,25,"260305_day25_iNeurons_WellI17_Channel405nm Binned,561nm Binned,488nm Binned_Seq0108.nd2",561nm Binned,488nm Binned,4,whole_field_foreground,stable_channel,153695,4638735.0,3708279.0,24.663162231445312,930456.0,244,0.001587559777471046,251.98809820706728,11.0,3.9854426216779886,3.9854426216779886,screening metric for punctate-to-diffuse reporter redistribution; not rupture proof
I17,I,17,PLD3_mCherry_reporter_control,site0,29,"260309_Day29_WellI17_Channel405nm Binned,561nm Binned,488nm Binned_Seq0108.nd2",561nm Binned,488nm Binned,5,whole_field_foreground,stable_channel,211202,9046853.0,7168228.0,34.692806243896484,1878625.0,308,0.001458319523482456,368.0897214319799,12.0,3.8156779559497953,3.8156779559497953,screening metric for punctate-to-diffuse reporter redistribution; not rupture proof
I17,I,17,PLD3_mCherry_reporter_control,site0,32,"260312_Day32_WellI17_Channel405nm Binned,561 nm,488nm Binned_Seq0108.nd2",561nm Binned,488nm Binned,6,whole_field_foreground,stable_channel,225132,9626913.0,7457418.0,33.888267517089844,2169495.0,329,0.0014613648881480136,379.78103382609174,12.0,3.437398104165515,3.437398104165515,screening metric for punctate-to-diffuse reporter redistribution; not rupture proof
I17,I,17,PLD3_mCherry_reporter_control,site0,36,"260316_Day36_WellI17_Channel405nm Binned,561nm Binned,488nm Binned_Seq0108.nd2",561nm Binned,488nm Binned,7,whole_field_foreground,stable_channel,278183,13350583.0,10350712.0,38.05506896972656,2999871.0,400,0.0014379023879912218,430.0879536056519,12.0,3.45038569991728,3.45038569991728,screening metric for punctate-to-diffuse reporter redistribution; not rupture proof
I17,I,17,PLD3_mCherry_reporter_control,site0,39,"260319_Day39_WellI17_Channel405nm Binned,561nm Binned,488nm Binned_Seq0108.nd2",561nm Binned,488nm Binned,8,whole_field_foreground,stable_channel,202921,9866985.0,7752760.0,39.08251953125,2114225.0,282,0.0013897033820975172,413.07954709749697,13.0,3.6669512469090724,3.6669512469090724,screening metric for punctate-to-diffuse reporter redistribution; not rupture proof
I18,I,18,PLD3_mCherry_reporter_control,site0,8,"260216_Day8_iNeurons_WellI18_Channel405nm Binned,561nm Binned,488nm Binned_Seq0109.nd2",561nm Binned,488nm Binned,0,whole_field_foreground,stable_channel,310279,7072684.0,5100970.0,16.8435001373291,1971714.0,319,0.0010281069617955837,235.85838949269262,19.0,2.587073987402541,2.587073987402541,screening metric for punctate-to-diffuse reporter redistribution; not rupture proof
I18,I,18,PLD3_mCherry_reporter_control,site0,12,"260220_Day12_WellI18_Channel405nm Binned,561nm Binned,488nm Binned_Seq0109.nd2",561nm Binned,488nm Binned,1,whole_field_foreground,stable_channel,309127,7158089.0,5250351.0,17.395118713378906,1907738.0,316,0.0010222335803698084,219.00100669377966,16.0,2.752134202913213,2.752134202913213,screening metric for punctate-to-diffuse reporter redistribution; not rupture proof
I18,I,18,PLD3_mCherry_reporter_control,site0,16,"260224_day16_WellI18_Channel405nm Binned,561nm Binned,488nm Binned_Seq0109.nd2",561nm Binned,488nm Binned,2,whole_field_foreground,stable_channel,337853,12280190.0,9060094.0,27.457077026367188,3220096.0,331,0.0009797160303416583,363.87196013574516,17.0,2.813609904796996,2.813609904796996,screening metric for punctate-to-diffuse reporter redistribution; not rupture proof
I18,I,18,PLD3_mCherry_reporter_control,site0,20,"260228_day20_WellI18_Channel405nm Binned,561nm Binned,488nm Binned_Seq0109.nd2",561nm Binned,488nm Binned,3,whole_field_foreground,stable_channel,322110,10403976.0,7776388.0,24.7182559967041,2627588.0,368,0.0011424668591439493,318.55722079069716,15.5,2.9595157231639972,2.9595157231639972,screening metric for punctate-to-diffuse reporter redistribution; not rupture proof
I18,I,18,PLD3_mCherry_reporter_control,site0,25,"260305_day25_iNeurons_WellI18_Channel405nm Binned,561nm Binned,488nm Binned_Seq0109.nd2",561nm Binned,488nm Binned,4,whole_field_foreground,stable_channel,213088,5928395.0,4704204.0,22.578805923461914,1224191.0,292,0.0013703258747495386,229.5262805207135,12.0,3.8427042838872016,3.8427042838872016,screening metric for punctate-to-diffuse reporter redistribution; not rupture proof
I18,I,18,PLD3_mCherry_reporter_control,site0,29,"260309_Day29_WellI18_Channel405nm Binned,561nm Binned,488nm Binned_Seq0109.nd2",561nm Binned,488nm Binned,5,whole_field_foreground,stable_channel,309043,11491472.0,8915867.0,29.510622024536133,2575605.0,430,0.0013913921363648703,336.4854458121366,13.0,3.461659299464219,3.461659299464219,screening metric for punctate-to-diffuse reporter redistribution; not rupture proof
I18,I,18,PLD3_mCherry_reporter_control,site0,32,"260312_Day32_WellI18_Channel405nm Binned,561 nm,488nm Binned_Seq0109.nd2",561nm Binned,488nm Binned,6,whole_field_foreground,stable_channel,289539,13564971.0,10407421.0,36.777809143066406,3157550.0,403,0.0013918677621964852,436.766117862673,13.0,3.296043134707829,3.296043134707829,screening metric for punctate-to-diffuse reporter redistribution; not rupture proof
I18,I,18,PLD3_mCherry_reporter_control,site0,36,"260316_Day36_WellI18_Channel405nm Binned,561nm Binned,488nm Binned_Seq0109.nd2",561nm Binned,488nm Binned,7,whole_field_foreground,stable_channel,328135,13824510.0,10741811.0,33.50053024291992,3082699.0,437,0.0013317689365616842,370.1738312326252,13.0,3.4845474696026164,3.4845474696026164,screening metric for punctate-to-diffuse reporter redistribution; not rupture proof
I18,I,18,PLD3_mCherry_reporter_control,site0,39,"260319_Day39_WellI18_Channel405nm Binned,561nm Binned,488nm Binned_Seq0109.nd2",561nm Binned,488nm Binned,8,whole_field_foreground,stable_channel,299625,13946600.0,10808169.0,36.90041732788086,3138431.0,397,0.0013249895702917814,412.554763255852,13.0,3.4438128478837218,3.4438128478837218,screening metric for punctate-to-diffuse reporter redistribution; not rupture proof
I11,I,11,PLD3_mCherry_reporter_control,site0,8,"260216_Day8_iNeurons_WellI11_Channel405nm Binned,561nm Binned,488nm Binned_Seq0102.nd2",561nm Binned,488nm Binned,0,whole_field_foreground,stable_channel,680776,17020384.0,12277598.0,18.47230339050293,4742786.0,778,0.0011428134951861658,271.6581877093082,17.0,2.5886890110575114,2.5886890110575114,screening metric for punctate-to-diffuse reporter redistribution; not rupture proof
I11,I,11,PLD3_mCherry_reporter_control,site0,12,"260220_Day12_WellI11_Channel405nm Binned,561nm Binned,488nm Binned_Seq0102.nd2",561nm Binned,488nm Binned,1,whole_field_foreground,stable_channel,740236,16669765.0,12279370.0,16.989248275756836,4390395.0,769,0.0010388578777565007,221.8174745338946,18.0,2.7968713521214386,2.7968713521214386,screening metric for punctate-to-diffuse reporter redistribution; not rupture proof
I11,I,11,PLD3_mCherry_reporter_control,site0,16,"260224_day16_WellI11_Channel405nm Binned,561nm Binned,488nm Binned_Seq0102.nd2",561nm Binned,488nm Binned,2,whole_field_foreground,stable_channel,728740,24718622.0,17865198.0,25.105215072631836,6853424.0,729,0.0010003567801945819,360.9829511184588,18.0,2.606755105184998,2.606755105184998,screening metric for punctate-to-diffuse reporter redistribution; not rupture proof
I11,I,11,PLD3_mCherry_reporter_control,site0,20,"260228_day20_WellI11_Channel405nm Binned,561nm Binned,488nm Binned_Seq0102.nd2",561nm Binned,488nm Binned,3,whole_field_foreground,stable_channel,705100,26846748.0,20341192.0,29.53010368347168,6505554.0,851,0.00120692100411118,364.97682622064576,14.0,3.1267424726621087,3.1267424726621087,screening metric for punctate-to-diffuse reporter redistribution; not rupture proof
I11,I,11,PLD3_mCherry_reporter_control,site0,25,"260305_day25_iNeurons_WellI11_Channel405nm Binned,561nm Binned,488nm Binned_Seq0102.nd2",561nm Binned,488nm Binned,4,whole_field_foreground,stable_channel,475853,15138469.0,12076579.0,25.94435691833496,3061890.0,712,0.001496260399742155,268.05053678791177,11.5,3.944158346640819,3.944158346640819,screening metric for punctate-to-diffuse reporter redistribution; not rupture proof
I11,I,11,PLD3_mCherry_reporter_control,site0,29,"260309_Day29_WellI11_Channel405nm Binned,561nm Binned,488nm Binned_Seq0102.nd2",561nm Binned,488nm Binned,5,whole_field_foreground,stable_channel,641903,26126002.0,20502244.0,32.66389465332031,5623757.0,931,0.001450374900878403,362.03327715716995,13.0,3.6456489851884344,3.6456489851884344,screening metric for punctate-to-diffuse reporter redistribution; not rupture proof
I11,I,11,PLD3_mCherry_reporter_control,site0,32,"260312_Day32_WellI11_Channel405nm Binned,561 nm,488nm Binned_Seq0102.nd2",561nm Binned,488nm Binned,6,whole_field_foreground,stable_channel,730865,32350188.0,25469708.0,35.64320373535156,6880480.0,1046,0.0014311808610325695,385.6975994657148,13.0,3.701734181335648,3.701734181335648,screening metric for punctate-to-diffuse reporter redistribution; not rupture proof
I11,I,11,PLD3_mCherry_reporter_control,site0,36,"260316_Day36_WellI11_Channel405nm Binned,561nm Binned,488nm Binned_Seq0102.nd2",561nm Binned,488nm Binned,7,whole_field_foreground,stable_channel,786298,36803832.0,28475430.0,37.05451202392578,8328400.0,1079,0.0013722532678432703,422.05881703176135,13.0,3.419075692809733,3.419075692809733,screening metric for punctate-to-diffuse reporter redistribution; not rupture proof
I11,I,11,PLD3_mCherry_reporter_control,site0,39,"260319_Day39_WellI11_Channel405nm Binned,561nm Binned,488nm Binned_Seq0102.nd2",561nm Binned,488nm Binned,8,whole_field_foreground,stable_channel,826015,37305464.0,28785520.0,35.65821075439453,8519945.0,1091,0.0013207992590917588,405.25644118101854,14.0,3.378603969860911,3.378603969860911,screening metric for punctate-to-diffuse reporter redistribution; not rupture proof
J05,J,05,PLD3_TMEM106B_mCherry_primary,site0,8,"260216_Day8_iNeurons_WellJ05_Channel405nm Binned,561nm Binned,488nm Binned_Seq0112.nd2",561nm Binned,488nm Binned,0,whole_field_foreground,stable_channel,235998,5137788.0,3954633.0,17.16510009765625,1183155.0,268,0.0011356028440870872,191.14631037925605,19.0,3.342447101180029,3.342447101180029,screening metric for punctate-to-diffuse reporter redistribution; not rupture proof
J05,J,05,PLD3_TMEM106B_mCherry_primary,site0,12,"260220_Day12_WellJ05_Channel405nm Binned,561nm Binned,488nm Binned_Seq0112.nd2",561nm Binned,488nm Binned,1,whole_field_foreground,stable_channel,225727,3962050.0,3258329.0,14.781828880310059,703721.0,230,0.0010189299463466092,112.90726228796917,17.0,4.630143195947499,4.630143195947499,screening metric for punctate-to-diffuse reporter redistribution; not rupture proof
J05,J,05,PLD3_TMEM106B_mCherry_primary,site0,16,"260224_day16_WellJ05_Channel405nm Binned,561nm Binned,488nm Binned_Seq0112.nd2",561nm Binned,488nm Binned,2,whole_field_foreground,stable_channel,271929,5011333.0,4067805.0,15.326667785644531,943528.0,265,0.0009745190840220259,128.0288704062408,19.0,4.311271101647952,4.311271101647952,screening metric for punctate-to-diffuse reporter redistribution; not rupture proof
J05,J,05,PLD3_TMEM106B_mCherry_primary,site0,20,"260228_day20_WellJ05_Channel405nm Binned,561nm Binned,488nm Binned_Seq0112.nd2",561nm Binned,488nm Binned,3,whole_field_foreground,stable_channel,264024,4916008.0,4095775.0,15.880267143249512,820233.0,276,0.0010453595127676068,120.27331042635268,17.0,4.993428696474059,4.993428696474059,screening metric for punctate-to-diffuse reporter redistribution; not rupture proof
J05,J,05,PLD3_TMEM106B_mCherry_primary,site0,25,"260305_day25_iNeurons_WellJ05_Channel405nm Binned,561nm Binned,488nm Binned_Seq0112.nd2",561nm Binned,488nm Binned,4,whole_field_foreground,stable_channel,200515,2720772.0,2335821.0,11.907065391540527,384951.0,264,0.0013166097299388245,76.17459115115079,12.0,6.06783980297215,6.06783980297215,screening metric for punctate-to-diffuse reporter redistribution; not rupture proof
J05,J,05,PLD3_TMEM106B_mCherry_primary,site0,29,"260309_Day29_WellJ05_Channel405nm Binned,561nm Binned,488nm Binned_Seq0112.nd2",561nm Binned,488nm Binned,5,whole_field_foreground,stable_channel,213797,4495439.0,3823960.0,18.280977249145508,671479.0,309,0.0014452962389488848,127.10200367159057,11.0,5.69483185623721,5.69483185623721,screening metric for punctate-to-diffuse reporter redistribution; not rupture proof
J05,J,05,PLD3_TMEM106B_mCherry_primary,site0,32,"260312_Day32_WellJ05_Channel405nm Binned,561 nm,488nm Binned_Seq0112.nd2",561nm Binned,488nm Binned,6,whole_field_foreground,stable_channel,266077,5166110.0,4385110.0,16.846628189086914,781000.0,372,0.001398091529890227,119.44976211875998,12.0,5.614737515997932,5.614737515997932,screening metric for punctate-to-diffuse reporter redistribution; not rupture proof
J05,J,05,PLD3_TMEM106B_mCherry_primary,site0,36,"260316_Day36_WellJ05_Channel405nm Binned,561nm Binned,488nm Binned_Seq0112.nd2",561nm Binned,488nm Binned,7,whole_field_foreground,stable_channel,250628,5186738.0,4473884.0,18.24533462524414,712854.0,337,0.0013446223087550289,117.81191261585813,12.0,6.276017248965039,6.276017248965039,screening metric for punctate-to-diffuse reporter redistribution; not rupture proof
J05,J,05,PLD3_TMEM106B_mCherry_primary,site0,39,"260319_Day39_WellJ05_Channel405nm Binned,561nm Binned,488nm Binned_Seq0112.nd2",561nm Binned,488nm Binned,8,whole_field_foreground,stable_channel,286084,5020992.0,4157710.0,14.861225128173828,863282.0,375,0.001310803819852523,118.7305161336263,12.0,4.816166675541925,4.816166675541925,screening metric for punctate-to-diffuse reporter redistribution; not rupture proof
I19,I,19,PLD3_mCherry_reporter_control,site0,8,"260216_Day8_iNeurons_WellI19_Channel405nm Binned,561nm Binned,488nm Binned_Seq0110.nd2",561nm Binned,488nm Binned,0,whole_field_foreground,stable_channel,333490,7640734.0,5413422.0,16.62813377380371,2227312.0,363,0.001088488410443826,254.45158583796058,17.0,2.4304731443091807,2.4304731443091807,screening metric for punctate-to-diffuse reporter redistribution; not rupture proof
I19,I,19,PLD3_mCherry_reporter_control,site0,12,"260220_Day12_WellI19_Channel405nm Binned,561nm Binned,488nm Binned_Seq0110.nd2",561nm Binned,488nm Binned,1,whole_field_foreground,stable_channel,340514,7150515.0,5284506.0,15.897506713867188,1866009.0,320,0.0009397557809636615,201.20959079265594,19.0,2.8319831254817998,2.8319831254817998,screening metric for punctate-to-diffuse reporter redistribution; not rupture proof
I19,I,19,PLD3_mCherry_reporter_control,site0,16,"260224_day16_WellI19_Channel405nm Binned,561nm Binned,488nm Binned_Seq0110.nd2",561nm Binned,488nm Binned,2,whole_field_foreground,stable_channel,316347,10172647.0,7472889.0,24.189586639404297,2699758.0,300,0.0009483257309190593,322.9632803853353,19.0,2.767984760114511,2.767984760114511,screening metric for punctate-to-diffuse reporter redistribution; not rupture proof
I19,I,19,PLD3_mCherry_reporter_control,site0,20,"260228_day20_WellI19_Channel405nm Binned,561nm Binned,488nm Binned_Seq0110.nd2",561nm Binned,488nm Binned,3,whole_field_foreground,stable_channel,456000,14413950.0,10580222.0,23.75949478149414,3833728.0,519,0.0011381578947343462,325.80800703633037,15.0,2.7597737763339603,2.7597737763339603,screening metric for punctate-to-diffuse reporter redistribution; not rupture proof
I19,I,19,PLD3_mCherry_reporter_control,site0,25,"260305_day25_iNeurons_WellI19_Channel405nm Binned,561nm Binned,488nm Binned_Seq0110.nd2",561nm Binned,488nm Binned,4,whole_field_foreground,stable_channel,226766,5504681.0,4297746.0,19.392234802246094,1206935.0,333,0.0014684741098689024,214.2089689100111,12.0,3.560876103515466,3.560876103515466,screening metric for punctate-to-diffuse reporter redistribution; not rupture proof
I19,I,19,PLD3_mCherry_reporter_control,site0,29,"260309_Day29_WellI19_Channel405nm Binned,561nm Binned,488nm Binned_Seq0110.nd2",561nm Binned,488nm Binned,5,whole_field_foreground,stable_channel,328446,11190646.0,8406501.0,26.180646896362305,2784145.0,446,0.0013579096716009392,334.62895260798024,13.0,3.01941924720048,3.01941924720048,screening metric for punctate-to-diffuse reporter redistribution; not rupture proof
I19,I,19,PLD3_mCherry_reporter_control,site0,32,"260312_Day32_WellI19_Channel405nm Binned,561 nm,488nm Binned_Seq0110.nd2",561nm Binned,488nm Binned,6,whole_field_foreground,stable_channel,353254,12606687.0,9637763.0,27.9149112701416,2968924.0,509,0.001440889558217484,334.83122223439995,13.0,3.246214116628366,3.246214116628366,screening metric for punctate-to-diffuse reporter redistribution; not rupture proof
I19,I,19,PLD3_mCherry_reporter_control,site0,36,"260316_Day36_WellI19_Channel405nm Binned,561nm Binned,488nm Binned_Seq0110.nd2",561nm Binned,488nm Binned,7,whole_field_foreground,stable_channel,388727,16209131.0,12288697.0,32.35017013549805,3920434.0,545,0.00140201220907886,396.97635856418435,13.0,3.1345246470153216,3.1345246470153216,screening metric for punctate-to-diffuse reporter redistribution; not rupture proof
I19,I,19,PLD3_mCherry_reporter_control,site0,39,"260319_Day39_WellI19_Channel405nm Binned,561nm Binned,488nm Binned_Seq0110.nd2",561nm Binned,488nm Binned,8,whole_field_foreground,stable_channel,380002,18268548.0,14224068.0,38.2842903137207,4044479.0,547,0.0014394661080693273,433.1129770226627,12.0,3.516909841785922,3.516909841785922,screening metric for punctate-to-diffuse reporter redistribution; not rupture proof
J06,J,06,PLD3_TMEM106B_mCherry_primary,site0,8,"260216_Day8_iNeurons_WellJ06_Channel405nm Binned,561nm Binned,488nm Binned_Seq0113.nd2",561nm Binned,488nm Binned,0,whole_field_foreground,stable_channel,193648,3790733.0,2851582.0,15.083106994628906,939151.0,204,0.0010534578203696735,187.79693951326257,19.5,3.036340269026987,3.036340269026987,screening metric for punctate-to-diffuse reporter redistribution; not rupture proof
J06,J,06,PLD3_TMEM106B_mCherry_primary,site0,12,"260220_Day12_WellJ06_Channel405nm Binned,561nm Binned,488nm Binned_Seq0113.nd2",561nm Binned,488nm Binned,1,whole_field_foreground,stable_channel,175411,2952937.0,2399905.0,14.014043807983398,553032.0,183,0.0010432641054378387,117.7570802865784,18.0,4.339540930715873,4.339540930715873,screening metric for punctate-to-diffuse reporter redistribution; not rupture proof
J06,J,06,PLD3_TMEM106B_mCherry_primary,site0,16,"260224_day16_WellJ06_Channel405nm Binned,561nm Binned,488nm Binned_Seq0113.nd2",561nm Binned,488nm Binned,2,whole_field_foreground,stable_channel,184515,3305300.0,2685472.0,14.901490211486816,619828.0,187,0.0010134677397446632,128.1069807368804,17.0,4.332608401033299,4.332608401033299,screening metric for punctate-to-diffuse reporter redistribution; not rupture proof
J06,J,06,PLD3_TMEM106B_mCherry_primary,site0,20,"260228_day20_WellJ06_Channel405nm Binned,561nm Binned,488nm Binned_Seq0113.nd2",561nm Binned,488nm Binned,3,whole_field_foreground,stable_channel,218074,4112723.0,3474548.0,16.310976028442383,638175.0,246,0.001128057448383906,110.511545863578,14.0,5.444506600845466,5.444506600845466,screening metric for punctate-to-diffuse reporter redistribution; not rupture proof
J06,J,06,PLD3_TMEM106B_mCherry_primary,site0,25,"260305_day25_iNeurons_WellJ06_Channel405nm Binned,561nm Binned,488nm Binned_Seq0113.nd2",561nm Binned,488nm Binned,4,whole_field_foreground,stable_channel,141627,2030432.0,1776617.0,12.812480926513672,253815.0,198,0.0013980385095963479,77.27000912753019,11.0,6.999653290755079,6.999653290755079,screening metric for punctate-to-diffuse reporter redistribution; not rupture proof
J06,J,06,PLD3_TMEM106B_mCherry_primary,site0,29,"260309_Day29_WellJ06_Channel405nm Binned,561nm Binned,488nm Binned_Seq0113.nd2",561nm Binned,488nm Binned,5,whole_field_foreground,stable_channel,198168,3355831.0,2796411.0,14.430929183959961,559420.0,264,0.0013322029792835765,110.72901731548887,12.0,4.9987683672285605,4.9987683672285605,screening metric for punctate-to-diffuse reporter redistribution; not rupture proof
J06,J,06,PLD3_TMEM106B_mCherry_primary,site0,32,"260312_Day32_WellJ06_Channel405nm Binned,561 nm,488nm Binned_Seq0113.nd2",561nm Binned,488nm Binned,6,whole_field_foreground,stable_channel,235623,4209019.0,3596868.0,15.609170913696289,612151.0,316,0.0013411254419078734,106.495921255667,12.0,5.875785549634198,5.875785549634198,screening metric for punctate-to-diffuse reporter redistribution; not rupture proof
J06,J,06,PLD3_TMEM106B_mCherry_primary,site0,36,"260316_Day36_WellJ06_Channel405nm Binned,561nm Binned,488nm Binned_Seq0113.nd2",561nm Binned,488nm Binned,7,whole_field_foreground,stable_channel,194163,3955172.0,3350067.0,17.63889503479004,605105.0,276,0.0014214860709742768,130.3378836590311,12.0,5.536339974044941,5.536339974044941,screening metric for punctate-to-diffuse reporter redistribution; not rupture proof
J06,J,06,PLD3_TMEM106B_mCherry_primary,site0,39,"260319_Day39_WellJ06_Channel405nm Binned,561nm Binned,488nm Binned_Seq0113.nd2",561nm Binned,488nm Binned,8,whole_field_foreground,stable_channel,220785,4000461.0,3341758.0,15.47518539428711,658703.0,288,0.0013044364426872096,119.4637729856703,12.0,5.073239381018345,5.073239381018345,screening metric for punctate-to-diffuse reporter redistribution; not rupture proof
J08,J,08,PLD3_TMEM106B_mCherry_primary,site0,8,"260216_Day8_iNeurons_WellJ08_Channel405nm Binned,561nm Binned,488nm Binned_Seq0115.nd2",561nm Binned,488nm Binned,0,whole_field_foreground,stable_channel,22034,495746.0,384163.0,17.859739303588867,111583.0,26,0.0011799945538177364,204.42186091496393,15.5,3.442845236250658,3.442845236250658,screening metric for punctate-to-diffuse reporter redistribution; not rupture proof
J08,J,08,PLD3_TMEM106B_mCherry_primary,site0,12,"260220_Day12_WellJ08_Channel405nm Binned,561nm Binned,488nm Binned_Seq0115.nd2",561nm Binned,488nm Binned,1,whole_field_foreground,stable_channel,18149,333236.0,277054.0,15.6007661819458,56182.0,23,0.00126728745378438,121.70208309007728,14.0,4.931365917821876,4.931365917821876,screening metric for punctate-to-diffuse reporter redistribution; not rupture proof
J08,J,08,PLD3_TMEM106B_mCherry_primary,site0,16,"260224_day16_WellJ08_Channel405nm Binned,561nm Binned,488nm Binned_Seq0115.nd2",561nm Binned,488nm Binned,2,whole_field_foreground,stable_channel,19705,331452.0,263114.0,13.668970108032227,68338.0,17,0.0008627251966068142,134.2487954532399,28.0,3.850185840910618,3.850185840910618,screening metric for punctate-to-diffuse reporter redistribution; not rupture proof
J08,J,08,PLD3_TMEM106B_mCherry_primary,site0,20,"260228_day20_WellJ08_Channel405nm Binned,561nm Binned,488nm Binned_Seq0115.nd2",561nm Binned,488nm Binned,3,whole_field_foreground,stable_channel,28240,474310.0,376464.0,13.648406982421875,97846.0,22,0.0007790368271678812,130.29207888516513,25.5,3.8475154834755894,3.8475154834755894,screening metric for punctate-to-diffuse reporter redistribution; not rupture proof
J08,J,08,PLD3_TMEM106B_mCherry_primary,site0,25,"260305_day25_iNeurons_WellJ08_Channel405nm Binned,561nm Binned,488nm Binned_Seq0115.nd2",561nm Binned,488nm Binned,4,whole_field_foreground,stable_channel,19873,303438.0,274686.0,14.13430118560791,28752.0,26,0.001308307754173587,58.157520000751205,13.5,9.553631051420645,9.553631051420645,screening metric for punctate-to-diffuse reporter redistribution; not rupture proof
J08,J,08,PLD3_TMEM106B_mCherry_primary,site0,29,"260309_Day29_WellJ08_Channel405nm Binned,561nm Binned,488nm Binned_Seq0115.nd2",561nm Binned,488nm Binned,5,whole_field_foreground,stable_channel,19084,335944.0,274108.0,14.68881607055664,61836.0,27,0.0014147977362494865,128.1137528596101,11.0,4.432822304087702,4.432822304087702,screening metric for punctate-to-diffuse reporter redistribution; not rupture proof
J08,J,08,PLD3_TMEM106B_mCherry_primary,site0,32,"260312_Day32_WellJ08_Channel405nm Binned,561 nm,488nm Binned_Seq0115.nd2",561nm Binned,488nm Binned,6,whole_field_foreground,stable_channel,26708,413129.0,348185.0,13.328166007995605,64944.0,35,0.0013104687733521616,105.85414188929967,15.0,5.361311283484828,5.361311283484828,screening metric for punctate-to-diffuse reporter redistribution; not rupture proof
J08,J,08,PLD3_TMEM106B_mCherry_primary,site0,36,"260316_Day36_WellJ08_Channel405nm Binned,561nm Binned,488nm Binned_Seq0115.nd2",561nm Binned,488nm Binned,7,whole_field_foreground,stable_channel,27214,585965.0,504831.0,18.980749130249023,81134.0,35,0.0012861027411888695,114.33035736083984,12.0,6.222187985231566,6.222187985231566,screening metric for punctate-to-diffuse reporter redistribution; not rupture proof
J08,J,08,PLD3_TMEM106B_mCherry_primary,site0,39,"260319_Day39_WellJ08_Channel405nm Binned,561nm Binned,488nm Binned_Seq0115.nd2",561nm Binned,488nm Binned,8,whole_field_foreground,stable_channel,22187,509983.0,433227.0,19.961618423461914,76756.0,29,0.0013070717085993118,142.63560196449018,14.0,5.644210224534314,5.644210224534314,screening metric for punctate-to-diffuse reporter redistribution; not rupture proof
I20,I,20,PLD3_mCherry_reporter_control,site0,8,"260216_Day8_iNeurons_WellI20_Channel405nm Binned,561nm Binned,488nm Binned_Seq0111.nd2",561nm Binned,488nm Binned,0,whole_field_foreground,stable_channel,361846,8494594.0,6067983.0,17.177490234375,2426611.0,396,0.0010943882204001304,257.5231223443542,18.0,2.500599807714339,2.500599807714339,screening metric for punctate-to-diffuse reporter redistribution; not rupture proof
I20,I,20,PLD3_mCherry_reporter_control,site0,12,"260220_Day12_WellI20_Channel405nm Binned,561nm Binned,488nm Binned_Seq0111.nd2",561nm Binned,488nm Binned,1,whole_field_foreground,stable_channel,400021,8173888.0,5900466.0,15.106623649597168,2273422.0,393,0.0009824484214554174,205.93966104056088,19.0,2.5954116745581794,2.5954116745581794,screening metric for punctate-to-diffuse reporter redistribution; not rupture proof
I20,I,20,PLD3_mCherry_reporter_control,site0,16,"260224_day16_WellI20_Channel405nm Binned,561nm Binned,488nm Binned_Seq0111.nd2",561nm Binned,488nm Binned,2,whole_field_foreground,stable_channel,414246,14469992.0,10719347.0,26.500173568725586,3750645.0,436,0.001052514689336644,346.13328664237207,16.0,2.8580009571679383,2.8580009571679383,screening metric for punctate-to-diffuse reporter redistribution; not rupture proof
I20,I,20,PLD3_mCherry_reporter_control,site0,20,"260228_day20_WellI20_Channel405nm Binned,561nm Binned,488nm Binned_Seq0111.nd2",561nm Binned,488nm Binned,3,whole_field_foreground,stable_channel,434164,13178533.0,9535127.0,22.488666534423828,3643406.0,490,0.0011286057803016173,322.4458504813058,15.0,2.617091534678645,2.617091534678645,screening metric for punctate-to-diffuse reporter redistribution; not rupture proof
I20,I,20,PLD3_mCherry_reporter_control,site0,25,"260305_day25_iNeurons_WellI20_Channel405nm Binned,561nm Binned,488nm Binned_Seq0111.nd2",561nm Binned,488nm Binned,4,whole_field_foreground,stable_channel,249240,6641859.0,5352088.0,21.93793296813965,1289771.0,365,0.0014644519338731165,220.80224709706764,12.0,4.1496420682399044,4.1496420682399044,screening metric for punctate-to-diffuse reporter redistribution; not rupture proof
I20,I,20,PLD3_mCherry_reporter_control,site0,29,"260309_Day29_WellI20_Channel405nm Binned,561nm Binned,488nm Binned_Seq0111.nd2",561nm Binned,488nm Binned,5,whole_field_foreground,stable_channel,411847,13943046.0,10823734.0,26.88258171081543,3119312.0,604,0.0014665640395548187,304.42224078146825,12.0,3.469910672608745,3.469910672608745,screening metric for punctate-to-diffuse reporter redistribution; not rupture proof
I20,I,20,PLD3_mCherry_reporter_control,site0,32,"260312_Day32_WellI20_Channel405nm Binned,561 nm,488nm Binned_Seq0111.nd2",561nm Binned,488nm Binned,6,whole_field_foreground,stable_channel,433693,17708964.0,13799711.0,32.55439758300781,3909252.0,613,0.0014134422275632454,360.32813547952725,13.0,3.530013158526611,3.530013158526611,screening metric for punctate-to-diffuse reporter redistribution; not rupture proof
I20,I,20,PLD3_mCherry_reporter_control,site0,36,"260316_Day36_WellI20_Channel405nm Binned,561nm Binned,488nm Binned_Seq0111.nd2",561nm Binned,488nm Binned,7,whole_field_foreground,stable_channel,470938,19649288.0,15135509.0,32.88304901123047,4513780.0,644,0.0013674836177981656,378.5131709886634,13.0,3.3531782674380777,3.3531782674380777,screening metric for punctate-to-diffuse reporter redistribution; not rupture proof
I20,I,20,PLD3_mCherry_reporter_control,site0,39,"260319_Day39_WellI20_Channel405nm Binned,561nm Binned,488nm Binned_Seq0111.nd2",561nm Binned,488nm Binned,8,whole_field_foreground,stable_channel,502910,19986272.0,15442751.0,31.42251205444336,4543520.0,656,0.0013044083434385785,353.8439190096972,14.0,3.3988517713131228,3.3988517713131228,screening metric for punctate-to-diffuse reporter redistribution; not rupture proof
J09,J,09,PLD3_TMEM106B_mCherry_primary,site0,8,"260216_Day8_iNeurons_WellJ09_Channel405nm Binned,561nm Binned,488nm Binned_Seq0116.nd2",561nm Binned,488nm Binned,0,whole_field_foreground,stable_channel,134955,2760044.0,2071956.0,15.72618293762207,688088.0,145,0.0010744322181388281,198.36695135708513,20.0,3.011178802706905,3.011178802706905,screening metric for punctate-to-diffuse reporter redistribution; not rupture proof
J09,J,09,PLD3_TMEM106B_mCherry_primary,site0,12,"260220_Day12_WellJ09_Channel405nm Binned,561nm Binned,488nm Binned_Seq0116.nd2",561nm Binned,488nm Binned,1,whole_field_foreground,stable_channel,135126,2514199.0,2028752.0,15.373292922973633,485447.0,140,0.001036070038326924,135.24336520603725,17.5,4.179142110252656,4.179142110252656,screening metric for punctate-to-diffuse reporter redistribution; not rupture proof
J09,J,09,PLD3_TMEM106B_mCherry_primary,site0,16,"260224_day16_WellJ09_Channel405nm Binned,561nm Binned,488nm Binned_Seq0116.nd2",561nm Binned,488nm Binned,2,whole_field_foreground,stable_channel,135770,3115265.0,2482270.0,18.7198429107666,632995.0,126,0.0009280400677548203,176.28978081355018,18.5,3.9214685739951793,3.9214685739951793,screening metric for punctate-to-diffuse reporter redistribution; not rupture proof
J09,J,09,PLD3_TMEM106B_mCherry_primary,site0,20,"260228_day20_WellJ09_Channel405nm Binned,561nm Binned,488nm Binned_Seq0116.nd2",561nm Binned,488nm Binned,3,whole_field_foreground,stable_channel,152200,2946303.0,2420169.0,16.27978515625,526134.0,173,0.0011366622864577092,134.89671308043376,15.0,4.599909908873785,4.599909908873785,screening metric for punctate-to-diffuse reporter redistribution; not rupture proof
J09,J,09,PLD3_TMEM106B_mCherry_primary,site0,25,"260305_day25_iNeurons_WellJ09_Channel405nm Binned,561nm Binned,488nm Binned_Seq0116.nd2",561nm Binned,488nm Binned,4,whole_field_foreground,stable_channel,145136,1727068.0,1481232.0,10.437605857849121,245836.0,181,0.0012471061624872732,68.86351400976022,13.0,6.025285149424716,6.025285149424716,screening metric for punctate-to-diffuse reporter redistribution; not rupture proof
J09,J,09,PLD3_TMEM106B_mCherry_primary,site0,29,"260309_Day29_WellJ09_Channel405nm Binned,561nm Binned,488nm Binned_Seq0116.nd2",561nm Binned,488nm Binned,5,whole_field_foreground,stable_channel,136614,2471402.0,2090238.0,15.64057731628418,381164.0,218,0.0015957368937180982,116.09360234671776,10.5,5.483828483263152,5.483828483263152,screening metric for punctate-to-diffuse reporter redistribution; not rupture proof
J09,J,09,PLD3_TMEM106B_mCherry_primary,site0,32,"260312_Day32_WellJ09_Channel405nm Binned,561 nm,488nm Binned_Seq0116.nd2",561nm Binned,488nm Binned,6,whole_field_foreground,stable_channel,205570,3382103.0,2822158.0,14.05240249633789,559945.0,255,0.0012404533735406896,102.69594563502892,13.0,5.040062863307932,5.040062863307932,screening metric for punctate-to-diffuse reporter redistribution; not rupture proof
J09,J,09,PLD3_TMEM106B_mCherry_primary,site0,36,"260316_Day36_WellJ09_Channel405nm Binned,561nm Binned,488nm Binned_Seq0116.nd2",561nm Binned,488nm Binned,7,whole_field_foreground,stable_channel,122089,2535391.0,2098475.0,17.573989868164062,436916.0,147,0.0012040396759642226,137.32281649842554,12.0,4.802925505120428,4.802925505120428,screening metric for punctate-to-diffuse reporter redistribution; not rupture proof
J09,J,09,PLD3_TMEM106B_mCherry_primary,site0,39,"260319_Day39_WellJ09_Channel405nm Binned,561nm Binned,488nm Binned_Seq0116.nd2",561nm Binned,488nm Binned,8,whole_field_foreground,stable_channel,131749,2668235.0,2211413.0,17.165090560913086,456822.0,171,0.0012979225648673011,135.29321802150437,12.0,4.840863618641745,4.840863618641745,screening metric for punctate-to-diffuse reporter redistribution; not rupture proof
J10,J,10,PLD3_TMEM106B_mCherry_primary,site0,8,"260216_Day8_iNeurons_WellJ10_Channel405nm Binned,561nm Binned,488nm Binned_Seq0117.nd2",561nm Binned,488nm Binned,0,whole_field_foreground,stable_channel,93727,1940909.0,1516467.0,16.570512771606445,424442.0,102,0.0010882669881561529,177.02849466660444,21.0,3.5728485870776856,3.5728485870776856,screening metric for punctate-to-diffuse reporter redistribution; not rupture proof
J10,J,10,PLD3_TMEM106B_mCherry_primary,site0,12,"260220_Day12_WellJ10_Channel405nm Binned,561nm Binned,488nm Binned_Seq0117.nd2",561nm Binned,488nm Binned,1,whole_field_foreground,stable_channel,106697,1936459.0,1639830.0,15.72571086883545,296629.0,115,0.0010778184953552788,109.87499595310378,16.0,5.528218751350919,5.528218751350919,screening metric for punctate-to-diffuse reporter redistribution; not rupture proof
J10,J,10,PLD3_TMEM106B_mCherry_primary,site0,16,"260224_day16_WellJ10_Channel405nm Binned,561nm Binned,488nm Binned_Seq0117.nd2",561nm Binned,488nm Binned,2,whole_field_foreground,stable_channel,98221,2042651.0,1676222.0,17.472658157348633,366429.0,101,0.0010282933384812994,130.06232497715715,14.0,4.574479639972343,4.574479639972343,screening metric for punctate-to-diffuse reporter redistribution; not rupture proof
J10,J,10,PLD3_TMEM106B_mCherry_primary,site0,20,"260228_day20_WellJ10_Channel405nm Binned,561nm Binned,488nm Binned_Seq0117.nd2",561nm Binned,488nm Binned,3,whole_field_foreground,stable_channel,118959,2342226.0,1964569.0,16.901844024658203,377657.0,119,0.001000344656553936,123.39454445718717,16.0,5.20199281357104,5.20199281357104,screening metric for punctate-to-diffuse reporter redistribution; not rupture proof
J10,J,10,PLD3_TMEM106B_mCherry_primary,site0,25,"260305_day25_iNeurons_WellJ10_Channel405nm Binned,561nm Binned,488nm Binned_Seq0117.nd2",561nm Binned,488nm Binned,4,whole_field_foreground,stable_channel,69069,1033942.0,905200.0,13.388750076293945,128742.0,93,0.001346479607329678,74.28947075464393,11.0,7.031116496504396,7.031116496504396,screening metric for punctate-to-diffuse reporter redistribution; not rupture proof
J10,J,10,PLD3_TMEM106B_mCherry_primary,site0,29,"260309_Day29_WellJ10_Channel405nm Binned,561nm Binned,488nm Binned_Seq0117.nd2",561nm Binned,488nm Binned,5,whole_field_foreground,stable_channel,98343,1676436.0,1412904.0,14.69708251953125,263532.0,136,0.0013829148998771351,107.44126353544347,13.0,5.361413414669332,5.361413414669332,screening metric for punctate-to-diffuse reporter redistribution; not rupture proof
J10,J,10,PLD3_TMEM106B_mCherry_primary,site0,32,"260312_Day32_WellJ10_Channel405nm Binned,561 nm,488nm Binned_Seq0117.nd2",561nm Binned,488nm Binned,6,whole_field_foreground,stable_channel,117759,2029879.0,1724526.0,14.965946197509766,305353.0,162,0.0013756910299732872,105.37536748250325,11.5,5.647647149346338,5.647647149346338,screening metric for punctate-to-diffuse reporter redistribution; not rupture proof
J10,J,10,PLD3_TMEM106B_mCherry_primary,site0,36,"260316_Day36_WellJ10_Channel405nm Binned,561nm Binned,488nm Binned_Seq0117.nd2",561nm Binned,488nm Binned,7,whole_field_foreground,stable_channel,128736,2590112.0,2147051.0,17.064464569091797,443061.0,177,0.0013749067859699315,131.97201999297923,12.0,4.8459489776693365,4.8459489776693365,screening metric for punctate-to-diffuse reporter redistribution; not rupture proof
J10,J,10,PLD3_TMEM106B_mCherry_primary,site0,39,"260319_Day39_WellJ10_Channel405nm Binned,561nm Binned,488nm Binned_Seq0117.nd2",561nm Binned,488nm Binned,8,whole_field_foreground,stable_channel,122827,1933199.0,1569577.0,13.07359790802002,363622.0,145,0.0011805221978784754,110.76927385001348,13.0,4.316507252024585,4.316507252024585,screening metric for punctate-to-diffuse reporter redistribution; not rupture proof
J07,J,07,PLD3_TMEM106B_mCherry_primary,site0,8,"260216_Day8_iNeurons_WellJ07_Channel405nm Binned,561nm Binned,488nm Binned_Seq0114.nd2",561nm Binned,488nm Binned,0,whole_field_foreground,stable_channel,387450,8349396.0,6380990.0,16.873249053955078,1968406.0,443,0.0011433733384923386,194.98231213571793,18.0,3.2417042012657746,3.2417042012657746,screening metric for punctate-to-diffuse reporter redistribution; not rupture proof
J07,J,07,PLD3_TMEM106B_mCherry_primary,site0,12,"260220_Day12_WellJ07_Channel405nm Binned,561nm Binned,488nm Binned_Seq0114.nd2",561nm Binned,488nm Binned,1,whole_field_foreground,stable_channel,439862,6534892.0,5245909.0,12.215270042419434,1288983.0,428,0.0009730324510847197,104.58605056833999,17.0,4.069804644433581,4.069804644433581,screening metric for punctate-to-diffuse reporter redistribution; not rupture proof
J07,J,07,PLD3_TMEM106B_mCherry_primary,site0,16,"260224_day16_WellJ07_Channel405nm Binned,561nm Binned,488nm Binned_Seq0114.nd2",561nm Binned,488nm Binned,2,whole_field_foreground,stable_channel,390054,7488979.0,6077335.0,15.95620346069336,1411644.0,383,0.0009819153245422892,137.2881205187765,18.0,4.305147048402922,4.305147048402922,screening metric for punctate-to-diffuse reporter redistribution; not rupture proof
J07,J,07,PLD3_TMEM106B_mCherry_primary,site0,20,"260228_day20_WellJ07_Channel405nm Binned,561nm Binned,488nm Binned_Seq0114.nd2",561nm Binned,488nm Binned,3,whole_field_foreground,stable_channel,441153,7526045.0,6155620.0,14.286821365356445,1370425.0,491,0.0011129925445341798,118.68464108251506,15.0,4.491759855515996,4.491759855515996,screening metric for punctate-to-diffuse reporter redistribution; not rupture proof
J07,J,07,PLD3_TMEM106B_mCherry_primary,site0,25,"260305_day25_iNeurons_WellJ07_Channel405nm Binned,561nm Binned,488nm Binned_Seq0114.nd2",561nm Binned,488nm Binned,4,whole_field_foreground,stable_channel,287679,3774810.0,3241982.0,11.516810417175293,532828.0,377,0.001310488426331743,76.02220514029344,13.0,6.084481296016567,6.084481296016567,screening metric for punctate-to-diffuse reporter redistribution; not rupture proof
J07,J,07,PLD3_TMEM106B_mCherry_primary,site0,29,"260309_Day29_WellJ07_Channel405nm Binned,561nm Binned,488nm Binned_Seq0114.nd2",561nm Binned,488nm Binned,5,whole_field_foreground,stable_channel,401608,7266100.0,6101923.0,15.534584999084473,1164177.0,566,0.0014093344754053472,117.36356476423175,12.0,5.241404872278665,5.241404872278665,screening metric for punctate-to-diffuse reporter redistribution; not rupture proof
J07,J,07,PLD3_TMEM106B_mCherry_primary,site0,32,"260312_Day32_WellJ07_Channel405nm Binned,561 nm,488nm Binned_Seq0114.nd2",561nm Binned,488nm Binned,6,whole_field_foreground,stable_channel,405088,8098636.0,6788581.0,17.135568618774414,1310055.0,565,0.0013947586697177039,130.1647709331681,12.0,5.181905339848188,5.181905339848188,screening metric for punctate-to-diffuse reporter redistribution; not rupture proof
J07,J,07,PLD3_TMEM106B_mCherry_primary,site0,36,"260316_Day36_WellJ07_Channel405nm Binned,561nm Binned,488nm Binned_Seq0114.nd2",561nm Binned,488nm Binned,7,whole_field_foreground,stable_channel,462252,9492239.0,7939662.0,17.560379028320312,1552577.0,621,0.0013434230679340632,135.23270906457577,12.0,5.113860375359732,5.113860375359732,screening metric for punctate-to-diffuse reporter redistribution; not rupture proof
J07,J,07,PLD3_TMEM106B_mCherry_primary,site0,39,"260319_Day39_WellJ07_Channel405nm Binned,561nm Binned,488nm Binned_Seq0114.nd2",561nm Binned,488nm Binned,8,whole_field_foreground,stable_channel,505902,9813428.0,8087406.0,16.352067947387695,1726022.0,652,0.0012887871564032387,132.57342618228466,13.0,4.685575270764402,4.685575270764402,screening metric for punctate-to-diffuse reporter redistribution; not rupture proof
J11,J,11,PLD3_TMEM106B_mCherry_primary,site0,8,"260216_Day8_iNeurons_WellJ11_Channel405nm Binned,561nm Binned,488nm Binned_Seq0118.nd2",561nm Binned,488nm Binned,0,whole_field_foreground,stable_channel,165448,3231066.0,2427157.0,15.02669620513916,803909.0,167,0.0010093805908744174,186.08080373981042,20.0,3.0191937147077352,3.0191937147077352,screening metric for punctate-to-diffuse reporter redistribution; not rupture proof
J11,J,11,PLD3_TMEM106B_mCherry_primary,site0,12,"260220_Day12_WellJ11_Channel405nm Binned,561nm Binned,488nm Binned_Seq0118.nd2",561nm Binned,488nm Binned,1,whole_field_foreground,stable_channel,158989,2411005.0,1881154.0,12.118416786193848,529851.0,160,0.0010063589304857169,115.4840984582901,16.0,3.550345285743444,3.550345285743444,screening metric for punctate-to-diffuse reporter redistribution; not rupture proof
J11,J,11,PLD3_TMEM106B_mCherry_primary,site0,16,"260224_day16_WellJ11_Channel405nm Binned,561nm Binned,488nm Binned_Seq0118.nd2",561nm Binned,488nm Binned,2,whole_field_foreground,stable_channel,167915,3532187.0,2908056.0,17.73345375061035,624131.0,178,0.0010600601494740788,142.32739347822212,15.5,4.659367985239221,4.659367985239221,screening metric for punctate-to-diffuse reporter redistribution; not rupture proof
J11,J,11,PLD3_TMEM106B_mCherry_primary,site0,20,"260228_day20_WellJ11_Channel405nm Binned,561nm Binned,488nm Binned_Seq0118.nd2",561nm Binned,488nm Binned,3,whole_field_foreground,stable_channel,208192,4030455.0,3353801.0,16.49323844909668,676654.0,225,0.0010807331693769178,125.78300157335069,16.0,4.95644893844571,4.95644893844571,screening metric for punctate-to-diffuse reporter redistribution; not rupture proof
J11,J,11,PLD3_TMEM106B_mCherry_primary,site0,25,"260305_day25_iNeurons_WellJ11_Channel405nm Binned,561nm Binned,488nm Binned_Seq0118.nd2",561nm Binned,488nm Binned,4,whole_field_foreground,stable_channel,117750,1524194.0,1302337.0,11.309720993041992,221857.0,171,0.0014522292993507243,76.44992362128363,12.0,5.870164114696087,5.870164114696087,screening metric for punctate-to-diffuse reporter redistribution; not rupture proof
J11,J,11,PLD3_TMEM106B_mCherry_primary,site0,29,"260309_Day29_WellJ11_Channel405nm Binned,561nm Binned,488nm Binned_Seq0118.nd2",561nm Binned,488nm Binned,5,whole_field_foreground,stable_channel,158936,2756255.0,2327593.0,14.972005844116211,428662.0,232,0.001459707051885918,110.71903462245547,11.0,5.429902813859335,5.429902813859335,screening metric for punctate-to-diffuse reporter redistribution; not rupture proof
J11,J,11,PLD3_TMEM106B_mCherry_primary,site0,32,"260312_Day32_WellJ11_Channel405nm Binned,561 nm,488nm Binned_Seq0118.nd2",561nm Binned,488nm Binned,6,whole_field_foreground,stable_channel,196975,3736377.0,3137219.0,16.28708839416504,599158.0,281,0.0014265769767664597,122.77157413577694,12.0,5.236046251564302,5.236046251564302,screening metric for punctate-to-diffuse reporter redistribution; not rupture proof
J11,J,11,PLD3_TMEM106B_mCherry_primary,site0,36,"260316_Day36_WellJ11_Channel405nm Binned,561nm Binned,488nm Binned_Seq0118.nd2",561nm Binned,488nm Binned,7,whole_field_foreground,stable_channel,208524,3669748.0,2998536.0,14.715946197509766,671212.0,259,0.0012420632636951042,126.50321486189559,14.0,4.467345637437251,4.467345637437251,screening metric for punctate-to-diffuse reporter redistribution; not rupture proof
J11,J,11,PLD3_TMEM106B_mCherry_primary,site0,39,"260319_Day39_WellJ11_Channel405nm Binned,561nm Binned,488nm Binned_Seq0118.nd2",561nm Binned,488nm Binned,8,whole_field_foreground,stable_channel,181815,3684187.0,3042474.0,17.12179183959961,641713.0,243,0.0013365233891519592,139.96267584027578,12.0,4.7411755722499915,4.7411755722499915,screening metric for punctate-to-diffuse reporter redistribution; not rupture proof
J12,J,12,PLD3_TMEM106B_mCherry_primary,site0,8,"260216_Day8_iNeurons_WellJ12_Channel405nm Binned,561nm Binned,488nm Binned_Seq0119.nd2",561nm Binned,488nm Binned,0,whole_field_foreground,stable_channel,157733,3511392.0,2653998.0,17.23565673828125,857394.0,173,0.0010967901453652895,208.45300204767656,20.0,3.095424040752448,3.095424040752448,screening metric for punctate-to-diffuse reporter redistribution; not rupture proof
J12,J,12,PLD3_TMEM106B_mCherry_primary,site0,12,"260220_Day12_WellJ12_Channel405nm Binned,561nm Binned,488nm Binned_Seq0119.nd2",561nm Binned,488nm Binned,1,whole_field_foreground,stable_channel,141685,2590226.0,2055617.0,14.860132217407227,534609.0,133,0.0009387020503162741,132.2052490693286,18.0,3.8450849125176623,3.8450849125176623,screening metric for punctate-to-diffuse reporter redistribution; not rupture proof
J12,J,12,PLD3_TMEM106B_mCherry_primary,site0,16,"260224_day16_WellJ12_Channel405nm Binned,561nm Binned,488nm Binned_Seq0119.nd2",561nm Binned,488nm Binned,2,whole_field_foreground,stable_channel,168524,3120867.0,2475003.0,15.045976638793945,645864.0,172,0.0010206261422644807,144.14516307032386,19.0,3.832080747643727,3.832080747643727,screening metric for punctate-to-diffuse reporter redistribution; not rupture proof
J12,J,12,PLD3_TMEM106B_mCherry_primary,site0,20,"260228_day20_WellJ12_Channel405nm Binned,561nm Binned,488nm Binned_Seq0119.nd2",561nm Binned,488nm Binned,3,whole_field_foreground,stable_channel,169161,2846633.0,2334004.0,14.125702857971191,512629.0,177,0.0010463404685415293,117.71689700541523,17.0,4.553008120873862,4.553008120873862,screening metric for punctate-to-diffuse reporter redistribution; not rupture proof
J12,J,12,PLD3_TMEM106B_mCherry_primary,site0,25,"260305_day25_iNeurons_WellJ12_Channel405nm Binned,561nm Binned,488nm Binned_Seq0119.nd2",561nm Binned,488nm Binned,4,whole_field_foreground,stable_channel,123897,1789056.0,1563539.0,12.885814666748047,225517.0,147,0.001186469406029311,72.91108493415676,13.0,6.9331314268683375,6.9331314268683375,screening metric for punctate-to-diffuse reporter redistribution; not rupture proof
J12,J,12,PLD3_TMEM106B_mCherry_primary,site0,29,"260309_Day29_WellJ12_Channel405nm Binned,561nm Binned,488nm Binned_Seq0119.nd2",561nm Binned,488nm Binned,5,whole_field_foreground,stable_channel,145144,2863849.0,2440441.0,17.190683364868164,423408.0,214,0.001474397839376933,121.2571941625292,11.0,5.7638046517643415,5.7638046517643415,screening metric for punctate-to-diffuse reporter redistribution; not rupture proof
J12,J,12,PLD3_TMEM106B_mCherry_primary,site0,32,"260312_Day32_WellJ12_Channel405nm Binned,561 nm,488nm Binned_Seq0119.nd2",561nm Binned,488nm Binned,6,whole_field_foreground,stable_channel,177224,3437317.0,2952710.0,17.027530670166016,484607.0,260,0.0014670699228012736,117.9484684577355,12.0,6.092999069336405,6.092999069336405,screening metric for punctate-to-diffuse reporter redistribution; not rupture proof
J12,J,12,PLD3_TMEM106B_mCherry_primary,site0,36,"260316_Day36_WellJ12_Channel405nm Binned,561nm Binned,488nm Binned_Seq0119.nd2",561nm Binned,488nm Binned,7,whole_field_foreground,stable_channel,202037,4025969.0,3408050.0,17.252891540527344,617919.0,274,0.0013561872330248607,122.35874418272589,13.0,5.515366900830828,5.515366900830828,screening metric for punctate-to-diffuse reporter redistribution; not rupture proof
J12,J,12,PLD3_TMEM106B_mCherry_primary,site0,39,"260319_Day39_WellJ12_Channel405nm Binned,561nm Binned,488nm Binned_Seq0119.nd2",561nm Binned,488nm Binned,8,whole_field_foreground,stable_channel,184174,3164001.0,2664466.0,14.796916961669922,499535.0,261,0.0014171381410979988,110.55451823559757,12.0,5.333892520032963,5.333892520032963,screening metric for punctate-to-diffuse reporter redistribution; not rupture proof
J18,J,18,PLD3_TMEM106B_mCherry_primary,site0,8,"260216_Day8_iNeurons_WellJ18_Channel405nm Binned,561nm Binned,488nm Binned_Seq0125.nd2",561nm Binned,488nm Binned,0,whole_field_foreground,stable_channel,34140,692495.0,549132.0,16.47560691833496,143363.0,42,0.0012302284709657227,162.663937886556,17.0,3.8303606927601237,3.8303606927601237,screening metric for punctate-to-diffuse reporter redistribution; not rupture proof
J18,J,18,PLD3_TMEM106B_mCherry_primary,site0,12,"260220_Day12_WellJ18_Channel405nm Binned,561nm Binned,488nm Binned_Seq0125.nd2",561nm Binned,488nm Binned,1,whole_field_foreground,stable_channel,27574,507445.0,408162.0,15.175564765930176,99283.0,25,0.0009066511931200895,130.27681915283202,27.0,4.111096562310657,4.111096562310657,screening metric for punctate-to-diffuse reporter redistribution; not rupture proof
J18,J,18,PLD3_TMEM106B_mCherry_primary,site0,16,"260224_day16_WellJ18_Channel405nm Binned,561nm Binned,488nm Binned_Seq0125.nd2",561nm Binned,488nm Binned,2,whole_field_foreground,stable_channel,25598,507064.0,427611.0,17.104440689086914,79453.0,29,0.001132901007846984,125.62773316482017,14.0,5.381936490687804,5.381936490687804,screening metric for punctate-to-diffuse reporter redistribution; not rupture proof
J18,J,18,PLD3_TMEM106B_mCherry_primary,site0,20,"260228_day20_WellJ18_Channel405nm Binned,561nm Binned,488nm Binned_Seq0125.nd2",561nm Binned,488nm Binned,3,whole_field_foreground,stable_channel,34195,742299.0,626261.0,18.750329971313477,116038.0,36,0.001052785494924615,126.80392456054688,14.5,5.3970337302832085,5.3970337302832085,screening metric for punctate-to-diffuse reporter redistribution; not rupture proof
J18,J,18,PLD3_TMEM106B_mCherry_primary,site0,25,"260305_day25_iNeurons_WellJ18_Channel405nm Binned,561nm Binned,488nm Binned_Seq0125.nd2",561nm Binned,488nm Binned,4,whole_field_foreground,stable_channel,27619,460264.0,394677.0,14.617666244506836,65587.0,41,0.001484485318024386,96.92454770716225,14.0,6.017610197050977,6.017610197050977,screening metric for punctate-to-diffuse reporter redistribution; not rupture proof
J18,J,18,PLD3_TMEM106B_mCherry_primary,site0,29,"260309_Day29_WellJ18_Channel405nm Binned,561nm Binned,488nm Binned_Seq0125.nd2",561nm Binned,488nm Binned,5,whole_field_foreground,stable_channel,40994,712501.0,599572.0,14.957515716552734,112929.0,56,0.0013660535687816252,106.19613456726074,11.5,5.309282823674085,5.309282823674085,screening metric for punctate-to-diffuse reporter redistribution; not rupture proof
J18,J,18,PLD3_TMEM106B_mCherry_primary,site0,32,"260312_Day32_WellJ18_Channel405nm Binned,561 nm,488nm Binned_Seq0125.nd2",561nm Binned,488nm Binned,6,whole_field_foreground,stable_channel,32476,584665.0,487646.0,15.374909400939941,97019.0,47,0.0014472225643106533,115.63753541986993,13.0,5.026293818684729,5.026293818684729,screening metric for punctate-to-diffuse reporter redistribution; not rupture proof
J18,J,18,PLD3_TMEM106B_mCherry_primary,site0,36,"260316_Day36_WellJ18_Channel405nm Binned,561nm Binned,488nm Binned_Seq0125.nd2",561nm Binned,488nm Binned,7,whole_field_foreground,stable_channel,36739,771666.0,658463.0,18.333927154541016,113203.0,51,0.001388170608851951,131.1117603077608,13.0,5.81665680233018,5.81665680233018,screening metric for punctate-to-diffuse reporter redistribution; not rupture proof
J18,J,18,PLD3_TMEM106B_mCherry_primary,site0,39,"260319_Day39_WellJ18_Channel405nm Binned,561nm Binned,488nm Binned_Seq0125.nd2",561nm Binned,488nm Binned,8,whole_field_foreground,stable_channel,50742,1115934.0,942945.0,18.99069595336914,172989.0,70,0.0013795278073119009,140.01633333478654,12.0,5.450895721661777,5.450895721661777,screening metric for punctate-to-diffuse reporter redistribution; not rupture proof
J13,J,13,PLD3_TMEM106B_mCherry_primary,site0,8,"260216_Day8_iNeurons_WellJ13_Channel405nm Binned,561nm Binned,488nm Binned_Seq0120.nd2",561nm Binned,488nm Binned,0,whole_field_foreground,stable_channel,440719,9021992.0,6822388.0,15.857942581176758,2199604.0,491,0.0011140885689041905,191.45221320189188,18.0,3.1016437504191203,3.1016437504191203,screening metric for punctate-to-diffuse reporter redistribution; not rupture proof
J13,J,13,PLD3_TMEM106B_mCherry_primary,site0,12,"260220_Day12_WellJ13_Channel405nm Binned,561nm Binned,488nm Binned_Seq0120.nd2",561nm Binned,488nm Binned,1,whole_field_foreground,stable_channel,473879,6993542.0,5594261.0,12.085978507995605,1399281.0,499,0.001053011422744935,107.96763739270533,17.0,3.997953949203914,3.997953949203914,screening metric for punctate-to-diffuse reporter redistribution; not rupture proof
J13,J,13,PLD3_TMEM106B_mCherry_primary,site0,16,"260224_day16_WellJ13_Channel405nm Binned,561nm Binned,488nm Binned_Seq0120.nd2",561nm Binned,488nm Binned,2,whole_field_foreground,stable_channel,472501,8137116.0,6470909.0,14.027215957641602,1666207.0,473,0.001001056082418871,134.77773149421805,19.0,3.883616501428764,3.883616501428764,screening metric for punctate-to-diffuse reporter redistribution; not rupture proof
J13,J,13,PLD3_TMEM106B_mCherry_primary,site0,20,"260228_day20_WellJ13_Channel405nm Binned,561nm Binned,488nm Binned_Seq0120.nd2",561nm Binned,488nm Binned,3,whole_field_foreground,stable_channel,496664,8275261.0,6784906.0,13.989035606384277,1490355.0,549,0.0011053750624142168,116.32506157574541,16.0,4.552543521506921,4.552543521506921,screening metric for punctate-to-diffuse reporter redistribution; not rupture proof
J13,J,13,PLD3_TMEM106B_mCherry_primary,site0,25,"260305_day25_iNeurons_WellJ13_Channel405nm Binned,561nm Binned,488nm Binned_Seq0120.nd2",561nm Binned,488nm Binned,4,whole_field_foreground,stable_channel,348634,4946725.0,4273387.0,12.533323287963867,673338.0,478,0.0013710653579359126,77.99828162253152,12.0,6.3465703702949385,6.3465703702949385,screening metric for punctate-to-diffuse reporter redistribution; not rupture proof
J13,J,13,PLD3_TMEM106B_mCherry_primary,site0,29,"260309_Day29_WellJ13_Channel405nm Binned,561nm Binned,488nm Binned_Seq0120.nd2",561nm Binned,488nm Binned,5,whole_field_foreground,stable_channel,418695,8777340.0,7601985.0,18.5527400970459,1175355.0,602,0.001437800785771414,120.74824227367921,12.0,6.46782036065149,6.46782036065149,screening metric for punctate-to-diffuse reporter redistribution; not rupture proof
J13,J,13,PLD3_TMEM106B_mCherry_primary,site0,32,"260312_Day32_WellJ13_Channel405nm Binned,561 nm,488nm Binned_Seq0120.nd2",561nm Binned,488nm Binned,6,whole_field_foreground,stable_channel,454920,9959227.0,8463226.0,19.012588500976562,1496001.0,636,0.0013980480084379713,137.1096159257229,12.0,5.6572328494395006,5.6572328494395006,screening metric for punctate-to-diffuse reporter redistribution; not rupture proof
J13,J,13,PLD3_TMEM106B_mCherry_primary,site0,36,"260316_Day36_WellJ13_Channel405nm Binned,561nm Binned,488nm Binned_Seq0120.nd2",561nm Binned,488nm Binned,7,whole_field_foreground,stable_channel,499689,10075159.0,8442196.0,17.275333404541016,1632963.0,652,0.001304811592808117,132.44896554069285,13.0,5.169863616012629,5.169863616012629,screening metric for punctate-to-diffuse reporter redistribution; not rupture proof
J13,J,13,PLD3_TMEM106B_mCherry_primary,site0,39,"260319_Day39_WellJ13_Channel405nm Binned,561nm Binned,488nm Binned_Seq0120.nd2",561nm Binned,488nm Binned,8,whole_field_foreground,stable_channel,512358,9398009.0,7791396.0,15.55199909210205,1606613.0,695,0.001356473403359845,123.81048403952619,12.0,4.849578585505751,4.849578585505751,screening metric for punctate-to-diffuse reporter redistribution; not rupture proof
J15,J,15,PLD3_TMEM106B_mCherry_primary,site0,8,"260216_Day8_iNeurons_WellJ15_Channel405nm Binned,561nm Binned,488nm Binned_Seq0122.nd2",561nm Binned,488nm Binned,0,whole_field_foreground,stable_channel,458598,9502223.0,7207298.0,16.10130500793457,2294925.0,494,0.0010771961500026664,189.34535376359577,19.0,3.14053749033056,3.14053749033056,screening metric for punctate-to-diffuse reporter redistribution; not rupture proof
J15,J,15,PLD3_TMEM106B_mCherry_primary,site0,12,"260220_Day12_WellJ15_Channel405nm Binned,561nm Binned,488nm Binned_Seq0122.nd2",561nm Binned,488nm Binned,1,whole_field_foreground,stable_channel,435973,7635668.0,6146284.0,14.434605598449707,1489384.0,446,0.0010229991306777645,127.10267498033464,18.0,4.126728902684515,4.126728902684515,screening metric for punctate-to-diffuse reporter redistribution; not rupture proof
J15,J,15,PLD3_TMEM106B_mCherry_primary,site0,16,"260224_day16_WellJ15_Channel405nm Binned,561nm Binned,488nm Binned_Seq0122.nd2",561nm Binned,488nm Binned,2,whole_field_foreground,stable_channel,420637,7934466.0,6466109.0,15.740898132324219,1468357.0,425,0.0010103723638172333,133.69713202981387,18.0,4.4036354919107525,4.4036354919107525,screening metric for punctate-to-diffuse reporter redistribution; not rupture proof
J15,J,15,PLD3_TMEM106B_mCherry_primary,site0,20,"260228_day20_WellJ15_Channel405nm Binned,561nm Binned,488nm Binned_Seq0122.nd2",561nm Binned,488nm Binned,3,whole_field_foreground,stable_channel,433202,8188989.0,6749448.0,15.951729774475098,1439541.0,447,0.0010318511918203704,128.3399077037837,17.0,4.68861116147113,4.68861116147113,screening metric for punctate-to-diffuse reporter redistribution; not rupture proof
J15,J,15,PLD3_TMEM106B_mCherry_primary,site0,25,"260305_day25_iNeurons_WellJ15_Channel405nm Binned,561nm Binned,488nm Binned_Seq0122.nd2",561nm Binned,488nm Binned,4,whole_field_foreground,stable_channel,318855,4809269.0,4163578.0,13.349164962768555,645691.0,429,0.00134543914945243,81.35771115176327,12.0,6.448251563044168,6.448251563044168,screening metric for punctate-to-diffuse reporter redistribution; not rupture proof
J15,J,15,PLD3_TMEM106B_mCherry_primary,site0,29,"260309_Day29_WellJ15_Channel405nm Binned,561nm Binned,488nm Binned_Seq0122.nd2",561nm Binned,488nm Binned,5,whole_field_foreground,stable_channel,410357,8293233.0,7122906.0,17.743785858154297,1170327.0,605,0.0014743260136869255,119.34503746347978,11.0,6.0862528165153105,6.0862528165153105,screening metric for punctate-to-diffuse reporter redistribution; not rupture proof
J15,J,15,PLD3_TMEM106B_mCherry_primary,site0,32,"260312_Day32_WellJ15_Channel405nm Binned,561 nm,488nm Binned_Seq0122.nd2",561nm Binned,488nm Binned,6,whole_field_foreground,stable_channel,438325,8677548.0,7340991.0,17.125919342041016,1336557.0,629,0.0014350082701159298,125.82760109469318,12.0,5.492463845533343,5.492463845533343,screening metric for punctate-to-diffuse reporter redistribution; not rupture proof
J15,J,15,PLD3_TMEM106B_mCherry_primary,site0,36,"260316_Day36_WellJ15_Channel405nm Binned,561nm Binned,488nm Binned_Seq0122.nd2",561nm Binned,488nm Binned,7,whole_field_foreground,stable_channel,466548,9872628.0,8398405.0,18.402904510498047,1474223.0,637,0.0013653471882820946,130.04696415732008,12.0,5.696834875045568,5.696834875045568,screening metric for punctate-to-diffuse reporter redistribution; not rupture proof
J15,J,15,PLD3_TMEM106B_mCherry_primary,site0,39,"260319_Day39_WellJ15_Channel405nm Binned,561nm Binned,488nm Binned_Seq0122.nd2",561nm Binned,488nm Binned,8,whole_field_foreground,stable_channel,526552,9681087.0,8054263.0,15.645755767822266,1626824.0,658,0.0012496391619417461,121.42059559227847,13.0,4.95091232978801,4.95091232978801,screening metric for punctate-to-diffuse reporter redistribution; not rupture proof
J16,J,16,PLD3_TMEM106B_mCherry_primary,site0,8,"260216_Day8_iNeurons_WellJ16_Channel405nm Binned,561nm Binned,488nm Binned_Seq0123.nd2",561nm Binned,488nm Binned,0,whole_field_foreground,stable_channel,459614,9457877.0,7190575.0,16.028602600097656,2267302.0,455,0.0009899611413033765,187.20186070033483,21.0,3.1714235686277474,3.1714235686277474,screening metric for punctate-to-diffuse reporter redistribution; not rupture proof
J16,J,16,PLD3_TMEM106B_mCherry_primary,site0,12,"260220_Day12_WellJ16_Channel405nm Binned,561nm Binned,488nm Binned_Seq0123.nd2",561nm Binned,488nm Binned,1,whole_field_foreground,stable_channel,440696,7261356.0,5913078.0,13.739330291748047,1348278.0,450,0.0010211120591041873,111.43265048556857,17.0,4.385651920446388,4.385651920446388,screening metric for punctate-to-diffuse reporter redistribution; not rupture proof
J16,J,16,PLD3_TMEM106B_mCherry_primary,site0,16,"260224_day16_WellJ16_Channel405nm Binned,561nm Binned,488nm Binned_Seq0123.nd2",561nm Binned,488nm Binned,2,whole_field_foreground,stable_channel,442986,8296779.0,6669402.0,15.419442176818848,1627377.0,418,0.0009435964116226165,136.41398818641187,19.0,4.098252586828929,4.098252586828929,screening metric for punctate-to-diffuse reporter redistribution; not rupture proof
J16,J,16,PLD3_TMEM106B_mCherry_primary,site0,20,"260228_day20_WellJ16_Channel405nm Binned,561nm Binned,488nm Binned_Seq0123.nd2",561nm Binned,488nm Binned,3,whole_field_foreground,stable_channel,479107,7817385.0,6254020.0,13.368460655212402,1563365.0,502,0.001047782645628121,123.27575596205267,17.0,4.00035820169698,4.00035820169698,screening metric for punctate-to-diffuse reporter redistribution; not rupture proof
J16,J,16,PLD3_TMEM106B_mCherry_primary,site0,25,"260305_day25_iNeurons_WellJ16_Channel405nm Binned,561nm Binned,488nm Binned_Seq0123.nd2",561nm Binned,488nm Binned,4,whole_field_foreground,stable_channel,339834,4771248.0,4119926.0,12.399779319763184,651322.0,466,0.001371257731712038,76.65629478585566,13.0,6.325482633772043,6.325482633772043,screening metric for punctate-to-diffuse reporter redistribution; not rupture proof
J16,J,16,PLD3_TMEM106B_mCherry_primary,site0,29,"260309_Day29_WellJ16_Channel405nm Binned,561nm Binned,488nm Binned_Seq0123.nd2",561nm Binned,488nm Binned,5,whole_field_foreground,stable_channel,383922,7994878.0,6771232.0,18.027629852294922,1223646.0,573,0.0014924906621618648,134.99674597668607,12.0,5.533652706742363,5.533652706742363,screening metric for punctate-to-diffuse reporter redistribution; not rupture proof
J16,J,16,PLD3_TMEM106B_mCherry_primary,site0,32,"260312_Day32_WellJ16_Channel405nm Binned,561 nm,488nm Binned_Seq0123.nd2",561nm Binned,488nm Binned,6,whole_field_foreground,stable_channel,446805,8786780.0,7330789.0,16.77829360961914,1455991.0,597,0.0013361533554876598,129.4699597127074,12.0,5.03491367734757,5.03491367734757,screening metric for punctate-to-diffuse reporter redistribution; not rupture proof
J16,J,16,PLD3_TMEM106B_mCherry_primary,site0,36,"260316_Day36_WellJ16_Channel405nm Binned,561nm Binned,488nm Binned_Seq0123.nd2",561nm Binned,488nm Binned,7,whole_field_foreground,stable_channel,474405,9924817.0,8174034.0,17.62864875793457,1750783.0,628,0.0013237634510569582,143.48158680861164,12.0,4.668787622449687,4.668787622449687,screening metric for punctate-to-diffuse reporter redistribution; not rupture proof
J16,J,16,PLD3_TMEM106B_mCherry_primary,site0,39,"260319_Day39_WellJ16_Channel405nm Binned,561nm Binned,488nm Binned_Seq0123.nd2",561nm Binned,488nm Binned,8,whole_field_foreground,stable_channel,469376,9293170.0,7624256.0,16.614778518676758,1668914.0,608,0.0012953367875620072,137.59216504347953,13.0,4.568393578096553,4.568393578096553,screening metric for punctate-to-diffuse reporter redistribution; not rupture proof
J14,J,14,PLD3_TMEM106B_mCherry_primary,site0,8,"260216_Day8_iNeurons_WellJ14_Channel405nm Binned,561nm Binned,488nm Binned_Seq0121.nd2",561nm Binned,488nm Binned,0,whole_field_foreground,stable_channel,494241,10587351.0,7979777.0,16.544090270996094,2607574.0,513,0.0010379551676185546,198.6725465354399,20.0,3.0602303136927045,3.0602303136927045,screening metric for punctate-to-diffuse reporter redistribution; not rupture proof
J14,J,14,PLD3_TMEM106B_mCherry_primary,site0,12,"260220_Day12_WellJ14_Channel405nm Binned,561nm Binned,488nm Binned_Seq0121.nd2",561nm Binned,488nm Binned,1,whole_field_foreground,stable_channel,498069,8294406.0,6556275.0,13.48062515258789,1738131.0,495,0.0009938382031385333,128.02334639424026,18.0,3.7720258139324527,3.7720258139324527,screening metric for punctate-to-diffuse reporter redistribution; not rupture proof
J14,J,14,PLD3_TMEM106B_mCherry_primary,site0,16,"260224_day16_WellJ14_Channel405nm Binned,561nm Binned,488nm Binned_Seq0121.nd2",561nm Binned,488nm Binned,2,whole_field_foreground,stable_channel,506930,9849272.0,8009731.0,16.180620193481445,1839541.0,505,0.0009961927682303352,138.62199131427425,17.0,4.354200857711596,4.354200857711596,screening metric for punctate-to-diffuse reporter redistribution; not rupture proof
J14,J,14,PLD3_TMEM106B_mCherry_primary,site0,20,"260228_day20_WellJ14_Channel405nm Binned,561nm Binned,488nm Binned_Seq0121.nd2",561nm Binned,488nm Binned,3,whole_field_foreground,stable_channel,533436,9075316.0,7407677.0,14.219036102294922,1667639.0,592,0.0011097863661224405,119.70624392741435,15.0,4.442014728604667,4.442014728604667,screening metric for punctate-to-diffuse reporter redistribution; not rupture proof
J14,J,14,PLD3_TMEM106B_mCherry_primary,site0,25,"260305_day25_iNeurons_WellJ14_Channel405nm Binned,561nm Binned,488nm Binned_Seq0121.nd2",561nm Binned,488nm Binned,4,whole_field_foreground,stable_channel,417701,5368710.0,4597524.0,11.255254745483398,771186.0,551,0.0013191254030961881,74.01804741584237,12.0,5.96162793410933,5.96162793410933,screening metric for punctate-to-diffuse reporter redistribution; not rupture proof
J14,J,14,PLD3_TMEM106B_mCherry_primary,site0,29,"260309_Day29_WellJ14_Channel405nm Binned,561nm Binned,488nm Binned_Seq0121.nd2",561nm Binned,488nm Binned,5,whole_field_foreground,stable_channel,501453,8850441.0,7482623.0,15.259479522705078,1367818.0,721,0.0014378216901655035,111.07598264802677,12.0,5.47048145293784,5.47048145293784,screening metric for punctate-to-diffuse reporter redistribution; not rupture proof
J14,J,14,PLD3_TMEM106B_mCherry_primary,site0,32,"260312_Day32_WellJ14_Channel405nm Binned,561 nm,488nm Binned_Seq0121.nd2",561nm Binned,488nm Binned,6,whole_field_foreground,stable_channel,532912,9641354.0,8103548.0,15.549239158630371,1537806.0,774,0.0014523973939384882,116.60898277125001,12.0,5.26955155591455,5.26955155591455,screening metric for punctate-to-diffuse reporter redistribution; not rupture proof
J14,J,14,PLD3_TMEM106B_mCherry_primary,site0,36,"260316_Day36_WellJ14_Channel405nm Binned,561nm Binned,488nm Binned_Seq0121.nd2",561nm Binned,488nm Binned,7,whole_field_foreground,stable_channel,589891,10882770.0,9043660.0,15.67763614654541,1839110.0,805,0.0013646588946070297,126.60198819178231,12.0,4.9174111390809045,4.9174111390809045,screening metric for punctate-to-diffuse reporter redistribution; not rupture proof
J14,J,14,PLD3_TMEM106B_mCherry_primary,site0,39,"260319_Day39_WellJ14_Channel405nm Binned,561nm Binned,488nm Binned_Seq0121.nd2",561nm Binned,488nm Binned,8,whole_field_foreground,stable_channel,577146,11104190.0,9325361.0,16.519390106201172,1778829.0,775,0.0013428144698198674,124.30355189169607,12.0,5.242415656589114,5.242415656589114,screening metric for punctate-to-diffuse reporter redistribution; not rupture proof
J20,J,20,PLD3_TMEM106B_mCherry_primary,site0,8,"260216_Day8_iNeurons_WellJ20_Channel405nm Binned,561nm Binned,488nm Binned_Seq0127.nd2",561nm Binned,488nm Binned,0,whole_field_foreground,stable_channel,281005,5702873.0,4361947.0,15.908483505249023,1340926.0,277,0.0009857475845590443,174.32672378044265,21.0,3.2529364036469923,3.2529364036469923,screening metric for punctate-to-diffuse reporter redistribution; not rupture proof
J20,J,20,PLD3_TMEM106B_mCherry_primary,site0,12,"260220_Day12_WellJ20_Channel405nm Binned,561nm Binned,488nm Binned_Seq0127.nd2",561nm Binned,488nm Binned,1,whole_field_foreground,stable_channel,227754,3920486.0,3213808.0,14.450250625610352,706678.0,226,0.0009922987082510415,112.5735707240822,18.0,4.547768573516442,4.547768573516442,screening metric for punctate-to-diffuse reporter redistribution; not rupture proof
J20,J,20,PLD3_TMEM106B_mCherry_primary,site0,16,"260224_day16_WellJ20_Channel405nm Binned,561nm Binned,488nm Binned_Seq0127.nd2",561nm Binned,488nm Binned,2,whole_field_foreground,stable_channel,281133,4521100.0,3641316.0,13.271214485168457,879784.0,253,0.0008999299264017389,116.83950837327558,24.0,4.1388749965853675,4.1388749965853675,screening metric for punctate-to-diffuse reporter redistribution; not rupture proof
J20,J,20,PLD3_TMEM106B_mCherry_primary,site0,20,"260228_day20_WellJ20_Channel405nm Binned,561nm Binned,488nm Binned_Seq0127.nd2",561nm Binned,488nm Binned,3,whole_field_foreground,stable_channel,309559,4883761.0,3979062.0,13.163323402404785,904699.0,296,0.0009561989798359725,111.54600200137577,17.5,4.398216423358047,4.398216423358047,screening metric for punctate-to-diffuse reporter redistribution; not rupture proof
J20,J,20,PLD3_TMEM106B_mCherry_primary,site0,25,"260305_day25_iNeurons_WellJ20_Channel405nm Binned,561nm Binned,488nm Binned_Seq0127.nd2",561nm Binned,488nm Binned,4,whole_field_foreground,stable_channel,142391,2199092.0,1943050.0,13.942866325378418,256042.0,189,0.00132733108130902,71.85689068345165,11.0,7.588794025950474,7.588794025950474,screening metric for punctate-to-diffuse reporter redistribution; not rupture proof
J20,J,20,PLD3_TMEM106B_mCherry_primary,site0,29,"260309_Day29_WellJ20_Channel405nm Binned,561nm Binned,488nm Binned_Seq0127.nd2",561nm Binned,488nm Binned,5,whole_field_foreground,stable_channel,242285,4580183.0,3986919.0,16.815135955810547,593264.0,351,0.0014487071011352387,104.76457080678043,12.0,6.7203116993333145,6.7203116993333145,screening metric for punctate-to-diffuse reporter redistribution; not rupture proof
J20,J,20,PLD3_TMEM106B_mCherry_primary,site0,32,"260312_Day32_WellJ20_Channel405nm Binned,561 nm,488nm Binned_Seq0127.nd2",561nm Binned,488nm Binned,6,whole_field_foreground,stable_channel,271961,4537994.0,3883814.0,14.604702949523926,654180.0,372,0.0013678431833925898,97.01516849763932,12.0,5.9369195022685854,5.9369195022685854,screening metric for punctate-to-diffuse reporter redistribution; not rupture proof
J20,J,20,PLD3_TMEM106B_mCherry_primary,site0,36,"260316_Day36_WellJ20_Channel405nm Binned,561nm Binned,488nm Binned_Seq0127.nd2",561nm Binned,488nm Binned,7,whole_field_foreground,stable_channel,330961,6034256.0,5107767.0,15.789469718933105,926489.0,436,0.0013173757633034788,109.6129444279802,13.0,5.513035772679964,5.513035772679964,screening metric for punctate-to-diffuse reporter redistribution; not rupture proof
J20,J,20,PLD3_TMEM106B_mCherry_primary,site0,39,"260319_Day39_WellJ20_Channel405nm Binned,561nm Binned,488nm Binned_Seq0127.nd2",561nm Binned,488nm Binned,8,whole_field_foreground,stable_channel,283897,5308181.0,4443083.0,16.011917114257812,865098.0,357,0.00125749831804754,116.81127220175179,13.0,5.135930264542126,5.135930264542126,screening metric for punctate-to-diffuse reporter redistribution; not rupture proof
J17,J,17,PLD3_TMEM106B_mCherry_primary,site0,8,"260216_Day8_iNeurons_WellJ17_Channel405nm Binned,561nm Binned,488nm Binned_Seq0124.nd2",561nm Binned,488nm Binned,0,whole_field_foreground,stable_channel,511738,10913158.0,8267633.0,16.54830551147461,2645525.0,551,0.001076722854270981,198.56178304461082,19.0,3.1251388665753965,3.1251388665753965,screening metric for punctate-to-diffuse reporter redistribution; not rupture proof
J17,J,17,PLD3_TMEM106B_mCherry_primary,site0,12,"260220_Day12_WellJ17_Channel405nm Binned,561nm Binned,488nm Binned_Seq0124.nd2",561nm Binned,488nm Binned,1,whole_field_foreground,stable_channel,501173,8962217.0,7327174.0,14.967497825622559,1635043.0,543,0.0010834582070441076,119.53267798941877,15.0,4.481334130047662,4.481334130047662,screening metric for punctate-to-diffuse reporter redistribution; not rupture proof
J17,J,17,PLD3_TMEM106B_mCherry_primary,site0,16,"260224_day16_WellJ17_Channel405nm Binned,561nm Binned,488nm Binned_Seq0124.nd2",561nm Binned,488nm Binned,2,whole_field_foreground,stable_channel,520293,9193031.0,7386768.0,14.541511535644531,1806263.0,510,0.0009802169162356975,130.46624854592716,19.0,4.089530705105464,4.089530705105464,screening metric for punctate-to-diffuse reporter redistribution; not rupture proof
J17,J,17,PLD3_TMEM106B_mCherry_primary,site0,20,"260228_day20_WellJ17_Channel405nm Binned,561nm Binned,488nm Binned_Seq0124.nd2",561nm Binned,488nm Binned,3,whole_field_foreground,stable_channel,507017,10375204.0,8747821.0,17.662981033325195,1627383.0,544,0.0010729423273754667,124.97132018033196,15.0,5.375391656416851,5.375391656416851,screening metric for punctate-to-diffuse reporter redistribution; not rupture proof
J17,J,17,PLD3_TMEM106B_mCherry_primary,site0,25,"260305_day25_iNeurons_WellJ17_Channel405nm Binned,561nm Binned,488nm Binned_Seq0124.nd2",561nm Binned,488nm Binned,4,whole_field_foreground,stable_channel,333425,4990079.0,4346998.0,13.324703216552734,643081.0,489,0.0014665966859069757,81.41010317188099,11.0,6.759643030960704,6.759643030960704,screening metric for punctate-to-diffuse reporter redistribution; not rupture proof
J17,J,17,PLD3_TMEM106B_mCherry_primary,site0,29,"260309_Day29_WellJ17_Channel405nm Binned,561nm Binned,488nm Binned_Seq0124.nd2",561nm Binned,488nm Binned,5,whole_field_foreground,stable_channel,518832,8268113.0,6876115.0,13.549849510192871,1391998.0,692,0.0013337650723137088,107.44950871660531,12.0,4.939744884687378,4.939744884687378,screening metric for punctate-to-diffuse reporter redistribution; not rupture proof
J17,J,17,PLD3_TMEM106B_mCherry_primary,site0,32,"260312_Day32_WellJ17_Channel405nm Binned,561 nm,488nm Binned_Seq0124.nd2",561nm Binned,488nm Binned,6,whole_field_foreground,stable_channel,558468,9576624.0,8014299.0,14.676079750061035,1562325.0,788,0.0014110029580899693,111.26360257628001,11.5,5.129725889296318,5.129725889296318,screening metric for punctate-to-diffuse reporter redistribution; not rupture proof
J17,J,17,PLD3_TMEM106B_mCherry_primary,site0,36,"260316_Day36_WellJ17_Channel405nm Binned,561nm Binned,488nm Binned_Seq0124.nd2",561nm Binned,488nm Binned,7,whole_field_foreground,stable_channel,574413,10692972.0,8833167.0,15.731542587280273,1859805.0,772,0.001343980724667889,127.33831426887315,13.0,4.749512448883216,4.749512448883216,screening metric for punctate-to-diffuse reporter redistribution; not rupture proof
J17,J,17,PLD3_TMEM106B_mCherry_primary,site0,39,"260319_Day39_WellJ17_Channel405nm Binned,561nm Binned,488nm Binned_Seq0124.nd2",561nm Binned,488nm Binned,8,whole_field_foreground,stable_channel,604569,11501040.0,9561384.0,16.172731399536133,1939656.0,765,0.0012653642512248141,122.38207517636367,12.0,4.929422536777176,4.929422536777176,screening metric for punctate-to-diffuse reporter redistribution; not rupture proof
J19,J,19,PLD3_TMEM106B_mCherry_primary,site0,8,"260216_Day8_iNeurons_WellJ19_Channel405nm Binned,561nm Binned,488nm Binned_Seq0126.nd2",561nm Binned,488nm Binned,0,whole_field_foreground,stable_channel,642046,13320303.0,10127481.0,16.158750534057617,3192822.0,679,0.0010575566236670619,188.95309596560313,20.0,3.1719528993463553,3.1719528993463553,screening metric for punctate-to-diffuse reporter redistribution; not rupture proof
J19,J,19,PLD3_TMEM106B_mCherry_primary,site0,12,"260220_Day12_WellJ19_Channel405nm Binned,561nm Binned,488nm Binned_Seq0126.nd2",561nm Binned,488nm Binned,1,whole_field_foreground,stable_channel,618765,9504292.0,7628940.0,12.624675750732422,1875352.0,636,0.0010278538702075458,109.62072508590026,17.0,4.068004299990579,4.068004299990579,screening metric for punctate-to-diffuse reporter redistribution; not rupture proof
J19,J,19,PLD3_TMEM106B_mCherry_primary,site0,16,"260224_day16_WellJ19_Channel405nm Binned,561nm Binned,488nm Binned_Seq0126.nd2",561nm Binned,488nm Binned,2,whole_field_foreground,stable_channel,618271,11777504.0,9587420.0,15.87891674041748,2190084.0,625,0.001010883576941162,134.24122611083985,17.0,4.377649441754573,4.377649441754573,screening metric for punctate-to-diffuse reporter redistribution; not rupture proof
J19,J,19,PLD3_TMEM106B_mCherry_primary,site0,20,"260228_day20_WellJ19_Channel405nm Binned,561nm Binned,488nm Binned_Seq0126.nd2",561nm Binned,488nm Binned,3,whole_field_foreground,stable_channel,610595,11223382.0,9358642.0,15.687705993652344,1864740.0,683,0.0011185810561810715,118.9626954387257,15.0,5.018738269139387,5.018738269139387,screening metric for punctate-to-diffuse reporter redistribution; not rupture proof
J19,J,19,PLD3_TMEM106B_mCherry_primary,site0,25,"260305_day25_iNeurons_WellJ19_Channel405nm Binned,561nm Binned,488nm Binned_Seq0126.nd2",561nm Binned,488nm Binned,4,whole_field_foreground,stable_channel,422157,5884292.0,5052584.0,12.237533569335938,831708.0,564,0.0013359958498820675,79.21002214851109,12.0,6.074949381265931,6.074949381265931,screening metric for punctate-to-diffuse reporter redistribution; not rupture proof
J19,J,19,PLD3_TMEM106B_mCherry_primary,site0,29,"260309_Day29_WellJ19_Channel405nm Binned,561nm Binned,488nm Binned_Seq0126.nd2",561nm Binned,488nm Binned,5,whole_field_foreground,stable_channel,602147,10814722.0,9202432.0,15.626927375793457,1612290.0,830,0.00137840095524618,108.68305522964661,12.0,5.707677899133712,5.707677899133712,screening metric for punctate-to-diffuse reporter redistribution; not rupture proof
J19,J,19,PLD3_TMEM106B_mCherry_primary,site0,32,"260312_Day32_WellJ19_Channel405nm Binned,561 nm,488nm Binned_Seq0126.nd2",561nm Binned,488nm Binned,6,whole_field_foreground,stable_channel,603566,12440300.0,10630323.0,18.002941131591797,1809977.0,875,0.0014497171808858522,125.03418324933733,11.0,5.873181261416099,5.873181261416099,screening metric for punctate-to-diffuse reporter redistribution; not rupture proof
J19,J,19,PLD3_TMEM106B_mCherry_primary,site0,36,"260316_Day36_WellJ19_Channel405nm Binned,561nm Binned,488nm Binned_Seq0126.nd2",561nm Binned,488nm Binned,7,whole_field_foreground,stable_channel,717195,13071872.0,10977296.0,15.652826309204102,2094576.0,957,0.0013343651308203009,117.57349804327157,12.0,5.24082009914883,5.24082009914883,screening metric for punctate-to-diffuse reporter redistribution; not rupture proof
J19,J,19,PLD3_TMEM106B_mCherry_primary,site0,39,"260319_Day39_WellJ19_Channel405nm Binned,561nm Binned,488nm Binned_Seq0126.nd2",561nm Binned,488nm Binned,8,whole_field_foreground,stable_channel,669849,11979830.0,9943641.0,15.187460899353027,2036189.0,886,0.001322686157624595,118.74736791485857,12.0,4.8834567910911595,4.8834567910911595,screening metric for punctate-to-diffuse reporter redistribution; not rupture proof
M09,M,09,PLD3_mCherry_reporter_control,site0,8,"260216_Day8_iNeurons_WellM09_Channel405nm Binned,561nm Binned,488nm Binned_Seq0164.nd2",561nm Binned,488nm Binned,0,whole_field_foreground,stable_channel,111640,2663259.0,1911174.0,17.53563690185547,752085.0,122,0.0010927982801765246,258.1623755283043,17.0,2.541167554195947,2.541167554195947,screening metric for punctate-to-diffuse reporter redistribution; not rupture proof
M09,M,09,PLD3_mCherry_reporter_control,site0,12,"260220_Day12_WellM09_Channel405nm Binned,561nm Binned,488nm Binned_Seq0164.nd2",561nm Binned,488nm Binned,1,whole_field_foreground,stable_channel,128852,2931780.0,2245524.0,17.84087562561035,686256.0,131,0.0010166702883849946,194.48674395612179,17.0,3.2721375113612527,3.2721375113612527,screening metric for punctate-to-diffuse reporter redistribution; not rupture proof
M09,M,09,PLD3_mCherry_reporter_control,site0,16,"260224_day16_WellM09_Channel405nm Binned,561nm Binned,488nm Binned_Seq0164.nd2",561nm Binned,488nm Binned,2,whole_field_foreground,stable_channel,122374,4198086.0,3052444.0,25.54431915283203,1145642.0,116,0.0009479137725256352,360.3682053664635,18.0,2.664396032964343,2.664396032964343,screening metric for punctate-to-diffuse reporter redistribution; not rupture proof
M09,M,09,PLD3_mCherry_reporter_control,site0,20,"260228_day20_WellM09_Channel405nm Binned,561nm Binned,488nm Binned_Seq0164.nd2",561nm Binned,488nm Binned,3,whole_field_foreground,stable_channel,96239,3468297.0,2628152.0,27.944793701171875,840145.0,111,0.0011533785679282477,348.15140705280476,14.0,3.128212391904816,3.128212391904816,screening metric for punctate-to-diffuse reporter redistribution; not rupture proof
M09,M,09,PLD3_mCherry_reporter_control,site0,25,"260305_day25_iNeurons_WellM09_Channel405nm Binned,561nm Binned,488nm Binned_Seq0164.nd2",561nm Binned,488nm Binned,4,whole_field_foreground,stable_channel,76114,2387322.0,1945292.0,26.142532348632812,442030.0,124,0.001629135244480265,238.34267167122132,11.0,4.400814424350382,4.400814424350382,screening metric for punctate-to-diffuse reporter redistribution; not rupture proof
M09,M,09,PLD3_mCherry_reporter_control,site0,29,"260309_Day29_WellM09_Channel405nm Binned,561nm Binned,488nm Binned_Seq0164.nd2",561nm Binned,488nm Binned,5,whole_field_foreground,stable_channel,85006,3085818.0,2393553.0,28.797046661376953,692265.0,122,0.0014351928099024165,332.8368256365667,12.0,3.457567549993922,3.457567549993922,screening metric for punctate-to-diffuse reporter redistribution; not rupture proof
M09,M,09,PLD3_mCherry_reporter_control,site0,32,"260312_Day32_WellM09_Channel405nm Binned,561 nm,488nm Binned_Seq0164.nd2",561nm Binned,488nm Binned,6,whole_field_foreground,stable_channel,130563,5018741.0,3831539.0,30.02585220336914,1187202.0,173,0.001325030828019232,354.82481975224664,13.0,3.2273690576639633,3.2273690576639633,screening metric for punctate-to-diffuse reporter redistribution; not rupture proof
M09,M,09,PLD3_mCherry_reporter_control,site0,36,"260316_Day36_WellM09_Channel405nm Binned,561nm Binned,488nm Binned_Seq0164.nd2",561nm Binned,488nm Binned,7,whole_field_foreground,stable_channel,111077,4776293.0,3656654.0,33.68077087402344,1119639.0,152,0.001368420104959907,399.5817926306474,14.0,3.2659223196018843,3.2659223196018843,screening metric for punctate-to-diffuse reporter redistribution; not rupture proof
M09,M,09,PLD3_mCherry_reporter_control,site0,39,"260319_Day39_WellM09_Channel405nm Binned,561nm Binned,488nm Binned_Seq0164.nd2",561nm Binned,488nm Binned,8,whole_field_foreground,stable_channel,137447,5656104.0,4189997.0,31.19948387145996,1466107.0,172,0.0012513914454207703,404.5543106433957,15.0,2.8579066875726955,2.8579066875726955,screening metric for punctate-to-diffuse reporter redistribution; not rupture proof
M07,M,07,PLD3_mCherry_reporter_control,site0,8,"260216_Day8_iNeurons_WellM07_Channel405nm Binned,561nm Binned,488nm Binned_Seq0162.nd2",561nm Binned,488nm Binned,0,whole_field_foreground,stable_channel,166235,4036129.0,2854619.0,17.588966369628906,1181510.0,190,0.0011429602670848921,273.05203190853723,16.0,2.4160768846624947,2.4160768846624947,screening metric for punctate-to-diffuse reporter redistribution; not rupture proof
M07,M,07,PLD3_mCherry_reporter_control,site0,12,"260220_Day12_WellM07_Channel405nm Binned,561nm Binned,488nm Binned_Seq0162.nd2",561nm Binned,488nm Binned,1,whole_field_foreground,stable_channel,186578,4206385.0,3059254.0,16.794599533081055,1147131.0,187,0.0010022617886299443,228.82870683313052,18.0,2.6668741407889187,2.6668741407889187,screening metric for punctate-to-diffuse reporter redistribution; not rupture proof
M07,M,07,PLD3_mCherry_reporter_control,site0,16,"260224_day16_WellM07_Channel405nm Binned,561nm Binned,488nm Binned_Seq0162.nd2",561nm Binned,488nm Binned,2,whole_field_foreground,stable_channel,176527,5781535.0,4217211.0,24.467031478881836,1564324.0,168,0.0009516957745786667,335.1865783873059,18.0,2.695867991539671,2.695867991539671,screening metric for punctate-to-diffuse reporter redistribution; not rupture proof
M07,M,07,PLD3_mCherry_reporter_control,site0,20,"260228_day20_WellM07_Channel405nm Binned,561nm Binned,488nm Binned_Seq0162.nd2",561nm Binned,488nm Binned,3,whole_field_foreground,stable_channel,181409,5852290.0,4391887.0,24.78729248046875,1460403.0,203,0.0011190183507923035,307.21816926401823,13.0,3.0073116804039657,3.0073116804039657,screening metric for punctate-to-diffuse reporter redistribution; not rupture proof
M07,M,07,PLD3_mCherry_reporter_control,site0,25,"260305_day25_iNeurons_WellM07_Channel405nm Binned,561nm Binned,488nm Binned_Seq0162.nd2",561nm Binned,488nm Binned,4,whole_field_foreground,stable_channel,126557,3986062.0,3261395.0,26.33661651611328,724667.0,208,0.0016435282125710667,240.7765695131742,11.0,4.500543008023684,4.500543008023684,screening metric for punctate-to-diffuse reporter redistribution; not rupture proof
M07,M,07,PLD3_mCherry_reporter_control,site0,29,"260309_Day29_WellM07_Channel405nm Binned,561nm Binned,488nm Binned_Seq0162.nd2",561nm Binned,488nm Binned,5,whole_field_foreground,stable_channel,160328,5251579.0,4042503.0,25.791467666625977,1209076.0,242,0.0015094057182681165,298.8167723348318,11.5,3.3434647615176023,3.3434647615176023,screening metric for punctate-to-diffuse reporter redistribution; not rupture proof
M07,M,07,PLD3_mCherry_reporter_control,site0,32,"260312_Day32_WellM07_Channel405nm Binned,561 nm,488nm Binned_Seq0162.nd2",561nm Binned,488nm Binned,6,whole_field_foreground,stable_channel,194058,8012625.0,6238875.0,32.878753662109375,1773750.0,267,0.0013758773150224371,367.0867474159498,12.0,3.51733615221789,3.51733615221789,screening metric for punctate-to-diffuse reporter redistribution; not rupture proof
M07,M,07,PLD3_mCherry_reporter_control,site0,36,"260316_Day36_WellM07_Channel405nm Binned,561nm Binned,488nm Binned_Seq0162.nd2",561nm Binned,488nm Binned,7,whole_field_foreground,stable_channel,244260,11533699.0,9046626.0,37.88655090332031,2487073.0,334,0.0013673953983404266,405.0882108311453,12.0,3.637458972855386,3.637458972855386,screening metric for punctate-to-diffuse reporter redistribution; not rupture proof
M07,M,07,PLD3_mCherry_reporter_control,site0,39,"260319_Day39_WellM07_Channel405nm Binned,561nm Binned,488nm Binned_Seq0162.nd2",561nm Binned,488nm Binned,8,whole_field_foreground,stable_channel,255026,12775825.0,10087056.0,40.465572357177734,2688769.0,377,0.0014782806458891317,419.20734350877353,12.0,3.751551732408492,3.751551732408492,screening metric for punctate-to-diffuse reporter redistribution; not rupture proof
M08,M,08,PLD3_mCherry_reporter_control,site0,8,"260216_Day8_iNeurons_WellM08_Channel405nm Binned,561nm Binned,488nm Binned_Seq0163.nd2",561nm Binned,488nm Binned,0,whole_field_foreground,stable_channel,272932,6620855.0,4769379.0,17.897968292236328,1851476.0,281,0.0010295604765984583,265.5663228425267,20.0,2.5759874824180407,2.5759874824180407,screening metric for punctate-to-diffuse reporter redistribution; not rupture proof
M08,M,08,PLD3_mCherry_reporter_control,site0,12,"260220_Day12_WellM08_Channel405nm Binned,561nm Binned,488nm Binned_Seq0163.nd2",561nm Binned,488nm Binned,1,whole_field_foreground,stable_channel,273837,5848531.0,4332463.0,16.20296859741211,1516068.0,305,0.00111380127593746,208.87004049332415,17.0,2.8576970162269384,2.8576970162269384,screening metric for punctate-to-diffuse reporter redistribution; not rupture proof
M08,M,08,PLD3_mCherry_reporter_control,site0,16,"260224_day16_WellM08_Channel405nm Binned,561nm Binned,488nm Binned_Seq0163.nd2",561nm Binned,488nm Binned,2,whole_field_foreground,stable_channel,258768,9584759.0,7280717.0,28.80474853515625,2304042.0,297,0.0011477462437351304,352.6813052912754,16.0,3.1599758164116976,3.1599758164116976,screening metric for punctate-to-diffuse reporter redistribution; not rupture proof
M08,M,08,PLD3_mCherry_reporter_control,site0,20,"260228_day20_WellM08_Channel405nm Binned,561nm Binned,488nm Binned_Seq0163.nd2",561nm Binned,488nm Binned,3,whole_field_foreground,stable_channel,279733,10180510.0,7783057.0,28.475467681884766,2397453.0,345,0.0012333189148179395,348.2194626075634,14.0,3.2463856434294036,3.2463856434294036,screening metric for punctate-to-diffuse reporter redistribution; not rupture proof
M08,M,08,PLD3_mCherry_reporter_control,site0,25,"260305_day25_iNeurons_WellM08_Channel405nm Binned,561nm Binned,488nm Binned_Seq0163.nd2",561nm Binned,488nm Binned,4,whole_field_foreground,stable_channel,224557,5826191.0,4678565.0,21.31202507019043,1147626.0,347,0.0015452646766676377,208.08136709691468,11.0,4.07673318659208,4.07673318659208,screening metric for punctate-to-diffuse reporter redistribution; not rupture proof
M08,M,08,PLD3_mCherry_reporter_control,site0,29,"260309_Day29_WellM08_Channel405nm Binned,561nm Binned,488nm Binned_Seq0163.nd2",561nm Binned,488nm Binned,5,whole_field_foreground,stable_channel,267740,10853400.0,8512290.0,32.515594482421875,2341110.0,410,0.0015313363711005777,358.5099600443026,12.0,3.6360059971536427,3.6360059971536427,screening metric for punctate-to-diffuse reporter redistribution; not rupture proof
M08,M,08,PLD3_mCherry_reporter_control,site0,32,"260312_Day32_WellM08_Channel405nm Binned,561 nm,488nm Binned_Seq0163.nd2",561nm Binned,488nm Binned,6,whole_field_foreground,stable_channel,329795,14129137.0,10840767.0,33.625,3288370.0,461,0.0013978380509061755,391.99260941710236,12.0,3.296699276540263,3.296699276540263,screening metric for punctate-to-diffuse reporter redistribution; not rupture proof
M08,M,08,PLD3_mCherry_reporter_control,site0,36,"260316_Day36_WellM08_Channel405nm Binned,561nm Binned,488nm Binned_Seq0163.nd2",561nm Binned,488nm Binned,7,whole_field_foreground,stable_channel,316388,15229327.0,11696261.0,37.826148986816406,3533066.0,425,0.0013432873560269565,426.1684935805377,13.0,3.3105130218333567,3.3105130218333567,screening metric for punctate-to-diffuse reporter redistribution; not rupture proof
M08,M,08,PLD3_mCherry_reporter_control,site0,39,"260319_Day39_WellM08_Channel405nm Binned,561nm Binned,488nm Binned_Seq0163.nd2",561nm Binned,488nm Binned,8,whole_field_foreground,stable_channel,323405,14423164.0,11063379.0,34.9971809387207,3359785.0,406,0.0012553918461333145,403.31127501238745,14.0,3.2928830267403146,3.2928830267403146,screening metric for punctate-to-diffuse reporter redistribution; not rupture proof
M11,M,11,PLD3_mCherry_reporter_control,site0,8,"260216_Day8_iNeurons_WellM11_Channel405nm Binned,561nm Binned,488nm Binned_Seq0166.nd2",561nm Binned,488nm Binned,0,whole_field_foreground,stable_channel,126728,3021849.0,2142450.0,17.312726974487305,879399.0,141,0.001112619152822481,277.98099831655514,18.0,2.436266131753122,2.436266131753122,screening metric for punctate-to-diffuse reporter redistribution; not rupture proof
M11,M,11,PLD3_mCherry_reporter_control,site0,12,"260220_Day12_WellM11_Channel405nm Binned,561nm Binned,488nm Binned_Seq0166.nd2",561nm Binned,488nm Binned,1,whole_field_foreground,stable_channel,121258,2908243.0,2122665.0,17.933366775512695,785578.0,125,0.001030859819549796,233.6111176147461,17.0,2.7020423178822446,2.7020423178822446,screening metric for punctate-to-diffuse reporter redistribution; not rupture proof
M11,M,11,PLD3_mCherry_reporter_control,site0,16,"260224_day16_WellM11_Channel405nm Binned,561nm Binned,488nm Binned_Seq0166.nd2",561nm Binned,488nm Binned,2,whole_field_foreground,stable_channel,148420,4950471.0,3552957.0,24.527339935302734,1397514.0,139,0.0009365314647558514,351.04265764634386,19.0,2.542340899624231,2.542340899624231,screening metric for punctate-to-diffuse reporter redistribution; not rupture proof
M11,M,11,PLD3_mCherry_reporter_control,site0,20,"260228_day20_WellM11_Channel405nm Binned,561nm Binned,488nm Binned_Seq0166.nd2",561nm Binned,488nm Binned,3,whole_field_foreground,stable_channel,127037,4563172.0,3456998.0,27.856775283813477,1106174.0,143,0.0011256563048472048,342.0952529373702,16.0,3.1251846454507834,3.1251846454507834,screening metric for punctate-to-diffuse reporter redistribution; not rupture proof
M11,M,11,PLD3_mCherry_reporter_control,site0,25,"260305_day25_iNeurons_WellM11_Channel405nm Binned,561nm Binned,488nm Binned_Seq0166.nd2",561nm Binned,488nm Binned,4,whole_field_foreground,stable_channel,105237,2769864.0,2188035.0,21.27817726135254,581829.0,154,0.0014633636458520924,221.66045607529676,12.0,3.760615232304061,3.760615232304061,screening metric for punctate-to-diffuse reporter redistribution; not rupture proof
M11,M,11,PLD3_mCherry_reporter_control,site0,29,"260309_Day29_WellM11_Channel405nm Binned,561nm Binned,488nm Binned_Seq0166.nd2",561nm Binned,488nm Binned,5,whole_field_foreground,stable_channel,63013,2365573.0,1815498.0,29.471891403198242,550075.0,91,0.001444146445948548,335.77655213743776,12.0,3.3004553924404845,3.3004553924404845,screening metric for punctate-to-diffuse reporter redistribution; not rupture proof
M11,M,11,PLD3_mCherry_reporter_control,site0,32,"260312_Day32_WellM11_Channel405nm Binned,561 nm,488nm Binned_Seq0166.nd2",561nm Binned,488nm Binned,6,whole_field_foreground,stable_channel,171065,8182285.0,6425795.0,38.41960906982422,1756490.0,260,0.0015198901002454043,421.0004692664513,13.0,3.6583157319405983,3.6583157319405983,screening metric for punctate-to-diffuse reporter redistribution; not rupture proof
M11,M,11,PLD3_mCherry_reporter_control,site0,36,"260316_Day36_WellM11_Channel405nm Binned,561nm Binned,488nm Binned_Seq0166.nd2",561nm Binned,488nm Binned,7,whole_field_foreground,stable_channel,179876,8616785.0,6742202.0,38.34369659423828,1874583.0,267,0.0014843558896045922,414.8549084038324,12.0,3.5966409596141666,3.5966409596141666,screening metric for punctate-to-diffuse reporter redistribution; not rupture proof
M11,M,11,PLD3_mCherry_reporter_control,site0,39,"260319_Day39_WellM11_Channel405nm Binned,561nm Binned,488nm Binned_Seq0166.nd2",561nm Binned,488nm Binned,8,whole_field_foreground,stable_channel,144063,6394335.0,4940975.0,35.09489440917969,1453360.0,200,0.0013882815157161223,397.8569287872314,13.0,3.399691060712143,3.399691060712143,screening metric for punctate-to-diffuse reporter redistribution; not rupture proof
M12,M,12,PLD3_mCherry_reporter_control,site0,8,"260216_Day8_iNeurons_WellM12_Channel405nm Binned,561nm Binned,488nm Binned_Seq0167.nd2",561nm Binned,488nm Binned,0,whole_field_foreground,stable_channel,162939,4096696.0,2947980.0,18.536558151245117,1148716.0,182,0.0011169824290003193,268.6690399672959,17.0,2.5663262285869037,2.5663262285869037,screening metric for punctate-to-diffuse reporter redistribution; not rupture proof
M12,M,12,PLD3_mCherry_reporter_control,site0,12,"260220_Day12_WellM12_Channel405nm Binned,561nm Binned,488nm Binned_Seq0167.nd2",561nm Binned,488nm Binned,1,whole_field_foreground,stable_channel,155374,4389573.0,3272733.0,21.564905166625977,1116840.0,159,0.001023337237883923,271.25806431800316,18.0,2.9303508112147396,2.9303508112147396,screening metric for punctate-to-diffuse reporter redistribution; not rupture proof
M12,M,12,PLD3_mCherry_reporter_control,site0,16,"260224_day16_WellM12_Channel405nm Binned,561nm Binned,488nm Binned_Seq0167.nd2",561nm Binned,488nm Binned,2,whole_field_foreground,stable_channel,156536,5982441.0,4426684.0,28.967411041259766,1555757.0,158,0.0010093524812119297,375.4632489168191,17.0,2.8453569548439472,2.8453569548439472,screening metric for punctate-to-diffuse reporter redistribution; not rupture proof
M12,M,12,PLD3_mCherry_reporter_control,site0,20,"260228_day20_WellM12_Channel405nm Binned,561nm Binned,488nm Binned_Seq0167.nd2",561nm Binned,488nm Binned,3,whole_field_foreground,stable_channel,190408,7616093.0,5924231.0,31.848649978637695,1691862.0,260,0.0013654888449993409,357.84723182091346,13.0,3.5016041497453685,3.5016041497453685,screening metric for punctate-to-diffuse reporter redistribution; not rupture proof
M12,M,12,PLD3_mCherry_reporter_control,site0,25,"260305_day25_iNeurons_WellM12_Channel405nm Binned,561nm Binned,488nm Binned_Seq0167.nd2",561nm Binned,488nm Binned,4,whole_field_foreground,stable_channel,135332,4108421.0,3344743.0,25.27634620666504,763678.0,205,0.00151479324918338,237.12016802531917,12.0,4.379781792844131,4.379781792844131,screening metric for punctate-to-diffuse reporter redistribution; not rupture proof
M12,M,12,PLD3_mCherry_reporter_control,site0,29,"260309_Day29_WellM12_Channel405nm Binned,561nm Binned,488nm Binned_Seq0167.nd2",561nm Binned,488nm Binned,5,whole_field_foreground,stable_channel,98743,3766738.0,2953635.0,30.60856819152832,813103.0,153,0.0015494769249308866,335.21188643711065,12.0,3.6325471680664903,3.6325471680664903,screening metric for punctate-to-diffuse reporter redistribution; not rupture proof
M12,M,12,PLD3_mCherry_reporter_control,site0,32,"260312_Day32_WellM12_Channel405nm Binned,561 nm,488nm Binned_Seq0167.nd2",561nm Binned,488nm Binned,6,whole_field_foreground,stable_channel,131881,5575541.0,4365578.0,33.846675872802734,1209963.0,182,0.0013800319985336777,376.31911409818207,13.0,3.6080260305450595,3.6080260305450595,screening metric for punctate-to-diffuse reporter redistribution; not rupture proof
M12,M,12,PLD3_mCherry_reporter_control,site0,36,"260316_Day36_WellM12_Channel405nm Binned,561nm Binned,488nm Binned_Seq0167.nd2",561nm Binned,488nm Binned,7,whole_field_foreground,stable_channel,172707,8531892.0,6636340.0,39.31155014038086,1895552.0,238,0.0013780564771469711,437.15178391913406,13.0,3.501006566950682,3.501006566950682,screening metric for punctate-to-diffuse reporter redistribution; not rupture proof
M12,M,12,PLD3_mCherry_reporter_control,site0,39,"260319_Day39_WellM12_Channel405nm Binned,561nm Binned,488nm Binned_Seq0167.nd2",561nm Binned,488nm Binned,8,whole_field_foreground,stable_channel,185993,10321336.0,8298146.0,45.60197448730469,2023190.0,264,0.0014194082572923743,462.5964911489776,12.0,4.101515922872245,4.101515922872245,screening metric for punctate-to-diffuse reporter redistribution; not rupture proof
M13,M,13,PLD3_mCherry_reporter_control,site0,8,"260216_Day8_iNeurons_WellM13_Channel405nm Binned,561nm Binned,488nm Binned_Seq0168.nd2",561nm Binned,488nm Binned,0,whole_field_foreground,stable_channel,223749,5260627.0,3729400.0,17.073348999023438,1531227.0,222,0.0009921832052836338,265.91911467131195,20.5,2.4355631137627305,2.4355631137627305,screening metric for punctate-to-diffuse reporter redistribution; not rupture proof
M13,M,13,PLD3_mCherry_reporter_control,site0,12,"260220_Day12_WellM13_Channel405nm Binned,561nm Binned,488nm Binned_Seq0168.nd2",561nm Binned,488nm Binned,1,whole_field_foreground,stable_channel,155920,3077704.0,2161069.0,14.199063301086426,916635.0,136,0.0008722421754690081,208.56026161418242,19.5,2.357611262931966,2.357611262931966,screening metric for punctate-to-diffuse reporter redistribution; not rupture proof
M13,M,13,PLD3_mCherry_reporter_control,site0,16,"260224_day16_WellM13_Channel405nm Binned,561nm Binned,488nm Binned_Seq0168.nd2",561nm Binned,488nm Binned,2,whole_field_foreground,stable_channel,144943,3971511.0,2830666.0,20.00838279724121,1140845.0,149,0.0010279903134264641,296.125150539731,16.0,2.481201214886789,2.481201214886789,screening metric for punctate-to-diffuse reporter redistribution; not rupture proof
M13,M,13,PLD3_mCherry_reporter_control,site0,20,"260228_day20_WellM13_Channel405nm Binned,561nm Binned,488nm Binned_Seq0168.nd2",561nm Binned,488nm Binned,3,whole_field_foreground,stable_channel,257347,10000040.0,7639104.0,30.386253356933594,2360936.0,323,0.0012551146894999548,366.93540212908766,14.0,3.235625192718805,3.235625192718805,screening metric for punctate-to-diffuse reporter redistribution; not rupture proof
M13,M,13,PLD3_mCherry_reporter_control,site0,25,"260305_day25_iNeurons_WellM13_Channel405nm Binned,561nm Binned,488nm Binned_Seq0168.nd2",561nm Binned,488nm Binned,4,whole_field_foreground,stable_channel,163739,4387799.0,3479966.0,21.73878288269043,907833.0,235,0.0014352109149229247,227.1698947987658,13.0,3.833266691116281,3.833266691116281,screening metric for punctate-to-diffuse reporter redistribution; not rupture proof
M13,M,13,PLD3_mCherry_reporter_control,site0,29,"260309_Day29_WellM13_Channel405nm Binned,561nm Binned,488nm Binned_Seq0168.nd2",561nm Binned,488nm Binned,5,whole_field_foreground,stable_channel,253255,9918868.0,7734973.0,31.24231719970703,2183895.0,359,0.001417543582549535,351.8777085413176,13.0,3.5418245840557625,3.5418245840557625,screening metric for punctate-to-diffuse reporter redistribution; not rupture proof
M13,M,13,PLD3_mCherry_reporter_control,site0,32,"260312_Day32_WellM13_Channel405nm Binned,561 nm,488nm Binned_Seq0168.nd2",561nm Binned,488nm Binned,6,whole_field_foreground,stable_channel,216787,8174273.0,6125503.0,28.914203643798828,2048770.0,316,0.0014576519809699953,366.067195264599,13.0,2.989844150391215,2.989844150391215,screening metric for punctate-to-diffuse reporter redistribution; not rupture proof
M13,M,13,PLD3_mCherry_reporter_control,site0,36,"260316_Day36_WellM13_Channel405nm Binned,561nm Binned,488nm Binned_Seq0168.nd2",561nm Binned,488nm Binned,7,whole_field_foreground,stable_channel,251842,11044886.0,8394078.0,34.114501953125,2650808.0,341,0.0013540235544454299,413.6116202346041,13.0,3.166611086128016,3.166611086128016,screening metric for punctate-to-diffuse reporter redistribution; not rupture proof
M13,M,13,PLD3_mCherry_reporter_control,site0,39,"260319_Day39_WellM13_Channel405nm Binned,561nm Binned,488nm Binned_Seq0168.nd2",561nm Binned,488nm Binned,8,whole_field_foreground,stable_channel,202759,8963378.0,6807874.0,34.370357513427734,2155504.0,261,0.0012872424898461364,405.24911510716,14.0,3.158367602192732,3.158367602192732,screening metric for punctate-to-diffuse reporter redistribution; not rupture proof
M10,M,10,PLD3_mCherry_reporter_control,site0,8,"260216_Day8_iNeurons_WellM10_Channel405nm Binned,561nm Binned,488nm Binned_Seq0165.nd2",561nm Binned,488nm Binned,0,whole_field_foreground,stable_channel,270790,6325353.0,4526669.0,17.12590980529785,1798684.0,282,0.0010413973928097735,251.41234723896,19.5,2.5166560663226467,2.5166560663226467,screening metric for punctate-to-diffuse reporter redistribution; not rupture proof
M10,M,10,PLD3_mCherry_reporter_control,site0,12,"260220_Day12_WellM10_Channel405nm Binned,561nm Binned,488nm Binned_Seq0165.nd2",561nm Binned,488nm Binned,1,whole_field_foreground,stable_channel,259038,5683510.0,4162852.0,16.461116790771484,1520658.0,251,0.0009689698036544099,215.2261406339972,18.0,2.737533357268539,2.737533357268539,screening metric for punctate-to-diffuse reporter redistribution; not rupture proof
M10,M,10,PLD3_mCherry_reporter_control,site0,16,"260224_day16_WellM10_Channel405nm Binned,561nm Binned,488nm Binned_Seq0165.nd2",561nm Binned,488nm Binned,2,whole_field_foreground,stable_channel,268734,8814824.0,6370438.0,24.280729293823242,2444386.0,251,0.0009340090944914525,339.8586896919159,19.0,2.6061505834174286,2.6061505834174286,screening metric for punctate-to-diffuse reporter redistribution; not rupture proof
M10,M,10,PLD3_mCherry_reporter_control,site0,20,"260228_day20_WellM10_Channel405nm Binned,561nm Binned,488nm Binned_Seq0165.nd2",561nm Binned,488nm Binned,3,whole_field_foreground,stable_channel,238672,9119352.0,6945245.0,29.79755973815918,2174107.0,313,0.0013114232084144289,361.3951672928783,14.0,3.194527684238543,3.194527684238543,screening metric for punctate-to-diffuse reporter redistribution; not rupture proof
M10,M,10,PLD3_mCherry_reporter_control,site0,25,"260305_day25_iNeurons_WellM10_Channel405nm Binned,561nm Binned,488nm Binned_Seq0165.nd2",561nm Binned,488nm Binned,4,whole_field_foreground,stable_channel,180228,4904224.0,3969930.0,22.524553298950195,934294.0,275,0.001525845040717725,215.49143402099608,12.0,4.249122867101524,4.249122867101524,screening metric for punctate-to-diffuse reporter redistribution; not rupture proof
M10,M,10,PLD3_mCherry_reporter_control,site0,29,"260309_Day29_WellM10_Channel405nm Binned,561nm Binned,488nm Binned_Seq0165.nd2",561nm Binned,488nm Binned,5,whole_field_foreground,stable_channel,258313,10008155.0,7951628.0,31.475265502929688,2056527.0,396,0.0015330238896163451,333.35577866525364,12.0,3.866532265317272,3.866532265317272,screening metric for punctate-to-diffuse reporter redistribution; not rupture proof
M10,M,10,PLD3_mCherry_reporter_control,site0,32,"260312_Day32_WellM10_Channel405nm Binned,561 nm,488nm Binned_Seq0165.nd2",561nm Binned,488nm Binned,6,whole_field_foreground,stable_channel,338850,14566516.0,11469228.0,34.61144256591797,3097288.0,493,0.0014549210565103882,372.5784464559497,12.0,3.7029904871604766,3.7029904871604766,screening metric for punctate-to-diffuse reporter redistribution; not rupture proof
M10,M,10,PLD3_mCherry_reporter_control,site0,36,"260316_Day36_WellM10_Channel405nm Binned,561nm Binned,488nm Binned_Seq0165.nd2",561nm Binned,488nm Binned,7,whole_field_foreground,stable_channel,282195,11618412.0,8783077.0,31.851825714111328,2835335.0,383,0.0013572175268826265,384.63457084635843,13.0,3.097721080576688,3.097721080576688,screening metric for punctate-to-diffuse reporter redistribution; not rupture proof
M10,M,10,PLD3_mCherry_reporter_control,site0,39,"260319_Day39_WellM10_Channel405nm Binned,561nm Binned,488nm Binned_Seq0165.nd2",561nm Binned,488nm Binned,8,whole_field_foreground,stable_channel,423243,20743776.0,16213301.0,39.183101654052734,4530475.0,589,0.0013916355379737133,430.0610629536705,13.0,3.5787198914013256,3.5787198914013256,screening metric for punctate-to-diffuse reporter redistribution; not rupture proof
M06,M,06,PLD3_mCherry_reporter_control,site0,8,"260216_Day8_iNeurons_WellM06_Channel405nm Binned,561nm Binned,488nm Binned_Seq0161.nd2",561nm Binned,488nm Binned,0,whole_field_foreground,stable_channel,525017,12676012.0,9183212.0,17.91940689086914,3492800.0,561,0.0010685368283292378,254.83491197881852,19.0,2.6291834631233884,2.6291834631233884,screening metric for punctate-to-diffuse reporter redistribution; not rupture proof
M06,M,06,PLD3_mCherry_reporter_control,site0,12,"260220_Day12_WellM06_Channel405nm Binned,561nm Binned,488nm Binned_Seq0161.nd2",561nm Binned,488nm Binned,1,whole_field_foreground,stable_channel,526059,12659919.0,9240519.0,17.993101119995117,3419400.0,503,0.0009561665136401883,239.8180287780155,19.0,2.702380242146955,2.702380242146955,screening metric for punctate-to-diffuse reporter redistribution; not rupture proof
M06,M,06,PLD3_mCherry_reporter_control,site0,16,"260224_day16_WellM06_Channel405nm Binned,561nm Binned,488nm Binned_Seq0161.nd2",561nm Binned,488nm Binned,2,whole_field_foreground,stable_channel,540984,17692592.0,13229896.0,25.041728973388672,4462697.0,561,0.0010369992458168133,319.21280054102607,17.0,2.9645517049436774,2.9645517049436774,screening metric for punctate-to-diffuse reporter redistribution; not rupture proof
M06,M,06,PLD3_mCherry_reporter_control,site0,20,"260228_day20_WellM06_Channel405nm Binned,561nm Binned,488nm Binned_Seq0161.nd2",561nm Binned,488nm Binned,3,whole_field_foreground,stable_channel,527013,19427632.0,14978060.0,29.092594146728516,4449572.0,617,0.0011707491086535421,336.91821343469854,15.0,3.3661799382045356,3.3661799382045356,screening metric for punctate-to-diffuse reporter redistribution; not rupture proof
M06,M,06,PLD3_mCherry_reporter_control,site0,25,"260305_day25_iNeurons_WellM06_Channel405nm Binned,561nm Binned,488nm Binned_Seq0161.nd2",561nm Binned,488nm Binned,4,whole_field_foreground,stable_channel,421545,11370654.0,9162771.0,22.2313175201416,2207883.0,629,0.001492130140313627,214.90187853887463,12.0,4.150025612768363,4.150025612768363,screening metric for punctate-to-diffuse reporter redistribution; not rupture proof
M06,M,06,PLD3_mCherry_reporter_control,site0,29,"260309_Day29_WellM06_Channel405nm Binned,561nm Binned,488nm Binned_Seq0161.nd2",561nm Binned,488nm Binned,5,whole_field_foreground,stable_channel,527779,20506088.0,16354165.0,31.692766189575195,4151922.0,812,0.0015385227528917625,325.02374271336447,12.0,3.9389384000942362,3.9389384000942362,screening metric for punctate-to-diffuse reporter redistribution; not rupture proof
M06,M,06,PLD3_mCherry_reporter_control,site0,32,"260312_Day32_WellM06_Channel405nm Binned,561 nm,488nm Binned_Seq0161.nd2",561nm Binned,488nm Binned,6,whole_field_foreground,stable_channel,554326,23388760.0,18670300.0,34.44126510620117,4718461.0,805,0.0014522140401109595,352.2584612733829,13.0,3.9568622057056406,3.9568622057056406,screening metric for punctate-to-diffuse reporter redistribution; not rupture proof
M06,M,06,PLD3_mCherry_reporter_control,site0,36,"260316_Day36_WellM06_Channel405nm Binned,561nm Binned,488nm Binned_Seq0161.nd2",561nm Binned,488nm Binned,7,whole_field_foreground,stable_channel,564266,27242012.0,21564388.0,39.097511291503906,5677624.0,790,0.0014000489130987866,406.33241615778286,13.0,3.798135980825113,3.798135980825113,screening metric for punctate-to-diffuse reporter redistribution; not rupture proof
M06,M,06,PLD3_mCherry_reporter_control,site0,39,"260319_Day39_WellM06_Channel405nm Binned,561nm Binned,488nm Binned_Seq0161.nd2",561nm Binned,488nm Binned,8,whole_field_foreground,stable_channel,720665,29931476.0,23138604.0,32.85846710205078,6792870.0,969,0.0013445914537249005,365.9509754003755,13.0,3.4063074959474555,3.4063074959474555,screening metric for punctate-to-diffuse reporter redistribution; not rupture proof
M05,M,05,PLD3_mCherry_reporter_control,site0,8,"260216_Day8_iNeurons_WellM05_Channel405nm Binned,561nm Binned,488nm Binned_Seq0160.nd2",561nm Binned,488nm Binned,0,whole_field_foreground,stable_channel,527993,12304855.0,8954344.0,17.370784759521484,3350511.0,580,0.0010984994119219412,243.65352708224592,17.0,2.672530846786454,2.672530846786454,screening metric for punctate-to-diffuse reporter redistribution; not rupture proof
M05,M,05,PLD3_mCherry_reporter_control,site0,12,"260220_Day12_WellM05_Channel405nm Binned,561nm Binned,488nm Binned_Seq0160.nd2",561nm Binned,488nm Binned,1,whole_field_foreground,stable_channel,637720,14564112.0,10893450.0,17.497045516967773,3670662.0,637,0.000998870977857055,209.52253276399765,17.0,2.96770718742206,2.96770718742206,screening metric for punctate-to-diffuse reporter redistribution; not rupture proof
M05,M,05,PLD3_mCherry_reporter_control,site0,16,"260224_day16_WellM05_Channel405nm Binned,561nm Binned,488nm Binned_Seq0160.nd2",561nm Binned,488nm Binned,2,whole_field_foreground,stable_channel,591866,17684340.0,13028272.0,22.544591903686523,4656068.0,556,0.0009394018240599403,297.2550653416476,19.5,2.7981275187555683,2.7981275187555683,screening metric for punctate-to-diffuse reporter redistribution; not rupture proof
M05,M,05,PLD3_mCherry_reporter_control,site0,20,"260228_day20_WellM05_Channel405nm Binned,561nm Binned,488nm Binned_Seq0160.nd2",561nm Binned,488nm Binned,3,whole_field_foreground,stable_channel,526649,17924292.0,13803743.0,26.826929092407227,4120549.0,636,0.0012076354459968448,313.8014890322895,14.0,3.3499766657298946,3.3499766657298946,screening metric for punctate-to-diffuse reporter redistribution; not rupture proof
M05,M,05,PLD3_mCherry_reporter_control,site0,25,"260305_day25_iNeurons_WellM05_Channel405nm Binned,561nm Binned,488nm Binned_Seq0160.nd2",561nm Binned,488nm Binned,4,whole_field_foreground,stable_channel,495391,13909834.0,11214517.0,23.150257110595703,2695317.0,740,0.001493769567873672,224.34371669872388,12.0,4.160741389601238,4.160741389601238,screening metric for punctate-to-diffuse reporter redistribution; not rupture proof
M05,M,05,PLD3_mCherry_reporter_control,site0,29,"260309_Day29_WellM05_Channel405nm Binned,561nm Binned,488nm Binned_Seq0160.nd2",561nm Binned,488nm Binned,5,whole_field_foreground,stable_channel,618537,24381308.0,19459190.0,32.15948486328125,4922118.0,887,0.0014340290071548929,330.9991667187335,12.0,3.953418020452993,3.953418020452993,screening metric for punctate-to-diffuse reporter redistribution; not rupture proof
M05,M,05,PLD3_mCherry_reporter_control,site0,32,"260312_Day32_WellM05_Channel405nm Binned,561 nm,488nm Binned_Seq0160.nd2",561nm Binned,488nm Binned,6,whole_field_foreground,stable_channel,553250,22456486.0,17316022.0,32.02442169189453,5140464.0,779,0.0014080433800245675,364.63348733414733,13.0,3.368571786515114,3.368571786515114,screening metric for punctate-to-diffuse reporter redistribution; not rupture proof
M05,M,05,PLD3_mCherry_reporter_control,site0,36,"260316_Day36_WellM05_Channel405nm Binned,561nm Binned,488nm Binned_Seq0160.nd2",561nm Binned,488nm Binned,7,whole_field_foreground,stable_channel,694844,31071088.0,24674670.0,36.321266174316406,6396417.0,991,0.0014262194103979795,370.5030967335167,12.0,3.8575768277765725,3.8575768277765725,screening metric for punctate-to-diffuse reporter redistribution; not rupture proof
M05,M,05,PLD3_mCherry_reporter_control,site0,39,"260319_Day39_WellM05_Channel405nm Binned,561nm Binned,488nm Binned_Seq0160.nd2",561nm Binned,488nm Binned,8,whole_field_foreground,stable_channel,719820,31974562.0,25296492.0,35.94395446777344,6678070.0,1009,0.0014017393237178715,371.44587820939665,12.0,3.787994435517479,3.787994435517479,screening metric for punctate-to-diffuse reporter redistribution; not rupture proof
M14,M,14,PLD3_mCherry_reporter_control,site0,8,"260216_Day8_iNeurons_WellM14_Channel405nm Binned,561nm Binned,488nm Binned_Seq0169.nd2",561nm Binned,488nm Binned,0,whole_field_foreground,stable_channel,483566,11726306.0,8439730.0,17.873476028442383,3286576.0,546,0.0011291116414282039,266.2590066539499,17.0,2.5679400080805777,2.5679400080805777,screening metric for punctate-to-diffuse reporter redistribution; not rupture proof
M14,M,14,PLD3_mCherry_reporter_control,site0,12,"260220_Day12_WellM14_Channel405nm Binned,561nm Binned,488nm Binned_Seq0169.nd2",561nm Binned,488nm Binned,1,whole_field_foreground,stable_channel,440268,10344088.0,7568888.0,17.609642028808594,2775200.0,436,0.0009903059045831396,229.2863645816068,19.0,2.72733064283557,2.72733064283557,screening metric for punctate-to-diffuse reporter redistribution; not rupture proof
M14,M,14,PLD3_mCherry_reporter_control,site0,16,"260224_day16_WellM14_Channel405nm Binned,561nm Binned,488nm Binned_Seq0169.nd2",561nm Binned,488nm Binned,2,whole_field_foreground,stable_channel,418959,15630326.0,11727702.0,28.6673583984375,3902624.0,449,0.0010717039137455653,364.3119721274599,17.0,3.005081196650509,3.005081196650509,screening metric for punctate-to-diffuse reporter redistribution; not rupture proof
M14,M,14,PLD3_mCherry_reporter_control,site0,20,"260228_day20_WellM14_Channel405nm Binned,561nm Binned,488nm Binned_Seq0169.nd2",561nm Binned,488nm Binned,3,whole_field_foreground,stable_channel,376248,14128319.0,10633821.0,28.931079864501953,3494498.0,436,0.0011588101464960377,366.7953559805494,15.0,3.043018196031864,3.043018196031864,screening metric for punctate-to-diffuse reporter redistribution; not rupture proof
M14,M,14,PLD3_mCherry_reporter_control,site0,25,"260305_day25_iNeurons_WellM14_Channel405nm Binned,561nm Binned,488nm Binned_Seq0169.nd2",561nm Binned,488nm Binned,4,whole_field_foreground,stable_channel,373299,11055663.0,8785427.0,24.074872970581055,2270236.0,546,0.0014626345101340678,244.78068078568566,12.0,3.8698298326676746,3.8698298326676746,screening metric for punctate-to-diffuse reporter redistribution; not rupture proof
M14,M,14,PLD3_mCherry_reporter_control,site0,29,"260309_Day29_WellM14_Channel405nm Binned,561nm Binned,488nm Binned_Seq0169.nd2",561nm Binned,488nm Binned,5,whole_field_foreground,stable_channel,311835,12991193.0,10180447.0,33.379173278808594,2810746.0,466,0.001494380040721874,369.1463713093377,12.0,3.621973312421819,3.621973312421819,screening metric for punctate-to-diffuse reporter redistribution; not rupture proof
M14,M,14,PLD3_mCherry_reporter_control,site0,32,"260312_Day32_WellM14_Channel405nm Binned,561 nm,488nm Binned_Seq0169.nd2",561nm Binned,488nm Binned,6,whole_field_foreground,stable_channel,422806,19448956.0,15369149.0,37.17302322387695,4079806.0,627,0.0014829496270121925,392.46415583901046,12.0,3.7671274075277683,3.7671274075277683,screening metric for punctate-to-diffuse reporter redistribution; not rupture proof
M14,M,14,PLD3_mCherry_reporter_control,site0,36,"260316_Day36_WellM14_Channel405nm Binned,561nm Binned,488nm Binned_Seq0169.nd2",561nm Binned,488nm Binned,7,whole_field_foreground,stable_channel,336269,15500297.0,12003854.0,36.51140213012695,3496443.0,482,0.0014333762553151394,420.0818543810073,12.0,3.4331616445617925,3.4331616445617925,screening metric for punctate-to-diffuse reporter redistribution; not rupture proof
M14,M,14,PLD3_mCherry_reporter_control,site0,39,"260319_Day39_WellM14_Channel405nm Binned,561nm Binned,488nm Binned_Seq0169.nd2",561nm Binned,488nm Binned,8,whole_field_foreground,stable_channel,528397,23659166.0,18281312.0,35.400909423828125,5377855.0,681,0.0012888036835915252,397.77006315659844,14.0,3.3993687074115235,3.3993687074115235,screening metric for punctate-to-diffuse reporter redistribution; not rupture proof
M16,M,16,PLD3_mCherry_reporter_control,site0,8,"260216_Day8_iNeurons_WellM16_Channel405nm Binned,561nm Binned,488nm Binned_Seq0171.nd2",561nm Binned,488nm Binned,0,whole_field_foreground,stable_channel,94963,2236922.0,1614135.0,17.41039276123047,622787.0,101,0.0010635721280807938,252.23964532531133,18.0,2.5917930207236313,2.5917930207236313,screening metric for punctate-to-diffuse reporter redistribution; not rupture proof
M16,M,16,PLD3_mCherry_reporter_control,site0,12,"260220_Day12_WellM16_Channel405nm Binned,561nm Binned,488nm Binned_Seq0171.nd2",561nm Binned,488nm Binned,1,whole_field_foreground,stable_channel,85706,2089276.0,1552864.0,18.558279037475586,536412.0,91,0.0010617693043537004,232.59606170654297,18.0,2.8949091370012323,2.8949091370012323,screening metric for punctate-to-diffuse reporter redistribution; not rupture proof
M16,M,16,PLD3_mCherry_reporter_control,site0,16,"260224_day16_WellM16_Channel405nm Binned,561nm Binned,488nm Binned_Seq0171.nd2",561nm Binned,488nm Binned,2,whole_field_foreground,stable_channel,129795,4128479.0,3029097.0,23.9061222076416,1099382.0,125,0.0009630571285414457,313.73884509277343,19.0,2.7552725076426983,2.7552725076426983,screening metric for punctate-to-diffuse reporter redistribution; not rupture proof
M16,M,16,PLD3_mCherry_reporter_control,site0,20,"260228_day20_WellM16_Channel405nm Binned,561nm Binned,488nm Binned_Seq0171.nd2",561nm Binned,488nm Binned,3,whole_field_foreground,stable_channel,135545,5318570.0,4175572.0,31.510896682739258,1142998.0,179,0.0013205946364578509,347.44091507043254,13.0,3.6531752461477156,3.6531752461477156,screening metric for punctate-to-diffuse reporter redistribution; not rupture proof
M16,M,16,PLD3_mCherry_reporter_control,site0,25,"260305_day25_iNeurons_WellM16_Channel405nm Binned,561nm Binned,488nm Binned_Seq0171.nd2",561nm Binned,488nm Binned,4,whole_field_foreground,stable_channel,72689,1616179.0,1272007.0,17.907520294189453,344172.0,112,0.0015408108516895157,193.3948005267552,11.0,3.695846844009112,3.695846844009112,screening metric for punctate-to-diffuse reporter redistribution; not rupture proof
M16,M,16,PLD3_mCherry_reporter_control,site0,29,"260309_Day29_WellM16_Channel405nm Binned,561nm Binned,488nm Binned_Seq0171.nd2",561nm Binned,488nm Binned,5,whole_field_foreground,stable_channel,135644,5093293.0,4022735.0,30.325475692749023,1070558.0,214,0.0015776591666304615,327.33428598564365,12.0,3.7576058466671047,3.7576058466671047,screening metric for punctate-to-diffuse reporter redistribution; not rupture proof
M16,M,16,PLD3_mCherry_reporter_control,site0,32,"260312_Day32_WellM16_Channel405nm Binned,561 nm,488nm Binned_Seq0171.nd2",561nm Binned,488nm Binned,6,whole_field_foreground,stable_channel,120547,4595771.0,3538472.0,30.028276443481445,1057299.0,170,0.0014102383302661183,357.6132849300609,13.0,3.3467089252866535,3.3467089252866535,screening metric for punctate-to-diffuse reporter redistribution; not rupture proof
M16,M,16,PLD3_mCherry_reporter_control,site0,36,"260316_Day36_WellM16_Channel405nm Binned,561nm Binned,488nm Binned_Seq0171.nd2",561nm Binned,488nm Binned,7,whole_field_foreground,stable_channel,130251,5210264.0,3886638.0,30.538043975830078,1323626.0,172,0.0013205272896075998,387.87486267089844,13.0,2.9363566445484324,2.9363566445484324,screening metric for punctate-to-diffuse reporter redistribution; not rupture proof
M16,M,16,PLD3_mCherry_reporter_control,site0,39,"260319_Day39_WellM16_Channel405nm Binned,561nm Binned,488nm Binned_Seq0171.nd2",561nm Binned,488nm Binned,8,whole_field_foreground,stable_channel,94294,4209393.0,3288544.0,35.68918228149414,920849.0,139,0.0014741128809736134,395.7657142474497,13.0,3.5712087432319835,3.5712087432319835,screening metric for punctate-to-diffuse reporter redistribution; not rupture proof
M15,M,15,PLD3_mCherry_reporter_control,site0,8,"260216_Day8_iNeurons_WellM15_Channel405nm Binned,561nm Binned,488nm Binned_Seq0170.nd2",561nm Binned,488nm Binned,0,whole_field_foreground,stable_channel,336217,8233468.0,5920991.0,18.036514282226562,2312477.0,384,0.0011421195239944971,268.36360756556195,17.0,2.560454006676581,2.560454006676581,screening metric for punctate-to-diffuse reporter redistribution; not rupture proof
M15,M,15,PLD3_mCherry_reporter_control,site0,12,"260220_Day12_WellM15_Channel405nm Binned,561nm Binned,488nm Binned_Seq0170.nd2",561nm Binned,488nm Binned,1,whole_field_foreground,stable_channel,360793,10322400.0,7654752.0,21.723682403564453,2667648.0,399,0.0011058972873611574,279.86817148156035,16.0,2.869476032818847,2.869476032818847,screening metric for punctate-to-diffuse reporter redistribution; not rupture proof
M15,M,15,PLD3_mCherry_reporter_control,site0,16,"260224_day16_WellM15_Channel405nm Binned,561nm Binned,488nm Binned_Seq0170.nd2",561nm Binned,488nm Binned,2,whole_field_foreground,stable_channel,367459,13138073.0,9596297.0,26.752168655395508,3541776.0,379,0.0010314075856053834,367.3448301934315,17.0,2.7094590397578195,2.7094590397578195,screening metric for punctate-to-diffuse reporter redistribution; not rupture proof
M15,M,15,PLD3_mCherry_reporter_control,site0,20,"260228_day20_WellM15_Channel405nm Binned,561nm Binned,488nm Binned_Seq0170.nd2",561nm Binned,488nm Binned,3,whole_field_foreground,stable_channel,313892,10651950.0,7811964.0,25.482826232910156,2839986.0,349,0.001111847386995808,354.183306806067,15.0,2.7507051091087242,2.7507051091087242,screening metric for punctate-to-diffuse reporter redistribution; not rupture proof
M15,M,15,PLD3_mCherry_reporter_control,site0,25,"260305_day25_iNeurons_WellM15_Channel405nm Binned,561nm Binned,488nm Binned_Seq0170.nd2",561nm Binned,488nm Binned,4,whole_field_foreground,stable_channel,269517,7780735.0,6188907.0,23.48267936706543,1591828.0,414,0.0015360812119401147,239.51777929038818,12.0,3.8879244491214577,3.8879244491214577,screening metric for punctate-to-diffuse reporter redistribution; not rupture proof
M15,M,15,PLD3_mCherry_reporter_control,site0,29,"260309_Day29_WellM15_Channel405nm Binned,561nm Binned,488nm Binned_Seq0170.nd2",561nm Binned,488nm Binned,5,whole_field_foreground,stable_channel,229527,9037796.0,7040569.0,31.36278533935547,1997227.0,319,0.0013898147058891118,356.0184055435994,13.0,3.5251721511858567,3.5251721511858567,screening metric for punctate-to-diffuse reporter redistribution; not rupture proof
M15,M,15,PLD3_mCherry_reporter_control,site0,32,"260312_Day32_WellM15_Channel405nm Binned,561 nm,488nm Binned_Seq0170.nd2",561nm Binned,488nm Binned,6,whole_field_foreground,stable_channel,228161,9283910.0,7197495.0,32.27503967285156,2086415.0,327,0.0014331984870269976,360.7158131730666,12.0,3.449694811433272,3.449694811433272,screening metric for punctate-to-diffuse reporter redistribution; not rupture proof
M15,M,15,PLD3_mCherry_reporter_control,site0,36,"260316_Day36_WellM15_Channel405nm Binned,561nm Binned,488nm Binned_Seq0170.nd2",561nm Binned,488nm Binned,7,whole_field_foreground,stable_channel,410992,21296900.0,16817060.0,41.85503387451172,4479838.0,607,0.0014769143924906643,440.893704887277,13.0,3.753943781001957,3.753943781001957,screening metric for punctate-to-diffuse reporter redistribution; not rupture proof
M15,M,15,PLD3_mCherry_reporter_control,site0,39,"260319_Day39_WellM15_Channel405nm Binned,561nm Binned,488nm Binned_Seq0170.nd2",561nm Binned,488nm Binned,8,whole_field_foreground,stable_channel,297358,12483965.0,9506441.0,32.722496032714844,2977524.0,386,0.001298098588229346,384.390619742438,14.0,3.19273362699908,3.19273362699908,screening metric for punctate-to-diffuse reporter redistribution; not rupture proof
M18,M,18,PLD3_mCherry_reporter_control,site0,8,"260216_Day8_iNeurons_WellM18_Channel405nm Binned,561nm Binned,488nm Binned_Seq0173.nd2",561nm Binned,488nm Binned,0,whole_field_foreground,stable_channel,174147,4209817.0,3000802.0,17.65624237060547,1209015.0,175,0.0010048981607434816,267.8654300362723,21.0,2.4820221419895683,2.4820221419895683,screening metric for punctate-to-diffuse reporter redistribution; not rupture proof
M18,M,18,PLD3_mCherry_reporter_control,site0,12,"260220_Day12_WellM18_Channel405nm Binned,561nm Binned,488nm Binned_Seq0173.nd2",561nm Binned,488nm Binned,1,whole_field_foreground,stable_channel,174575,3676938.0,2682826.0,15.739388465881348,994112.0,171,0.0009795216955407159,212.03583473071717,18.0,2.698716040041063,2.698716040041063,screening metric for punctate-to-diffuse reporter redistribution; not rupture proof
M18,M,18,PLD3_mCherry_reporter_control,site0,16,"260224_day16_WellM18_Channel405nm Binned,561nm Binned,488nm Binned_Seq0173.nd2",561nm Binned,488nm Binned,2,whole_field_foreground,stable_channel,239220,7199041.0,5283986.0,22.623096466064453,1915055.0,234,0.0009781790820124648,304.2458801269531,18.0,2.7591823733507606,2.7591823733507606,screening metric for punctate-to-diffuse reporter redistribution; not rupture proof
M18,M,18,PLD3_mCherry_reporter_control,site0,20,"260228_day20_WellM18_Channel405nm Binned,561nm Binned,488nm Binned_Seq0173.nd2",561nm Binned,488nm Binned,3,whole_field_foreground,stable_channel,197801,6430917.0,4852191.0,25.119281768798828,1578726.0,235,0.0011880627499295348,311.8151684050864,15.0,3.0734852026234614,3.0734852026234614,screening metric for punctate-to-diffuse reporter redistribution; not rupture proof
M18,M,18,PLD3_mCherry_reporter_control,site0,25,"260305_day25_iNeurons_WellM18_Channel405nm Binned,561nm Binned,488nm Binned_Seq0173.nd2",561nm Binned,488nm Binned,4,whole_field_foreground,stable_channel,106619,2870512.0,2318473.0,22.223987579345703,552039.0,166,0.0015569457601219583,217.88371180339033,11.0,4.199835518859718,4.199835518859718,screening metric for punctate-to-diffuse reporter redistribution; not rupture proof
M18,M,18,PLD3_mCherry_reporter_control,site0,29,"260309_Day29_WellM18_Channel405nm Binned,561nm Binned,488nm Binned_Seq0173.nd2",561nm Binned,488nm Binned,5,whole_field_foreground,stable_channel,195259,6622282.0,5129884.0,26.87702751159668,1492398.0,253,0.0012957149222248617,297.36910648873675,13.0,3.4373431216046675,3.4373431216046675,screening metric for punctate-to-diffuse reporter redistribution; not rupture proof
M18,M,18,PLD3_mCherry_reporter_control,site0,32,"260312_Day32_WellM18_Channel405nm Binned,561 nm,488nm Binned_Seq0173.nd2",561nm Binned,488nm Binned,6,whole_field_foreground,stable_channel,172672,7154026.0,5472795.0,32.40833282470703,1681231.0,255,0.0014767883617408915,402.0154265160654,11.0,3.255230839781532,3.255230839781532,screening metric for punctate-to-diffuse reporter redistribution; not rupture proof
M18,M,18,PLD3_mCherry_reporter_control,site0,36,"260316_Day36_WellM18_Channel405nm Binned,561nm Binned,488nm Binned_Seq0173.nd2",561nm Binned,488nm Binned,7,whole_field_foreground,stable_channel,192906,9580802.0,7651067.0,40.5511360168457,1929735.0,260,0.001347806703776203,404.42913607083835,13.0,3.9648278131432737,3.9648278131432737,screening metric for punctate-to-diffuse reporter redistribution; not rupture proof
M18,M,18,PLD3_mCherry_reporter_control,site0,39,"260319_Day39_WellM18_Channel405nm Binned,561nm Binned,488nm Binned_Seq0173.nd2",561nm Binned,488nm Binned,8,whole_field_foreground,stable_channel,204960,10792705.0,8449496.0,42.16651916503906,2343209.0,297,0.0014490632318430471,454.0768060652094,12.0,3.60595064289886,3.60595064289886,screening metric for punctate-to-diffuse reporter redistribution; not rupture proof
M20,M,20,PLD3_mCherry_reporter_control,site0,8,"260216_Day8_iNeurons_WellM20_Channel405nm Binned,561nm Binned,488nm Binned_Seq0175.nd2",561nm Binned,488nm Binned,0,whole_field_foreground,stable_channel,105996,2684469.0,1957634.0,18.923479080200195,726835.0,124,0.0011698554662329724,261.48563163511216,16.5,2.6933678207534126,2.6933678207534126,screening metric for punctate-to-diffuse reporter redistribution; not rupture proof
M20,M,20,PLD3_mCherry_reporter_control,site0,12,"260220_Day12_WellM20_Channel405nm Binned,561nm Binned,488nm Binned_Seq0175.nd2",561nm Binned,488nm Binned,1,whole_field_foreground,stable_channel,120345,3318232.0,2440547.0,20.769729614257812,877685.0,127,0.001055299347699902,283.3429685577633,19.0,2.780663905612172,2.780663905612172,screening metric for punctate-to-diffuse reporter redistribution; not rupture proof
M20,M,20,PLD3_mCherry_reporter_control,site0,16,"260224_day16_WellM20_Channel405nm Binned,561nm Binned,488nm Binned_Seq0175.nd2",561nm Binned,488nm Binned,2,whole_field_foreground,stable_channel,114638,3897663.0,2841214.0,25.38861083984375,1056449.0,120,0.001046773321228155,352.4335089365641,16.0,2.6894000562235476,2.6894000562235476,screening metric for punctate-to-diffuse reporter redistribution; not rupture proof
M20,M,20,PLD3_mCherry_reporter_control,site0,20,"260228_day20_WellM20_Channel405nm Binned,561nm Binned,488nm Binned_Seq0175.nd2",561nm Binned,488nm Binned,3,whole_field_foreground,stable_channel,120973,3735041.0,2847775.0,24.109169006347656,887266.0,147,0.0012151471815924615,284.7866404007892,15.0,3.209606814638215,3.209606814638215,screening metric for punctate-to-diffuse reporter redistribution; not rupture proof
M20,M,20,PLD3_mCherry_reporter_control,site0,25,"260305_day25_iNeurons_WellM20_Channel405nm Binned,561nm Binned,488nm Binned_Seq0175.nd2",561nm Binned,488nm Binned,4,whole_field_foreground,stable_channel,82686,2334722.0,1889008.0,23.35799789428711,445714.0,123,0.001487555329783911,229.21611370303768,11.0,4.238161691119781,4.238161691119781,screening metric for punctate-to-diffuse reporter redistribution; not rupture proof
M20,M,20,PLD3_mCherry_reporter_control,site0,29,"260309_Day29_WellM20_Channel405nm Binned,561nm Binned,488nm Binned_Seq0175.nd2",561nm Binned,488nm Binned,5,whole_field_foreground,stable_channel,106985,4170121.0,3309493.0,31.637697219848633,860628.0,172,0.001607702014286043,332.7432709627373,11.0,3.845439609211128,3.845439609211128,screening metric for punctate-to-diffuse reporter redistribution; not rupture proof
M20,M,20,PLD3_mCherry_reporter_control,site0,32,"260312_Day32_WellM20_Channel405nm Binned,561 nm,488nm Binned_Seq0175.nd2",561nm Binned,488nm Binned,6,whole_field_foreground,stable_channel,131570,5125847.0,4040480.0,31.407251358032227,1085367.0,191,0.001451698715501621,328.95480610313217,12.0,3.7226855063736757,3.7226855063736757,screening metric for punctate-to-diffuse reporter redistribution; not rupture proof
M20,M,20,PLD3_mCherry_reporter_control,site0,36,"260316_Day36_WellM20_Channel405nm Binned,561nm Binned,488nm Binned_Seq0175.nd2",561nm Binned,488nm Binned,7,whole_field_foreground,stable_channel,172237,7419236.0,5862474.0,34.81072235107422,1556762.0,222,0.0012889216602629578,375.8919573947116,14.0,3.7658126290314344,3.7658126290314344,screening metric for punctate-to-diffuse reporter redistribution; not rupture proof
M20,M,20,PLD3_mCherry_reporter_control,site0,39,"260319_Day39_WellM20_Channel405nm Binned,561nm Binned,488nm Binned_Seq0175.nd2",561nm Binned,488nm Binned,8,whole_field_foreground,stable_channel,132372,7156589.0,5824687.0,44.99321746826172,1331902.0,193,0.00145801226844455,421.2402508987664,12.0,4.373209890814509,4.373209890814509,screening metric for punctate-to-diffuse reporter redistribution; not rupture proof
M17,M,17,PLD3_mCherry_reporter_control,site0,8,"260216_Day8_iNeurons_WellM17_Channel405nm Binned,561nm Binned,488nm Binned_Seq0172.nd2",561nm Binned,488nm Binned,0,whole_field_foreground,stable_channel,327720,7344657.0,5209704.0,16.284751892089844,2134953.0,344,0.0010496765531519295,245.2150794184485,18.0,2.4401961073604714,2.4401961073604714,screening metric for punctate-to-diffuse reporter redistribution; not rupture proof
M17,M,17,PLD3_mCherry_reporter_control,site0,12,"260220_Day12_WellM17_Channel405nm Binned,561nm Binned,488nm Binned_Seq0172.nd2",561nm Binned,488nm Binned,1,whole_field_foreground,stable_channel,264799,5267808.0,3908575.0,15.121500015258789,1359233.0,215,0.0008119366009659706,180.33140120395393,23.0,2.8755739450095197,2.8755739450095197,screening metric for punctate-to-diffuse reporter redistribution; not rupture proof
M17,M,17,PLD3_mCherry_reporter_control,site0,16,"260224_day16_WellM17_Channel405nm Binned,561nm Binned,488nm Binned_Seq0172.nd2",561nm Binned,488nm Binned,2,whole_field_foreground,stable_channel,344952,11845572.0,8788627.0,26.09480857849121,3056945.0,360,0.00104362346065237,336.1855440351698,16.0,2.8749705997317996,2.8749705997317996,screening metric for punctate-to-diffuse reporter redistribution; not rupture proof
M17,M,17,PLD3_mCherry_reporter_control,site0,20,"260228_day20_WellM17_Channel405nm Binned,561nm Binned,488nm Binned_Seq0172.nd2",561nm Binned,488nm Binned,3,whole_field_foreground,stable_channel,345498,13152035.0,10021827.0,29.690519332885742,3130208.0,427,0.0012358971687209885,358.10399068434845,14.0,3.2016489000081783,3.2016489000081783,screening metric for punctate-to-diffuse reporter redistribution; not rupture proof
M17,M,17,PLD3_mCherry_reporter_control,site0,25,"260305_day25_iNeurons_WellM17_Channel405nm Binned,561nm Binned,488nm Binned_Seq0172.nd2",561nm Binned,488nm Binned,4,whole_field_foreground,stable_channel,166549,4112904.0,3241442.0,19.902509689331055,871462.0,249,0.001495055509180511,215.5396291280846,12.0,3.7195448567995855,3.7195448567995855,screening metric for punctate-to-diffuse reporter redistribution; not rupture proof
M17,M,17,PLD3_mCherry_reporter_control,site0,29,"260309_Day29_WellM17_Channel405nm Binned,561nm Binned,488nm Binned_Seq0172.nd2",561nm Binned,488nm Binned,5,whole_field_foreground,stable_channel,319610,12604261.0,9847938.0,31.512897491455078,2756323.0,487,0.0015237320484292616,357.1674180863085,12.0,3.5728533992556124,3.5728533992556124,screening metric for punctate-to-diffuse reporter redistribution; not rupture proof
M17,M,17,PLD3_mCherry_reporter_control,site0,32,"260312_Day32_WellM17_Channel405nm Binned,561 nm,488nm Binned_Seq0172.nd2",561nm Binned,488nm Binned,6,whole_field_foreground,stable_channel,398211,16728624.0,12929057.0,33.21709442138672,3799567.0,550,0.001381177315540301,381.60020283092155,13.0,3.402771157870515,3.402771157870515,screening metric for punctate-to-diffuse reporter redistribution; not rupture proof
M17,M,17,PLD3_mCherry_reporter_control,site0,36,"260316_Day36_WellM17_Channel405nm Binned,561nm Binned,488nm Binned_Seq0172.nd2",561nm Binned,488nm Binned,7,whole_field_foreground,stable_channel,349262,14725041.0,11260182.0,32.99097442626953,3464859.0,477,0.001365736896652468,393.82568720851555,13.0,3.249824018811949,3.249824018811949,screening metric for punctate-to-diffuse reporter redistribution; not rupture proof
M17,M,17,PLD3_mCherry_reporter_control,site0,39,"260319_Day39_WellM17_Channel405nm Binned,561nm Binned,488nm Binned_Seq0172.nd2",561nm Binned,488nm Binned,8,whole_field_foreground,stable_channel,283300,11761099.0,9050147.0,32.683101654052734,2710952.0,350,0.0012354394634619293,381.6241456821987,14.5,3.3383648991190777,3.3383648991190777,screening metric for punctate-to-diffuse reporter redistribution; not rupture proof
N05,N,05,PLD3_TMEM106B_mCherry_primary,site0,8,"260216_Day8_iNeurons_WellN05_Channel405nm Binned,561nm Binned,488nm Binned_Seq0176.nd2",561nm Binned,488nm Binned,0,whole_field_foreground,stable_channel,145001,2743383.0,2116807.0,14.950363159179688,626576.0,150,0.0010344756242989049,164.77765874226887,20.0,3.3783722964119622,3.3783722964119622,screening metric for punctate-to-diffuse reporter redistribution; not rupture proof
N05,N,05,PLD3_TMEM106B_mCherry_primary,site0,12,"260220_Day12_WellN05_Channel405nm Binned,561nm Binned,488nm Binned_Seq0176.nd2",561nm Binned,488nm Binned,1,whole_field_foreground,stable_channel,162381,2512096.0,2065639.0,13.028230667114258,446457.0,163,0.0010038120223363335,98.22448976200782,16.0,4.626736729394708,4.626736729394708,screening metric for punctate-to-diffuse reporter redistribution; not rupture proof
N05,N,05,PLD3_TMEM106B_mCherry_primary,site0,16,"260224_day16_WellN05_Channel405nm Binned,561nm Binned,488nm Binned_Seq0176.nd2",561nm Binned,488nm Binned,2,whole_field_foreground,stable_channel,140351,2506706.0,2055923.0,15.00235652923584,450783.0,137,0.0009761241458844174,120.41192855278071,17.0,4.560782017057962,4.560782017057962,screening metric for punctate-to-diffuse reporter redistribution; not rupture proof
N05,N,05,PLD3_TMEM106B_mCherry_primary,site0,20,"260228_day20_WellN05_Channel405nm Binned,561nm Binned,488nm Binned_Seq0176.nd2",561nm Binned,488nm Binned,3,whole_field_foreground,stable_channel,156656,2762119.0,2334790.0,15.255080223083496,427329.0,165,0.001053263200892061,107.5620668815844,17.0,5.463682549030223,5.463682549030223,screening metric for punctate-to-diffuse reporter redistribution; not rupture proof
N05,N,05,PLD3_TMEM106B_mCherry_primary,site0,25,"260305_day25_iNeurons_WellN05_Channel405nm Binned,561nm Binned,488nm Binned_Seq0176.nd2",561nm Binned,488nm Binned,4,whole_field_foreground,stable_channel,109591,1417556.0,1249493.0,11.651153564453125,168063.0,166,0.001514722924313906,65.8982913924987,12.0,7.434670331914611,7.434670331914611,screening metric for punctate-to-diffuse reporter redistribution; not rupture proof
N05,N,05,PLD3_TMEM106B_mCherry_primary,site0,29,"260309_Day29_WellN05_Channel405nm Binned,561nm Binned,488nm Binned_Seq0176.nd2",561nm Binned,488nm Binned,5,whole_field_foreground,stable_channel,158601,2724492.0,2342129.0,15.098430633544922,382363.0,231,0.0014564851419508295,100.94413200807777,12.0,6.1254070085072945,6.1254070085072945,screening metric for punctate-to-diffuse reporter redistribution; not rupture proof
N05,N,05,PLD3_TMEM106B_mCherry_primary,site0,32,"260312_Day32_WellN05_Channel405nm Binned,561 nm,488nm Binned_Seq0176.nd2",561nm Binned,488nm Binned,6,whole_field_foreground,stable_channel,175447,2718534.0,2307509.0,13.447257041931152,411025.0,256,0.001459130107659526,97.96145433187485,12.0,5.614035642587156,5.614035642587156,screening metric for punctate-to-diffuse reporter redistribution; not rupture proof
N05,N,05,PLD3_TMEM106B_mCherry_primary,site0,36,"260316_Day36_WellN05_Channel405nm Binned,561nm Binned,488nm Binned_Seq0176.nd2",561nm Binned,488nm Binned,7,whole_field_foreground,stable_channel,181325,3635883.0,3228616.0,18.18928337097168,407267.0,251,0.0013842547911132813,99.49574588304498,12.0,7.927516837828924,7.927516837828924,screening metric for punctate-to-diffuse reporter redistribution; not rupture proof
N05,N,05,PLD3_TMEM106B_mCherry_primary,site0,39,"260319_Day39_WellN05_Channel405nm Binned,561nm Binned,488nm Binned_Seq0176.nd2",561nm Binned,488nm Binned,8,whole_field_foreground,stable_channel,181275,2904674.0,2482815.0,14.005996704101562,421859.0,239,0.0013184388360153443,94.87250959324537,13.0,5.885414320884737,5.885414320884737,screening metric for punctate-to-diffuse reporter redistribution; not rupture proof
N07,N,07,PLD3_TMEM106B_mCherry_primary,site0,8,"260216_Day8_iNeurons_WellN07_Channel405nm Binned,561nm Binned,488nm Binned_Seq0178.nd2",561nm Binned,488nm Binned,0,whole_field_foreground,stable_channel,241302,4871273.0,3686235.0,15.652005195617676,1185038.0,272,0.0011272181747307224,186.53354967341704,19.0,3.1106470847322107,3.1106470847322107,screening metric for punctate-to-diffuse reporter redistribution; not rupture proof
N07,N,07,PLD3_TMEM106B_mCherry_primary,site0,12,"260220_Day12_WellN07_Channel405nm Binned,561nm Binned,488nm Binned_Seq0178.nd2",561nm Binned,488nm Binned,1,whole_field_foreground,stable_channel,262864,4211181.0,3389254.0,13.205897331237793,821927.0,260,0.0009891046320493141,115.0133901302631,20.5,4.123546251669402,4.123546251669402,screening metric for punctate-to-diffuse reporter redistribution; not rupture proof
N07,N,07,PLD3_TMEM106B_mCherry_primary,site0,16,"260224_day16_WellN07_Channel405nm Binned,561nm Binned,488nm Binned_Seq0178.nd2",561nm Binned,488nm Binned,2,whole_field_foreground,stable_channel,248536,4191963.0,3446630.0,14.20172119140625,745333.0,241,0.0009696784369227408,112.68216083257525,19.0,4.624282032320286,4.624282032320286,screening metric for punctate-to-diffuse reporter redistribution; not rupture proof
N07,N,07,PLD3_TMEM106B_mCherry_primary,site0,20,"260228_day20_WellN07_Channel405nm Binned,561nm Binned,488nm Binned_Seq0178.nd2",561nm Binned,488nm Binned,3,whole_field_foreground,stable_channel,242064,4084249.0,3430529.0,14.509211540222168,653720.0,261,0.0010782272456826367,106.49534270772531,16.0,5.24770390992283,5.24770390992283,screening metric for punctate-to-diffuse reporter redistribution; not rupture proof
N07,N,07,PLD3_TMEM106B_mCherry_primary,site0,25,"260305_day25_iNeurons_WellN07_Channel405nm Binned,561nm Binned,488nm Binned_Seq0178.nd2",561nm Binned,488nm Binned,4,whole_field_foreground,stable_channel,173001,2062784.0,1764447.0,10.429283142089844,298337.0,232,0.0013410327107858276,68.78617743788094,12.0,5.914274796602787,5.914274796602787,screening metric for punctate-to-diffuse reporter redistribution; not rupture proof
N07,N,07,PLD3_TMEM106B_mCherry_primary,site0,29,"260309_Day29_WellN07_Channel405nm Binned,561nm Binned,488nm Binned_Seq0178.nd2",561nm Binned,488nm Binned,5,whole_field_foreground,stable_channel,230741,4161490.0,3595509.0,15.932243347167969,565981.0,330,0.0014301749580636722,103.66955723618017,12.0,6.352702652551318,6.352702652551318,screening metric for punctate-to-diffuse reporter redistribution; not rupture proof
N07,N,07,PLD3_TMEM106B_mCherry_primary,site0,32,"260312_Day32_WellN07_Channel405nm Binned,561 nm,488nm Binned_Seq0178.nd2",561nm Binned,488nm Binned,6,whole_field_foreground,stable_channel,263840,4841433.0,4082718.0,15.823384284973145,758715.0,357,0.0013530927835000261,118.3494528121307,13.0,5.381095668326867,5.381095668326867,screening metric for punctate-to-diffuse reporter redistribution; not rupture proof
N07,N,07,PLD3_TMEM106B_mCherry_primary,site0,36,"260316_Day36_WellN07_Channel405nm Binned,561nm Binned,488nm Binned_Seq0178.nd2",561nm Binned,488nm Binned,7,whole_field_foreground,stable_channel,278284,5288498.0,4527161.0,16.62618637084961,761337.0,370,0.00132957697890885,115.16277424580342,12.0,5.946329943236771,5.946329943236771,screening metric for punctate-to-diffuse reporter redistribution; not rupture proof
N07,N,07,PLD3_TMEM106B_mCherry_primary,site0,39,"260319_Day39_WellN07_Channel405nm Binned,561nm Binned,488nm Binned_Seq0178.nd2",561nm Binned,488nm Binned,8,whole_field_foreground,stable_channel,263479,4716144.0,3995232.0,15.50877857208252,720912.0,336,0.0012752439473306212,108.40239309129261,13.0,5.541913576129206,5.541913576129206,screening metric for punctate-to-diffuse reporter redistribution; not rupture proof
M19,M,19,PLD3_mCherry_reporter_control,site0,8,"260216_Day8_iNeurons_WellM19_Channel405nm Binned,561nm Binned,488nm Binned_Seq0174.nd2",561nm Binned,488nm Binned,0,whole_field_foreground,stable_channel,483413,11646664.0,8270971.0,17.527923583984375,3375693.0,534,0.0011046455101515584,267.29869026727,18.0,2.4501549755850283,2.4501549755850283,screening metric for punctate-to-diffuse reporter redistribution; not rupture proof
M19,M,19,PLD3_mCherry_reporter_control,site0,12,"260220_Day12_WellM19_Channel405nm Binned,561nm Binned,488nm Binned_Seq0174.nd2",561nm Binned,488nm Binned,1,whole_field_foreground,stable_channel,439578,10303227.0,7665957.0,17.8592472076416,2637270.0,428,0.0009736611022367505,224.753195949804,20.0,2.906777463057288,2.906777463057288,screening metric for punctate-to-diffuse reporter redistribution; not rupture proof
M19,M,19,PLD3_mCherry_reporter_control,site0,16,"260224_day16_WellM19_Channel405nm Binned,561nm Binned,488nm Binned_Seq0174.nd2",561nm Binned,488nm Binned,2,whole_field_foreground,stable_channel,469767,17211584.0,12962616.0,28.24690055847168,4248967.0,536,0.0011409911722169905,352.6225105114837,14.0,3.050768810394844,3.050768810394844,screening metric for punctate-to-diffuse reporter redistribution; not rupture proof
M19,M,19,PLD3_mCherry_reporter_control,site0,20,"260228_day20_WellM19_Channel405nm Binned,561nm Binned,488nm Binned_Seq0174.nd2",561nm Binned,488nm Binned,3,whole_field_foreground,stable_channel,481356,16475065.0,12338016.0,26.237253189086914,4137049.0,590,0.0012257040527151927,343.8738432027526,15.0,2.982322906979593,2.982322906979593,screening metric for punctate-to-diffuse reporter redistribution; not rupture proof
M19,M,19,PLD3_mCherry_reporter_control,site0,25,"260305_day25_iNeurons_WellM19_Channel405nm Binned,561nm Binned,488nm Binned_Seq0174.nd2",561nm Binned,488nm Binned,4,whole_field_foreground,stable_channel,321008,8046082.0,6328945.0,20.15632438659668,1717137.0,482,0.0015015202113296195,221.8225500019754,11.0,3.6857542525705953,3.6857542525705953,screening metric for punctate-to-diffuse reporter redistribution; not rupture proof
M19,M,19,PLD3_mCherry_reporter_control,site0,29,"260309_Day29_WellM19_Channel405nm Binned,561nm Binned,488nm Binned_Seq0174.nd2",561nm Binned,488nm Binned,5,whole_field_foreground,stable_channel,467682,16890150.0,13097867.0,28.640735626220703,3792283.0,702,0.0015010199237911635,331.3527893979325,12.0,3.4538210887733185,3.4538210887733185,screening metric for punctate-to-diffuse reporter redistribution; not rupture proof
M19,M,19,PLD3_mCherry_reporter_control,site0,32,"260312_Day32_WellM19_Channel405nm Binned,561 nm,488nm Binned_Seq0174.nd2",561nm Binned,488nm Binned,6,whole_field_foreground,stable_channel,530047,20297020.0,15747603.0,30.38869285583496,4549416.0,764,0.00144138161332591,346.4301814533653,12.0,3.4614559319254465,3.4614559319254465,screening metric for punctate-to-diffuse reporter redistribution; not rupture proof
M19,M,19,PLD3_mCherry_reporter_control,site0,36,"260316_Day36_WellM19_Channel405nm Binned,561nm Binned,488nm Binned_Seq0174.nd2",561nm Binned,488nm Binned,7,whole_field_foreground,stable_channel,554270,24873000.0,19512530.0,36.01652908325195,5360471.0,768,0.001385606292959414,390.4188108444214,13.0,3.6400775230378746,3.6400775230378746,screening metric for punctate-to-diffuse reporter redistribution; not rupture proof
M19,M,19,PLD3_mCherry_reporter_control,site0,39,"260319_Day39_WellM19_Channel405nm Binned,561nm Binned,488nm Binned_Seq0174.nd2",561nm Binned,488nm Binned,8,whole_field_foreground,stable_channel,570315,25957384.0,20283244.0,36.38889694213867,5674138.0,763,0.0013378571491170005,390.30083700557526,13.0,3.5746828857522366,3.5746828857522366,screening metric for punctate-to-diffuse reporter redistribution; not rupture proof
N10,N,10,PLD3_TMEM106B_mCherry_primary,site0,8,"260216_Day8_iNeurons_WellN10_Channel405nm Binned,561nm Binned,488nm Binned_Seq0181.nd2",561nm Binned,488nm Binned,0,whole_field_foreground,stable_channel,28768,566415.0,438743.0,15.617520332336426,127672.0,31,0.0010775862068590938,168.78887471845073,17.0,3.4364856820333634,3.4364856820333634,screening metric for punctate-to-diffuse reporter redistribution; not rupture proof
N10,N,10,PLD3_TMEM106B_mCherry_primary,site0,12,"260220_Day12_WellN10_Channel405nm Binned,561nm Binned,488nm Binned_Seq0181.nd2",561nm Binned,488nm Binned,1,whole_field_foreground,stable_channel,32860,492143.0,413831.0,12.901577949523926,78312.0,35,0.0010651247717265635,88.7703360421317,20.0,5.284388088603479,5.284388088603479,screening metric for punctate-to-diffuse reporter redistribution; not rupture proof
N10,N,10,PLD3_TMEM106B_mCherry_primary,site0,16,"260224_day16_WellN10_Channel405nm Binned,561nm Binned,488nm Binned_Seq0181.nd2",561nm Binned,488nm Binned,2,whole_field_foreground,stable_channel,34457,713032.0,595725.0,17.713041305541992,117307.0,36,0.0010447804509665735,131.60549375745984,18.5,5.078341445906227,5.078341445906227,screening metric for punctate-to-diffuse reporter redistribution; not rupture proof
N10,N,10,PLD3_TMEM106B_mCherry_primary,site0,20,"260228_day20_WellN10_Channel405nm Binned,561nm Binned,488nm Binned_Seq0181.nd2",561nm Binned,488nm Binned,3,whole_field_foreground,stable_channel,43425,702988.0,565499.0,13.326554298400879,137489.0,38,0.0008750719631347133,118.16117487455669,16.5,4.113049043893598,4.113049043893598,screening metric for punctate-to-diffuse reporter redistribution; not rupture proof
N10,N,10,PLD3_TMEM106B_mCherry_primary,site0,25,"260305_day25_iNeurons_WellN10_Channel405nm Binned,561nm Binned,488nm Binned_Seq0181.nd2",561nm Binned,488nm Binned,4,whole_field_foreground,stable_channel,31717,340277.0,297598.0,9.592818260192871,42679.0,41,0.0012926821577925818,58.66795069996903,15.0,6.972937510087562,6.972937510087562,screening metric for punctate-to-diffuse reporter redistribution; not rupture proof
N10,N,10,PLD3_TMEM106B_mCherry_primary,site0,29,"260309_Day29_WellN10_Channel405nm Binned,561nm Binned,488nm Binned_Seq0181.nd2",561nm Binned,488nm Binned,5,whole_field_foreground,stable_channel,41400,788451.0,665330.0,16.433582305908203,123121.0,52,0.001256038647312656,115.00766798166129,12.0,5.403870988658281,5.403870988658281,screening metric for punctate-to-diffuse reporter redistribution; not rupture proof
N10,N,10,PLD3_TMEM106B_mCherry_primary,site0,32,"260312_Day32_WellN10_Channel405nm Binned,561 nm,488nm Binned_Seq0181.nd2",561nm Binned,488nm Binned,6,whole_field_foreground,stable_channel,39619,679444.0,567132.0,14.6322660446167,112312.0,45,0.0011358186728303132,114.60898683336046,13.0,5.049611795666985,5.049611795666985,screening metric for punctate-to-diffuse reporter redistribution; not rupture proof
N10,N,10,PLD3_TMEM106B_mCherry_primary,site0,36,"260316_Day36_WellN10_Channel405nm Binned,561nm Binned,488nm Binned_Seq0181.nd2",561nm Binned,488nm Binned,7,whole_field_foreground,stable_channel,48106,935658.0,797005.0,16.938812255859375,138653.0,76,0.0015798445100074867,123.67066433555202,11.0,5.748198740699817,5.748198740699817,screening metric for punctate-to-diffuse reporter redistribution; not rupture proof
N10,N,10,PLD3_TMEM106B_mCherry_primary,site0,39,"260319_Day39_WellN10_Channel405nm Binned,561nm Binned,488nm Binned_Seq0181.nd2",561nm Binned,488nm Binned,8,whole_field_foreground,stable_channel,31660,511325.0,441891.0,14.27112102508545,69434.0,46,0.001452937460472112,93.76459387074347,12.0,6.364187573719444,6.364187573719444,screening metric for punctate-to-diffuse reporter redistribution; not rupture proof
N08,N,08,PLD3_TMEM106B_mCherry_primary,site0,8,"260216_Day8_iNeurons_WellN08_Channel405nm Binned,561nm Binned,488nm Binned_Seq0179.nd2",561nm Binned,488nm Binned,0,whole_field_foreground,stable_channel,381607,7947488.0,6128921.0,16.4510498046875,1818567.0,417,0.0010927472504406557,183.93734324064187,19.0,3.370192574701196,3.370192574701196,screening metric for punctate-to-diffuse reporter redistribution; not rupture proof
N08,N,08,PLD3_TMEM106B_mCherry_primary,site0,12,"260220_Day12_WellN08_Channel405nm Binned,561nm Binned,488nm Binned_Seq0179.nd2",561nm Binned,488nm Binned,1,whole_field_foreground,stable_channel,384177,6382197.0,5069184.0,13.513788223266602,1313013.0,383,0.0009969363080012679,122.87210771246927,17.0,3.860726436064334,3.860726436064334,screening metric for punctate-to-diffuse reporter redistribution; not rupture proof
N08,N,08,PLD3_TMEM106B_mCherry_primary,site0,16,"260224_day16_WellN08_Channel405nm Binned,561nm Binned,488nm Binned_Seq0179.nd2",561nm Binned,488nm Binned,2,whole_field_foreground,stable_channel,347158,7197315.0,5963849.0,17.590452194213867,1233466.0,369,0.0010629165970507293,135.9015990673365,16.0,4.835033150484216,4.835033150484216,screening metric for punctate-to-diffuse reporter redistribution; not rupture proof
N08,N,08,PLD3_TMEM106B_mCherry_primary,site0,20,"260228_day20_WellN08_Channel405nm Binned,561nm Binned,488nm Binned_Seq0179.nd2",561nm Binned,488nm Binned,3,whole_field_foreground,stable_channel,467286,7461061.0,6132621.0,13.439299583435059,1328440.0,472,0.0010100880402986391,108.53348428920164,17.0,4.616407967236295,4.616407967236295,screening metric for punctate-to-diffuse reporter redistribution; not rupture proof
N08,N,08,PLD3_TMEM106B_mCherry_primary,site0,25,"260305_day25_iNeurons_WellN08_Channel405nm Binned,561nm Binned,488nm Binned_Seq0179.nd2",561nm Binned,488nm Binned,4,whole_field_foreground,stable_channel,277628,3611888.0,3110953.0,11.45640754699707,500935.0,383,0.0013795438500389745,73.72727824875953,12.0,6.210292752540329,6.210292752540329,screening metric for punctate-to-diffuse reporter redistribution; not rupture proof
N08,N,08,PLD3_TMEM106B_mCherry_primary,site0,29,"260309_Day29_WellN08_Channel405nm Binned,561nm Binned,488nm Binned_Seq0179.nd2",561nm Binned,488nm Binned,5,whole_field_foreground,stable_channel,408171,6654130.0,5621330.0,14.07940673828125,1032800.0,592,0.001450372515437279,103.27730504242149,11.0,5.442805964363436,5.442805964363436,screening metric for punctate-to-diffuse reporter redistribution; not rupture proof
N08,N,08,PLD3_TMEM106B_mCherry_primary,site0,32,"260312_Day32_WellN08_Channel405nm Binned,561 nm,488nm Binned_Seq0179.nd2",561nm Binned,488nm Binned,6,whole_field_foreground,stable_channel,457224,8315910.0,7065806.0,15.806429862976074,1250104.0,636,0.001391003096947249,109.34198528865598,12.0,5.652174539073827,5.652174539073827,screening metric for punctate-to-diffuse reporter redistribution; not rupture proof
N08,N,08,PLD3_TMEM106B_mCherry_primary,site0,36,"260316_Day36_WellN08_Channel405nm Binned,561nm Binned,488nm Binned_Seq0179.nd2",561nm Binned,488nm Binned,7,whole_field_foreground,stable_channel,447953,8161617.0,6917842.0,15.788536071777344,1243775.0,616,0.0013751442673642655,112.69530339055247,12.0,5.561972221659414,5.561972221659414,screening metric for punctate-to-diffuse reporter redistribution; not rupture proof
N08,N,08,PLD3_TMEM106B_mCherry_primary,site0,39,"260319_Day39_WellN08_Channel405nm Binned,561nm Binned,488nm Binned_Seq0179.nd2",561nm Binned,488nm Binned,8,whole_field_foreground,stable_channel,495536,9175811.0,7719786.0,15.92999267578125,1456025.0,646,0.0013036388879893617,116.1882877940364,12.0,5.301959787774728,5.301959787774728,screening metric for punctate-to-diffuse reporter redistribution; not rupture proof
N09,N,09,PLD3_TMEM106B_mCherry_primary,site0,8,"260216_Day8_iNeurons_WellN09_Channel405nm Binned,561nm Binned,488nm Binned_Seq0180.nd2",561nm Binned,488nm Binned,0,whole_field_foreground,stable_channel,350791,7065547.0,5415748.0,15.816743850708008,1649799.0,387,0.001103221006237038,176.93112649843675,18.0,3.2826714042114933,3.2826714042114933,screening metric for punctate-to-diffuse reporter redistribution; not rupture proof
N09,N,09,PLD3_TMEM106B_mCherry_primary,site0,12,"260220_Day12_WellN09_Channel405nm Binned,561nm Binned,488nm Binned_Seq0180.nd2",561nm Binned,488nm Binned,1,whole_field_foreground,stable_channel,352373,5457637.0,4399053.0,12.783559799194336,1058584.0,378,0.001072726911536716,107.89424300824524,16.0,4.155601256013547,4.155601256013547,screening metric for punctate-to-diffuse reporter redistribution; not rupture proof
N09,N,09,PLD3_TMEM106B_mCherry_primary,site0,16,"260224_day16_WellN09_Channel405nm Binned,561nm Binned,488nm Binned_Seq0180.nd2",561nm Binned,488nm Binned,2,whole_field_foreground,stable_channel,385949,6941527.0,5716682.0,15.169326782226562,1224845.0,364,0.0009431297917576075,120.24879049992823,20.5,4.6672697361668884,4.6672697361668884,screening metric for punctate-to-diffuse reporter redistribution; not rupture proof
N09,N,09,PLD3_TMEM106B_mCherry_primary,site0,20,"260228_day20_WellN09_Channel405nm Binned,561nm Binned,488nm Binned_Seq0180.nd2",561nm Binned,488nm Binned,3,whole_field_foreground,stable_channel,336864,6484775.0,5524982.0,16.783056259155273,959793.0,377,0.0011191460055063197,113.67096485573038,15.0,5.756430813721546,5.756430813721546,screening metric for punctate-to-diffuse reporter redistribution; not rupture proof
N09,N,09,PLD3_TMEM106B_mCherry_primary,site0,25,"260305_day25_iNeurons_WellN09_Channel405nm Binned,561nm Binned,488nm Binned_Seq0180.nd2",561nm Binned,488nm Binned,4,whole_field_foreground,stable_channel,263196,3637136.0,3130596.0,12.159259796142578,506540.0,355,0.0013488046930753173,77.18671292587065,12.0,6.180352982970387,6.180352982970387,screening metric for punctate-to-diffuse reporter redistribution; not rupture proof
N09,N,09,PLD3_TMEM106B_mCherry_primary,site0,29,"260309_Day29_WellN09_Channel405nm Binned,561nm Binned,488nm Binned_Seq0180.nd2",561nm Binned,488nm Binned,5,whole_field_foreground,stable_channel,334368,6442624.0,5515361.0,16.86376190185547,927263.0,496,0.001483395540238649,112.65941061512116,11.0,5.9480007290208405,5.9480007290208405,screening metric for punctate-to-diffuse reporter redistribution; not rupture proof
N09,N,09,PLD3_TMEM106B_mCherry_primary,site0,32,"260312_Day32_WellN09_Channel405nm Binned,561 nm,488nm Binned_Seq0180.nd2",561nm Binned,488nm Binned,6,whole_field_foreground,stable_channel,370937,5961415.0,5025480.0,13.853494644165039,935935.0,503,0.001356025416711312,100.36657837702788,13.0,5.369475444336017,5.369475444336017,screening metric for punctate-to-diffuse reporter redistribution; not rupture proof
N09,N,09,PLD3_TMEM106B_mCherry_primary,site0,36,"260316_Day36_WellN09_Channel405nm Binned,561nm Binned,488nm Binned_Seq0180.nd2",561nm Binned,488nm Binned,7,whole_field_foreground,stable_channel,386342,6463477.0,5464525.0,14.464834213256836,998952.0,509,0.0013174855438929304,101.77300139541477,12.0,5.4702578302005795,5.4702578302005795,screening metric for punctate-to-diffuse reporter redistribution; not rupture proof
N09,N,09,PLD3_TMEM106B_mCherry_primary,site0,39,"260319_Day39_WellN09_Channel405nm Binned,561nm Binned,488nm Binned_Seq0180.nd2",561nm Binned,488nm Binned,8,whole_field_foreground,stable_channel,412785,7373879.0,6159357.0,15.263614654541016,1214522.0,503,0.0012185520307152185,113.71650880847726,13.0,5.0714248074509385,5.0714248074509385,screening metric for punctate-to-diffuse reporter redistribution; not rupture proof
N11,N,11,PLD3_TMEM106B_mCherry_primary,site0,8,"260216_Day8_iNeurons_WellN11_Channel405nm Binned,561nm Binned,488nm Binned_Seq0182.nd2",561nm Binned,488nm Binned,0,whole_field_foreground,stable_channel,226457,4664216.0,3531516.0,15.976601600646973,1132700.0,255,0.0011260415884643616,191.74707162894455,18.0,3.117785821485726,3.117785821485726,screening metric for punctate-to-diffuse reporter redistribution; not rupture proof
N11,N,11,PLD3_TMEM106B_mCherry_primary,site0,12,"260220_Day12_WellN11_Channel405nm Binned,561nm Binned,488nm Binned_Seq0182.nd2",561nm Binned,488nm Binned,1,whole_field_foreground,stable_channel,209880,4388319.0,3687329.0,17.98407554626465,700990.0,214,0.0010196302649084256,126.04971769814179,18.0,5.260173468943551,5.260173468943551,screening metric for punctate-to-diffuse reporter redistribution; not rupture proof
N11,N,11,PLD3_TMEM106B_mCherry_primary,site0,16,"260224_day16_WellN11_Channel405nm Binned,561nm Binned,488nm Binned_Seq0182.nd2",561nm Binned,488nm Binned,2,whole_field_foreground,stable_channel,215597,3919849.0,3164733.0,15.030362129211426,755116.0,210,0.0009740395274471628,133.07064815702893,18.0,4.191055413997066,4.191055413997066,screening metric for punctate-to-diffuse reporter redistribution; not rupture proof
N11,N,11,PLD3_TMEM106B_mCherry_primary,site0,20,"260228_day20_WellN11_Channel405nm Binned,561nm Binned,488nm Binned_Seq0182.nd2",561nm Binned,488nm Binned,3,whole_field_foreground,stable_channel,197266,3189133.0,2599252.0,13.494966506958008,589881.0,200,0.0010138594587966814,112.94078706741332,17.5,4.406400612997526,4.406400612997526,screening metric for punctate-to-diffuse reporter redistribution; not rupture proof
N11,N,11,PLD3_TMEM106B_mCherry_primary,site0,25,"260305_day25_iNeurons_WellN11_Channel405nm Binned,561nm Binned,488nm Binned_Seq0182.nd2",561nm Binned,488nm Binned,4,whole_field_foreground,stable_channel,151811,1661738.0,1415318.0,9.536733627319336,246420.0,210,0.0013832989704212256,62.5880865187872,11.0,5.743519194847238,5.743519194847238,screening metric for punctate-to-diffuse reporter redistribution; not rupture proof
N11,N,11,PLD3_TMEM106B_mCherry_primary,site0,29,"260309_Day29_WellN11_Channel405nm Binned,561nm Binned,488nm Binned_Seq0182.nd2",561nm Binned,488nm Binned,5,whole_field_foreground,stable_channel,223652,3859393.0,3274870.0,14.968371391296387,584523.0,336,0.0015023339831456801,111.12758054052081,11.5,5.602636679813108,5.602636679813108,screening metric for punctate-to-diffuse reporter redistribution; not rupture proof
N11,N,11,PLD3_TMEM106B_mCherry_primary,site0,32,"260312_Day32_WellN11_Channel405nm Binned,561 nm,488nm Binned_Seq0182.nd2",561nm Binned,488nm Binned,6,whole_field_foreground,stable_channel,209980,3814505.0,3247352.0,15.813665390014648,567153.0,273,0.0013001238213101241,109.89306187891698,12.0,5.725707172481278,5.725707172481278,screening metric for punctate-to-diffuse reporter redistribution; not rupture proof
N11,N,11,PLD3_TMEM106B_mCherry_primary,site0,36,"260316_Day36_WellN11_Channel405nm Binned,561nm Binned,488nm Binned_Seq0182.nd2",561nm Binned,488nm Binned,7,whole_field_foreground,stable_channel,255526,4330026.0,3628995.0,14.527660369873047,701031.0,341,0.0013345021641581111,108.55389629151465,12.0,5.1766540994546935,5.1766540994546935,screening metric for punctate-to-diffuse reporter redistribution; not rupture proof
N11,N,11,PLD3_TMEM106B_mCherry_primary,site0,39,"260319_Day39_WellN11_Channel405nm Binned,561nm Binned,488nm Binned_Seq0182.nd2",561nm Binned,488nm Binned,8,whole_field_foreground,stable_channel,246020,4734446.0,4019727.0,16.70549774169922,714719.0,314,0.0012763189984502223,118.71099056559763,12.0,5.6242061565375705,5.6242061565375705,screening metric for punctate-to-diffuse reporter redistribution; not rupture proof
N14,N,14,PLD3_TMEM106B_mCherry_primary,site0,8,"260216_Day8_iNeurons_WellN14_Channel405nm Binned,561nm Binned,488nm Binned_Seq0185.nd2",561nm Binned,488nm Binned,0,whole_field_foreground,stable_channel,254836,5136906.0,4021758.0,16.166637420654297,1115148.0,265,0.0010398844747169164,169.116364792158,21.0,3.6064791399853595,3.6064791399853595,screening metric for punctate-to-diffuse reporter redistribution; not rupture proof
N14,N,14,PLD3_TMEM106B_mCherry_primary,site0,12,"260220_Day12_WellN14_Channel405nm Binned,561nm Binned,488nm Binned_Seq0185.nd2",561nm Binned,488nm Binned,1,whole_field_foreground,stable_channel,296086,4587432.0,3733292.0,12.911978721618652,854140.0,280,0.0009456711901239988,106.35348994391305,19.0,4.370819771929226,4.370819771929226,screening metric for punctate-to-diffuse reporter redistribution; not rupture proof
N14,N,14,PLD3_TMEM106B_mCherry_primary,site0,16,"260224_day16_WellN14_Channel405nm Binned,561nm Binned,488nm Binned_Seq0185.nd2",561nm Binned,488nm Binned,2,whole_field_foreground,stable_channel,282151,4911435.0,4027907.0,14.621997833251953,883528.0,241,0.0008541525636951344,115.75732858744894,21.0,4.558890040831124,4.558890040831124,screening metric for punctate-to-diffuse reporter redistribution; not rupture proof
N14,N,14,PLD3_TMEM106B_mCherry_primary,site0,20,"260228_day20_WellN14_Channel405nm Binned,561nm Binned,488nm Binned_Seq0185.nd2",561nm Binned,488nm Binned,3,whole_field_foreground,stable_channel,271074,4209476.0,3484478.0,13.160395622253418,724998.0,274,0.0010107941005001926,101.146108223574,16.0,4.806189810172158,4.806189810172158,screening metric for punctate-to-diffuse reporter redistribution; not rupture proof
N14,N,14,PLD3_TMEM106B_mCherry_primary,site0,25,"260305_day25_iNeurons_WellN14_Channel405nm Binned,561nm Binned,488nm Binned_Seq0185.nd2",561nm Binned,488nm Binned,4,whole_field_foreground,stable_channel,186857,2918326.0,2576223.0,14.086034774780273,342103.0,238,0.0012737012795813176,76.54010019382508,12.0,7.530547817448165,7.530547817448165,screening metric for punctate-to-diffuse reporter redistribution; not rupture proof
N14,N,14,PLD3_TMEM106B_mCherry_primary,site0,29,"260309_Day29_WellN14_Channel405nm Binned,561nm Binned,488nm Binned_Seq0185.nd2",561nm Binned,488nm Binned,5,whole_field_foreground,stable_channel,320162,4651409.0,3888156.0,12.423930168151855,763253.0,400,0.001249367507695325,92.19405162811279,13.0,5.094190261937923,5.094190261937923,screening metric for punctate-to-diffuse reporter redistribution; not rupture proof
N14,N,14,PLD3_TMEM106B_mCherry_primary,site0,32,"260312_Day32_WellN14_Channel405nm Binned,561 nm,488nm Binned_Seq0185.nd2",561nm Binned,488nm Binned,6,whole_field_foreground,stable_channel,314002,6050070.0,5144568.0,16.752531051635742,905502.0,444,0.0014140037324557996,116.89494126122277,12.0,5.681454044269718,5.681454044269718,screening metric for punctate-to-diffuse reporter redistribution; not rupture proof
N14,N,14,PLD3_TMEM106B_mCherry_primary,site0,36,"260316_Day36_WellN14_Channel405nm Binned,561nm Binned,488nm Binned_Seq0185.nd2",561nm Binned,488nm Binned,7,whole_field_foreground,stable_channel,316993,4827264.0,4052187.0,13.080389976501465,775077.0,380,0.0011987646414867244,92.13389767094662,13.0,5.228108949168627,5.228108949168627,screening metric for punctate-to-diffuse reporter redistribution; not rupture proof
N14,N,14,PLD3_TMEM106B_mCherry_primary,site0,39,"260319_Day39_WellN14_Channel405nm Binned,561nm Binned,488nm Binned_Seq0185.nd2",561nm Binned,488nm Binned,8,whole_field_foreground,stable_channel,290742,5467124.0,4669640.0,16.426546096801758,797484.0,371,0.001276045428588659,107.78336257111994,13.0,5.855465438797699,5.855465438797699,screening metric for punctate-to-diffuse reporter redistribution; not rupture proof
N06,N,06,PLD3_TMEM106B_mCherry_primary,site0,8,"260216_Day8_iNeurons_WellN06_Channel405nm Binned,561nm Binned,488nm Binned_Seq0177.nd2",561nm Binned,488nm Binned,0,whole_field_foreground,stable_channel,745206,15657546.0,11953829.0,16.435468673706055,3703717.0,797,0.001069502929389901,188.56791591285312,19.0,3.227522243194276,3.227522243194276,screening metric for punctate-to-diffuse reporter redistribution; not rupture proof
N06,N,06,PLD3_TMEM106B_mCherry_primary,site0,12,"260220_Day12_WellN06_Channel405nm Binned,561nm Binned,488nm Binned_Seq0177.nd2",561nm Binned,488nm Binned,1,whole_field_foreground,stable_channel,726121,11951405.0,9791667.0,13.807629585266113,2159738.0,769,0.0010590521414460413,106.84175693229209,16.0,4.533729091211743,4.533729091211743,screening metric for punctate-to-diffuse reporter redistribution; not rupture proof
N06,N,06,PLD3_TMEM106B_mCherry_primary,site0,16,"260224_day16_WellN06_Channel405nm Binned,561nm Binned,488nm Binned_Seq0177.nd2",561nm Binned,488nm Binned,2,whole_field_foreground,stable_channel,686641,13992586.0,11686709.0,17.42934799194336,2305877.0,718,0.001045670153688688,129.84560436790701,17.0,5.0682274032808055,5.0682274032808055,screening metric for punctate-to-diffuse reporter redistribution; not rupture proof
N06,N,06,PLD3_TMEM106B_mCherry_primary,site0,20,"260228_day20_WellN06_Channel405nm Binned,561nm Binned,488nm Binned_Seq0177.nd2",561nm Binned,488nm Binned,3,whole_field_foreground,stable_channel,735949,12850975.0,10782543.0,14.999253273010254,2068432.0,788,0.0010707263682659114,109.4800889988236,16.0,5.212906684867952,5.212906684867952,screening metric for punctate-to-diffuse reporter redistribution; not rupture proof
N06,N,06,PLD3_TMEM106B_mCherry_primary,site0,25,"260305_day25_iNeurons_WellN06_Channel405nm Binned,561nm Binned,488nm Binned_Seq0177.nd2",561nm Binned,488nm Binned,4,whole_field_foreground,stable_channel,545643,7287419.0,6362889.0,11.918267250061035,924530.0,745,0.00136536160089772,69.43798741590257,11.0,6.882295869245041,6.882295869245041,screening metric for punctate-to-diffuse reporter redistribution; not rupture proof
N06,N,06,PLD3_TMEM106B_mCherry_primary,site0,29,"260309_Day29_WellN06_Channel405nm Binned,561nm Binned,488nm Binned_Seq0177.nd2",561nm Binned,488nm Binned,5,whole_field_foreground,stable_channel,675352,13351949.0,11550594.0,17.487890243530273,1801355.0,973,0.001440730167377248,108.76287407399694,11.0,6.412169727784689,6.412169727784689,screening metric for punctate-to-diffuse reporter redistribution; not rupture proof
N06,N,06,PLD3_TMEM106B_mCherry_primary,site0,32,"260312_Day32_WellN06_Channel405nm Binned,561 nm,488nm Binned_Seq0177.nd2",561nm Binned,488nm Binned,6,whole_field_foreground,stable_channel,803846,13420448.0,11361323.0,14.454425811767578,2059125.0,1069,0.0013298567138465204,100.47814123869165,12.0,5.517548958899767,5.517548958899767,screening metric for punctate-to-diffuse reporter redistribution; not rupture proof
N06,N,06,PLD3_TMEM106B_mCherry_primary,site0,36,"260316_Day36_WellN06_Channel405nm Binned,561nm Binned,488nm Binned_Seq0177.nd2",561nm Binned,488nm Binned,7,whole_field_foreground,stable_channel,838458,14748137.0,12568364.0,15.330133438110352,2179773.0,1088,0.0012976201550926848,103.38907641523025,13.0,5.765904981846383,5.765904981846383,screening metric for punctate-to-diffuse reporter redistribution; not rupture proof
N06,N,06,PLD3_TMEM106B_mCherry_primary,site0,39,"260319_Day39_WellN06_Channel405nm Binned,561nm Binned,488nm Binned_Seq0177.nd2",561nm Binned,488nm Binned,8,whole_field_foreground,stable_channel,860448,15613484.0,13330039.0,15.845043182373047,2283445.0,1151,0.0013376752575387034,107.23100130957795,12.0,5.83768779190835,5.83768779190835,screening metric for punctate-to-diffuse reporter redistribution; not rupture proof
N15,N,15,PLD3_TMEM106B_mCherry_primary,site0,8,"260216_Day8_iNeurons_WellN15_Channel405nm Binned,561nm Binned,488nm Binned_Seq0186.nd2",561nm Binned,488nm Binned,0,whole_field_foreground,stable_channel,129299,2587633.0,2035147.0,16.126747131347656,552486.0,144,0.0011136977084036713,159.7724665006002,19.0,3.6836173224232223,3.6836173224232223,screening metric for punctate-to-diffuse reporter redistribution; not rupture proof
N15,N,15,PLD3_TMEM106B_mCherry_primary,site0,12,"260220_Day12_WellN15_Channel405nm Binned,561nm Binned,488nm Binned_Seq0186.nd2",561nm Binned,488nm Binned,1,whole_field_foreground,stable_channel,162768,2655820.0,2143194.0,13.488199234008789,512626.0,166,0.0010198564828404855,113.77735535495252,16.0,4.180814082773443,4.180814082773443,screening metric for punctate-to-diffuse reporter redistribution; not rupture proof
N15,N,15,PLD3_TMEM106B_mCherry_primary,site0,16,"260224_day16_WellN15_Channel405nm Binned,561nm Binned,488nm Binned_Seq0186.nd2",561nm Binned,488nm Binned,2,whole_field_foreground,stable_channel,137252,2489825.0,2061733.0,15.386526107788086,428092.0,121,0.0008815900678978696,114.80993299247805,21.0,4.816097941552712,4.816097941552712,screening metric for punctate-to-diffuse reporter redistribution; not rupture proof
N15,N,15,PLD3_TMEM106B_mCherry_primary,site0,20,"260228_day20_WellN15_Channel405nm Binned,561nm Binned,488nm Binned_Seq0186.nd2",561nm Binned,488nm Binned,3,whole_field_foreground,stable_channel,159126,2313984.0,1935572.0,12.4552583694458,378412.0,150,0.0009426492213658192,88.10388473510743,16.0,5.114985782678364,5.114985782678364,screening metric for punctate-to-diffuse reporter redistribution; not rupture proof
N15,N,15,PLD3_TMEM106B_mCherry_primary,site0,25,"260305_day25_iNeurons_WellN15_Channel405nm Binned,561nm Binned,488nm Binned_Seq0186.nd2",561nm Binned,488nm Binned,4,whole_field_foreground,stable_channel,98259,1557619.0,1378996.0,14.336764335632324,178623.0,130,0.0013230340223152788,76.5041526207557,12.0,7.720148021208242,7.720148021208242,screening metric for punctate-to-diffuse reporter redistribution; not rupture proof
N15,N,15,PLD3_TMEM106B_mCherry_primary,site0,29,"260309_Day29_WellN15_Channel405nm Binned,561nm Binned,488nm Binned_Seq0186.nd2",561nm Binned,488nm Binned,5,whole_field_foreground,stable_channel,117644,2183263.0,1861269.0,16.181007385253906,321994.0,168,0.0014280371289532145,106.42262447448005,12.0,5.780446219476821,5.780446219476821,screening metric for punctate-to-diffuse reporter redistribution; not rupture proof
N15,N,15,PLD3_TMEM106B_mCherry_primary,site0,32,"260312_Day32_WellN15_Channel405nm Binned,561 nm,488nm Binned_Seq0186.nd2",561nm Binned,488nm Binned,6,whole_field_foreground,stable_channel,129275,2322226.0,1978724.0,15.652109146118164,343502.0,171,0.0013227615548147534,106.96412009523625,12.0,5.760443898417591,5.760443898417591,screening metric for punctate-to-diffuse reporter redistribution; not rupture proof
N15,N,15,PLD3_TMEM106B_mCherry_primary,site0,36,"260316_Day36_WellN15_Channel405nm Binned,561nm Binned,488nm Binned_Seq0186.nd2",561nm Binned,488nm Binned,7,whole_field_foreground,stable_channel,180606,3751850.0,3205375.0,18.148426055908203,546475.0,244,0.0013510071647600244,122.99586665044066,12.0,5.865547371781206,5.865547371781206,screening metric for punctate-to-diffuse reporter redistribution; not rupture proof
N15,N,15,PLD3_TMEM106B_mCherry_primary,site0,39,"260319_Day39_WellN15_Channel405nm Binned,561nm Binned,488nm Binned_Seq0186.nd2",561nm Binned,488nm Binned,8,whole_field_foreground,stable_channel,179174,3623948.0,3100431.0,17.689960479736328,523517.0,229,0.001278087222469342,113.77910092616186,12.0,5.922311978396265,5.922311978396265,screening metric for punctate-to-diffuse reporter redistribution; not rupture proof
N13,N,13,PLD3_TMEM106B_mCherry_primary,site0,8,"260216_Day8_iNeurons_WellN13_Channel405nm Binned,561nm Binned,488nm Binned_Seq0184.nd2",561nm Binned,488nm Binned,0,whole_field_foreground,stable_channel,435102,9018620.0,6894528.0,16.232196807861328,2124092.0,478,0.0010985929735990673,188.002855340806,18.0,3.2458707061637417,3.2458707061637417,screening metric for punctate-to-diffuse reporter redistribution; not rupture proof
N13,N,13,PLD3_TMEM106B_mCherry_primary,site0,12,"260220_Day12_WellN13_Channel405nm Binned,561nm Binned,488nm Binned_Seq0184.nd2",561nm Binned,488nm Binned,1,whole_field_foreground,stable_channel,445712,6625524.0,5302670.0,12.18553638458252,1322854.0,461,0.0010343001758960173,107.51666947404112,18.0,4.0085073636213755,4.0085073636213755,screening metric for punctate-to-diffuse reporter redistribution; not rupture proof
N13,N,13,PLD3_TMEM106B_mCherry_primary,site0,16,"260224_day16_WellN13_Channel405nm Binned,561nm Binned,488nm Binned_Seq0184.nd2",561nm Binned,488nm Binned,2,whole_field_foreground,stable_channel,453713,8541958.0,7000976.0,15.801987648010254,1540982.0,446,0.0009830002666862466,128.9325312456208,18.0,4.54319128970712,4.54319128970712,screening metric for punctate-to-diffuse reporter redistribution; not rupture proof
N13,N,13,PLD3_TMEM106B_mCherry_primary,site0,20,"260228_day20_WellN13_Channel405nm Binned,561nm Binned,488nm Binned_Seq0184.nd2",561nm Binned,488nm Binned,3,whole_field_foreground,stable_channel,467313,7837948.0,6440728.0,14.110818862915039,1397220.0,513,0.00109776530932994,114.61620840180454,15.0,4.609673494507229,4.609673494507229,screening metric for punctate-to-diffuse reporter redistribution; not rupture proof
N13,N,13,PLD3_TMEM106B_mCherry_primary,site0,25,"260305_day25_iNeurons_WellN13_Channel405nm Binned,561nm Binned,488nm Binned_Seq0184.nd2",561nm Binned,488nm Binned,4,whole_field_foreground,stable_channel,356013,5282977.0,4618798.0,13.264555931091309,664179.0,509,0.0014297230719062795,75.36129991572592,12.0,6.954146397270986,6.954146397270986,screening metric for punctate-to-diffuse reporter redistribution; not rupture proof
N13,N,13,PLD3_TMEM106B_mCherry_primary,site0,29,"260309_Day29_WellN13_Channel405nm Binned,561nm Binned,488nm Binned_Seq0184.nd2",561nm Binned,488nm Binned,5,whole_field_foreground,stable_channel,424579,6714139.0,5654294.0,13.61555290222168,1059845.0,619,0.0014579147814624419,103.98039983894212,12.0,5.335019743448019,5.335019743448019,screening metric for punctate-to-diffuse reporter redistribution; not rupture proof
N13,N,13,PLD3_TMEM106B_mCherry_primary,site0,32,"260312_Day32_WellN13_Channel405nm Binned,561 nm,488nm Binned_Seq0184.nd2",561nm Binned,488nm Binned,6,whole_field_foreground,stable_channel,492136,9079257.0,7683630.0,15.961872100830078,1395627.0,724,0.0014711380593952258,113.23753362202513,11.0,5.505503977778084,5.505503977778084,screening metric for punctate-to-diffuse reporter redistribution; not rupture proof
N13,N,13,PLD3_TMEM106B_mCherry_primary,site0,36,"260316_Day36_WellN13_Channel405nm Binned,561nm Binned,488nm Binned_Seq0184.nd2",561nm Binned,488nm Binned,7,whole_field_foreground,stable_channel,556952,9678435.0,8131154.0,14.928807258605957,1547281.0,746,0.0013394332007042988,110.93686960849301,12.0,5.255124311611624,5.255124311611624,screening metric for punctate-to-diffuse reporter redistribution; not rupture proof
N13,N,13,PLD3_TMEM106B_mCherry_primary,site0,39,"260319_Day39_WellN13_Channel405nm Binned,561nm Binned,488nm Binned_Seq0184.nd2",561nm Binned,488nm Binned,8,whole_field_foreground,stable_channel,531710,11083336.0,9389020.0,18.05862045288086,1694316.0,716,0.0013465987098204913,125.40124613479529,12.0,5.541481046035367,5.541481046035367,screening metric for punctate-to-diffuse reporter redistribution; not rupture proof
N16,N,16,PLD3_TMEM106B_mCherry_primary,site0,8,"260216_Day8_iNeurons_WellN16_Channel405nm Binned,561nm Binned,488nm Binned_Seq0187.nd2",561nm Binned,488nm Binned,0,whole_field_foreground,stable_channel,253845,5295022.0,4026560.0,16.24628257751465,1268462.0,276,0.0010872776694396688,191.17857534989068,18.0,3.174363914722574,3.174363914722574,screening metric for punctate-to-diffuse reporter redistribution; not rupture proof
N16,N,16,PLD3_TMEM106B_mCherry_primary,site0,12,"260220_Day12_WellN16_Channel405nm Binned,561nm Binned,488nm Binned_Seq0187.nd2",561nm Binned,488nm Binned,1,whole_field_foreground,stable_channel,305055,4741774.0,3742539.0,12.565560340881348,999235.0,292,0.0009572044385407313,116.92977078320229,18.0,3.7454042342354446,3.7454042342354446,screening metric for punctate-to-diffuse reporter redistribution; not rupture proof
N16,N,16,PLD3_TMEM106B_mCherry_primary,site0,16,"260224_day16_WellN16_Channel405nm Binned,561nm Binned,488nm Binned_Seq0187.nd2",561nm Binned,488nm Binned,2,whole_field_foreground,stable_channel,311906,5102234.0,4017667.0,13.196605682373047,1084567.0,276,0.0008848819836717315,128.77112991222438,20.0,3.7043972387102833,3.7043972387102833,screening metric for punctate-to-diffuse reporter redistribution; not rupture proof
N16,N,16,PLD3_TMEM106B_mCherry_primary,site0,20,"260228_day20_WellN16_Channel405nm Binned,561nm Binned,488nm Binned_Seq0187.nd2",561nm Binned,488nm Binned,3,whole_field_foreground,stable_channel,325410,4863787.0,3968820.0,12.489009857177734,894967.0,322,0.0009895209120771042,104.18071485009993,18.0,4.434599264548933,4.434599264548933,screening metric for punctate-to-diffuse reporter redistribution; not rupture proof
N16,N,16,PLD3_TMEM106B_mCherry_primary,site0,25,"260305_day25_iNeurons_WellN16_Channel405nm Binned,561nm Binned,488nm Binned_Seq0187.nd2",561nm Binned,488nm Binned,4,whole_field_foreground,stable_channel,182538,2347280.0,2051879.0,11.492287635803223,295401.0,275,0.0015065356254505553,66.86334132801403,12.0,6.946080074180703,6.946080074180703,screening metric for punctate-to-diffuse reporter redistribution; not rupture proof
N16,N,16,PLD3_TMEM106B_mCherry_primary,site0,29,"260309_Day29_WellN16_Channel405nm Binned,561nm Binned,488nm Binned_Seq0187.nd2",561nm Binned,488nm Binned,5,whole_field_foreground,stable_channel,259710,4272311.0,3699273.0,14.567967414855957,573038.0,363,0.0013977128335397261,89.74856544263434,12.0,6.455545705509136,6.455545705509136,screening metric for punctate-to-diffuse reporter redistribution; not rupture proof
N16,N,16,PLD3_TMEM106B_mCherry_primary,site0,32,"260312_Day32_WellN16_Channel405nm Binned,561 nm,488nm Binned_Seq0187.nd2",561nm Binned,488nm Binned,6,whole_field_foreground,stable_channel,313614,5014100.0,4269827.0,13.929011344909668,744273.0,391,0.0012467555657552061,93.53035988771093,14.0,5.736909709198457,5.736909709198457,screening metric for punctate-to-diffuse reporter redistribution; not rupture proof
N16,N,16,PLD3_TMEM106B_mCherry_primary,site0,36,"260316_Day36_WellN16_Channel405nm Binned,561nm Binned,488nm Binned_Seq0187.nd2",561nm Binned,488nm Binned,7,whole_field_foreground,stable_channel,308439,5361866.0,4580976.0,15.189013481140137,780890.0,412,0.0013357584481815342,101.07698194263051,12.0,5.86635249522229,5.86635249522229,screening metric for punctate-to-diffuse reporter redistribution; not rupture proof
N16,N,16,PLD3_TMEM106B_mCherry_primary,site0,39,"260319_Day39_WellN16_Channel405nm Binned,561nm Binned,488nm Binned_Seq0187.nd2",561nm Binned,488nm Binned,8,whole_field_foreground,stable_channel,338014,5481870.0,4600472.0,13.922977447509766,881398.0,401,0.001186341394139928,102.24015494177763,13.0,5.219517176116557,5.219517176116557,screening metric for punctate-to-diffuse reporter redistribution; not rupture proof
N12,N,12,PLD3_TMEM106B_mCherry_primary,site0,8,"260216_Day8_iNeurons_WellN12_Channel405nm Binned,561nm Binned,488nm Binned_Seq0183.nd2",561nm Binned,488nm Binned,0,whole_field_foreground,stable_channel,572271,12475256.0,9627688.0,17.237024307250977,2847568.0,637,0.0011131089990561935,187.49400875744303,18.0,3.3810212785073506,3.3810212785073506,screening metric for punctate-to-diffuse reporter redistribution; not rupture proof
N12,N,12,PLD3_TMEM106B_mCherry_primary,site0,12,"260220_Day12_WellN12_Channel405nm Binned,561nm Binned,488nm Binned_Seq0183.nd2",561nm Binned,488nm Binned,1,whole_field_foreground,stable_channel,563461,9887321.0,8193577.0,14.886396408081055,1693744.0,559,0.000992082859326569,112.11306102800455,19.0,4.837553372879941,4.837553372879941,screening metric for punctate-to-diffuse reporter redistribution; not rupture proof
N12,N,12,PLD3_TMEM106B_mCherry_primary,site0,16,"260224_day16_WellN12_Channel405nm Binned,561nm Binned,488nm Binned_Seq0183.nd2",561nm Binned,488nm Binned,2,whole_field_foreground,stable_channel,637370,11556764.0,9467936.0,15.213764190673828,2088828.0,581,0.0009115584354442293,120.43424712688295,20.0,4.53265467525113,4.53265467525113,screening metric for punctate-to-diffuse reporter redistribution; not rupture proof
N12,N,12,PLD3_TMEM106B_mCherry_primary,site0,20,"260228_day20_WellN12_Channel405nm Binned,561nm Binned,488nm Binned_Seq0183.nd2",561nm Binned,488nm Binned,3,whole_field_foreground,stable_channel,624728,10089038.0,8304332.0,13.61013412475586,1784706.0,610,0.0009764249401323833,108.12564194476018,17.0,4.653053219967517,4.653053219967517,screening metric for punctate-to-diffuse reporter redistribution; not rupture proof
N12,N,12,PLD3_TMEM106B_mCherry_primary,site0,25,"260305_day25_iNeurons_WellN12_Channel405nm Binned,561nm Binned,488nm Binned_Seq0183.nd2",561nm Binned,488nm Binned,4,whole_field_foreground,stable_channel,394019,6431458.0,5683484.0,14.738523483276367,747974.0,545,0.001383182029289493,79.91310662785801,11.0,7.5985047608505125,7.5985047608505125,screening metric for punctate-to-diffuse reporter redistribution; not rupture proof
N12,N,12,PLD3_TMEM106B_mCherry_primary,site0,29,"260309_Day29_WellN12_Channel405nm Binned,561nm Binned,488nm Binned_Seq0183.nd2",561nm Binned,488nm Binned,5,whole_field_foreground,stable_channel,539631,10276600.0,8804219.0,16.68059730529785,1472381.0,767,0.0014213416204750628,111.47531498457649,12.0,5.979579334420928,5.979579334420928,screening metric for punctate-to-diffuse reporter redistribution; not rupture proof
N12,N,12,PLD3_TMEM106B_mCherry_primary,site0,32,"260312_Day32_WellN12_Channel405nm Binned,561 nm,488nm Binned_Seq0183.nd2",561nm Binned,488nm Binned,6,whole_field_foreground,stable_channel,607102,12661857.0,10777608.0,18.148643493652344,1884249.0,861,0.0014182130844546416,125.77156580837485,12.0,5.719842759632235,5.719842759632235,screening metric for punctate-to-diffuse reporter redistribution; not rupture proof
N12,N,12,PLD3_TMEM106B_mCherry_primary,site0,36,"260316_Day36_WellN12_Channel405nm Binned,561nm Binned,488nm Binned_Seq0183.nd2",561nm Binned,488nm Binned,7,whole_field_foreground,stable_channel,691090,11778946.0,10027140.0,14.83622932434082,1751806.0,904,0.0013080785425902443,99.75408103402737,12.0,5.7238872340854385,5.7238872340854385,screening metric for punctate-to-diffuse reporter redistribution; not rupture proof
N12,N,12,PLD3_TMEM106B_mCherry_primary,site0,39,"260319_Day39_WellN12_Channel405nm Binned,561nm Binned,488nm Binned_Seq0183.nd2",561nm Binned,488nm Binned,8,whole_field_foreground,stable_channel,732717,12876807.0,10752497.0,15.012232780456543,2124310.0,953,0.0013006385821520442,112.45823261144905,12.0,5.061642133207931,5.061642133207931,screening metric for punctate-to-diffuse reporter redistribution; not rupture proof
N18,N,18,PLD3_TMEM106B_mCherry_primary,site0,8,"260216_Day8_iNeurons_WellN18_Channel405nm Binned,561nm Binned,488nm Binned_Seq0189.nd2",561nm Binned,488nm Binned,0,whole_field_foreground,stable_channel,172545,3353664.0,2602005.0,15.440333366394043,751659.0,198,0.001147526732150178,166.26143792662958,16.0,3.461682757735274,3.461682757735274,screening metric for punctate-to-diffuse reporter redistribution; not rupture proof
N18,N,18,PLD3_TMEM106B_mCherry_primary,site0,12,"260220_Day12_WellN18_Channel405nm Binned,561nm Binned,488nm Binned_Seq0189.nd2",561nm Binned,488nm Binned,1,whole_field_foreground,stable_channel,171298,2469083.0,1980459.0,11.841733932495117,488624.0,166,0.0009690714427432364,104.49796626079514,19.0,4.053134925824247,4.053134925824247,screening metric for punctate-to-diffuse reporter redistribution; not rupture proof
N18,N,18,PLD3_TMEM106B_mCherry_primary,site0,16,"260224_day16_WellN18_Channel405nm Binned,561nm Binned,488nm Binned_Seq0189.nd2",561nm Binned,488nm Binned,2,whole_field_foreground,stable_channel,178848,3101453.0,2503700.0,14.339550971984863,597753.0,148,0.0008275183395910073,123.32329982035868,22.5,4.188519338248091,4.188519338248091,screening metric for punctate-to-diffuse reporter redistribution; not rupture proof
N18,N,18,PLD3_TMEM106B_mCherry_primary,site0,20,"260228_day20_WellN18_Channel405nm Binned,561nm Binned,488nm Binned_Seq0189.nd2",561nm Binned,488nm Binned,3,whole_field_foreground,stable_channel,171001,2790991.0,2314317.0,13.85312557220459,476674.0,189,0.0011052566943988325,107.55715326783519,16.0,4.855135795103456,4.855135795103456,screening metric for punctate-to-diffuse reporter redistribution; not rupture proof
N18,N,18,PLD3_TMEM106B_mCherry_primary,site0,25,"260305_day25_iNeurons_WellN18_Channel405nm Binned,561nm Binned,488nm Binned_Seq0189.nd2",561nm Binned,488nm Binned,4,whole_field_foreground,stable_channel,143671,2255349.0,2052218.0,14.563310623168945,203131.0,179,0.0012459020957517808,65.35760193297317,11.0,10.102928651903929,10.102928651903929,screening metric for punctate-to-diffuse reporter redistribution; not rupture proof
N18,N,18,PLD3_TMEM106B_mCherry_primary,site0,29,"260309_Day29_WellN18_Channel405nm Binned,561nm Binned,488nm Binned_Seq0189.nd2",561nm Binned,488nm Binned,5,whole_field_foreground,stable_channel,171201,2461257.0,2068443.0,12.355478286743164,392814.0,243,0.001419384232560444,93.64256398079327,12.0,5.2657059065988845,5.2657059065988845,screening metric for punctate-to-diffuse reporter redistribution; not rupture proof
N18,N,18,PLD3_TMEM106B_mCherry_primary,site0,32,"260312_Day32_WellN18_Channel405nm Binned,561 nm,488nm Binned_Seq0189.nd2",561nm Binned,488nm Binned,6,whole_field_foreground,stable_channel,229231,3953587.0,3389105.0,15.130878448486328,564482.0,307,0.001339260396711879,95.869737357969,13.0,6.003920408434628,6.003920408434628,screening metric for punctate-to-diffuse reporter redistribution; not rupture proof
N18,N,18,PLD3_TMEM106B_mCherry_primary,site0,36,"260316_Day36_WellN18_Channel405nm Binned,561nm Binned,488nm Binned_Seq0189.nd2",561nm Binned,488nm Binned,7,whole_field_foreground,stable_channel,214228,3267987.0,2727972.0,13.026009559631348,540015.0,275,0.001283679070890436,97.03151665427468,13.0,5.051659676110753,5.051659676110753,screening metric for punctate-to-diffuse reporter redistribution; not rupture proof
N18,N,18,PLD3_TMEM106B_mCherry_primary,site0,39,"260319_Day39_WellN18_Channel405nm Binned,561nm Binned,488nm Binned_Seq0189.nd2",561nm Binned,488nm Binned,8,whole_field_foreground,stable_channel,215708,3222086.0,2664191.0,12.637877464294434,557895.0,244,0.0011311587887276727,94.5886688701442,14.0,4.77543444554123,4.77543444554123,screening metric for punctate-to-diffuse reporter redistribution; not rupture proof
N17,N,17,PLD3_TMEM106B_mCherry_primary,site0,8,"260216_Day8_iNeurons_WellN17_Channel405nm Binned,561nm Binned,488nm Binned_Seq0188.nd2",561nm Binned,488nm Binned,0,whole_field_foreground,stable_channel,308344,6687339.0,5115676.0,16.995996475219727,1571663.0,325,0.0010540175907393884,191.73344038743238,20.0,3.2549446032621145,3.2549446032621145,screening metric for punctate-to-diffuse reporter redistribution; not rupture proof
N17,N,17,PLD3_TMEM106B_mCherry_primary,site0,12,"260220_Day12_WellN17_Channel405nm Binned,561nm Binned,488nm Binned_Seq0188.nd2",561nm Binned,488nm Binned,1,whole_field_foreground,stable_channel,269520,4578756.0,3692498.0,14.031379699707031,886258.0,305,0.0011316414366238808,120.97139972624231,16.0,4.166391727912,4.166391727912,screening metric for punctate-to-diffuse reporter redistribution; not rupture proof
N17,N,17,PLD3_TMEM106B_mCherry_primary,site0,16,"260224_day16_WellN17_Channel405nm Binned,561nm Binned,488nm Binned_Seq0188.nd2",561nm Binned,488nm Binned,2,whole_field_foreground,stable_channel,336460,5710972.0,4605732.0,14.02074909210205,1105240.0,306,0.0009094691790973385,120.72716499777401,20.5,4.16717816944359,4.16717816944359,screening metric for punctate-to-diffuse reporter redistribution; not rupture proof
N17,N,17,PLD3_TMEM106B_mCherry_primary,site0,20,"260228_day20_WellN17_Channel405nm Binned,561nm Binned,488nm Binned_Seq0188.nd2",561nm Binned,488nm Binned,3,whole_field_foreground,stable_channel,298945,4986883.0,4077923.0,13.97008228302002,908960.0,304,0.0010169094649483453,113.57953973820335,17.0,4.486361336027453,4.486361336027453,screening metric for punctate-to-diffuse reporter redistribution; not rupture proof
N17,N,17,PLD3_TMEM106B_mCherry_primary,site0,25,"260305_day25_iNeurons_WellN17_Channel405nm Binned,561nm Binned,488nm Binned_Seq0188.nd2",561nm Binned,488nm Binned,4,whole_field_foreground,stable_channel,226888,3307266.0,2902124.0,13.077107429504395,405142.0,314,0.0013839427382612392,72.05678836555238,12.0,7.16322672049019,7.16322672049019,screening metric for punctate-to-diffuse reporter redistribution; not rupture proof
N17,N,17,PLD3_TMEM106B_mCherry_primary,site0,29,"260309_Day29_WellN17_Channel405nm Binned,561nm Binned,488nm Binned_Seq0188.nd2",561nm Binned,488nm Binned,5,whole_field_foreground,stable_channel,274578,4400664.0,3701514.0,13.789186477661133,699150.0,387,0.0014094355702153507,102.14669297092645,12.0,5.294305942923129,5.294305942923129,screening metric for punctate-to-diffuse reporter redistribution; not rupture proof
N17,N,17,PLD3_TMEM106B_mCherry_primary,site0,32,"260312_Day32_WellN17_Channel405nm Binned,561 nm,488nm Binned_Seq0188.nd2",561nm Binned,488nm Binned,6,whole_field_foreground,stable_channel,337849,6114814.0,5233971.0,15.843714714050293,880843.0,469,0.0013881941340617016,104.8419145775248,12.0,5.942002150206175,5.942002150206175,screening metric for punctate-to-diffuse reporter redistribution; not rupture proof
N17,N,17,PLD3_TMEM106B_mCherry_primary,site0,36,"260316_Day36_WellN17_Channel405nm Binned,561nm Binned,488nm Binned_Seq0188.nd2",561nm Binned,488nm Binned,7,whole_field_foreground,stable_channel,300258,5822592.0,4988955.0,16.985816955566406,833637.0,389,0.0012955524915196413,113.39001965951798,12.0,5.984565224425038,5.984565224425038,screening metric for punctate-to-diffuse reporter redistribution; not rupture proof
N17,N,17,PLD3_TMEM106B_mCherry_primary,site0,39,"260319_Day39_WellN17_Channel405nm Binned,561nm Binned,488nm Binned_Seq0188.nd2",561nm Binned,488nm Binned,8,whole_field_foreground,stable_channel,336021,7085141.0,6094154.0,18.546884536743164,990987.0,453,0.0013481300275835495,116.36378556476787,11.0,6.149580166030281,6.149580166030281,screening metric for punctate-to-diffuse reporter redistribution; not rupture proof
N20,N,20,PLD3_TMEM106B_mCherry_primary,site0,8,"260216_Day8_iNeurons_WellN20_Channel405nm Binned,561nm Binned,488nm Binned_Seq0191.nd2",561nm Binned,488nm Binned,0,whole_field_foreground,stable_channel,168631,3247018.0,2623979.0,15.94290542602539,623039.0,178,0.001055559179504032,137.1611466997125,19.0,4.2115806554578255,4.2115806554578255,screening metric for punctate-to-diffuse reporter redistribution; not rupture proof
N20,N,20,PLD3_TMEM106B_mCherry_primary,site0,12,"260220_Day12_WellN20_Channel405nm Binned,561nm Binned,488nm Binned_Seq0191.nd2",561nm Binned,488nm Binned,1,whole_field_foreground,stable_channel,156840,2239850.0,1879986.0,12.26840591430664,359864.0,164,0.0010456516194781583,85.55773749002596,15.0,5.224156903704666,5.224156903704666,screening metric for punctate-to-diffuse reporter redistribution; not rupture proof
N20,N,20,PLD3_TMEM106B_mCherry_primary,site0,16,"260224_day16_WellN20_Channel405nm Binned,561nm Binned,488nm Binned_Seq0191.nd2",561nm Binned,488nm Binned,2,whole_field_foreground,stable_channel,162539,2726381.0,2267345.0,14.289959907531738,459036.0,146,0.0008982459594257486,99.62462302430035,18.0,4.939362054381488,4.939362054381488,screening metric for punctate-to-diffuse reporter redistribution; not rupture proof
N20,N,20,PLD3_TMEM106B_mCherry_primary,site0,20,"260228_day20_WellN20_Channel405nm Binned,561nm Binned,488nm Binned_Seq0191.nd2",561nm Binned,488nm Binned,3,whole_field_foreground,stable_channel,186171,2594395.0,2118857.0,11.656033515930176,475538.0,168,0.0009023961841484313,96.66545184453328,21.5,4.455704906854014,4.455704906854014,screening metric for punctate-to-diffuse reporter redistribution; not rupture proof
N20,N,20,PLD3_TMEM106B_mCherry_primary,site0,25,"260305_day25_iNeurons_WellN20_Channel405nm Binned,561nm Binned,488nm Binned_Seq0191.nd2",561nm Binned,488nm Binned,4,whole_field_foreground,stable_channel,110540,1345608.0,1198223.0,11.081318855285645,147385.0,149,0.0013479283517156874,53.853575994504375,12.0,8.129884316530651,8.129884316530651,screening metric for punctate-to-diffuse reporter redistribution; not rupture proof
N20,N,20,PLD3_TMEM106B_mCherry_primary,site0,29,"260309_Day29_WellN20_Channel405nm Binned,561nm Binned,488nm Binned_Seq0191.nd2",561nm Binned,488nm Binned,5,whole_field_foreground,stable_channel,159921,2306244.0,1975832.0,12.636186599731445,330412.0,212,0.0013256545419217884,81.64956627251966,14.0,5.97990387756504,5.97990387756504,screening metric for punctate-to-diffuse reporter redistribution; not rupture proof
N20,N,20,PLD3_TMEM106B_mCherry_primary,site0,32,"260312_Day32_WellN20_Channel405nm Binned,561 nm,488nm Binned_Seq0191.nd2",561nm Binned,488nm Binned,6,whole_field_foreground,stable_channel,191673,3272082.0,2824211.0,15.065110206604004,447871.0,258,0.0013460424785893368,97.76072178330533,12.5,6.305858160036471,6.305858160036471,screening metric for punctate-to-diffuse reporter redistribution; not rupture proof
N20,N,20,PLD3_TMEM106B_mCherry_primary,site0,36,"260316_Day36_WellN20_Channel405nm Binned,561nm Binned,488nm Binned_Seq0191.nd2",561nm Binned,488nm Binned,7,whole_field_foreground,stable_channel,206664,3780916.0,3255689.0,16.11344337463379,525227.0,260,0.0012580807494229373,100.77068036886362,12.0,6.198632210441964,6.198632210441964,screening metric for punctate-to-diffuse reporter redistribution; not rupture proof
N20,N,20,PLD3_TMEM106B_mCherry_primary,site0,39,"260319_Day39_WellN20_Channel405nm Binned,561nm Binned,488nm Binned_Seq0191.nd2",561nm Binned,488nm Binned,8,whole_field_foreground,stable_channel,193248,3272426.0,2830018.0,14.981249809265137,442408.0,234,0.0012108792846435106,92.1590213938656,14.0,6.39685087067504,6.39685087067504,screening metric for punctate-to-diffuse reporter redistribution; not rupture proof
N19,N,19,PLD3_TMEM106B_mCherry_primary,site0,8,"260216_Day8_iNeurons_WellN19_Channel405nm Binned,561nm Binned,488nm Binned_Seq0190.nd2",561nm Binned,488nm Binned,0,whole_field_foreground,stable_channel,439597,8290823.0,6400219.0,14.917465209960938,1890604.0,475,0.001080535126488396,162.8014630126953,20.0,3.3852774034100293,3.3852774034100293,screening metric for punctate-to-diffuse reporter redistribution; not rupture proof
N19,N,19,PLD3_TMEM106B_mCherry_primary,site0,12,"260220_Day12_WellN19_Channel405nm Binned,561nm Binned,488nm Binned_Seq0190.nd2",561nm Binned,488nm Binned,1,whole_field_foreground,stable_channel,442401,7758658.0,6365433.0,14.73357105255127,1393225.0,458,0.0010352598660467872,113.83139984264123,17.0,4.5688478171116875,4.5688478171116875,screening metric for punctate-to-diffuse reporter redistribution; not rupture proof
N19,N,19,PLD3_TMEM106B_mCherry_primary,site0,16,"260224_day16_WellN19_Channel405nm Binned,561nm Binned,488nm Binned_Seq0190.nd2",561nm Binned,488nm Binned,2,whole_field_foreground,stable_channel,436955,7771779.0,6337191.0,14.855008125305176,1434588.0,411,0.0009406002906456257,122.43169234152838,19.0,4.417429254946774,4.417429254946774,screening metric for punctate-to-diffuse reporter redistribution; not rupture proof
N19,N,19,PLD3_TMEM106B_mCherry_primary,site0,20,"260228_day20_WellN19_Channel405nm Binned,561nm Binned,488nm Binned_Seq0190.nd2",561nm Binned,488nm Binned,3,whole_field_foreground,stable_channel,470405,7325312.0,5946896.0,12.942496299743652,1378416.0,504,0.0010714171830633785,112.90586641856602,16.0,4.314296990165295,4.314296990165295,screening metric for punctate-to-diffuse reporter redistribution; not rupture proof
N19,N,19,PLD3_TMEM106B_mCherry_primary,site0,25,"260305_day25_iNeurons_WellN19_Channel405nm Binned,561nm Binned,488nm Binned_Seq0190.nd2",561nm Binned,488nm Binned,4,whole_field_foreground,stable_channel,262143,3389331.0,2903060.0,11.32287311553955,486271.0,360,0.0013732962543292276,74.6057280116611,11.5,5.970045509590393,5.970045509590393,screening metric for punctate-to-diffuse reporter redistribution; not rupture proof
N19,N,19,PLD3_TMEM106B_mCherry_primary,site0,29,"260309_Day29_WellN19_Channel405nm Binned,561nm Binned,488nm Binned_Seq0190.nd2",561nm Binned,488nm Binned,5,whole_field_foreground,stable_channel,444877,7178116.0,6060779.0,13.931960105895996,1117337.0,620,0.0013936436363278083,101.73679690822479,12.0,5.424307080133008,5.424307080133008,screening metric for punctate-to-diffuse reporter redistribution; not rupture proof
N19,N,19,PLD3_TMEM106B_mCherry_primary,site0,32,"260312_Day32_WellN19_Channel405nm Binned,561 nm,488nm Binned_Seq0190.nd2",561nm Binned,488nm Binned,6,whole_field_foreground,stable_channel,381427,6769469.0,5747387.0,15.404125213623047,1022082.0,517,0.0013554362958014103,110.59375328344349,12.0,5.623215162770087,5.623215162770087,screening metric for punctate-to-diffuse reporter redistribution; not rupture proof
N19,N,19,PLD3_TMEM106B_mCherry_primary,site0,36,"260316_Day36_WellN19_Channel405nm Binned,561nm Binned,488nm Binned_Seq0190.nd2",561nm Binned,488nm Binned,7,whole_field_foreground,stable_channel,481071,8494069.0,7235431.0,15.381803512573242,1258638.0,670,0.0013927258138582606,106.02105372984018,12.0,5.748619539529437,5.748619539529437,screening metric for punctate-to-diffuse reporter redistribution; not rupture proof
N19,N,19,PLD3_TMEM106B_mCherry_primary,site0,39,"260319_Day39_WellN19_Channel405nm Binned,561nm Binned,488nm Binned_Seq0190.nd2",561nm Binned,488nm Binned,8,whole_field_foreground,stable_channel,471898,8960122.0,7643977.0,16.56293487548828,1316145.0,606,0.001284175817652789,114.09730490127413,12.0,5.807853238050665,5.807853238050665,screening metric for punctate-to-diffuse reporter redistribution; not rupture proof
