well,row,column,condition,mcherry_analysis_valid,day,path,file_name,file_size_bytes,inferred_channel,site_fov
C05,C,05,PLD3_only_no_mCherry,False,8,"/Users/pmihack/claire/tmem_2026/data/260213_Feb16recopy_HYdiff_landingpadlines_survival_384well1/20260216_084435_959/260216_Day8_iNeurons_WellC05_Channel405nm Binned,561nm Binned,488nm Binned_Seq0000.nd2","260216_Day8_iNeurons_WellC05_Channel405nm Binned,561nm Binned,488nm Binned_Seq0000.nd2",49692672,405nm Binned|561nm Binned|488nm Binned,Seq0000
C05,C,05,PLD3_only_no_mCherry,False,12,"/Users/pmihack/claire/tmem_2026/data/260213_Feb16recopy_HYdiff_landingpadlines_survival_384well1/20260220_085237_196/260220_Day12_WellC05_Channel405nm Binned,561nm Binned,488nm Binned_Seq0000.nd2","260220_Day12_WellC05_Channel405nm Binned,561nm Binned,488nm Binned_Seq0000.nd2",49692672,405nm Binned|561nm Binned|488nm Binned,Seq0000
C05,C,05,PLD3_only_no_mCherry,False,16,"/Users/pmihack/claire/tmem_2026/data/260213_Feb16recopy_HYdiff_landingpadlines_survival_384well1/20260224_090320_759/260224_day16_WellC05_Channel405nm Binned,561nm Binned,488nm Binned_Seq0000.nd2","260224_day16_WellC05_Channel405nm Binned,561nm Binned,488nm Binned_Seq0000.nd2",49692672,405nm Binned|561nm Binned|488nm Binned,Seq0000
C05,C,05,PLD3_only_no_mCherry,False,20,"/Users/pmihack/claire/tmem_2026/data/260213_Feb16recopy_HYdiff_landingpadlines_survival_384well1/20260228_090815_318/260228_day20_WellC05_Channel405nm Binned,561nm Binned,488nm Binned_Seq0000.nd2","260228_day20_WellC05_Channel405nm Binned,561nm Binned,488nm Binned_Seq0000.nd2",49692672,405nm Binned|561nm Binned|488nm Binned,Seq0000
C05,C,05,PLD3_only_no_mCherry,False,25,"/Users/pmihack/claire/tmem_2026/data/260213_Feb16recopy_HYdiff_landingpadlines_survival_384well1/20260305_171612_406/260305_day25_iNeurons_WellC05_Channel405nm Binned,561nm Binned,488nm Binned_Seq0000.nd2","260305_day25_iNeurons_WellC05_Channel405nm Binned,561nm Binned,488nm Binned_Seq0000.nd2",49688576,405nm Binned|561nm Binned|488nm Binned,Seq0000
C05,C,05,PLD3_only_no_mCherry,False,29,"/Users/pmihack/claire/tmem_2026/data/260213_Feb16recopy_HYdiff_landingpadlines_survival_384well1/20260309_090353_210/260309_Day29_WellC05_Channel405nm Binned,561nm Binned,488nm Binned_Seq0000.nd2","260309_Day29_WellC05_Channel405nm Binned,561nm Binned,488nm Binned_Seq0000.nd2",49688576,405nm Binned|561nm Binned|488nm Binned,Seq0000
C05,C,05,PLD3_only_no_mCherry,False,32,"/Users/pmihack/claire/tmem_2026/data/260213_Feb16recopy_HYdiff_landingpadlines_survival_384well1/20260312_083635_497/260312_Day32_WellC05_Channel405nm Binned,561 nm,488nm Binned_Seq0000.nd2","260312_Day32_WellC05_Channel405nm Binned,561 nm,488nm Binned_Seq0000.nd2",49688576,405nm Binned|561 nm|488nm Binned,Seq0000
C05,C,05,PLD3_only_no_mCherry,False,36,"/Users/pmihack/claire/tmem_2026/data/260213_Feb16recopy_HYdiff_landingpadlines_survival_384well1/20260316_093139_667/260316_Day36_WellC05_Channel405nm Binned,561nm Binned,488nm Binned_Seq0000.nd2","260316_Day36_WellC05_Channel405nm Binned,561nm Binned,488nm Binned_Seq0000.nd2",49700864,405nm Binned|561nm Binned|488nm Binned,Seq0000
C05,C,05,PLD3_only_no_mCherry,False,39,"/Users/pmihack/claire/tmem_2026/data/260213_Feb16recopy_HYdiff_landingpadlines_survival_384well1/20260319_083746_585/260319_Day39_WellC05_Channel405nm Binned,561nm Binned,488nm Binned_Seq0000.nd2","260319_Day39_WellC05_Channel405nm Binned,561nm Binned,488nm Binned_Seq0000.nd2",49692672,405nm Binned|561nm Binned|488nm Binned,Seq0000
C06,C,06,PLD3_only_no_mCherry,False,8,"/Users/pmihack/claire/tmem_2026/data/260213_Feb16recopy_HYdiff_landingpadlines_survival_384well1/20260216_084435_959/260216_Day8_iNeurons_WellC06_Channel405nm Binned,561nm Binned,488nm Binned_Seq0001.nd2","260216_Day8_iNeurons_WellC06_Channel405nm Binned,561nm Binned,488nm Binned_Seq0001.nd2",49692672,405nm Binned|561nm Binned|488nm Binned,Seq0001
C06,C,06,PLD3_only_no_mCherry,False,12,"/Users/pmihack/claire/tmem_2026/data/260213_Feb16recopy_HYdiff_landingpadlines_survival_384well1/20260220_085237_196/260220_Day12_WellC06_Channel405nm Binned,561nm Binned,488nm Binned_Seq0001.nd2","260220_Day12_WellC06_Channel405nm Binned,561nm Binned,488nm Binned_Seq0001.nd2",49692672,405nm Binned|561nm Binned|488nm Binned,Seq0001
C06,C,06,PLD3_only_no_mCherry,False,16,"/Users/pmihack/claire/tmem_2026/data/260213_Feb16recopy_HYdiff_landingpadlines_survival_384well1/20260224_090320_759/260224_day16_WellC06_Channel405nm Binned,561nm Binned,488nm Binned_Seq0001.nd2","260224_day16_WellC06_Channel405nm Binned,561nm Binned,488nm Binned_Seq0001.nd2",49692672,405nm Binned|561nm Binned|488nm Binned,Seq0001
C06,C,06,PLD3_only_no_mCherry,False,20,"/Users/pmihack/claire/tmem_2026/data/260213_Feb16recopy_HYdiff_landingpadlines_survival_384well1/20260228_090815_318/260228_day20_WellC06_Channel405nm Binned,561nm Binned,488nm Binned_Seq0001.nd2","260228_day20_WellC06_Channel405nm Binned,561nm Binned,488nm Binned_Seq0001.nd2",49692672,405nm Binned|561nm Binned|488nm Binned,Seq0001
C06,C,06,PLD3_only_no_mCherry,False,25,"/Users/pmihack/claire/tmem_2026/data/260213_Feb16recopy_HYdiff_landingpadlines_survival_384well1/20260305_171612_406/260305_day25_iNeurons_WellC06_Channel405nm Binned,561nm Binned,488nm Binned_Seq0001.nd2","260305_day25_iNeurons_WellC06_Channel405nm Binned,561nm Binned,488nm Binned_Seq0001.nd2",49688576,405nm Binned|561nm Binned|488nm Binned,Seq0001
C06,C,06,PLD3_only_no_mCherry,False,29,"/Users/pmihack/claire/tmem_2026/data/260213_Feb16recopy_HYdiff_landingpadlines_survival_384well1/20260309_090353_210/260309_Day29_WellC06_Channel405nm Binned,561nm Binned,488nm Binned_Seq0001.nd2","260309_Day29_WellC06_Channel405nm Binned,561nm Binned,488nm Binned_Seq0001.nd2",49688576,405nm Binned|561nm Binned|488nm Binned,Seq0001
C06,C,06,PLD3_only_no_mCherry,False,32,"/Users/pmihack/claire/tmem_2026/data/260213_Feb16recopy_HYdiff_landingpadlines_survival_384well1/20260312_083635_497/260312_Day32_WellC06_Channel405nm Binned,561 nm,488nm Binned_Seq0001.nd2","260312_Day32_WellC06_Channel405nm Binned,561 nm,488nm Binned_Seq0001.nd2",49688576,405nm Binned|561 nm|488nm Binned,Seq0001
C06,C,06,PLD3_only_no_mCherry,False,36,"/Users/pmihack/claire/tmem_2026/data/260213_Feb16recopy_HYdiff_landingpadlines_survival_384well1/20260316_093139_667/260316_Day36_WellC06_Channel405nm Binned,561nm Binned,488nm Binned_Seq0001.nd2","260316_Day36_WellC06_Channel405nm Binned,561nm Binned,488nm Binned_Seq0001.nd2",49700864,405nm Binned|561nm Binned|488nm Binned,Seq0001
C06,C,06,PLD3_only_no_mCherry,False,39,"/Users/pmihack/claire/tmem_2026/data/260213_Feb16recopy_HYdiff_landingpadlines_survival_384well1/20260319_083746_585/260319_Day39_WellC06_Channel405nm Binned,561nm Binned,488nm Binned_Seq0001.nd2","260319_Day39_WellC06_Channel405nm Binned,561nm Binned,488nm Binned_Seq0001.nd2",49692672,405nm Binned|561nm Binned|488nm Binned,Seq0001
C07,C,07,PLD3_only_no_mCherry,False,8,"/Users/pmihack/claire/tmem_2026/data/260213_Feb16recopy_HYdiff_landingpadlines_survival_384well1/20260216_084435_959/260216_Day8_iNeurons_WellC07_Channel405nm Binned,561nm Binned,488nm Binned_Seq0002.nd2","260216_Day8_iNeurons_WellC07_Channel405nm Binned,561nm Binned,488nm Binned_Seq0002.nd2",49692672,405nm Binned|561nm Binned|488nm Binned,Seq0002
C07,C,07,PLD3_only_no_mCherry,False,12,"/Users/pmihack/claire/tmem_2026/data/260213_Feb16recopy_HYdiff_landingpadlines_survival_384well1/20260220_085237_196/260220_Day12_WellC07_Channel405nm Binned,561nm Binned,488nm Binned_Seq0002.nd2","260220_Day12_WellC07_Channel405nm Binned,561nm Binned,488nm Binned_Seq0002.nd2",49692672,405nm Binned|561nm Binned|488nm Binned,Seq0002
C07,C,07,PLD3_only_no_mCherry,False,16,"/Users/pmihack/claire/tmem_2026/data/260213_Feb16recopy_HYdiff_landingpadlines_survival_384well1/20260224_090320_759/260224_day16_WellC07_Channel405nm Binned,561nm Binned,488nm Binned_Seq0002.nd2","260224_day16_WellC07_Channel405nm Binned,561nm Binned,488nm Binned_Seq0002.nd2",49692672,405nm Binned|561nm Binned|488nm Binned,Seq0002
C07,C,07,PLD3_only_no_mCherry,False,20,"/Users/pmihack/claire/tmem_2026/data/260213_Feb16recopy_HYdiff_landingpadlines_survival_384well1/20260228_090815_318/260228_day20_WellC07_Channel405nm Binned,561nm Binned,488nm Binned_Seq0002.nd2","260228_day20_WellC07_Channel405nm Binned,561nm Binned,488nm Binned_Seq0002.nd2",49692672,405nm Binned|561nm Binned|488nm Binned,Seq0002
C07,C,07,PLD3_only_no_mCherry,False,25,"/Users/pmihack/claire/tmem_2026/data/260213_Feb16recopy_HYdiff_landingpadlines_survival_384well1/20260305_171612_406/260305_day25_iNeurons_WellC07_Channel405nm Binned,561nm Binned,488nm Binned_Seq0002.nd2","260305_day25_iNeurons_WellC07_Channel405nm Binned,561nm Binned,488nm Binned_Seq0002.nd2",49688576,405nm Binned|561nm Binned|488nm Binned,Seq0002
C07,C,07,PLD3_only_no_mCherry,False,29,"/Users/pmihack/claire/tmem_2026/data/260213_Feb16recopy_HYdiff_landingpadlines_survival_384well1/20260309_090353_210/260309_Day29_WellC07_Channel405nm Binned,561nm Binned,488nm Binned_Seq0002.nd2","260309_Day29_WellC07_Channel405nm Binned,561nm Binned,488nm Binned_Seq0002.nd2",49688576,405nm Binned|561nm Binned|488nm Binned,Seq0002
C07,C,07,PLD3_only_no_mCherry,False,32,"/Users/pmihack/claire/tmem_2026/data/260213_Feb16recopy_HYdiff_landingpadlines_survival_384well1/20260312_083635_497/260312_Day32_WellC07_Channel405nm Binned,561 nm,488nm Binned_Seq0002.nd2","260312_Day32_WellC07_Channel405nm Binned,561 nm,488nm Binned_Seq0002.nd2",49688576,405nm Binned|561 nm|488nm Binned,Seq0002
C07,C,07,PLD3_only_no_mCherry,False,36,"/Users/pmihack/claire/tmem_2026/data/260213_Feb16recopy_HYdiff_landingpadlines_survival_384well1/20260316_093139_667/260316_Day36_WellC07_Channel405nm Binned,561nm Binned,488nm Binned_Seq0002.nd2","260316_Day36_WellC07_Channel405nm Binned,561nm Binned,488nm Binned_Seq0002.nd2",49700864,405nm Binned|561nm Binned|488nm Binned,Seq0002
C07,C,07,PLD3_only_no_mCherry,False,39,"/Users/pmihack/claire/tmem_2026/data/260213_Feb16recopy_HYdiff_landingpadlines_survival_384well1/20260319_083746_585/260319_Day39_WellC07_Channel405nm Binned,561nm Binned,488nm Binned_Seq0002.nd2","260319_Day39_WellC07_Channel405nm Binned,561nm Binned,488nm Binned_Seq0002.nd2",49692672,405nm Binned|561nm Binned|488nm Binned,Seq0002
C08,C,08,PLD3_only_no_mCherry,False,8,"/Users/pmihack/claire/tmem_2026/data/260213_Feb16recopy_HYdiff_landingpadlines_survival_384well1/20260216_084435_959/260216_Day8_iNeurons_WellC08_Channel405nm Binned,561nm Binned,488nm Binned_Seq0003.nd2","260216_Day8_iNeurons_WellC08_Channel405nm Binned,561nm Binned,488nm Binned_Seq0003.nd2",49692672,405nm Binned|561nm Binned|488nm Binned,Seq0003
C08,C,08,PLD3_only_no_mCherry,False,12,"/Users/pmihack/claire/tmem_2026/data/260213_Feb16recopy_HYdiff_landingpadlines_survival_384well1/20260220_085237_196/260220_Day12_WellC08_Channel405nm Binned,561nm Binned,488nm Binned_Seq0003.nd2","260220_Day12_WellC08_Channel405nm Binned,561nm Binned,488nm Binned_Seq0003.nd2",49692672,405nm Binned|561nm Binned|488nm Binned,Seq0003
C08,C,08,PLD3_only_no_mCherry,False,16,"/Users/pmihack/claire/tmem_2026/data/260213_Feb16recopy_HYdiff_landingpadlines_survival_384well1/20260224_090320_759/260224_day16_WellC08_Channel405nm Binned,561nm Binned,488nm Binned_Seq0003.nd2","260224_day16_WellC08_Channel405nm Binned,561nm Binned,488nm Binned_Seq0003.nd2",49692672,405nm Binned|561nm Binned|488nm Binned,Seq0003
C08,C,08,PLD3_only_no_mCherry,False,20,"/Users/pmihack/claire/tmem_2026/data/260213_Feb16recopy_HYdiff_landingpadlines_survival_384well1/20260228_090815_318/260228_day20_WellC08_Channel405nm Binned,561nm Binned,488nm Binned_Seq0003.nd2","260228_day20_WellC08_Channel405nm Binned,561nm Binned,488nm Binned_Seq0003.nd2",49692672,405nm Binned|561nm Binned|488nm Binned,Seq0003
C08,C,08,PLD3_only_no_mCherry,False,25,"/Users/pmihack/claire/tmem_2026/data/260213_Feb16recopy_HYdiff_landingpadlines_survival_384well1/20260305_171612_406/260305_day25_iNeurons_WellC08_Channel405nm Binned,561nm Binned,488nm Binned_Seq0003.nd2","260305_day25_iNeurons_WellC08_Channel405nm Binned,561nm Binned,488nm Binned_Seq0003.nd2",49688576,405nm Binned|561nm Binned|488nm Binned,Seq0003
C08,C,08,PLD3_only_no_mCherry,False,29,"/Users/pmihack/claire/tmem_2026/data/260213_Feb16recopy_HYdiff_landingpadlines_survival_384well1/20260309_090353_210/260309_Day29_WellC08_Channel405nm Binned,561nm Binned,488nm Binned_Seq0003.nd2","260309_Day29_WellC08_Channel405nm Binned,561nm Binned,488nm Binned_Seq0003.nd2",49688576,405nm Binned|561nm Binned|488nm Binned,Seq0003
C08,C,08,PLD3_only_no_mCherry,False,32,"/Users/pmihack/claire/tmem_2026/data/260213_Feb16recopy_HYdiff_landingpadlines_survival_384well1/20260312_083635_497/260312_Day32_WellC08_Channel405nm Binned,561 nm,488nm Binned_Seq0003.nd2","260312_Day32_WellC08_Channel405nm Binned,561 nm,488nm Binned_Seq0003.nd2",49688576,405nm Binned|561 nm|488nm Binned,Seq0003
C08,C,08,PLD3_only_no_mCherry,False,36,"/Users/pmihack/claire/tmem_2026/data/260213_Feb16recopy_HYdiff_landingpadlines_survival_384well1/20260316_093139_667/260316_Day36_WellC08_Channel405nm Binned,561nm Binned,488nm Binned_Seq0003.nd2","260316_Day36_WellC08_Channel405nm Binned,561nm Binned,488nm Binned_Seq0003.nd2",49700864,405nm Binned|561nm Binned|488nm Binned,Seq0003
C08,C,08,PLD3_only_no_mCherry,False,39,"/Users/pmihack/claire/tmem_2026/data/260213_Feb16recopy_HYdiff_landingpadlines_survival_384well1/20260319_083746_585/260319_Day39_WellC08_Channel405nm Binned,561nm Binned,488nm Binned_Seq0003.nd2","260319_Day39_WellC08_Channel405nm Binned,561nm Binned,488nm Binned_Seq0003.nd2",49692672,405nm Binned|561nm Binned|488nm Binned,Seq0003
C09,C,09,PLD3_only_no_mCherry,False,8,"/Users/pmihack/claire/tmem_2026/data/260213_Feb16recopy_HYdiff_landingpadlines_survival_384well1/20260216_084435_959/260216_Day8_iNeurons_WellC09_Channel405nm Binned,561nm Binned,488nm Binned_Seq0004.nd2","260216_Day8_iNeurons_WellC09_Channel405nm Binned,561nm Binned,488nm Binned_Seq0004.nd2",49692672,405nm Binned|561nm Binned|488nm Binned,Seq0004
C09,C,09,PLD3_only_no_mCherry,False,12,"/Users/pmihack/claire/tmem_2026/data/260213_Feb16recopy_HYdiff_landingpadlines_survival_384well1/20260220_085237_196/260220_Day12_WellC09_Channel405nm Binned,561nm Binned,488nm Binned_Seq0004.nd2","260220_Day12_WellC09_Channel405nm Binned,561nm Binned,488nm Binned_Seq0004.nd2",49692672,405nm Binned|561nm Binned|488nm Binned,Seq0004
C09,C,09,PLD3_only_no_mCherry,False,16,"/Users/pmihack/claire/tmem_2026/data/260213_Feb16recopy_HYdiff_landingpadlines_survival_384well1/20260224_090320_759/260224_day16_WellC09_Channel405nm Binned,561nm Binned,488nm Binned_Seq0004.nd2","260224_day16_WellC09_Channel405nm Binned,561nm Binned,488nm Binned_Seq0004.nd2",49692672,405nm Binned|561nm Binned|488nm Binned,Seq0004
C09,C,09,PLD3_only_no_mCherry,False,20,"/Users/pmihack/claire/tmem_2026/data/260213_Feb16recopy_HYdiff_landingpadlines_survival_384well1/20260228_090815_318/260228_day20_WellC09_Channel405nm Binned,561nm Binned,488nm Binned_Seq0004.nd2","260228_day20_WellC09_Channel405nm Binned,561nm Binned,488nm Binned_Seq0004.nd2",49692672,405nm Binned|561nm Binned|488nm Binned,Seq0004
C09,C,09,PLD3_only_no_mCherry,False,25,"/Users/pmihack/claire/tmem_2026/data/260213_Feb16recopy_HYdiff_landingpadlines_survival_384well1/20260305_171612_406/260305_day25_iNeurons_WellC09_Channel405nm Binned,561nm Binned,488nm Binned_Seq0004.nd2","260305_day25_iNeurons_WellC09_Channel405nm Binned,561nm Binned,488nm Binned_Seq0004.nd2",49688576,405nm Binned|561nm Binned|488nm Binned,Seq0004
C09,C,09,PLD3_only_no_mCherry,False,29,"/Users/pmihack/claire/tmem_2026/data/260213_Feb16recopy_HYdiff_landingpadlines_survival_384well1/20260309_090353_210/260309_Day29_WellC09_Channel405nm Binned,561nm Binned,488nm Binned_Seq0004.nd2","260309_Day29_WellC09_Channel405nm Binned,561nm Binned,488nm Binned_Seq0004.nd2",49688576,405nm Binned|561nm Binned|488nm Binned,Seq0004
C09,C,09,PLD3_only_no_mCherry,False,32,"/Users/pmihack/claire/tmem_2026/data/260213_Feb16recopy_HYdiff_landingpadlines_survival_384well1/20260312_083635_497/260312_Day32_WellC09_Channel405nm Binned,561 nm,488nm Binned_Seq0004.nd2","260312_Day32_WellC09_Channel405nm Binned,561 nm,488nm Binned_Seq0004.nd2",49688576,405nm Binned|561 nm|488nm Binned,Seq0004
C09,C,09,PLD3_only_no_mCherry,False,36,"/Users/pmihack/claire/tmem_2026/data/260213_Feb16recopy_HYdiff_landingpadlines_survival_384well1/20260316_093139_667/260316_Day36_WellC09_Channel405nm Binned,561nm Binned,488nm Binned_Seq0004.nd2","260316_Day36_WellC09_Channel405nm Binned,561nm Binned,488nm Binned_Seq0004.nd2",49700864,405nm Binned|561nm Binned|488nm Binned,Seq0004
C09,C,09,PLD3_only_no_mCherry,False,39,"/Users/pmihack/claire/tmem_2026/data/260213_Feb16recopy_HYdiff_landingpadlines_survival_384well1/20260319_083746_585/260319_Day39_WellC09_Channel405nm Binned,561nm Binned,488nm Binned_Seq0004.nd2","260319_Day39_WellC09_Channel405nm Binned,561nm Binned,488nm Binned_Seq0004.nd2",49692672,405nm Binned|561nm Binned|488nm Binned,Seq0004
C10,C,10,PLD3_only_no_mCherry,False,8,"/Users/pmihack/claire/tmem_2026/data/260213_Feb16recopy_HYdiff_landingpadlines_survival_384well1/20260216_084435_959/260216_Day8_iNeurons_WellC10_Channel405nm Binned,561nm Binned,488nm Binned_Seq0005.nd2","260216_Day8_iNeurons_WellC10_Channel405nm Binned,561nm Binned,488nm Binned_Seq0005.nd2",49692672,405nm Binned|561nm Binned|488nm Binned,Seq0005
C10,C,10,PLD3_only_no_mCherry,False,12,"/Users/pmihack/claire/tmem_2026/data/260213_Feb16recopy_HYdiff_landingpadlines_survival_384well1/20260220_085237_196/260220_Day12_WellC10_Channel405nm Binned,561nm Binned,488nm Binned_Seq0005.nd2","260220_Day12_WellC10_Channel405nm Binned,561nm Binned,488nm Binned_Seq0005.nd2",49692672,405nm Binned|561nm Binned|488nm Binned,Seq0005
C10,C,10,PLD3_only_no_mCherry,False,16,"/Users/pmihack/claire/tmem_2026/data/260213_Feb16recopy_HYdiff_landingpadlines_survival_384well1/20260224_090320_759/260224_day16_WellC10_Channel405nm Binned,561nm Binned,488nm Binned_Seq0005.nd2","260224_day16_WellC10_Channel405nm Binned,561nm Binned,488nm Binned_Seq0005.nd2",49692672,405nm Binned|561nm Binned|488nm Binned,Seq0005
C10,C,10,PLD3_only_no_mCherry,False,20,"/Users/pmihack/claire/tmem_2026/data/260213_Feb16recopy_HYdiff_landingpadlines_survival_384well1/20260228_090815_318/260228_day20_WellC10_Channel405nm Binned,561nm Binned,488nm Binned_Seq0005.nd2","260228_day20_WellC10_Channel405nm Binned,561nm Binned,488nm Binned_Seq0005.nd2",49692672,405nm Binned|561nm Binned|488nm Binned,Seq0005
C10,C,10,PLD3_only_no_mCherry,False,25,"/Users/pmihack/claire/tmem_2026/data/260213_Feb16recopy_HYdiff_landingpadlines_survival_384well1/20260305_171612_406/260305_day25_iNeurons_WellC10_Channel405nm Binned,561nm Binned,488nm Binned_Seq0005.nd2","260305_day25_iNeurons_WellC10_Channel405nm Binned,561nm Binned,488nm Binned_Seq0005.nd2",49688576,405nm Binned|561nm Binned|488nm Binned,Seq0005
C10,C,10,PLD3_only_no_mCherry,False,29,"/Users/pmihack/claire/tmem_2026/data/260213_Feb16recopy_HYdiff_landingpadlines_survival_384well1/20260309_090353_210/260309_Day29_WellC10_Channel405nm Binned,561nm Binned,488nm Binned_Seq0005.nd2","260309_Day29_WellC10_Channel405nm Binned,561nm Binned,488nm Binned_Seq0005.nd2",49688576,405nm Binned|561nm Binned|488nm Binned,Seq0005
C10,C,10,PLD3_only_no_mCherry,False,32,"/Users/pmihack/claire/tmem_2026/data/260213_Feb16recopy_HYdiff_landingpadlines_survival_384well1/20260312_083635_497/260312_Day32_WellC10_Channel405nm Binned,561 nm,488nm Binned_Seq0005.nd2","260312_Day32_WellC10_Channel405nm Binned,561 nm,488nm Binned_Seq0005.nd2",49688576,405nm Binned|561 nm|488nm Binned,Seq0005
C10,C,10,PLD3_only_no_mCherry,False,36,"/Users/pmihack/claire/tmem_2026/data/260213_Feb16recopy_HYdiff_landingpadlines_survival_384well1/20260316_093139_667/260316_Day36_WellC10_Channel405nm Binned,561nm Binned,488nm Binned_Seq0005.nd2","260316_Day36_WellC10_Channel405nm Binned,561nm Binned,488nm Binned_Seq0005.nd2",49700864,405nm Binned|561nm Binned|488nm Binned,Seq0005
C10,C,10,PLD3_only_no_mCherry,False,39,"/Users/pmihack/claire/tmem_2026/data/260213_Feb16recopy_HYdiff_landingpadlines_survival_384well1/20260319_083746_585/260319_Day39_WellC10_Channel405nm Binned,561nm Binned,488nm Binned_Seq0005.nd2","260319_Day39_WellC10_Channel405nm Binned,561nm Binned,488nm Binned_Seq0005.nd2",49692672,405nm Binned|561nm Binned|488nm Binned,Seq0005
C11,C,11,PLD3_only_no_mCherry,False,8,"/Users/pmihack/claire/tmem_2026/data/260213_Feb16recopy_HYdiff_landingpadlines_survival_384well1/20260216_084435_959/260216_Day8_iNeurons_WellC11_Channel405nm Binned,561nm Binned,488nm Binned_Seq0006.nd2","260216_Day8_iNeurons_WellC11_Channel405nm Binned,561nm Binned,488nm Binned_Seq0006.nd2",49692672,405nm Binned|561nm Binned|488nm Binned,Seq0006
C11,C,11,PLD3_only_no_mCherry,False,12,"/Users/pmihack/claire/tmem_2026/data/260213_Feb16recopy_HYdiff_landingpadlines_survival_384well1/20260220_085237_196/260220_Day12_WellC11_Channel405nm Binned,561nm Binned,488nm Binned_Seq0006.nd2","260220_Day12_WellC11_Channel405nm Binned,561nm Binned,488nm Binned_Seq0006.nd2",49692672,405nm Binned|561nm Binned|488nm Binned,Seq0006
C11,C,11,PLD3_only_no_mCherry,False,16,"/Users/pmihack/claire/tmem_2026/data/260213_Feb16recopy_HYdiff_landingpadlines_survival_384well1/20260224_090320_759/260224_day16_WellC11_Channel405nm Binned,561nm Binned,488nm Binned_Seq0006.nd2","260224_day16_WellC11_Channel405nm Binned,561nm Binned,488nm Binned_Seq0006.nd2",49692672,405nm Binned|561nm Binned|488nm Binned,Seq0006
C11,C,11,PLD3_only_no_mCherry,False,20,"/Users/pmihack/claire/tmem_2026/data/260213_Feb16recopy_HYdiff_landingpadlines_survival_384well1/20260228_090815_318/260228_day20_WellC11_Channel405nm Binned,561nm Binned,488nm Binned_Seq0006.nd2","260228_day20_WellC11_Channel405nm Binned,561nm Binned,488nm Binned_Seq0006.nd2",49692672,405nm Binned|561nm Binned|488nm Binned,Seq0006
C11,C,11,PLD3_only_no_mCherry,False,25,"/Users/pmihack/claire/tmem_2026/data/260213_Feb16recopy_HYdiff_landingpadlines_survival_384well1/20260305_171612_406/260305_day25_iNeurons_WellC11_Channel405nm Binned,561nm Binned,488nm Binned_Seq0006.nd2","260305_day25_iNeurons_WellC11_Channel405nm Binned,561nm Binned,488nm Binned_Seq0006.nd2",49688576,405nm Binned|561nm Binned|488nm Binned,Seq0006
C11,C,11,PLD3_only_no_mCherry,False,29,"/Users/pmihack/claire/tmem_2026/data/260213_Feb16recopy_HYdiff_landingpadlines_survival_384well1/20260309_090353_210/260309_Day29_WellC11_Channel405nm Binned,561nm Binned,488nm Binned_Seq0006.nd2","260309_Day29_WellC11_Channel405nm Binned,561nm Binned,488nm Binned_Seq0006.nd2",49688576,405nm Binned|561nm Binned|488nm Binned,Seq0006
C11,C,11,PLD3_only_no_mCherry,False,32,"/Users/pmihack/claire/tmem_2026/data/260213_Feb16recopy_HYdiff_landingpadlines_survival_384well1/20260312_083635_497/260312_Day32_WellC11_Channel405nm Binned,561 nm,488nm Binned_Seq0006.nd2","260312_Day32_WellC11_Channel405nm Binned,561 nm,488nm Binned_Seq0006.nd2",49688576,405nm Binned|561 nm|488nm Binned,Seq0006
C11,C,11,PLD3_only_no_mCherry,False,36,"/Users/pmihack/claire/tmem_2026/data/260213_Feb16recopy_HYdiff_landingpadlines_survival_384well1/20260316_093139_667/260316_Day36_WellC11_Channel405nm Binned,561nm Binned,488nm Binned_Seq0006.nd2","260316_Day36_WellC11_Channel405nm Binned,561nm Binned,488nm Binned_Seq0006.nd2",49700864,405nm Binned|561nm Binned|488nm Binned,Seq0006
C11,C,11,PLD3_only_no_mCherry,False,39,"/Users/pmihack/claire/tmem_2026/data/260213_Feb16recopy_HYdiff_landingpadlines_survival_384well1/20260319_083746_585/260319_Day39_WellC11_Channel405nm Binned,561nm Binned,488nm Binned_Seq0006.nd2","260319_Day39_WellC11_Channel405nm Binned,561nm Binned,488nm Binned_Seq0006.nd2",49692672,405nm Binned|561nm Binned|488nm Binned,Seq0006
C12,C,12,PLD3_only_no_mCherry,False,8,"/Users/pmihack/claire/tmem_2026/data/260213_Feb16recopy_HYdiff_landingpadlines_survival_384well1/20260216_084435_959/260216_Day8_iNeurons_WellC12_Channel405nm Binned,561nm Binned,488nm Binned_Seq0007.nd2","260216_Day8_iNeurons_WellC12_Channel405nm Binned,561nm Binned,488nm Binned_Seq0007.nd2",49692672,405nm Binned|561nm Binned|488nm Binned,Seq0007
C12,C,12,PLD3_only_no_mCherry,False,12,"/Users/pmihack/claire/tmem_2026/data/260213_Feb16recopy_HYdiff_landingpadlines_survival_384well1/20260220_085237_196/260220_Day12_WellC12_Channel405nm Binned,561nm Binned,488nm Binned_Seq0007.nd2","260220_Day12_WellC12_Channel405nm Binned,561nm Binned,488nm Binned_Seq0007.nd2",49692672,405nm Binned|561nm Binned|488nm Binned,Seq0007
C12,C,12,PLD3_only_no_mCherry,False,16,"/Users/pmihack/claire/tmem_2026/data/260213_Feb16recopy_HYdiff_landingpadlines_survival_384well1/20260224_090320_759/260224_day16_WellC12_Channel405nm Binned,561nm Binned,488nm Binned_Seq0007.nd2","260224_day16_WellC12_Channel405nm Binned,561nm Binned,488nm Binned_Seq0007.nd2",49692672,405nm Binned|561nm Binned|488nm Binned,Seq0007
C12,C,12,PLD3_only_no_mCherry,False,20,"/Users/pmihack/claire/tmem_2026/data/260213_Feb16recopy_HYdiff_landingpadlines_survival_384well1/20260228_090815_318/260228_day20_WellC12_Channel405nm Binned,561nm Binned,488nm Binned_Seq0007.nd2","260228_day20_WellC12_Channel405nm Binned,561nm Binned,488nm Binned_Seq0007.nd2",49692672,405nm Binned|561nm Binned|488nm Binned,Seq0007
C12,C,12,PLD3_only_no_mCherry,False,25,"/Users/pmihack/claire/tmem_2026/data/260213_Feb16recopy_HYdiff_landingpadlines_survival_384well1/20260305_171612_406/260305_day25_iNeurons_WellC12_Channel405nm Binned,561nm Binned,488nm Binned_Seq0007.nd2","260305_day25_iNeurons_WellC12_Channel405nm Binned,561nm Binned,488nm Binned_Seq0007.nd2",49688576,405nm Binned|561nm Binned|488nm Binned,Seq0007
C12,C,12,PLD3_only_no_mCherry,False,29,"/Users/pmihack/claire/tmem_2026/data/260213_Feb16recopy_HYdiff_landingpadlines_survival_384well1/20260309_090353_210/260309_Day29_WellC12_Channel405nm Binned,561nm Binned,488nm Binned_Seq0007.nd2","260309_Day29_WellC12_Channel405nm Binned,561nm Binned,488nm Binned_Seq0007.nd2",49688576,405nm Binned|561nm Binned|488nm Binned,Seq0007
C12,C,12,PLD3_only_no_mCherry,False,32,"/Users/pmihack/claire/tmem_2026/data/260213_Feb16recopy_HYdiff_landingpadlines_survival_384well1/20260312_083635_497/260312_Day32_WellC12_Channel405nm Binned,561 nm,488nm Binned_Seq0007.nd2","260312_Day32_WellC12_Channel405nm Binned,561 nm,488nm Binned_Seq0007.nd2",49688576,405nm Binned|561 nm|488nm Binned,Seq0007
C12,C,12,PLD3_only_no_mCherry,False,36,"/Users/pmihack/claire/tmem_2026/data/260213_Feb16recopy_HYdiff_landingpadlines_survival_384well1/20260316_093139_667/260316_Day36_WellC12_Channel405nm Binned,561nm Binned,488nm Binned_Seq0007.nd2","260316_Day36_WellC12_Channel405nm Binned,561nm Binned,488nm Binned_Seq0007.nd2",49700864,405nm Binned|561nm Binned|488nm Binned,Seq0007
C12,C,12,PLD3_only_no_mCherry,False,39,"/Users/pmihack/claire/tmem_2026/data/260213_Feb16recopy_HYdiff_landingpadlines_survival_384well1/20260319_083746_585/260319_Day39_WellC12_Channel405nm Binned,561nm Binned,488nm Binned_Seq0007.nd2","260319_Day39_WellC12_Channel405nm Binned,561nm Binned,488nm Binned_Seq0007.nd2",49692672,405nm Binned|561nm Binned|488nm Binned,Seq0007
C13,C,13,PLD3_only_no_mCherry,False,8,"/Users/pmihack/claire/tmem_2026/data/260213_Feb16recopy_HYdiff_landingpadlines_survival_384well1/20260216_084435_959/260216_Day8_iNeurons_WellC13_Channel405nm Binned,561nm Binned,488nm Binned_Seq0008.nd2","260216_Day8_iNeurons_WellC13_Channel405nm Binned,561nm Binned,488nm Binned_Seq0008.nd2",49692672,405nm Binned|561nm Binned|488nm Binned,Seq0008
C13,C,13,PLD3_only_no_mCherry,False,12,"/Users/pmihack/claire/tmem_2026/data/260213_Feb16recopy_HYdiff_landingpadlines_survival_384well1/20260220_085237_196/260220_Day12_WellC13_Channel405nm Binned,561nm Binned,488nm Binned_Seq0008.nd2","260220_Day12_WellC13_Channel405nm Binned,561nm Binned,488nm Binned_Seq0008.nd2",49692672,405nm Binned|561nm Binned|488nm Binned,Seq0008
C13,C,13,PLD3_only_no_mCherry,False,16,"/Users/pmihack/claire/tmem_2026/data/260213_Feb16recopy_HYdiff_landingpadlines_survival_384well1/20260224_090320_759/260224_day16_WellC13_Channel405nm Binned,561nm Binned,488nm Binned_Seq0008.nd2","260224_day16_WellC13_Channel405nm Binned,561nm Binned,488nm Binned_Seq0008.nd2",49692672,405nm Binned|561nm Binned|488nm Binned,Seq0008
C13,C,13,PLD3_only_no_mCherry,False,20,"/Users/pmihack/claire/tmem_2026/data/260213_Feb16recopy_HYdiff_landingpadlines_survival_384well1/20260228_090815_318/260228_day20_WellC13_Channel405nm Binned,561nm Binned,488nm Binned_Seq0008.nd2","260228_day20_WellC13_Channel405nm Binned,561nm Binned,488nm Binned_Seq0008.nd2",49692672,405nm Binned|561nm Binned|488nm Binned,Seq0008
C13,C,13,PLD3_only_no_mCherry,False,25,"/Users/pmihack/claire/tmem_2026/data/260213_Feb16recopy_HYdiff_landingpadlines_survival_384well1/20260305_171612_406/260305_day25_iNeurons_WellC13_Channel405nm Binned,561nm Binned,488nm Binned_Seq0008.nd2","260305_day25_iNeurons_WellC13_Channel405nm Binned,561nm Binned,488nm Binned_Seq0008.nd2",49688576,405nm Binned|561nm Binned|488nm Binned,Seq0008
C13,C,13,PLD3_only_no_mCherry,False,29,"/Users/pmihack/claire/tmem_2026/data/260213_Feb16recopy_HYdiff_landingpadlines_survival_384well1/20260309_090353_210/260309_Day29_WellC13_Channel405nm Binned,561nm Binned,488nm Binned_Seq0008.nd2","260309_Day29_WellC13_Channel405nm Binned,561nm Binned,488nm Binned_Seq0008.nd2",49688576,405nm Binned|561nm Binned|488nm Binned,Seq0008
C13,C,13,PLD3_only_no_mCherry,False,32,"/Users/pmihack/claire/tmem_2026/data/260213_Feb16recopy_HYdiff_landingpadlines_survival_384well1/20260312_083635_497/260312_Day32_WellC13_Channel405nm Binned,561 nm,488nm Binned_Seq0008.nd2","260312_Day32_WellC13_Channel405nm Binned,561 nm,488nm Binned_Seq0008.nd2",49688576,405nm Binned|561 nm|488nm Binned,Seq0008
C13,C,13,PLD3_only_no_mCherry,False,36,"/Users/pmihack/claire/tmem_2026/data/260213_Feb16recopy_HYdiff_landingpadlines_survival_384well1/20260316_093139_667/260316_Day36_WellC13_Channel405nm Binned,561nm Binned,488nm Binned_Seq0008.nd2","260316_Day36_WellC13_Channel405nm Binned,561nm Binned,488nm Binned_Seq0008.nd2",49700864,405nm Binned|561nm Binned|488nm Binned,Seq0008
C13,C,13,PLD3_only_no_mCherry,False,39,"/Users/pmihack/claire/tmem_2026/data/260213_Feb16recopy_HYdiff_landingpadlines_survival_384well1/20260319_083746_585/260319_Day39_WellC13_Channel405nm Binned,561nm Binned,488nm Binned_Seq0008.nd2","260319_Day39_WellC13_Channel405nm Binned,561nm Binned,488nm Binned_Seq0008.nd2",49692672,405nm Binned|561nm Binned|488nm Binned,Seq0008
C14,C,14,PLD3_only_no_mCherry,False,8,"/Users/pmihack/claire/tmem_2026/data/260213_Feb16recopy_HYdiff_landingpadlines_survival_384well1/20260216_084435_959/260216_Day8_iNeurons_WellC14_Channel405nm Binned,561nm Binned,488nm Binned_Seq0009.nd2","260216_Day8_iNeurons_WellC14_Channel405nm Binned,561nm Binned,488nm Binned_Seq0009.nd2",49692672,405nm Binned|561nm Binned|488nm Binned,Seq0009
C14,C,14,PLD3_only_no_mCherry,False,12,"/Users/pmihack/claire/tmem_2026/data/260213_Feb16recopy_HYdiff_landingpadlines_survival_384well1/20260220_085237_196/260220_Day12_WellC14_Channel405nm Binned,561nm Binned,488nm Binned_Seq0009.nd2","260220_Day12_WellC14_Channel405nm Binned,561nm Binned,488nm Binned_Seq0009.nd2",49692672,405nm Binned|561nm Binned|488nm Binned,Seq0009
C14,C,14,PLD3_only_no_mCherry,False,16,"/Users/pmihack/claire/tmem_2026/data/260213_Feb16recopy_HYdiff_landingpadlines_survival_384well1/20260224_090320_759/260224_day16_WellC14_Channel405nm Binned,561nm Binned,488nm Binned_Seq0009.nd2","260224_day16_WellC14_Channel405nm Binned,561nm Binned,488nm Binned_Seq0009.nd2",49692672,405nm Binned|561nm Binned|488nm Binned,Seq0009
C14,C,14,PLD3_only_no_mCherry,False,20,"/Users/pmihack/claire/tmem_2026/data/260213_Feb16recopy_HYdiff_landingpadlines_survival_384well1/20260228_090815_318/260228_day20_WellC14_Channel405nm Binned,561nm Binned,488nm Binned_Seq0009.nd2","260228_day20_WellC14_Channel405nm Binned,561nm Binned,488nm Binned_Seq0009.nd2",49692672,405nm Binned|561nm Binned|488nm Binned,Seq0009
C14,C,14,PLD3_only_no_mCherry,False,25,"/Users/pmihack/claire/tmem_2026/data/260213_Feb16recopy_HYdiff_landingpadlines_survival_384well1/20260305_171612_406/260305_day25_iNeurons_WellC14_Channel405nm Binned,561nm Binned,488nm Binned_Seq0009.nd2","260305_day25_iNeurons_WellC14_Channel405nm Binned,561nm Binned,488nm Binned_Seq0009.nd2",49688576,405nm Binned|561nm Binned|488nm Binned,Seq0009
C14,C,14,PLD3_only_no_mCherry,False,29,"/Users/pmihack/claire/tmem_2026/data/260213_Feb16recopy_HYdiff_landingpadlines_survival_384well1/20260309_090353_210/260309_Day29_WellC14_Channel405nm Binned,561nm Binned,488nm Binned_Seq0009.nd2","260309_Day29_WellC14_Channel405nm Binned,561nm Binned,488nm Binned_Seq0009.nd2",49688576,405nm Binned|561nm Binned|488nm Binned,Seq0009
C14,C,14,PLD3_only_no_mCherry,False,32,"/Users/pmihack/claire/tmem_2026/data/260213_Feb16recopy_HYdiff_landingpadlines_survival_384well1/20260312_083635_497/260312_Day32_WellC14_Channel405nm Binned,561 nm,488nm Binned_Seq0009.nd2","260312_Day32_WellC14_Channel405nm Binned,561 nm,488nm Binned_Seq0009.nd2",49688576,405nm Binned|561 nm|488nm Binned,Seq0009
C14,C,14,PLD3_only_no_mCherry,False,36,"/Users/pmihack/claire/tmem_2026/data/260213_Feb16recopy_HYdiff_landingpadlines_survival_384well1/20260316_093139_667/260316_Day36_WellC14_Channel405nm Binned,561nm Binned,488nm Binned_Seq0009.nd2","260316_Day36_WellC14_Channel405nm Binned,561nm Binned,488nm Binned_Seq0009.nd2",49700864,405nm Binned|561nm Binned|488nm Binned,Seq0009
C14,C,14,PLD3_only_no_mCherry,False,39,"/Users/pmihack/claire/tmem_2026/data/260213_Feb16recopy_HYdiff_landingpadlines_survival_384well1/20260319_083746_585/260319_Day39_WellC14_Channel405nm Binned,561nm Binned,488nm Binned_Seq0009.nd2","260319_Day39_WellC14_Channel405nm Binned,561nm Binned,488nm Binned_Seq0009.nd2",49692672,405nm Binned|561nm Binned|488nm Binned,Seq0009
C15,C,15,PLD3_only_no_mCherry,False,8,"/Users/pmihack/claire/tmem_2026/data/260213_Feb16recopy_HYdiff_landingpadlines_survival_384well1/20260216_084435_959/260216_Day8_iNeurons_WellC15_Channel405nm Binned,561nm Binned,488nm Binned_Seq0010.nd2","260216_Day8_iNeurons_WellC15_Channel405nm Binned,561nm Binned,488nm Binned_Seq0010.nd2",49692672,405nm Binned|561nm Binned|488nm Binned,Seq0010
C15,C,15,PLD3_only_no_mCherry,False,12,"/Users/pmihack/claire/tmem_2026/data/260213_Feb16recopy_HYdiff_landingpadlines_survival_384well1/20260220_085237_196/260220_Day12_WellC15_Channel405nm Binned,561nm Binned,488nm Binned_Seq0010.nd2","260220_Day12_WellC15_Channel405nm Binned,561nm Binned,488nm Binned_Seq0010.nd2",49692672,405nm Binned|561nm Binned|488nm Binned,Seq0010
C15,C,15,PLD3_only_no_mCherry,False,16,"/Users/pmihack/claire/tmem_2026/data/260213_Feb16recopy_HYdiff_landingpadlines_survival_384well1/20260224_090320_759/260224_day16_WellC15_Channel405nm Binned,561nm Binned,488nm Binned_Seq0010.nd2","260224_day16_WellC15_Channel405nm Binned,561nm Binned,488nm Binned_Seq0010.nd2",49692672,405nm Binned|561nm Binned|488nm Binned,Seq0010
C15,C,15,PLD3_only_no_mCherry,False,20,"/Users/pmihack/claire/tmem_2026/data/260213_Feb16recopy_HYdiff_landingpadlines_survival_384well1/20260228_090815_318/260228_day20_WellC15_Channel405nm Binned,561nm Binned,488nm Binned_Seq0010.nd2","260228_day20_WellC15_Channel405nm Binned,561nm Binned,488nm Binned_Seq0010.nd2",49692672,405nm Binned|561nm Binned|488nm Binned,Seq0010
C15,C,15,PLD3_only_no_mCherry,False,25,"/Users/pmihack/claire/tmem_2026/data/260213_Feb16recopy_HYdiff_landingpadlines_survival_384well1/20260305_171612_406/260305_day25_iNeurons_WellC15_Channel405nm Binned,561nm Binned,488nm Binned_Seq0010.nd2","260305_day25_iNeurons_WellC15_Channel405nm Binned,561nm Binned,488nm Binned_Seq0010.nd2",49688576,405nm Binned|561nm Binned|488nm Binned,Seq0010
C15,C,15,PLD3_only_no_mCherry,False,29,"/Users/pmihack/claire/tmem_2026/data/260213_Feb16recopy_HYdiff_landingpadlines_survival_384well1/20260309_090353_210/260309_Day29_WellC15_Channel405nm Binned,561nm Binned,488nm Binned_Seq0010.nd2","260309_Day29_WellC15_Channel405nm Binned,561nm Binned,488nm Binned_Seq0010.nd2",49688576,405nm Binned|561nm Binned|488nm Binned,Seq0010
C15,C,15,PLD3_only_no_mCherry,False,32,"/Users/pmihack/claire/tmem_2026/data/260213_Feb16recopy_HYdiff_landingpadlines_survival_384well1/20260312_083635_497/260312_Day32_WellC15_Channel405nm Binned,561 nm,488nm Binned_Seq0010.nd2","260312_Day32_WellC15_Channel405nm Binned,561 nm,488nm Binned_Seq0010.nd2",49688576,405nm Binned|561 nm|488nm Binned,Seq0010
C15,C,15,PLD3_only_no_mCherry,False,36,"/Users/pmihack/claire/tmem_2026/data/260213_Feb16recopy_HYdiff_landingpadlines_survival_384well1/20260316_093139_667/260316_Day36_WellC15_Channel405nm Binned,561nm Binned,488nm Binned_Seq0010.nd2","260316_Day36_WellC15_Channel405nm Binned,561nm Binned,488nm Binned_Seq0010.nd2",49700864,405nm Binned|561nm Binned|488nm Binned,Seq0010
C15,C,15,PLD3_only_no_mCherry,False,39,"/Users/pmihack/claire/tmem_2026/data/260213_Feb16recopy_HYdiff_landingpadlines_survival_384well1/20260319_083746_585/260319_Day39_WellC15_Channel405nm Binned,561nm Binned,488nm Binned_Seq0010.nd2","260319_Day39_WellC15_Channel405nm Binned,561nm Binned,488nm Binned_Seq0010.nd2",49692672,405nm Binned|561nm Binned|488nm Binned,Seq0010
C16,C,16,PLD3_only_no_mCherry,False,8,"/Users/pmihack/claire/tmem_2026/data/260213_Feb16recopy_HYdiff_landingpadlines_survival_384well1/20260216_084435_959/260216_Day8_iNeurons_WellC16_Channel405nm Binned,561nm Binned,488nm Binned_Seq0011.nd2","260216_Day8_iNeurons_WellC16_Channel405nm Binned,561nm Binned,488nm Binned_Seq0011.nd2",49692672,405nm Binned|561nm Binned|488nm Binned,Seq0011
C16,C,16,PLD3_only_no_mCherry,False,12,"/Users/pmihack/claire/tmem_2026/data/260213_Feb16recopy_HYdiff_landingpadlines_survival_384well1/20260220_085237_196/260220_Day12_WellC16_Channel405nm Binned,561nm Binned,488nm Binned_Seq0011.nd2","260220_Day12_WellC16_Channel405nm Binned,561nm Binned,488nm Binned_Seq0011.nd2",49692672,405nm Binned|561nm Binned|488nm Binned,Seq0011
C16,C,16,PLD3_only_no_mCherry,False,16,"/Users/pmihack/claire/tmem_2026/data/260213_Feb16recopy_HYdiff_landingpadlines_survival_384well1/20260224_090320_759/260224_day16_WellC16_Channel405nm Binned,561nm Binned,488nm Binned_Seq0011.nd2","260224_day16_WellC16_Channel405nm Binned,561nm Binned,488nm Binned_Seq0011.nd2",49692672,405nm Binned|561nm Binned|488nm Binned,Seq0011
C16,C,16,PLD3_only_no_mCherry,False,20,"/Users/pmihack/claire/tmem_2026/data/260213_Feb16recopy_HYdiff_landingpadlines_survival_384well1/20260228_090815_318/260228_day20_WellC16_Channel405nm Binned,561nm Binned,488nm Binned_Seq0011.nd2","260228_day20_WellC16_Channel405nm Binned,561nm Binned,488nm Binned_Seq0011.nd2",49692672,405nm Binned|561nm Binned|488nm Binned,Seq0011
C16,C,16,PLD3_only_no_mCherry,False,25,"/Users/pmihack/claire/tmem_2026/data/260213_Feb16recopy_HYdiff_landingpadlines_survival_384well1/20260305_171612_406/260305_day25_iNeurons_WellC16_Channel405nm Binned,561nm Binned,488nm Binned_Seq0011.nd2","260305_day25_iNeurons_WellC16_Channel405nm Binned,561nm Binned,488nm Binned_Seq0011.nd2",49688576,405nm Binned|561nm Binned|488nm Binned,Seq0011
C16,C,16,PLD3_only_no_mCherry,False,29,"/Users/pmihack/claire/tmem_2026/data/260213_Feb16recopy_HYdiff_landingpadlines_survival_384well1/20260309_090353_210/260309_Day29_WellC16_Channel405nm Binned,561nm Binned,488nm Binned_Seq0011.nd2","260309_Day29_WellC16_Channel405nm Binned,561nm Binned,488nm Binned_Seq0011.nd2",49688576,405nm Binned|561nm Binned|488nm Binned,Seq0011
C16,C,16,PLD3_only_no_mCherry,False,32,"/Users/pmihack/claire/tmem_2026/data/260213_Feb16recopy_HYdiff_landingpadlines_survival_384well1/20260312_083635_497/260312_Day32_WellC16_Channel405nm Binned,561 nm,488nm Binned_Seq0011.nd2","260312_Day32_WellC16_Channel405nm Binned,561 nm,488nm Binned_Seq0011.nd2",49688576,405nm Binned|561 nm|488nm Binned,Seq0011
C16,C,16,PLD3_only_no_mCherry,False,36,"/Users/pmihack/claire/tmem_2026/data/260213_Feb16recopy_HYdiff_landingpadlines_survival_384well1/20260316_093139_667/260316_Day36_WellC16_Channel405nm Binned,561nm Binned,488nm Binned_Seq0011.nd2","260316_Day36_WellC16_Channel405nm Binned,561nm Binned,488nm Binned_Seq0011.nd2",49700864,405nm Binned|561nm Binned|488nm Binned,Seq0011
C16,C,16,PLD3_only_no_mCherry,False,39,"/Users/pmihack/claire/tmem_2026/data/260213_Feb16recopy_HYdiff_landingpadlines_survival_384well1/20260319_083746_585/260319_Day39_WellC16_Channel405nm Binned,561nm Binned,488nm Binned_Seq0011.nd2","260319_Day39_WellC16_Channel405nm Binned,561nm Binned,488nm Binned_Seq0011.nd2",49692672,405nm Binned|561nm Binned|488nm Binned,Seq0011
C17,C,17,PLD3_only_no_mCherry,False,8,"/Users/pmihack/claire/tmem_2026/data/260213_Feb16recopy_HYdiff_landingpadlines_survival_384well1/20260216_084435_959/260216_Day8_iNeurons_WellC17_Channel405nm Binned,561nm Binned,488nm Binned_Seq0012.nd2","260216_Day8_iNeurons_WellC17_Channel405nm Binned,561nm Binned,488nm Binned_Seq0012.nd2",49692672,405nm Binned|561nm Binned|488nm Binned,Seq0012
C17,C,17,PLD3_only_no_mCherry,False,12,"/Users/pmihack/claire/tmem_2026/data/260213_Feb16recopy_HYdiff_landingpadlines_survival_384well1/20260220_085237_196/260220_Day12_WellC17_Channel405nm Binned,561nm Binned,488nm Binned_Seq0012.nd2","260220_Day12_WellC17_Channel405nm Binned,561nm Binned,488nm Binned_Seq0012.nd2",49692672,405nm Binned|561nm Binned|488nm Binned,Seq0012
C17,C,17,PLD3_only_no_mCherry,False,16,"/Users/pmihack/claire/tmem_2026/data/260213_Feb16recopy_HYdiff_landingpadlines_survival_384well1/20260224_090320_759/260224_day16_WellC17_Channel405nm Binned,561nm Binned,488nm Binned_Seq0012.nd2","260224_day16_WellC17_Channel405nm Binned,561nm Binned,488nm Binned_Seq0012.nd2",49692672,405nm Binned|561nm Binned|488nm Binned,Seq0012
C17,C,17,PLD3_only_no_mCherry,False,20,"/Users/pmihack/claire/tmem_2026/data/260213_Feb16recopy_HYdiff_landingpadlines_survival_384well1/20260228_090815_318/260228_day20_WellC17_Channel405nm Binned,561nm Binned,488nm Binned_Seq0012.nd2","260228_day20_WellC17_Channel405nm Binned,561nm Binned,488nm Binned_Seq0012.nd2",49692672,405nm Binned|561nm Binned|488nm Binned,Seq0012
C17,C,17,PLD3_only_no_mCherry,False,25,"/Users/pmihack/claire/tmem_2026/data/260213_Feb16recopy_HYdiff_landingpadlines_survival_384well1/20260305_171612_406/260305_day25_iNeurons_WellC17_Channel405nm Binned,561nm Binned,488nm Binned_Seq0012.nd2","260305_day25_iNeurons_WellC17_Channel405nm Binned,561nm Binned,488nm Binned_Seq0012.nd2",49688576,405nm Binned|561nm Binned|488nm Binned,Seq0012
C17,C,17,PLD3_only_no_mCherry,False,29,"/Users/pmihack/claire/tmem_2026/data/260213_Feb16recopy_HYdiff_landingpadlines_survival_384well1/20260309_090353_210/260309_Day29_WellC17_Channel405nm Binned,561nm Binned,488nm Binned_Seq0012.nd2","260309_Day29_WellC17_Channel405nm Binned,561nm Binned,488nm Binned_Seq0012.nd2",49688576,405nm Binned|561nm Binned|488nm Binned,Seq0012
C17,C,17,PLD3_only_no_mCherry,False,32,"/Users/pmihack/claire/tmem_2026/data/260213_Feb16recopy_HYdiff_landingpadlines_survival_384well1/20260312_083635_497/260312_Day32_WellC17_Channel405nm Binned,561 nm,488nm Binned_Seq0012.nd2","260312_Day32_WellC17_Channel405nm Binned,561 nm,488nm Binned_Seq0012.nd2",49688576,405nm Binned|561 nm|488nm Binned,Seq0012
C17,C,17,PLD3_only_no_mCherry,False,36,"/Users/pmihack/claire/tmem_2026/data/260213_Feb16recopy_HYdiff_landingpadlines_survival_384well1/20260316_093139_667/260316_Day36_WellC17_Channel405nm Binned,561nm Binned,488nm Binned_Seq0012.nd2","260316_Day36_WellC17_Channel405nm Binned,561nm Binned,488nm Binned_Seq0012.nd2",49700864,405nm Binned|561nm Binned|488nm Binned,Seq0012
C17,C,17,PLD3_only_no_mCherry,False,39,"/Users/pmihack/claire/tmem_2026/data/260213_Feb16recopy_HYdiff_landingpadlines_survival_384well1/20260319_083746_585/260319_Day39_WellC17_Channel405nm Binned,561nm Binned,488nm Binned_Seq0012.nd2","260319_Day39_WellC17_Channel405nm Binned,561nm Binned,488nm Binned_Seq0012.nd2",49692672,405nm Binned|561nm Binned|488nm Binned,Seq0012
C18,C,18,PLD3_only_no_mCherry,False,8,"/Users/pmihack/claire/tmem_2026/data/260213_Feb16recopy_HYdiff_landingpadlines_survival_384well1/20260216_084435_959/260216_Day8_iNeurons_WellC18_Channel405nm Binned,561nm Binned,488nm Binned_Seq0013.nd2","260216_Day8_iNeurons_WellC18_Channel405nm Binned,561nm Binned,488nm Binned_Seq0013.nd2",49692672,405nm Binned|561nm Binned|488nm Binned,Seq0013
C18,C,18,PLD3_only_no_mCherry,False,12,"/Users/pmihack/claire/tmem_2026/data/260213_Feb16recopy_HYdiff_landingpadlines_survival_384well1/20260220_085237_196/260220_Day12_WellC18_Channel405nm Binned,561nm Binned,488nm Binned_Seq0013.nd2","260220_Day12_WellC18_Channel405nm Binned,561nm Binned,488nm Binned_Seq0013.nd2",49692672,405nm Binned|561nm Binned|488nm Binned,Seq0013
C18,C,18,PLD3_only_no_mCherry,False,16,"/Users/pmihack/claire/tmem_2026/data/260213_Feb16recopy_HYdiff_landingpadlines_survival_384well1/20260224_090320_759/260224_day16_WellC18_Channel405nm Binned,561nm Binned,488nm Binned_Seq0013.nd2","260224_day16_WellC18_Channel405nm Binned,561nm Binned,488nm Binned_Seq0013.nd2",49692672,405nm Binned|561nm Binned|488nm Binned,Seq0013
C18,C,18,PLD3_only_no_mCherry,False,20,"/Users/pmihack/claire/tmem_2026/data/260213_Feb16recopy_HYdiff_landingpadlines_survival_384well1/20260228_090815_318/260228_day20_WellC18_Channel405nm Binned,561nm Binned,488nm Binned_Seq0013.nd2","260228_day20_WellC18_Channel405nm Binned,561nm Binned,488nm Binned_Seq0013.nd2",49692672,405nm Binned|561nm Binned|488nm Binned,Seq0013
C18,C,18,PLD3_only_no_mCherry,False,25,"/Users/pmihack/claire/tmem_2026/data/260213_Feb16recopy_HYdiff_landingpadlines_survival_384well1/20260305_171612_406/260305_day25_iNeurons_WellC18_Channel405nm Binned,561nm Binned,488nm Binned_Seq0013.nd2","260305_day25_iNeurons_WellC18_Channel405nm Binned,561nm Binned,488nm Binned_Seq0013.nd2",49688576,405nm Binned|561nm Binned|488nm Binned,Seq0013
C18,C,18,PLD3_only_no_mCherry,False,29,"/Users/pmihack/claire/tmem_2026/data/260213_Feb16recopy_HYdiff_landingpadlines_survival_384well1/20260309_090353_210/260309_Day29_WellC18_Channel405nm Binned,561nm Binned,488nm Binned_Seq0013.nd2","260309_Day29_WellC18_Channel405nm Binned,561nm Binned,488nm Binned_Seq0013.nd2",49688576,405nm Binned|561nm Binned|488nm Binned,Seq0013
C18,C,18,PLD3_only_no_mCherry,False,32,"/Users/pmihack/claire/tmem_2026/data/260213_Feb16recopy_HYdiff_landingpadlines_survival_384well1/20260312_083635_497/260312_Day32_WellC18_Channel405nm Binned,561 nm,488nm Binned_Seq0013.nd2","260312_Day32_WellC18_Channel405nm Binned,561 nm,488nm Binned_Seq0013.nd2",49688576,405nm Binned|561 nm|488nm Binned,Seq0013
C18,C,18,PLD3_only_no_mCherry,False,36,"/Users/pmihack/claire/tmem_2026/data/260213_Feb16recopy_HYdiff_landingpadlines_survival_384well1/20260316_093139_667/260316_Day36_WellC18_Channel405nm Binned,561nm Binned,488nm Binned_Seq0013.nd2","260316_Day36_WellC18_Channel405nm Binned,561nm Binned,488nm Binned_Seq0013.nd2",49700864,405nm Binned|561nm Binned|488nm Binned,Seq0013
C18,C,18,PLD3_only_no_mCherry,False,39,"/Users/pmihack/claire/tmem_2026/data/260213_Feb16recopy_HYdiff_landingpadlines_survival_384well1/20260319_083746_585/260319_Day39_WellC18_Channel405nm Binned,561nm Binned,488nm Binned_Seq0013.nd2","260319_Day39_WellC18_Channel405nm Binned,561nm Binned,488nm Binned_Seq0013.nd2",49692672,405nm Binned|561nm Binned|488nm Binned,Seq0013
C19,C,19,PLD3_only_no_mCherry,False,8,"/Users/pmihack/claire/tmem_2026/data/260213_Feb16recopy_HYdiff_landingpadlines_survival_384well1/20260216_084435_959/260216_Day8_iNeurons_WellC19_Channel405nm Binned,561nm Binned,488nm Binned_Seq0014.nd2","260216_Day8_iNeurons_WellC19_Channel405nm Binned,561nm Binned,488nm Binned_Seq0014.nd2",49692672,405nm Binned|561nm Binned|488nm Binned,Seq0014
C19,C,19,PLD3_only_no_mCherry,False,12,"/Users/pmihack/claire/tmem_2026/data/260213_Feb16recopy_HYdiff_landingpadlines_survival_384well1/20260220_085237_196/260220_Day12_WellC19_Channel405nm Binned,561nm Binned,488nm Binned_Seq0014.nd2","260220_Day12_WellC19_Channel405nm Binned,561nm Binned,488nm Binned_Seq0014.nd2",49692672,405nm Binned|561nm Binned|488nm Binned,Seq0014
C19,C,19,PLD3_only_no_mCherry,False,16,"/Users/pmihack/claire/tmem_2026/data/260213_Feb16recopy_HYdiff_landingpadlines_survival_384well1/20260224_090320_759/260224_day16_WellC19_Channel405nm Binned,561nm Binned,488nm Binned_Seq0014.nd2","260224_day16_WellC19_Channel405nm Binned,561nm Binned,488nm Binned_Seq0014.nd2",49692672,405nm Binned|561nm Binned|488nm Binned,Seq0014
C19,C,19,PLD3_only_no_mCherry,False,20,"/Users/pmihack/claire/tmem_2026/data/260213_Feb16recopy_HYdiff_landingpadlines_survival_384well1/20260228_090815_318/260228_day20_WellC19_Channel405nm Binned,561nm Binned,488nm Binned_Seq0014.nd2","260228_day20_WellC19_Channel405nm Binned,561nm Binned,488nm Binned_Seq0014.nd2",49692672,405nm Binned|561nm Binned|488nm Binned,Seq0014
C19,C,19,PLD3_only_no_mCherry,False,25,"/Users/pmihack/claire/tmem_2026/data/260213_Feb16recopy_HYdiff_landingpadlines_survival_384well1/20260305_171612_406/260305_day25_iNeurons_WellC19_Channel405nm Binned,561nm Binned,488nm Binned_Seq0014.nd2","260305_day25_iNeurons_WellC19_Channel405nm Binned,561nm Binned,488nm Binned_Seq0014.nd2",49688576,405nm Binned|561nm Binned|488nm Binned,Seq0014
C19,C,19,PLD3_only_no_mCherry,False,29,"/Users/pmihack/claire/tmem_2026/data/260213_Feb16recopy_HYdiff_landingpadlines_survival_384well1/20260309_090353_210/260309_Day29_WellC19_Channel405nm Binned,561nm Binned,488nm Binned_Seq0014.nd2","260309_Day29_WellC19_Channel405nm Binned,561nm Binned,488nm Binned_Seq0014.nd2",49688576,405nm Binned|561nm Binned|488nm Binned,Seq0014
C19,C,19,PLD3_only_no_mCherry,False,32,"/Users/pmihack/claire/tmem_2026/data/260213_Feb16recopy_HYdiff_landingpadlines_survival_384well1/20260312_083635_497/260312_Day32_WellC19_Channel405nm Binned,561 nm,488nm Binned_Seq0014.nd2","260312_Day32_WellC19_Channel405nm Binned,561 nm,488nm Binned_Seq0014.nd2",49688576,405nm Binned|561 nm|488nm Binned,Seq0014
C19,C,19,PLD3_only_no_mCherry,False,36,"/Users/pmihack/claire/tmem_2026/data/260213_Feb16recopy_HYdiff_landingpadlines_survival_384well1/20260316_093139_667/260316_Day36_WellC19_Channel405nm Binned,561nm Binned,488nm Binned_Seq0014.nd2","260316_Day36_WellC19_Channel405nm Binned,561nm Binned,488nm Binned_Seq0014.nd2",49700864,405nm Binned|561nm Binned|488nm Binned,Seq0014
C19,C,19,PLD3_only_no_mCherry,False,39,"/Users/pmihack/claire/tmem_2026/data/260213_Feb16recopy_HYdiff_landingpadlines_survival_384well1/20260319_083746_585/260319_Day39_WellC19_Channel405nm Binned,561nm Binned,488nm Binned_Seq0014.nd2","260319_Day39_WellC19_Channel405nm Binned,561nm Binned,488nm Binned_Seq0014.nd2",49692672,405nm Binned|561nm Binned|488nm Binned,Seq0014
C20,C,20,PLD3_only_no_mCherry,False,8,"/Users/pmihack/claire/tmem_2026/data/260213_Feb16recopy_HYdiff_landingpadlines_survival_384well1/20260216_084435_959/260216_Day8_iNeurons_WellC20_Channel405nm Binned,561nm Binned,488nm Binned_Seq0015.nd2","260216_Day8_iNeurons_WellC20_Channel405nm Binned,561nm Binned,488nm Binned_Seq0015.nd2",49692672,405nm Binned|561nm Binned|488nm Binned,Seq0015
C20,C,20,PLD3_only_no_mCherry,False,12,"/Users/pmihack/claire/tmem_2026/data/260213_Feb16recopy_HYdiff_landingpadlines_survival_384well1/20260220_085237_196/260220_Day12_WellC20_Channel405nm Binned,561nm Binned,488nm Binned_Seq0015.nd2","260220_Day12_WellC20_Channel405nm Binned,561nm Binned,488nm Binned_Seq0015.nd2",49692672,405nm Binned|561nm Binned|488nm Binned,Seq0015
C20,C,20,PLD3_only_no_mCherry,False,16,"/Users/pmihack/claire/tmem_2026/data/260213_Feb16recopy_HYdiff_landingpadlines_survival_384well1/20260224_090320_759/260224_day16_WellC20_Channel405nm Binned,561nm Binned,488nm Binned_Seq0015.nd2","260224_day16_WellC20_Channel405nm Binned,561nm Binned,488nm Binned_Seq0015.nd2",49692672,405nm Binned|561nm Binned|488nm Binned,Seq0015
C20,C,20,PLD3_only_no_mCherry,False,20,"/Users/pmihack/claire/tmem_2026/data/260213_Feb16recopy_HYdiff_landingpadlines_survival_384well1/20260228_090815_318/260228_day20_WellC20_Channel405nm Binned,561nm Binned,488nm Binned_Seq0015.nd2","260228_day20_WellC20_Channel405nm Binned,561nm Binned,488nm Binned_Seq0015.nd2",49692672,405nm Binned|561nm Binned|488nm Binned,Seq0015
C20,C,20,PLD3_only_no_mCherry,False,25,"/Users/pmihack/claire/tmem_2026/data/260213_Feb16recopy_HYdiff_landingpadlines_survival_384well1/20260305_171612_406/260305_day25_iNeurons_WellC20_Channel405nm Binned,561nm Binned,488nm Binned_Seq0015.nd2","260305_day25_iNeurons_WellC20_Channel405nm Binned,561nm Binned,488nm Binned_Seq0015.nd2",49688576,405nm Binned|561nm Binned|488nm Binned,Seq0015
C20,C,20,PLD3_only_no_mCherry,False,29,"/Users/pmihack/claire/tmem_2026/data/260213_Feb16recopy_HYdiff_landingpadlines_survival_384well1/20260309_090353_210/260309_Day29_WellC20_Channel405nm Binned,561nm Binned,488nm Binned_Seq0015.nd2","260309_Day29_WellC20_Channel405nm Binned,561nm Binned,488nm Binned_Seq0015.nd2",49688576,405nm Binned|561nm Binned|488nm Binned,Seq0015
C20,C,20,PLD3_only_no_mCherry,False,32,"/Users/pmihack/claire/tmem_2026/data/260213_Feb16recopy_HYdiff_landingpadlines_survival_384well1/20260312_083635_497/260312_Day32_WellC20_Channel405nm Binned,561 nm,488nm Binned_Seq0015.nd2","260312_Day32_WellC20_Channel405nm Binned,561 nm,488nm Binned_Seq0015.nd2",49688576,405nm Binned|561 nm|488nm Binned,Seq0015
C20,C,20,PLD3_only_no_mCherry,False,36,"/Users/pmihack/claire/tmem_2026/data/260213_Feb16recopy_HYdiff_landingpadlines_survival_384well1/20260316_093139_667/260316_Day36_WellC20_Channel405nm Binned,561nm Binned,488nm Binned_Seq0015.nd2","260316_Day36_WellC20_Channel405nm Binned,561nm Binned,488nm Binned_Seq0015.nd2",49700864,405nm Binned|561nm Binned|488nm Binned,Seq0015
C20,C,20,PLD3_only_no_mCherry,False,39,"/Users/pmihack/claire/tmem_2026/data/260213_Feb16recopy_HYdiff_landingpadlines_survival_384well1/20260319_083746_585/260319_Day39_WellC20_Channel405nm Binned,561nm Binned,488nm Binned_Seq0015.nd2","260319_Day39_WellC20_Channel405nm Binned,561nm Binned,488nm Binned_Seq0015.nd2",49692672,405nm Binned|561nm Binned|488nm Binned,Seq0015
D05,D,05,PLD3_TMEM106B_no_mCherry,False,8,"/Users/pmihack/claire/tmem_2026/data/260213_Feb16recopy_HYdiff_landingpadlines_survival_384well1/20260216_084435_959/260216_Day8_iNeurons_WellD05_Channel405nm Binned,561nm Binned,488nm Binned_Seq0016.nd2","260216_Day8_iNeurons_WellD05_Channel405nm Binned,561nm Binned,488nm Binned_Seq0016.nd2",49692672,405nm Binned|561nm Binned|488nm Binned,Seq0016
D05,D,05,PLD3_TMEM106B_no_mCherry,False,12,"/Users/pmihack/claire/tmem_2026/data/260213_Feb16recopy_HYdiff_landingpadlines_survival_384well1/20260220_085237_196/260220_Day12_WellD05_Channel405nm Binned,561nm Binned,488nm Binned_Seq0016.nd2","260220_Day12_WellD05_Channel405nm Binned,561nm Binned,488nm Binned_Seq0016.nd2",49692672,405nm Binned|561nm Binned|488nm Binned,Seq0016
D05,D,05,PLD3_TMEM106B_no_mCherry,False,16,"/Users/pmihack/claire/tmem_2026/data/260213_Feb16recopy_HYdiff_landingpadlines_survival_384well1/20260224_090320_759/260224_day16_WellD05_Channel405nm Binned,561nm Binned,488nm Binned_Seq0016.nd2","260224_day16_WellD05_Channel405nm Binned,561nm Binned,488nm Binned_Seq0016.nd2",49692672,405nm Binned|561nm Binned|488nm Binned,Seq0016
D05,D,05,PLD3_TMEM106B_no_mCherry,False,20,"/Users/pmihack/claire/tmem_2026/data/260213_Feb16recopy_HYdiff_landingpadlines_survival_384well1/20260228_090815_318/260228_day20_WellD05_Channel405nm Binned,561nm Binned,488nm Binned_Seq0016.nd2","260228_day20_WellD05_Channel405nm Binned,561nm Binned,488nm Binned_Seq0016.nd2",49692672,405nm Binned|561nm Binned|488nm Binned,Seq0016
D05,D,05,PLD3_TMEM106B_no_mCherry,False,25,"/Users/pmihack/claire/tmem_2026/data/260213_Feb16recopy_HYdiff_landingpadlines_survival_384well1/20260305_171612_406/260305_day25_iNeurons_WellD05_Channel405nm Binned,561nm Binned,488nm Binned_Seq0016.nd2","260305_day25_iNeurons_WellD05_Channel405nm Binned,561nm Binned,488nm Binned_Seq0016.nd2",49688576,405nm Binned|561nm Binned|488nm Binned,Seq0016
D05,D,05,PLD3_TMEM106B_no_mCherry,False,29,"/Users/pmihack/claire/tmem_2026/data/260213_Feb16recopy_HYdiff_landingpadlines_survival_384well1/20260309_090353_210/260309_Day29_WellD05_Channel405nm Binned,561nm Binned,488nm Binned_Seq0016.nd2","260309_Day29_WellD05_Channel405nm Binned,561nm Binned,488nm Binned_Seq0016.nd2",49688576,405nm Binned|561nm Binned|488nm Binned,Seq0016
D05,D,05,PLD3_TMEM106B_no_mCherry,False,32,"/Users/pmihack/claire/tmem_2026/data/260213_Feb16recopy_HYdiff_landingpadlines_survival_384well1/20260312_083635_497/260312_Day32_WellD05_Channel405nm Binned,561 nm,488nm Binned_Seq0016.nd2","260312_Day32_WellD05_Channel405nm Binned,561 nm,488nm Binned_Seq0016.nd2",49688576,405nm Binned|561 nm|488nm Binned,Seq0016
D05,D,05,PLD3_TMEM106B_no_mCherry,False,36,"/Users/pmihack/claire/tmem_2026/data/260213_Feb16recopy_HYdiff_landingpadlines_survival_384well1/20260316_093139_667/260316_Day36_WellD05_Channel405nm Binned,561nm Binned,488nm Binned_Seq0016.nd2","260316_Day36_WellD05_Channel405nm Binned,561nm Binned,488nm Binned_Seq0016.nd2",49700864,405nm Binned|561nm Binned|488nm Binned,Seq0016
D05,D,05,PLD3_TMEM106B_no_mCherry,False,39,"/Users/pmihack/claire/tmem_2026/data/260213_Feb16recopy_HYdiff_landingpadlines_survival_384well1/20260319_083746_585/260319_Day39_WellD05_Channel405nm Binned,561nm Binned,488nm Binned_Seq0016.nd2","260319_Day39_WellD05_Channel405nm Binned,561nm Binned,488nm Binned_Seq0016.nd2",49692672,405nm Binned|561nm Binned|488nm Binned,Seq0016
D06,D,06,PLD3_TMEM106B_no_mCherry,False,8,"/Users/pmihack/claire/tmem_2026/data/260213_Feb16recopy_HYdiff_landingpadlines_survival_384well1/20260216_084435_959/260216_Day8_iNeurons_WellD06_Channel405nm Binned,561nm Binned,488nm Binned_Seq0017.nd2","260216_Day8_iNeurons_WellD06_Channel405nm Binned,561nm Binned,488nm Binned_Seq0017.nd2",49692672,405nm Binned|561nm Binned|488nm Binned,Seq0017
D06,D,06,PLD3_TMEM106B_no_mCherry,False,12,"/Users/pmihack/claire/tmem_2026/data/260213_Feb16recopy_HYdiff_landingpadlines_survival_384well1/20260220_085237_196/260220_Day12_WellD06_Channel405nm Binned,561nm Binned,488nm Binned_Seq0017.nd2","260220_Day12_WellD06_Channel405nm Binned,561nm Binned,488nm Binned_Seq0017.nd2",49692672,405nm Binned|561nm Binned|488nm Binned,Seq0017
D06,D,06,PLD3_TMEM106B_no_mCherry,False,16,"/Users/pmihack/claire/tmem_2026/data/260213_Feb16recopy_HYdiff_landingpadlines_survival_384well1/20260224_090320_759/260224_day16_WellD06_Channel405nm Binned,561nm Binned,488nm Binned_Seq0017.nd2","260224_day16_WellD06_Channel405nm Binned,561nm Binned,488nm Binned_Seq0017.nd2",49692672,405nm Binned|561nm Binned|488nm Binned,Seq0017
D06,D,06,PLD3_TMEM106B_no_mCherry,False,20,"/Users/pmihack/claire/tmem_2026/data/260213_Feb16recopy_HYdiff_landingpadlines_survival_384well1/20260228_090815_318/260228_day20_WellD06_Channel405nm Binned,561nm Binned,488nm Binned_Seq0017.nd2","260228_day20_WellD06_Channel405nm Binned,561nm Binned,488nm Binned_Seq0017.nd2",49692672,405nm Binned|561nm Binned|488nm Binned,Seq0017
D06,D,06,PLD3_TMEM106B_no_mCherry,False,25,"/Users/pmihack/claire/tmem_2026/data/260213_Feb16recopy_HYdiff_landingpadlines_survival_384well1/20260305_171612_406/260305_day25_iNeurons_WellD06_Channel405nm Binned,561nm Binned,488nm Binned_Seq0017.nd2","260305_day25_iNeurons_WellD06_Channel405nm Binned,561nm Binned,488nm Binned_Seq0017.nd2",49688576,405nm Binned|561nm Binned|488nm Binned,Seq0017
D06,D,06,PLD3_TMEM106B_no_mCherry,False,29,"/Users/pmihack/claire/tmem_2026/data/260213_Feb16recopy_HYdiff_landingpadlines_survival_384well1/20260309_090353_210/260309_Day29_WellD06_Channel405nm Binned,561nm Binned,488nm Binned_Seq0017.nd2","260309_Day29_WellD06_Channel405nm Binned,561nm Binned,488nm Binned_Seq0017.nd2",49688576,405nm Binned|561nm Binned|488nm Binned,Seq0017
D06,D,06,PLD3_TMEM106B_no_mCherry,False,32,"/Users/pmihack/claire/tmem_2026/data/260213_Feb16recopy_HYdiff_landingpadlines_survival_384well1/20260312_083635_497/260312_Day32_WellD06_Channel405nm Binned,561 nm,488nm Binned_Seq0017.nd2","260312_Day32_WellD06_Channel405nm Binned,561 nm,488nm Binned_Seq0017.nd2",49688576,405nm Binned|561 nm|488nm Binned,Seq0017
D06,D,06,PLD3_TMEM106B_no_mCherry,False,36,"/Users/pmihack/claire/tmem_2026/data/260213_Feb16recopy_HYdiff_landingpadlines_survival_384well1/20260316_093139_667/260316_Day36_WellD06_Channel405nm Binned,561nm Binned,488nm Binned_Seq0017.nd2","260316_Day36_WellD06_Channel405nm Binned,561nm Binned,488nm Binned_Seq0017.nd2",49700864,405nm Binned|561nm Binned|488nm Binned,Seq0017
D06,D,06,PLD3_TMEM106B_no_mCherry,False,39,"/Users/pmihack/claire/tmem_2026/data/260213_Feb16recopy_HYdiff_landingpadlines_survival_384well1/20260319_083746_585/260319_Day39_WellD06_Channel405nm Binned,561nm Binned,488nm Binned_Seq0017.nd2","260319_Day39_WellD06_Channel405nm Binned,561nm Binned,488nm Binned_Seq0017.nd2",49692672,405nm Binned|561nm Binned|488nm Binned,Seq0017
D07,D,07,PLD3_TMEM106B_no_mCherry,False,8,"/Users/pmihack/claire/tmem_2026/data/260213_Feb16recopy_HYdiff_landingpadlines_survival_384well1/20260216_084435_959/260216_Day8_iNeurons_WellD07_Channel405nm Binned,561nm Binned,488nm Binned_Seq0018.nd2","260216_Day8_iNeurons_WellD07_Channel405nm Binned,561nm Binned,488nm Binned_Seq0018.nd2",49692672,405nm Binned|561nm Binned|488nm Binned,Seq0018
D07,D,07,PLD3_TMEM106B_no_mCherry,False,12,"/Users/pmihack/claire/tmem_2026/data/260213_Feb16recopy_HYdiff_landingpadlines_survival_384well1/20260220_085237_196/260220_Day12_WellD07_Channel405nm Binned,561nm Binned,488nm Binned_Seq0018.nd2","260220_Day12_WellD07_Channel405nm Binned,561nm Binned,488nm Binned_Seq0018.nd2",49692672,405nm Binned|561nm Binned|488nm Binned,Seq0018
D07,D,07,PLD3_TMEM106B_no_mCherry,False,16,"/Users/pmihack/claire/tmem_2026/data/260213_Feb16recopy_HYdiff_landingpadlines_survival_384well1/20260224_090320_759/260224_day16_WellD07_Channel405nm Binned,561nm Binned,488nm Binned_Seq0018.nd2","260224_day16_WellD07_Channel405nm Binned,561nm Binned,488nm Binned_Seq0018.nd2",49692672,405nm Binned|561nm Binned|488nm Binned,Seq0018
D07,D,07,PLD3_TMEM106B_no_mCherry,False,20,"/Users/pmihack/claire/tmem_2026/data/260213_Feb16recopy_HYdiff_landingpadlines_survival_384well1/20260228_090815_318/260228_day20_WellD07_Channel405nm Binned,561nm Binned,488nm Binned_Seq0018.nd2","260228_day20_WellD07_Channel405nm Binned,561nm Binned,488nm Binned_Seq0018.nd2",49692672,405nm Binned|561nm Binned|488nm Binned,Seq0018
D07,D,07,PLD3_TMEM106B_no_mCherry,False,25,"/Users/pmihack/claire/tmem_2026/data/260213_Feb16recopy_HYdiff_landingpadlines_survival_384well1/20260305_171612_406/260305_day25_iNeurons_WellD07_Channel405nm Binned,561nm Binned,488nm Binned_Seq0018.nd2","260305_day25_iNeurons_WellD07_Channel405nm Binned,561nm Binned,488nm Binned_Seq0018.nd2",49688576,405nm Binned|561nm Binned|488nm Binned,Seq0018
D07,D,07,PLD3_TMEM106B_no_mCherry,False,29,"/Users/pmihack/claire/tmem_2026/data/260213_Feb16recopy_HYdiff_landingpadlines_survival_384well1/20260309_090353_210/260309_Day29_WellD07_Channel405nm Binned,561nm Binned,488nm Binned_Seq0018.nd2","260309_Day29_WellD07_Channel405nm Binned,561nm Binned,488nm Binned_Seq0018.nd2",49688576,405nm Binned|561nm Binned|488nm Binned,Seq0018
D07,D,07,PLD3_TMEM106B_no_mCherry,False,32,"/Users/pmihack/claire/tmem_2026/data/260213_Feb16recopy_HYdiff_landingpadlines_survival_384well1/20260312_083635_497/260312_Day32_WellD07_Channel405nm Binned,561 nm,488nm Binned_Seq0018.nd2","260312_Day32_WellD07_Channel405nm Binned,561 nm,488nm Binned_Seq0018.nd2",49688576,405nm Binned|561 nm|488nm Binned,Seq0018
D07,D,07,PLD3_TMEM106B_no_mCherry,False,36,"/Users/pmihack/claire/tmem_2026/data/260213_Feb16recopy_HYdiff_landingpadlines_survival_384well1/20260316_093139_667/260316_Day36_WellD07_Channel405nm Binned,561nm Binned,488nm Binned_Seq0018.nd2","260316_Day36_WellD07_Channel405nm Binned,561nm Binned,488nm Binned_Seq0018.nd2",49700864,405nm Binned|561nm Binned|488nm Binned,Seq0018
D07,D,07,PLD3_TMEM106B_no_mCherry,False,39,"/Users/pmihack/claire/tmem_2026/data/260213_Feb16recopy_HYdiff_landingpadlines_survival_384well1/20260319_083746_585/260319_Day39_WellD07_Channel405nm Binned,561nm Binned,488nm Binned_Seq0018.nd2","260319_Day39_WellD07_Channel405nm Binned,561nm Binned,488nm Binned_Seq0018.nd2",49692672,405nm Binned|561nm Binned|488nm Binned,Seq0018
D08,D,08,PLD3_TMEM106B_no_mCherry,False,8,"/Users/pmihack/claire/tmem_2026/data/260213_Feb16recopy_HYdiff_landingpadlines_survival_384well1/20260216_084435_959/260216_Day8_iNeurons_WellD08_Channel405nm Binned,561nm Binned,488nm Binned_Seq0019.nd2","260216_Day8_iNeurons_WellD08_Channel405nm Binned,561nm Binned,488nm Binned_Seq0019.nd2",49692672,405nm Binned|561nm Binned|488nm Binned,Seq0019
D08,D,08,PLD3_TMEM106B_no_mCherry,False,12,"/Users/pmihack/claire/tmem_2026/data/260213_Feb16recopy_HYdiff_landingpadlines_survival_384well1/20260220_085237_196/260220_Day12_WellD08_Channel405nm Binned,561nm Binned,488nm Binned_Seq0019.nd2","260220_Day12_WellD08_Channel405nm Binned,561nm Binned,488nm Binned_Seq0019.nd2",49692672,405nm Binned|561nm Binned|488nm Binned,Seq0019
D08,D,08,PLD3_TMEM106B_no_mCherry,False,16,"/Users/pmihack/claire/tmem_2026/data/260213_Feb16recopy_HYdiff_landingpadlines_survival_384well1/20260224_090320_759/260224_day16_WellD08_Channel405nm Binned,561nm Binned,488nm Binned_Seq0019.nd2","260224_day16_WellD08_Channel405nm Binned,561nm Binned,488nm Binned_Seq0019.nd2",49692672,405nm Binned|561nm Binned|488nm Binned,Seq0019
D08,D,08,PLD3_TMEM106B_no_mCherry,False,20,"/Users/pmihack/claire/tmem_2026/data/260213_Feb16recopy_HYdiff_landingpadlines_survival_384well1/20260228_090815_318/260228_day20_WellD08_Channel405nm Binned,561nm Binned,488nm Binned_Seq0019.nd2","260228_day20_WellD08_Channel405nm Binned,561nm Binned,488nm Binned_Seq0019.nd2",49692672,405nm Binned|561nm Binned|488nm Binned,Seq0019
D08,D,08,PLD3_TMEM106B_no_mCherry,False,25,"/Users/pmihack/claire/tmem_2026/data/260213_Feb16recopy_HYdiff_landingpadlines_survival_384well1/20260305_171612_406/260305_day25_iNeurons_WellD08_Channel405nm Binned,561nm Binned,488nm Binned_Seq0019.nd2","260305_day25_iNeurons_WellD08_Channel405nm Binned,561nm Binned,488nm Binned_Seq0019.nd2",49688576,405nm Binned|561nm Binned|488nm Binned,Seq0019
D08,D,08,PLD3_TMEM106B_no_mCherry,False,29,"/Users/pmihack/claire/tmem_2026/data/260213_Feb16recopy_HYdiff_landingpadlines_survival_384well1/20260309_090353_210/260309_Day29_WellD08_Channel405nm Binned,561nm Binned,488nm Binned_Seq0019.nd2","260309_Day29_WellD08_Channel405nm Binned,561nm Binned,488nm Binned_Seq0019.nd2",49688576,405nm Binned|561nm Binned|488nm Binned,Seq0019
D08,D,08,PLD3_TMEM106B_no_mCherry,False,32,"/Users/pmihack/claire/tmem_2026/data/260213_Feb16recopy_HYdiff_landingpadlines_survival_384well1/20260312_083635_497/260312_Day32_WellD08_Channel405nm Binned,561 nm,488nm Binned_Seq0019.nd2","260312_Day32_WellD08_Channel405nm Binned,561 nm,488nm Binned_Seq0019.nd2",49688576,405nm Binned|561 nm|488nm Binned,Seq0019
D08,D,08,PLD3_TMEM106B_no_mCherry,False,36,"/Users/pmihack/claire/tmem_2026/data/260213_Feb16recopy_HYdiff_landingpadlines_survival_384well1/20260316_093139_667/260316_Day36_WellD08_Channel405nm Binned,561nm Binned,488nm Binned_Seq0019.nd2","260316_Day36_WellD08_Channel405nm Binned,561nm Binned,488nm Binned_Seq0019.nd2",49700864,405nm Binned|561nm Binned|488nm Binned,Seq0019
D08,D,08,PLD3_TMEM106B_no_mCherry,False,39,"/Users/pmihack/claire/tmem_2026/data/260213_Feb16recopy_HYdiff_landingpadlines_survival_384well1/20260319_083746_585/260319_Day39_WellD08_Channel405nm Binned,561nm Binned,488nm Binned_Seq0019.nd2","260319_Day39_WellD08_Channel405nm Binned,561nm Binned,488nm Binned_Seq0019.nd2",49692672,405nm Binned|561nm Binned|488nm Binned,Seq0019
D09,D,09,PLD3_TMEM106B_no_mCherry,False,8,"/Users/pmihack/claire/tmem_2026/data/260213_Feb16recopy_HYdiff_landingpadlines_survival_384well1/20260216_084435_959/260216_Day8_iNeurons_WellD09_Channel405nm Binned,561nm Binned,488nm Binned_Seq0020.nd2","260216_Day8_iNeurons_WellD09_Channel405nm Binned,561nm Binned,488nm Binned_Seq0020.nd2",49692672,405nm Binned|561nm Binned|488nm Binned,Seq0020
D09,D,09,PLD3_TMEM106B_no_mCherry,False,12,"/Users/pmihack/claire/tmem_2026/data/260213_Feb16recopy_HYdiff_landingpadlines_survival_384well1/20260220_085237_196/260220_Day12_WellD09_Channel405nm Binned,561nm Binned,488nm Binned_Seq0020.nd2","260220_Day12_WellD09_Channel405nm Binned,561nm Binned,488nm Binned_Seq0020.nd2",49692672,405nm Binned|561nm Binned|488nm Binned,Seq0020
D09,D,09,PLD3_TMEM106B_no_mCherry,False,16,"/Users/pmihack/claire/tmem_2026/data/260213_Feb16recopy_HYdiff_landingpadlines_survival_384well1/20260224_090320_759/260224_day16_WellD09_Channel405nm Binned,561nm Binned,488nm Binned_Seq0020.nd2","260224_day16_WellD09_Channel405nm Binned,561nm Binned,488nm Binned_Seq0020.nd2",49692672,405nm Binned|561nm Binned|488nm Binned,Seq0020
D09,D,09,PLD3_TMEM106B_no_mCherry,False,20,"/Users/pmihack/claire/tmem_2026/data/260213_Feb16recopy_HYdiff_landingpadlines_survival_384well1/20260228_090815_318/260228_day20_WellD09_Channel405nm Binned,561nm Binned,488nm Binned_Seq0020.nd2","260228_day20_WellD09_Channel405nm Binned,561nm Binned,488nm Binned_Seq0020.nd2",49692672,405nm Binned|561nm Binned|488nm Binned,Seq0020
D09,D,09,PLD3_TMEM106B_no_mCherry,False,25,"/Users/pmihack/claire/tmem_2026/data/260213_Feb16recopy_HYdiff_landingpadlines_survival_384well1/20260305_171612_406/260305_day25_iNeurons_WellD09_Channel405nm Binned,561nm Binned,488nm Binned_Seq0020.nd2","260305_day25_iNeurons_WellD09_Channel405nm Binned,561nm Binned,488nm Binned_Seq0020.nd2",49688576,405nm Binned|561nm Binned|488nm Binned,Seq0020
D09,D,09,PLD3_TMEM106B_no_mCherry,False,29,"/Users/pmihack/claire/tmem_2026/data/260213_Feb16recopy_HYdiff_landingpadlines_survival_384well1/20260309_090353_210/260309_Day29_WellD09_Channel405nm Binned,561nm Binned,488nm Binned_Seq0020.nd2","260309_Day29_WellD09_Channel405nm Binned,561nm Binned,488nm Binned_Seq0020.nd2",49688576,405nm Binned|561nm Binned|488nm Binned,Seq0020
D09,D,09,PLD3_TMEM106B_no_mCherry,False,32,"/Users/pmihack/claire/tmem_2026/data/260213_Feb16recopy_HYdiff_landingpadlines_survival_384well1/20260312_083635_497/260312_Day32_WellD09_Channel405nm Binned,561 nm,488nm Binned_Seq0020.nd2","260312_Day32_WellD09_Channel405nm Binned,561 nm,488nm Binned_Seq0020.nd2",49688576,405nm Binned|561 nm|488nm Binned,Seq0020
D09,D,09,PLD3_TMEM106B_no_mCherry,False,36,"/Users/pmihack/claire/tmem_2026/data/260213_Feb16recopy_HYdiff_landingpadlines_survival_384well1/20260316_093139_667/260316_Day36_WellD09_Channel405nm Binned,561nm Binned,488nm Binned_Seq0020.nd2","260316_Day36_WellD09_Channel405nm Binned,561nm Binned,488nm Binned_Seq0020.nd2",49700864,405nm Binned|561nm Binned|488nm Binned,Seq0020
D09,D,09,PLD3_TMEM106B_no_mCherry,False,39,"/Users/pmihack/claire/tmem_2026/data/260213_Feb16recopy_HYdiff_landingpadlines_survival_384well1/20260319_083746_585/260319_Day39_WellD09_Channel405nm Binned,561nm Binned,488nm Binned_Seq0020.nd2","260319_Day39_WellD09_Channel405nm Binned,561nm Binned,488nm Binned_Seq0020.nd2",49692672,405nm Binned|561nm Binned|488nm Binned,Seq0020
D10,D,10,PLD3_TMEM106B_no_mCherry,False,8,"/Users/pmihack/claire/tmem_2026/data/260213_Feb16recopy_HYdiff_landingpadlines_survival_384well1/20260216_084435_959/260216_Day8_iNeurons_WellD10_Channel405nm Binned,561nm Binned,488nm Binned_Seq0021.nd2","260216_Day8_iNeurons_WellD10_Channel405nm Binned,561nm Binned,488nm Binned_Seq0021.nd2",49692672,405nm Binned|561nm Binned|488nm Binned,Seq0021
D10,D,10,PLD3_TMEM106B_no_mCherry,False,12,"/Users/pmihack/claire/tmem_2026/data/260213_Feb16recopy_HYdiff_landingpadlines_survival_384well1/20260220_085237_196/260220_Day12_WellD10_Channel405nm Binned,561nm Binned,488nm Binned_Seq0021.nd2","260220_Day12_WellD10_Channel405nm Binned,561nm Binned,488nm Binned_Seq0021.nd2",49692672,405nm Binned|561nm Binned|488nm Binned,Seq0021
D10,D,10,PLD3_TMEM106B_no_mCherry,False,16,"/Users/pmihack/claire/tmem_2026/data/260213_Feb16recopy_HYdiff_landingpadlines_survival_384well1/20260224_090320_759/260224_day16_WellD10_Channel405nm Binned,561nm Binned,488nm Binned_Seq0021.nd2","260224_day16_WellD10_Channel405nm Binned,561nm Binned,488nm Binned_Seq0021.nd2",49692672,405nm Binned|561nm Binned|488nm Binned,Seq0021
D10,D,10,PLD3_TMEM106B_no_mCherry,False,20,"/Users/pmihack/claire/tmem_2026/data/260213_Feb16recopy_HYdiff_landingpadlines_survival_384well1/20260228_090815_318/260228_day20_WellD10_Channel405nm Binned,561nm Binned,488nm Binned_Seq0021.nd2","260228_day20_WellD10_Channel405nm Binned,561nm Binned,488nm Binned_Seq0021.nd2",49692672,405nm Binned|561nm Binned|488nm Binned,Seq0021
D10,D,10,PLD3_TMEM106B_no_mCherry,False,25,"/Users/pmihack/claire/tmem_2026/data/260213_Feb16recopy_HYdiff_landingpadlines_survival_384well1/20260305_171612_406/260305_day25_iNeurons_WellD10_Channel405nm Binned,561nm Binned,488nm Binned_Seq0021.nd2","260305_day25_iNeurons_WellD10_Channel405nm Binned,561nm Binned,488nm Binned_Seq0021.nd2",49688576,405nm Binned|561nm Binned|488nm Binned,Seq0021
D10,D,10,PLD3_TMEM106B_no_mCherry,False,29,"/Users/pmihack/claire/tmem_2026/data/260213_Feb16recopy_HYdiff_landingpadlines_survival_384well1/20260309_090353_210/260309_Day29_WellD10_Channel405nm Binned,561nm Binned,488nm Binned_Seq0021.nd2","260309_Day29_WellD10_Channel405nm Binned,561nm Binned,488nm Binned_Seq0021.nd2",49688576,405nm Binned|561nm Binned|488nm Binned,Seq0021
D10,D,10,PLD3_TMEM106B_no_mCherry,False,32,"/Users/pmihack/claire/tmem_2026/data/260213_Feb16recopy_HYdiff_landingpadlines_survival_384well1/20260312_083635_497/260312_Day32_WellD10_Channel405nm Binned,561 nm,488nm Binned_Seq0021.nd2","260312_Day32_WellD10_Channel405nm Binned,561 nm,488nm Binned_Seq0021.nd2",49688576,405nm Binned|561 nm|488nm Binned,Seq0021
D10,D,10,PLD3_TMEM106B_no_mCherry,False,36,"/Users/pmihack/claire/tmem_2026/data/260213_Feb16recopy_HYdiff_landingpadlines_survival_384well1/20260316_093139_667/260316_Day36_WellD10_Channel405nm Binned,561nm Binned,488nm Binned_Seq0021.nd2","260316_Day36_WellD10_Channel405nm Binned,561nm Binned,488nm Binned_Seq0021.nd2",49700864,405nm Binned|561nm Binned|488nm Binned,Seq0021
D10,D,10,PLD3_TMEM106B_no_mCherry,False,39,"/Users/pmihack/claire/tmem_2026/data/260213_Feb16recopy_HYdiff_landingpadlines_survival_384well1/20260319_083746_585/260319_Day39_WellD10_Channel405nm Binned,561nm Binned,488nm Binned_Seq0021.nd2","260319_Day39_WellD10_Channel405nm Binned,561nm Binned,488nm Binned_Seq0021.nd2",49692672,405nm Binned|561nm Binned|488nm Binned,Seq0021
D11,D,11,PLD3_TMEM106B_no_mCherry,False,8,"/Users/pmihack/claire/tmem_2026/data/260213_Feb16recopy_HYdiff_landingpadlines_survival_384well1/20260216_084435_959/260216_Day8_iNeurons_WellD11_Channel405nm Binned,561nm Binned,488nm Binned_Seq0022.nd2","260216_Day8_iNeurons_WellD11_Channel405nm Binned,561nm Binned,488nm Binned_Seq0022.nd2",49692672,405nm Binned|561nm Binned|488nm Binned,Seq0022
D11,D,11,PLD3_TMEM106B_no_mCherry,False,12,"/Users/pmihack/claire/tmem_2026/data/260213_Feb16recopy_HYdiff_landingpadlines_survival_384well1/20260220_085237_196/260220_Day12_WellD11_Channel405nm Binned,561nm Binned,488nm Binned_Seq0022.nd2","260220_Day12_WellD11_Channel405nm Binned,561nm Binned,488nm Binned_Seq0022.nd2",49692672,405nm Binned|561nm Binned|488nm Binned,Seq0022
D11,D,11,PLD3_TMEM106B_no_mCherry,False,16,"/Users/pmihack/claire/tmem_2026/data/260213_Feb16recopy_HYdiff_landingpadlines_survival_384well1/20260224_090320_759/260224_day16_WellD11_Channel405nm Binned,561nm Binned,488nm Binned_Seq0022.nd2","260224_day16_WellD11_Channel405nm Binned,561nm Binned,488nm Binned_Seq0022.nd2",49692672,405nm Binned|561nm Binned|488nm Binned,Seq0022
D11,D,11,PLD3_TMEM106B_no_mCherry,False,20,"/Users/pmihack/claire/tmem_2026/data/260213_Feb16recopy_HYdiff_landingpadlines_survival_384well1/20260228_090815_318/260228_day20_WellD11_Channel405nm Binned,561nm Binned,488nm Binned_Seq0022.nd2","260228_day20_WellD11_Channel405nm Binned,561nm Binned,488nm Binned_Seq0022.nd2",49692672,405nm Binned|561nm Binned|488nm Binned,Seq0022
D11,D,11,PLD3_TMEM106B_no_mCherry,False,25,"/Users/pmihack/claire/tmem_2026/data/260213_Feb16recopy_HYdiff_landingpadlines_survival_384well1/20260305_171612_406/260305_day25_iNeurons_WellD11_Channel405nm Binned,561nm Binned,488nm Binned_Seq0022.nd2","260305_day25_iNeurons_WellD11_Channel405nm Binned,561nm Binned,488nm Binned_Seq0022.nd2",49688576,405nm Binned|561nm Binned|488nm Binned,Seq0022
D11,D,11,PLD3_TMEM106B_no_mCherry,False,29,"/Users/pmihack/claire/tmem_2026/data/260213_Feb16recopy_HYdiff_landingpadlines_survival_384well1/20260309_090353_210/260309_Day29_WellD11_Channel405nm Binned,561nm Binned,488nm Binned_Seq0022.nd2","260309_Day29_WellD11_Channel405nm Binned,561nm Binned,488nm Binned_Seq0022.nd2",49688576,405nm Binned|561nm Binned|488nm Binned,Seq0022
D11,D,11,PLD3_TMEM106B_no_mCherry,False,32,"/Users/pmihack/claire/tmem_2026/data/260213_Feb16recopy_HYdiff_landingpadlines_survival_384well1/20260312_083635_497/260312_Day32_WellD11_Channel405nm Binned,561 nm,488nm Binned_Seq0022.nd2","260312_Day32_WellD11_Channel405nm Binned,561 nm,488nm Binned_Seq0022.nd2",49688576,405nm Binned|561 nm|488nm Binned,Seq0022
D11,D,11,PLD3_TMEM106B_no_mCherry,False,36,"/Users/pmihack/claire/tmem_2026/data/260213_Feb16recopy_HYdiff_landingpadlines_survival_384well1/20260316_093139_667/260316_Day36_WellD11_Channel405nm Binned,561nm Binned,488nm Binned_Seq0022.nd2","260316_Day36_WellD11_Channel405nm Binned,561nm Binned,488nm Binned_Seq0022.nd2",49700864,405nm Binned|561nm Binned|488nm Binned,Seq0022
D11,D,11,PLD3_TMEM106B_no_mCherry,False,39,"/Users/pmihack/claire/tmem_2026/data/260213_Feb16recopy_HYdiff_landingpadlines_survival_384well1/20260319_083746_585/260319_Day39_WellD11_Channel405nm Binned,561nm Binned,488nm Binned_Seq0022.nd2","260319_Day39_WellD11_Channel405nm Binned,561nm Binned,488nm Binned_Seq0022.nd2",49692672,405nm Binned|561nm Binned|488nm Binned,Seq0022
D12,D,12,PLD3_TMEM106B_no_mCherry,False,8,"/Users/pmihack/claire/tmem_2026/data/260213_Feb16recopy_HYdiff_landingpadlines_survival_384well1/20260216_084435_959/260216_Day8_iNeurons_WellD12_Channel405nm Binned,561nm Binned,488nm Binned_Seq0023.nd2","260216_Day8_iNeurons_WellD12_Channel405nm Binned,561nm Binned,488nm Binned_Seq0023.nd2",49692672,405nm Binned|561nm Binned|488nm Binned,Seq0023
D12,D,12,PLD3_TMEM106B_no_mCherry,False,12,"/Users/pmihack/claire/tmem_2026/data/260213_Feb16recopy_HYdiff_landingpadlines_survival_384well1/20260220_085237_196/260220_Day12_WellD12_Channel405nm Binned,561nm Binned,488nm Binned_Seq0023.nd2","260220_Day12_WellD12_Channel405nm Binned,561nm Binned,488nm Binned_Seq0023.nd2",49692672,405nm Binned|561nm Binned|488nm Binned,Seq0023
D12,D,12,PLD3_TMEM106B_no_mCherry,False,16,"/Users/pmihack/claire/tmem_2026/data/260213_Feb16recopy_HYdiff_landingpadlines_survival_384well1/20260224_090320_759/260224_day16_WellD12_Channel405nm Binned,561nm Binned,488nm Binned_Seq0023.nd2","260224_day16_WellD12_Channel405nm Binned,561nm Binned,488nm Binned_Seq0023.nd2",49692672,405nm Binned|561nm Binned|488nm Binned,Seq0023
D12,D,12,PLD3_TMEM106B_no_mCherry,False,20,"/Users/pmihack/claire/tmem_2026/data/260213_Feb16recopy_HYdiff_landingpadlines_survival_384well1/20260228_090815_318/260228_day20_WellD12_Channel405nm Binned,561nm Binned,488nm Binned_Seq0023.nd2","260228_day20_WellD12_Channel405nm Binned,561nm Binned,488nm Binned_Seq0023.nd2",49692672,405nm Binned|561nm Binned|488nm Binned,Seq0023
D12,D,12,PLD3_TMEM106B_no_mCherry,False,25,"/Users/pmihack/claire/tmem_2026/data/260213_Feb16recopy_HYdiff_landingpadlines_survival_384well1/20260305_171612_406/260305_day25_iNeurons_WellD12_Channel405nm Binned,561nm Binned,488nm Binned_Seq0023.nd2","260305_day25_iNeurons_WellD12_Channel405nm Binned,561nm Binned,488nm Binned_Seq0023.nd2",49688576,405nm Binned|561nm Binned|488nm Binned,Seq0023
D12,D,12,PLD3_TMEM106B_no_mCherry,False,29,"/Users/pmihack/claire/tmem_2026/data/260213_Feb16recopy_HYdiff_landingpadlines_survival_384well1/20260309_090353_210/260309_Day29_WellD12_Channel405nm Binned,561nm Binned,488nm Binned_Seq0023.nd2","260309_Day29_WellD12_Channel405nm Binned,561nm Binned,488nm Binned_Seq0023.nd2",49688576,405nm Binned|561nm Binned|488nm Binned,Seq0023
D12,D,12,PLD3_TMEM106B_no_mCherry,False,32,"/Users/pmihack/claire/tmem_2026/data/260213_Feb16recopy_HYdiff_landingpadlines_survival_384well1/20260312_083635_497/260312_Day32_WellD12_Channel405nm Binned,561 nm,488nm Binned_Seq0023.nd2","260312_Day32_WellD12_Channel405nm Binned,561 nm,488nm Binned_Seq0023.nd2",49688576,405nm Binned|561 nm|488nm Binned,Seq0023
D12,D,12,PLD3_TMEM106B_no_mCherry,False,36,"/Users/pmihack/claire/tmem_2026/data/260213_Feb16recopy_HYdiff_landingpadlines_survival_384well1/20260316_093139_667/260316_Day36_WellD12_Channel405nm Binned,561nm Binned,488nm Binned_Seq0023.nd2","260316_Day36_WellD12_Channel405nm Binned,561nm Binned,488nm Binned_Seq0023.nd2",49700864,405nm Binned|561nm Binned|488nm Binned,Seq0023
D12,D,12,PLD3_TMEM106B_no_mCherry,False,39,"/Users/pmihack/claire/tmem_2026/data/260213_Feb16recopy_HYdiff_landingpadlines_survival_384well1/20260319_083746_585/260319_Day39_WellD12_Channel405nm Binned,561nm Binned,488nm Binned_Seq0023.nd2","260319_Day39_WellD12_Channel405nm Binned,561nm Binned,488nm Binned_Seq0023.nd2",49692672,405nm Binned|561nm Binned|488nm Binned,Seq0023
D13,D,13,PLD3_TMEM106B_no_mCherry,False,8,"/Users/pmihack/claire/tmem_2026/data/260213_Feb16recopy_HYdiff_landingpadlines_survival_384well1/20260216_084435_959/260216_Day8_iNeurons_WellD13_Channel405nm Binned,561nm Binned,488nm Binned_Seq0024.nd2","260216_Day8_iNeurons_WellD13_Channel405nm Binned,561nm Binned,488nm Binned_Seq0024.nd2",49692672,405nm Binned|561nm Binned|488nm Binned,Seq0024
D13,D,13,PLD3_TMEM106B_no_mCherry,False,12,"/Users/pmihack/claire/tmem_2026/data/260213_Feb16recopy_HYdiff_landingpadlines_survival_384well1/20260220_085237_196/260220_Day12_WellD13_Channel405nm Binned,561nm Binned,488nm Binned_Seq0024.nd2","260220_Day12_WellD13_Channel405nm Binned,561nm Binned,488nm Binned_Seq0024.nd2",49692672,405nm Binned|561nm Binned|488nm Binned,Seq0024
D13,D,13,PLD3_TMEM106B_no_mCherry,False,16,"/Users/pmihack/claire/tmem_2026/data/260213_Feb16recopy_HYdiff_landingpadlines_survival_384well1/20260224_090320_759/260224_day16_WellD13_Channel405nm Binned,561nm Binned,488nm Binned_Seq0024.nd2","260224_day16_WellD13_Channel405nm Binned,561nm Binned,488nm Binned_Seq0024.nd2",49692672,405nm Binned|561nm Binned|488nm Binned,Seq0024
D13,D,13,PLD3_TMEM106B_no_mCherry,False,20,"/Users/pmihack/claire/tmem_2026/data/260213_Feb16recopy_HYdiff_landingpadlines_survival_384well1/20260228_090815_318/260228_day20_WellD13_Channel405nm Binned,561nm Binned,488nm Binned_Seq0024.nd2","260228_day20_WellD13_Channel405nm Binned,561nm Binned,488nm Binned_Seq0024.nd2",49692672,405nm Binned|561nm Binned|488nm Binned,Seq0024
D13,D,13,PLD3_TMEM106B_no_mCherry,False,25,"/Users/pmihack/claire/tmem_2026/data/260213_Feb16recopy_HYdiff_landingpadlines_survival_384well1/20260305_171612_406/260305_day25_iNeurons_WellD13_Channel405nm Binned,561nm Binned,488nm Binned_Seq0024.nd2","260305_day25_iNeurons_WellD13_Channel405nm Binned,561nm Binned,488nm Binned_Seq0024.nd2",49688576,405nm Binned|561nm Binned|488nm Binned,Seq0024
D13,D,13,PLD3_TMEM106B_no_mCherry,False,29,"/Users/pmihack/claire/tmem_2026/data/260213_Feb16recopy_HYdiff_landingpadlines_survival_384well1/20260309_090353_210/260309_Day29_WellD13_Channel405nm Binned,561nm Binned,488nm Binned_Seq0024.nd2","260309_Day29_WellD13_Channel405nm Binned,561nm Binned,488nm Binned_Seq0024.nd2",49688576,405nm Binned|561nm Binned|488nm Binned,Seq0024
D13,D,13,PLD3_TMEM106B_no_mCherry,False,32,"/Users/pmihack/claire/tmem_2026/data/260213_Feb16recopy_HYdiff_landingpadlines_survival_384well1/20260312_083635_497/260312_Day32_WellD13_Channel405nm Binned,561 nm,488nm Binned_Seq0024.nd2","260312_Day32_WellD13_Channel405nm Binned,561 nm,488nm Binned_Seq0024.nd2",49688576,405nm Binned|561 nm|488nm Binned,Seq0024
D13,D,13,PLD3_TMEM106B_no_mCherry,False,36,"/Users/pmihack/claire/tmem_2026/data/260213_Feb16recopy_HYdiff_landingpadlines_survival_384well1/20260316_093139_667/260316_Day36_WellD13_Channel405nm Binned,561nm Binned,488nm Binned_Seq0024.nd2","260316_Day36_WellD13_Channel405nm Binned,561nm Binned,488nm Binned_Seq0024.nd2",49700864,405nm Binned|561nm Binned|488nm Binned,Seq0024
D13,D,13,PLD3_TMEM106B_no_mCherry,False,39,"/Users/pmihack/claire/tmem_2026/data/260213_Feb16recopy_HYdiff_landingpadlines_survival_384well1/20260319_083746_585/260319_Day39_WellD13_Channel405nm Binned,561nm Binned,488nm Binned_Seq0024.nd2","260319_Day39_WellD13_Channel405nm Binned,561nm Binned,488nm Binned_Seq0024.nd2",49692672,405nm Binned|561nm Binned|488nm Binned,Seq0024
D14,D,14,PLD3_TMEM106B_no_mCherry,False,8,"/Users/pmihack/claire/tmem_2026/data/260213_Feb16recopy_HYdiff_landingpadlines_survival_384well1/20260216_084435_959/260216_Day8_iNeurons_WellD14_Channel405nm Binned,561nm Binned,488nm Binned_Seq0025.nd2","260216_Day8_iNeurons_WellD14_Channel405nm Binned,561nm Binned,488nm Binned_Seq0025.nd2",49692672,405nm Binned|561nm Binned|488nm Binned,Seq0025
D14,D,14,PLD3_TMEM106B_no_mCherry,False,12,"/Users/pmihack/claire/tmem_2026/data/260213_Feb16recopy_HYdiff_landingpadlines_survival_384well1/20260220_085237_196/260220_Day12_WellD14_Channel405nm Binned,561nm Binned,488nm Binned_Seq0025.nd2","260220_Day12_WellD14_Channel405nm Binned,561nm Binned,488nm Binned_Seq0025.nd2",49692672,405nm Binned|561nm Binned|488nm Binned,Seq0025
D14,D,14,PLD3_TMEM106B_no_mCherry,False,16,"/Users/pmihack/claire/tmem_2026/data/260213_Feb16recopy_HYdiff_landingpadlines_survival_384well1/20260224_090320_759/260224_day16_WellD14_Channel405nm Binned,561nm Binned,488nm Binned_Seq0025.nd2","260224_day16_WellD14_Channel405nm Binned,561nm Binned,488nm Binned_Seq0025.nd2",49692672,405nm Binned|561nm Binned|488nm Binned,Seq0025
D14,D,14,PLD3_TMEM106B_no_mCherry,False,20,"/Users/pmihack/claire/tmem_2026/data/260213_Feb16recopy_HYdiff_landingpadlines_survival_384well1/20260228_090815_318/260228_day20_WellD14_Channel405nm Binned,561nm Binned,488nm Binned_Seq0025.nd2","260228_day20_WellD14_Channel405nm Binned,561nm Binned,488nm Binned_Seq0025.nd2",49692672,405nm Binned|561nm Binned|488nm Binned,Seq0025
D14,D,14,PLD3_TMEM106B_no_mCherry,False,25,"/Users/pmihack/claire/tmem_2026/data/260213_Feb16recopy_HYdiff_landingpadlines_survival_384well1/20260305_171612_406/260305_day25_iNeurons_WellD14_Channel405nm Binned,561nm Binned,488nm Binned_Seq0025.nd2","260305_day25_iNeurons_WellD14_Channel405nm Binned,561nm Binned,488nm Binned_Seq0025.nd2",49688576,405nm Binned|561nm Binned|488nm Binned,Seq0025
D14,D,14,PLD3_TMEM106B_no_mCherry,False,29,"/Users/pmihack/claire/tmem_2026/data/260213_Feb16recopy_HYdiff_landingpadlines_survival_384well1/20260309_090353_210/260309_Day29_WellD14_Channel405nm Binned,561nm Binned,488nm Binned_Seq0025.nd2","260309_Day29_WellD14_Channel405nm Binned,561nm Binned,488nm Binned_Seq0025.nd2",49688576,405nm Binned|561nm Binned|488nm Binned,Seq0025
D14,D,14,PLD3_TMEM106B_no_mCherry,False,32,"/Users/pmihack/claire/tmem_2026/data/260213_Feb16recopy_HYdiff_landingpadlines_survival_384well1/20260312_083635_497/260312_Day32_WellD14_Channel405nm Binned,561 nm,488nm Binned_Seq0025.nd2","260312_Day32_WellD14_Channel405nm Binned,561 nm,488nm Binned_Seq0025.nd2",49688576,405nm Binned|561 nm|488nm Binned,Seq0025
D14,D,14,PLD3_TMEM106B_no_mCherry,False,36,"/Users/pmihack/claire/tmem_2026/data/260213_Feb16recopy_HYdiff_landingpadlines_survival_384well1/20260316_093139_667/260316_Day36_WellD14_Channel405nm Binned,561nm Binned,488nm Binned_Seq0025.nd2","260316_Day36_WellD14_Channel405nm Binned,561nm Binned,488nm Binned_Seq0025.nd2",49700864,405nm Binned|561nm Binned|488nm Binned,Seq0025
D14,D,14,PLD3_TMEM106B_no_mCherry,False,39,"/Users/pmihack/claire/tmem_2026/data/260213_Feb16recopy_HYdiff_landingpadlines_survival_384well1/20260319_083746_585/260319_Day39_WellD14_Channel405nm Binned,561nm Binned,488nm Binned_Seq0025.nd2","260319_Day39_WellD14_Channel405nm Binned,561nm Binned,488nm Binned_Seq0025.nd2",49692672,405nm Binned|561nm Binned|488nm Binned,Seq0025
D15,D,15,PLD3_TMEM106B_no_mCherry,False,8,"/Users/pmihack/claire/tmem_2026/data/260213_Feb16recopy_HYdiff_landingpadlines_survival_384well1/20260216_084435_959/260216_Day8_iNeurons_WellD15_Channel405nm Binned,561nm Binned,488nm Binned_Seq0026.nd2","260216_Day8_iNeurons_WellD15_Channel405nm Binned,561nm Binned,488nm Binned_Seq0026.nd2",49692672,405nm Binned|561nm Binned|488nm Binned,Seq0026
D15,D,15,PLD3_TMEM106B_no_mCherry,False,12,"/Users/pmihack/claire/tmem_2026/data/260213_Feb16recopy_HYdiff_landingpadlines_survival_384well1/20260220_085237_196/260220_Day12_WellD15_Channel405nm Binned,561nm Binned,488nm Binned_Seq0026.nd2","260220_Day12_WellD15_Channel405nm Binned,561nm Binned,488nm Binned_Seq0026.nd2",49692672,405nm Binned|561nm Binned|488nm Binned,Seq0026
D15,D,15,PLD3_TMEM106B_no_mCherry,False,16,"/Users/pmihack/claire/tmem_2026/data/260213_Feb16recopy_HYdiff_landingpadlines_survival_384well1/20260224_090320_759/260224_day16_WellD15_Channel405nm Binned,561nm Binned,488nm Binned_Seq0026.nd2","260224_day16_WellD15_Channel405nm Binned,561nm Binned,488nm Binned_Seq0026.nd2",49692672,405nm Binned|561nm Binned|488nm Binned,Seq0026
D15,D,15,PLD3_TMEM106B_no_mCherry,False,20,"/Users/pmihack/claire/tmem_2026/data/260213_Feb16recopy_HYdiff_landingpadlines_survival_384well1/20260228_090815_318/260228_day20_WellD15_Channel405nm Binned,561nm Binned,488nm Binned_Seq0026.nd2","260228_day20_WellD15_Channel405nm Binned,561nm Binned,488nm Binned_Seq0026.nd2",49692672,405nm Binned|561nm Binned|488nm Binned,Seq0026
D15,D,15,PLD3_TMEM106B_no_mCherry,False,25,"/Users/pmihack/claire/tmem_2026/data/260213_Feb16recopy_HYdiff_landingpadlines_survival_384well1/20260305_171612_406/260305_day25_iNeurons_WellD15_Channel405nm Binned,561nm Binned,488nm Binned_Seq0026.nd2","260305_day25_iNeurons_WellD15_Channel405nm Binned,561nm Binned,488nm Binned_Seq0026.nd2",49688576,405nm Binned|561nm Binned|488nm Binned,Seq0026
D15,D,15,PLD3_TMEM106B_no_mCherry,False,29,"/Users/pmihack/claire/tmem_2026/data/260213_Feb16recopy_HYdiff_landingpadlines_survival_384well1/20260309_090353_210/260309_Day29_WellD15_Channel405nm Binned,561nm Binned,488nm Binned_Seq0026.nd2","260309_Day29_WellD15_Channel405nm Binned,561nm Binned,488nm Binned_Seq0026.nd2",49688576,405nm Binned|561nm Binned|488nm Binned,Seq0026
D15,D,15,PLD3_TMEM106B_no_mCherry,False,32,"/Users/pmihack/claire/tmem_2026/data/260213_Feb16recopy_HYdiff_landingpadlines_survival_384well1/20260312_083635_497/260312_Day32_WellD15_Channel405nm Binned,561 nm,488nm Binned_Seq0026.nd2","260312_Day32_WellD15_Channel405nm Binned,561 nm,488nm Binned_Seq0026.nd2",49688576,405nm Binned|561 nm|488nm Binned,Seq0026
D15,D,15,PLD3_TMEM106B_no_mCherry,False,36,"/Users/pmihack/claire/tmem_2026/data/260213_Feb16recopy_HYdiff_landingpadlines_survival_384well1/20260316_093139_667/260316_Day36_WellD15_Channel405nm Binned,561nm Binned,488nm Binned_Seq0026.nd2","260316_Day36_WellD15_Channel405nm Binned,561nm Binned,488nm Binned_Seq0026.nd2",49700864,405nm Binned|561nm Binned|488nm Binned,Seq0026
D15,D,15,PLD3_TMEM106B_no_mCherry,False,39,"/Users/pmihack/claire/tmem_2026/data/260213_Feb16recopy_HYdiff_landingpadlines_survival_384well1/20260319_083746_585/260319_Day39_WellD15_Channel405nm Binned,561nm Binned,488nm Binned_Seq0026.nd2","260319_Day39_WellD15_Channel405nm Binned,561nm Binned,488nm Binned_Seq0026.nd2",49692672,405nm Binned|561nm Binned|488nm Binned,Seq0026
D16,D,16,PLD3_TMEM106B_no_mCherry,False,8,"/Users/pmihack/claire/tmem_2026/data/260213_Feb16recopy_HYdiff_landingpadlines_survival_384well1/20260216_084435_959/260216_Day8_iNeurons_WellD16_Channel405nm Binned,561nm Binned,488nm Binned_Seq0027.nd2","260216_Day8_iNeurons_WellD16_Channel405nm Binned,561nm Binned,488nm Binned_Seq0027.nd2",49692672,405nm Binned|561nm Binned|488nm Binned,Seq0027
D16,D,16,PLD3_TMEM106B_no_mCherry,False,12,"/Users/pmihack/claire/tmem_2026/data/260213_Feb16recopy_HYdiff_landingpadlines_survival_384well1/20260220_085237_196/260220_Day12_WellD16_Channel405nm Binned,561nm Binned,488nm Binned_Seq0027.nd2","260220_Day12_WellD16_Channel405nm Binned,561nm Binned,488nm Binned_Seq0027.nd2",49692672,405nm Binned|561nm Binned|488nm Binned,Seq0027
D16,D,16,PLD3_TMEM106B_no_mCherry,False,16,"/Users/pmihack/claire/tmem_2026/data/260213_Feb16recopy_HYdiff_landingpadlines_survival_384well1/20260224_090320_759/260224_day16_WellD16_Channel405nm Binned,561nm Binned,488nm Binned_Seq0027.nd2","260224_day16_WellD16_Channel405nm Binned,561nm Binned,488nm Binned_Seq0027.nd2",49692672,405nm Binned|561nm Binned|488nm Binned,Seq0027
D16,D,16,PLD3_TMEM106B_no_mCherry,False,20,"/Users/pmihack/claire/tmem_2026/data/260213_Feb16recopy_HYdiff_landingpadlines_survival_384well1/20260228_090815_318/260228_day20_WellD16_Channel405nm Binned,561nm Binned,488nm Binned_Seq0027.nd2","260228_day20_WellD16_Channel405nm Binned,561nm Binned,488nm Binned_Seq0027.nd2",49692672,405nm Binned|561nm Binned|488nm Binned,Seq0027
D16,D,16,PLD3_TMEM106B_no_mCherry,False,25,"/Users/pmihack/claire/tmem_2026/data/260213_Feb16recopy_HYdiff_landingpadlines_survival_384well1/20260305_171612_406/260305_day25_iNeurons_WellD16_Channel405nm Binned,561nm Binned,488nm Binned_Seq0027.nd2","260305_day25_iNeurons_WellD16_Channel405nm Binned,561nm Binned,488nm Binned_Seq0027.nd2",49688576,405nm Binned|561nm Binned|488nm Binned,Seq0027
D16,D,16,PLD3_TMEM106B_no_mCherry,False,29,"/Users/pmihack/claire/tmem_2026/data/260213_Feb16recopy_HYdiff_landingpadlines_survival_384well1/20260309_090353_210/260309_Day29_WellD16_Channel405nm Binned,561nm Binned,488nm Binned_Seq0027.nd2","260309_Day29_WellD16_Channel405nm Binned,561nm Binned,488nm Binned_Seq0027.nd2",49688576,405nm Binned|561nm Binned|488nm Binned,Seq0027
D16,D,16,PLD3_TMEM106B_no_mCherry,False,32,"/Users/pmihack/claire/tmem_2026/data/260213_Feb16recopy_HYdiff_landingpadlines_survival_384well1/20260312_083635_497/260312_Day32_WellD16_Channel405nm Binned,561 nm,488nm Binned_Seq0027.nd2","260312_Day32_WellD16_Channel405nm Binned,561 nm,488nm Binned_Seq0027.nd2",49688576,405nm Binned|561 nm|488nm Binned,Seq0027
D16,D,16,PLD3_TMEM106B_no_mCherry,False,36,"/Users/pmihack/claire/tmem_2026/data/260213_Feb16recopy_HYdiff_landingpadlines_survival_384well1/20260316_093139_667/260316_Day36_WellD16_Channel405nm Binned,561nm Binned,488nm Binned_Seq0027.nd2","260316_Day36_WellD16_Channel405nm Binned,561nm Binned,488nm Binned_Seq0027.nd2",49700864,405nm Binned|561nm Binned|488nm Binned,Seq0027
D16,D,16,PLD3_TMEM106B_no_mCherry,False,39,"/Users/pmihack/claire/tmem_2026/data/260213_Feb16recopy_HYdiff_landingpadlines_survival_384well1/20260319_083746_585/260319_Day39_WellD16_Channel405nm Binned,561nm Binned,488nm Binned_Seq0027.nd2","260319_Day39_WellD16_Channel405nm Binned,561nm Binned,488nm Binned_Seq0027.nd2",49692672,405nm Binned|561nm Binned|488nm Binned,Seq0027
D17,D,17,PLD3_TMEM106B_no_mCherry,False,8,"/Users/pmihack/claire/tmem_2026/data/260213_Feb16recopy_HYdiff_landingpadlines_survival_384well1/20260216_084435_959/260216_Day8_iNeurons_WellD17_Channel405nm Binned,561nm Binned,488nm Binned_Seq0028.nd2","260216_Day8_iNeurons_WellD17_Channel405nm Binned,561nm Binned,488nm Binned_Seq0028.nd2",49692672,405nm Binned|561nm Binned|488nm Binned,Seq0028
D17,D,17,PLD3_TMEM106B_no_mCherry,False,12,"/Users/pmihack/claire/tmem_2026/data/260213_Feb16recopy_HYdiff_landingpadlines_survival_384well1/20260220_085237_196/260220_Day12_WellD17_Channel405nm Binned,561nm Binned,488nm Binned_Seq0028.nd2","260220_Day12_WellD17_Channel405nm Binned,561nm Binned,488nm Binned_Seq0028.nd2",49692672,405nm Binned|561nm Binned|488nm Binned,Seq0028
D17,D,17,PLD3_TMEM106B_no_mCherry,False,16,"/Users/pmihack/claire/tmem_2026/data/260213_Feb16recopy_HYdiff_landingpadlines_survival_384well1/20260224_090320_759/260224_day16_WellD17_Channel405nm Binned,561nm Binned,488nm Binned_Seq0028.nd2","260224_day16_WellD17_Channel405nm Binned,561nm Binned,488nm Binned_Seq0028.nd2",49692672,405nm Binned|561nm Binned|488nm Binned,Seq0028
D17,D,17,PLD3_TMEM106B_no_mCherry,False,20,"/Users/pmihack/claire/tmem_2026/data/260213_Feb16recopy_HYdiff_landingpadlines_survival_384well1/20260228_090815_318/260228_day20_WellD17_Channel405nm Binned,561nm Binned,488nm Binned_Seq0028.nd2","260228_day20_WellD17_Channel405nm Binned,561nm Binned,488nm Binned_Seq0028.nd2",49692672,405nm Binned|561nm Binned|488nm Binned,Seq0028
D17,D,17,PLD3_TMEM106B_no_mCherry,False,25,"/Users/pmihack/claire/tmem_2026/data/260213_Feb16recopy_HYdiff_landingpadlines_survival_384well1/20260305_171612_406/260305_day25_iNeurons_WellD17_Channel405nm Binned,561nm Binned,488nm Binned_Seq0028.nd2","260305_day25_iNeurons_WellD17_Channel405nm Binned,561nm Binned,488nm Binned_Seq0028.nd2",49688576,405nm Binned|561nm Binned|488nm Binned,Seq0028
D17,D,17,PLD3_TMEM106B_no_mCherry,False,29,"/Users/pmihack/claire/tmem_2026/data/260213_Feb16recopy_HYdiff_landingpadlines_survival_384well1/20260309_090353_210/260309_Day29_WellD17_Channel405nm Binned,561nm Binned,488nm Binned_Seq0028.nd2","260309_Day29_WellD17_Channel405nm Binned,561nm Binned,488nm Binned_Seq0028.nd2",49688576,405nm Binned|561nm Binned|488nm Binned,Seq0028
D17,D,17,PLD3_TMEM106B_no_mCherry,False,32,"/Users/pmihack/claire/tmem_2026/data/260213_Feb16recopy_HYdiff_landingpadlines_survival_384well1/20260312_083635_497/260312_Day32_WellD17_Channel405nm Binned,561 nm,488nm Binned_Seq0028.nd2","260312_Day32_WellD17_Channel405nm Binned,561 nm,488nm Binned_Seq0028.nd2",49688576,405nm Binned|561 nm|488nm Binned,Seq0028
D17,D,17,PLD3_TMEM106B_no_mCherry,False,36,"/Users/pmihack/claire/tmem_2026/data/260213_Feb16recopy_HYdiff_landingpadlines_survival_384well1/20260316_093139_667/260316_Day36_WellD17_Channel405nm Binned,561nm Binned,488nm Binned_Seq0028.nd2","260316_Day36_WellD17_Channel405nm Binned,561nm Binned,488nm Binned_Seq0028.nd2",49700864,405nm Binned|561nm Binned|488nm Binned,Seq0028
D17,D,17,PLD3_TMEM106B_no_mCherry,False,39,"/Users/pmihack/claire/tmem_2026/data/260213_Feb16recopy_HYdiff_landingpadlines_survival_384well1/20260319_083746_585/260319_Day39_WellD17_Channel405nm Binned,561nm Binned,488nm Binned_Seq0028.nd2","260319_Day39_WellD17_Channel405nm Binned,561nm Binned,488nm Binned_Seq0028.nd2",49692672,405nm Binned|561nm Binned|488nm Binned,Seq0028
D18,D,18,PLD3_TMEM106B_no_mCherry,False,8,"/Users/pmihack/claire/tmem_2026/data/260213_Feb16recopy_HYdiff_landingpadlines_survival_384well1/20260216_084435_959/260216_Day8_iNeurons_WellD18_Channel405nm Binned,561nm Binned,488nm Binned_Seq0029.nd2","260216_Day8_iNeurons_WellD18_Channel405nm Binned,561nm Binned,488nm Binned_Seq0029.nd2",49692672,405nm Binned|561nm Binned|488nm Binned,Seq0029
D18,D,18,PLD3_TMEM106B_no_mCherry,False,12,"/Users/pmihack/claire/tmem_2026/data/260213_Feb16recopy_HYdiff_landingpadlines_survival_384well1/20260220_085237_196/260220_Day12_WellD18_Channel405nm Binned,561nm Binned,488nm Binned_Seq0029.nd2","260220_Day12_WellD18_Channel405nm Binned,561nm Binned,488nm Binned_Seq0029.nd2",49692672,405nm Binned|561nm Binned|488nm Binned,Seq0029
D18,D,18,PLD3_TMEM106B_no_mCherry,False,16,"/Users/pmihack/claire/tmem_2026/data/260213_Feb16recopy_HYdiff_landingpadlines_survival_384well1/20260224_090320_759/260224_day16_WellD18_Channel405nm Binned,561nm Binned,488nm Binned_Seq0029.nd2","260224_day16_WellD18_Channel405nm Binned,561nm Binned,488nm Binned_Seq0029.nd2",49692672,405nm Binned|561nm Binned|488nm Binned,Seq0029
D18,D,18,PLD3_TMEM106B_no_mCherry,False,20,"/Users/pmihack/claire/tmem_2026/data/260213_Feb16recopy_HYdiff_landingpadlines_survival_384well1/20260228_090815_318/260228_day20_WellD18_Channel405nm Binned,561nm Binned,488nm Binned_Seq0029.nd2","260228_day20_WellD18_Channel405nm Binned,561nm Binned,488nm Binned_Seq0029.nd2",49692672,405nm Binned|561nm Binned|488nm Binned,Seq0029
D18,D,18,PLD3_TMEM106B_no_mCherry,False,25,"/Users/pmihack/claire/tmem_2026/data/260213_Feb16recopy_HYdiff_landingpadlines_survival_384well1/20260305_171612_406/260305_day25_iNeurons_WellD18_Channel405nm Binned,561nm Binned,488nm Binned_Seq0029.nd2","260305_day25_iNeurons_WellD18_Channel405nm Binned,561nm Binned,488nm Binned_Seq0029.nd2",49688576,405nm Binned|561nm Binned|488nm Binned,Seq0029
D18,D,18,PLD3_TMEM106B_no_mCherry,False,29,"/Users/pmihack/claire/tmem_2026/data/260213_Feb16recopy_HYdiff_landingpadlines_survival_384well1/20260309_090353_210/260309_Day29_WellD18_Channel405nm Binned,561nm Binned,488nm Binned_Seq0029.nd2","260309_Day29_WellD18_Channel405nm Binned,561nm Binned,488nm Binned_Seq0029.nd2",49688576,405nm Binned|561nm Binned|488nm Binned,Seq0029
D18,D,18,PLD3_TMEM106B_no_mCherry,False,32,"/Users/pmihack/claire/tmem_2026/data/260213_Feb16recopy_HYdiff_landingpadlines_survival_384well1/20260312_083635_497/260312_Day32_WellD18_Channel405nm Binned,561 nm,488nm Binned_Seq0029.nd2","260312_Day32_WellD18_Channel405nm Binned,561 nm,488nm Binned_Seq0029.nd2",49688576,405nm Binned|561 nm|488nm Binned,Seq0029
D18,D,18,PLD3_TMEM106B_no_mCherry,False,36,"/Users/pmihack/claire/tmem_2026/data/260213_Feb16recopy_HYdiff_landingpadlines_survival_384well1/20260316_093139_667/260316_Day36_WellD18_Channel405nm Binned,561nm Binned,488nm Binned_Seq0029.nd2","260316_Day36_WellD18_Channel405nm Binned,561nm Binned,488nm Binned_Seq0029.nd2",49700864,405nm Binned|561nm Binned|488nm Binned,Seq0029
D18,D,18,PLD3_TMEM106B_no_mCherry,False,39,"/Users/pmihack/claire/tmem_2026/data/260213_Feb16recopy_HYdiff_landingpadlines_survival_384well1/20260319_083746_585/260319_Day39_WellD18_Channel405nm Binned,561nm Binned,488nm Binned_Seq0029.nd2","260319_Day39_WellD18_Channel405nm Binned,561nm Binned,488nm Binned_Seq0029.nd2",49692672,405nm Binned|561nm Binned|488nm Binned,Seq0029
D19,D,19,PLD3_TMEM106B_no_mCherry,False,8,"/Users/pmihack/claire/tmem_2026/data/260213_Feb16recopy_HYdiff_landingpadlines_survival_384well1/20260216_084435_959/260216_Day8_iNeurons_WellD19_Channel405nm Binned,561nm Binned,488nm Binned_Seq0030.nd2","260216_Day8_iNeurons_WellD19_Channel405nm Binned,561nm Binned,488nm Binned_Seq0030.nd2",49692672,405nm Binned|561nm Binned|488nm Binned,Seq0030
D19,D,19,PLD3_TMEM106B_no_mCherry,False,12,"/Users/pmihack/claire/tmem_2026/data/260213_Feb16recopy_HYdiff_landingpadlines_survival_384well1/20260220_085237_196/260220_Day12_WellD19_Channel405nm Binned,561nm Binned,488nm Binned_Seq0030.nd2","260220_Day12_WellD19_Channel405nm Binned,561nm Binned,488nm Binned_Seq0030.nd2",49692672,405nm Binned|561nm Binned|488nm Binned,Seq0030
D19,D,19,PLD3_TMEM106B_no_mCherry,False,16,"/Users/pmihack/claire/tmem_2026/data/260213_Feb16recopy_HYdiff_landingpadlines_survival_384well1/20260224_090320_759/260224_day16_WellD19_Channel405nm Binned,561nm Binned,488nm Binned_Seq0030.nd2","260224_day16_WellD19_Channel405nm Binned,561nm Binned,488nm Binned_Seq0030.nd2",49692672,405nm Binned|561nm Binned|488nm Binned,Seq0030
D19,D,19,PLD3_TMEM106B_no_mCherry,False,20,"/Users/pmihack/claire/tmem_2026/data/260213_Feb16recopy_HYdiff_landingpadlines_survival_384well1/20260228_090815_318/260228_day20_WellD19_Channel405nm Binned,561nm Binned,488nm Binned_Seq0030.nd2","260228_day20_WellD19_Channel405nm Binned,561nm Binned,488nm Binned_Seq0030.nd2",49692672,405nm Binned|561nm Binned|488nm Binned,Seq0030
D19,D,19,PLD3_TMEM106B_no_mCherry,False,25,"/Users/pmihack/claire/tmem_2026/data/260213_Feb16recopy_HYdiff_landingpadlines_survival_384well1/20260305_171612_406/260305_day25_iNeurons_WellD19_Channel405nm Binned,561nm Binned,488nm Binned_Seq0030.nd2","260305_day25_iNeurons_WellD19_Channel405nm Binned,561nm Binned,488nm Binned_Seq0030.nd2",49688576,405nm Binned|561nm Binned|488nm Binned,Seq0030
D19,D,19,PLD3_TMEM106B_no_mCherry,False,29,"/Users/pmihack/claire/tmem_2026/data/260213_Feb16recopy_HYdiff_landingpadlines_survival_384well1/20260309_090353_210/260309_Day29_WellD19_Channel405nm Binned,561nm Binned,488nm Binned_Seq0030.nd2","260309_Day29_WellD19_Channel405nm Binned,561nm Binned,488nm Binned_Seq0030.nd2",49688576,405nm Binned|561nm Binned|488nm Binned,Seq0030
D19,D,19,PLD3_TMEM106B_no_mCherry,False,32,"/Users/pmihack/claire/tmem_2026/data/260213_Feb16recopy_HYdiff_landingpadlines_survival_384well1/20260312_083635_497/260312_Day32_WellD19_Channel405nm Binned,561 nm,488nm Binned_Seq0030.nd2","260312_Day32_WellD19_Channel405nm Binned,561 nm,488nm Binned_Seq0030.nd2",49688576,405nm Binned|561 nm|488nm Binned,Seq0030
D19,D,19,PLD3_TMEM106B_no_mCherry,False,36,"/Users/pmihack/claire/tmem_2026/data/260213_Feb16recopy_HYdiff_landingpadlines_survival_384well1/20260316_093139_667/260316_Day36_WellD19_Channel405nm Binned,561nm Binned,488nm Binned_Seq0030.nd2","260316_Day36_WellD19_Channel405nm Binned,561nm Binned,488nm Binned_Seq0030.nd2",49700864,405nm Binned|561nm Binned|488nm Binned,Seq0030
D19,D,19,PLD3_TMEM106B_no_mCherry,False,39,"/Users/pmihack/claire/tmem_2026/data/260213_Feb16recopy_HYdiff_landingpadlines_survival_384well1/20260319_083746_585/260319_Day39_WellD19_Channel405nm Binned,561nm Binned,488nm Binned_Seq0030.nd2","260319_Day39_WellD19_Channel405nm Binned,561nm Binned,488nm Binned_Seq0030.nd2",49692672,405nm Binned|561nm Binned|488nm Binned,Seq0030
D20,D,20,PLD3_TMEM106B_no_mCherry,False,8,"/Users/pmihack/claire/tmem_2026/data/260213_Feb16recopy_HYdiff_landingpadlines_survival_384well1/20260216_084435_959/260216_Day8_iNeurons_WellD20_Channel405nm Binned,561nm Binned,488nm Binned_Seq0031.nd2","260216_Day8_iNeurons_WellD20_Channel405nm Binned,561nm Binned,488nm Binned_Seq0031.nd2",49692672,405nm Binned|561nm Binned|488nm Binned,Seq0031
D20,D,20,PLD3_TMEM106B_no_mCherry,False,12,"/Users/pmihack/claire/tmem_2026/data/260213_Feb16recopy_HYdiff_landingpadlines_survival_384well1/20260220_085237_196/260220_Day12_WellD20_Channel405nm Binned,561nm Binned,488nm Binned_Seq0031.nd2","260220_Day12_WellD20_Channel405nm Binned,561nm Binned,488nm Binned_Seq0031.nd2",49692672,405nm Binned|561nm Binned|488nm Binned,Seq0031
D20,D,20,PLD3_TMEM106B_no_mCherry,False,16,"/Users/pmihack/claire/tmem_2026/data/260213_Feb16recopy_HYdiff_landingpadlines_survival_384well1/20260224_090320_759/260224_day16_WellD20_Channel405nm Binned,561nm Binned,488nm Binned_Seq0031.nd2","260224_day16_WellD20_Channel405nm Binned,561nm Binned,488nm Binned_Seq0031.nd2",49692672,405nm Binned|561nm Binned|488nm Binned,Seq0031
D20,D,20,PLD3_TMEM106B_no_mCherry,False,20,"/Users/pmihack/claire/tmem_2026/data/260213_Feb16recopy_HYdiff_landingpadlines_survival_384well1/20260228_090815_318/260228_day20_WellD20_Channel405nm Binned,561nm Binned,488nm Binned_Seq0031.nd2","260228_day20_WellD20_Channel405nm Binned,561nm Binned,488nm Binned_Seq0031.nd2",49692672,405nm Binned|561nm Binned|488nm Binned,Seq0031
D20,D,20,PLD3_TMEM106B_no_mCherry,False,25,"/Users/pmihack/claire/tmem_2026/data/260213_Feb16recopy_HYdiff_landingpadlines_survival_384well1/20260305_171612_406/260305_day25_iNeurons_WellD20_Channel405nm Binned,561nm Binned,488nm Binned_Seq0031.nd2","260305_day25_iNeurons_WellD20_Channel405nm Binned,561nm Binned,488nm Binned_Seq0031.nd2",49688576,405nm Binned|561nm Binned|488nm Binned,Seq0031
D20,D,20,PLD3_TMEM106B_no_mCherry,False,29,"/Users/pmihack/claire/tmem_2026/data/260213_Feb16recopy_HYdiff_landingpadlines_survival_384well1/20260309_090353_210/260309_Day29_WellD20_Channel405nm Binned,561nm Binned,488nm Binned_Seq0031.nd2","260309_Day29_WellD20_Channel405nm Binned,561nm Binned,488nm Binned_Seq0031.nd2",49688576,405nm Binned|561nm Binned|488nm Binned,Seq0031
D20,D,20,PLD3_TMEM106B_no_mCherry,False,32,"/Users/pmihack/claire/tmem_2026/data/260213_Feb16recopy_HYdiff_landingpadlines_survival_384well1/20260312_083635_497/260312_Day32_WellD20_Channel405nm Binned,561 nm,488nm Binned_Seq0031.nd2","260312_Day32_WellD20_Channel405nm Binned,561 nm,488nm Binned_Seq0031.nd2",49688576,405nm Binned|561 nm|488nm Binned,Seq0031
D20,D,20,PLD3_TMEM106B_no_mCherry,False,36,"/Users/pmihack/claire/tmem_2026/data/260213_Feb16recopy_HYdiff_landingpadlines_survival_384well1/20260316_093139_667/260316_Day36_WellD20_Channel405nm Binned,561nm Binned,488nm Binned_Seq0031.nd2","260316_Day36_WellD20_Channel405nm Binned,561nm Binned,488nm Binned_Seq0031.nd2",49700864,405nm Binned|561nm Binned|488nm Binned,Seq0031
D20,D,20,PLD3_TMEM106B_no_mCherry,False,39,"/Users/pmihack/claire/tmem_2026/data/260213_Feb16recopy_HYdiff_landingpadlines_survival_384well1/20260319_083746_585/260319_Day39_WellD20_Channel405nm Binned,561nm Binned,488nm Binned_Seq0031.nd2","260319_Day39_WellD20_Channel405nm Binned,561nm Binned,488nm Binned_Seq0031.nd2",49692672,405nm Binned|561nm Binned|488nm Binned,Seq0031
E05,E,05,PLD3_mCherry_reporter_control,True,8,"/Users/pmihack/claire/tmem_2026/data/260213_Feb16recopy_HYdiff_landingpadlines_survival_384well1/20260216_084435_959/260216_Day8_iNeurons_WellE05_Channel405nm Binned,561nm Binned,488nm Binned_Seq0032.nd2","260216_Day8_iNeurons_WellE05_Channel405nm Binned,561nm Binned,488nm Binned_Seq0032.nd2",49692672,405nm Binned|561nm Binned|488nm Binned,Seq0032
E05,E,05,PLD3_mCherry_reporter_control,True,12,"/Users/pmihack/claire/tmem_2026/data/260213_Feb16recopy_HYdiff_landingpadlines_survival_384well1/20260220_085237_196/260220_Day12_WellE05_Channel405nm Binned,561nm Binned,488nm Binned_Seq0032.nd2","260220_Day12_WellE05_Channel405nm Binned,561nm Binned,488nm Binned_Seq0032.nd2",49692672,405nm Binned|561nm Binned|488nm Binned,Seq0032
E05,E,05,PLD3_mCherry_reporter_control,True,16,"/Users/pmihack/claire/tmem_2026/data/260213_Feb16recopy_HYdiff_landingpadlines_survival_384well1/20260224_090320_759/260224_day16_WellE05_Channel405nm Binned,561nm Binned,488nm Binned_Seq0032.nd2","260224_day16_WellE05_Channel405nm Binned,561nm Binned,488nm Binned_Seq0032.nd2",49692672,405nm Binned|561nm Binned|488nm Binned,Seq0032
E05,E,05,PLD3_mCherry_reporter_control,True,20,"/Users/pmihack/claire/tmem_2026/data/260213_Feb16recopy_HYdiff_landingpadlines_survival_384well1/20260228_090815_318/260228_day20_WellE05_Channel405nm Binned,561nm Binned,488nm Binned_Seq0032.nd2","260228_day20_WellE05_Channel405nm Binned,561nm Binned,488nm Binned_Seq0032.nd2",49692672,405nm Binned|561nm Binned|488nm Binned,Seq0032
E05,E,05,PLD3_mCherry_reporter_control,True,25,"/Users/pmihack/claire/tmem_2026/data/260213_Feb16recopy_HYdiff_landingpadlines_survival_384well1/20260305_171612_406/260305_day25_iNeurons_WellE05_Channel405nm Binned,561nm Binned,488nm Binned_Seq0032.nd2","260305_day25_iNeurons_WellE05_Channel405nm Binned,561nm Binned,488nm Binned_Seq0032.nd2",49688576,405nm Binned|561nm Binned|488nm Binned,Seq0032
E05,E,05,PLD3_mCherry_reporter_control,True,29,"/Users/pmihack/claire/tmem_2026/data/260213_Feb16recopy_HYdiff_landingpadlines_survival_384well1/20260309_090353_210/260309_Day29_WellE05_Channel405nm Binned,561nm Binned,488nm Binned_Seq0032.nd2","260309_Day29_WellE05_Channel405nm Binned,561nm Binned,488nm Binned_Seq0032.nd2",49688576,405nm Binned|561nm Binned|488nm Binned,Seq0032
E05,E,05,PLD3_mCherry_reporter_control,True,32,"/Users/pmihack/claire/tmem_2026/data/260213_Feb16recopy_HYdiff_landingpadlines_survival_384well1/20260312_083635_497/260312_Day32_WellE05_Channel405nm Binned,561 nm,488nm Binned_Seq0032.nd2","260312_Day32_WellE05_Channel405nm Binned,561 nm,488nm Binned_Seq0032.nd2",49688576,405nm Binned|561 nm|488nm Binned,Seq0032
E05,E,05,PLD3_mCherry_reporter_control,True,36,"/Users/pmihack/claire/tmem_2026/data/260213_Feb16recopy_HYdiff_landingpadlines_survival_384well1/20260316_093139_667/260316_Day36_WellE05_Channel405nm Binned,561nm Binned,488nm Binned_Seq0032.nd2","260316_Day36_WellE05_Channel405nm Binned,561nm Binned,488nm Binned_Seq0032.nd2",49700864,405nm Binned|561nm Binned|488nm Binned,Seq0032
E05,E,05,PLD3_mCherry_reporter_control,True,39,"/Users/pmihack/claire/tmem_2026/data/260213_Feb16recopy_HYdiff_landingpadlines_survival_384well1/20260319_083746_585/260319_Day39_WellE05_Channel405nm Binned,561nm Binned,488nm Binned_Seq0032.nd2","260319_Day39_WellE05_Channel405nm Binned,561nm Binned,488nm Binned_Seq0032.nd2",49692672,405nm Binned|561nm Binned|488nm Binned,Seq0032
E06,E,06,PLD3_mCherry_reporter_control,True,8,"/Users/pmihack/claire/tmem_2026/data/260213_Feb16recopy_HYdiff_landingpadlines_survival_384well1/20260216_084435_959/260216_Day8_iNeurons_WellE06_Channel405nm Binned,561nm Binned,488nm Binned_Seq0033.nd2","260216_Day8_iNeurons_WellE06_Channel405nm Binned,561nm Binned,488nm Binned_Seq0033.nd2",49692672,405nm Binned|561nm Binned|488nm Binned,Seq0033
E06,E,06,PLD3_mCherry_reporter_control,True,12,"/Users/pmihack/claire/tmem_2026/data/260213_Feb16recopy_HYdiff_landingpadlines_survival_384well1/20260220_085237_196/260220_Day12_WellE06_Channel405nm Binned,561nm Binned,488nm Binned_Seq0033.nd2","260220_Day12_WellE06_Channel405nm Binned,561nm Binned,488nm Binned_Seq0033.nd2",49692672,405nm Binned|561nm Binned|488nm Binned,Seq0033
E06,E,06,PLD3_mCherry_reporter_control,True,16,"/Users/pmihack/claire/tmem_2026/data/260213_Feb16recopy_HYdiff_landingpadlines_survival_384well1/20260224_090320_759/260224_day16_WellE06_Channel405nm Binned,561nm Binned,488nm Binned_Seq0033.nd2","260224_day16_WellE06_Channel405nm Binned,561nm Binned,488nm Binned_Seq0033.nd2",49692672,405nm Binned|561nm Binned|488nm Binned,Seq0033
E06,E,06,PLD3_mCherry_reporter_control,True,20,"/Users/pmihack/claire/tmem_2026/data/260213_Feb16recopy_HYdiff_landingpadlines_survival_384well1/20260228_090815_318/260228_day20_WellE06_Channel405nm Binned,561nm Binned,488nm Binned_Seq0033.nd2","260228_day20_WellE06_Channel405nm Binned,561nm Binned,488nm Binned_Seq0033.nd2",49692672,405nm Binned|561nm Binned|488nm Binned,Seq0033
E06,E,06,PLD3_mCherry_reporter_control,True,25,"/Users/pmihack/claire/tmem_2026/data/260213_Feb16recopy_HYdiff_landingpadlines_survival_384well1/20260305_171612_406/260305_day25_iNeurons_WellE06_Channel405nm Binned,561nm Binned,488nm Binned_Seq0033.nd2","260305_day25_iNeurons_WellE06_Channel405nm Binned,561nm Binned,488nm Binned_Seq0033.nd2",49688576,405nm Binned|561nm Binned|488nm Binned,Seq0033
E06,E,06,PLD3_mCherry_reporter_control,True,29,"/Users/pmihack/claire/tmem_2026/data/260213_Feb16recopy_HYdiff_landingpadlines_survival_384well1/20260309_090353_210/260309_Day29_WellE06_Channel405nm Binned,561nm Binned,488nm Binned_Seq0033.nd2","260309_Day29_WellE06_Channel405nm Binned,561nm Binned,488nm Binned_Seq0033.nd2",49688576,405nm Binned|561nm Binned|488nm Binned,Seq0033
E06,E,06,PLD3_mCherry_reporter_control,True,32,"/Users/pmihack/claire/tmem_2026/data/260213_Feb16recopy_HYdiff_landingpadlines_survival_384well1/20260312_083635_497/260312_Day32_WellE06_Channel405nm Binned,561 nm,488nm Binned_Seq0033.nd2","260312_Day32_WellE06_Channel405nm Binned,561 nm,488nm Binned_Seq0033.nd2",49688576,405nm Binned|561 nm|488nm Binned,Seq0033
E06,E,06,PLD3_mCherry_reporter_control,True,36,"/Users/pmihack/claire/tmem_2026/data/260213_Feb16recopy_HYdiff_landingpadlines_survival_384well1/20260316_093139_667/260316_Day36_WellE06_Channel405nm Binned,561nm Binned,488nm Binned_Seq0033.nd2","260316_Day36_WellE06_Channel405nm Binned,561nm Binned,488nm Binned_Seq0033.nd2",49700864,405nm Binned|561nm Binned|488nm Binned,Seq0033
E06,E,06,PLD3_mCherry_reporter_control,True,39,"/Users/pmihack/claire/tmem_2026/data/260213_Feb16recopy_HYdiff_landingpadlines_survival_384well1/20260319_083746_585/260319_Day39_WellE06_Channel405nm Binned,561nm Binned,488nm Binned_Seq0033.nd2","260319_Day39_WellE06_Channel405nm Binned,561nm Binned,488nm Binned_Seq0033.nd2",49692672,405nm Binned|561nm Binned|488nm Binned,Seq0033
E07,E,07,PLD3_mCherry_reporter_control,True,8,"/Users/pmihack/claire/tmem_2026/data/260213_Feb16recopy_HYdiff_landingpadlines_survival_384well1/20260216_084435_959/260216_Day8_iNeurons_WellE07_Channel405nm Binned,561nm Binned,488nm Binned_Seq0034.nd2","260216_Day8_iNeurons_WellE07_Channel405nm Binned,561nm Binned,488nm Binned_Seq0034.nd2",49692672,405nm Binned|561nm Binned|488nm Binned,Seq0034
E07,E,07,PLD3_mCherry_reporter_control,True,12,"/Users/pmihack/claire/tmem_2026/data/260213_Feb16recopy_HYdiff_landingpadlines_survival_384well1/20260220_085237_196/260220_Day12_WellE07_Channel405nm Binned,561nm Binned,488nm Binned_Seq0034.nd2","260220_Day12_WellE07_Channel405nm Binned,561nm Binned,488nm Binned_Seq0034.nd2",49692672,405nm Binned|561nm Binned|488nm Binned,Seq0034
E07,E,07,PLD3_mCherry_reporter_control,True,16,"/Users/pmihack/claire/tmem_2026/data/260213_Feb16recopy_HYdiff_landingpadlines_survival_384well1/20260224_090320_759/260224_day16_WellE07_Channel405nm Binned,561nm Binned,488nm Binned_Seq0034.nd2","260224_day16_WellE07_Channel405nm Binned,561nm Binned,488nm Binned_Seq0034.nd2",49692672,405nm Binned|561nm Binned|488nm Binned,Seq0034
E07,E,07,PLD3_mCherry_reporter_control,True,20,"/Users/pmihack/claire/tmem_2026/data/260213_Feb16recopy_HYdiff_landingpadlines_survival_384well1/20260228_090815_318/260228_day20_WellE07_Channel405nm Binned,561nm Binned,488nm Binned_Seq0034.nd2","260228_day20_WellE07_Channel405nm Binned,561nm Binned,488nm Binned_Seq0034.nd2",49692672,405nm Binned|561nm Binned|488nm Binned,Seq0034
E07,E,07,PLD3_mCherry_reporter_control,True,25,"/Users/pmihack/claire/tmem_2026/data/260213_Feb16recopy_HYdiff_landingpadlines_survival_384well1/20260305_171612_406/260305_day25_iNeurons_WellE07_Channel405nm Binned,561nm Binned,488nm Binned_Seq0034.nd2","260305_day25_iNeurons_WellE07_Channel405nm Binned,561nm Binned,488nm Binned_Seq0034.nd2",49688576,405nm Binned|561nm Binned|488nm Binned,Seq0034
E07,E,07,PLD3_mCherry_reporter_control,True,29,"/Users/pmihack/claire/tmem_2026/data/260213_Feb16recopy_HYdiff_landingpadlines_survival_384well1/20260309_090353_210/260309_Day29_WellE07_Channel405nm Binned,561nm Binned,488nm Binned_Seq0034.nd2","260309_Day29_WellE07_Channel405nm Binned,561nm Binned,488nm Binned_Seq0034.nd2",49688576,405nm Binned|561nm Binned|488nm Binned,Seq0034
E07,E,07,PLD3_mCherry_reporter_control,True,32,"/Users/pmihack/claire/tmem_2026/data/260213_Feb16recopy_HYdiff_landingpadlines_survival_384well1/20260312_083635_497/260312_Day32_WellE07_Channel405nm Binned,561 nm,488nm Binned_Seq0034.nd2","260312_Day32_WellE07_Channel405nm Binned,561 nm,488nm Binned_Seq0034.nd2",49688576,405nm Binned|561 nm|488nm Binned,Seq0034
E07,E,07,PLD3_mCherry_reporter_control,True,36,"/Users/pmihack/claire/tmem_2026/data/260213_Feb16recopy_HYdiff_landingpadlines_survival_384well1/20260316_093139_667/260316_Day36_WellE07_Channel405nm Binned,561nm Binned,488nm Binned_Seq0034.nd2","260316_Day36_WellE07_Channel405nm Binned,561nm Binned,488nm Binned_Seq0034.nd2",49700864,405nm Binned|561nm Binned|488nm Binned,Seq0034
E07,E,07,PLD3_mCherry_reporter_control,True,39,"/Users/pmihack/claire/tmem_2026/data/260213_Feb16recopy_HYdiff_landingpadlines_survival_384well1/20260319_083746_585/260319_Day39_WellE07_Channel405nm Binned,561nm Binned,488nm Binned_Seq0034.nd2","260319_Day39_WellE07_Channel405nm Binned,561nm Binned,488nm Binned_Seq0034.nd2",49692672,405nm Binned|561nm Binned|488nm Binned,Seq0034
E08,E,08,PLD3_mCherry_reporter_control,True,8,"/Users/pmihack/claire/tmem_2026/data/260213_Feb16recopy_HYdiff_landingpadlines_survival_384well1/20260216_084435_959/260216_Day8_iNeurons_WellE08_Channel405nm Binned,561nm Binned,488nm Binned_Seq0035.nd2","260216_Day8_iNeurons_WellE08_Channel405nm Binned,561nm Binned,488nm Binned_Seq0035.nd2",49692672,405nm Binned|561nm Binned|488nm Binned,Seq0035
E08,E,08,PLD3_mCherry_reporter_control,True,12,"/Users/pmihack/claire/tmem_2026/data/260213_Feb16recopy_HYdiff_landingpadlines_survival_384well1/20260220_085237_196/260220_Day12_WellE08_Channel405nm Binned,561nm Binned,488nm Binned_Seq0035.nd2","260220_Day12_WellE08_Channel405nm Binned,561nm Binned,488nm Binned_Seq0035.nd2",49692672,405nm Binned|561nm Binned|488nm Binned,Seq0035
E08,E,08,PLD3_mCherry_reporter_control,True,16,"/Users/pmihack/claire/tmem_2026/data/260213_Feb16recopy_HYdiff_landingpadlines_survival_384well1/20260224_090320_759/260224_day16_WellE08_Channel405nm Binned,561nm Binned,488nm Binned_Seq0035.nd2","260224_day16_WellE08_Channel405nm Binned,561nm Binned,488nm Binned_Seq0035.nd2",49692672,405nm Binned|561nm Binned|488nm Binned,Seq0035
E08,E,08,PLD3_mCherry_reporter_control,True,20,"/Users/pmihack/claire/tmem_2026/data/260213_Feb16recopy_HYdiff_landingpadlines_survival_384well1/20260228_090815_318/260228_day20_WellE08_Channel405nm Binned,561nm Binned,488nm Binned_Seq0035.nd2","260228_day20_WellE08_Channel405nm Binned,561nm Binned,488nm Binned_Seq0035.nd2",49692672,405nm Binned|561nm Binned|488nm Binned,Seq0035
E08,E,08,PLD3_mCherry_reporter_control,True,25,"/Users/pmihack/claire/tmem_2026/data/260213_Feb16recopy_HYdiff_landingpadlines_survival_384well1/20260305_171612_406/260305_day25_iNeurons_WellE08_Channel405nm Binned,561nm Binned,488nm Binned_Seq0035.nd2","260305_day25_iNeurons_WellE08_Channel405nm Binned,561nm Binned,488nm Binned_Seq0035.nd2",49688576,405nm Binned|561nm Binned|488nm Binned,Seq0035
E08,E,08,PLD3_mCherry_reporter_control,True,29,"/Users/pmihack/claire/tmem_2026/data/260213_Feb16recopy_HYdiff_landingpadlines_survival_384well1/20260309_090353_210/260309_Day29_WellE08_Channel405nm Binned,561nm Binned,488nm Binned_Seq0035.nd2","260309_Day29_WellE08_Channel405nm Binned,561nm Binned,488nm Binned_Seq0035.nd2",49688576,405nm Binned|561nm Binned|488nm Binned,Seq0035
E08,E,08,PLD3_mCherry_reporter_control,True,32,"/Users/pmihack/claire/tmem_2026/data/260213_Feb16recopy_HYdiff_landingpadlines_survival_384well1/20260312_083635_497/260312_Day32_WellE08_Channel405nm Binned,561 nm,488nm Binned_Seq0035.nd2","260312_Day32_WellE08_Channel405nm Binned,561 nm,488nm Binned_Seq0035.nd2",49688576,405nm Binned|561 nm|488nm Binned,Seq0035
E08,E,08,PLD3_mCherry_reporter_control,True,36,"/Users/pmihack/claire/tmem_2026/data/260213_Feb16recopy_HYdiff_landingpadlines_survival_384well1/20260316_093139_667/260316_Day36_WellE08_Channel405nm Binned,561nm Binned,488nm Binned_Seq0035.nd2","260316_Day36_WellE08_Channel405nm Binned,561nm Binned,488nm Binned_Seq0035.nd2",49700864,405nm Binned|561nm Binned|488nm Binned,Seq0035
E08,E,08,PLD3_mCherry_reporter_control,True,39,"/Users/pmihack/claire/tmem_2026/data/260213_Feb16recopy_HYdiff_landingpadlines_survival_384well1/20260319_083746_585/260319_Day39_WellE08_Channel405nm Binned,561nm Binned,488nm Binned_Seq0035.nd2","260319_Day39_WellE08_Channel405nm Binned,561nm Binned,488nm Binned_Seq0035.nd2",49692672,405nm Binned|561nm Binned|488nm Binned,Seq0035
E09,E,09,PLD3_mCherry_reporter_control,True,8,"/Users/pmihack/claire/tmem_2026/data/260213_Feb16recopy_HYdiff_landingpadlines_survival_384well1/20260216_084435_959/260216_Day8_iNeurons_WellE09_Channel405nm Binned,561nm Binned,488nm Binned_Seq0036.nd2","260216_Day8_iNeurons_WellE09_Channel405nm Binned,561nm Binned,488nm Binned_Seq0036.nd2",49692672,405nm Binned|561nm Binned|488nm Binned,Seq0036
E09,E,09,PLD3_mCherry_reporter_control,True,12,"/Users/pmihack/claire/tmem_2026/data/260213_Feb16recopy_HYdiff_landingpadlines_survival_384well1/20260220_085237_196/260220_Day12_WellE09_Channel405nm Binned,561nm Binned,488nm Binned_Seq0036.nd2","260220_Day12_WellE09_Channel405nm Binned,561nm Binned,488nm Binned_Seq0036.nd2",49692672,405nm Binned|561nm Binned|488nm Binned,Seq0036
E09,E,09,PLD3_mCherry_reporter_control,True,16,"/Users/pmihack/claire/tmem_2026/data/260213_Feb16recopy_HYdiff_landingpadlines_survival_384well1/20260224_090320_759/260224_day16_WellE09_Channel405nm Binned,561nm Binned,488nm Binned_Seq0036.nd2","260224_day16_WellE09_Channel405nm Binned,561nm Binned,488nm Binned_Seq0036.nd2",49692672,405nm Binned|561nm Binned|488nm Binned,Seq0036
E09,E,09,PLD3_mCherry_reporter_control,True,20,"/Users/pmihack/claire/tmem_2026/data/260213_Feb16recopy_HYdiff_landingpadlines_survival_384well1/20260228_090815_318/260228_day20_WellE09_Channel405nm Binned,561nm Binned,488nm Binned_Seq0036.nd2","260228_day20_WellE09_Channel405nm Binned,561nm Binned,488nm Binned_Seq0036.nd2",49692672,405nm Binned|561nm Binned|488nm Binned,Seq0036
E09,E,09,PLD3_mCherry_reporter_control,True,25,"/Users/pmihack/claire/tmem_2026/data/260213_Feb16recopy_HYdiff_landingpadlines_survival_384well1/20260305_171612_406/260305_day25_iNeurons_WellE09_Channel405nm Binned,561nm Binned,488nm Binned_Seq0036.nd2","260305_day25_iNeurons_WellE09_Channel405nm Binned,561nm Binned,488nm Binned_Seq0036.nd2",49688576,405nm Binned|561nm Binned|488nm Binned,Seq0036
E09,E,09,PLD3_mCherry_reporter_control,True,29,"/Users/pmihack/claire/tmem_2026/data/260213_Feb16recopy_HYdiff_landingpadlines_survival_384well1/20260309_090353_210/260309_Day29_WellE09_Channel405nm Binned,561nm Binned,488nm Binned_Seq0036.nd2","260309_Day29_WellE09_Channel405nm Binned,561nm Binned,488nm Binned_Seq0036.nd2",49688576,405nm Binned|561nm Binned|488nm Binned,Seq0036
E09,E,09,PLD3_mCherry_reporter_control,True,32,"/Users/pmihack/claire/tmem_2026/data/260213_Feb16recopy_HYdiff_landingpadlines_survival_384well1/20260312_083635_497/260312_Day32_WellE09_Channel405nm Binned,561 nm,488nm Binned_Seq0036.nd2","260312_Day32_WellE09_Channel405nm Binned,561 nm,488nm Binned_Seq0036.nd2",49688576,405nm Binned|561 nm|488nm Binned,Seq0036
E09,E,09,PLD3_mCherry_reporter_control,True,36,"/Users/pmihack/claire/tmem_2026/data/260213_Feb16recopy_HYdiff_landingpadlines_survival_384well1/20260316_093139_667/260316_Day36_WellE09_Channel405nm Binned,561nm Binned,488nm Binned_Seq0036.nd2","260316_Day36_WellE09_Channel405nm Binned,561nm Binned,488nm Binned_Seq0036.nd2",49700864,405nm Binned|561nm Binned|488nm Binned,Seq0036
E09,E,09,PLD3_mCherry_reporter_control,True,39,"/Users/pmihack/claire/tmem_2026/data/260213_Feb16recopy_HYdiff_landingpadlines_survival_384well1/20260319_083746_585/260319_Day39_WellE09_Channel405nm Binned,561nm Binned,488nm Binned_Seq0036.nd2","260319_Day39_WellE09_Channel405nm Binned,561nm Binned,488nm Binned_Seq0036.nd2",49692672,405nm Binned|561nm Binned|488nm Binned,Seq0036
E10,E,10,PLD3_mCherry_reporter_control,True,8,"/Users/pmihack/claire/tmem_2026/data/260213_Feb16recopy_HYdiff_landingpadlines_survival_384well1/20260216_084435_959/260216_Day8_iNeurons_WellE10_Channel405nm Binned,561nm Binned,488nm Binned_Seq0037.nd2","260216_Day8_iNeurons_WellE10_Channel405nm Binned,561nm Binned,488nm Binned_Seq0037.nd2",49692672,405nm Binned|561nm Binned|488nm Binned,Seq0037
E10,E,10,PLD3_mCherry_reporter_control,True,12,"/Users/pmihack/claire/tmem_2026/data/260213_Feb16recopy_HYdiff_landingpadlines_survival_384well1/20260220_085237_196/260220_Day12_WellE10_Channel405nm Binned,561nm Binned,488nm Binned_Seq0037.nd2","260220_Day12_WellE10_Channel405nm Binned,561nm Binned,488nm Binned_Seq0037.nd2",49692672,405nm Binned|561nm Binned|488nm Binned,Seq0037
E10,E,10,PLD3_mCherry_reporter_control,True,16,"/Users/pmihack/claire/tmem_2026/data/260213_Feb16recopy_HYdiff_landingpadlines_survival_384well1/20260224_090320_759/260224_day16_WellE10_Channel405nm Binned,561nm Binned,488nm Binned_Seq0037.nd2","260224_day16_WellE10_Channel405nm Binned,561nm Binned,488nm Binned_Seq0037.nd2",49692672,405nm Binned|561nm Binned|488nm Binned,Seq0037
E10,E,10,PLD3_mCherry_reporter_control,True,20,"/Users/pmihack/claire/tmem_2026/data/260213_Feb16recopy_HYdiff_landingpadlines_survival_384well1/20260228_090815_318/260228_day20_WellE10_Channel405nm Binned,561nm Binned,488nm Binned_Seq0037.nd2","260228_day20_WellE10_Channel405nm Binned,561nm Binned,488nm Binned_Seq0037.nd2",49692672,405nm Binned|561nm Binned|488nm Binned,Seq0037
E10,E,10,PLD3_mCherry_reporter_control,True,25,"/Users/pmihack/claire/tmem_2026/data/260213_Feb16recopy_HYdiff_landingpadlines_survival_384well1/20260305_171612_406/260305_day25_iNeurons_WellE10_Channel405nm Binned,561nm Binned,488nm Binned_Seq0037.nd2","260305_day25_iNeurons_WellE10_Channel405nm Binned,561nm Binned,488nm Binned_Seq0037.nd2",49688576,405nm Binned|561nm Binned|488nm Binned,Seq0037
E10,E,10,PLD3_mCherry_reporter_control,True,29,"/Users/pmihack/claire/tmem_2026/data/260213_Feb16recopy_HYdiff_landingpadlines_survival_384well1/20260309_090353_210/260309_Day29_WellE10_Channel405nm Binned,561nm Binned,488nm Binned_Seq0037.nd2","260309_Day29_WellE10_Channel405nm Binned,561nm Binned,488nm Binned_Seq0037.nd2",49688576,405nm Binned|561nm Binned|488nm Binned,Seq0037
E10,E,10,PLD3_mCherry_reporter_control,True,32,"/Users/pmihack/claire/tmem_2026/data/260213_Feb16recopy_HYdiff_landingpadlines_survival_384well1/20260312_083635_497/260312_Day32_WellE10_Channel405nm Binned,561 nm,488nm Binned_Seq0037.nd2","260312_Day32_WellE10_Channel405nm Binned,561 nm,488nm Binned_Seq0037.nd2",49688576,405nm Binned|561 nm|488nm Binned,Seq0037
E10,E,10,PLD3_mCherry_reporter_control,True,36,"/Users/pmihack/claire/tmem_2026/data/260213_Feb16recopy_HYdiff_landingpadlines_survival_384well1/20260316_093139_667/260316_Day36_WellE10_Channel405nm Binned,561nm Binned,488nm Binned_Seq0037.nd2","260316_Day36_WellE10_Channel405nm Binned,561nm Binned,488nm Binned_Seq0037.nd2",49700864,405nm Binned|561nm Binned|488nm Binned,Seq0037
E10,E,10,PLD3_mCherry_reporter_control,True,39,"/Users/pmihack/claire/tmem_2026/data/260213_Feb16recopy_HYdiff_landingpadlines_survival_384well1/20260319_083746_585/260319_Day39_WellE10_Channel405nm Binned,561nm Binned,488nm Binned_Seq0037.nd2","260319_Day39_WellE10_Channel405nm Binned,561nm Binned,488nm Binned_Seq0037.nd2",49692672,405nm Binned|561nm Binned|488nm Binned,Seq0037
E11,E,11,PLD3_mCherry_reporter_control,True,8,"/Users/pmihack/claire/tmem_2026/data/260213_Feb16recopy_HYdiff_landingpadlines_survival_384well1/20260216_084435_959/260216_Day8_iNeurons_WellE11_Channel405nm Binned,561nm Binned,488nm Binned_Seq0038.nd2","260216_Day8_iNeurons_WellE11_Channel405nm Binned,561nm Binned,488nm Binned_Seq0038.nd2",49692672,405nm Binned|561nm Binned|488nm Binned,Seq0038
E11,E,11,PLD3_mCherry_reporter_control,True,12,"/Users/pmihack/claire/tmem_2026/data/260213_Feb16recopy_HYdiff_landingpadlines_survival_384well1/20260220_085237_196/260220_Day12_WellE11_Channel405nm Binned,561nm Binned,488nm Binned_Seq0038.nd2","260220_Day12_WellE11_Channel405nm Binned,561nm Binned,488nm Binned_Seq0038.nd2",49692672,405nm Binned|561nm Binned|488nm Binned,Seq0038
E11,E,11,PLD3_mCherry_reporter_control,True,16,"/Users/pmihack/claire/tmem_2026/data/260213_Feb16recopy_HYdiff_landingpadlines_survival_384well1/20260224_090320_759/260224_day16_WellE11_Channel405nm Binned,561nm Binned,488nm Binned_Seq0038.nd2","260224_day16_WellE11_Channel405nm Binned,561nm Binned,488nm Binned_Seq0038.nd2",49692672,405nm Binned|561nm Binned|488nm Binned,Seq0038
E11,E,11,PLD3_mCherry_reporter_control,True,20,"/Users/pmihack/claire/tmem_2026/data/260213_Feb16recopy_HYdiff_landingpadlines_survival_384well1/20260228_090815_318/260228_day20_WellE11_Channel405nm Binned,561nm Binned,488nm Binned_Seq0038.nd2","260228_day20_WellE11_Channel405nm Binned,561nm Binned,488nm Binned_Seq0038.nd2",49692672,405nm Binned|561nm Binned|488nm Binned,Seq0038
E11,E,11,PLD3_mCherry_reporter_control,True,25,"/Users/pmihack/claire/tmem_2026/data/260213_Feb16recopy_HYdiff_landingpadlines_survival_384well1/20260305_171612_406/260305_day25_iNeurons_WellE11_Channel405nm Binned,561nm Binned,488nm Binned_Seq0038.nd2","260305_day25_iNeurons_WellE11_Channel405nm Binned,561nm Binned,488nm Binned_Seq0038.nd2",49688576,405nm Binned|561nm Binned|488nm Binned,Seq0038
E11,E,11,PLD3_mCherry_reporter_control,True,29,"/Users/pmihack/claire/tmem_2026/data/260213_Feb16recopy_HYdiff_landingpadlines_survival_384well1/20260309_090353_210/260309_Day29_WellE11_Channel405nm Binned,561nm Binned,488nm Binned_Seq0038.nd2","260309_Day29_WellE11_Channel405nm Binned,561nm Binned,488nm Binned_Seq0038.nd2",49688576,405nm Binned|561nm Binned|488nm Binned,Seq0038
E11,E,11,PLD3_mCherry_reporter_control,True,32,"/Users/pmihack/claire/tmem_2026/data/260213_Feb16recopy_HYdiff_landingpadlines_survival_384well1/20260312_083635_497/260312_Day32_WellE11_Channel405nm Binned,561 nm,488nm Binned_Seq0038.nd2","260312_Day32_WellE11_Channel405nm Binned,561 nm,488nm Binned_Seq0038.nd2",49688576,405nm Binned|561 nm|488nm Binned,Seq0038
E11,E,11,PLD3_mCherry_reporter_control,True,36,"/Users/pmihack/claire/tmem_2026/data/260213_Feb16recopy_HYdiff_landingpadlines_survival_384well1/20260316_093139_667/260316_Day36_WellE11_Channel405nm Binned,561nm Binned,488nm Binned_Seq0038.nd2","260316_Day36_WellE11_Channel405nm Binned,561nm Binned,488nm Binned_Seq0038.nd2",49700864,405nm Binned|561nm Binned|488nm Binned,Seq0038
E11,E,11,PLD3_mCherry_reporter_control,True,39,"/Users/pmihack/claire/tmem_2026/data/260213_Feb16recopy_HYdiff_landingpadlines_survival_384well1/20260319_083746_585/260319_Day39_WellE11_Channel405nm Binned,561nm Binned,488nm Binned_Seq0038.nd2","260319_Day39_WellE11_Channel405nm Binned,561nm Binned,488nm Binned_Seq0038.nd2",49692672,405nm Binned|561nm Binned|488nm Binned,Seq0038
E12,E,12,PLD3_mCherry_reporter_control,True,8,"/Users/pmihack/claire/tmem_2026/data/260213_Feb16recopy_HYdiff_landingpadlines_survival_384well1/20260216_084435_959/260216_Day8_iNeurons_WellE12_Channel405nm Binned,561nm Binned,488nm Binned_Seq0039.nd2","260216_Day8_iNeurons_WellE12_Channel405nm Binned,561nm Binned,488nm Binned_Seq0039.nd2",49692672,405nm Binned|561nm Binned|488nm Binned,Seq0039
E12,E,12,PLD3_mCherry_reporter_control,True,12,"/Users/pmihack/claire/tmem_2026/data/260213_Feb16recopy_HYdiff_landingpadlines_survival_384well1/20260220_085237_196/260220_Day12_WellE12_Channel405nm Binned,561nm Binned,488nm Binned_Seq0039.nd2","260220_Day12_WellE12_Channel405nm Binned,561nm Binned,488nm Binned_Seq0039.nd2",49692672,405nm Binned|561nm Binned|488nm Binned,Seq0039
E12,E,12,PLD3_mCherry_reporter_control,True,16,"/Users/pmihack/claire/tmem_2026/data/260213_Feb16recopy_HYdiff_landingpadlines_survival_384well1/20260224_090320_759/260224_day16_WellE12_Channel405nm Binned,561nm Binned,488nm Binned_Seq0039.nd2","260224_day16_WellE12_Channel405nm Binned,561nm Binned,488nm Binned_Seq0039.nd2",49692672,405nm Binned|561nm Binned|488nm Binned,Seq0039
E12,E,12,PLD3_mCherry_reporter_control,True,20,"/Users/pmihack/claire/tmem_2026/data/260213_Feb16recopy_HYdiff_landingpadlines_survival_384well1/20260228_090815_318/260228_day20_WellE12_Channel405nm Binned,561nm Binned,488nm Binned_Seq0039.nd2","260228_day20_WellE12_Channel405nm Binned,561nm Binned,488nm Binned_Seq0039.nd2",49692672,405nm Binned|561nm Binned|488nm Binned,Seq0039
E12,E,12,PLD3_mCherry_reporter_control,True,25,"/Users/pmihack/claire/tmem_2026/data/260213_Feb16recopy_HYdiff_landingpadlines_survival_384well1/20260305_171612_406/260305_day25_iNeurons_WellE12_Channel405nm Binned,561nm Binned,488nm Binned_Seq0039.nd2","260305_day25_iNeurons_WellE12_Channel405nm Binned,561nm Binned,488nm Binned_Seq0039.nd2",49688576,405nm Binned|561nm Binned|488nm Binned,Seq0039
E12,E,12,PLD3_mCherry_reporter_control,True,29,"/Users/pmihack/claire/tmem_2026/data/260213_Feb16recopy_HYdiff_landingpadlines_survival_384well1/20260309_090353_210/260309_Day29_WellE12_Channel405nm Binned,561nm Binned,488nm Binned_Seq0039.nd2","260309_Day29_WellE12_Channel405nm Binned,561nm Binned,488nm Binned_Seq0039.nd2",49688576,405nm Binned|561nm Binned|488nm Binned,Seq0039
E12,E,12,PLD3_mCherry_reporter_control,True,32,"/Users/pmihack/claire/tmem_2026/data/260213_Feb16recopy_HYdiff_landingpadlines_survival_384well1/20260312_083635_497/260312_Day32_WellE12_Channel405nm Binned,561 nm,488nm Binned_Seq0039.nd2","260312_Day32_WellE12_Channel405nm Binned,561 nm,488nm Binned_Seq0039.nd2",49688576,405nm Binned|561 nm|488nm Binned,Seq0039
E12,E,12,PLD3_mCherry_reporter_control,True,36,"/Users/pmihack/claire/tmem_2026/data/260213_Feb16recopy_HYdiff_landingpadlines_survival_384well1/20260316_093139_667/260316_Day36_WellE12_Channel405nm Binned,561nm Binned,488nm Binned_Seq0039.nd2","260316_Day36_WellE12_Channel405nm Binned,561nm Binned,488nm Binned_Seq0039.nd2",49700864,405nm Binned|561nm Binned|488nm Binned,Seq0039
E12,E,12,PLD3_mCherry_reporter_control,True,39,"/Users/pmihack/claire/tmem_2026/data/260213_Feb16recopy_HYdiff_landingpadlines_survival_384well1/20260319_083746_585/260319_Day39_WellE12_Channel405nm Binned,561nm Binned,488nm Binned_Seq0039.nd2","260319_Day39_WellE12_Channel405nm Binned,561nm Binned,488nm Binned_Seq0039.nd2",49692672,405nm Binned|561nm Binned|488nm Binned,Seq0039
E13,E,13,PLD3_mCherry_reporter_control,True,8,"/Users/pmihack/claire/tmem_2026/data/260213_Feb16recopy_HYdiff_landingpadlines_survival_384well1/20260216_084435_959/260216_Day8_iNeurons_WellE13_Channel405nm Binned,561nm Binned,488nm Binned_Seq0040.nd2","260216_Day8_iNeurons_WellE13_Channel405nm Binned,561nm Binned,488nm Binned_Seq0040.nd2",49692672,405nm Binned|561nm Binned|488nm Binned,Seq0040
E13,E,13,PLD3_mCherry_reporter_control,True,12,"/Users/pmihack/claire/tmem_2026/data/260213_Feb16recopy_HYdiff_landingpadlines_survival_384well1/20260220_085237_196/260220_Day12_WellE13_Channel405nm Binned,561nm Binned,488nm Binned_Seq0040.nd2","260220_Day12_WellE13_Channel405nm Binned,561nm Binned,488nm Binned_Seq0040.nd2",49692672,405nm Binned|561nm Binned|488nm Binned,Seq0040
E13,E,13,PLD3_mCherry_reporter_control,True,16,"/Users/pmihack/claire/tmem_2026/data/260213_Feb16recopy_HYdiff_landingpadlines_survival_384well1/20260224_090320_759/260224_day16_WellE13_Channel405nm Binned,561nm Binned,488nm Binned_Seq0040.nd2","260224_day16_WellE13_Channel405nm Binned,561nm Binned,488nm Binned_Seq0040.nd2",49692672,405nm Binned|561nm Binned|488nm Binned,Seq0040
E13,E,13,PLD3_mCherry_reporter_control,True,20,"/Users/pmihack/claire/tmem_2026/data/260213_Feb16recopy_HYdiff_landingpadlines_survival_384well1/20260228_090815_318/260228_day20_WellE13_Channel405nm Binned,561nm Binned,488nm Binned_Seq0040.nd2","260228_day20_WellE13_Channel405nm Binned,561nm Binned,488nm Binned_Seq0040.nd2",49692672,405nm Binned|561nm Binned|488nm Binned,Seq0040
E13,E,13,PLD3_mCherry_reporter_control,True,25,"/Users/pmihack/claire/tmem_2026/data/260213_Feb16recopy_HYdiff_landingpadlines_survival_384well1/20260305_171612_406/260305_day25_iNeurons_WellE13_Channel405nm Binned,561nm Binned,488nm Binned_Seq0040.nd2","260305_day25_iNeurons_WellE13_Channel405nm Binned,561nm Binned,488nm Binned_Seq0040.nd2",49688576,405nm Binned|561nm Binned|488nm Binned,Seq0040
E13,E,13,PLD3_mCherry_reporter_control,True,29,"/Users/pmihack/claire/tmem_2026/data/260213_Feb16recopy_HYdiff_landingpadlines_survival_384well1/20260309_090353_210/260309_Day29_WellE13_Channel405nm Binned,561nm Binned,488nm Binned_Seq0040.nd2","260309_Day29_WellE13_Channel405nm Binned,561nm Binned,488nm Binned_Seq0040.nd2",49688576,405nm Binned|561nm Binned|488nm Binned,Seq0040
E13,E,13,PLD3_mCherry_reporter_control,True,32,"/Users/pmihack/claire/tmem_2026/data/260213_Feb16recopy_HYdiff_landingpadlines_survival_384well1/20260312_083635_497/260312_Day32_WellE13_Channel405nm Binned,561 nm,488nm Binned_Seq0040.nd2","260312_Day32_WellE13_Channel405nm Binned,561 nm,488nm Binned_Seq0040.nd2",49688576,405nm Binned|561 nm|488nm Binned,Seq0040
E13,E,13,PLD3_mCherry_reporter_control,True,36,"/Users/pmihack/claire/tmem_2026/data/260213_Feb16recopy_HYdiff_landingpadlines_survival_384well1/20260316_093139_667/260316_Day36_WellE13_Channel405nm Binned,561nm Binned,488nm Binned_Seq0040.nd2","260316_Day36_WellE13_Channel405nm Binned,561nm Binned,488nm Binned_Seq0040.nd2",49700864,405nm Binned|561nm Binned|488nm Binned,Seq0040
E13,E,13,PLD3_mCherry_reporter_control,True,39,"/Users/pmihack/claire/tmem_2026/data/260213_Feb16recopy_HYdiff_landingpadlines_survival_384well1/20260319_083746_585/260319_Day39_WellE13_Channel405nm Binned,561nm Binned,488nm Binned_Seq0040.nd2","260319_Day39_WellE13_Channel405nm Binned,561nm Binned,488nm Binned_Seq0040.nd2",49692672,405nm Binned|561nm Binned|488nm Binned,Seq0040
E14,E,14,PLD3_mCherry_reporter_control,True,8,"/Users/pmihack/claire/tmem_2026/data/260213_Feb16recopy_HYdiff_landingpadlines_survival_384well1/20260216_084435_959/260216_Day8_iNeurons_WellE14_Channel405nm Binned,561nm Binned,488nm Binned_Seq0041.nd2","260216_Day8_iNeurons_WellE14_Channel405nm Binned,561nm Binned,488nm Binned_Seq0041.nd2",49692672,405nm Binned|561nm Binned|488nm Binned,Seq0041
E14,E,14,PLD3_mCherry_reporter_control,True,12,"/Users/pmihack/claire/tmem_2026/data/260213_Feb16recopy_HYdiff_landingpadlines_survival_384well1/20260220_085237_196/260220_Day12_WellE14_Channel405nm Binned,561nm Binned,488nm Binned_Seq0041.nd2","260220_Day12_WellE14_Channel405nm Binned,561nm Binned,488nm Binned_Seq0041.nd2",49692672,405nm Binned|561nm Binned|488nm Binned,Seq0041
E14,E,14,PLD3_mCherry_reporter_control,True,16,"/Users/pmihack/claire/tmem_2026/data/260213_Feb16recopy_HYdiff_landingpadlines_survival_384well1/20260224_090320_759/260224_day16_WellE14_Channel405nm Binned,561nm Binned,488nm Binned_Seq0041.nd2","260224_day16_WellE14_Channel405nm Binned,561nm Binned,488nm Binned_Seq0041.nd2",49692672,405nm Binned|561nm Binned|488nm Binned,Seq0041
E14,E,14,PLD3_mCherry_reporter_control,True,20,"/Users/pmihack/claire/tmem_2026/data/260213_Feb16recopy_HYdiff_landingpadlines_survival_384well1/20260228_090815_318/260228_day20_WellE14_Channel405nm Binned,561nm Binned,488nm Binned_Seq0041.nd2","260228_day20_WellE14_Channel405nm Binned,561nm Binned,488nm Binned_Seq0041.nd2",49692672,405nm Binned|561nm Binned|488nm Binned,Seq0041
E14,E,14,PLD3_mCherry_reporter_control,True,25,"/Users/pmihack/claire/tmem_2026/data/260213_Feb16recopy_HYdiff_landingpadlines_survival_384well1/20260305_171612_406/260305_day25_iNeurons_WellE14_Channel405nm Binned,561nm Binned,488nm Binned_Seq0041.nd2","260305_day25_iNeurons_WellE14_Channel405nm Binned,561nm Binned,488nm Binned_Seq0041.nd2",49688576,405nm Binned|561nm Binned|488nm Binned,Seq0041
E14,E,14,PLD3_mCherry_reporter_control,True,29,"/Users/pmihack/claire/tmem_2026/data/260213_Feb16recopy_HYdiff_landingpadlines_survival_384well1/20260309_090353_210/260309_Day29_WellE14_Channel405nm Binned,561nm Binned,488nm Binned_Seq0041.nd2","260309_Day29_WellE14_Channel405nm Binned,561nm Binned,488nm Binned_Seq0041.nd2",49688576,405nm Binned|561nm Binned|488nm Binned,Seq0041
E14,E,14,PLD3_mCherry_reporter_control,True,32,"/Users/pmihack/claire/tmem_2026/data/260213_Feb16recopy_HYdiff_landingpadlines_survival_384well1/20260312_083635_497/260312_Day32_WellE14_Channel405nm Binned,561 nm,488nm Binned_Seq0041.nd2","260312_Day32_WellE14_Channel405nm Binned,561 nm,488nm Binned_Seq0041.nd2",49688576,405nm Binned|561 nm|488nm Binned,Seq0041
E14,E,14,PLD3_mCherry_reporter_control,True,36,"/Users/pmihack/claire/tmem_2026/data/260213_Feb16recopy_HYdiff_landingpadlines_survival_384well1/20260316_093139_667/260316_Day36_WellE14_Channel405nm Binned,561nm Binned,488nm Binned_Seq0041.nd2","260316_Day36_WellE14_Channel405nm Binned,561nm Binned,488nm Binned_Seq0041.nd2",49700864,405nm Binned|561nm Binned|488nm Binned,Seq0041
E14,E,14,PLD3_mCherry_reporter_control,True,39,"/Users/pmihack/claire/tmem_2026/data/260213_Feb16recopy_HYdiff_landingpadlines_survival_384well1/20260319_083746_585/260319_Day39_WellE14_Channel405nm Binned,561nm Binned,488nm Binned_Seq0041.nd2","260319_Day39_WellE14_Channel405nm Binned,561nm Binned,488nm Binned_Seq0041.nd2",49692672,405nm Binned|561nm Binned|488nm Binned,Seq0041
E15,E,15,PLD3_mCherry_reporter_control,True,8,"/Users/pmihack/claire/tmem_2026/data/260213_Feb16recopy_HYdiff_landingpadlines_survival_384well1/20260216_084435_959/260216_Day8_iNeurons_WellE15_Channel405nm Binned,561nm Binned,488nm Binned_Seq0042.nd2","260216_Day8_iNeurons_WellE15_Channel405nm Binned,561nm Binned,488nm Binned_Seq0042.nd2",49692672,405nm Binned|561nm Binned|488nm Binned,Seq0042
E15,E,15,PLD3_mCherry_reporter_control,True,12,"/Users/pmihack/claire/tmem_2026/data/260213_Feb16recopy_HYdiff_landingpadlines_survival_384well1/20260220_085237_196/260220_Day12_WellE15_Channel405nm Binned,561nm Binned,488nm Binned_Seq0042.nd2","260220_Day12_WellE15_Channel405nm Binned,561nm Binned,488nm Binned_Seq0042.nd2",49692672,405nm Binned|561nm Binned|488nm Binned,Seq0042
E15,E,15,PLD3_mCherry_reporter_control,True,16,"/Users/pmihack/claire/tmem_2026/data/260213_Feb16recopy_HYdiff_landingpadlines_survival_384well1/20260224_090320_759/260224_day16_WellE15_Channel405nm Binned,561nm Binned,488nm Binned_Seq0042.nd2","260224_day16_WellE15_Channel405nm Binned,561nm Binned,488nm Binned_Seq0042.nd2",49692672,405nm Binned|561nm Binned|488nm Binned,Seq0042
E15,E,15,PLD3_mCherry_reporter_control,True,20,"/Users/pmihack/claire/tmem_2026/data/260213_Feb16recopy_HYdiff_landingpadlines_survival_384well1/20260228_090815_318/260228_day20_WellE15_Channel405nm Binned,561nm Binned,488nm Binned_Seq0042.nd2","260228_day20_WellE15_Channel405nm Binned,561nm Binned,488nm Binned_Seq0042.nd2",49692672,405nm Binned|561nm Binned|488nm Binned,Seq0042
E15,E,15,PLD3_mCherry_reporter_control,True,25,"/Users/pmihack/claire/tmem_2026/data/260213_Feb16recopy_HYdiff_landingpadlines_survival_384well1/20260305_171612_406/260305_day25_iNeurons_WellE15_Channel405nm Binned,561nm Binned,488nm Binned_Seq0042.nd2","260305_day25_iNeurons_WellE15_Channel405nm Binned,561nm Binned,488nm Binned_Seq0042.nd2",49688576,405nm Binned|561nm Binned|488nm Binned,Seq0042
E15,E,15,PLD3_mCherry_reporter_control,True,29,"/Users/pmihack/claire/tmem_2026/data/260213_Feb16recopy_HYdiff_landingpadlines_survival_384well1/20260309_090353_210/260309_Day29_WellE15_Channel405nm Binned,561nm Binned,488nm Binned_Seq0042.nd2","260309_Day29_WellE15_Channel405nm Binned,561nm Binned,488nm Binned_Seq0042.nd2",49688576,405nm Binned|561nm Binned|488nm Binned,Seq0042
E15,E,15,PLD3_mCherry_reporter_control,True,32,"/Users/pmihack/claire/tmem_2026/data/260213_Feb16recopy_HYdiff_landingpadlines_survival_384well1/20260312_083635_497/260312_Day32_WellE15_Channel405nm Binned,561 nm,488nm Binned_Seq0042.nd2","260312_Day32_WellE15_Channel405nm Binned,561 nm,488nm Binned_Seq0042.nd2",49688576,405nm Binned|561 nm|488nm Binned,Seq0042
E15,E,15,PLD3_mCherry_reporter_control,True,36,"/Users/pmihack/claire/tmem_2026/data/260213_Feb16recopy_HYdiff_landingpadlines_survival_384well1/20260316_093139_667/260316_Day36_WellE15_Channel405nm Binned,561nm Binned,488nm Binned_Seq0042.nd2","260316_Day36_WellE15_Channel405nm Binned,561nm Binned,488nm Binned_Seq0042.nd2",49700864,405nm Binned|561nm Binned|488nm Binned,Seq0042
E15,E,15,PLD3_mCherry_reporter_control,True,39,"/Users/pmihack/claire/tmem_2026/data/260213_Feb16recopy_HYdiff_landingpadlines_survival_384well1/20260319_083746_585/260319_Day39_WellE15_Channel405nm Binned,561nm Binned,488nm Binned_Seq0042.nd2","260319_Day39_WellE15_Channel405nm Binned,561nm Binned,488nm Binned_Seq0042.nd2",49692672,405nm Binned|561nm Binned|488nm Binned,Seq0042
E16,E,16,PLD3_mCherry_reporter_control,True,8,"/Users/pmihack/claire/tmem_2026/data/260213_Feb16recopy_HYdiff_landingpadlines_survival_384well1/20260216_084435_959/260216_Day8_iNeurons_WellE16_Channel405nm Binned,561nm Binned,488nm Binned_Seq0043.nd2","260216_Day8_iNeurons_WellE16_Channel405nm Binned,561nm Binned,488nm Binned_Seq0043.nd2",49692672,405nm Binned|561nm Binned|488nm Binned,Seq0043
E16,E,16,PLD3_mCherry_reporter_control,True,12,"/Users/pmihack/claire/tmem_2026/data/260213_Feb16recopy_HYdiff_landingpadlines_survival_384well1/20260220_085237_196/260220_Day12_WellE16_Channel405nm Binned,561nm Binned,488nm Binned_Seq0043.nd2","260220_Day12_WellE16_Channel405nm Binned,561nm Binned,488nm Binned_Seq0043.nd2",49692672,405nm Binned|561nm Binned|488nm Binned,Seq0043
E16,E,16,PLD3_mCherry_reporter_control,True,16,"/Users/pmihack/claire/tmem_2026/data/260213_Feb16recopy_HYdiff_landingpadlines_survival_384well1/20260224_090320_759/260224_day16_WellE16_Channel405nm Binned,561nm Binned,488nm Binned_Seq0043.nd2","260224_day16_WellE16_Channel405nm Binned,561nm Binned,488nm Binned_Seq0043.nd2",49692672,405nm Binned|561nm Binned|488nm Binned,Seq0043
E16,E,16,PLD3_mCherry_reporter_control,True,20,"/Users/pmihack/claire/tmem_2026/data/260213_Feb16recopy_HYdiff_landingpadlines_survival_384well1/20260228_090815_318/260228_day20_WellE16_Channel405nm Binned,561nm Binned,488nm Binned_Seq0043.nd2","260228_day20_WellE16_Channel405nm Binned,561nm Binned,488nm Binned_Seq0043.nd2",49692672,405nm Binned|561nm Binned|488nm Binned,Seq0043
E16,E,16,PLD3_mCherry_reporter_control,True,25,"/Users/pmihack/claire/tmem_2026/data/260213_Feb16recopy_HYdiff_landingpadlines_survival_384well1/20260305_171612_406/260305_day25_iNeurons_WellE16_Channel405nm Binned,561nm Binned,488nm Binned_Seq0043.nd2","260305_day25_iNeurons_WellE16_Channel405nm Binned,561nm Binned,488nm Binned_Seq0043.nd2",49688576,405nm Binned|561nm Binned|488nm Binned,Seq0043
E16,E,16,PLD3_mCherry_reporter_control,True,29,"/Users/pmihack/claire/tmem_2026/data/260213_Feb16recopy_HYdiff_landingpadlines_survival_384well1/20260309_090353_210/260309_Day29_WellE16_Channel405nm Binned,561nm Binned,488nm Binned_Seq0043.nd2","260309_Day29_WellE16_Channel405nm Binned,561nm Binned,488nm Binned_Seq0043.nd2",49688576,405nm Binned|561nm Binned|488nm Binned,Seq0043
E16,E,16,PLD3_mCherry_reporter_control,True,32,"/Users/pmihack/claire/tmem_2026/data/260213_Feb16recopy_HYdiff_landingpadlines_survival_384well1/20260312_083635_497/260312_Day32_WellE16_Channel405nm Binned,561 nm,488nm Binned_Seq0043.nd2","260312_Day32_WellE16_Channel405nm Binned,561 nm,488nm Binned_Seq0043.nd2",49688576,405nm Binned|561 nm|488nm Binned,Seq0043
E16,E,16,PLD3_mCherry_reporter_control,True,36,"/Users/pmihack/claire/tmem_2026/data/260213_Feb16recopy_HYdiff_landingpadlines_survival_384well1/20260316_093139_667/260316_Day36_WellE16_Channel405nm Binned,561nm Binned,488nm Binned_Seq0043.nd2","260316_Day36_WellE16_Channel405nm Binned,561nm Binned,488nm Binned_Seq0043.nd2",49700864,405nm Binned|561nm Binned|488nm Binned,Seq0043
E16,E,16,PLD3_mCherry_reporter_control,True,39,"/Users/pmihack/claire/tmem_2026/data/260213_Feb16recopy_HYdiff_landingpadlines_survival_384well1/20260319_083746_585/260319_Day39_WellE16_Channel405nm Binned,561nm Binned,488nm Binned_Seq0043.nd2","260319_Day39_WellE16_Channel405nm Binned,561nm Binned,488nm Binned_Seq0043.nd2",49692672,405nm Binned|561nm Binned|488nm Binned,Seq0043
E17,E,17,PLD3_mCherry_reporter_control,True,8,"/Users/pmihack/claire/tmem_2026/data/260213_Feb16recopy_HYdiff_landingpadlines_survival_384well1/20260216_084435_959/260216_Day8_iNeurons_WellE17_Channel405nm Binned,561nm Binned,488nm Binned_Seq0044.nd2","260216_Day8_iNeurons_WellE17_Channel405nm Binned,561nm Binned,488nm Binned_Seq0044.nd2",49692672,405nm Binned|561nm Binned|488nm Binned,Seq0044
E17,E,17,PLD3_mCherry_reporter_control,True,12,"/Users/pmihack/claire/tmem_2026/data/260213_Feb16recopy_HYdiff_landingpadlines_survival_384well1/20260220_085237_196/260220_Day12_WellE17_Channel405nm Binned,561nm Binned,488nm Binned_Seq0044.nd2","260220_Day12_WellE17_Channel405nm Binned,561nm Binned,488nm Binned_Seq0044.nd2",49692672,405nm Binned|561nm Binned|488nm Binned,Seq0044
E17,E,17,PLD3_mCherry_reporter_control,True,16,"/Users/pmihack/claire/tmem_2026/data/260213_Feb16recopy_HYdiff_landingpadlines_survival_384well1/20260224_090320_759/260224_day16_WellE17_Channel405nm Binned,561nm Binned,488nm Binned_Seq0044.nd2","260224_day16_WellE17_Channel405nm Binned,561nm Binned,488nm Binned_Seq0044.nd2",49692672,405nm Binned|561nm Binned|488nm Binned,Seq0044
E17,E,17,PLD3_mCherry_reporter_control,True,20,"/Users/pmihack/claire/tmem_2026/data/260213_Feb16recopy_HYdiff_landingpadlines_survival_384well1/20260228_090815_318/260228_day20_WellE17_Channel405nm Binned,561nm Binned,488nm Binned_Seq0044.nd2","260228_day20_WellE17_Channel405nm Binned,561nm Binned,488nm Binned_Seq0044.nd2",49692672,405nm Binned|561nm Binned|488nm Binned,Seq0044
E17,E,17,PLD3_mCherry_reporter_control,True,25,"/Users/pmihack/claire/tmem_2026/data/260213_Feb16recopy_HYdiff_landingpadlines_survival_384well1/20260305_171612_406/260305_day25_iNeurons_WellE17_Channel405nm Binned,561nm Binned,488nm Binned_Seq0044.nd2","260305_day25_iNeurons_WellE17_Channel405nm Binned,561nm Binned,488nm Binned_Seq0044.nd2",49688576,405nm Binned|561nm Binned|488nm Binned,Seq0044
E17,E,17,PLD3_mCherry_reporter_control,True,29,"/Users/pmihack/claire/tmem_2026/data/260213_Feb16recopy_HYdiff_landingpadlines_survival_384well1/20260309_090353_210/260309_Day29_WellE17_Channel405nm Binned,561nm Binned,488nm Binned_Seq0044.nd2","260309_Day29_WellE17_Channel405nm Binned,561nm Binned,488nm Binned_Seq0044.nd2",49688576,405nm Binned|561nm Binned|488nm Binned,Seq0044
E17,E,17,PLD3_mCherry_reporter_control,True,32,"/Users/pmihack/claire/tmem_2026/data/260213_Feb16recopy_HYdiff_landingpadlines_survival_384well1/20260312_083635_497/260312_Day32_WellE17_Channel405nm Binned,561 nm,488nm Binned_Seq0044.nd2","260312_Day32_WellE17_Channel405nm Binned,561 nm,488nm Binned_Seq0044.nd2",49688576,405nm Binned|561 nm|488nm Binned,Seq0044
E17,E,17,PLD3_mCherry_reporter_control,True,36,"/Users/pmihack/claire/tmem_2026/data/260213_Feb16recopy_HYdiff_landingpadlines_survival_384well1/20260316_093139_667/260316_Day36_WellE17_Channel405nm Binned,561nm Binned,488nm Binned_Seq0044.nd2","260316_Day36_WellE17_Channel405nm Binned,561nm Binned,488nm Binned_Seq0044.nd2",49700864,405nm Binned|561nm Binned|488nm Binned,Seq0044
E17,E,17,PLD3_mCherry_reporter_control,True,39,"/Users/pmihack/claire/tmem_2026/data/260213_Feb16recopy_HYdiff_landingpadlines_survival_384well1/20260319_083746_585/260319_Day39_WellE17_Channel405nm Binned,561nm Binned,488nm Binned_Seq0044.nd2","260319_Day39_WellE17_Channel405nm Binned,561nm Binned,488nm Binned_Seq0044.nd2",49692672,405nm Binned|561nm Binned|488nm Binned,Seq0044
E18,E,18,PLD3_mCherry_reporter_control,True,8,"/Users/pmihack/claire/tmem_2026/data/260213_Feb16recopy_HYdiff_landingpadlines_survival_384well1/20260216_084435_959/260216_Day8_iNeurons_WellE18_Channel405nm Binned,561nm Binned,488nm Binned_Seq0045.nd2","260216_Day8_iNeurons_WellE18_Channel405nm Binned,561nm Binned,488nm Binned_Seq0045.nd2",49692672,405nm Binned|561nm Binned|488nm Binned,Seq0045
E18,E,18,PLD3_mCherry_reporter_control,True,12,"/Users/pmihack/claire/tmem_2026/data/260213_Feb16recopy_HYdiff_landingpadlines_survival_384well1/20260220_085237_196/260220_Day12_WellE18_Channel405nm Binned,561nm Binned,488nm Binned_Seq0045.nd2","260220_Day12_WellE18_Channel405nm Binned,561nm Binned,488nm Binned_Seq0045.nd2",49692672,405nm Binned|561nm Binned|488nm Binned,Seq0045
E18,E,18,PLD3_mCherry_reporter_control,True,16,"/Users/pmihack/claire/tmem_2026/data/260213_Feb16recopy_HYdiff_landingpadlines_survival_384well1/20260224_090320_759/260224_day16_WellE18_Channel405nm Binned,561nm Binned,488nm Binned_Seq0045.nd2","260224_day16_WellE18_Channel405nm Binned,561nm Binned,488nm Binned_Seq0045.nd2",49692672,405nm Binned|561nm Binned|488nm Binned,Seq0045
E18,E,18,PLD3_mCherry_reporter_control,True,20,"/Users/pmihack/claire/tmem_2026/data/260213_Feb16recopy_HYdiff_landingpadlines_survival_384well1/20260228_090815_318/260228_day20_WellE18_Channel405nm Binned,561nm Binned,488nm Binned_Seq0045.nd2","260228_day20_WellE18_Channel405nm Binned,561nm Binned,488nm Binned_Seq0045.nd2",49692672,405nm Binned|561nm Binned|488nm Binned,Seq0045
E18,E,18,PLD3_mCherry_reporter_control,True,25,"/Users/pmihack/claire/tmem_2026/data/260213_Feb16recopy_HYdiff_landingpadlines_survival_384well1/20260305_171612_406/260305_day25_iNeurons_WellE18_Channel405nm Binned,561nm Binned,488nm Binned_Seq0045.nd2","260305_day25_iNeurons_WellE18_Channel405nm Binned,561nm Binned,488nm Binned_Seq0045.nd2",49688576,405nm Binned|561nm Binned|488nm Binned,Seq0045
E18,E,18,PLD3_mCherry_reporter_control,True,29,"/Users/pmihack/claire/tmem_2026/data/260213_Feb16recopy_HYdiff_landingpadlines_survival_384well1/20260309_090353_210/260309_Day29_WellE18_Channel405nm Binned,561nm Binned,488nm Binned_Seq0045.nd2","260309_Day29_WellE18_Channel405nm Binned,561nm Binned,488nm Binned_Seq0045.nd2",49688576,405nm Binned|561nm Binned|488nm Binned,Seq0045
E18,E,18,PLD3_mCherry_reporter_control,True,32,"/Users/pmihack/claire/tmem_2026/data/260213_Feb16recopy_HYdiff_landingpadlines_survival_384well1/20260312_083635_497/260312_Day32_WellE18_Channel405nm Binned,561 nm,488nm Binned_Seq0045.nd2","260312_Day32_WellE18_Channel405nm Binned,561 nm,488nm Binned_Seq0045.nd2",49688576,405nm Binned|561 nm|488nm Binned,Seq0045
E18,E,18,PLD3_mCherry_reporter_control,True,36,"/Users/pmihack/claire/tmem_2026/data/260213_Feb16recopy_HYdiff_landingpadlines_survival_384well1/20260316_093139_667/260316_Day36_WellE18_Channel405nm Binned,561nm Binned,488nm Binned_Seq0045.nd2","260316_Day36_WellE18_Channel405nm Binned,561nm Binned,488nm Binned_Seq0045.nd2",49700864,405nm Binned|561nm Binned|488nm Binned,Seq0045
E18,E,18,PLD3_mCherry_reporter_control,True,39,"/Users/pmihack/claire/tmem_2026/data/260213_Feb16recopy_HYdiff_landingpadlines_survival_384well1/20260319_083746_585/260319_Day39_WellE18_Channel405nm Binned,561nm Binned,488nm Binned_Seq0045.nd2","260319_Day39_WellE18_Channel405nm Binned,561nm Binned,488nm Binned_Seq0045.nd2",49692672,405nm Binned|561nm Binned|488nm Binned,Seq0045
E19,E,19,PLD3_mCherry_reporter_control,True,8,"/Users/pmihack/claire/tmem_2026/data/260213_Feb16recopy_HYdiff_landingpadlines_survival_384well1/20260216_084435_959/260216_Day8_iNeurons_WellE19_Channel405nm Binned,561nm Binned,488nm Binned_Seq0046.nd2","260216_Day8_iNeurons_WellE19_Channel405nm Binned,561nm Binned,488nm Binned_Seq0046.nd2",49692672,405nm Binned|561nm Binned|488nm Binned,Seq0046
E19,E,19,PLD3_mCherry_reporter_control,True,12,"/Users/pmihack/claire/tmem_2026/data/260213_Feb16recopy_HYdiff_landingpadlines_survival_384well1/20260220_085237_196/260220_Day12_WellE19_Channel405nm Binned,561nm Binned,488nm Binned_Seq0046.nd2","260220_Day12_WellE19_Channel405nm Binned,561nm Binned,488nm Binned_Seq0046.nd2",49692672,405nm Binned|561nm Binned|488nm Binned,Seq0046
E19,E,19,PLD3_mCherry_reporter_control,True,16,"/Users/pmihack/claire/tmem_2026/data/260213_Feb16recopy_HYdiff_landingpadlines_survival_384well1/20260224_090320_759/260224_day16_WellE19_Channel405nm Binned,561nm Binned,488nm Binned_Seq0046.nd2","260224_day16_WellE19_Channel405nm Binned,561nm Binned,488nm Binned_Seq0046.nd2",49692672,405nm Binned|561nm Binned|488nm Binned,Seq0046
E19,E,19,PLD3_mCherry_reporter_control,True,20,"/Users/pmihack/claire/tmem_2026/data/260213_Feb16recopy_HYdiff_landingpadlines_survival_384well1/20260228_090815_318/260228_day20_WellE19_Channel405nm Binned,561nm Binned,488nm Binned_Seq0046.nd2","260228_day20_WellE19_Channel405nm Binned,561nm Binned,488nm Binned_Seq0046.nd2",49692672,405nm Binned|561nm Binned|488nm Binned,Seq0046
E19,E,19,PLD3_mCherry_reporter_control,True,25,"/Users/pmihack/claire/tmem_2026/data/260213_Feb16recopy_HYdiff_landingpadlines_survival_384well1/20260305_171612_406/260305_day25_iNeurons_WellE19_Channel405nm Binned,561nm Binned,488nm Binned_Seq0046.nd2","260305_day25_iNeurons_WellE19_Channel405nm Binned,561nm Binned,488nm Binned_Seq0046.nd2",49688576,405nm Binned|561nm Binned|488nm Binned,Seq0046
E19,E,19,PLD3_mCherry_reporter_control,True,29,"/Users/pmihack/claire/tmem_2026/data/260213_Feb16recopy_HYdiff_landingpadlines_survival_384well1/20260309_090353_210/260309_Day29_WellE19_Channel405nm Binned,561nm Binned,488nm Binned_Seq0046.nd2","260309_Day29_WellE19_Channel405nm Binned,561nm Binned,488nm Binned_Seq0046.nd2",49688576,405nm Binned|561nm Binned|488nm Binned,Seq0046
E19,E,19,PLD3_mCherry_reporter_control,True,32,"/Users/pmihack/claire/tmem_2026/data/260213_Feb16recopy_HYdiff_landingpadlines_survival_384well1/20260312_083635_497/260312_Day32_WellE19_Channel405nm Binned,561 nm,488nm Binned_Seq0046.nd2","260312_Day32_WellE19_Channel405nm Binned,561 nm,488nm Binned_Seq0046.nd2",49688576,405nm Binned|561 nm|488nm Binned,Seq0046
E19,E,19,PLD3_mCherry_reporter_control,True,36,"/Users/pmihack/claire/tmem_2026/data/260213_Feb16recopy_HYdiff_landingpadlines_survival_384well1/20260316_093139_667/260316_Day36_WellE19_Channel405nm Binned,561nm Binned,488nm Binned_Seq0046.nd2","260316_Day36_WellE19_Channel405nm Binned,561nm Binned,488nm Binned_Seq0046.nd2",49700864,405nm Binned|561nm Binned|488nm Binned,Seq0046
E19,E,19,PLD3_mCherry_reporter_control,True,39,"/Users/pmihack/claire/tmem_2026/data/260213_Feb16recopy_HYdiff_landingpadlines_survival_384well1/20260319_083746_585/260319_Day39_WellE19_Channel405nm Binned,561nm Binned,488nm Binned_Seq0046.nd2","260319_Day39_WellE19_Channel405nm Binned,561nm Binned,488nm Binned_Seq0046.nd2",49692672,405nm Binned|561nm Binned|488nm Binned,Seq0046
E20,E,20,PLD3_mCherry_reporter_control,True,8,"/Users/pmihack/claire/tmem_2026/data/260213_Feb16recopy_HYdiff_landingpadlines_survival_384well1/20260216_084435_959/260216_Day8_iNeurons_WellE20_Channel405nm Binned,561nm Binned,488nm Binned_Seq0047.nd2","260216_Day8_iNeurons_WellE20_Channel405nm Binned,561nm Binned,488nm Binned_Seq0047.nd2",49692672,405nm Binned|561nm Binned|488nm Binned,Seq0047
E20,E,20,PLD3_mCherry_reporter_control,True,12,"/Users/pmihack/claire/tmem_2026/data/260213_Feb16recopy_HYdiff_landingpadlines_survival_384well1/20260220_085237_196/260220_Day12_WellE20_Channel405nm Binned,561nm Binned,488nm Binned_Seq0047.nd2","260220_Day12_WellE20_Channel405nm Binned,561nm Binned,488nm Binned_Seq0047.nd2",49692672,405nm Binned|561nm Binned|488nm Binned,Seq0047
E20,E,20,PLD3_mCherry_reporter_control,True,16,"/Users/pmihack/claire/tmem_2026/data/260213_Feb16recopy_HYdiff_landingpadlines_survival_384well1/20260224_090320_759/260224_day16_WellE20_Channel405nm Binned,561nm Binned,488nm Binned_Seq0047.nd2","260224_day16_WellE20_Channel405nm Binned,561nm Binned,488nm Binned_Seq0047.nd2",49692672,405nm Binned|561nm Binned|488nm Binned,Seq0047
E20,E,20,PLD3_mCherry_reporter_control,True,20,"/Users/pmihack/claire/tmem_2026/data/260213_Feb16recopy_HYdiff_landingpadlines_survival_384well1/20260228_090815_318/260228_day20_WellE20_Channel405nm Binned,561nm Binned,488nm Binned_Seq0047.nd2","260228_day20_WellE20_Channel405nm Binned,561nm Binned,488nm Binned_Seq0047.nd2",49692672,405nm Binned|561nm Binned|488nm Binned,Seq0047
E20,E,20,PLD3_mCherry_reporter_control,True,25,"/Users/pmihack/claire/tmem_2026/data/260213_Feb16recopy_HYdiff_landingpadlines_survival_384well1/20260305_171612_406/260305_day25_iNeurons_WellE20_Channel405nm Binned,561nm Binned,488nm Binned_Seq0047.nd2","260305_day25_iNeurons_WellE20_Channel405nm Binned,561nm Binned,488nm Binned_Seq0047.nd2",49688576,405nm Binned|561nm Binned|488nm Binned,Seq0047
E20,E,20,PLD3_mCherry_reporter_control,True,29,"/Users/pmihack/claire/tmem_2026/data/260213_Feb16recopy_HYdiff_landingpadlines_survival_384well1/20260309_090353_210/260309_Day29_WellE20_Channel405nm Binned,561nm Binned,488nm Binned_Seq0047.nd2","260309_Day29_WellE20_Channel405nm Binned,561nm Binned,488nm Binned_Seq0047.nd2",49688576,405nm Binned|561nm Binned|488nm Binned,Seq0047
E20,E,20,PLD3_mCherry_reporter_control,True,32,"/Users/pmihack/claire/tmem_2026/data/260213_Feb16recopy_HYdiff_landingpadlines_survival_384well1/20260312_083635_497/260312_Day32_WellE20_Channel405nm Binned,561 nm,488nm Binned_Seq0047.nd2","260312_Day32_WellE20_Channel405nm Binned,561 nm,488nm Binned_Seq0047.nd2",49688576,405nm Binned|561 nm|488nm Binned,Seq0047
E20,E,20,PLD3_mCherry_reporter_control,True,36,"/Users/pmihack/claire/tmem_2026/data/260213_Feb16recopy_HYdiff_landingpadlines_survival_384well1/20260316_093139_667/260316_Day36_WellE20_Channel405nm Binned,561nm Binned,488nm Binned_Seq0047.nd2","260316_Day36_WellE20_Channel405nm Binned,561nm Binned,488nm Binned_Seq0047.nd2",49700864,405nm Binned|561nm Binned|488nm Binned,Seq0047
E20,E,20,PLD3_mCherry_reporter_control,True,39,"/Users/pmihack/claire/tmem_2026/data/260213_Feb16recopy_HYdiff_landingpadlines_survival_384well1/20260319_083746_585/260319_Day39_WellE20_Channel405nm Binned,561nm Binned,488nm Binned_Seq0047.nd2","260319_Day39_WellE20_Channel405nm Binned,561nm Binned,488nm Binned_Seq0047.nd2",49692672,405nm Binned|561nm Binned|488nm Binned,Seq0047
F05,F,05,PLD3_TMEM106B_mCherry_primary,True,8,"/Users/pmihack/claire/tmem_2026/data/260213_Feb16recopy_HYdiff_landingpadlines_survival_384well1/20260216_084435_959/260216_Day8_iNeurons_WellF05_Channel405nm Binned,561nm Binned,488nm Binned_Seq0048.nd2","260216_Day8_iNeurons_WellF05_Channel405nm Binned,561nm Binned,488nm Binned_Seq0048.nd2",49692672,405nm Binned|561nm Binned|488nm Binned,Seq0048
F05,F,05,PLD3_TMEM106B_mCherry_primary,True,12,"/Users/pmihack/claire/tmem_2026/data/260213_Feb16recopy_HYdiff_landingpadlines_survival_384well1/20260220_085237_196/260220_Day12_WellF05_Channel405nm Binned,561nm Binned,488nm Binned_Seq0048.nd2","260220_Day12_WellF05_Channel405nm Binned,561nm Binned,488nm Binned_Seq0048.nd2",49692672,405nm Binned|561nm Binned|488nm Binned,Seq0048
F05,F,05,PLD3_TMEM106B_mCherry_primary,True,16,"/Users/pmihack/claire/tmem_2026/data/260213_Feb16recopy_HYdiff_landingpadlines_survival_384well1/20260224_090320_759/260224_day16_WellF05_Channel405nm Binned,561nm Binned,488nm Binned_Seq0048.nd2","260224_day16_WellF05_Channel405nm Binned,561nm Binned,488nm Binned_Seq0048.nd2",49692672,405nm Binned|561nm Binned|488nm Binned,Seq0048
F05,F,05,PLD3_TMEM106B_mCherry_primary,True,20,"/Users/pmihack/claire/tmem_2026/data/260213_Feb16recopy_HYdiff_landingpadlines_survival_384well1/20260228_090815_318/260228_day20_WellF05_Channel405nm Binned,561nm Binned,488nm Binned_Seq0048.nd2","260228_day20_WellF05_Channel405nm Binned,561nm Binned,488nm Binned_Seq0048.nd2",49692672,405nm Binned|561nm Binned|488nm Binned,Seq0048
F05,F,05,PLD3_TMEM106B_mCherry_primary,True,25,"/Users/pmihack/claire/tmem_2026/data/260213_Feb16recopy_HYdiff_landingpadlines_survival_384well1/20260305_171612_406/260305_day25_iNeurons_WellF05_Channel405nm Binned,561nm Binned,488nm Binned_Seq0048.nd2","260305_day25_iNeurons_WellF05_Channel405nm Binned,561nm Binned,488nm Binned_Seq0048.nd2",49688576,405nm Binned|561nm Binned|488nm Binned,Seq0048
F05,F,05,PLD3_TMEM106B_mCherry_primary,True,29,"/Users/pmihack/claire/tmem_2026/data/260213_Feb16recopy_HYdiff_landingpadlines_survival_384well1/20260309_090353_210/260309_Day29_WellF05_Channel405nm Binned,561nm Binned,488nm Binned_Seq0048.nd2","260309_Day29_WellF05_Channel405nm Binned,561nm Binned,488nm Binned_Seq0048.nd2",49688576,405nm Binned|561nm Binned|488nm Binned,Seq0048
F05,F,05,PLD3_TMEM106B_mCherry_primary,True,32,"/Users/pmihack/claire/tmem_2026/data/260213_Feb16recopy_HYdiff_landingpadlines_survival_384well1/20260312_083635_497/260312_Day32_WellF05_Channel405nm Binned,561 nm,488nm Binned_Seq0048.nd2","260312_Day32_WellF05_Channel405nm Binned,561 nm,488nm Binned_Seq0048.nd2",49688576,405nm Binned|561 nm|488nm Binned,Seq0048
F05,F,05,PLD3_TMEM106B_mCherry_primary,True,36,"/Users/pmihack/claire/tmem_2026/data/260213_Feb16recopy_HYdiff_landingpadlines_survival_384well1/20260316_093139_667/260316_Day36_WellF05_Channel405nm Binned,561nm Binned,488nm Binned_Seq0048.nd2","260316_Day36_WellF05_Channel405nm Binned,561nm Binned,488nm Binned_Seq0048.nd2",49700864,405nm Binned|561nm Binned|488nm Binned,Seq0048
F05,F,05,PLD3_TMEM106B_mCherry_primary,True,39,"/Users/pmihack/claire/tmem_2026/data/260213_Feb16recopy_HYdiff_landingpadlines_survival_384well1/20260319_083746_585/260319_Day39_WellF05_Channel405nm Binned,561nm Binned,488nm Binned_Seq0048.nd2","260319_Day39_WellF05_Channel405nm Binned,561nm Binned,488nm Binned_Seq0048.nd2",49692672,405nm Binned|561nm Binned|488nm Binned,Seq0048
F06,F,06,PLD3_TMEM106B_mCherry_primary,True,8,"/Users/pmihack/claire/tmem_2026/data/260213_Feb16recopy_HYdiff_landingpadlines_survival_384well1/20260216_084435_959/260216_Day8_iNeurons_WellF06_Channel405nm Binned,561nm Binned,488nm Binned_Seq0049.nd2","260216_Day8_iNeurons_WellF06_Channel405nm Binned,561nm Binned,488nm Binned_Seq0049.nd2",49692672,405nm Binned|561nm Binned|488nm Binned,Seq0049
F06,F,06,PLD3_TMEM106B_mCherry_primary,True,12,"/Users/pmihack/claire/tmem_2026/data/260213_Feb16recopy_HYdiff_landingpadlines_survival_384well1/20260220_085237_196/260220_Day12_WellF06_Channel405nm Binned,561nm Binned,488nm Binned_Seq0049.nd2","260220_Day12_WellF06_Channel405nm Binned,561nm Binned,488nm Binned_Seq0049.nd2",49692672,405nm Binned|561nm Binned|488nm Binned,Seq0049
F06,F,06,PLD3_TMEM106B_mCherry_primary,True,16,"/Users/pmihack/claire/tmem_2026/data/260213_Feb16recopy_HYdiff_landingpadlines_survival_384well1/20260224_090320_759/260224_day16_WellF06_Channel405nm Binned,561nm Binned,488nm Binned_Seq0049.nd2","260224_day16_WellF06_Channel405nm Binned,561nm Binned,488nm Binned_Seq0049.nd2",49692672,405nm Binned|561nm Binned|488nm Binned,Seq0049
F06,F,06,PLD3_TMEM106B_mCherry_primary,True,20,"/Users/pmihack/claire/tmem_2026/data/260213_Feb16recopy_HYdiff_landingpadlines_survival_384well1/20260228_090815_318/260228_day20_WellF06_Channel405nm Binned,561nm Binned,488nm Binned_Seq0049.nd2","260228_day20_WellF06_Channel405nm Binned,561nm Binned,488nm Binned_Seq0049.nd2",49692672,405nm Binned|561nm Binned|488nm Binned,Seq0049
F06,F,06,PLD3_TMEM106B_mCherry_primary,True,25,"/Users/pmihack/claire/tmem_2026/data/260213_Feb16recopy_HYdiff_landingpadlines_survival_384well1/20260305_171612_406/260305_day25_iNeurons_WellF06_Channel405nm Binned,561nm Binned,488nm Binned_Seq0049.nd2","260305_day25_iNeurons_WellF06_Channel405nm Binned,561nm Binned,488nm Binned_Seq0049.nd2",49688576,405nm Binned|561nm Binned|488nm Binned,Seq0049
F06,F,06,PLD3_TMEM106B_mCherry_primary,True,29,"/Users/pmihack/claire/tmem_2026/data/260213_Feb16recopy_HYdiff_landingpadlines_survival_384well1/20260309_090353_210/260309_Day29_WellF06_Channel405nm Binned,561nm Binned,488nm Binned_Seq0049.nd2","260309_Day29_WellF06_Channel405nm Binned,561nm Binned,488nm Binned_Seq0049.nd2",49688576,405nm Binned|561nm Binned|488nm Binned,Seq0049
F06,F,06,PLD3_TMEM106B_mCherry_primary,True,32,"/Users/pmihack/claire/tmem_2026/data/260213_Feb16recopy_HYdiff_landingpadlines_survival_384well1/20260312_083635_497/260312_Day32_WellF06_Channel405nm Binned,561 nm,488nm Binned_Seq0049.nd2","260312_Day32_WellF06_Channel405nm Binned,561 nm,488nm Binned_Seq0049.nd2",49688576,405nm Binned|561 nm|488nm Binned,Seq0049
F06,F,06,PLD3_TMEM106B_mCherry_primary,True,36,"/Users/pmihack/claire/tmem_2026/data/260213_Feb16recopy_HYdiff_landingpadlines_survival_384well1/20260316_093139_667/260316_Day36_WellF06_Channel405nm Binned,561nm Binned,488nm Binned_Seq0049.nd2","260316_Day36_WellF06_Channel405nm Binned,561nm Binned,488nm Binned_Seq0049.nd2",49700864,405nm Binned|561nm Binned|488nm Binned,Seq0049
F06,F,06,PLD3_TMEM106B_mCherry_primary,True,39,"/Users/pmihack/claire/tmem_2026/data/260213_Feb16recopy_HYdiff_landingpadlines_survival_384well1/20260319_083746_585/260319_Day39_WellF06_Channel405nm Binned,561nm Binned,488nm Binned_Seq0049.nd2","260319_Day39_WellF06_Channel405nm Binned,561nm Binned,488nm Binned_Seq0049.nd2",49692672,405nm Binned|561nm Binned|488nm Binned,Seq0049
F07,F,07,PLD3_TMEM106B_mCherry_primary,True,8,"/Users/pmihack/claire/tmem_2026/data/260213_Feb16recopy_HYdiff_landingpadlines_survival_384well1/20260216_084435_959/260216_Day8_iNeurons_WellF07_Channel405nm Binned,561nm Binned,488nm Binned_Seq0050.nd2","260216_Day8_iNeurons_WellF07_Channel405nm Binned,561nm Binned,488nm Binned_Seq0050.nd2",49692672,405nm Binned|561nm Binned|488nm Binned,Seq0050
F07,F,07,PLD3_TMEM106B_mCherry_primary,True,12,"/Users/pmihack/claire/tmem_2026/data/260213_Feb16recopy_HYdiff_landingpadlines_survival_384well1/20260220_085237_196/260220_Day12_WellF07_Channel405nm Binned,561nm Binned,488nm Binned_Seq0050.nd2","260220_Day12_WellF07_Channel405nm Binned,561nm Binned,488nm Binned_Seq0050.nd2",49692672,405nm Binned|561nm Binned|488nm Binned,Seq0050
F07,F,07,PLD3_TMEM106B_mCherry_primary,True,16,"/Users/pmihack/claire/tmem_2026/data/260213_Feb16recopy_HYdiff_landingpadlines_survival_384well1/20260224_090320_759/260224_day16_WellF07_Channel405nm Binned,561nm Binned,488nm Binned_Seq0050.nd2","260224_day16_WellF07_Channel405nm Binned,561nm Binned,488nm Binned_Seq0050.nd2",49692672,405nm Binned|561nm Binned|488nm Binned,Seq0050
F07,F,07,PLD3_TMEM106B_mCherry_primary,True,20,"/Users/pmihack/claire/tmem_2026/data/260213_Feb16recopy_HYdiff_landingpadlines_survival_384well1/20260228_090815_318/260228_day20_WellF07_Channel405nm Binned,561nm Binned,488nm Binned_Seq0050.nd2","260228_day20_WellF07_Channel405nm Binned,561nm Binned,488nm Binned_Seq0050.nd2",49692672,405nm Binned|561nm Binned|488nm Binned,Seq0050
F07,F,07,PLD3_TMEM106B_mCherry_primary,True,25,"/Users/pmihack/claire/tmem_2026/data/260213_Feb16recopy_HYdiff_landingpadlines_survival_384well1/20260305_171612_406/260305_day25_iNeurons_WellF07_Channel405nm Binned,561nm Binned,488nm Binned_Seq0050.nd2","260305_day25_iNeurons_WellF07_Channel405nm Binned,561nm Binned,488nm Binned_Seq0050.nd2",49688576,405nm Binned|561nm Binned|488nm Binned,Seq0050
F07,F,07,PLD3_TMEM106B_mCherry_primary,True,29,"/Users/pmihack/claire/tmem_2026/data/260213_Feb16recopy_HYdiff_landingpadlines_survival_384well1/20260309_090353_210/260309_Day29_WellF07_Channel405nm Binned,561nm Binned,488nm Binned_Seq0050.nd2","260309_Day29_WellF07_Channel405nm Binned,561nm Binned,488nm Binned_Seq0050.nd2",49688576,405nm Binned|561nm Binned|488nm Binned,Seq0050
F07,F,07,PLD3_TMEM106B_mCherry_primary,True,32,"/Users/pmihack/claire/tmem_2026/data/260213_Feb16recopy_HYdiff_landingpadlines_survival_384well1/20260312_083635_497/260312_Day32_WellF07_Channel405nm Binned,561 nm,488nm Binned_Seq0050.nd2","260312_Day32_WellF07_Channel405nm Binned,561 nm,488nm Binned_Seq0050.nd2",49688576,405nm Binned|561 nm|488nm Binned,Seq0050
F07,F,07,PLD3_TMEM106B_mCherry_primary,True,36,"/Users/pmihack/claire/tmem_2026/data/260213_Feb16recopy_HYdiff_landingpadlines_survival_384well1/20260316_093139_667/260316_Day36_WellF07_Channel405nm Binned,561nm Binned,488nm Binned_Seq0050.nd2","260316_Day36_WellF07_Channel405nm Binned,561nm Binned,488nm Binned_Seq0050.nd2",49700864,405nm Binned|561nm Binned|488nm Binned,Seq0050
F07,F,07,PLD3_TMEM106B_mCherry_primary,True,39,"/Users/pmihack/claire/tmem_2026/data/260213_Feb16recopy_HYdiff_landingpadlines_survival_384well1/20260319_083746_585/260319_Day39_WellF07_Channel405nm Binned,561nm Binned,488nm Binned_Seq0050.nd2","260319_Day39_WellF07_Channel405nm Binned,561nm Binned,488nm Binned_Seq0050.nd2",49692672,405nm Binned|561nm Binned|488nm Binned,Seq0050
F08,F,08,PLD3_TMEM106B_mCherry_primary,True,8,"/Users/pmihack/claire/tmem_2026/data/260213_Feb16recopy_HYdiff_landingpadlines_survival_384well1/20260216_084435_959/260216_Day8_iNeurons_WellF08_Channel405nm Binned,561nm Binned,488nm Binned_Seq0051.nd2","260216_Day8_iNeurons_WellF08_Channel405nm Binned,561nm Binned,488nm Binned_Seq0051.nd2",49692672,405nm Binned|561nm Binned|488nm Binned,Seq0051
F08,F,08,PLD3_TMEM106B_mCherry_primary,True,12,"/Users/pmihack/claire/tmem_2026/data/260213_Feb16recopy_HYdiff_landingpadlines_survival_384well1/20260220_085237_196/260220_Day12_WellF08_Channel405nm Binned,561nm Binned,488nm Binned_Seq0051.nd2","260220_Day12_WellF08_Channel405nm Binned,561nm Binned,488nm Binned_Seq0051.nd2",49692672,405nm Binned|561nm Binned|488nm Binned,Seq0051
F08,F,08,PLD3_TMEM106B_mCherry_primary,True,16,"/Users/pmihack/claire/tmem_2026/data/260213_Feb16recopy_HYdiff_landingpadlines_survival_384well1/20260224_090320_759/260224_day16_WellF08_Channel405nm Binned,561nm Binned,488nm Binned_Seq0051.nd2","260224_day16_WellF08_Channel405nm Binned,561nm Binned,488nm Binned_Seq0051.nd2",49692672,405nm Binned|561nm Binned|488nm Binned,Seq0051
F08,F,08,PLD3_TMEM106B_mCherry_primary,True,20,"/Users/pmihack/claire/tmem_2026/data/260213_Feb16recopy_HYdiff_landingpadlines_survival_384well1/20260228_090815_318/260228_day20_WellF08_Channel405nm Binned,561nm Binned,488nm Binned_Seq0051.nd2","260228_day20_WellF08_Channel405nm Binned,561nm Binned,488nm Binned_Seq0051.nd2",49692672,405nm Binned|561nm Binned|488nm Binned,Seq0051
F08,F,08,PLD3_TMEM106B_mCherry_primary,True,25,"/Users/pmihack/claire/tmem_2026/data/260213_Feb16recopy_HYdiff_landingpadlines_survival_384well1/20260305_171612_406/260305_day25_iNeurons_WellF08_Channel405nm Binned,561nm Binned,488nm Binned_Seq0051.nd2","260305_day25_iNeurons_WellF08_Channel405nm Binned,561nm Binned,488nm Binned_Seq0051.nd2",49688576,405nm Binned|561nm Binned|488nm Binned,Seq0051
F08,F,08,PLD3_TMEM106B_mCherry_primary,True,29,"/Users/pmihack/claire/tmem_2026/data/260213_Feb16recopy_HYdiff_landingpadlines_survival_384well1/20260309_090353_210/260309_Day29_WellF08_Channel405nm Binned,561nm Binned,488nm Binned_Seq0051.nd2","260309_Day29_WellF08_Channel405nm Binned,561nm Binned,488nm Binned_Seq0051.nd2",49688576,405nm Binned|561nm Binned|488nm Binned,Seq0051
F08,F,08,PLD3_TMEM106B_mCherry_primary,True,32,"/Users/pmihack/claire/tmem_2026/data/260213_Feb16recopy_HYdiff_landingpadlines_survival_384well1/20260312_083635_497/260312_Day32_WellF08_Channel405nm Binned,561 nm,488nm Binned_Seq0051.nd2","260312_Day32_WellF08_Channel405nm Binned,561 nm,488nm Binned_Seq0051.nd2",49688576,405nm Binned|561 nm|488nm Binned,Seq0051
F08,F,08,PLD3_TMEM106B_mCherry_primary,True,36,"/Users/pmihack/claire/tmem_2026/data/260213_Feb16recopy_HYdiff_landingpadlines_survival_384well1/20260316_093139_667/260316_Day36_WellF08_Channel405nm Binned,561nm Binned,488nm Binned_Seq0051.nd2","260316_Day36_WellF08_Channel405nm Binned,561nm Binned,488nm Binned_Seq0051.nd2",49700864,405nm Binned|561nm Binned|488nm Binned,Seq0051
F08,F,08,PLD3_TMEM106B_mCherry_primary,True,39,"/Users/pmihack/claire/tmem_2026/data/260213_Feb16recopy_HYdiff_landingpadlines_survival_384well1/20260319_083746_585/260319_Day39_WellF08_Channel405nm Binned,561nm Binned,488nm Binned_Seq0051.nd2","260319_Day39_WellF08_Channel405nm Binned,561nm Binned,488nm Binned_Seq0051.nd2",49692672,405nm Binned|561nm Binned|488nm Binned,Seq0051
F09,F,09,PLD3_TMEM106B_mCherry_primary,True,8,"/Users/pmihack/claire/tmem_2026/data/260213_Feb16recopy_HYdiff_landingpadlines_survival_384well1/20260216_084435_959/260216_Day8_iNeurons_WellF09_Channel405nm Binned,561nm Binned,488nm Binned_Seq0052.nd2","260216_Day8_iNeurons_WellF09_Channel405nm Binned,561nm Binned,488nm Binned_Seq0052.nd2",49692672,405nm Binned|561nm Binned|488nm Binned,Seq0052
F09,F,09,PLD3_TMEM106B_mCherry_primary,True,12,"/Users/pmihack/claire/tmem_2026/data/260213_Feb16recopy_HYdiff_landingpadlines_survival_384well1/20260220_085237_196/260220_Day12_WellF09_Channel405nm Binned,561nm Binned,488nm Binned_Seq0052.nd2","260220_Day12_WellF09_Channel405nm Binned,561nm Binned,488nm Binned_Seq0052.nd2",49692672,405nm Binned|561nm Binned|488nm Binned,Seq0052
F09,F,09,PLD3_TMEM106B_mCherry_primary,True,16,"/Users/pmihack/claire/tmem_2026/data/260213_Feb16recopy_HYdiff_landingpadlines_survival_384well1/20260224_090320_759/260224_day16_WellF09_Channel405nm Binned,561nm Binned,488nm Binned_Seq0052.nd2","260224_day16_WellF09_Channel405nm Binned,561nm Binned,488nm Binned_Seq0052.nd2",49692672,405nm Binned|561nm Binned|488nm Binned,Seq0052
F09,F,09,PLD3_TMEM106B_mCherry_primary,True,20,"/Users/pmihack/claire/tmem_2026/data/260213_Feb16recopy_HYdiff_landingpadlines_survival_384well1/20260228_090815_318/260228_day20_WellF09_Channel405nm Binned,561nm Binned,488nm Binned_Seq0052.nd2","260228_day20_WellF09_Channel405nm Binned,561nm Binned,488nm Binned_Seq0052.nd2",49692672,405nm Binned|561nm Binned|488nm Binned,Seq0052
F09,F,09,PLD3_TMEM106B_mCherry_primary,True,25,"/Users/pmihack/claire/tmem_2026/data/260213_Feb16recopy_HYdiff_landingpadlines_survival_384well1/20260305_171612_406/260305_day25_iNeurons_WellF09_Channel405nm Binned,561nm Binned,488nm Binned_Seq0052.nd2","260305_day25_iNeurons_WellF09_Channel405nm Binned,561nm Binned,488nm Binned_Seq0052.nd2",49688576,405nm Binned|561nm Binned|488nm Binned,Seq0052
F09,F,09,PLD3_TMEM106B_mCherry_primary,True,29,"/Users/pmihack/claire/tmem_2026/data/260213_Feb16recopy_HYdiff_landingpadlines_survival_384well1/20260309_090353_210/260309_Day29_WellF09_Channel405nm Binned,561nm Binned,488nm Binned_Seq0052.nd2","260309_Day29_WellF09_Channel405nm Binned,561nm Binned,488nm Binned_Seq0052.nd2",49688576,405nm Binned|561nm Binned|488nm Binned,Seq0052
F09,F,09,PLD3_TMEM106B_mCherry_primary,True,32,"/Users/pmihack/claire/tmem_2026/data/260213_Feb16recopy_HYdiff_landingpadlines_survival_384well1/20260312_083635_497/260312_Day32_WellF09_Channel405nm Binned,561 nm,488nm Binned_Seq0052.nd2","260312_Day32_WellF09_Channel405nm Binned,561 nm,488nm Binned_Seq0052.nd2",49688576,405nm Binned|561 nm|488nm Binned,Seq0052
F09,F,09,PLD3_TMEM106B_mCherry_primary,True,36,"/Users/pmihack/claire/tmem_2026/data/260213_Feb16recopy_HYdiff_landingpadlines_survival_384well1/20260316_093139_667/260316_Day36_WellF09_Channel405nm Binned,561nm Binned,488nm Binned_Seq0052.nd2","260316_Day36_WellF09_Channel405nm Binned,561nm Binned,488nm Binned_Seq0052.nd2",49700864,405nm Binned|561nm Binned|488nm Binned,Seq0052
F09,F,09,PLD3_TMEM106B_mCherry_primary,True,39,"/Users/pmihack/claire/tmem_2026/data/260213_Feb16recopy_HYdiff_landingpadlines_survival_384well1/20260319_083746_585/260319_Day39_WellF09_Channel405nm Binned,561nm Binned,488nm Binned_Seq0052.nd2","260319_Day39_WellF09_Channel405nm Binned,561nm Binned,488nm Binned_Seq0052.nd2",49692672,405nm Binned|561nm Binned|488nm Binned,Seq0052
F10,F,10,PLD3_TMEM106B_mCherry_primary,True,8,"/Users/pmihack/claire/tmem_2026/data/260213_Feb16recopy_HYdiff_landingpadlines_survival_384well1/20260216_084435_959/260216_Day8_iNeurons_WellF10_Channel405nm Binned,561nm Binned,488nm Binned_Seq0053.nd2","260216_Day8_iNeurons_WellF10_Channel405nm Binned,561nm Binned,488nm Binned_Seq0053.nd2",49692672,405nm Binned|561nm Binned|488nm Binned,Seq0053
F10,F,10,PLD3_TMEM106B_mCherry_primary,True,12,"/Users/pmihack/claire/tmem_2026/data/260213_Feb16recopy_HYdiff_landingpadlines_survival_384well1/20260220_085237_196/260220_Day12_WellF10_Channel405nm Binned,561nm Binned,488nm Binned_Seq0053.nd2","260220_Day12_WellF10_Channel405nm Binned,561nm Binned,488nm Binned_Seq0053.nd2",49692672,405nm Binned|561nm Binned|488nm Binned,Seq0053
F10,F,10,PLD3_TMEM106B_mCherry_primary,True,16,"/Users/pmihack/claire/tmem_2026/data/260213_Feb16recopy_HYdiff_landingpadlines_survival_384well1/20260224_090320_759/260224_day16_WellF10_Channel405nm Binned,561nm Binned,488nm Binned_Seq0053.nd2","260224_day16_WellF10_Channel405nm Binned,561nm Binned,488nm Binned_Seq0053.nd2",49692672,405nm Binned|561nm Binned|488nm Binned,Seq0053
F10,F,10,PLD3_TMEM106B_mCherry_primary,True,20,"/Users/pmihack/claire/tmem_2026/data/260213_Feb16recopy_HYdiff_landingpadlines_survival_384well1/20260228_090815_318/260228_day20_WellF10_Channel405nm Binned,561nm Binned,488nm Binned_Seq0053.nd2","260228_day20_WellF10_Channel405nm Binned,561nm Binned,488nm Binned_Seq0053.nd2",49692672,405nm Binned|561nm Binned|488nm Binned,Seq0053
F10,F,10,PLD3_TMEM106B_mCherry_primary,True,25,"/Users/pmihack/claire/tmem_2026/data/260213_Feb16recopy_HYdiff_landingpadlines_survival_384well1/20260305_171612_406/260305_day25_iNeurons_WellF10_Channel405nm Binned,561nm Binned,488nm Binned_Seq0053.nd2","260305_day25_iNeurons_WellF10_Channel405nm Binned,561nm Binned,488nm Binned_Seq0053.nd2",49688576,405nm Binned|561nm Binned|488nm Binned,Seq0053
F10,F,10,PLD3_TMEM106B_mCherry_primary,True,29,"/Users/pmihack/claire/tmem_2026/data/260213_Feb16recopy_HYdiff_landingpadlines_survival_384well1/20260309_090353_210/260309_Day29_WellF10_Channel405nm Binned,561nm Binned,488nm Binned_Seq0053.nd2","260309_Day29_WellF10_Channel405nm Binned,561nm Binned,488nm Binned_Seq0053.nd2",49688576,405nm Binned|561nm Binned|488nm Binned,Seq0053
F10,F,10,PLD3_TMEM106B_mCherry_primary,True,32,"/Users/pmihack/claire/tmem_2026/data/260213_Feb16recopy_HYdiff_landingpadlines_survival_384well1/20260312_083635_497/260312_Day32_WellF10_Channel405nm Binned,561 nm,488nm Binned_Seq0053.nd2","260312_Day32_WellF10_Channel405nm Binned,561 nm,488nm Binned_Seq0053.nd2",49688576,405nm Binned|561 nm|488nm Binned,Seq0053
F10,F,10,PLD3_TMEM106B_mCherry_primary,True,36,"/Users/pmihack/claire/tmem_2026/data/260213_Feb16recopy_HYdiff_landingpadlines_survival_384well1/20260316_093139_667/260316_Day36_WellF10_Channel405nm Binned,561nm Binned,488nm Binned_Seq0053.nd2","260316_Day36_WellF10_Channel405nm Binned,561nm Binned,488nm Binned_Seq0053.nd2",49700864,405nm Binned|561nm Binned|488nm Binned,Seq0053
F10,F,10,PLD3_TMEM106B_mCherry_primary,True,39,"/Users/pmihack/claire/tmem_2026/data/260213_Feb16recopy_HYdiff_landingpadlines_survival_384well1/20260319_083746_585/260319_Day39_WellF10_Channel405nm Binned,561nm Binned,488nm Binned_Seq0053.nd2","260319_Day39_WellF10_Channel405nm Binned,561nm Binned,488nm Binned_Seq0053.nd2",49692672,405nm Binned|561nm Binned|488nm Binned,Seq0053
F11,F,11,PLD3_TMEM106B_mCherry_primary,True,8,"/Users/pmihack/claire/tmem_2026/data/260213_Feb16recopy_HYdiff_landingpadlines_survival_384well1/20260216_084435_959/260216_Day8_iNeurons_WellF11_Channel405nm Binned,561nm Binned,488nm Binned_Seq0054.nd2","260216_Day8_iNeurons_WellF11_Channel405nm Binned,561nm Binned,488nm Binned_Seq0054.nd2",49692672,405nm Binned|561nm Binned|488nm Binned,Seq0054
F11,F,11,PLD3_TMEM106B_mCherry_primary,True,12,"/Users/pmihack/claire/tmem_2026/data/260213_Feb16recopy_HYdiff_landingpadlines_survival_384well1/20260220_085237_196/260220_Day12_WellF11_Channel405nm Binned,561nm Binned,488nm Binned_Seq0054.nd2","260220_Day12_WellF11_Channel405nm Binned,561nm Binned,488nm Binned_Seq0054.nd2",49692672,405nm Binned|561nm Binned|488nm Binned,Seq0054
F11,F,11,PLD3_TMEM106B_mCherry_primary,True,16,"/Users/pmihack/claire/tmem_2026/data/260213_Feb16recopy_HYdiff_landingpadlines_survival_384well1/20260224_090320_759/260224_day16_WellF11_Channel405nm Binned,561nm Binned,488nm Binned_Seq0054.nd2","260224_day16_WellF11_Channel405nm Binned,561nm Binned,488nm Binned_Seq0054.nd2",49692672,405nm Binned|561nm Binned|488nm Binned,Seq0054
F11,F,11,PLD3_TMEM106B_mCherry_primary,True,20,"/Users/pmihack/claire/tmem_2026/data/260213_Feb16recopy_HYdiff_landingpadlines_survival_384well1/20260228_090815_318/260228_day20_WellF11_Channel405nm Binned,561nm Binned,488nm Binned_Seq0054.nd2","260228_day20_WellF11_Channel405nm Binned,561nm Binned,488nm Binned_Seq0054.nd2",49692672,405nm Binned|561nm Binned|488nm Binned,Seq0054
F11,F,11,PLD3_TMEM106B_mCherry_primary,True,25,"/Users/pmihack/claire/tmem_2026/data/260213_Feb16recopy_HYdiff_landingpadlines_survival_384well1/20260305_171612_406/260305_day25_iNeurons_WellF11_Channel405nm Binned,561nm Binned,488nm Binned_Seq0054.nd2","260305_day25_iNeurons_WellF11_Channel405nm Binned,561nm Binned,488nm Binned_Seq0054.nd2",49688576,405nm Binned|561nm Binned|488nm Binned,Seq0054
F11,F,11,PLD3_TMEM106B_mCherry_primary,True,29,"/Users/pmihack/claire/tmem_2026/data/260213_Feb16recopy_HYdiff_landingpadlines_survival_384well1/20260309_090353_210/260309_Day29_WellF11_Channel405nm Binned,561nm Binned,488nm Binned_Seq0054.nd2","260309_Day29_WellF11_Channel405nm Binned,561nm Binned,488nm Binned_Seq0054.nd2",49688576,405nm Binned|561nm Binned|488nm Binned,Seq0054
F11,F,11,PLD3_TMEM106B_mCherry_primary,True,32,"/Users/pmihack/claire/tmem_2026/data/260213_Feb16recopy_HYdiff_landingpadlines_survival_384well1/20260312_083635_497/260312_Day32_WellF11_Channel405nm Binned,561 nm,488nm Binned_Seq0054.nd2","260312_Day32_WellF11_Channel405nm Binned,561 nm,488nm Binned_Seq0054.nd2",49688576,405nm Binned|561 nm|488nm Binned,Seq0054
F11,F,11,PLD3_TMEM106B_mCherry_primary,True,36,"/Users/pmihack/claire/tmem_2026/data/260213_Feb16recopy_HYdiff_landingpadlines_survival_384well1/20260316_093139_667/260316_Day36_WellF11_Channel405nm Binned,561nm Binned,488nm Binned_Seq0054.nd2","260316_Day36_WellF11_Channel405nm Binned,561nm Binned,488nm Binned_Seq0054.nd2",49700864,405nm Binned|561nm Binned|488nm Binned,Seq0054
F11,F,11,PLD3_TMEM106B_mCherry_primary,True,39,"/Users/pmihack/claire/tmem_2026/data/260213_Feb16recopy_HYdiff_landingpadlines_survival_384well1/20260319_083746_585/260319_Day39_WellF11_Channel405nm Binned,561nm Binned,488nm Binned_Seq0054.nd2","260319_Day39_WellF11_Channel405nm Binned,561nm Binned,488nm Binned_Seq0054.nd2",49692672,405nm Binned|561nm Binned|488nm Binned,Seq0054
F12,F,12,PLD3_TMEM106B_mCherry_primary,True,8,"/Users/pmihack/claire/tmem_2026/data/260213_Feb16recopy_HYdiff_landingpadlines_survival_384well1/20260216_084435_959/260216_Day8_iNeurons_WellF12_Channel405nm Binned,561nm Binned,488nm Binned_Seq0055.nd2","260216_Day8_iNeurons_WellF12_Channel405nm Binned,561nm Binned,488nm Binned_Seq0055.nd2",49692672,405nm Binned|561nm Binned|488nm Binned,Seq0055
F12,F,12,PLD3_TMEM106B_mCherry_primary,True,12,"/Users/pmihack/claire/tmem_2026/data/260213_Feb16recopy_HYdiff_landingpadlines_survival_384well1/20260220_085237_196/260220_Day12_WellF12_Channel405nm Binned,561nm Binned,488nm Binned_Seq0055.nd2","260220_Day12_WellF12_Channel405nm Binned,561nm Binned,488nm Binned_Seq0055.nd2",49692672,405nm Binned|561nm Binned|488nm Binned,Seq0055
F12,F,12,PLD3_TMEM106B_mCherry_primary,True,16,"/Users/pmihack/claire/tmem_2026/data/260213_Feb16recopy_HYdiff_landingpadlines_survival_384well1/20260224_090320_759/260224_day16_WellF12_Channel405nm Binned,561nm Binned,488nm Binned_Seq0055.nd2","260224_day16_WellF12_Channel405nm Binned,561nm Binned,488nm Binned_Seq0055.nd2",49692672,405nm Binned|561nm Binned|488nm Binned,Seq0055
F12,F,12,PLD3_TMEM106B_mCherry_primary,True,20,"/Users/pmihack/claire/tmem_2026/data/260213_Feb16recopy_HYdiff_landingpadlines_survival_384well1/20260228_090815_318/260228_day20_WellF12_Channel405nm Binned,561nm Binned,488nm Binned_Seq0055.nd2","260228_day20_WellF12_Channel405nm Binned,561nm Binned,488nm Binned_Seq0055.nd2",49692672,405nm Binned|561nm Binned|488nm Binned,Seq0055
F12,F,12,PLD3_TMEM106B_mCherry_primary,True,25,"/Users/pmihack/claire/tmem_2026/data/260213_Feb16recopy_HYdiff_landingpadlines_survival_384well1/20260305_171612_406/260305_day25_iNeurons_WellF12_Channel405nm Binned,561nm Binned,488nm Binned_Seq0055.nd2","260305_day25_iNeurons_WellF12_Channel405nm Binned,561nm Binned,488nm Binned_Seq0055.nd2",49688576,405nm Binned|561nm Binned|488nm Binned,Seq0055
F12,F,12,PLD3_TMEM106B_mCherry_primary,True,29,"/Users/pmihack/claire/tmem_2026/data/260213_Feb16recopy_HYdiff_landingpadlines_survival_384well1/20260309_090353_210/260309_Day29_WellF12_Channel405nm Binned,561nm Binned,488nm Binned_Seq0055.nd2","260309_Day29_WellF12_Channel405nm Binned,561nm Binned,488nm Binned_Seq0055.nd2",49688576,405nm Binned|561nm Binned|488nm Binned,Seq0055
F12,F,12,PLD3_TMEM106B_mCherry_primary,True,32,"/Users/pmihack/claire/tmem_2026/data/260213_Feb16recopy_HYdiff_landingpadlines_survival_384well1/20260312_083635_497/260312_Day32_WellF12_Channel405nm Binned,561 nm,488nm Binned_Seq0055.nd2","260312_Day32_WellF12_Channel405nm Binned,561 nm,488nm Binned_Seq0055.nd2",49688576,405nm Binned|561 nm|488nm Binned,Seq0055
F12,F,12,PLD3_TMEM106B_mCherry_primary,True,36,"/Users/pmihack/claire/tmem_2026/data/260213_Feb16recopy_HYdiff_landingpadlines_survival_384well1/20260316_093139_667/260316_Day36_WellF12_Channel405nm Binned,561nm Binned,488nm Binned_Seq0055.nd2","260316_Day36_WellF12_Channel405nm Binned,561nm Binned,488nm Binned_Seq0055.nd2",49700864,405nm Binned|561nm Binned|488nm Binned,Seq0055
F12,F,12,PLD3_TMEM106B_mCherry_primary,True,39,"/Users/pmihack/claire/tmem_2026/data/260213_Feb16recopy_HYdiff_landingpadlines_survival_384well1/20260319_083746_585/260319_Day39_WellF12_Channel405nm Binned,561nm Binned,488nm Binned_Seq0055.nd2","260319_Day39_WellF12_Channel405nm Binned,561nm Binned,488nm Binned_Seq0055.nd2",49692672,405nm Binned|561nm Binned|488nm Binned,Seq0055
F13,F,13,PLD3_TMEM106B_mCherry_primary,True,8,"/Users/pmihack/claire/tmem_2026/data/260213_Feb16recopy_HYdiff_landingpadlines_survival_384well1/20260216_084435_959/260216_Day8_iNeurons_WellF13_Channel405nm Binned,561nm Binned,488nm Binned_Seq0056.nd2","260216_Day8_iNeurons_WellF13_Channel405nm Binned,561nm Binned,488nm Binned_Seq0056.nd2",49692672,405nm Binned|561nm Binned|488nm Binned,Seq0056
F13,F,13,PLD3_TMEM106B_mCherry_primary,True,12,"/Users/pmihack/claire/tmem_2026/data/260213_Feb16recopy_HYdiff_landingpadlines_survival_384well1/20260220_085237_196/260220_Day12_WellF13_Channel405nm Binned,561nm Binned,488nm Binned_Seq0056.nd2","260220_Day12_WellF13_Channel405nm Binned,561nm Binned,488nm Binned_Seq0056.nd2",49692672,405nm Binned|561nm Binned|488nm Binned,Seq0056
F13,F,13,PLD3_TMEM106B_mCherry_primary,True,16,"/Users/pmihack/claire/tmem_2026/data/260213_Feb16recopy_HYdiff_landingpadlines_survival_384well1/20260224_090320_759/260224_day16_WellF13_Channel405nm Binned,561nm Binned,488nm Binned_Seq0056.nd2","260224_day16_WellF13_Channel405nm Binned,561nm Binned,488nm Binned_Seq0056.nd2",49692672,405nm Binned|561nm Binned|488nm Binned,Seq0056
F13,F,13,PLD3_TMEM106B_mCherry_primary,True,20,"/Users/pmihack/claire/tmem_2026/data/260213_Feb16recopy_HYdiff_landingpadlines_survival_384well1/20260228_090815_318/260228_day20_WellF13_Channel405nm Binned,561nm Binned,488nm Binned_Seq0056.nd2","260228_day20_WellF13_Channel405nm Binned,561nm Binned,488nm Binned_Seq0056.nd2",49692672,405nm Binned|561nm Binned|488nm Binned,Seq0056
F13,F,13,PLD3_TMEM106B_mCherry_primary,True,25,"/Users/pmihack/claire/tmem_2026/data/260213_Feb16recopy_HYdiff_landingpadlines_survival_384well1/20260305_171612_406/260305_day25_iNeurons_WellF13_Channel405nm Binned,561nm Binned,488nm Binned_Seq0056.nd2","260305_day25_iNeurons_WellF13_Channel405nm Binned,561nm Binned,488nm Binned_Seq0056.nd2",49688576,405nm Binned|561nm Binned|488nm Binned,Seq0056
F13,F,13,PLD3_TMEM106B_mCherry_primary,True,29,"/Users/pmihack/claire/tmem_2026/data/260213_Feb16recopy_HYdiff_landingpadlines_survival_384well1/20260309_090353_210/260309_Day29_WellF13_Channel405nm Binned,561nm Binned,488nm Binned_Seq0056.nd2","260309_Day29_WellF13_Channel405nm Binned,561nm Binned,488nm Binned_Seq0056.nd2",49688576,405nm Binned|561nm Binned|488nm Binned,Seq0056
F13,F,13,PLD3_TMEM106B_mCherry_primary,True,32,"/Users/pmihack/claire/tmem_2026/data/260213_Feb16recopy_HYdiff_landingpadlines_survival_384well1/20260312_083635_497/260312_Day32_WellF13_Channel405nm Binned,561 nm,488nm Binned_Seq0056.nd2","260312_Day32_WellF13_Channel405nm Binned,561 nm,488nm Binned_Seq0056.nd2",49688576,405nm Binned|561 nm|488nm Binned,Seq0056
F13,F,13,PLD3_TMEM106B_mCherry_primary,True,36,"/Users/pmihack/claire/tmem_2026/data/260213_Feb16recopy_HYdiff_landingpadlines_survival_384well1/20260316_093139_667/260316_Day36_WellF13_Channel405nm Binned,561nm Binned,488nm Binned_Seq0056.nd2","260316_Day36_WellF13_Channel405nm Binned,561nm Binned,488nm Binned_Seq0056.nd2",49700864,405nm Binned|561nm Binned|488nm Binned,Seq0056
F13,F,13,PLD3_TMEM106B_mCherry_primary,True,39,"/Users/pmihack/claire/tmem_2026/data/260213_Feb16recopy_HYdiff_landingpadlines_survival_384well1/20260319_083746_585/260319_Day39_WellF13_Channel405nm Binned,561nm Binned,488nm Binned_Seq0056.nd2","260319_Day39_WellF13_Channel405nm Binned,561nm Binned,488nm Binned_Seq0056.nd2",49692672,405nm Binned|561nm Binned|488nm Binned,Seq0056
F14,F,14,PLD3_TMEM106B_mCherry_primary,True,8,"/Users/pmihack/claire/tmem_2026/data/260213_Feb16recopy_HYdiff_landingpadlines_survival_384well1/20260216_084435_959/260216_Day8_iNeurons_WellF14_Channel405nm Binned,561nm Binned,488nm Binned_Seq0057.nd2","260216_Day8_iNeurons_WellF14_Channel405nm Binned,561nm Binned,488nm Binned_Seq0057.nd2",49692672,405nm Binned|561nm Binned|488nm Binned,Seq0057
F14,F,14,PLD3_TMEM106B_mCherry_primary,True,12,"/Users/pmihack/claire/tmem_2026/data/260213_Feb16recopy_HYdiff_landingpadlines_survival_384well1/20260220_085237_196/260220_Day12_WellF14_Channel405nm Binned,561nm Binned,488nm Binned_Seq0057.nd2","260220_Day12_WellF14_Channel405nm Binned,561nm Binned,488nm Binned_Seq0057.nd2",49692672,405nm Binned|561nm Binned|488nm Binned,Seq0057
F14,F,14,PLD3_TMEM106B_mCherry_primary,True,16,"/Users/pmihack/claire/tmem_2026/data/260213_Feb16recopy_HYdiff_landingpadlines_survival_384well1/20260224_090320_759/260224_day16_WellF14_Channel405nm Binned,561nm Binned,488nm Binned_Seq0057.nd2","260224_day16_WellF14_Channel405nm Binned,561nm Binned,488nm Binned_Seq0057.nd2",49692672,405nm Binned|561nm Binned|488nm Binned,Seq0057
F14,F,14,PLD3_TMEM106B_mCherry_primary,True,20,"/Users/pmihack/claire/tmem_2026/data/260213_Feb16recopy_HYdiff_landingpadlines_survival_384well1/20260228_090815_318/260228_day20_WellF14_Channel405nm Binned,561nm Binned,488nm Binned_Seq0057.nd2","260228_day20_WellF14_Channel405nm Binned,561nm Binned,488nm Binned_Seq0057.nd2",49692672,405nm Binned|561nm Binned|488nm Binned,Seq0057
F14,F,14,PLD3_TMEM106B_mCherry_primary,True,25,"/Users/pmihack/claire/tmem_2026/data/260213_Feb16recopy_HYdiff_landingpadlines_survival_384well1/20260305_171612_406/260305_day25_iNeurons_WellF14_Channel405nm Binned,561nm Binned,488nm Binned_Seq0057.nd2","260305_day25_iNeurons_WellF14_Channel405nm Binned,561nm Binned,488nm Binned_Seq0057.nd2",49688576,405nm Binned|561nm Binned|488nm Binned,Seq0057
F14,F,14,PLD3_TMEM106B_mCherry_primary,True,29,"/Users/pmihack/claire/tmem_2026/data/260213_Feb16recopy_HYdiff_landingpadlines_survival_384well1/20260309_090353_210/260309_Day29_WellF14_Channel405nm Binned,561nm Binned,488nm Binned_Seq0057.nd2","260309_Day29_WellF14_Channel405nm Binned,561nm Binned,488nm Binned_Seq0057.nd2",49688576,405nm Binned|561nm Binned|488nm Binned,Seq0057
F14,F,14,PLD3_TMEM106B_mCherry_primary,True,32,"/Users/pmihack/claire/tmem_2026/data/260213_Feb16recopy_HYdiff_landingpadlines_survival_384well1/20260312_083635_497/260312_Day32_WellF14_Channel405nm Binned,561 nm,488nm Binned_Seq0057.nd2","260312_Day32_WellF14_Channel405nm Binned,561 nm,488nm Binned_Seq0057.nd2",49688576,405nm Binned|561 nm|488nm Binned,Seq0057
F14,F,14,PLD3_TMEM106B_mCherry_primary,True,36,"/Users/pmihack/claire/tmem_2026/data/260213_Feb16recopy_HYdiff_landingpadlines_survival_384well1/20260316_093139_667/260316_Day36_WellF14_Channel405nm Binned,561nm Binned,488nm Binned_Seq0057.nd2","260316_Day36_WellF14_Channel405nm Binned,561nm Binned,488nm Binned_Seq0057.nd2",49700864,405nm Binned|561nm Binned|488nm Binned,Seq0057
F14,F,14,PLD3_TMEM106B_mCherry_primary,True,39,"/Users/pmihack/claire/tmem_2026/data/260213_Feb16recopy_HYdiff_landingpadlines_survival_384well1/20260319_083746_585/260319_Day39_WellF14_Channel405nm Binned,561nm Binned,488nm Binned_Seq0057.nd2","260319_Day39_WellF14_Channel405nm Binned,561nm Binned,488nm Binned_Seq0057.nd2",49692672,405nm Binned|561nm Binned|488nm Binned,Seq0057
F15,F,15,PLD3_TMEM106B_mCherry_primary,True,8,"/Users/pmihack/claire/tmem_2026/data/260213_Feb16recopy_HYdiff_landingpadlines_survival_384well1/20260216_084435_959/260216_Day8_iNeurons_WellF15_Channel405nm Binned,561nm Binned,488nm Binned_Seq0058.nd2","260216_Day8_iNeurons_WellF15_Channel405nm Binned,561nm Binned,488nm Binned_Seq0058.nd2",49692672,405nm Binned|561nm Binned|488nm Binned,Seq0058
F15,F,15,PLD3_TMEM106B_mCherry_primary,True,12,"/Users/pmihack/claire/tmem_2026/data/260213_Feb16recopy_HYdiff_landingpadlines_survival_384well1/20260220_085237_196/260220_Day12_WellF15_Channel405nm Binned,561nm Binned,488nm Binned_Seq0058.nd2","260220_Day12_WellF15_Channel405nm Binned,561nm Binned,488nm Binned_Seq0058.nd2",49692672,405nm Binned|561nm Binned|488nm Binned,Seq0058
F15,F,15,PLD3_TMEM106B_mCherry_primary,True,16,"/Users/pmihack/claire/tmem_2026/data/260213_Feb16recopy_HYdiff_landingpadlines_survival_384well1/20260224_090320_759/260224_day16_WellF15_Channel405nm Binned,561nm Binned,488nm Binned_Seq0058.nd2","260224_day16_WellF15_Channel405nm Binned,561nm Binned,488nm Binned_Seq0058.nd2",49692672,405nm Binned|561nm Binned|488nm Binned,Seq0058
F15,F,15,PLD3_TMEM106B_mCherry_primary,True,20,"/Users/pmihack/claire/tmem_2026/data/260213_Feb16recopy_HYdiff_landingpadlines_survival_384well1/20260228_090815_318/260228_day20_WellF15_Channel405nm Binned,561nm Binned,488nm Binned_Seq0058.nd2","260228_day20_WellF15_Channel405nm Binned,561nm Binned,488nm Binned_Seq0058.nd2",49692672,405nm Binned|561nm Binned|488nm Binned,Seq0058
F15,F,15,PLD3_TMEM106B_mCherry_primary,True,25,"/Users/pmihack/claire/tmem_2026/data/260213_Feb16recopy_HYdiff_landingpadlines_survival_384well1/20260305_171612_406/260305_day25_iNeurons_WellF15_Channel405nm Binned,561nm Binned,488nm Binned_Seq0058.nd2","260305_day25_iNeurons_WellF15_Channel405nm Binned,561nm Binned,488nm Binned_Seq0058.nd2",49688576,405nm Binned|561nm Binned|488nm Binned,Seq0058
F15,F,15,PLD3_TMEM106B_mCherry_primary,True,29,"/Users/pmihack/claire/tmem_2026/data/260213_Feb16recopy_HYdiff_landingpadlines_survival_384well1/20260309_090353_210/260309_Day29_WellF15_Channel405nm Binned,561nm Binned,488nm Binned_Seq0058.nd2","260309_Day29_WellF15_Channel405nm Binned,561nm Binned,488nm Binned_Seq0058.nd2",49688576,405nm Binned|561nm Binned|488nm Binned,Seq0058
F15,F,15,PLD3_TMEM106B_mCherry_primary,True,32,"/Users/pmihack/claire/tmem_2026/data/260213_Feb16recopy_HYdiff_landingpadlines_survival_384well1/20260312_083635_497/260312_Day32_WellF15_Channel405nm Binned,561 nm,488nm Binned_Seq0058.nd2","260312_Day32_WellF15_Channel405nm Binned,561 nm,488nm Binned_Seq0058.nd2",49688576,405nm Binned|561 nm|488nm Binned,Seq0058
F15,F,15,PLD3_TMEM106B_mCherry_primary,True,36,"/Users/pmihack/claire/tmem_2026/data/260213_Feb16recopy_HYdiff_landingpadlines_survival_384well1/20260316_093139_667/260316_Day36_WellF15_Channel405nm Binned,561nm Binned,488nm Binned_Seq0058.nd2","260316_Day36_WellF15_Channel405nm Binned,561nm Binned,488nm Binned_Seq0058.nd2",49700864,405nm Binned|561nm Binned|488nm Binned,Seq0058
F15,F,15,PLD3_TMEM106B_mCherry_primary,True,39,"/Users/pmihack/claire/tmem_2026/data/260213_Feb16recopy_HYdiff_landingpadlines_survival_384well1/20260319_083746_585/260319_Day39_WellF15_Channel405nm Binned,561nm Binned,488nm Binned_Seq0058.nd2","260319_Day39_WellF15_Channel405nm Binned,561nm Binned,488nm Binned_Seq0058.nd2",49692672,405nm Binned|561nm Binned|488nm Binned,Seq0058
F16,F,16,PLD3_TMEM106B_mCherry_primary,True,8,"/Users/pmihack/claire/tmem_2026/data/260213_Feb16recopy_HYdiff_landingpadlines_survival_384well1/20260216_084435_959/260216_Day8_iNeurons_WellF16_Channel405nm Binned,561nm Binned,488nm Binned_Seq0059.nd2","260216_Day8_iNeurons_WellF16_Channel405nm Binned,561nm Binned,488nm Binned_Seq0059.nd2",49692672,405nm Binned|561nm Binned|488nm Binned,Seq0059
F16,F,16,PLD3_TMEM106B_mCherry_primary,True,12,"/Users/pmihack/claire/tmem_2026/data/260213_Feb16recopy_HYdiff_landingpadlines_survival_384well1/20260220_085237_196/260220_Day12_WellF16_Channel405nm Binned,561nm Binned,488nm Binned_Seq0059.nd2","260220_Day12_WellF16_Channel405nm Binned,561nm Binned,488nm Binned_Seq0059.nd2",49692672,405nm Binned|561nm Binned|488nm Binned,Seq0059
F16,F,16,PLD3_TMEM106B_mCherry_primary,True,16,"/Users/pmihack/claire/tmem_2026/data/260213_Feb16recopy_HYdiff_landingpadlines_survival_384well1/20260224_090320_759/260224_day16_WellF16_Channel405nm Binned,561nm Binned,488nm Binned_Seq0059.nd2","260224_day16_WellF16_Channel405nm Binned,561nm Binned,488nm Binned_Seq0059.nd2",49692672,405nm Binned|561nm Binned|488nm Binned,Seq0059
F16,F,16,PLD3_TMEM106B_mCherry_primary,True,20,"/Users/pmihack/claire/tmem_2026/data/260213_Feb16recopy_HYdiff_landingpadlines_survival_384well1/20260228_090815_318/260228_day20_WellF16_Channel405nm Binned,561nm Binned,488nm Binned_Seq0059.nd2","260228_day20_WellF16_Channel405nm Binned,561nm Binned,488nm Binned_Seq0059.nd2",49692672,405nm Binned|561nm Binned|488nm Binned,Seq0059
F16,F,16,PLD3_TMEM106B_mCherry_primary,True,25,"/Users/pmihack/claire/tmem_2026/data/260213_Feb16recopy_HYdiff_landingpadlines_survival_384well1/20260305_171612_406/260305_day25_iNeurons_WellF16_Channel405nm Binned,561nm Binned,488nm Binned_Seq0059.nd2","260305_day25_iNeurons_WellF16_Channel405nm Binned,561nm Binned,488nm Binned_Seq0059.nd2",49688576,405nm Binned|561nm Binned|488nm Binned,Seq0059
F16,F,16,PLD3_TMEM106B_mCherry_primary,True,29,"/Users/pmihack/claire/tmem_2026/data/260213_Feb16recopy_HYdiff_landingpadlines_survival_384well1/20260309_090353_210/260309_Day29_WellF16_Channel405nm Binned,561nm Binned,488nm Binned_Seq0059.nd2","260309_Day29_WellF16_Channel405nm Binned,561nm Binned,488nm Binned_Seq0059.nd2",49688576,405nm Binned|561nm Binned|488nm Binned,Seq0059
F16,F,16,PLD3_TMEM106B_mCherry_primary,True,32,"/Users/pmihack/claire/tmem_2026/data/260213_Feb16recopy_HYdiff_landingpadlines_survival_384well1/20260312_083635_497/260312_Day32_WellF16_Channel405nm Binned,561 nm,488nm Binned_Seq0059.nd2","260312_Day32_WellF16_Channel405nm Binned,561 nm,488nm Binned_Seq0059.nd2",49688576,405nm Binned|561 nm|488nm Binned,Seq0059
F16,F,16,PLD3_TMEM106B_mCherry_primary,True,36,"/Users/pmihack/claire/tmem_2026/data/260213_Feb16recopy_HYdiff_landingpadlines_survival_384well1/20260316_093139_667/260316_Day36_WellF16_Channel405nm Binned,561nm Binned,488nm Binned_Seq0059.nd2","260316_Day36_WellF16_Channel405nm Binned,561nm Binned,488nm Binned_Seq0059.nd2",49700864,405nm Binned|561nm Binned|488nm Binned,Seq0059
F16,F,16,PLD3_TMEM106B_mCherry_primary,True,39,"/Users/pmihack/claire/tmem_2026/data/260213_Feb16recopy_HYdiff_landingpadlines_survival_384well1/20260319_083746_585/260319_Day39_WellF16_Channel405nm Binned,561nm Binned,488nm Binned_Seq0059.nd2","260319_Day39_WellF16_Channel405nm Binned,561nm Binned,488nm Binned_Seq0059.nd2",49692672,405nm Binned|561nm Binned|488nm Binned,Seq0059
F17,F,17,PLD3_TMEM106B_mCherry_primary,True,8,"/Users/pmihack/claire/tmem_2026/data/260213_Feb16recopy_HYdiff_landingpadlines_survival_384well1/20260216_084435_959/260216_Day8_iNeurons_WellF17_Channel405nm Binned,561nm Binned,488nm Binned_Seq0060.nd2","260216_Day8_iNeurons_WellF17_Channel405nm Binned,561nm Binned,488nm Binned_Seq0060.nd2",49692672,405nm Binned|561nm Binned|488nm Binned,Seq0060
F17,F,17,PLD3_TMEM106B_mCherry_primary,True,12,"/Users/pmihack/claire/tmem_2026/data/260213_Feb16recopy_HYdiff_landingpadlines_survival_384well1/20260220_085237_196/260220_Day12_WellF17_Channel405nm Binned,561nm Binned,488nm Binned_Seq0060.nd2","260220_Day12_WellF17_Channel405nm Binned,561nm Binned,488nm Binned_Seq0060.nd2",49692672,405nm Binned|561nm Binned|488nm Binned,Seq0060
F17,F,17,PLD3_TMEM106B_mCherry_primary,True,16,"/Users/pmihack/claire/tmem_2026/data/260213_Feb16recopy_HYdiff_landingpadlines_survival_384well1/20260224_090320_759/260224_day16_WellF17_Channel405nm Binned,561nm Binned,488nm Binned_Seq0060.nd2","260224_day16_WellF17_Channel405nm Binned,561nm Binned,488nm Binned_Seq0060.nd2",49692672,405nm Binned|561nm Binned|488nm Binned,Seq0060
F17,F,17,PLD3_TMEM106B_mCherry_primary,True,20,"/Users/pmihack/claire/tmem_2026/data/260213_Feb16recopy_HYdiff_landingpadlines_survival_384well1/20260228_090815_318/260228_day20_WellF17_Channel405nm Binned,561nm Binned,488nm Binned_Seq0060.nd2","260228_day20_WellF17_Channel405nm Binned,561nm Binned,488nm Binned_Seq0060.nd2",49692672,405nm Binned|561nm Binned|488nm Binned,Seq0060
F17,F,17,PLD3_TMEM106B_mCherry_primary,True,25,"/Users/pmihack/claire/tmem_2026/data/260213_Feb16recopy_HYdiff_landingpadlines_survival_384well1/20260305_171612_406/260305_day25_iNeurons_WellF17_Channel405nm Binned,561nm Binned,488nm Binned_Seq0060.nd2","260305_day25_iNeurons_WellF17_Channel405nm Binned,561nm Binned,488nm Binned_Seq0060.nd2",49688576,405nm Binned|561nm Binned|488nm Binned,Seq0060
F17,F,17,PLD3_TMEM106B_mCherry_primary,True,29,"/Users/pmihack/claire/tmem_2026/data/260213_Feb16recopy_HYdiff_landingpadlines_survival_384well1/20260309_090353_210/260309_Day29_WellF17_Channel405nm Binned,561nm Binned,488nm Binned_Seq0060.nd2","260309_Day29_WellF17_Channel405nm Binned,561nm Binned,488nm Binned_Seq0060.nd2",49688576,405nm Binned|561nm Binned|488nm Binned,Seq0060
F17,F,17,PLD3_TMEM106B_mCherry_primary,True,32,"/Users/pmihack/claire/tmem_2026/data/260213_Feb16recopy_HYdiff_landingpadlines_survival_384well1/20260312_083635_497/260312_Day32_WellF17_Channel405nm Binned,561 nm,488nm Binned_Seq0060.nd2","260312_Day32_WellF17_Channel405nm Binned,561 nm,488nm Binned_Seq0060.nd2",49688576,405nm Binned|561 nm|488nm Binned,Seq0060
F17,F,17,PLD3_TMEM106B_mCherry_primary,True,36,"/Users/pmihack/claire/tmem_2026/data/260213_Feb16recopy_HYdiff_landingpadlines_survival_384well1/20260316_093139_667/260316_Day36_WellF17_Channel405nm Binned,561nm Binned,488nm Binned_Seq0060.nd2","260316_Day36_WellF17_Channel405nm Binned,561nm Binned,488nm Binned_Seq0060.nd2",49700864,405nm Binned|561nm Binned|488nm Binned,Seq0060
F17,F,17,PLD3_TMEM106B_mCherry_primary,True,39,"/Users/pmihack/claire/tmem_2026/data/260213_Feb16recopy_HYdiff_landingpadlines_survival_384well1/20260319_083746_585/260319_Day39_WellF17_Channel405nm Binned,561nm Binned,488nm Binned_Seq0060.nd2","260319_Day39_WellF17_Channel405nm Binned,561nm Binned,488nm Binned_Seq0060.nd2",49692672,405nm Binned|561nm Binned|488nm Binned,Seq0060
F18,F,18,PLD3_TMEM106B_mCherry_primary,True,8,"/Users/pmihack/claire/tmem_2026/data/260213_Feb16recopy_HYdiff_landingpadlines_survival_384well1/20260216_084435_959/260216_Day8_iNeurons_WellF18_Channel405nm Binned,561nm Binned,488nm Binned_Seq0061.nd2","260216_Day8_iNeurons_WellF18_Channel405nm Binned,561nm Binned,488nm Binned_Seq0061.nd2",49692672,405nm Binned|561nm Binned|488nm Binned,Seq0061
F18,F,18,PLD3_TMEM106B_mCherry_primary,True,12,"/Users/pmihack/claire/tmem_2026/data/260213_Feb16recopy_HYdiff_landingpadlines_survival_384well1/20260220_085237_196/260220_Day12_WellF18_Channel405nm Binned,561nm Binned,488nm Binned_Seq0061.nd2","260220_Day12_WellF18_Channel405nm Binned,561nm Binned,488nm Binned_Seq0061.nd2",49692672,405nm Binned|561nm Binned|488nm Binned,Seq0061
F18,F,18,PLD3_TMEM106B_mCherry_primary,True,16,"/Users/pmihack/claire/tmem_2026/data/260213_Feb16recopy_HYdiff_landingpadlines_survival_384well1/20260224_090320_759/260224_day16_WellF18_Channel405nm Binned,561nm Binned,488nm Binned_Seq0061.nd2","260224_day16_WellF18_Channel405nm Binned,561nm Binned,488nm Binned_Seq0061.nd2",49692672,405nm Binned|561nm Binned|488nm Binned,Seq0061
F18,F,18,PLD3_TMEM106B_mCherry_primary,True,20,"/Users/pmihack/claire/tmem_2026/data/260213_Feb16recopy_HYdiff_landingpadlines_survival_384well1/20260228_090815_318/260228_day20_WellF18_Channel405nm Binned,561nm Binned,488nm Binned_Seq0061.nd2","260228_day20_WellF18_Channel405nm Binned,561nm Binned,488nm Binned_Seq0061.nd2",49692672,405nm Binned|561nm Binned|488nm Binned,Seq0061
F18,F,18,PLD3_TMEM106B_mCherry_primary,True,25,"/Users/pmihack/claire/tmem_2026/data/260213_Feb16recopy_HYdiff_landingpadlines_survival_384well1/20260305_171612_406/260305_day25_iNeurons_WellF18_Channel405nm Binned,561nm Binned,488nm Binned_Seq0061.nd2","260305_day25_iNeurons_WellF18_Channel405nm Binned,561nm Binned,488nm Binned_Seq0061.nd2",49688576,405nm Binned|561nm Binned|488nm Binned,Seq0061
F18,F,18,PLD3_TMEM106B_mCherry_primary,True,29,"/Users/pmihack/claire/tmem_2026/data/260213_Feb16recopy_HYdiff_landingpadlines_survival_384well1/20260309_090353_210/260309_Day29_WellF18_Channel405nm Binned,561nm Binned,488nm Binned_Seq0061.nd2","260309_Day29_WellF18_Channel405nm Binned,561nm Binned,488nm Binned_Seq0061.nd2",49688576,405nm Binned|561nm Binned|488nm Binned,Seq0061
F18,F,18,PLD3_TMEM106B_mCherry_primary,True,32,"/Users/pmihack/claire/tmem_2026/data/260213_Feb16recopy_HYdiff_landingpadlines_survival_384well1/20260312_083635_497/260312_Day32_WellF18_Channel405nm Binned,561 nm,488nm Binned_Seq0061.nd2","260312_Day32_WellF18_Channel405nm Binned,561 nm,488nm Binned_Seq0061.nd2",49688576,405nm Binned|561 nm|488nm Binned,Seq0061
F18,F,18,PLD3_TMEM106B_mCherry_primary,True,36,"/Users/pmihack/claire/tmem_2026/data/260213_Feb16recopy_HYdiff_landingpadlines_survival_384well1/20260316_093139_667/260316_Day36_WellF18_Channel405nm Binned,561nm Binned,488nm Binned_Seq0061.nd2","260316_Day36_WellF18_Channel405nm Binned,561nm Binned,488nm Binned_Seq0061.nd2",49700864,405nm Binned|561nm Binned|488nm Binned,Seq0061
F18,F,18,PLD3_TMEM106B_mCherry_primary,True,39,"/Users/pmihack/claire/tmem_2026/data/260213_Feb16recopy_HYdiff_landingpadlines_survival_384well1/20260319_083746_585/260319_Day39_WellF18_Channel405nm Binned,561nm Binned,488nm Binned_Seq0061.nd2","260319_Day39_WellF18_Channel405nm Binned,561nm Binned,488nm Binned_Seq0061.nd2",49692672,405nm Binned|561nm Binned|488nm Binned,Seq0061
F19,F,19,PLD3_TMEM106B_mCherry_primary,True,8,"/Users/pmihack/claire/tmem_2026/data/260213_Feb16recopy_HYdiff_landingpadlines_survival_384well1/20260216_084435_959/260216_Day8_iNeurons_WellF19_Channel405nm Binned,561nm Binned,488nm Binned_Seq0062.nd2","260216_Day8_iNeurons_WellF19_Channel405nm Binned,561nm Binned,488nm Binned_Seq0062.nd2",49692672,405nm Binned|561nm Binned|488nm Binned,Seq0062
F19,F,19,PLD3_TMEM106B_mCherry_primary,True,12,"/Users/pmihack/claire/tmem_2026/data/260213_Feb16recopy_HYdiff_landingpadlines_survival_384well1/20260220_085237_196/260220_Day12_WellF19_Channel405nm Binned,561nm Binned,488nm Binned_Seq0062.nd2","260220_Day12_WellF19_Channel405nm Binned,561nm Binned,488nm Binned_Seq0062.nd2",49692672,405nm Binned|561nm Binned|488nm Binned,Seq0062
F19,F,19,PLD3_TMEM106B_mCherry_primary,True,16,"/Users/pmihack/claire/tmem_2026/data/260213_Feb16recopy_HYdiff_landingpadlines_survival_384well1/20260224_090320_759/260224_day16_WellF19_Channel405nm Binned,561nm Binned,488nm Binned_Seq0062.nd2","260224_day16_WellF19_Channel405nm Binned,561nm Binned,488nm Binned_Seq0062.nd2",49692672,405nm Binned|561nm Binned|488nm Binned,Seq0062
F19,F,19,PLD3_TMEM106B_mCherry_primary,True,20,"/Users/pmihack/claire/tmem_2026/data/260213_Feb16recopy_HYdiff_landingpadlines_survival_384well1/20260228_090815_318/260228_day20_WellF19_Channel405nm Binned,561nm Binned,488nm Binned_Seq0062.nd2","260228_day20_WellF19_Channel405nm Binned,561nm Binned,488nm Binned_Seq0062.nd2",49692672,405nm Binned|561nm Binned|488nm Binned,Seq0062
F19,F,19,PLD3_TMEM106B_mCherry_primary,True,25,"/Users/pmihack/claire/tmem_2026/data/260213_Feb16recopy_HYdiff_landingpadlines_survival_384well1/20260305_171612_406/260305_day25_iNeurons_WellF19_Channel405nm Binned,561nm Binned,488nm Binned_Seq0062.nd2","260305_day25_iNeurons_WellF19_Channel405nm Binned,561nm Binned,488nm Binned_Seq0062.nd2",49688576,405nm Binned|561nm Binned|488nm Binned,Seq0062
F19,F,19,PLD3_TMEM106B_mCherry_primary,True,29,"/Users/pmihack/claire/tmem_2026/data/260213_Feb16recopy_HYdiff_landingpadlines_survival_384well1/20260309_090353_210/260309_Day29_WellF19_Channel405nm Binned,561nm Binned,488nm Binned_Seq0062.nd2","260309_Day29_WellF19_Channel405nm Binned,561nm Binned,488nm Binned_Seq0062.nd2",49688576,405nm Binned|561nm Binned|488nm Binned,Seq0062
F19,F,19,PLD3_TMEM106B_mCherry_primary,True,32,"/Users/pmihack/claire/tmem_2026/data/260213_Feb16recopy_HYdiff_landingpadlines_survival_384well1/20260312_083635_497/260312_Day32_WellF19_Channel405nm Binned,561 nm,488nm Binned_Seq0062.nd2","260312_Day32_WellF19_Channel405nm Binned,561 nm,488nm Binned_Seq0062.nd2",49688576,405nm Binned|561 nm|488nm Binned,Seq0062
F19,F,19,PLD3_TMEM106B_mCherry_primary,True,36,"/Users/pmihack/claire/tmem_2026/data/260213_Feb16recopy_HYdiff_landingpadlines_survival_384well1/20260316_093139_667/260316_Day36_WellF19_Channel405nm Binned,561nm Binned,488nm Binned_Seq0062.nd2","260316_Day36_WellF19_Channel405nm Binned,561nm Binned,488nm Binned_Seq0062.nd2",49700864,405nm Binned|561nm Binned|488nm Binned,Seq0062
F19,F,19,PLD3_TMEM106B_mCherry_primary,True,39,"/Users/pmihack/claire/tmem_2026/data/260213_Feb16recopy_HYdiff_landingpadlines_survival_384well1/20260319_083746_585/260319_Day39_WellF19_Channel405nm Binned,561nm Binned,488nm Binned_Seq0062.nd2","260319_Day39_WellF19_Channel405nm Binned,561nm Binned,488nm Binned_Seq0062.nd2",49692672,405nm Binned|561nm Binned|488nm Binned,Seq0062
F20,F,20,PLD3_TMEM106B_mCherry_primary,True,8,"/Users/pmihack/claire/tmem_2026/data/260213_Feb16recopy_HYdiff_landingpadlines_survival_384well1/20260216_084435_959/260216_Day8_iNeurons_WellF20_Channel405nm Binned,561nm Binned,488nm Binned_Seq0063.nd2","260216_Day8_iNeurons_WellF20_Channel405nm Binned,561nm Binned,488nm Binned_Seq0063.nd2",49692672,405nm Binned|561nm Binned|488nm Binned,Seq0063
F20,F,20,PLD3_TMEM106B_mCherry_primary,True,12,"/Users/pmihack/claire/tmem_2026/data/260213_Feb16recopy_HYdiff_landingpadlines_survival_384well1/20260220_085237_196/260220_Day12_WellF20_Channel405nm Binned,561nm Binned,488nm Binned_Seq0063.nd2","260220_Day12_WellF20_Channel405nm Binned,561nm Binned,488nm Binned_Seq0063.nd2",49692672,405nm Binned|561nm Binned|488nm Binned,Seq0063
F20,F,20,PLD3_TMEM106B_mCherry_primary,True,16,"/Users/pmihack/claire/tmem_2026/data/260213_Feb16recopy_HYdiff_landingpadlines_survival_384well1/20260224_090320_759/260224_day16_WellF20_Channel405nm Binned,561nm Binned,488nm Binned_Seq0063.nd2","260224_day16_WellF20_Channel405nm Binned,561nm Binned,488nm Binned_Seq0063.nd2",49692672,405nm Binned|561nm Binned|488nm Binned,Seq0063
F20,F,20,PLD3_TMEM106B_mCherry_primary,True,20,"/Users/pmihack/claire/tmem_2026/data/260213_Feb16recopy_HYdiff_landingpadlines_survival_384well1/20260228_090815_318/260228_day20_WellF20_Channel405nm Binned,561nm Binned,488nm Binned_Seq0063.nd2","260228_day20_WellF20_Channel405nm Binned,561nm Binned,488nm Binned_Seq0063.nd2",49692672,405nm Binned|561nm Binned|488nm Binned,Seq0063
F20,F,20,PLD3_TMEM106B_mCherry_primary,True,25,"/Users/pmihack/claire/tmem_2026/data/260213_Feb16recopy_HYdiff_landingpadlines_survival_384well1/20260305_171612_406/260305_day25_iNeurons_WellF20_Channel405nm Binned,561nm Binned,488nm Binned_Seq0063.nd2","260305_day25_iNeurons_WellF20_Channel405nm Binned,561nm Binned,488nm Binned_Seq0063.nd2",49688576,405nm Binned|561nm Binned|488nm Binned,Seq0063
F20,F,20,PLD3_TMEM106B_mCherry_primary,True,29,"/Users/pmihack/claire/tmem_2026/data/260213_Feb16recopy_HYdiff_landingpadlines_survival_384well1/20260309_090353_210/260309_Day29_WellF20_Channel405nm Binned,561nm Binned,488nm Binned_Seq0063.nd2","260309_Day29_WellF20_Channel405nm Binned,561nm Binned,488nm Binned_Seq0063.nd2",49688576,405nm Binned|561nm Binned|488nm Binned,Seq0063
F20,F,20,PLD3_TMEM106B_mCherry_primary,True,32,"/Users/pmihack/claire/tmem_2026/data/260213_Feb16recopy_HYdiff_landingpadlines_survival_384well1/20260312_083635_497/260312_Day32_WellF20_Channel405nm Binned,561 nm,488nm Binned_Seq0063.nd2","260312_Day32_WellF20_Channel405nm Binned,561 nm,488nm Binned_Seq0063.nd2",49688576,405nm Binned|561 nm|488nm Binned,Seq0063
F20,F,20,PLD3_TMEM106B_mCherry_primary,True,36,"/Users/pmihack/claire/tmem_2026/data/260213_Feb16recopy_HYdiff_landingpadlines_survival_384well1/20260316_093139_667/260316_Day36_WellF20_Channel405nm Binned,561nm Binned,488nm Binned_Seq0063.nd2","260316_Day36_WellF20_Channel405nm Binned,561nm Binned,488nm Binned_Seq0063.nd2",49700864,405nm Binned|561nm Binned|488nm Binned,Seq0063
F20,F,20,PLD3_TMEM106B_mCherry_primary,True,39,"/Users/pmihack/claire/tmem_2026/data/260213_Feb16recopy_HYdiff_landingpadlines_survival_384well1/20260319_083746_585/260319_Day39_WellF20_Channel405nm Binned,561nm Binned,488nm Binned_Seq0063.nd2","260319_Day39_WellF20_Channel405nm Binned,561nm Binned,488nm Binned_Seq0063.nd2",49692672,405nm Binned|561nm Binned|488nm Binned,Seq0063
G05,G,05,PLD3_only_no_mCherry,False,8,"/Users/pmihack/claire/tmem_2026/data/260213_Feb16recopy_HYdiff_landingpadlines_survival_384well1/20260216_084435_959/260216_Day8_iNeurons_WellG05_Channel405nm Binned,561nm Binned,488nm Binned_Seq0064.nd2","260216_Day8_iNeurons_WellG05_Channel405nm Binned,561nm Binned,488nm Binned_Seq0064.nd2",49692672,405nm Binned|561nm Binned|488nm Binned,Seq0064
G05,G,05,PLD3_only_no_mCherry,False,12,"/Users/pmihack/claire/tmem_2026/data/260213_Feb16recopy_HYdiff_landingpadlines_survival_384well1/20260220_085237_196/260220_Day12_WellG05_Channel405nm Binned,561nm Binned,488nm Binned_Seq0064.nd2","260220_Day12_WellG05_Channel405nm Binned,561nm Binned,488nm Binned_Seq0064.nd2",49692672,405nm Binned|561nm Binned|488nm Binned,Seq0064
G05,G,05,PLD3_only_no_mCherry,False,16,"/Users/pmihack/claire/tmem_2026/data/260213_Feb16recopy_HYdiff_landingpadlines_survival_384well1/20260224_090320_759/260224_day16_WellG05_Channel405nm Binned,561nm Binned,488nm Binned_Seq0064.nd2","260224_day16_WellG05_Channel405nm Binned,561nm Binned,488nm Binned_Seq0064.nd2",49692672,405nm Binned|561nm Binned|488nm Binned,Seq0064
G05,G,05,PLD3_only_no_mCherry,False,20,"/Users/pmihack/claire/tmem_2026/data/260213_Feb16recopy_HYdiff_landingpadlines_survival_384well1/20260228_090815_318/260228_day20_WellG05_Channel405nm Binned,561nm Binned,488nm Binned_Seq0064.nd2","260228_day20_WellG05_Channel405nm Binned,561nm Binned,488nm Binned_Seq0064.nd2",49692672,405nm Binned|561nm Binned|488nm Binned,Seq0064
G05,G,05,PLD3_only_no_mCherry,False,25,"/Users/pmihack/claire/tmem_2026/data/260213_Feb16recopy_HYdiff_landingpadlines_survival_384well1/20260305_171612_406/260305_day25_iNeurons_WellG05_Channel405nm Binned,561nm Binned,488nm Binned_Seq0064.nd2","260305_day25_iNeurons_WellG05_Channel405nm Binned,561nm Binned,488nm Binned_Seq0064.nd2",49688576,405nm Binned|561nm Binned|488nm Binned,Seq0064
G05,G,05,PLD3_only_no_mCherry,False,29,"/Users/pmihack/claire/tmem_2026/data/260213_Feb16recopy_HYdiff_landingpadlines_survival_384well1/20260309_090353_210/260309_Day29_WellG05_Channel405nm Binned,561nm Binned,488nm Binned_Seq0064.nd2","260309_Day29_WellG05_Channel405nm Binned,561nm Binned,488nm Binned_Seq0064.nd2",49688576,405nm Binned|561nm Binned|488nm Binned,Seq0064
G05,G,05,PLD3_only_no_mCherry,False,32,"/Users/pmihack/claire/tmem_2026/data/260213_Feb16recopy_HYdiff_landingpadlines_survival_384well1/20260312_083635_497/260312_Day32_WellG05_Channel405nm Binned,561 nm,488nm Binned_Seq0064.nd2","260312_Day32_WellG05_Channel405nm Binned,561 nm,488nm Binned_Seq0064.nd2",49688576,405nm Binned|561 nm|488nm Binned,Seq0064
G05,G,05,PLD3_only_no_mCherry,False,36,"/Users/pmihack/claire/tmem_2026/data/260213_Feb16recopy_HYdiff_landingpadlines_survival_384well1/20260316_093139_667/260316_Day36_WellG05_Channel405nm Binned,561nm Binned,488nm Binned_Seq0064.nd2","260316_Day36_WellG05_Channel405nm Binned,561nm Binned,488nm Binned_Seq0064.nd2",49700864,405nm Binned|561nm Binned|488nm Binned,Seq0064
G05,G,05,PLD3_only_no_mCherry,False,39,"/Users/pmihack/claire/tmem_2026/data/260213_Feb16recopy_HYdiff_landingpadlines_survival_384well1/20260319_083746_585/260319_Day39_WellG05_Channel405nm Binned,561nm Binned,488nm Binned_Seq0064.nd2","260319_Day39_WellG05_Channel405nm Binned,561nm Binned,488nm Binned_Seq0064.nd2",49692672,405nm Binned|561nm Binned|488nm Binned,Seq0064
G06,G,06,PLD3_only_no_mCherry,False,8,"/Users/pmihack/claire/tmem_2026/data/260213_Feb16recopy_HYdiff_landingpadlines_survival_384well1/20260216_084435_959/260216_Day8_iNeurons_WellG06_Channel405nm Binned,561nm Binned,488nm Binned_Seq0065.nd2","260216_Day8_iNeurons_WellG06_Channel405nm Binned,561nm Binned,488nm Binned_Seq0065.nd2",49692672,405nm Binned|561nm Binned|488nm Binned,Seq0065
G06,G,06,PLD3_only_no_mCherry,False,12,"/Users/pmihack/claire/tmem_2026/data/260213_Feb16recopy_HYdiff_landingpadlines_survival_384well1/20260220_085237_196/260220_Day12_WellG06_Channel405nm Binned,561nm Binned,488nm Binned_Seq0065.nd2","260220_Day12_WellG06_Channel405nm Binned,561nm Binned,488nm Binned_Seq0065.nd2",49692672,405nm Binned|561nm Binned|488nm Binned,Seq0065
G06,G,06,PLD3_only_no_mCherry,False,16,"/Users/pmihack/claire/tmem_2026/data/260213_Feb16recopy_HYdiff_landingpadlines_survival_384well1/20260224_090320_759/260224_day16_WellG06_Channel405nm Binned,561nm Binned,488nm Binned_Seq0065.nd2","260224_day16_WellG06_Channel405nm Binned,561nm Binned,488nm Binned_Seq0065.nd2",49692672,405nm Binned|561nm Binned|488nm Binned,Seq0065
G06,G,06,PLD3_only_no_mCherry,False,20,"/Users/pmihack/claire/tmem_2026/data/260213_Feb16recopy_HYdiff_landingpadlines_survival_384well1/20260228_090815_318/260228_day20_WellG06_Channel405nm Binned,561nm Binned,488nm Binned_Seq0065.nd2","260228_day20_WellG06_Channel405nm Binned,561nm Binned,488nm Binned_Seq0065.nd2",49692672,405nm Binned|561nm Binned|488nm Binned,Seq0065
G06,G,06,PLD3_only_no_mCherry,False,25,"/Users/pmihack/claire/tmem_2026/data/260213_Feb16recopy_HYdiff_landingpadlines_survival_384well1/20260305_171612_406/260305_day25_iNeurons_WellG06_Channel405nm Binned,561nm Binned,488nm Binned_Seq0065.nd2","260305_day25_iNeurons_WellG06_Channel405nm Binned,561nm Binned,488nm Binned_Seq0065.nd2",49688576,405nm Binned|561nm Binned|488nm Binned,Seq0065
G06,G,06,PLD3_only_no_mCherry,False,29,"/Users/pmihack/claire/tmem_2026/data/260213_Feb16recopy_HYdiff_landingpadlines_survival_384well1/20260309_090353_210/260309_Day29_WellG06_Channel405nm Binned,561nm Binned,488nm Binned_Seq0065.nd2","260309_Day29_WellG06_Channel405nm Binned,561nm Binned,488nm Binned_Seq0065.nd2",49688576,405nm Binned|561nm Binned|488nm Binned,Seq0065
G06,G,06,PLD3_only_no_mCherry,False,32,"/Users/pmihack/claire/tmem_2026/data/260213_Feb16recopy_HYdiff_landingpadlines_survival_384well1/20260312_083635_497/260312_Day32_WellG06_Channel405nm Binned,561 nm,488nm Binned_Seq0065.nd2","260312_Day32_WellG06_Channel405nm Binned,561 nm,488nm Binned_Seq0065.nd2",49688576,405nm Binned|561 nm|488nm Binned,Seq0065
G06,G,06,PLD3_only_no_mCherry,False,36,"/Users/pmihack/claire/tmem_2026/data/260213_Feb16recopy_HYdiff_landingpadlines_survival_384well1/20260316_093139_667/260316_Day36_WellG06_Channel405nm Binned,561nm Binned,488nm Binned_Seq0065.nd2","260316_Day36_WellG06_Channel405nm Binned,561nm Binned,488nm Binned_Seq0065.nd2",49700864,405nm Binned|561nm Binned|488nm Binned,Seq0065
G06,G,06,PLD3_only_no_mCherry,False,39,"/Users/pmihack/claire/tmem_2026/data/260213_Feb16recopy_HYdiff_landingpadlines_survival_384well1/20260319_083746_585/260319_Day39_WellG06_Channel405nm Binned,561nm Binned,488nm Binned_Seq0065.nd2","260319_Day39_WellG06_Channel405nm Binned,561nm Binned,488nm Binned_Seq0065.nd2",49692672,405nm Binned|561nm Binned|488nm Binned,Seq0065
G07,G,07,PLD3_only_no_mCherry,False,8,"/Users/pmihack/claire/tmem_2026/data/260213_Feb16recopy_HYdiff_landingpadlines_survival_384well1/20260216_084435_959/260216_Day8_iNeurons_WellG07_Channel405nm Binned,561nm Binned,488nm Binned_Seq0066.nd2","260216_Day8_iNeurons_WellG07_Channel405nm Binned,561nm Binned,488nm Binned_Seq0066.nd2",49692672,405nm Binned|561nm Binned|488nm Binned,Seq0066
G07,G,07,PLD3_only_no_mCherry,False,12,"/Users/pmihack/claire/tmem_2026/data/260213_Feb16recopy_HYdiff_landingpadlines_survival_384well1/20260220_085237_196/260220_Day12_WellG07_Channel405nm Binned,561nm Binned,488nm Binned_Seq0066.nd2","260220_Day12_WellG07_Channel405nm Binned,561nm Binned,488nm Binned_Seq0066.nd2",49692672,405nm Binned|561nm Binned|488nm Binned,Seq0066
G07,G,07,PLD3_only_no_mCherry,False,16,"/Users/pmihack/claire/tmem_2026/data/260213_Feb16recopy_HYdiff_landingpadlines_survival_384well1/20260224_090320_759/260224_day16_WellG07_Channel405nm Binned,561nm Binned,488nm Binned_Seq0066.nd2","260224_day16_WellG07_Channel405nm Binned,561nm Binned,488nm Binned_Seq0066.nd2",49692672,405nm Binned|561nm Binned|488nm Binned,Seq0066
G07,G,07,PLD3_only_no_mCherry,False,20,"/Users/pmihack/claire/tmem_2026/data/260213_Feb16recopy_HYdiff_landingpadlines_survival_384well1/20260228_090815_318/260228_day20_WellG07_Channel405nm Binned,561nm Binned,488nm Binned_Seq0066.nd2","260228_day20_WellG07_Channel405nm Binned,561nm Binned,488nm Binned_Seq0066.nd2",49692672,405nm Binned|561nm Binned|488nm Binned,Seq0066
G07,G,07,PLD3_only_no_mCherry,False,25,"/Users/pmihack/claire/tmem_2026/data/260213_Feb16recopy_HYdiff_landingpadlines_survival_384well1/20260305_171612_406/260305_day25_iNeurons_WellG07_Channel405nm Binned,561nm Binned,488nm Binned_Seq0066.nd2","260305_day25_iNeurons_WellG07_Channel405nm Binned,561nm Binned,488nm Binned_Seq0066.nd2",49688576,405nm Binned|561nm Binned|488nm Binned,Seq0066
G07,G,07,PLD3_only_no_mCherry,False,29,"/Users/pmihack/claire/tmem_2026/data/260213_Feb16recopy_HYdiff_landingpadlines_survival_384well1/20260309_090353_210/260309_Day29_WellG07_Channel405nm Binned,561nm Binned,488nm Binned_Seq0066.nd2","260309_Day29_WellG07_Channel405nm Binned,561nm Binned,488nm Binned_Seq0066.nd2",49688576,405nm Binned|561nm Binned|488nm Binned,Seq0066
G07,G,07,PLD3_only_no_mCherry,False,32,"/Users/pmihack/claire/tmem_2026/data/260213_Feb16recopy_HYdiff_landingpadlines_survival_384well1/20260312_083635_497/260312_Day32_WellG07_Channel405nm Binned,561 nm,488nm Binned_Seq0066.nd2","260312_Day32_WellG07_Channel405nm Binned,561 nm,488nm Binned_Seq0066.nd2",49688576,405nm Binned|561 nm|488nm Binned,Seq0066
G07,G,07,PLD3_only_no_mCherry,False,36,"/Users/pmihack/claire/tmem_2026/data/260213_Feb16recopy_HYdiff_landingpadlines_survival_384well1/20260316_093139_667/260316_Day36_WellG07_Channel405nm Binned,561nm Binned,488nm Binned_Seq0066.nd2","260316_Day36_WellG07_Channel405nm Binned,561nm Binned,488nm Binned_Seq0066.nd2",49700864,405nm Binned|561nm Binned|488nm Binned,Seq0066
G07,G,07,PLD3_only_no_mCherry,False,39,"/Users/pmihack/claire/tmem_2026/data/260213_Feb16recopy_HYdiff_landingpadlines_survival_384well1/20260319_083746_585/260319_Day39_WellG07_Channel405nm Binned,561nm Binned,488nm Binned_Seq0066.nd2","260319_Day39_WellG07_Channel405nm Binned,561nm Binned,488nm Binned_Seq0066.nd2",49692672,405nm Binned|561nm Binned|488nm Binned,Seq0066
G08,G,08,PLD3_only_no_mCherry,False,8,"/Users/pmihack/claire/tmem_2026/data/260213_Feb16recopy_HYdiff_landingpadlines_survival_384well1/20260216_084435_959/260216_Day8_iNeurons_WellG08_Channel405nm Binned,561nm Binned,488nm Binned_Seq0067.nd2","260216_Day8_iNeurons_WellG08_Channel405nm Binned,561nm Binned,488nm Binned_Seq0067.nd2",49692672,405nm Binned|561nm Binned|488nm Binned,Seq0067
G08,G,08,PLD3_only_no_mCherry,False,12,"/Users/pmihack/claire/tmem_2026/data/260213_Feb16recopy_HYdiff_landingpadlines_survival_384well1/20260220_085237_196/260220_Day12_WellG08_Channel405nm Binned,561nm Binned,488nm Binned_Seq0067.nd2","260220_Day12_WellG08_Channel405nm Binned,561nm Binned,488nm Binned_Seq0067.nd2",49692672,405nm Binned|561nm Binned|488nm Binned,Seq0067
G08,G,08,PLD3_only_no_mCherry,False,16,"/Users/pmihack/claire/tmem_2026/data/260213_Feb16recopy_HYdiff_landingpadlines_survival_384well1/20260224_090320_759/260224_day16_WellG08_Channel405nm Binned,561nm Binned,488nm Binned_Seq0067.nd2","260224_day16_WellG08_Channel405nm Binned,561nm Binned,488nm Binned_Seq0067.nd2",49692672,405nm Binned|561nm Binned|488nm Binned,Seq0067
G08,G,08,PLD3_only_no_mCherry,False,20,"/Users/pmihack/claire/tmem_2026/data/260213_Feb16recopy_HYdiff_landingpadlines_survival_384well1/20260228_090815_318/260228_day20_WellG08_Channel405nm Binned,561nm Binned,488nm Binned_Seq0067.nd2","260228_day20_WellG08_Channel405nm Binned,561nm Binned,488nm Binned_Seq0067.nd2",49692672,405nm Binned|561nm Binned|488nm Binned,Seq0067
G08,G,08,PLD3_only_no_mCherry,False,25,"/Users/pmihack/claire/tmem_2026/data/260213_Feb16recopy_HYdiff_landingpadlines_survival_384well1/20260305_171612_406/260305_day25_iNeurons_WellG08_Channel405nm Binned,561nm Binned,488nm Binned_Seq0067.nd2","260305_day25_iNeurons_WellG08_Channel405nm Binned,561nm Binned,488nm Binned_Seq0067.nd2",49688576,405nm Binned|561nm Binned|488nm Binned,Seq0067
G08,G,08,PLD3_only_no_mCherry,False,29,"/Users/pmihack/claire/tmem_2026/data/260213_Feb16recopy_HYdiff_landingpadlines_survival_384well1/20260309_090353_210/260309_Day29_WellG08_Channel405nm Binned,561nm Binned,488nm Binned_Seq0067.nd2","260309_Day29_WellG08_Channel405nm Binned,561nm Binned,488nm Binned_Seq0067.nd2",49688576,405nm Binned|561nm Binned|488nm Binned,Seq0067
G08,G,08,PLD3_only_no_mCherry,False,32,"/Users/pmihack/claire/tmem_2026/data/260213_Feb16recopy_HYdiff_landingpadlines_survival_384well1/20260312_083635_497/260312_Day32_WellG08_Channel405nm Binned,561 nm,488nm Binned_Seq0067.nd2","260312_Day32_WellG08_Channel405nm Binned,561 nm,488nm Binned_Seq0067.nd2",49688576,405nm Binned|561 nm|488nm Binned,Seq0067
G08,G,08,PLD3_only_no_mCherry,False,36,"/Users/pmihack/claire/tmem_2026/data/260213_Feb16recopy_HYdiff_landingpadlines_survival_384well1/20260316_093139_667/260316_Day36_WellG08_Channel405nm Binned,561nm Binned,488nm Binned_Seq0067.nd2","260316_Day36_WellG08_Channel405nm Binned,561nm Binned,488nm Binned_Seq0067.nd2",49700864,405nm Binned|561nm Binned|488nm Binned,Seq0067
G08,G,08,PLD3_only_no_mCherry,False,39,"/Users/pmihack/claire/tmem_2026/data/260213_Feb16recopy_HYdiff_landingpadlines_survival_384well1/20260319_083746_585/260319_Day39_WellG08_Channel405nm Binned,561nm Binned,488nm Binned_Seq0067.nd2","260319_Day39_WellG08_Channel405nm Binned,561nm Binned,488nm Binned_Seq0067.nd2",49692672,405nm Binned|561nm Binned|488nm Binned,Seq0067
G09,G,09,PLD3_only_no_mCherry,False,8,"/Users/pmihack/claire/tmem_2026/data/260213_Feb16recopy_HYdiff_landingpadlines_survival_384well1/20260216_084435_959/260216_Day8_iNeurons_WellG09_Channel405nm Binned,561nm Binned,488nm Binned_Seq0068.nd2","260216_Day8_iNeurons_WellG09_Channel405nm Binned,561nm Binned,488nm Binned_Seq0068.nd2",49692672,405nm Binned|561nm Binned|488nm Binned,Seq0068
G09,G,09,PLD3_only_no_mCherry,False,12,"/Users/pmihack/claire/tmem_2026/data/260213_Feb16recopy_HYdiff_landingpadlines_survival_384well1/20260220_085237_196/260220_Day12_WellG09_Channel405nm Binned,561nm Binned,488nm Binned_Seq0068.nd2","260220_Day12_WellG09_Channel405nm Binned,561nm Binned,488nm Binned_Seq0068.nd2",49692672,405nm Binned|561nm Binned|488nm Binned,Seq0068
G09,G,09,PLD3_only_no_mCherry,False,16,"/Users/pmihack/claire/tmem_2026/data/260213_Feb16recopy_HYdiff_landingpadlines_survival_384well1/20260224_090320_759/260224_day16_WellG09_Channel405nm Binned,561nm Binned,488nm Binned_Seq0068.nd2","260224_day16_WellG09_Channel405nm Binned,561nm Binned,488nm Binned_Seq0068.nd2",49692672,405nm Binned|561nm Binned|488nm Binned,Seq0068
G09,G,09,PLD3_only_no_mCherry,False,20,"/Users/pmihack/claire/tmem_2026/data/260213_Feb16recopy_HYdiff_landingpadlines_survival_384well1/20260228_090815_318/260228_day20_WellG09_Channel405nm Binned,561nm Binned,488nm Binned_Seq0068.nd2","260228_day20_WellG09_Channel405nm Binned,561nm Binned,488nm Binned_Seq0068.nd2",49692672,405nm Binned|561nm Binned|488nm Binned,Seq0068
G09,G,09,PLD3_only_no_mCherry,False,25,"/Users/pmihack/claire/tmem_2026/data/260213_Feb16recopy_HYdiff_landingpadlines_survival_384well1/20260305_171612_406/260305_day25_iNeurons_WellG09_Channel405nm Binned,561nm Binned,488nm Binned_Seq0068.nd2","260305_day25_iNeurons_WellG09_Channel405nm Binned,561nm Binned,488nm Binned_Seq0068.nd2",49688576,405nm Binned|561nm Binned|488nm Binned,Seq0068
G09,G,09,PLD3_only_no_mCherry,False,29,"/Users/pmihack/claire/tmem_2026/data/260213_Feb16recopy_HYdiff_landingpadlines_survival_384well1/20260309_090353_210/260309_Day29_WellG09_Channel405nm Binned,561nm Binned,488nm Binned_Seq0068.nd2","260309_Day29_WellG09_Channel405nm Binned,561nm Binned,488nm Binned_Seq0068.nd2",49688576,405nm Binned|561nm Binned|488nm Binned,Seq0068
G09,G,09,PLD3_only_no_mCherry,False,32,"/Users/pmihack/claire/tmem_2026/data/260213_Feb16recopy_HYdiff_landingpadlines_survival_384well1/20260312_083635_497/260312_Day32_WellG09_Channel405nm Binned,561 nm,488nm Binned_Seq0068.nd2","260312_Day32_WellG09_Channel405nm Binned,561 nm,488nm Binned_Seq0068.nd2",49688576,405nm Binned|561 nm|488nm Binned,Seq0068
G09,G,09,PLD3_only_no_mCherry,False,36,"/Users/pmihack/claire/tmem_2026/data/260213_Feb16recopy_HYdiff_landingpadlines_survival_384well1/20260316_093139_667/260316_Day36_WellG09_Channel405nm Binned,561nm Binned,488nm Binned_Seq0068.nd2","260316_Day36_WellG09_Channel405nm Binned,561nm Binned,488nm Binned_Seq0068.nd2",49700864,405nm Binned|561nm Binned|488nm Binned,Seq0068
G09,G,09,PLD3_only_no_mCherry,False,39,"/Users/pmihack/claire/tmem_2026/data/260213_Feb16recopy_HYdiff_landingpadlines_survival_384well1/20260319_083746_585/260319_Day39_WellG09_Channel405nm Binned,561nm Binned,488nm Binned_Seq0068.nd2","260319_Day39_WellG09_Channel405nm Binned,561nm Binned,488nm Binned_Seq0068.nd2",49692672,405nm Binned|561nm Binned|488nm Binned,Seq0068
G10,G,10,PLD3_only_no_mCherry,False,8,"/Users/pmihack/claire/tmem_2026/data/260213_Feb16recopy_HYdiff_landingpadlines_survival_384well1/20260216_084435_959/260216_Day8_iNeurons_WellG10_Channel405nm Binned,561nm Binned,488nm Binned_Seq0069.nd2","260216_Day8_iNeurons_WellG10_Channel405nm Binned,561nm Binned,488nm Binned_Seq0069.nd2",49692672,405nm Binned|561nm Binned|488nm Binned,Seq0069
G10,G,10,PLD3_only_no_mCherry,False,12,"/Users/pmihack/claire/tmem_2026/data/260213_Feb16recopy_HYdiff_landingpadlines_survival_384well1/20260220_085237_196/260220_Day12_WellG10_Channel405nm Binned,561nm Binned,488nm Binned_Seq0069.nd2","260220_Day12_WellG10_Channel405nm Binned,561nm Binned,488nm Binned_Seq0069.nd2",49692672,405nm Binned|561nm Binned|488nm Binned,Seq0069
G10,G,10,PLD3_only_no_mCherry,False,16,"/Users/pmihack/claire/tmem_2026/data/260213_Feb16recopy_HYdiff_landingpadlines_survival_384well1/20260224_090320_759/260224_day16_WellG10_Channel405nm Binned,561nm Binned,488nm Binned_Seq0069.nd2","260224_day16_WellG10_Channel405nm Binned,561nm Binned,488nm Binned_Seq0069.nd2",49692672,405nm Binned|561nm Binned|488nm Binned,Seq0069
G10,G,10,PLD3_only_no_mCherry,False,20,"/Users/pmihack/claire/tmem_2026/data/260213_Feb16recopy_HYdiff_landingpadlines_survival_384well1/20260228_090815_318/260228_day20_WellG10_Channel405nm Binned,561nm Binned,488nm Binned_Seq0069.nd2","260228_day20_WellG10_Channel405nm Binned,561nm Binned,488nm Binned_Seq0069.nd2",49692672,405nm Binned|561nm Binned|488nm Binned,Seq0069
G10,G,10,PLD3_only_no_mCherry,False,25,"/Users/pmihack/claire/tmem_2026/data/260213_Feb16recopy_HYdiff_landingpadlines_survival_384well1/20260305_171612_406/260305_day25_iNeurons_WellG10_Channel405nm Binned,561nm Binned,488nm Binned_Seq0069.nd2","260305_day25_iNeurons_WellG10_Channel405nm Binned,561nm Binned,488nm Binned_Seq0069.nd2",49688576,405nm Binned|561nm Binned|488nm Binned,Seq0069
G10,G,10,PLD3_only_no_mCherry,False,29,"/Users/pmihack/claire/tmem_2026/data/260213_Feb16recopy_HYdiff_landingpadlines_survival_384well1/20260309_090353_210/260309_Day29_WellG10_Channel405nm Binned,561nm Binned,488nm Binned_Seq0069.nd2","260309_Day29_WellG10_Channel405nm Binned,561nm Binned,488nm Binned_Seq0069.nd2",49688576,405nm Binned|561nm Binned|488nm Binned,Seq0069
G10,G,10,PLD3_only_no_mCherry,False,32,"/Users/pmihack/claire/tmem_2026/data/260213_Feb16recopy_HYdiff_landingpadlines_survival_384well1/20260312_083635_497/260312_Day32_WellG10_Channel405nm Binned,561 nm,488nm Binned_Seq0069.nd2","260312_Day32_WellG10_Channel405nm Binned,561 nm,488nm Binned_Seq0069.nd2",49688576,405nm Binned|561 nm|488nm Binned,Seq0069
G10,G,10,PLD3_only_no_mCherry,False,36,"/Users/pmihack/claire/tmem_2026/data/260213_Feb16recopy_HYdiff_landingpadlines_survival_384well1/20260316_093139_667/260316_Day36_WellG10_Channel405nm Binned,561nm Binned,488nm Binned_Seq0069.nd2","260316_Day36_WellG10_Channel405nm Binned,561nm Binned,488nm Binned_Seq0069.nd2",49700864,405nm Binned|561nm Binned|488nm Binned,Seq0069
G10,G,10,PLD3_only_no_mCherry,False,39,"/Users/pmihack/claire/tmem_2026/data/260213_Feb16recopy_HYdiff_landingpadlines_survival_384well1/20260319_083746_585/260319_Day39_WellG10_Channel405nm Binned,561nm Binned,488nm Binned_Seq0069.nd2","260319_Day39_WellG10_Channel405nm Binned,561nm Binned,488nm Binned_Seq0069.nd2",49692672,405nm Binned|561nm Binned|488nm Binned,Seq0069
G11,G,11,PLD3_only_no_mCherry,False,8,"/Users/pmihack/claire/tmem_2026/data/260213_Feb16recopy_HYdiff_landingpadlines_survival_384well1/20260216_084435_959/260216_Day8_iNeurons_WellG11_Channel405nm Binned,561nm Binned,488nm Binned_Seq0070.nd2","260216_Day8_iNeurons_WellG11_Channel405nm Binned,561nm Binned,488nm Binned_Seq0070.nd2",49692672,405nm Binned|561nm Binned|488nm Binned,Seq0070
G11,G,11,PLD3_only_no_mCherry,False,12,"/Users/pmihack/claire/tmem_2026/data/260213_Feb16recopy_HYdiff_landingpadlines_survival_384well1/20260220_085237_196/260220_Day12_WellG11_Channel405nm Binned,561nm Binned,488nm Binned_Seq0070.nd2","260220_Day12_WellG11_Channel405nm Binned,561nm Binned,488nm Binned_Seq0070.nd2",49692672,405nm Binned|561nm Binned|488nm Binned,Seq0070
G11,G,11,PLD3_only_no_mCherry,False,16,"/Users/pmihack/claire/tmem_2026/data/260213_Feb16recopy_HYdiff_landingpadlines_survival_384well1/20260224_090320_759/260224_day16_WellG11_Channel405nm Binned,561nm Binned,488nm Binned_Seq0070.nd2","260224_day16_WellG11_Channel405nm Binned,561nm Binned,488nm Binned_Seq0070.nd2",49692672,405nm Binned|561nm Binned|488nm Binned,Seq0070
G11,G,11,PLD3_only_no_mCherry,False,20,"/Users/pmihack/claire/tmem_2026/data/260213_Feb16recopy_HYdiff_landingpadlines_survival_384well1/20260228_090815_318/260228_day20_WellG11_Channel405nm Binned,561nm Binned,488nm Binned_Seq0070.nd2","260228_day20_WellG11_Channel405nm Binned,561nm Binned,488nm Binned_Seq0070.nd2",49692672,405nm Binned|561nm Binned|488nm Binned,Seq0070
G11,G,11,PLD3_only_no_mCherry,False,25,"/Users/pmihack/claire/tmem_2026/data/260213_Feb16recopy_HYdiff_landingpadlines_survival_384well1/20260305_171612_406/260305_day25_iNeurons_WellG11_Channel405nm Binned,561nm Binned,488nm Binned_Seq0070.nd2","260305_day25_iNeurons_WellG11_Channel405nm Binned,561nm Binned,488nm Binned_Seq0070.nd2",49688576,405nm Binned|561nm Binned|488nm Binned,Seq0070
G11,G,11,PLD3_only_no_mCherry,False,29,"/Users/pmihack/claire/tmem_2026/data/260213_Feb16recopy_HYdiff_landingpadlines_survival_384well1/20260309_090353_210/260309_Day29_WellG11_Channel405nm Binned,561nm Binned,488nm Binned_Seq0070.nd2","260309_Day29_WellG11_Channel405nm Binned,561nm Binned,488nm Binned_Seq0070.nd2",49688576,405nm Binned|561nm Binned|488nm Binned,Seq0070
G11,G,11,PLD3_only_no_mCherry,False,32,"/Users/pmihack/claire/tmem_2026/data/260213_Feb16recopy_HYdiff_landingpadlines_survival_384well1/20260312_083635_497/260312_Day32_WellG11_Channel405nm Binned,561 nm,488nm Binned_Seq0070.nd2","260312_Day32_WellG11_Channel405nm Binned,561 nm,488nm Binned_Seq0070.nd2",49688576,405nm Binned|561 nm|488nm Binned,Seq0070
G11,G,11,PLD3_only_no_mCherry,False,36,"/Users/pmihack/claire/tmem_2026/data/260213_Feb16recopy_HYdiff_landingpadlines_survival_384well1/20260316_093139_667/260316_Day36_WellG11_Channel405nm Binned,561nm Binned,488nm Binned_Seq0070.nd2","260316_Day36_WellG11_Channel405nm Binned,561nm Binned,488nm Binned_Seq0070.nd2",49700864,405nm Binned|561nm Binned|488nm Binned,Seq0070
G11,G,11,PLD3_only_no_mCherry,False,39,"/Users/pmihack/claire/tmem_2026/data/260213_Feb16recopy_HYdiff_landingpadlines_survival_384well1/20260319_083746_585/260319_Day39_WellG11_Channel405nm Binned,561nm Binned,488nm Binned_Seq0070.nd2","260319_Day39_WellG11_Channel405nm Binned,561nm Binned,488nm Binned_Seq0070.nd2",49692672,405nm Binned|561nm Binned|488nm Binned,Seq0070
G12,G,12,PLD3_only_no_mCherry,False,8,"/Users/pmihack/claire/tmem_2026/data/260213_Feb16recopy_HYdiff_landingpadlines_survival_384well1/20260216_084435_959/260216_Day8_iNeurons_WellG12_Channel405nm Binned,561nm Binned,488nm Binned_Seq0071.nd2","260216_Day8_iNeurons_WellG12_Channel405nm Binned,561nm Binned,488nm Binned_Seq0071.nd2",49692672,405nm Binned|561nm Binned|488nm Binned,Seq0071
G12,G,12,PLD3_only_no_mCherry,False,12,"/Users/pmihack/claire/tmem_2026/data/260213_Feb16recopy_HYdiff_landingpadlines_survival_384well1/20260220_085237_196/260220_Day12_WellG12_Channel405nm Binned,561nm Binned,488nm Binned_Seq0071.nd2","260220_Day12_WellG12_Channel405nm Binned,561nm Binned,488nm Binned_Seq0071.nd2",49692672,405nm Binned|561nm Binned|488nm Binned,Seq0071
G12,G,12,PLD3_only_no_mCherry,False,16,"/Users/pmihack/claire/tmem_2026/data/260213_Feb16recopy_HYdiff_landingpadlines_survival_384well1/20260224_090320_759/260224_day16_WellG12_Channel405nm Binned,561nm Binned,488nm Binned_Seq0071.nd2","260224_day16_WellG12_Channel405nm Binned,561nm Binned,488nm Binned_Seq0071.nd2",49692672,405nm Binned|561nm Binned|488nm Binned,Seq0071
G12,G,12,PLD3_only_no_mCherry,False,20,"/Users/pmihack/claire/tmem_2026/data/260213_Feb16recopy_HYdiff_landingpadlines_survival_384well1/20260228_090815_318/260228_day20_WellG12_Channel405nm Binned,561nm Binned,488nm Binned_Seq0071.nd2","260228_day20_WellG12_Channel405nm Binned,561nm Binned,488nm Binned_Seq0071.nd2",49692672,405nm Binned|561nm Binned|488nm Binned,Seq0071
G12,G,12,PLD3_only_no_mCherry,False,25,"/Users/pmihack/claire/tmem_2026/data/260213_Feb16recopy_HYdiff_landingpadlines_survival_384well1/20260305_171612_406/260305_day25_iNeurons_WellG12_Channel405nm Binned,561nm Binned,488nm Binned_Seq0071.nd2","260305_day25_iNeurons_WellG12_Channel405nm Binned,561nm Binned,488nm Binned_Seq0071.nd2",49688576,405nm Binned|561nm Binned|488nm Binned,Seq0071
G12,G,12,PLD3_only_no_mCherry,False,29,"/Users/pmihack/claire/tmem_2026/data/260213_Feb16recopy_HYdiff_landingpadlines_survival_384well1/20260309_090353_210/260309_Day29_WellG12_Channel405nm Binned,561nm Binned,488nm Binned_Seq0071.nd2","260309_Day29_WellG12_Channel405nm Binned,561nm Binned,488nm Binned_Seq0071.nd2",49688576,405nm Binned|561nm Binned|488nm Binned,Seq0071
G12,G,12,PLD3_only_no_mCherry,False,32,"/Users/pmihack/claire/tmem_2026/data/260213_Feb16recopy_HYdiff_landingpadlines_survival_384well1/20260312_083635_497/260312_Day32_WellG12_Channel405nm Binned,561 nm,488nm Binned_Seq0071.nd2","260312_Day32_WellG12_Channel405nm Binned,561 nm,488nm Binned_Seq0071.nd2",49688576,405nm Binned|561 nm|488nm Binned,Seq0071
G12,G,12,PLD3_only_no_mCherry,False,36,"/Users/pmihack/claire/tmem_2026/data/260213_Feb16recopy_HYdiff_landingpadlines_survival_384well1/20260316_093139_667/260316_Day36_WellG12_Channel405nm Binned,561nm Binned,488nm Binned_Seq0071.nd2","260316_Day36_WellG12_Channel405nm Binned,561nm Binned,488nm Binned_Seq0071.nd2",49700864,405nm Binned|561nm Binned|488nm Binned,Seq0071
G12,G,12,PLD3_only_no_mCherry,False,39,"/Users/pmihack/claire/tmem_2026/data/260213_Feb16recopy_HYdiff_landingpadlines_survival_384well1/20260319_083746_585/260319_Day39_WellG12_Channel405nm Binned,561nm Binned,488nm Binned_Seq0071.nd2","260319_Day39_WellG12_Channel405nm Binned,561nm Binned,488nm Binned_Seq0071.nd2",49692672,405nm Binned|561nm Binned|488nm Binned,Seq0071
G13,G,13,PLD3_only_no_mCherry,False,8,"/Users/pmihack/claire/tmem_2026/data/260213_Feb16recopy_HYdiff_landingpadlines_survival_384well1/20260216_084435_959/260216_Day8_iNeurons_WellG13_Channel405nm Binned,561nm Binned,488nm Binned_Seq0072.nd2","260216_Day8_iNeurons_WellG13_Channel405nm Binned,561nm Binned,488nm Binned_Seq0072.nd2",49692672,405nm Binned|561nm Binned|488nm Binned,Seq0072
G13,G,13,PLD3_only_no_mCherry,False,12,"/Users/pmihack/claire/tmem_2026/data/260213_Feb16recopy_HYdiff_landingpadlines_survival_384well1/20260220_085237_196/260220_Day12_WellG13_Channel405nm Binned,561nm Binned,488nm Binned_Seq0072.nd2","260220_Day12_WellG13_Channel405nm Binned,561nm Binned,488nm Binned_Seq0072.nd2",49692672,405nm Binned|561nm Binned|488nm Binned,Seq0072
G13,G,13,PLD3_only_no_mCherry,False,16,"/Users/pmihack/claire/tmem_2026/data/260213_Feb16recopy_HYdiff_landingpadlines_survival_384well1/20260224_090320_759/260224_day16_WellG13_Channel405nm Binned,561nm Binned,488nm Binned_Seq0072.nd2","260224_day16_WellG13_Channel405nm Binned,561nm Binned,488nm Binned_Seq0072.nd2",49692672,405nm Binned|561nm Binned|488nm Binned,Seq0072
G13,G,13,PLD3_only_no_mCherry,False,20,"/Users/pmihack/claire/tmem_2026/data/260213_Feb16recopy_HYdiff_landingpadlines_survival_384well1/20260228_090815_318/260228_day20_WellG13_Channel405nm Binned,561nm Binned,488nm Binned_Seq0072.nd2","260228_day20_WellG13_Channel405nm Binned,561nm Binned,488nm Binned_Seq0072.nd2",49692672,405nm Binned|561nm Binned|488nm Binned,Seq0072
G13,G,13,PLD3_only_no_mCherry,False,25,"/Users/pmihack/claire/tmem_2026/data/260213_Feb16recopy_HYdiff_landingpadlines_survival_384well1/20260305_171612_406/260305_day25_iNeurons_WellG13_Channel405nm Binned,561nm Binned,488nm Binned_Seq0072.nd2","260305_day25_iNeurons_WellG13_Channel405nm Binned,561nm Binned,488nm Binned_Seq0072.nd2",49688576,405nm Binned|561nm Binned|488nm Binned,Seq0072
G13,G,13,PLD3_only_no_mCherry,False,29,"/Users/pmihack/claire/tmem_2026/data/260213_Feb16recopy_HYdiff_landingpadlines_survival_384well1/20260309_090353_210/260309_Day29_WellG13_Channel405nm Binned,561nm Binned,488nm Binned_Seq0072.nd2","260309_Day29_WellG13_Channel405nm Binned,561nm Binned,488nm Binned_Seq0072.nd2",49688576,405nm Binned|561nm Binned|488nm Binned,Seq0072
G13,G,13,PLD3_only_no_mCherry,False,32,"/Users/pmihack/claire/tmem_2026/data/260213_Feb16recopy_HYdiff_landingpadlines_survival_384well1/20260312_083635_497/260312_Day32_WellG13_Channel405nm Binned,561 nm,488nm Binned_Seq0072.nd2","260312_Day32_WellG13_Channel405nm Binned,561 nm,488nm Binned_Seq0072.nd2",49688576,405nm Binned|561 nm|488nm Binned,Seq0072
G13,G,13,PLD3_only_no_mCherry,False,36,"/Users/pmihack/claire/tmem_2026/data/260213_Feb16recopy_HYdiff_landingpadlines_survival_384well1/20260316_093139_667/260316_Day36_WellG13_Channel405nm Binned,561nm Binned,488nm Binned_Seq0072.nd2","260316_Day36_WellG13_Channel405nm Binned,561nm Binned,488nm Binned_Seq0072.nd2",49700864,405nm Binned|561nm Binned|488nm Binned,Seq0072
G13,G,13,PLD3_only_no_mCherry,False,39,"/Users/pmihack/claire/tmem_2026/data/260213_Feb16recopy_HYdiff_landingpadlines_survival_384well1/20260319_083746_585/260319_Day39_WellG13_Channel405nm Binned,561nm Binned,488nm Binned_Seq0072.nd2","260319_Day39_WellG13_Channel405nm Binned,561nm Binned,488nm Binned_Seq0072.nd2",49692672,405nm Binned|561nm Binned|488nm Binned,Seq0072
G14,G,14,PLD3_only_no_mCherry,False,8,"/Users/pmihack/claire/tmem_2026/data/260213_Feb16recopy_HYdiff_landingpadlines_survival_384well1/20260216_084435_959/260216_Day8_iNeurons_WellG14_Channel405nm Binned,561nm Binned,488nm Binned_Seq0073.nd2","260216_Day8_iNeurons_WellG14_Channel405nm Binned,561nm Binned,488nm Binned_Seq0073.nd2",49692672,405nm Binned|561nm Binned|488nm Binned,Seq0073
G14,G,14,PLD3_only_no_mCherry,False,12,"/Users/pmihack/claire/tmem_2026/data/260213_Feb16recopy_HYdiff_landingpadlines_survival_384well1/20260220_085237_196/260220_Day12_WellG14_Channel405nm Binned,561nm Binned,488nm Binned_Seq0073.nd2","260220_Day12_WellG14_Channel405nm Binned,561nm Binned,488nm Binned_Seq0073.nd2",49692672,405nm Binned|561nm Binned|488nm Binned,Seq0073
G14,G,14,PLD3_only_no_mCherry,False,16,"/Users/pmihack/claire/tmem_2026/data/260213_Feb16recopy_HYdiff_landingpadlines_survival_384well1/20260224_090320_759/260224_day16_WellG14_Channel405nm Binned,561nm Binned,488nm Binned_Seq0073.nd2","260224_day16_WellG14_Channel405nm Binned,561nm Binned,488nm Binned_Seq0073.nd2",49692672,405nm Binned|561nm Binned|488nm Binned,Seq0073
G14,G,14,PLD3_only_no_mCherry,False,20,"/Users/pmihack/claire/tmem_2026/data/260213_Feb16recopy_HYdiff_landingpadlines_survival_384well1/20260228_090815_318/260228_day20_WellG14_Channel405nm Binned,561nm Binned,488nm Binned_Seq0073.nd2","260228_day20_WellG14_Channel405nm Binned,561nm Binned,488nm Binned_Seq0073.nd2",49692672,405nm Binned|561nm Binned|488nm Binned,Seq0073
G14,G,14,PLD3_only_no_mCherry,False,25,"/Users/pmihack/claire/tmem_2026/data/260213_Feb16recopy_HYdiff_landingpadlines_survival_384well1/20260305_171612_406/260305_day25_iNeurons_WellG14_Channel405nm Binned,561nm Binned,488nm Binned_Seq0073.nd2","260305_day25_iNeurons_WellG14_Channel405nm Binned,561nm Binned,488nm Binned_Seq0073.nd2",49688576,405nm Binned|561nm Binned|488nm Binned,Seq0073
G14,G,14,PLD3_only_no_mCherry,False,29,"/Users/pmihack/claire/tmem_2026/data/260213_Feb16recopy_HYdiff_landingpadlines_survival_384well1/20260309_090353_210/260309_Day29_WellG14_Channel405nm Binned,561nm Binned,488nm Binned_Seq0073.nd2","260309_Day29_WellG14_Channel405nm Binned,561nm Binned,488nm Binned_Seq0073.nd2",49688576,405nm Binned|561nm Binned|488nm Binned,Seq0073
G14,G,14,PLD3_only_no_mCherry,False,32,"/Users/pmihack/claire/tmem_2026/data/260213_Feb16recopy_HYdiff_landingpadlines_survival_384well1/20260312_083635_497/260312_Day32_WellG14_Channel405nm Binned,561 nm,488nm Binned_Seq0073.nd2","260312_Day32_WellG14_Channel405nm Binned,561 nm,488nm Binned_Seq0073.nd2",49688576,405nm Binned|561 nm|488nm Binned,Seq0073
G14,G,14,PLD3_only_no_mCherry,False,36,"/Users/pmihack/claire/tmem_2026/data/260213_Feb16recopy_HYdiff_landingpadlines_survival_384well1/20260316_093139_667/260316_Day36_WellG14_Channel405nm Binned,561nm Binned,488nm Binned_Seq0073.nd2","260316_Day36_WellG14_Channel405nm Binned,561nm Binned,488nm Binned_Seq0073.nd2",49700864,405nm Binned|561nm Binned|488nm Binned,Seq0073
G14,G,14,PLD3_only_no_mCherry,False,39,"/Users/pmihack/claire/tmem_2026/data/260213_Feb16recopy_HYdiff_landingpadlines_survival_384well1/20260319_083746_585/260319_Day39_WellG14_Channel405nm Binned,561nm Binned,488nm Binned_Seq0073.nd2","260319_Day39_WellG14_Channel405nm Binned,561nm Binned,488nm Binned_Seq0073.nd2",49692672,405nm Binned|561nm Binned|488nm Binned,Seq0073
G15,G,15,PLD3_only_no_mCherry,False,8,"/Users/pmihack/claire/tmem_2026/data/260213_Feb16recopy_HYdiff_landingpadlines_survival_384well1/20260216_084435_959/260216_Day8_iNeurons_WellG15_Channel405nm Binned,561nm Binned,488nm Binned_Seq0074.nd2","260216_Day8_iNeurons_WellG15_Channel405nm Binned,561nm Binned,488nm Binned_Seq0074.nd2",49692672,405nm Binned|561nm Binned|488nm Binned,Seq0074
G15,G,15,PLD3_only_no_mCherry,False,12,"/Users/pmihack/claire/tmem_2026/data/260213_Feb16recopy_HYdiff_landingpadlines_survival_384well1/20260220_085237_196/260220_Day12_WellG15_Channel405nm Binned,561nm Binned,488nm Binned_Seq0074.nd2","260220_Day12_WellG15_Channel405nm Binned,561nm Binned,488nm Binned_Seq0074.nd2",49692672,405nm Binned|561nm Binned|488nm Binned,Seq0074
G15,G,15,PLD3_only_no_mCherry,False,16,"/Users/pmihack/claire/tmem_2026/data/260213_Feb16recopy_HYdiff_landingpadlines_survival_384well1/20260224_090320_759/260224_day16_WellG15_Channel405nm Binned,561nm Binned,488nm Binned_Seq0074.nd2","260224_day16_WellG15_Channel405nm Binned,561nm Binned,488nm Binned_Seq0074.nd2",49692672,405nm Binned|561nm Binned|488nm Binned,Seq0074
G15,G,15,PLD3_only_no_mCherry,False,20,"/Users/pmihack/claire/tmem_2026/data/260213_Feb16recopy_HYdiff_landingpadlines_survival_384well1/20260228_090815_318/260228_day20_WellG15_Channel405nm Binned,561nm Binned,488nm Binned_Seq0074.nd2","260228_day20_WellG15_Channel405nm Binned,561nm Binned,488nm Binned_Seq0074.nd2",49692672,405nm Binned|561nm Binned|488nm Binned,Seq0074
G15,G,15,PLD3_only_no_mCherry,False,25,"/Users/pmihack/claire/tmem_2026/data/260213_Feb16recopy_HYdiff_landingpadlines_survival_384well1/20260305_171612_406/260305_day25_iNeurons_WellG15_Channel405nm Binned,561nm Binned,488nm Binned_Seq0074.nd2","260305_day25_iNeurons_WellG15_Channel405nm Binned,561nm Binned,488nm Binned_Seq0074.nd2",49688576,405nm Binned|561nm Binned|488nm Binned,Seq0074
G15,G,15,PLD3_only_no_mCherry,False,29,"/Users/pmihack/claire/tmem_2026/data/260213_Feb16recopy_HYdiff_landingpadlines_survival_384well1/20260309_090353_210/260309_Day29_WellG15_Channel405nm Binned,561nm Binned,488nm Binned_Seq0074.nd2","260309_Day29_WellG15_Channel405nm Binned,561nm Binned,488nm Binned_Seq0074.nd2",49688576,405nm Binned|561nm Binned|488nm Binned,Seq0074
G15,G,15,PLD3_only_no_mCherry,False,32,"/Users/pmihack/claire/tmem_2026/data/260213_Feb16recopy_HYdiff_landingpadlines_survival_384well1/20260312_083635_497/260312_Day32_WellG15_Channel405nm Binned,561 nm,488nm Binned_Seq0074.nd2","260312_Day32_WellG15_Channel405nm Binned,561 nm,488nm Binned_Seq0074.nd2",49688576,405nm Binned|561 nm|488nm Binned,Seq0074
G15,G,15,PLD3_only_no_mCherry,False,36,"/Users/pmihack/claire/tmem_2026/data/260213_Feb16recopy_HYdiff_landingpadlines_survival_384well1/20260316_093139_667/260316_Day36_WellG15_Channel405nm Binned,561nm Binned,488nm Binned_Seq0074.nd2","260316_Day36_WellG15_Channel405nm Binned,561nm Binned,488nm Binned_Seq0074.nd2",49700864,405nm Binned|561nm Binned|488nm Binned,Seq0074
G15,G,15,PLD3_only_no_mCherry,False,39,"/Users/pmihack/claire/tmem_2026/data/260213_Feb16recopy_HYdiff_landingpadlines_survival_384well1/20260319_083746_585/260319_Day39_WellG15_Channel405nm Binned,561nm Binned,488nm Binned_Seq0074.nd2","260319_Day39_WellG15_Channel405nm Binned,561nm Binned,488nm Binned_Seq0074.nd2",49692672,405nm Binned|561nm Binned|488nm Binned,Seq0074
G16,G,16,PLD3_only_no_mCherry,False,8,"/Users/pmihack/claire/tmem_2026/data/260213_Feb16recopy_HYdiff_landingpadlines_survival_384well1/20260216_084435_959/260216_Day8_iNeurons_WellG16_Channel405nm Binned,561nm Binned,488nm Binned_Seq0075.nd2","260216_Day8_iNeurons_WellG16_Channel405nm Binned,561nm Binned,488nm Binned_Seq0075.nd2",49692672,405nm Binned|561nm Binned|488nm Binned,Seq0075
G16,G,16,PLD3_only_no_mCherry,False,12,"/Users/pmihack/claire/tmem_2026/data/260213_Feb16recopy_HYdiff_landingpadlines_survival_384well1/20260220_085237_196/260220_Day12_WellG16_Channel405nm Binned,561nm Binned,488nm Binned_Seq0075.nd2","260220_Day12_WellG16_Channel405nm Binned,561nm Binned,488nm Binned_Seq0075.nd2",49692672,405nm Binned|561nm Binned|488nm Binned,Seq0075
G16,G,16,PLD3_only_no_mCherry,False,16,"/Users/pmihack/claire/tmem_2026/data/260213_Feb16recopy_HYdiff_landingpadlines_survival_384well1/20260224_090320_759/260224_day16_WellG16_Channel405nm Binned,561nm Binned,488nm Binned_Seq0075.nd2","260224_day16_WellG16_Channel405nm Binned,561nm Binned,488nm Binned_Seq0075.nd2",49692672,405nm Binned|561nm Binned|488nm Binned,Seq0075
G16,G,16,PLD3_only_no_mCherry,False,20,"/Users/pmihack/claire/tmem_2026/data/260213_Feb16recopy_HYdiff_landingpadlines_survival_384well1/20260228_090815_318/260228_day20_WellG16_Channel405nm Binned,561nm Binned,488nm Binned_Seq0075.nd2","260228_day20_WellG16_Channel405nm Binned,561nm Binned,488nm Binned_Seq0075.nd2",49692672,405nm Binned|561nm Binned|488nm Binned,Seq0075
G16,G,16,PLD3_only_no_mCherry,False,25,"/Users/pmihack/claire/tmem_2026/data/260213_Feb16recopy_HYdiff_landingpadlines_survival_384well1/20260305_171612_406/260305_day25_iNeurons_WellG16_Channel405nm Binned,561nm Binned,488nm Binned_Seq0075.nd2","260305_day25_iNeurons_WellG16_Channel405nm Binned,561nm Binned,488nm Binned_Seq0075.nd2",49688576,405nm Binned|561nm Binned|488nm Binned,Seq0075
G16,G,16,PLD3_only_no_mCherry,False,29,"/Users/pmihack/claire/tmem_2026/data/260213_Feb16recopy_HYdiff_landingpadlines_survival_384well1/20260309_090353_210/260309_Day29_WellG16_Channel405nm Binned,561nm Binned,488nm Binned_Seq0075.nd2","260309_Day29_WellG16_Channel405nm Binned,561nm Binned,488nm Binned_Seq0075.nd2",49688576,405nm Binned|561nm Binned|488nm Binned,Seq0075
G16,G,16,PLD3_only_no_mCherry,False,32,"/Users/pmihack/claire/tmem_2026/data/260213_Feb16recopy_HYdiff_landingpadlines_survival_384well1/20260312_083635_497/260312_Day32_WellG16_Channel405nm Binned,561 nm,488nm Binned_Seq0075.nd2","260312_Day32_WellG16_Channel405nm Binned,561 nm,488nm Binned_Seq0075.nd2",49688576,405nm Binned|561 nm|488nm Binned,Seq0075
G16,G,16,PLD3_only_no_mCherry,False,36,"/Users/pmihack/claire/tmem_2026/data/260213_Feb16recopy_HYdiff_landingpadlines_survival_384well1/20260316_093139_667/260316_Day36_WellG16_Channel405nm Binned,561nm Binned,488nm Binned_Seq0075.nd2","260316_Day36_WellG16_Channel405nm Binned,561nm Binned,488nm Binned_Seq0075.nd2",49700864,405nm Binned|561nm Binned|488nm Binned,Seq0075
G16,G,16,PLD3_only_no_mCherry,False,39,"/Users/pmihack/claire/tmem_2026/data/260213_Feb16recopy_HYdiff_landingpadlines_survival_384well1/20260319_083746_585/260319_Day39_WellG16_Channel405nm Binned,561nm Binned,488nm Binned_Seq0075.nd2","260319_Day39_WellG16_Channel405nm Binned,561nm Binned,488nm Binned_Seq0075.nd2",49692672,405nm Binned|561nm Binned|488nm Binned,Seq0075
G17,G,17,PLD3_only_no_mCherry,False,8,"/Users/pmihack/claire/tmem_2026/data/260213_Feb16recopy_HYdiff_landingpadlines_survival_384well1/20260216_084435_959/260216_Day8_iNeurons_WellG17_Channel405nm Binned,561nm Binned,488nm Binned_Seq0076.nd2","260216_Day8_iNeurons_WellG17_Channel405nm Binned,561nm Binned,488nm Binned_Seq0076.nd2",49692672,405nm Binned|561nm Binned|488nm Binned,Seq0076
G17,G,17,PLD3_only_no_mCherry,False,12,"/Users/pmihack/claire/tmem_2026/data/260213_Feb16recopy_HYdiff_landingpadlines_survival_384well1/20260220_085237_196/260220_Day12_WellG17_Channel405nm Binned,561nm Binned,488nm Binned_Seq0076.nd2","260220_Day12_WellG17_Channel405nm Binned,561nm Binned,488nm Binned_Seq0076.nd2",49692672,405nm Binned|561nm Binned|488nm Binned,Seq0076
G17,G,17,PLD3_only_no_mCherry,False,16,"/Users/pmihack/claire/tmem_2026/data/260213_Feb16recopy_HYdiff_landingpadlines_survival_384well1/20260224_090320_759/260224_day16_WellG17_Channel405nm Binned,561nm Binned,488nm Binned_Seq0076.nd2","260224_day16_WellG17_Channel405nm Binned,561nm Binned,488nm Binned_Seq0076.nd2",49692672,405nm Binned|561nm Binned|488nm Binned,Seq0076
G17,G,17,PLD3_only_no_mCherry,False,20,"/Users/pmihack/claire/tmem_2026/data/260213_Feb16recopy_HYdiff_landingpadlines_survival_384well1/20260228_090815_318/260228_day20_WellG17_Channel405nm Binned,561nm Binned,488nm Binned_Seq0076.nd2","260228_day20_WellG17_Channel405nm Binned,561nm Binned,488nm Binned_Seq0076.nd2",49692672,405nm Binned|561nm Binned|488nm Binned,Seq0076
G17,G,17,PLD3_only_no_mCherry,False,25,"/Users/pmihack/claire/tmem_2026/data/260213_Feb16recopy_HYdiff_landingpadlines_survival_384well1/20260305_171612_406/260305_day25_iNeurons_WellG17_Channel405nm Binned,561nm Binned,488nm Binned_Seq0076.nd2","260305_day25_iNeurons_WellG17_Channel405nm Binned,561nm Binned,488nm Binned_Seq0076.nd2",49688576,405nm Binned|561nm Binned|488nm Binned,Seq0076
G17,G,17,PLD3_only_no_mCherry,False,29,"/Users/pmihack/claire/tmem_2026/data/260213_Feb16recopy_HYdiff_landingpadlines_survival_384well1/20260309_090353_210/260309_Day29_WellG17_Channel405nm Binned,561nm Binned,488nm Binned_Seq0076.nd2","260309_Day29_WellG17_Channel405nm Binned,561nm Binned,488nm Binned_Seq0076.nd2",49688576,405nm Binned|561nm Binned|488nm Binned,Seq0076
G17,G,17,PLD3_only_no_mCherry,False,32,"/Users/pmihack/claire/tmem_2026/data/260213_Feb16recopy_HYdiff_landingpadlines_survival_384well1/20260312_083635_497/260312_Day32_WellG17_Channel405nm Binned,561 nm,488nm Binned_Seq0076.nd2","260312_Day32_WellG17_Channel405nm Binned,561 nm,488nm Binned_Seq0076.nd2",49688576,405nm Binned|561 nm|488nm Binned,Seq0076
G17,G,17,PLD3_only_no_mCherry,False,36,"/Users/pmihack/claire/tmem_2026/data/260213_Feb16recopy_HYdiff_landingpadlines_survival_384well1/20260316_093139_667/260316_Day36_WellG17_Channel405nm Binned,561nm Binned,488nm Binned_Seq0076.nd2","260316_Day36_WellG17_Channel405nm Binned,561nm Binned,488nm Binned_Seq0076.nd2",49700864,405nm Binned|561nm Binned|488nm Binned,Seq0076
G17,G,17,PLD3_only_no_mCherry,False,39,"/Users/pmihack/claire/tmem_2026/data/260213_Feb16recopy_HYdiff_landingpadlines_survival_384well1/20260319_083746_585/260319_Day39_WellG17_Channel405nm Binned,561nm Binned,488nm Binned_Seq0076.nd2","260319_Day39_WellG17_Channel405nm Binned,561nm Binned,488nm Binned_Seq0076.nd2",49692672,405nm Binned|561nm Binned|488nm Binned,Seq0076
G18,G,18,PLD3_only_no_mCherry,False,8,"/Users/pmihack/claire/tmem_2026/data/260213_Feb16recopy_HYdiff_landingpadlines_survival_384well1/20260216_084435_959/260216_Day8_iNeurons_WellG18_Channel405nm Binned,561nm Binned,488nm Binned_Seq0077.nd2","260216_Day8_iNeurons_WellG18_Channel405nm Binned,561nm Binned,488nm Binned_Seq0077.nd2",49692672,405nm Binned|561nm Binned|488nm Binned,Seq0077
G18,G,18,PLD3_only_no_mCherry,False,12,"/Users/pmihack/claire/tmem_2026/data/260213_Feb16recopy_HYdiff_landingpadlines_survival_384well1/20260220_085237_196/260220_Day12_WellG18_Channel405nm Binned,561nm Binned,488nm Binned_Seq0077.nd2","260220_Day12_WellG18_Channel405nm Binned,561nm Binned,488nm Binned_Seq0077.nd2",49692672,405nm Binned|561nm Binned|488nm Binned,Seq0077
G18,G,18,PLD3_only_no_mCherry,False,16,"/Users/pmihack/claire/tmem_2026/data/260213_Feb16recopy_HYdiff_landingpadlines_survival_384well1/20260224_090320_759/260224_day16_WellG18_Channel405nm Binned,561nm Binned,488nm Binned_Seq0077.nd2","260224_day16_WellG18_Channel405nm Binned,561nm Binned,488nm Binned_Seq0077.nd2",49692672,405nm Binned|561nm Binned|488nm Binned,Seq0077
G18,G,18,PLD3_only_no_mCherry,False,20,"/Users/pmihack/claire/tmem_2026/data/260213_Feb16recopy_HYdiff_landingpadlines_survival_384well1/20260228_090815_318/260228_day20_WellG18_Channel405nm Binned,561nm Binned,488nm Binned_Seq0077.nd2","260228_day20_WellG18_Channel405nm Binned,561nm Binned,488nm Binned_Seq0077.nd2",49692672,405nm Binned|561nm Binned|488nm Binned,Seq0077
G18,G,18,PLD3_only_no_mCherry,False,25,"/Users/pmihack/claire/tmem_2026/data/260213_Feb16recopy_HYdiff_landingpadlines_survival_384well1/20260305_171612_406/260305_day25_iNeurons_WellG18_Channel405nm Binned,561nm Binned,488nm Binned_Seq0077.nd2","260305_day25_iNeurons_WellG18_Channel405nm Binned,561nm Binned,488nm Binned_Seq0077.nd2",49688576,405nm Binned|561nm Binned|488nm Binned,Seq0077
G18,G,18,PLD3_only_no_mCherry,False,29,"/Users/pmihack/claire/tmem_2026/data/260213_Feb16recopy_HYdiff_landingpadlines_survival_384well1/20260309_090353_210/260309_Day29_WellG18_Channel405nm Binned,561nm Binned,488nm Binned_Seq0077.nd2","260309_Day29_WellG18_Channel405nm Binned,561nm Binned,488nm Binned_Seq0077.nd2",49688576,405nm Binned|561nm Binned|488nm Binned,Seq0077
G18,G,18,PLD3_only_no_mCherry,False,32,"/Users/pmihack/claire/tmem_2026/data/260213_Feb16recopy_HYdiff_landingpadlines_survival_384well1/20260312_083635_497/260312_Day32_WellG18_Channel405nm Binned,561 nm,488nm Binned_Seq0077.nd2","260312_Day32_WellG18_Channel405nm Binned,561 nm,488nm Binned_Seq0077.nd2",49688576,405nm Binned|561 nm|488nm Binned,Seq0077
G18,G,18,PLD3_only_no_mCherry,False,36,"/Users/pmihack/claire/tmem_2026/data/260213_Feb16recopy_HYdiff_landingpadlines_survival_384well1/20260316_093139_667/260316_Day36_WellG18_Channel405nm Binned,561nm Binned,488nm Binned_Seq0077.nd2","260316_Day36_WellG18_Channel405nm Binned,561nm Binned,488nm Binned_Seq0077.nd2",49700864,405nm Binned|561nm Binned|488nm Binned,Seq0077
G18,G,18,PLD3_only_no_mCherry,False,39,"/Users/pmihack/claire/tmem_2026/data/260213_Feb16recopy_HYdiff_landingpadlines_survival_384well1/20260319_083746_585/260319_Day39_WellG18_Channel405nm Binned,561nm Binned,488nm Binned_Seq0077.nd2","260319_Day39_WellG18_Channel405nm Binned,561nm Binned,488nm Binned_Seq0077.nd2",49692672,405nm Binned|561nm Binned|488nm Binned,Seq0077
G19,G,19,PLD3_only_no_mCherry,False,8,"/Users/pmihack/claire/tmem_2026/data/260213_Feb16recopy_HYdiff_landingpadlines_survival_384well1/20260216_084435_959/260216_Day8_iNeurons_WellG19_Channel405nm Binned,561nm Binned,488nm Binned_Seq0078.nd2","260216_Day8_iNeurons_WellG19_Channel405nm Binned,561nm Binned,488nm Binned_Seq0078.nd2",49692672,405nm Binned|561nm Binned|488nm Binned,Seq0078
G19,G,19,PLD3_only_no_mCherry,False,12,"/Users/pmihack/claire/tmem_2026/data/260213_Feb16recopy_HYdiff_landingpadlines_survival_384well1/20260220_085237_196/260220_Day12_WellG19_Channel405nm Binned,561nm Binned,488nm Binned_Seq0078.nd2","260220_Day12_WellG19_Channel405nm Binned,561nm Binned,488nm Binned_Seq0078.nd2",49692672,405nm Binned|561nm Binned|488nm Binned,Seq0078
G19,G,19,PLD3_only_no_mCherry,False,16,"/Users/pmihack/claire/tmem_2026/data/260213_Feb16recopy_HYdiff_landingpadlines_survival_384well1/20260224_090320_759/260224_day16_WellG19_Channel405nm Binned,561nm Binned,488nm Binned_Seq0078.nd2","260224_day16_WellG19_Channel405nm Binned,561nm Binned,488nm Binned_Seq0078.nd2",49692672,405nm Binned|561nm Binned|488nm Binned,Seq0078
G19,G,19,PLD3_only_no_mCherry,False,20,"/Users/pmihack/claire/tmem_2026/data/260213_Feb16recopy_HYdiff_landingpadlines_survival_384well1/20260228_090815_318/260228_day20_WellG19_Channel405nm Binned,561nm Binned,488nm Binned_Seq0078.nd2","260228_day20_WellG19_Channel405nm Binned,561nm Binned,488nm Binned_Seq0078.nd2",49692672,405nm Binned|561nm Binned|488nm Binned,Seq0078
G19,G,19,PLD3_only_no_mCherry,False,25,"/Users/pmihack/claire/tmem_2026/data/260213_Feb16recopy_HYdiff_landingpadlines_survival_384well1/20260305_171612_406/260305_day25_iNeurons_WellG19_Channel405nm Binned,561nm Binned,488nm Binned_Seq0078.nd2","260305_day25_iNeurons_WellG19_Channel405nm Binned,561nm Binned,488nm Binned_Seq0078.nd2",49688576,405nm Binned|561nm Binned|488nm Binned,Seq0078
G19,G,19,PLD3_only_no_mCherry,False,29,"/Users/pmihack/claire/tmem_2026/data/260213_Feb16recopy_HYdiff_landingpadlines_survival_384well1/20260309_090353_210/260309_Day29_WellG19_Channel405nm Binned,561nm Binned,488nm Binned_Seq0078.nd2","260309_Day29_WellG19_Channel405nm Binned,561nm Binned,488nm Binned_Seq0078.nd2",49688576,405nm Binned|561nm Binned|488nm Binned,Seq0078
G19,G,19,PLD3_only_no_mCherry,False,32,"/Users/pmihack/claire/tmem_2026/data/260213_Feb16recopy_HYdiff_landingpadlines_survival_384well1/20260312_083635_497/260312_Day32_WellG19_Channel405nm Binned,561 nm,488nm Binned_Seq0078.nd2","260312_Day32_WellG19_Channel405nm Binned,561 nm,488nm Binned_Seq0078.nd2",49688576,405nm Binned|561 nm|488nm Binned,Seq0078
G19,G,19,PLD3_only_no_mCherry,False,36,"/Users/pmihack/claire/tmem_2026/data/260213_Feb16recopy_HYdiff_landingpadlines_survival_384well1/20260316_093139_667/260316_Day36_WellG19_Channel405nm Binned,561nm Binned,488nm Binned_Seq0078.nd2","260316_Day36_WellG19_Channel405nm Binned,561nm Binned,488nm Binned_Seq0078.nd2",49700864,405nm Binned|561nm Binned|488nm Binned,Seq0078
G19,G,19,PLD3_only_no_mCherry,False,39,"/Users/pmihack/claire/tmem_2026/data/260213_Feb16recopy_HYdiff_landingpadlines_survival_384well1/20260319_083746_585/260319_Day39_WellG19_Channel405nm Binned,561nm Binned,488nm Binned_Seq0078.nd2","260319_Day39_WellG19_Channel405nm Binned,561nm Binned,488nm Binned_Seq0078.nd2",49692672,405nm Binned|561nm Binned|488nm Binned,Seq0078
G20,G,20,PLD3_only_no_mCherry,False,8,"/Users/pmihack/claire/tmem_2026/data/260213_Feb16recopy_HYdiff_landingpadlines_survival_384well1/20260216_084435_959/260216_Day8_iNeurons_WellG20_Channel405nm Binned,561nm Binned,488nm Binned_Seq0079.nd2","260216_Day8_iNeurons_WellG20_Channel405nm Binned,561nm Binned,488nm Binned_Seq0079.nd2",49692672,405nm Binned|561nm Binned|488nm Binned,Seq0079
G20,G,20,PLD3_only_no_mCherry,False,12,"/Users/pmihack/claire/tmem_2026/data/260213_Feb16recopy_HYdiff_landingpadlines_survival_384well1/20260220_085237_196/260220_Day12_WellG20_Channel405nm Binned,561nm Binned,488nm Binned_Seq0079.nd2","260220_Day12_WellG20_Channel405nm Binned,561nm Binned,488nm Binned_Seq0079.nd2",49692672,405nm Binned|561nm Binned|488nm Binned,Seq0079
G20,G,20,PLD3_only_no_mCherry,False,16,"/Users/pmihack/claire/tmem_2026/data/260213_Feb16recopy_HYdiff_landingpadlines_survival_384well1/20260224_090320_759/260224_day16_WellG20_Channel405nm Binned,561nm Binned,488nm Binned_Seq0079.nd2","260224_day16_WellG20_Channel405nm Binned,561nm Binned,488nm Binned_Seq0079.nd2",49692672,405nm Binned|561nm Binned|488nm Binned,Seq0079
G20,G,20,PLD3_only_no_mCherry,False,20,"/Users/pmihack/claire/tmem_2026/data/260213_Feb16recopy_HYdiff_landingpadlines_survival_384well1/20260228_090815_318/260228_day20_WellG20_Channel405nm Binned,561nm Binned,488nm Binned_Seq0079.nd2","260228_day20_WellG20_Channel405nm Binned,561nm Binned,488nm Binned_Seq0079.nd2",49692672,405nm Binned|561nm Binned|488nm Binned,Seq0079
G20,G,20,PLD3_only_no_mCherry,False,25,"/Users/pmihack/claire/tmem_2026/data/260213_Feb16recopy_HYdiff_landingpadlines_survival_384well1/20260305_171612_406/260305_day25_iNeurons_WellG20_Channel405nm Binned,561nm Binned,488nm Binned_Seq0079.nd2","260305_day25_iNeurons_WellG20_Channel405nm Binned,561nm Binned,488nm Binned_Seq0079.nd2",49688576,405nm Binned|561nm Binned|488nm Binned,Seq0079
G20,G,20,PLD3_only_no_mCherry,False,29,"/Users/pmihack/claire/tmem_2026/data/260213_Feb16recopy_HYdiff_landingpadlines_survival_384well1/20260309_090353_210/260309_Day29_WellG20_Channel405nm Binned,561nm Binned,488nm Binned_Seq0079.nd2","260309_Day29_WellG20_Channel405nm Binned,561nm Binned,488nm Binned_Seq0079.nd2",49688576,405nm Binned|561nm Binned|488nm Binned,Seq0079
G20,G,20,PLD3_only_no_mCherry,False,32,"/Users/pmihack/claire/tmem_2026/data/260213_Feb16recopy_HYdiff_landingpadlines_survival_384well1/20260312_083635_497/260312_Day32_WellG20_Channel405nm Binned,561 nm,488nm Binned_Seq0079.nd2","260312_Day32_WellG20_Channel405nm Binned,561 nm,488nm Binned_Seq0079.nd2",49688576,405nm Binned|561 nm|488nm Binned,Seq0079
G20,G,20,PLD3_only_no_mCherry,False,36,"/Users/pmihack/claire/tmem_2026/data/260213_Feb16recopy_HYdiff_landingpadlines_survival_384well1/20260316_093139_667/260316_Day36_WellG20_Channel405nm Binned,561nm Binned,488nm Binned_Seq0079.nd2","260316_Day36_WellG20_Channel405nm Binned,561nm Binned,488nm Binned_Seq0079.nd2",49700864,405nm Binned|561nm Binned|488nm Binned,Seq0079
G20,G,20,PLD3_only_no_mCherry,False,39,"/Users/pmihack/claire/tmem_2026/data/260213_Feb16recopy_HYdiff_landingpadlines_survival_384well1/20260319_083746_585/260319_Day39_WellG20_Channel405nm Binned,561nm Binned,488nm Binned_Seq0079.nd2","260319_Day39_WellG20_Channel405nm Binned,561nm Binned,488nm Binned_Seq0079.nd2",49692672,405nm Binned|561nm Binned|488nm Binned,Seq0079
H05,H,05,PLD3_TMEM106B_no_mCherry,False,8,"/Users/pmihack/claire/tmem_2026/data/260213_Feb16recopy_HYdiff_landingpadlines_survival_384well1/20260216_084435_959/260216_Day8_iNeurons_WellH05_Channel405nm Binned,561nm Binned,488nm Binned_Seq0080.nd2","260216_Day8_iNeurons_WellH05_Channel405nm Binned,561nm Binned,488nm Binned_Seq0080.nd2",49692672,405nm Binned|561nm Binned|488nm Binned,Seq0080
H05,H,05,PLD3_TMEM106B_no_mCherry,False,12,"/Users/pmihack/claire/tmem_2026/data/260213_Feb16recopy_HYdiff_landingpadlines_survival_384well1/20260220_085237_196/260220_Day12_WellH05_Channel405nm Binned,561nm Binned,488nm Binned_Seq0080.nd2","260220_Day12_WellH05_Channel405nm Binned,561nm Binned,488nm Binned_Seq0080.nd2",49692672,405nm Binned|561nm Binned|488nm Binned,Seq0080
H05,H,05,PLD3_TMEM106B_no_mCherry,False,16,"/Users/pmihack/claire/tmem_2026/data/260213_Feb16recopy_HYdiff_landingpadlines_survival_384well1/20260224_090320_759/260224_day16_WellH05_Channel405nm Binned,561nm Binned,488nm Binned_Seq0080.nd2","260224_day16_WellH05_Channel405nm Binned,561nm Binned,488nm Binned_Seq0080.nd2",49692672,405nm Binned|561nm Binned|488nm Binned,Seq0080
H05,H,05,PLD3_TMEM106B_no_mCherry,False,20,"/Users/pmihack/claire/tmem_2026/data/260213_Feb16recopy_HYdiff_landingpadlines_survival_384well1/20260228_090815_318/260228_day20_WellH05_Channel405nm Binned,561nm Binned,488nm Binned_Seq0080.nd2","260228_day20_WellH05_Channel405nm Binned,561nm Binned,488nm Binned_Seq0080.nd2",49692672,405nm Binned|561nm Binned|488nm Binned,Seq0080
H05,H,05,PLD3_TMEM106B_no_mCherry,False,25,"/Users/pmihack/claire/tmem_2026/data/260213_Feb16recopy_HYdiff_landingpadlines_survival_384well1/20260305_171612_406/260305_day25_iNeurons_WellH05_Channel405nm Binned,561nm Binned,488nm Binned_Seq0080.nd2","260305_day25_iNeurons_WellH05_Channel405nm Binned,561nm Binned,488nm Binned_Seq0080.nd2",49688576,405nm Binned|561nm Binned|488nm Binned,Seq0080
H05,H,05,PLD3_TMEM106B_no_mCherry,False,29,"/Users/pmihack/claire/tmem_2026/data/260213_Feb16recopy_HYdiff_landingpadlines_survival_384well1/20260309_090353_210/260309_Day29_WellH05_Channel405nm Binned,561nm Binned,488nm Binned_Seq0080.nd2","260309_Day29_WellH05_Channel405nm Binned,561nm Binned,488nm Binned_Seq0080.nd2",49688576,405nm Binned|561nm Binned|488nm Binned,Seq0080
H05,H,05,PLD3_TMEM106B_no_mCherry,False,32,"/Users/pmihack/claire/tmem_2026/data/260213_Feb16recopy_HYdiff_landingpadlines_survival_384well1/20260312_083635_497/260312_Day32_WellH05_Channel405nm Binned,561 nm,488nm Binned_Seq0080.nd2","260312_Day32_WellH05_Channel405nm Binned,561 nm,488nm Binned_Seq0080.nd2",49688576,405nm Binned|561 nm|488nm Binned,Seq0080
H05,H,05,PLD3_TMEM106B_no_mCherry,False,36,"/Users/pmihack/claire/tmem_2026/data/260213_Feb16recopy_HYdiff_landingpadlines_survival_384well1/20260316_093139_667/260316_Day36_WellH05_Channel405nm Binned,561nm Binned,488nm Binned_Seq0080.nd2","260316_Day36_WellH05_Channel405nm Binned,561nm Binned,488nm Binned_Seq0080.nd2",49700864,405nm Binned|561nm Binned|488nm Binned,Seq0080
H05,H,05,PLD3_TMEM106B_no_mCherry,False,39,"/Users/pmihack/claire/tmem_2026/data/260213_Feb16recopy_HYdiff_landingpadlines_survival_384well1/20260319_083746_585/260319_Day39_WellH05_Channel405nm Binned,561nm Binned,488nm Binned_Seq0080.nd2","260319_Day39_WellH05_Channel405nm Binned,561nm Binned,488nm Binned_Seq0080.nd2",49692672,405nm Binned|561nm Binned|488nm Binned,Seq0080
H06,H,06,PLD3_TMEM106B_no_mCherry,False,8,"/Users/pmihack/claire/tmem_2026/data/260213_Feb16recopy_HYdiff_landingpadlines_survival_384well1/20260216_084435_959/260216_Day8_iNeurons_WellH06_Channel405nm Binned,561nm Binned,488nm Binned_Seq0081.nd2","260216_Day8_iNeurons_WellH06_Channel405nm Binned,561nm Binned,488nm Binned_Seq0081.nd2",49692672,405nm Binned|561nm Binned|488nm Binned,Seq0081
H06,H,06,PLD3_TMEM106B_no_mCherry,False,12,"/Users/pmihack/claire/tmem_2026/data/260213_Feb16recopy_HYdiff_landingpadlines_survival_384well1/20260220_085237_196/260220_Day12_WellH06_Channel405nm Binned,561nm Binned,488nm Binned_Seq0081.nd2","260220_Day12_WellH06_Channel405nm Binned,561nm Binned,488nm Binned_Seq0081.nd2",49692672,405nm Binned|561nm Binned|488nm Binned,Seq0081
H06,H,06,PLD3_TMEM106B_no_mCherry,False,16,"/Users/pmihack/claire/tmem_2026/data/260213_Feb16recopy_HYdiff_landingpadlines_survival_384well1/20260224_090320_759/260224_day16_WellH06_Channel405nm Binned,561nm Binned,488nm Binned_Seq0081.nd2","260224_day16_WellH06_Channel405nm Binned,561nm Binned,488nm Binned_Seq0081.nd2",49692672,405nm Binned|561nm Binned|488nm Binned,Seq0081
H06,H,06,PLD3_TMEM106B_no_mCherry,False,20,"/Users/pmihack/claire/tmem_2026/data/260213_Feb16recopy_HYdiff_landingpadlines_survival_384well1/20260228_090815_318/260228_day20_WellH06_Channel405nm Binned,561nm Binned,488nm Binned_Seq0081.nd2","260228_day20_WellH06_Channel405nm Binned,561nm Binned,488nm Binned_Seq0081.nd2",49692672,405nm Binned|561nm Binned|488nm Binned,Seq0081
H06,H,06,PLD3_TMEM106B_no_mCherry,False,25,"/Users/pmihack/claire/tmem_2026/data/260213_Feb16recopy_HYdiff_landingpadlines_survival_384well1/20260305_171612_406/260305_day25_iNeurons_WellH06_Channel405nm Binned,561nm Binned,488nm Binned_Seq0081.nd2","260305_day25_iNeurons_WellH06_Channel405nm Binned,561nm Binned,488nm Binned_Seq0081.nd2",49688576,405nm Binned|561nm Binned|488nm Binned,Seq0081
H06,H,06,PLD3_TMEM106B_no_mCherry,False,29,"/Users/pmihack/claire/tmem_2026/data/260213_Feb16recopy_HYdiff_landingpadlines_survival_384well1/20260309_090353_210/260309_Day29_WellH06_Channel405nm Binned,561nm Binned,488nm Binned_Seq0081.nd2","260309_Day29_WellH06_Channel405nm Binned,561nm Binned,488nm Binned_Seq0081.nd2",49688576,405nm Binned|561nm Binned|488nm Binned,Seq0081
H06,H,06,PLD3_TMEM106B_no_mCherry,False,32,"/Users/pmihack/claire/tmem_2026/data/260213_Feb16recopy_HYdiff_landingpadlines_survival_384well1/20260312_083635_497/260312_Day32_WellH06_Channel405nm Binned,561 nm,488nm Binned_Seq0081.nd2","260312_Day32_WellH06_Channel405nm Binned,561 nm,488nm Binned_Seq0081.nd2",49688576,405nm Binned|561 nm|488nm Binned,Seq0081
H06,H,06,PLD3_TMEM106B_no_mCherry,False,36,"/Users/pmihack/claire/tmem_2026/data/260213_Feb16recopy_HYdiff_landingpadlines_survival_384well1/20260316_093139_667/260316_Day36_WellH06_Channel405nm Binned,561nm Binned,488nm Binned_Seq0081.nd2","260316_Day36_WellH06_Channel405nm Binned,561nm Binned,488nm Binned_Seq0081.nd2",49700864,405nm Binned|561nm Binned|488nm Binned,Seq0081
H06,H,06,PLD3_TMEM106B_no_mCherry,False,39,"/Users/pmihack/claire/tmem_2026/data/260213_Feb16recopy_HYdiff_landingpadlines_survival_384well1/20260319_083746_585/260319_Day39_WellH06_Channel405nm Binned,561nm Binned,488nm Binned_Seq0081.nd2","260319_Day39_WellH06_Channel405nm Binned,561nm Binned,488nm Binned_Seq0081.nd2",49692672,405nm Binned|561nm Binned|488nm Binned,Seq0081
H07,H,07,PLD3_TMEM106B_no_mCherry,False,8,"/Users/pmihack/claire/tmem_2026/data/260213_Feb16recopy_HYdiff_landingpadlines_survival_384well1/20260216_084435_959/260216_Day8_iNeurons_WellH07_Channel405nm Binned,561nm Binned,488nm Binned_Seq0082.nd2","260216_Day8_iNeurons_WellH07_Channel405nm Binned,561nm Binned,488nm Binned_Seq0082.nd2",49692672,405nm Binned|561nm Binned|488nm Binned,Seq0082
H07,H,07,PLD3_TMEM106B_no_mCherry,False,12,"/Users/pmihack/claire/tmem_2026/data/260213_Feb16recopy_HYdiff_landingpadlines_survival_384well1/20260220_085237_196/260220_Day12_WellH07_Channel405nm Binned,561nm Binned,488nm Binned_Seq0082.nd2","260220_Day12_WellH07_Channel405nm Binned,561nm Binned,488nm Binned_Seq0082.nd2",49692672,405nm Binned|561nm Binned|488nm Binned,Seq0082
H07,H,07,PLD3_TMEM106B_no_mCherry,False,16,"/Users/pmihack/claire/tmem_2026/data/260213_Feb16recopy_HYdiff_landingpadlines_survival_384well1/20260224_090320_759/260224_day16_WellH07_Channel405nm Binned,561nm Binned,488nm Binned_Seq0082.nd2","260224_day16_WellH07_Channel405nm Binned,561nm Binned,488nm Binned_Seq0082.nd2",49692672,405nm Binned|561nm Binned|488nm Binned,Seq0082
H07,H,07,PLD3_TMEM106B_no_mCherry,False,20,"/Users/pmihack/claire/tmem_2026/data/260213_Feb16recopy_HYdiff_landingpadlines_survival_384well1/20260228_090815_318/260228_day20_WellH07_Channel405nm Binned,561nm Binned,488nm Binned_Seq0082.nd2","260228_day20_WellH07_Channel405nm Binned,561nm Binned,488nm Binned_Seq0082.nd2",49692672,405nm Binned|561nm Binned|488nm Binned,Seq0082
H07,H,07,PLD3_TMEM106B_no_mCherry,False,25,"/Users/pmihack/claire/tmem_2026/data/260213_Feb16recopy_HYdiff_landingpadlines_survival_384well1/20260305_171612_406/260305_day25_iNeurons_WellH07_Channel405nm Binned,561nm Binned,488nm Binned_Seq0082.nd2","260305_day25_iNeurons_WellH07_Channel405nm Binned,561nm Binned,488nm Binned_Seq0082.nd2",49688576,405nm Binned|561nm Binned|488nm Binned,Seq0082
H07,H,07,PLD3_TMEM106B_no_mCherry,False,29,"/Users/pmihack/claire/tmem_2026/data/260213_Feb16recopy_HYdiff_landingpadlines_survival_384well1/20260309_090353_210/260309_Day29_WellH07_Channel405nm Binned,561nm Binned,488nm Binned_Seq0082.nd2","260309_Day29_WellH07_Channel405nm Binned,561nm Binned,488nm Binned_Seq0082.nd2",49688576,405nm Binned|561nm Binned|488nm Binned,Seq0082
H07,H,07,PLD3_TMEM106B_no_mCherry,False,32,"/Users/pmihack/claire/tmem_2026/data/260213_Feb16recopy_HYdiff_landingpadlines_survival_384well1/20260312_083635_497/260312_Day32_WellH07_Channel405nm Binned,561 nm,488nm Binned_Seq0082.nd2","260312_Day32_WellH07_Channel405nm Binned,561 nm,488nm Binned_Seq0082.nd2",49688576,405nm Binned|561 nm|488nm Binned,Seq0082
H07,H,07,PLD3_TMEM106B_no_mCherry,False,36,"/Users/pmihack/claire/tmem_2026/data/260213_Feb16recopy_HYdiff_landingpadlines_survival_384well1/20260316_093139_667/260316_Day36_WellH07_Channel405nm Binned,561nm Binned,488nm Binned_Seq0082.nd2","260316_Day36_WellH07_Channel405nm Binned,561nm Binned,488nm Binned_Seq0082.nd2",49700864,405nm Binned|561nm Binned|488nm Binned,Seq0082
H07,H,07,PLD3_TMEM106B_no_mCherry,False,39,"/Users/pmihack/claire/tmem_2026/data/260213_Feb16recopy_HYdiff_landingpadlines_survival_384well1/20260319_083746_585/260319_Day39_WellH07_Channel405nm Binned,561nm Binned,488nm Binned_Seq0082.nd2","260319_Day39_WellH07_Channel405nm Binned,561nm Binned,488nm Binned_Seq0082.nd2",49692672,405nm Binned|561nm Binned|488nm Binned,Seq0082
H08,H,08,PLD3_TMEM106B_no_mCherry,False,8,"/Users/pmihack/claire/tmem_2026/data/260213_Feb16recopy_HYdiff_landingpadlines_survival_384well1/20260216_084435_959/260216_Day8_iNeurons_WellH08_Channel405nm Binned,561nm Binned,488nm Binned_Seq0083.nd2","260216_Day8_iNeurons_WellH08_Channel405nm Binned,561nm Binned,488nm Binned_Seq0083.nd2",49692672,405nm Binned|561nm Binned|488nm Binned,Seq0083
H08,H,08,PLD3_TMEM106B_no_mCherry,False,12,"/Users/pmihack/claire/tmem_2026/data/260213_Feb16recopy_HYdiff_landingpadlines_survival_384well1/20260220_085237_196/260220_Day12_WellH08_Channel405nm Binned,561nm Binned,488nm Binned_Seq0083.nd2","260220_Day12_WellH08_Channel405nm Binned,561nm Binned,488nm Binned_Seq0083.nd2",49692672,405nm Binned|561nm Binned|488nm Binned,Seq0083
H08,H,08,PLD3_TMEM106B_no_mCherry,False,16,"/Users/pmihack/claire/tmem_2026/data/260213_Feb16recopy_HYdiff_landingpadlines_survival_384well1/20260224_090320_759/260224_day16_WellH08_Channel405nm Binned,561nm Binned,488nm Binned_Seq0083.nd2","260224_day16_WellH08_Channel405nm Binned,561nm Binned,488nm Binned_Seq0083.nd2",49692672,405nm Binned|561nm Binned|488nm Binned,Seq0083
H08,H,08,PLD3_TMEM106B_no_mCherry,False,20,"/Users/pmihack/claire/tmem_2026/data/260213_Feb16recopy_HYdiff_landingpadlines_survival_384well1/20260228_090815_318/260228_day20_WellH08_Channel405nm Binned,561nm Binned,488nm Binned_Seq0083.nd2","260228_day20_WellH08_Channel405nm Binned,561nm Binned,488nm Binned_Seq0083.nd2",49692672,405nm Binned|561nm Binned|488nm Binned,Seq0083
H08,H,08,PLD3_TMEM106B_no_mCherry,False,25,"/Users/pmihack/claire/tmem_2026/data/260213_Feb16recopy_HYdiff_landingpadlines_survival_384well1/20260305_171612_406/260305_day25_iNeurons_WellH08_Channel405nm Binned,561nm Binned,488nm Binned_Seq0083.nd2","260305_day25_iNeurons_WellH08_Channel405nm Binned,561nm Binned,488nm Binned_Seq0083.nd2",49688576,405nm Binned|561nm Binned|488nm Binned,Seq0083
H08,H,08,PLD3_TMEM106B_no_mCherry,False,29,"/Users/pmihack/claire/tmem_2026/data/260213_Feb16recopy_HYdiff_landingpadlines_survival_384well1/20260309_090353_210/260309_Day29_WellH08_Channel405nm Binned,561nm Binned,488nm Binned_Seq0083.nd2","260309_Day29_WellH08_Channel405nm Binned,561nm Binned,488nm Binned_Seq0083.nd2",49688576,405nm Binned|561nm Binned|488nm Binned,Seq0083
H08,H,08,PLD3_TMEM106B_no_mCherry,False,32,"/Users/pmihack/claire/tmem_2026/data/260213_Feb16recopy_HYdiff_landingpadlines_survival_384well1/20260312_083635_497/260312_Day32_WellH08_Channel405nm Binned,561 nm,488nm Binned_Seq0083.nd2","260312_Day32_WellH08_Channel405nm Binned,561 nm,488nm Binned_Seq0083.nd2",49688576,405nm Binned|561 nm|488nm Binned,Seq0083
H08,H,08,PLD3_TMEM106B_no_mCherry,False,36,"/Users/pmihack/claire/tmem_2026/data/260213_Feb16recopy_HYdiff_landingpadlines_survival_384well1/20260316_093139_667/260316_Day36_WellH08_Channel405nm Binned,561nm Binned,488nm Binned_Seq0083.nd2","260316_Day36_WellH08_Channel405nm Binned,561nm Binned,488nm Binned_Seq0083.nd2",49700864,405nm Binned|561nm Binned|488nm Binned,Seq0083
H08,H,08,PLD3_TMEM106B_no_mCherry,False,39,"/Users/pmihack/claire/tmem_2026/data/260213_Feb16recopy_HYdiff_landingpadlines_survival_384well1/20260319_083746_585/260319_Day39_WellH08_Channel405nm Binned,561nm Binned,488nm Binned_Seq0083.nd2","260319_Day39_WellH08_Channel405nm Binned,561nm Binned,488nm Binned_Seq0083.nd2",49692672,405nm Binned|561nm Binned|488nm Binned,Seq0083
H09,H,09,PLD3_TMEM106B_no_mCherry,False,8,"/Users/pmihack/claire/tmem_2026/data/260213_Feb16recopy_HYdiff_landingpadlines_survival_384well1/20260216_084435_959/260216_Day8_iNeurons_WellH09_Channel405nm Binned,561nm Binned,488nm Binned_Seq0084.nd2","260216_Day8_iNeurons_WellH09_Channel405nm Binned,561nm Binned,488nm Binned_Seq0084.nd2",49692672,405nm Binned|561nm Binned|488nm Binned,Seq0084
H09,H,09,PLD3_TMEM106B_no_mCherry,False,12,"/Users/pmihack/claire/tmem_2026/data/260213_Feb16recopy_HYdiff_landingpadlines_survival_384well1/20260220_085237_196/260220_Day12_WellH09_Channel405nm Binned,561nm Binned,488nm Binned_Seq0084.nd2","260220_Day12_WellH09_Channel405nm Binned,561nm Binned,488nm Binned_Seq0084.nd2",49692672,405nm Binned|561nm Binned|488nm Binned,Seq0084
H09,H,09,PLD3_TMEM106B_no_mCherry,False,16,"/Users/pmihack/claire/tmem_2026/data/260213_Feb16recopy_HYdiff_landingpadlines_survival_384well1/20260224_090320_759/260224_day16_WellH09_Channel405nm Binned,561nm Binned,488nm Binned_Seq0084.nd2","260224_day16_WellH09_Channel405nm Binned,561nm Binned,488nm Binned_Seq0084.nd2",49692672,405nm Binned|561nm Binned|488nm Binned,Seq0084
H09,H,09,PLD3_TMEM106B_no_mCherry,False,20,"/Users/pmihack/claire/tmem_2026/data/260213_Feb16recopy_HYdiff_landingpadlines_survival_384well1/20260228_090815_318/260228_day20_WellH09_Channel405nm Binned,561nm Binned,488nm Binned_Seq0084.nd2","260228_day20_WellH09_Channel405nm Binned,561nm Binned,488nm Binned_Seq0084.nd2",49692672,405nm Binned|561nm Binned|488nm Binned,Seq0084
H09,H,09,PLD3_TMEM106B_no_mCherry,False,25,"/Users/pmihack/claire/tmem_2026/data/260213_Feb16recopy_HYdiff_landingpadlines_survival_384well1/20260305_171612_406/260305_day25_iNeurons_WellH09_Channel405nm Binned,561nm Binned,488nm Binned_Seq0084.nd2","260305_day25_iNeurons_WellH09_Channel405nm Binned,561nm Binned,488nm Binned_Seq0084.nd2",49688576,405nm Binned|561nm Binned|488nm Binned,Seq0084
H09,H,09,PLD3_TMEM106B_no_mCherry,False,29,"/Users/pmihack/claire/tmem_2026/data/260213_Feb16recopy_HYdiff_landingpadlines_survival_384well1/20260309_090353_210/260309_Day29_WellH09_Channel405nm Binned,561nm Binned,488nm Binned_Seq0084.nd2","260309_Day29_WellH09_Channel405nm Binned,561nm Binned,488nm Binned_Seq0084.nd2",49688576,405nm Binned|561nm Binned|488nm Binned,Seq0084
H09,H,09,PLD3_TMEM106B_no_mCherry,False,32,"/Users/pmihack/claire/tmem_2026/data/260213_Feb16recopy_HYdiff_landingpadlines_survival_384well1/20260312_083635_497/260312_Day32_WellH09_Channel405nm Binned,561 nm,488nm Binned_Seq0084.nd2","260312_Day32_WellH09_Channel405nm Binned,561 nm,488nm Binned_Seq0084.nd2",49688576,405nm Binned|561 nm|488nm Binned,Seq0084
H09,H,09,PLD3_TMEM106B_no_mCherry,False,36,"/Users/pmihack/claire/tmem_2026/data/260213_Feb16recopy_HYdiff_landingpadlines_survival_384well1/20260316_093139_667/260316_Day36_WellH09_Channel405nm Binned,561nm Binned,488nm Binned_Seq0084.nd2","260316_Day36_WellH09_Channel405nm Binned,561nm Binned,488nm Binned_Seq0084.nd2",49700864,405nm Binned|561nm Binned|488nm Binned,Seq0084
H09,H,09,PLD3_TMEM106B_no_mCherry,False,39,"/Users/pmihack/claire/tmem_2026/data/260213_Feb16recopy_HYdiff_landingpadlines_survival_384well1/20260319_083746_585/260319_Day39_WellH09_Channel405nm Binned,561nm Binned,488nm Binned_Seq0084.nd2","260319_Day39_WellH09_Channel405nm Binned,561nm Binned,488nm Binned_Seq0084.nd2",49692672,405nm Binned|561nm Binned|488nm Binned,Seq0084
H10,H,10,PLD3_TMEM106B_no_mCherry,False,8,"/Users/pmihack/claire/tmem_2026/data/260213_Feb16recopy_HYdiff_landingpadlines_survival_384well1/20260216_084435_959/260216_Day8_iNeurons_WellH10_Channel405nm Binned,561nm Binned,488nm Binned_Seq0085.nd2","260216_Day8_iNeurons_WellH10_Channel405nm Binned,561nm Binned,488nm Binned_Seq0085.nd2",49692672,405nm Binned|561nm Binned|488nm Binned,Seq0085
H10,H,10,PLD3_TMEM106B_no_mCherry,False,12,"/Users/pmihack/claire/tmem_2026/data/260213_Feb16recopy_HYdiff_landingpadlines_survival_384well1/20260220_085237_196/260220_Day12_WellH10_Channel405nm Binned,561nm Binned,488nm Binned_Seq0085.nd2","260220_Day12_WellH10_Channel405nm Binned,561nm Binned,488nm Binned_Seq0085.nd2",49692672,405nm Binned|561nm Binned|488nm Binned,Seq0085
H10,H,10,PLD3_TMEM106B_no_mCherry,False,16,"/Users/pmihack/claire/tmem_2026/data/260213_Feb16recopy_HYdiff_landingpadlines_survival_384well1/20260224_090320_759/260224_day16_WellH10_Channel405nm Binned,561nm Binned,488nm Binned_Seq0085.nd2","260224_day16_WellH10_Channel405nm Binned,561nm Binned,488nm Binned_Seq0085.nd2",49692672,405nm Binned|561nm Binned|488nm Binned,Seq0085
H10,H,10,PLD3_TMEM106B_no_mCherry,False,20,"/Users/pmihack/claire/tmem_2026/data/260213_Feb16recopy_HYdiff_landingpadlines_survival_384well1/20260228_090815_318/260228_day20_WellH10_Channel405nm Binned,561nm Binned,488nm Binned_Seq0085.nd2","260228_day20_WellH10_Channel405nm Binned,561nm Binned,488nm Binned_Seq0085.nd2",49692672,405nm Binned|561nm Binned|488nm Binned,Seq0085
H10,H,10,PLD3_TMEM106B_no_mCherry,False,25,"/Users/pmihack/claire/tmem_2026/data/260213_Feb16recopy_HYdiff_landingpadlines_survival_384well1/20260305_171612_406/260305_day25_iNeurons_WellH10_Channel405nm Binned,561nm Binned,488nm Binned_Seq0085.nd2","260305_day25_iNeurons_WellH10_Channel405nm Binned,561nm Binned,488nm Binned_Seq0085.nd2",49688576,405nm Binned|561nm Binned|488nm Binned,Seq0085
H10,H,10,PLD3_TMEM106B_no_mCherry,False,29,"/Users/pmihack/claire/tmem_2026/data/260213_Feb16recopy_HYdiff_landingpadlines_survival_384well1/20260309_090353_210/260309_Day29_WellH10_Channel405nm Binned,561nm Binned,488nm Binned_Seq0085.nd2","260309_Day29_WellH10_Channel405nm Binned,561nm Binned,488nm Binned_Seq0085.nd2",49688576,405nm Binned|561nm Binned|488nm Binned,Seq0085
H10,H,10,PLD3_TMEM106B_no_mCherry,False,32,"/Users/pmihack/claire/tmem_2026/data/260213_Feb16recopy_HYdiff_landingpadlines_survival_384well1/20260312_083635_497/260312_Day32_WellH10_Channel405nm Binned,561 nm,488nm Binned_Seq0085.nd2","260312_Day32_WellH10_Channel405nm Binned,561 nm,488nm Binned_Seq0085.nd2",49688576,405nm Binned|561 nm|488nm Binned,Seq0085
H10,H,10,PLD3_TMEM106B_no_mCherry,False,36,"/Users/pmihack/claire/tmem_2026/data/260213_Feb16recopy_HYdiff_landingpadlines_survival_384well1/20260316_093139_667/260316_Day36_WellH10_Channel405nm Binned,561nm Binned,488nm Binned_Seq0085.nd2","260316_Day36_WellH10_Channel405nm Binned,561nm Binned,488nm Binned_Seq0085.nd2",49700864,405nm Binned|561nm Binned|488nm Binned,Seq0085
H10,H,10,PLD3_TMEM106B_no_mCherry,False,39,"/Users/pmihack/claire/tmem_2026/data/260213_Feb16recopy_HYdiff_landingpadlines_survival_384well1/20260319_083746_585/260319_Day39_WellH10_Channel405nm Binned,561nm Binned,488nm Binned_Seq0085.nd2","260319_Day39_WellH10_Channel405nm Binned,561nm Binned,488nm Binned_Seq0085.nd2",49692672,405nm Binned|561nm Binned|488nm Binned,Seq0085
H11,H,11,PLD3_TMEM106B_no_mCherry,False,8,"/Users/pmihack/claire/tmem_2026/data/260213_Feb16recopy_HYdiff_landingpadlines_survival_384well1/20260216_084435_959/260216_Day8_iNeurons_WellH11_Channel405nm Binned,561nm Binned,488nm Binned_Seq0086.nd2","260216_Day8_iNeurons_WellH11_Channel405nm Binned,561nm Binned,488nm Binned_Seq0086.nd2",49692672,405nm Binned|561nm Binned|488nm Binned,Seq0086
H11,H,11,PLD3_TMEM106B_no_mCherry,False,12,"/Users/pmihack/claire/tmem_2026/data/260213_Feb16recopy_HYdiff_landingpadlines_survival_384well1/20260220_085237_196/260220_Day12_WellH11_Channel405nm Binned,561nm Binned,488nm Binned_Seq0086.nd2","260220_Day12_WellH11_Channel405nm Binned,561nm Binned,488nm Binned_Seq0086.nd2",49692672,405nm Binned|561nm Binned|488nm Binned,Seq0086
H11,H,11,PLD3_TMEM106B_no_mCherry,False,16,"/Users/pmihack/claire/tmem_2026/data/260213_Feb16recopy_HYdiff_landingpadlines_survival_384well1/20260224_090320_759/260224_day16_WellH11_Channel405nm Binned,561nm Binned,488nm Binned_Seq0086.nd2","260224_day16_WellH11_Channel405nm Binned,561nm Binned,488nm Binned_Seq0086.nd2",49692672,405nm Binned|561nm Binned|488nm Binned,Seq0086
H11,H,11,PLD3_TMEM106B_no_mCherry,False,20,"/Users/pmihack/claire/tmem_2026/data/260213_Feb16recopy_HYdiff_landingpadlines_survival_384well1/20260228_090815_318/260228_day20_WellH11_Channel405nm Binned,561nm Binned,488nm Binned_Seq0086.nd2","260228_day20_WellH11_Channel405nm Binned,561nm Binned,488nm Binned_Seq0086.nd2",49692672,405nm Binned|561nm Binned|488nm Binned,Seq0086
H11,H,11,PLD3_TMEM106B_no_mCherry,False,25,"/Users/pmihack/claire/tmem_2026/data/260213_Feb16recopy_HYdiff_landingpadlines_survival_384well1/20260305_171612_406/260305_day25_iNeurons_WellH11_Channel405nm Binned,561nm Binned,488nm Binned_Seq0086.nd2","260305_day25_iNeurons_WellH11_Channel405nm Binned,561nm Binned,488nm Binned_Seq0086.nd2",49688576,405nm Binned|561nm Binned|488nm Binned,Seq0086
H11,H,11,PLD3_TMEM106B_no_mCherry,False,29,"/Users/pmihack/claire/tmem_2026/data/260213_Feb16recopy_HYdiff_landingpadlines_survival_384well1/20260309_090353_210/260309_Day29_WellH11_Channel405nm Binned,561nm Binned,488nm Binned_Seq0086.nd2","260309_Day29_WellH11_Channel405nm Binned,561nm Binned,488nm Binned_Seq0086.nd2",49688576,405nm Binned|561nm Binned|488nm Binned,Seq0086
H11,H,11,PLD3_TMEM106B_no_mCherry,False,32,"/Users/pmihack/claire/tmem_2026/data/260213_Feb16recopy_HYdiff_landingpadlines_survival_384well1/20260312_083635_497/260312_Day32_WellH11_Channel405nm Binned,561 nm,488nm Binned_Seq0086.nd2","260312_Day32_WellH11_Channel405nm Binned,561 nm,488nm Binned_Seq0086.nd2",49688576,405nm Binned|561 nm|488nm Binned,Seq0086
H11,H,11,PLD3_TMEM106B_no_mCherry,False,36,"/Users/pmihack/claire/tmem_2026/data/260213_Feb16recopy_HYdiff_landingpadlines_survival_384well1/20260316_093139_667/260316_Day36_WellH11_Channel405nm Binned,561nm Binned,488nm Binned_Seq0086.nd2","260316_Day36_WellH11_Channel405nm Binned,561nm Binned,488nm Binned_Seq0086.nd2",49700864,405nm Binned|561nm Binned|488nm Binned,Seq0086
H11,H,11,PLD3_TMEM106B_no_mCherry,False,39,"/Users/pmihack/claire/tmem_2026/data/260213_Feb16recopy_HYdiff_landingpadlines_survival_384well1/20260319_083746_585/260319_Day39_WellH11_Channel405nm Binned,561nm Binned,488nm Binned_Seq0086.nd2","260319_Day39_WellH11_Channel405nm Binned,561nm Binned,488nm Binned_Seq0086.nd2",49692672,405nm Binned|561nm Binned|488nm Binned,Seq0086
H12,H,12,PLD3_TMEM106B_no_mCherry,False,8,"/Users/pmihack/claire/tmem_2026/data/260213_Feb16recopy_HYdiff_landingpadlines_survival_384well1/20260216_084435_959/260216_Day8_iNeurons_WellH12_Channel405nm Binned,561nm Binned,488nm Binned_Seq0087.nd2","260216_Day8_iNeurons_WellH12_Channel405nm Binned,561nm Binned,488nm Binned_Seq0087.nd2",49692672,405nm Binned|561nm Binned|488nm Binned,Seq0087
H12,H,12,PLD3_TMEM106B_no_mCherry,False,12,"/Users/pmihack/claire/tmem_2026/data/260213_Feb16recopy_HYdiff_landingpadlines_survival_384well1/20260220_085237_196/260220_Day12_WellH12_Channel405nm Binned,561nm Binned,488nm Binned_Seq0087.nd2","260220_Day12_WellH12_Channel405nm Binned,561nm Binned,488nm Binned_Seq0087.nd2",49692672,405nm Binned|561nm Binned|488nm Binned,Seq0087
H12,H,12,PLD3_TMEM106B_no_mCherry,False,16,"/Users/pmihack/claire/tmem_2026/data/260213_Feb16recopy_HYdiff_landingpadlines_survival_384well1/20260224_090320_759/260224_day16_WellH12_Channel405nm Binned,561nm Binned,488nm Binned_Seq0087.nd2","260224_day16_WellH12_Channel405nm Binned,561nm Binned,488nm Binned_Seq0087.nd2",49692672,405nm Binned|561nm Binned|488nm Binned,Seq0087
H12,H,12,PLD3_TMEM106B_no_mCherry,False,20,"/Users/pmihack/claire/tmem_2026/data/260213_Feb16recopy_HYdiff_landingpadlines_survival_384well1/20260228_090815_318/260228_day20_WellH12_Channel405nm Binned,561nm Binned,488nm Binned_Seq0087.nd2","260228_day20_WellH12_Channel405nm Binned,561nm Binned,488nm Binned_Seq0087.nd2",49692672,405nm Binned|561nm Binned|488nm Binned,Seq0087
H12,H,12,PLD3_TMEM106B_no_mCherry,False,25,"/Users/pmihack/claire/tmem_2026/data/260213_Feb16recopy_HYdiff_landingpadlines_survival_384well1/20260305_171612_406/260305_day25_iNeurons_WellH12_Channel405nm Binned,561nm Binned,488nm Binned_Seq0087.nd2","260305_day25_iNeurons_WellH12_Channel405nm Binned,561nm Binned,488nm Binned_Seq0087.nd2",49688576,405nm Binned|561nm Binned|488nm Binned,Seq0087
H12,H,12,PLD3_TMEM106B_no_mCherry,False,29,"/Users/pmihack/claire/tmem_2026/data/260213_Feb16recopy_HYdiff_landingpadlines_survival_384well1/20260309_090353_210/260309_Day29_WellH12_Channel405nm Binned,561nm Binned,488nm Binned_Seq0087.nd2","260309_Day29_WellH12_Channel405nm Binned,561nm Binned,488nm Binned_Seq0087.nd2",49688576,405nm Binned|561nm Binned|488nm Binned,Seq0087
H12,H,12,PLD3_TMEM106B_no_mCherry,False,32,"/Users/pmihack/claire/tmem_2026/data/260213_Feb16recopy_HYdiff_landingpadlines_survival_384well1/20260312_083635_497/260312_Day32_WellH12_Channel405nm Binned,561 nm,488nm Binned_Seq0087.nd2","260312_Day32_WellH12_Channel405nm Binned,561 nm,488nm Binned_Seq0087.nd2",49688576,405nm Binned|561 nm|488nm Binned,Seq0087
H12,H,12,PLD3_TMEM106B_no_mCherry,False,36,"/Users/pmihack/claire/tmem_2026/data/260213_Feb16recopy_HYdiff_landingpadlines_survival_384well1/20260316_093139_667/260316_Day36_WellH12_Channel405nm Binned,561nm Binned,488nm Binned_Seq0087.nd2","260316_Day36_WellH12_Channel405nm Binned,561nm Binned,488nm Binned_Seq0087.nd2",49700864,405nm Binned|561nm Binned|488nm Binned,Seq0087
H12,H,12,PLD3_TMEM106B_no_mCherry,False,39,"/Users/pmihack/claire/tmem_2026/data/260213_Feb16recopy_HYdiff_landingpadlines_survival_384well1/20260319_083746_585/260319_Day39_WellH12_Channel405nm Binned,561nm Binned,488nm Binned_Seq0087.nd2","260319_Day39_WellH12_Channel405nm Binned,561nm Binned,488nm Binned_Seq0087.nd2",49692672,405nm Binned|561nm Binned|488nm Binned,Seq0087
H13,H,13,PLD3_TMEM106B_no_mCherry,False,8,"/Users/pmihack/claire/tmem_2026/data/260213_Feb16recopy_HYdiff_landingpadlines_survival_384well1/20260216_084435_959/260216_Day8_iNeurons_WellH13_Channel405nm Binned,561nm Binned,488nm Binned_Seq0088.nd2","260216_Day8_iNeurons_WellH13_Channel405nm Binned,561nm Binned,488nm Binned_Seq0088.nd2",49692672,405nm Binned|561nm Binned|488nm Binned,Seq0088
H13,H,13,PLD3_TMEM106B_no_mCherry,False,12,"/Users/pmihack/claire/tmem_2026/data/260213_Feb16recopy_HYdiff_landingpadlines_survival_384well1/20260220_085237_196/260220_Day12_WellH13_Channel405nm Binned,561nm Binned,488nm Binned_Seq0088.nd2","260220_Day12_WellH13_Channel405nm Binned,561nm Binned,488nm Binned_Seq0088.nd2",49692672,405nm Binned|561nm Binned|488nm Binned,Seq0088
H13,H,13,PLD3_TMEM106B_no_mCherry,False,16,"/Users/pmihack/claire/tmem_2026/data/260213_Feb16recopy_HYdiff_landingpadlines_survival_384well1/20260224_090320_759/260224_day16_WellH13_Channel405nm Binned,561nm Binned,488nm Binned_Seq0088.nd2","260224_day16_WellH13_Channel405nm Binned,561nm Binned,488nm Binned_Seq0088.nd2",49692672,405nm Binned|561nm Binned|488nm Binned,Seq0088
H13,H,13,PLD3_TMEM106B_no_mCherry,False,20,"/Users/pmihack/claire/tmem_2026/data/260213_Feb16recopy_HYdiff_landingpadlines_survival_384well1/20260228_090815_318/260228_day20_WellH13_Channel405nm Binned,561nm Binned,488nm Binned_Seq0088.nd2","260228_day20_WellH13_Channel405nm Binned,561nm Binned,488nm Binned_Seq0088.nd2",49692672,405nm Binned|561nm Binned|488nm Binned,Seq0088
H13,H,13,PLD3_TMEM106B_no_mCherry,False,25,"/Users/pmihack/claire/tmem_2026/data/260213_Feb16recopy_HYdiff_landingpadlines_survival_384well1/20260305_171612_406/260305_day25_iNeurons_WellH13_Channel405nm Binned,561nm Binned,488nm Binned_Seq0088.nd2","260305_day25_iNeurons_WellH13_Channel405nm Binned,561nm Binned,488nm Binned_Seq0088.nd2",49688576,405nm Binned|561nm Binned|488nm Binned,Seq0088
H13,H,13,PLD3_TMEM106B_no_mCherry,False,29,"/Users/pmihack/claire/tmem_2026/data/260213_Feb16recopy_HYdiff_landingpadlines_survival_384well1/20260309_090353_210/260309_Day29_WellH13_Channel405nm Binned,561nm Binned,488nm Binned_Seq0088.nd2","260309_Day29_WellH13_Channel405nm Binned,561nm Binned,488nm Binned_Seq0088.nd2",49688576,405nm Binned|561nm Binned|488nm Binned,Seq0088
H13,H,13,PLD3_TMEM106B_no_mCherry,False,32,"/Users/pmihack/claire/tmem_2026/data/260213_Feb16recopy_HYdiff_landingpadlines_survival_384well1/20260312_083635_497/260312_Day32_WellH13_Channel405nm Binned,561 nm,488nm Binned_Seq0088.nd2","260312_Day32_WellH13_Channel405nm Binned,561 nm,488nm Binned_Seq0088.nd2",49688576,405nm Binned|561 nm|488nm Binned,Seq0088
H13,H,13,PLD3_TMEM106B_no_mCherry,False,36,"/Users/pmihack/claire/tmem_2026/data/260213_Feb16recopy_HYdiff_landingpadlines_survival_384well1/20260316_093139_667/260316_Day36_WellH13_Channel405nm Binned,561nm Binned,488nm Binned_Seq0088.nd2","260316_Day36_WellH13_Channel405nm Binned,561nm Binned,488nm Binned_Seq0088.nd2",49700864,405nm Binned|561nm Binned|488nm Binned,Seq0088
H13,H,13,PLD3_TMEM106B_no_mCherry,False,39,"/Users/pmihack/claire/tmem_2026/data/260213_Feb16recopy_HYdiff_landingpadlines_survival_384well1/20260319_083746_585/260319_Day39_WellH13_Channel405nm Binned,561nm Binned,488nm Binned_Seq0088.nd2","260319_Day39_WellH13_Channel405nm Binned,561nm Binned,488nm Binned_Seq0088.nd2",49692672,405nm Binned|561nm Binned|488nm Binned,Seq0088
H14,H,14,PLD3_TMEM106B_no_mCherry,False,8,"/Users/pmihack/claire/tmem_2026/data/260213_Feb16recopy_HYdiff_landingpadlines_survival_384well1/20260216_084435_959/260216_Day8_iNeurons_WellH14_Channel405nm Binned,561nm Binned,488nm Binned_Seq0089.nd2","260216_Day8_iNeurons_WellH14_Channel405nm Binned,561nm Binned,488nm Binned_Seq0089.nd2",49692672,405nm Binned|561nm Binned|488nm Binned,Seq0089
H14,H,14,PLD3_TMEM106B_no_mCherry,False,12,"/Users/pmihack/claire/tmem_2026/data/260213_Feb16recopy_HYdiff_landingpadlines_survival_384well1/20260220_085237_196/260220_Day12_WellH14_Channel405nm Binned,561nm Binned,488nm Binned_Seq0089.nd2","260220_Day12_WellH14_Channel405nm Binned,561nm Binned,488nm Binned_Seq0089.nd2",49692672,405nm Binned|561nm Binned|488nm Binned,Seq0089
H14,H,14,PLD3_TMEM106B_no_mCherry,False,16,"/Users/pmihack/claire/tmem_2026/data/260213_Feb16recopy_HYdiff_landingpadlines_survival_384well1/20260224_090320_759/260224_day16_WellH14_Channel405nm Binned,561nm Binned,488nm Binned_Seq0089.nd2","260224_day16_WellH14_Channel405nm Binned,561nm Binned,488nm Binned_Seq0089.nd2",49692672,405nm Binned|561nm Binned|488nm Binned,Seq0089
H14,H,14,PLD3_TMEM106B_no_mCherry,False,20,"/Users/pmihack/claire/tmem_2026/data/260213_Feb16recopy_HYdiff_landingpadlines_survival_384well1/20260228_090815_318/260228_day20_WellH14_Channel405nm Binned,561nm Binned,488nm Binned_Seq0089.nd2","260228_day20_WellH14_Channel405nm Binned,561nm Binned,488nm Binned_Seq0089.nd2",49692672,405nm Binned|561nm Binned|488nm Binned,Seq0089
H14,H,14,PLD3_TMEM106B_no_mCherry,False,25,"/Users/pmihack/claire/tmem_2026/data/260213_Feb16recopy_HYdiff_landingpadlines_survival_384well1/20260305_171612_406/260305_day25_iNeurons_WellH14_Channel405nm Binned,561nm Binned,488nm Binned_Seq0089.nd2","260305_day25_iNeurons_WellH14_Channel405nm Binned,561nm Binned,488nm Binned_Seq0089.nd2",49688576,405nm Binned|561nm Binned|488nm Binned,Seq0089
H14,H,14,PLD3_TMEM106B_no_mCherry,False,29,"/Users/pmihack/claire/tmem_2026/data/260213_Feb16recopy_HYdiff_landingpadlines_survival_384well1/20260309_090353_210/260309_Day29_WellH14_Channel405nm Binned,561nm Binned,488nm Binned_Seq0089.nd2","260309_Day29_WellH14_Channel405nm Binned,561nm Binned,488nm Binned_Seq0089.nd2",49688576,405nm Binned|561nm Binned|488nm Binned,Seq0089
H14,H,14,PLD3_TMEM106B_no_mCherry,False,32,"/Users/pmihack/claire/tmem_2026/data/260213_Feb16recopy_HYdiff_landingpadlines_survival_384well1/20260312_083635_497/260312_Day32_WellH14_Channel405nm Binned,561 nm,488nm Binned_Seq0089.nd2","260312_Day32_WellH14_Channel405nm Binned,561 nm,488nm Binned_Seq0089.nd2",49688576,405nm Binned|561 nm|488nm Binned,Seq0089
H14,H,14,PLD3_TMEM106B_no_mCherry,False,36,"/Users/pmihack/claire/tmem_2026/data/260213_Feb16recopy_HYdiff_landingpadlines_survival_384well1/20260316_093139_667/260316_Day36_WellH14_Channel405nm Binned,561nm Binned,488nm Binned_Seq0089.nd2","260316_Day36_WellH14_Channel405nm Binned,561nm Binned,488nm Binned_Seq0089.nd2",49700864,405nm Binned|561nm Binned|488nm Binned,Seq0089
H14,H,14,PLD3_TMEM106B_no_mCherry,False,39,"/Users/pmihack/claire/tmem_2026/data/260213_Feb16recopy_HYdiff_landingpadlines_survival_384well1/20260319_083746_585/260319_Day39_WellH14_Channel405nm Binned,561nm Binned,488nm Binned_Seq0089.nd2","260319_Day39_WellH14_Channel405nm Binned,561nm Binned,488nm Binned_Seq0089.nd2",49692672,405nm Binned|561nm Binned|488nm Binned,Seq0089
H15,H,15,PLD3_TMEM106B_no_mCherry,False,8,"/Users/pmihack/claire/tmem_2026/data/260213_Feb16recopy_HYdiff_landingpadlines_survival_384well1/20260216_084435_959/260216_Day8_iNeurons_WellH15_Channel405nm Binned,561nm Binned,488nm Binned_Seq0090.nd2","260216_Day8_iNeurons_WellH15_Channel405nm Binned,561nm Binned,488nm Binned_Seq0090.nd2",49692672,405nm Binned|561nm Binned|488nm Binned,Seq0090
H15,H,15,PLD3_TMEM106B_no_mCherry,False,12,"/Users/pmihack/claire/tmem_2026/data/260213_Feb16recopy_HYdiff_landingpadlines_survival_384well1/20260220_085237_196/260220_Day12_WellH15_Channel405nm Binned,561nm Binned,488nm Binned_Seq0090.nd2","260220_Day12_WellH15_Channel405nm Binned,561nm Binned,488nm Binned_Seq0090.nd2",49692672,405nm Binned|561nm Binned|488nm Binned,Seq0090
H15,H,15,PLD3_TMEM106B_no_mCherry,False,16,"/Users/pmihack/claire/tmem_2026/data/260213_Feb16recopy_HYdiff_landingpadlines_survival_384well1/20260224_090320_759/260224_day16_WellH15_Channel405nm Binned,561nm Binned,488nm Binned_Seq0090.nd2","260224_day16_WellH15_Channel405nm Binned,561nm Binned,488nm Binned_Seq0090.nd2",49692672,405nm Binned|561nm Binned|488nm Binned,Seq0090
H15,H,15,PLD3_TMEM106B_no_mCherry,False,20,"/Users/pmihack/claire/tmem_2026/data/260213_Feb16recopy_HYdiff_landingpadlines_survival_384well1/20260228_090815_318/260228_day20_WellH15_Channel405nm Binned,561nm Binned,488nm Binned_Seq0090.nd2","260228_day20_WellH15_Channel405nm Binned,561nm Binned,488nm Binned_Seq0090.nd2",49692672,405nm Binned|561nm Binned|488nm Binned,Seq0090
H15,H,15,PLD3_TMEM106B_no_mCherry,False,25,"/Users/pmihack/claire/tmem_2026/data/260213_Feb16recopy_HYdiff_landingpadlines_survival_384well1/20260305_171612_406/260305_day25_iNeurons_WellH15_Channel405nm Binned,561nm Binned,488nm Binned_Seq0090.nd2","260305_day25_iNeurons_WellH15_Channel405nm Binned,561nm Binned,488nm Binned_Seq0090.nd2",49688576,405nm Binned|561nm Binned|488nm Binned,Seq0090
H15,H,15,PLD3_TMEM106B_no_mCherry,False,29,"/Users/pmihack/claire/tmem_2026/data/260213_Feb16recopy_HYdiff_landingpadlines_survival_384well1/20260309_090353_210/260309_Day29_WellH15_Channel405nm Binned,561nm Binned,488nm Binned_Seq0090.nd2","260309_Day29_WellH15_Channel405nm Binned,561nm Binned,488nm Binned_Seq0090.nd2",49688576,405nm Binned|561nm Binned|488nm Binned,Seq0090
H15,H,15,PLD3_TMEM106B_no_mCherry,False,32,"/Users/pmihack/claire/tmem_2026/data/260213_Feb16recopy_HYdiff_landingpadlines_survival_384well1/20260312_083635_497/260312_Day32_WellH15_Channel405nm Binned,561 nm,488nm Binned_Seq0090.nd2","260312_Day32_WellH15_Channel405nm Binned,561 nm,488nm Binned_Seq0090.nd2",49688576,405nm Binned|561 nm|488nm Binned,Seq0090
H15,H,15,PLD3_TMEM106B_no_mCherry,False,36,"/Users/pmihack/claire/tmem_2026/data/260213_Feb16recopy_HYdiff_landingpadlines_survival_384well1/20260316_093139_667/260316_Day36_WellH15_Channel405nm Binned,561nm Binned,488nm Binned_Seq0090.nd2","260316_Day36_WellH15_Channel405nm Binned,561nm Binned,488nm Binned_Seq0090.nd2",49700864,405nm Binned|561nm Binned|488nm Binned,Seq0090
H15,H,15,PLD3_TMEM106B_no_mCherry,False,39,"/Users/pmihack/claire/tmem_2026/data/260213_Feb16recopy_HYdiff_landingpadlines_survival_384well1/20260319_083746_585/260319_Day39_WellH15_Channel405nm Binned,561nm Binned,488nm Binned_Seq0090.nd2","260319_Day39_WellH15_Channel405nm Binned,561nm Binned,488nm Binned_Seq0090.nd2",49692672,405nm Binned|561nm Binned|488nm Binned,Seq0090
H16,H,16,PLD3_TMEM106B_no_mCherry,False,8,"/Users/pmihack/claire/tmem_2026/data/260213_Feb16recopy_HYdiff_landingpadlines_survival_384well1/20260216_084435_959/260216_Day8_iNeurons_WellH16_Channel405nm Binned,561nm Binned,488nm Binned_Seq0091.nd2","260216_Day8_iNeurons_WellH16_Channel405nm Binned,561nm Binned,488nm Binned_Seq0091.nd2",49692672,405nm Binned|561nm Binned|488nm Binned,Seq0091
H16,H,16,PLD3_TMEM106B_no_mCherry,False,12,"/Users/pmihack/claire/tmem_2026/data/260213_Feb16recopy_HYdiff_landingpadlines_survival_384well1/20260220_085237_196/260220_Day12_WellH16_Channel405nm Binned,561nm Binned,488nm Binned_Seq0091.nd2","260220_Day12_WellH16_Channel405nm Binned,561nm Binned,488nm Binned_Seq0091.nd2",49692672,405nm Binned|561nm Binned|488nm Binned,Seq0091
H16,H,16,PLD3_TMEM106B_no_mCherry,False,16,"/Users/pmihack/claire/tmem_2026/data/260213_Feb16recopy_HYdiff_landingpadlines_survival_384well1/20260224_090320_759/260224_day16_WellH16_Channel405nm Binned,561nm Binned,488nm Binned_Seq0091.nd2","260224_day16_WellH16_Channel405nm Binned,561nm Binned,488nm Binned_Seq0091.nd2",49692672,405nm Binned|561nm Binned|488nm Binned,Seq0091
H16,H,16,PLD3_TMEM106B_no_mCherry,False,20,"/Users/pmihack/claire/tmem_2026/data/260213_Feb16recopy_HYdiff_landingpadlines_survival_384well1/20260228_090815_318/260228_day20_WellH16_Channel405nm Binned,561nm Binned,488nm Binned_Seq0091.nd2","260228_day20_WellH16_Channel405nm Binned,561nm Binned,488nm Binned_Seq0091.nd2",49692672,405nm Binned|561nm Binned|488nm Binned,Seq0091
H16,H,16,PLD3_TMEM106B_no_mCherry,False,25,"/Users/pmihack/claire/tmem_2026/data/260213_Feb16recopy_HYdiff_landingpadlines_survival_384well1/20260305_171612_406/260305_day25_iNeurons_WellH16_Channel405nm Binned,561nm Binned,488nm Binned_Seq0091.nd2","260305_day25_iNeurons_WellH16_Channel405nm Binned,561nm Binned,488nm Binned_Seq0091.nd2",49688576,405nm Binned|561nm Binned|488nm Binned,Seq0091
H16,H,16,PLD3_TMEM106B_no_mCherry,False,29,"/Users/pmihack/claire/tmem_2026/data/260213_Feb16recopy_HYdiff_landingpadlines_survival_384well1/20260309_090353_210/260309_Day29_WellH16_Channel405nm Binned,561nm Binned,488nm Binned_Seq0091.nd2","260309_Day29_WellH16_Channel405nm Binned,561nm Binned,488nm Binned_Seq0091.nd2",49688576,405nm Binned|561nm Binned|488nm Binned,Seq0091
H16,H,16,PLD3_TMEM106B_no_mCherry,False,32,"/Users/pmihack/claire/tmem_2026/data/260213_Feb16recopy_HYdiff_landingpadlines_survival_384well1/20260312_083635_497/260312_Day32_WellH16_Channel405nm Binned,561 nm,488nm Binned_Seq0091.nd2","260312_Day32_WellH16_Channel405nm Binned,561 nm,488nm Binned_Seq0091.nd2",49688576,405nm Binned|561 nm|488nm Binned,Seq0091
H16,H,16,PLD3_TMEM106B_no_mCherry,False,36,"/Users/pmihack/claire/tmem_2026/data/260213_Feb16recopy_HYdiff_landingpadlines_survival_384well1/20260316_093139_667/260316_Day36_WellH16_Channel405nm Binned,561nm Binned,488nm Binned_Seq0091.nd2","260316_Day36_WellH16_Channel405nm Binned,561nm Binned,488nm Binned_Seq0091.nd2",49700864,405nm Binned|561nm Binned|488nm Binned,Seq0091
H16,H,16,PLD3_TMEM106B_no_mCherry,False,39,"/Users/pmihack/claire/tmem_2026/data/260213_Feb16recopy_HYdiff_landingpadlines_survival_384well1/20260319_083746_585/260319_Day39_WellH16_Channel405nm Binned,561nm Binned,488nm Binned_Seq0091.nd2","260319_Day39_WellH16_Channel405nm Binned,561nm Binned,488nm Binned_Seq0091.nd2",49692672,405nm Binned|561nm Binned|488nm Binned,Seq0091
H17,H,17,PLD3_TMEM106B_no_mCherry,False,8,"/Users/pmihack/claire/tmem_2026/data/260213_Feb16recopy_HYdiff_landingpadlines_survival_384well1/20260216_084435_959/260216_Day8_iNeurons_WellH17_Channel405nm Binned,561nm Binned,488nm Binned_Seq0092.nd2","260216_Day8_iNeurons_WellH17_Channel405nm Binned,561nm Binned,488nm Binned_Seq0092.nd2",49692672,405nm Binned|561nm Binned|488nm Binned,Seq0092
H17,H,17,PLD3_TMEM106B_no_mCherry,False,12,"/Users/pmihack/claire/tmem_2026/data/260213_Feb16recopy_HYdiff_landingpadlines_survival_384well1/20260220_085237_196/260220_Day12_WellH17_Channel405nm Binned,561nm Binned,488nm Binned_Seq0092.nd2","260220_Day12_WellH17_Channel405nm Binned,561nm Binned,488nm Binned_Seq0092.nd2",49692672,405nm Binned|561nm Binned|488nm Binned,Seq0092
H17,H,17,PLD3_TMEM106B_no_mCherry,False,16,"/Users/pmihack/claire/tmem_2026/data/260213_Feb16recopy_HYdiff_landingpadlines_survival_384well1/20260224_090320_759/260224_day16_WellH17_Channel405nm Binned,561nm Binned,488nm Binned_Seq0092.nd2","260224_day16_WellH17_Channel405nm Binned,561nm Binned,488nm Binned_Seq0092.nd2",49692672,405nm Binned|561nm Binned|488nm Binned,Seq0092
H17,H,17,PLD3_TMEM106B_no_mCherry,False,20,"/Users/pmihack/claire/tmem_2026/data/260213_Feb16recopy_HYdiff_landingpadlines_survival_384well1/20260228_090815_318/260228_day20_WellH17_Channel405nm Binned,561nm Binned,488nm Binned_Seq0092.nd2","260228_day20_WellH17_Channel405nm Binned,561nm Binned,488nm Binned_Seq0092.nd2",49692672,405nm Binned|561nm Binned|488nm Binned,Seq0092
H17,H,17,PLD3_TMEM106B_no_mCherry,False,25,"/Users/pmihack/claire/tmem_2026/data/260213_Feb16recopy_HYdiff_landingpadlines_survival_384well1/20260305_171612_406/260305_day25_iNeurons_WellH17_Channel405nm Binned,561nm Binned,488nm Binned_Seq0092.nd2","260305_day25_iNeurons_WellH17_Channel405nm Binned,561nm Binned,488nm Binned_Seq0092.nd2",49688576,405nm Binned|561nm Binned|488nm Binned,Seq0092
H17,H,17,PLD3_TMEM106B_no_mCherry,False,29,"/Users/pmihack/claire/tmem_2026/data/260213_Feb16recopy_HYdiff_landingpadlines_survival_384well1/20260309_090353_210/260309_Day29_WellH17_Channel405nm Binned,561nm Binned,488nm Binned_Seq0092.nd2","260309_Day29_WellH17_Channel405nm Binned,561nm Binned,488nm Binned_Seq0092.nd2",49688576,405nm Binned|561nm Binned|488nm Binned,Seq0092
H17,H,17,PLD3_TMEM106B_no_mCherry,False,32,"/Users/pmihack/claire/tmem_2026/data/260213_Feb16recopy_HYdiff_landingpadlines_survival_384well1/20260312_083635_497/260312_Day32_WellH17_Channel405nm Binned,561 nm,488nm Binned_Seq0092.nd2","260312_Day32_WellH17_Channel405nm Binned,561 nm,488nm Binned_Seq0092.nd2",49688576,405nm Binned|561 nm|488nm Binned,Seq0092
H17,H,17,PLD3_TMEM106B_no_mCherry,False,36,"/Users/pmihack/claire/tmem_2026/data/260213_Feb16recopy_HYdiff_landingpadlines_survival_384well1/20260316_093139_667/260316_Day36_WellH17_Channel405nm Binned,561nm Binned,488nm Binned_Seq0092.nd2","260316_Day36_WellH17_Channel405nm Binned,561nm Binned,488nm Binned_Seq0092.nd2",49700864,405nm Binned|561nm Binned|488nm Binned,Seq0092
H17,H,17,PLD3_TMEM106B_no_mCherry,False,39,"/Users/pmihack/claire/tmem_2026/data/260213_Feb16recopy_HYdiff_landingpadlines_survival_384well1/20260319_083746_585/260319_Day39_WellH17_Channel405nm Binned,561nm Binned,488nm Binned_Seq0092.nd2","260319_Day39_WellH17_Channel405nm Binned,561nm Binned,488nm Binned_Seq0092.nd2",49692672,405nm Binned|561nm Binned|488nm Binned,Seq0092
H18,H,18,PLD3_TMEM106B_no_mCherry,False,8,"/Users/pmihack/claire/tmem_2026/data/260213_Feb16recopy_HYdiff_landingpadlines_survival_384well1/20260216_084435_959/260216_Day8_iNeurons_WellH18_Channel405nm Binned,561nm Binned,488nm Binned_Seq0093.nd2","260216_Day8_iNeurons_WellH18_Channel405nm Binned,561nm Binned,488nm Binned_Seq0093.nd2",49692672,405nm Binned|561nm Binned|488nm Binned,Seq0093
H18,H,18,PLD3_TMEM106B_no_mCherry,False,12,"/Users/pmihack/claire/tmem_2026/data/260213_Feb16recopy_HYdiff_landingpadlines_survival_384well1/20260220_085237_196/260220_Day12_WellH18_Channel405nm Binned,561nm Binned,488nm Binned_Seq0093.nd2","260220_Day12_WellH18_Channel405nm Binned,561nm Binned,488nm Binned_Seq0093.nd2",49692672,405nm Binned|561nm Binned|488nm Binned,Seq0093
H18,H,18,PLD3_TMEM106B_no_mCherry,False,16,"/Users/pmihack/claire/tmem_2026/data/260213_Feb16recopy_HYdiff_landingpadlines_survival_384well1/20260224_090320_759/260224_day16_WellH18_Channel405nm Binned,561nm Binned,488nm Binned_Seq0093.nd2","260224_day16_WellH18_Channel405nm Binned,561nm Binned,488nm Binned_Seq0093.nd2",49692672,405nm Binned|561nm Binned|488nm Binned,Seq0093
H18,H,18,PLD3_TMEM106B_no_mCherry,False,20,"/Users/pmihack/claire/tmem_2026/data/260213_Feb16recopy_HYdiff_landingpadlines_survival_384well1/20260228_090815_318/260228_day20_WellH18_Channel405nm Binned,561nm Binned,488nm Binned_Seq0093.nd2","260228_day20_WellH18_Channel405nm Binned,561nm Binned,488nm Binned_Seq0093.nd2",49692672,405nm Binned|561nm Binned|488nm Binned,Seq0093
H18,H,18,PLD3_TMEM106B_no_mCherry,False,25,"/Users/pmihack/claire/tmem_2026/data/260213_Feb16recopy_HYdiff_landingpadlines_survival_384well1/20260305_171612_406/260305_day25_iNeurons_WellH18_Channel405nm Binned,561nm Binned,488nm Binned_Seq0093.nd2","260305_day25_iNeurons_WellH18_Channel405nm Binned,561nm Binned,488nm Binned_Seq0093.nd2",49688576,405nm Binned|561nm Binned|488nm Binned,Seq0093
H18,H,18,PLD3_TMEM106B_no_mCherry,False,29,"/Users/pmihack/claire/tmem_2026/data/260213_Feb16recopy_HYdiff_landingpadlines_survival_384well1/20260309_090353_210/260309_Day29_WellH18_Channel405nm Binned,561nm Binned,488nm Binned_Seq0093.nd2","260309_Day29_WellH18_Channel405nm Binned,561nm Binned,488nm Binned_Seq0093.nd2",49688576,405nm Binned|561nm Binned|488nm Binned,Seq0093
H18,H,18,PLD3_TMEM106B_no_mCherry,False,32,"/Users/pmihack/claire/tmem_2026/data/260213_Feb16recopy_HYdiff_landingpadlines_survival_384well1/20260312_083635_497/260312_Day32_WellH18_Channel405nm Binned,561 nm,488nm Binned_Seq0093.nd2","260312_Day32_WellH18_Channel405nm Binned,561 nm,488nm Binned_Seq0093.nd2",49688576,405nm Binned|561 nm|488nm Binned,Seq0093
H18,H,18,PLD3_TMEM106B_no_mCherry,False,36,"/Users/pmihack/claire/tmem_2026/data/260213_Feb16recopy_HYdiff_landingpadlines_survival_384well1/20260316_093139_667/260316_Day36_WellH18_Channel405nm Binned,561nm Binned,488nm Binned_Seq0093.nd2","260316_Day36_WellH18_Channel405nm Binned,561nm Binned,488nm Binned_Seq0093.nd2",49700864,405nm Binned|561nm Binned|488nm Binned,Seq0093
H18,H,18,PLD3_TMEM106B_no_mCherry,False,39,"/Users/pmihack/claire/tmem_2026/data/260213_Feb16recopy_HYdiff_landingpadlines_survival_384well1/20260319_083746_585/260319_Day39_WellH18_Channel405nm Binned,561nm Binned,488nm Binned_Seq0093.nd2","260319_Day39_WellH18_Channel405nm Binned,561nm Binned,488nm Binned_Seq0093.nd2",49692672,405nm Binned|561nm Binned|488nm Binned,Seq0093
H19,H,19,PLD3_TMEM106B_no_mCherry,False,8,"/Users/pmihack/claire/tmem_2026/data/260213_Feb16recopy_HYdiff_landingpadlines_survival_384well1/20260216_084435_959/260216_Day8_iNeurons_WellH19_Channel405nm Binned,561nm Binned,488nm Binned_Seq0094.nd2","260216_Day8_iNeurons_WellH19_Channel405nm Binned,561nm Binned,488nm Binned_Seq0094.nd2",49692672,405nm Binned|561nm Binned|488nm Binned,Seq0094
H19,H,19,PLD3_TMEM106B_no_mCherry,False,12,"/Users/pmihack/claire/tmem_2026/data/260213_Feb16recopy_HYdiff_landingpadlines_survival_384well1/20260220_085237_196/260220_Day12_WellH19_Channel405nm Binned,561nm Binned,488nm Binned_Seq0094.nd2","260220_Day12_WellH19_Channel405nm Binned,561nm Binned,488nm Binned_Seq0094.nd2",49692672,405nm Binned|561nm Binned|488nm Binned,Seq0094
H19,H,19,PLD3_TMEM106B_no_mCherry,False,16,"/Users/pmihack/claire/tmem_2026/data/260213_Feb16recopy_HYdiff_landingpadlines_survival_384well1/20260224_090320_759/260224_day16_WellH19_Channel405nm Binned,561nm Binned,488nm Binned_Seq0094.nd2","260224_day16_WellH19_Channel405nm Binned,561nm Binned,488nm Binned_Seq0094.nd2",49692672,405nm Binned|561nm Binned|488nm Binned,Seq0094
H19,H,19,PLD3_TMEM106B_no_mCherry,False,20,"/Users/pmihack/claire/tmem_2026/data/260213_Feb16recopy_HYdiff_landingpadlines_survival_384well1/20260228_090815_318/260228_day20_WellH19_Channel405nm Binned,561nm Binned,488nm Binned_Seq0094.nd2","260228_day20_WellH19_Channel405nm Binned,561nm Binned,488nm Binned_Seq0094.nd2",49692672,405nm Binned|561nm Binned|488nm Binned,Seq0094
H19,H,19,PLD3_TMEM106B_no_mCherry,False,25,"/Users/pmihack/claire/tmem_2026/data/260213_Feb16recopy_HYdiff_landingpadlines_survival_384well1/20260305_171612_406/260305_day25_iNeurons_WellH19_Channel405nm Binned,561nm Binned,488nm Binned_Seq0094.nd2","260305_day25_iNeurons_WellH19_Channel405nm Binned,561nm Binned,488nm Binned_Seq0094.nd2",49688576,405nm Binned|561nm Binned|488nm Binned,Seq0094
H19,H,19,PLD3_TMEM106B_no_mCherry,False,29,"/Users/pmihack/claire/tmem_2026/data/260213_Feb16recopy_HYdiff_landingpadlines_survival_384well1/20260309_090353_210/260309_Day29_WellH19_Channel405nm Binned,561nm Binned,488nm Binned_Seq0094.nd2","260309_Day29_WellH19_Channel405nm Binned,561nm Binned,488nm Binned_Seq0094.nd2",49688576,405nm Binned|561nm Binned|488nm Binned,Seq0094
H19,H,19,PLD3_TMEM106B_no_mCherry,False,32,"/Users/pmihack/claire/tmem_2026/data/260213_Feb16recopy_HYdiff_landingpadlines_survival_384well1/20260312_083635_497/260312_Day32_WellH19_Channel405nm Binned,561 nm,488nm Binned_Seq0094.nd2","260312_Day32_WellH19_Channel405nm Binned,561 nm,488nm Binned_Seq0094.nd2",49688576,405nm Binned|561 nm|488nm Binned,Seq0094
H19,H,19,PLD3_TMEM106B_no_mCherry,False,36,"/Users/pmihack/claire/tmem_2026/data/260213_Feb16recopy_HYdiff_landingpadlines_survival_384well1/20260316_093139_667/260316_Day36_WellH19_Channel405nm Binned,561nm Binned,488nm Binned_Seq0094.nd2","260316_Day36_WellH19_Channel405nm Binned,561nm Binned,488nm Binned_Seq0094.nd2",49700864,405nm Binned|561nm Binned|488nm Binned,Seq0094
H19,H,19,PLD3_TMEM106B_no_mCherry,False,39,"/Users/pmihack/claire/tmem_2026/data/260213_Feb16recopy_HYdiff_landingpadlines_survival_384well1/20260319_083746_585/260319_Day39_WellH19_Channel405nm Binned,561nm Binned,488nm Binned_Seq0094.nd2","260319_Day39_WellH19_Channel405nm Binned,561nm Binned,488nm Binned_Seq0094.nd2",49692672,405nm Binned|561nm Binned|488nm Binned,Seq0094
H20,H,20,PLD3_TMEM106B_no_mCherry,False,8,"/Users/pmihack/claire/tmem_2026/data/260213_Feb16recopy_HYdiff_landingpadlines_survival_384well1/20260216_084435_959/260216_Day8_iNeurons_WellH20_Channel405nm Binned,561nm Binned,488nm Binned_Seq0095.nd2","260216_Day8_iNeurons_WellH20_Channel405nm Binned,561nm Binned,488nm Binned_Seq0095.nd2",49692672,405nm Binned|561nm Binned|488nm Binned,Seq0095
H20,H,20,PLD3_TMEM106B_no_mCherry,False,12,"/Users/pmihack/claire/tmem_2026/data/260213_Feb16recopy_HYdiff_landingpadlines_survival_384well1/20260220_085237_196/260220_Day12_WellH20_Channel405nm Binned,561nm Binned,488nm Binned_Seq0095.nd2","260220_Day12_WellH20_Channel405nm Binned,561nm Binned,488nm Binned_Seq0095.nd2",49692672,405nm Binned|561nm Binned|488nm Binned,Seq0095
H20,H,20,PLD3_TMEM106B_no_mCherry,False,16,"/Users/pmihack/claire/tmem_2026/data/260213_Feb16recopy_HYdiff_landingpadlines_survival_384well1/20260224_090320_759/260224_day16_WellH20_Channel405nm Binned,561nm Binned,488nm Binned_Seq0095.nd2","260224_day16_WellH20_Channel405nm Binned,561nm Binned,488nm Binned_Seq0095.nd2",49692672,405nm Binned|561nm Binned|488nm Binned,Seq0095
H20,H,20,PLD3_TMEM106B_no_mCherry,False,20,"/Users/pmihack/claire/tmem_2026/data/260213_Feb16recopy_HYdiff_landingpadlines_survival_384well1/20260228_090815_318/260228_day20_WellH20_Channel405nm Binned,561nm Binned,488nm Binned_Seq0095.nd2","260228_day20_WellH20_Channel405nm Binned,561nm Binned,488nm Binned_Seq0095.nd2",49692672,405nm Binned|561nm Binned|488nm Binned,Seq0095
H20,H,20,PLD3_TMEM106B_no_mCherry,False,25,"/Users/pmihack/claire/tmem_2026/data/260213_Feb16recopy_HYdiff_landingpadlines_survival_384well1/20260305_171612_406/260305_day25_iNeurons_WellH20_Channel405nm Binned,561nm Binned,488nm Binned_Seq0095.nd2","260305_day25_iNeurons_WellH20_Channel405nm Binned,561nm Binned,488nm Binned_Seq0095.nd2",49688576,405nm Binned|561nm Binned|488nm Binned,Seq0095
H20,H,20,PLD3_TMEM106B_no_mCherry,False,29,"/Users/pmihack/claire/tmem_2026/data/260213_Feb16recopy_HYdiff_landingpadlines_survival_384well1/20260309_090353_210/260309_Day29_WellH20_Channel405nm Binned,561nm Binned,488nm Binned_Seq0095.nd2","260309_Day29_WellH20_Channel405nm Binned,561nm Binned,488nm Binned_Seq0095.nd2",49688576,405nm Binned|561nm Binned|488nm Binned,Seq0095
H20,H,20,PLD3_TMEM106B_no_mCherry,False,32,"/Users/pmihack/claire/tmem_2026/data/260213_Feb16recopy_HYdiff_landingpadlines_survival_384well1/20260312_083635_497/260312_Day32_WellH20_Channel405nm Binned,561 nm,488nm Binned_Seq0095.nd2","260312_Day32_WellH20_Channel405nm Binned,561 nm,488nm Binned_Seq0095.nd2",49688576,405nm Binned|561 nm|488nm Binned,Seq0095
H20,H,20,PLD3_TMEM106B_no_mCherry,False,36,"/Users/pmihack/claire/tmem_2026/data/260213_Feb16recopy_HYdiff_landingpadlines_survival_384well1/20260316_093139_667/260316_Day36_WellH20_Channel405nm Binned,561nm Binned,488nm Binned_Seq0095.nd2","260316_Day36_WellH20_Channel405nm Binned,561nm Binned,488nm Binned_Seq0095.nd2",49700864,405nm Binned|561nm Binned|488nm Binned,Seq0095
H20,H,20,PLD3_TMEM106B_no_mCherry,False,39,"/Users/pmihack/claire/tmem_2026/data/260213_Feb16recopy_HYdiff_landingpadlines_survival_384well1/20260319_083746_585/260319_Day39_WellH20_Channel405nm Binned,561nm Binned,488nm Binned_Seq0095.nd2","260319_Day39_WellH20_Channel405nm Binned,561nm Binned,488nm Binned_Seq0095.nd2",49692672,405nm Binned|561nm Binned|488nm Binned,Seq0095
I05,I,05,PLD3_mCherry_reporter_control,True,8,"/Users/pmihack/claire/tmem_2026/data/260213_Feb16recopy_HYdiff_landingpadlines_survival_384well1/20260216_084435_959/260216_Day8_iNeurons_WellI05_Channel405nm Binned,561nm Binned,488nm Binned_Seq0096.nd2","260216_Day8_iNeurons_WellI05_Channel405nm Binned,561nm Binned,488nm Binned_Seq0096.nd2",49692672,405nm Binned|561nm Binned|488nm Binned,Seq0096
I05,I,05,PLD3_mCherry_reporter_control,True,12,"/Users/pmihack/claire/tmem_2026/data/260213_Feb16recopy_HYdiff_landingpadlines_survival_384well1/20260220_085237_196/260220_Day12_WellI05_Channel405nm Binned,561nm Binned,488nm Binned_Seq0096.nd2","260220_Day12_WellI05_Channel405nm Binned,561nm Binned,488nm Binned_Seq0096.nd2",49692672,405nm Binned|561nm Binned|488nm Binned,Seq0096
I05,I,05,PLD3_mCherry_reporter_control,True,16,"/Users/pmihack/claire/tmem_2026/data/260213_Feb16recopy_HYdiff_landingpadlines_survival_384well1/20260224_090320_759/260224_day16_WellI05_Channel405nm Binned,561nm Binned,488nm Binned_Seq0096.nd2","260224_day16_WellI05_Channel405nm Binned,561nm Binned,488nm Binned_Seq0096.nd2",49692672,405nm Binned|561nm Binned|488nm Binned,Seq0096
I05,I,05,PLD3_mCherry_reporter_control,True,20,"/Users/pmihack/claire/tmem_2026/data/260213_Feb16recopy_HYdiff_landingpadlines_survival_384well1/20260228_090815_318/260228_day20_WellI05_Channel405nm Binned,561nm Binned,488nm Binned_Seq0096.nd2","260228_day20_WellI05_Channel405nm Binned,561nm Binned,488nm Binned_Seq0096.nd2",49692672,405nm Binned|561nm Binned|488nm Binned,Seq0096
I05,I,05,PLD3_mCherry_reporter_control,True,25,"/Users/pmihack/claire/tmem_2026/data/260213_Feb16recopy_HYdiff_landingpadlines_survival_384well1/20260305_171612_406/260305_day25_iNeurons_WellI05_Channel405nm Binned,561nm Binned,488nm Binned_Seq0096.nd2","260305_day25_iNeurons_WellI05_Channel405nm Binned,561nm Binned,488nm Binned_Seq0096.nd2",49688576,405nm Binned|561nm Binned|488nm Binned,Seq0096
I05,I,05,PLD3_mCherry_reporter_control,True,29,"/Users/pmihack/claire/tmem_2026/data/260213_Feb16recopy_HYdiff_landingpadlines_survival_384well1/20260309_090353_210/260309_Day29_WellI05_Channel405nm Binned,561nm Binned,488nm Binned_Seq0096.nd2","260309_Day29_WellI05_Channel405nm Binned,561nm Binned,488nm Binned_Seq0096.nd2",49688576,405nm Binned|561nm Binned|488nm Binned,Seq0096
I05,I,05,PLD3_mCherry_reporter_control,True,32,"/Users/pmihack/claire/tmem_2026/data/260213_Feb16recopy_HYdiff_landingpadlines_survival_384well1/20260312_083635_497/260312_Day32_WellI05_Channel405nm Binned,561 nm,488nm Binned_Seq0096.nd2","260312_Day32_WellI05_Channel405nm Binned,561 nm,488nm Binned_Seq0096.nd2",49688576,405nm Binned|561 nm|488nm Binned,Seq0096
I05,I,05,PLD3_mCherry_reporter_control,True,36,"/Users/pmihack/claire/tmem_2026/data/260213_Feb16recopy_HYdiff_landingpadlines_survival_384well1/20260316_093139_667/260316_Day36_WellI05_Channel405nm Binned,561nm Binned,488nm Binned_Seq0096.nd2","260316_Day36_WellI05_Channel405nm Binned,561nm Binned,488nm Binned_Seq0096.nd2",49700864,405nm Binned|561nm Binned|488nm Binned,Seq0096
I05,I,05,PLD3_mCherry_reporter_control,True,39,"/Users/pmihack/claire/tmem_2026/data/260213_Feb16recopy_HYdiff_landingpadlines_survival_384well1/20260319_083746_585/260319_Day39_WellI05_Channel405nm Binned,561nm Binned,488nm Binned_Seq0096.nd2","260319_Day39_WellI05_Channel405nm Binned,561nm Binned,488nm Binned_Seq0096.nd2",49692672,405nm Binned|561nm Binned|488nm Binned,Seq0096
I06,I,06,PLD3_mCherry_reporter_control,True,8,"/Users/pmihack/claire/tmem_2026/data/260213_Feb16recopy_HYdiff_landingpadlines_survival_384well1/20260216_084435_959/260216_Day8_iNeurons_WellI06_Channel405nm Binned,561nm Binned,488nm Binned_Seq0097.nd2","260216_Day8_iNeurons_WellI06_Channel405nm Binned,561nm Binned,488nm Binned_Seq0097.nd2",49692672,405nm Binned|561nm Binned|488nm Binned,Seq0097
I06,I,06,PLD3_mCherry_reporter_control,True,12,"/Users/pmihack/claire/tmem_2026/data/260213_Feb16recopy_HYdiff_landingpadlines_survival_384well1/20260220_085237_196/260220_Day12_WellI06_Channel405nm Binned,561nm Binned,488nm Binned_Seq0097.nd2","260220_Day12_WellI06_Channel405nm Binned,561nm Binned,488nm Binned_Seq0097.nd2",49692672,405nm Binned|561nm Binned|488nm Binned,Seq0097
I06,I,06,PLD3_mCherry_reporter_control,True,16,"/Users/pmihack/claire/tmem_2026/data/260213_Feb16recopy_HYdiff_landingpadlines_survival_384well1/20260224_090320_759/260224_day16_WellI06_Channel405nm Binned,561nm Binned,488nm Binned_Seq0097.nd2","260224_day16_WellI06_Channel405nm Binned,561nm Binned,488nm Binned_Seq0097.nd2",49692672,405nm Binned|561nm Binned|488nm Binned,Seq0097
I06,I,06,PLD3_mCherry_reporter_control,True,20,"/Users/pmihack/claire/tmem_2026/data/260213_Feb16recopy_HYdiff_landingpadlines_survival_384well1/20260228_090815_318/260228_day20_WellI06_Channel405nm Binned,561nm Binned,488nm Binned_Seq0097.nd2","260228_day20_WellI06_Channel405nm Binned,561nm Binned,488nm Binned_Seq0097.nd2",49692672,405nm Binned|561nm Binned|488nm Binned,Seq0097
I06,I,06,PLD3_mCherry_reporter_control,True,25,"/Users/pmihack/claire/tmem_2026/data/260213_Feb16recopy_HYdiff_landingpadlines_survival_384well1/20260305_171612_406/260305_day25_iNeurons_WellI06_Channel405nm Binned,561nm Binned,488nm Binned_Seq0097.nd2","260305_day25_iNeurons_WellI06_Channel405nm Binned,561nm Binned,488nm Binned_Seq0097.nd2",49688576,405nm Binned|561nm Binned|488nm Binned,Seq0097
I06,I,06,PLD3_mCherry_reporter_control,True,29,"/Users/pmihack/claire/tmem_2026/data/260213_Feb16recopy_HYdiff_landingpadlines_survival_384well1/20260309_090353_210/260309_Day29_WellI06_Channel405nm Binned,561nm Binned,488nm Binned_Seq0097.nd2","260309_Day29_WellI06_Channel405nm Binned,561nm Binned,488nm Binned_Seq0097.nd2",49688576,405nm Binned|561nm Binned|488nm Binned,Seq0097
I06,I,06,PLD3_mCherry_reporter_control,True,32,"/Users/pmihack/claire/tmem_2026/data/260213_Feb16recopy_HYdiff_landingpadlines_survival_384well1/20260312_083635_497/260312_Day32_WellI06_Channel405nm Binned,561 nm,488nm Binned_Seq0097.nd2","260312_Day32_WellI06_Channel405nm Binned,561 nm,488nm Binned_Seq0097.nd2",49688576,405nm Binned|561 nm|488nm Binned,Seq0097
I06,I,06,PLD3_mCherry_reporter_control,True,36,"/Users/pmihack/claire/tmem_2026/data/260213_Feb16recopy_HYdiff_landingpadlines_survival_384well1/20260316_093139_667/260316_Day36_WellI06_Channel405nm Binned,561nm Binned,488nm Binned_Seq0097.nd2","260316_Day36_WellI06_Channel405nm Binned,561nm Binned,488nm Binned_Seq0097.nd2",49700864,405nm Binned|561nm Binned|488nm Binned,Seq0097
I06,I,06,PLD3_mCherry_reporter_control,True,39,"/Users/pmihack/claire/tmem_2026/data/260213_Feb16recopy_HYdiff_landingpadlines_survival_384well1/20260319_083746_585/260319_Day39_WellI06_Channel405nm Binned,561nm Binned,488nm Binned_Seq0097.nd2","260319_Day39_WellI06_Channel405nm Binned,561nm Binned,488nm Binned_Seq0097.nd2",49692672,405nm Binned|561nm Binned|488nm Binned,Seq0097
I07,I,07,PLD3_mCherry_reporter_control,True,8,"/Users/pmihack/claire/tmem_2026/data/260213_Feb16recopy_HYdiff_landingpadlines_survival_384well1/20260216_084435_959/260216_Day8_iNeurons_WellI07_Channel405nm Binned,561nm Binned,488nm Binned_Seq0098.nd2","260216_Day8_iNeurons_WellI07_Channel405nm Binned,561nm Binned,488nm Binned_Seq0098.nd2",49692672,405nm Binned|561nm Binned|488nm Binned,Seq0098
I07,I,07,PLD3_mCherry_reporter_control,True,12,"/Users/pmihack/claire/tmem_2026/data/260213_Feb16recopy_HYdiff_landingpadlines_survival_384well1/20260220_085237_196/260220_Day12_WellI07_Channel405nm Binned,561nm Binned,488nm Binned_Seq0098.nd2","260220_Day12_WellI07_Channel405nm Binned,561nm Binned,488nm Binned_Seq0098.nd2",49692672,405nm Binned|561nm Binned|488nm Binned,Seq0098
I07,I,07,PLD3_mCherry_reporter_control,True,16,"/Users/pmihack/claire/tmem_2026/data/260213_Feb16recopy_HYdiff_landingpadlines_survival_384well1/20260224_090320_759/260224_day16_WellI07_Channel405nm Binned,561nm Binned,488nm Binned_Seq0098.nd2","260224_day16_WellI07_Channel405nm Binned,561nm Binned,488nm Binned_Seq0098.nd2",49692672,405nm Binned|561nm Binned|488nm Binned,Seq0098
I07,I,07,PLD3_mCherry_reporter_control,True,20,"/Users/pmihack/claire/tmem_2026/data/260213_Feb16recopy_HYdiff_landingpadlines_survival_384well1/20260228_090815_318/260228_day20_WellI07_Channel405nm Binned,561nm Binned,488nm Binned_Seq0098.nd2","260228_day20_WellI07_Channel405nm Binned,561nm Binned,488nm Binned_Seq0098.nd2",49692672,405nm Binned|561nm Binned|488nm Binned,Seq0098
I07,I,07,PLD3_mCherry_reporter_control,True,25,"/Users/pmihack/claire/tmem_2026/data/260213_Feb16recopy_HYdiff_landingpadlines_survival_384well1/20260305_171612_406/260305_day25_iNeurons_WellI07_Channel405nm Binned,561nm Binned,488nm Binned_Seq0098.nd2","260305_day25_iNeurons_WellI07_Channel405nm Binned,561nm Binned,488nm Binned_Seq0098.nd2",49688576,405nm Binned|561nm Binned|488nm Binned,Seq0098
I07,I,07,PLD3_mCherry_reporter_control,True,29,"/Users/pmihack/claire/tmem_2026/data/260213_Feb16recopy_HYdiff_landingpadlines_survival_384well1/20260309_090353_210/260309_Day29_WellI07_Channel405nm Binned,561nm Binned,488nm Binned_Seq0098.nd2","260309_Day29_WellI07_Channel405nm Binned,561nm Binned,488nm Binned_Seq0098.nd2",49688576,405nm Binned|561nm Binned|488nm Binned,Seq0098
I07,I,07,PLD3_mCherry_reporter_control,True,32,"/Users/pmihack/claire/tmem_2026/data/260213_Feb16recopy_HYdiff_landingpadlines_survival_384well1/20260312_083635_497/260312_Day32_WellI07_Channel405nm Binned,561 nm,488nm Binned_Seq0098.nd2","260312_Day32_WellI07_Channel405nm Binned,561 nm,488nm Binned_Seq0098.nd2",49688576,405nm Binned|561 nm|488nm Binned,Seq0098
I07,I,07,PLD3_mCherry_reporter_control,True,36,"/Users/pmihack/claire/tmem_2026/data/260213_Feb16recopy_HYdiff_landingpadlines_survival_384well1/20260316_093139_667/260316_Day36_WellI07_Channel405nm Binned,561nm Binned,488nm Binned_Seq0098.nd2","260316_Day36_WellI07_Channel405nm Binned,561nm Binned,488nm Binned_Seq0098.nd2",49700864,405nm Binned|561nm Binned|488nm Binned,Seq0098
I07,I,07,PLD3_mCherry_reporter_control,True,39,"/Users/pmihack/claire/tmem_2026/data/260213_Feb16recopy_HYdiff_landingpadlines_survival_384well1/20260319_083746_585/260319_Day39_WellI07_Channel405nm Binned,561nm Binned,488nm Binned_Seq0098.nd2","260319_Day39_WellI07_Channel405nm Binned,561nm Binned,488nm Binned_Seq0098.nd2",49692672,405nm Binned|561nm Binned|488nm Binned,Seq0098
I08,I,08,PLD3_mCherry_reporter_control,True,8,"/Users/pmihack/claire/tmem_2026/data/260213_Feb16recopy_HYdiff_landingpadlines_survival_384well1/20260216_084435_959/260216_Day8_iNeurons_WellI08_Channel405nm Binned,561nm Binned,488nm Binned_Seq0099.nd2","260216_Day8_iNeurons_WellI08_Channel405nm Binned,561nm Binned,488nm Binned_Seq0099.nd2",49692672,405nm Binned|561nm Binned|488nm Binned,Seq0099
I08,I,08,PLD3_mCherry_reporter_control,True,12,"/Users/pmihack/claire/tmem_2026/data/260213_Feb16recopy_HYdiff_landingpadlines_survival_384well1/20260220_085237_196/260220_Day12_WellI08_Channel405nm Binned,561nm Binned,488nm Binned_Seq0099.nd2","260220_Day12_WellI08_Channel405nm Binned,561nm Binned,488nm Binned_Seq0099.nd2",49692672,405nm Binned|561nm Binned|488nm Binned,Seq0099
I08,I,08,PLD3_mCherry_reporter_control,True,16,"/Users/pmihack/claire/tmem_2026/data/260213_Feb16recopy_HYdiff_landingpadlines_survival_384well1/20260224_090320_759/260224_day16_WellI08_Channel405nm Binned,561nm Binned,488nm Binned_Seq0099.nd2","260224_day16_WellI08_Channel405nm Binned,561nm Binned,488nm Binned_Seq0099.nd2",49692672,405nm Binned|561nm Binned|488nm Binned,Seq0099
I08,I,08,PLD3_mCherry_reporter_control,True,20,"/Users/pmihack/claire/tmem_2026/data/260213_Feb16recopy_HYdiff_landingpadlines_survival_384well1/20260228_090815_318/260228_day20_WellI08_Channel405nm Binned,561nm Binned,488nm Binned_Seq0099.nd2","260228_day20_WellI08_Channel405nm Binned,561nm Binned,488nm Binned_Seq0099.nd2",49692672,405nm Binned|561nm Binned|488nm Binned,Seq0099
I08,I,08,PLD3_mCherry_reporter_control,True,25,"/Users/pmihack/claire/tmem_2026/data/260213_Feb16recopy_HYdiff_landingpadlines_survival_384well1/20260305_171612_406/260305_day25_iNeurons_WellI08_Channel405nm Binned,561nm Binned,488nm Binned_Seq0099.nd2","260305_day25_iNeurons_WellI08_Channel405nm Binned,561nm Binned,488nm Binned_Seq0099.nd2",49688576,405nm Binned|561nm Binned|488nm Binned,Seq0099
I08,I,08,PLD3_mCherry_reporter_control,True,29,"/Users/pmihack/claire/tmem_2026/data/260213_Feb16recopy_HYdiff_landingpadlines_survival_384well1/20260309_090353_210/260309_Day29_WellI08_Channel405nm Binned,561nm Binned,488nm Binned_Seq0099.nd2","260309_Day29_WellI08_Channel405nm Binned,561nm Binned,488nm Binned_Seq0099.nd2",49688576,405nm Binned|561nm Binned|488nm Binned,Seq0099
I08,I,08,PLD3_mCherry_reporter_control,True,32,"/Users/pmihack/claire/tmem_2026/data/260213_Feb16recopy_HYdiff_landingpadlines_survival_384well1/20260312_083635_497/260312_Day32_WellI08_Channel405nm Binned,561 nm,488nm Binned_Seq0099.nd2","260312_Day32_WellI08_Channel405nm Binned,561 nm,488nm Binned_Seq0099.nd2",49688576,405nm Binned|561 nm|488nm Binned,Seq0099
I08,I,08,PLD3_mCherry_reporter_control,True,36,"/Users/pmihack/claire/tmem_2026/data/260213_Feb16recopy_HYdiff_landingpadlines_survival_384well1/20260316_093139_667/260316_Day36_WellI08_Channel405nm Binned,561nm Binned,488nm Binned_Seq0099.nd2","260316_Day36_WellI08_Channel405nm Binned,561nm Binned,488nm Binned_Seq0099.nd2",49700864,405nm Binned|561nm Binned|488nm Binned,Seq0099
I08,I,08,PLD3_mCherry_reporter_control,True,39,"/Users/pmihack/claire/tmem_2026/data/260213_Feb16recopy_HYdiff_landingpadlines_survival_384well1/20260319_083746_585/260319_Day39_WellI08_Channel405nm Binned,561nm Binned,488nm Binned_Seq0099.nd2","260319_Day39_WellI08_Channel405nm Binned,561nm Binned,488nm Binned_Seq0099.nd2",49692672,405nm Binned|561nm Binned|488nm Binned,Seq0099
I09,I,09,PLD3_mCherry_reporter_control,True,8,"/Users/pmihack/claire/tmem_2026/data/260213_Feb16recopy_HYdiff_landingpadlines_survival_384well1/20260216_084435_959/260216_Day8_iNeurons_WellI09_Channel405nm Binned,561nm Binned,488nm Binned_Seq0100.nd2","260216_Day8_iNeurons_WellI09_Channel405nm Binned,561nm Binned,488nm Binned_Seq0100.nd2",49692672,405nm Binned|561nm Binned|488nm Binned,Seq0100
I09,I,09,PLD3_mCherry_reporter_control,True,12,"/Users/pmihack/claire/tmem_2026/data/260213_Feb16recopy_HYdiff_landingpadlines_survival_384well1/20260220_085237_196/260220_Day12_WellI09_Channel405nm Binned,561nm Binned,488nm Binned_Seq0100.nd2","260220_Day12_WellI09_Channel405nm Binned,561nm Binned,488nm Binned_Seq0100.nd2",49692672,405nm Binned|561nm Binned|488nm Binned,Seq0100
I09,I,09,PLD3_mCherry_reporter_control,True,16,"/Users/pmihack/claire/tmem_2026/data/260213_Feb16recopy_HYdiff_landingpadlines_survival_384well1/20260224_090320_759/260224_day16_WellI09_Channel405nm Binned,561nm Binned,488nm Binned_Seq0100.nd2","260224_day16_WellI09_Channel405nm Binned,561nm Binned,488nm Binned_Seq0100.nd2",49692672,405nm Binned|561nm Binned|488nm Binned,Seq0100
I09,I,09,PLD3_mCherry_reporter_control,True,20,"/Users/pmihack/claire/tmem_2026/data/260213_Feb16recopy_HYdiff_landingpadlines_survival_384well1/20260228_090815_318/260228_day20_WellI09_Channel405nm Binned,561nm Binned,488nm Binned_Seq0100.nd2","260228_day20_WellI09_Channel405nm Binned,561nm Binned,488nm Binned_Seq0100.nd2",49692672,405nm Binned|561nm Binned|488nm Binned,Seq0100
I09,I,09,PLD3_mCherry_reporter_control,True,25,"/Users/pmihack/claire/tmem_2026/data/260213_Feb16recopy_HYdiff_landingpadlines_survival_384well1/20260305_171612_406/260305_day25_iNeurons_WellI09_Channel405nm Binned,561nm Binned,488nm Binned_Seq0100.nd2","260305_day25_iNeurons_WellI09_Channel405nm Binned,561nm Binned,488nm Binned_Seq0100.nd2",49688576,405nm Binned|561nm Binned|488nm Binned,Seq0100
I09,I,09,PLD3_mCherry_reporter_control,True,29,"/Users/pmihack/claire/tmem_2026/data/260213_Feb16recopy_HYdiff_landingpadlines_survival_384well1/20260309_090353_210/260309_Day29_WellI09_Channel405nm Binned,561nm Binned,488nm Binned_Seq0100.nd2","260309_Day29_WellI09_Channel405nm Binned,561nm Binned,488nm Binned_Seq0100.nd2",49688576,405nm Binned|561nm Binned|488nm Binned,Seq0100
I09,I,09,PLD3_mCherry_reporter_control,True,32,"/Users/pmihack/claire/tmem_2026/data/260213_Feb16recopy_HYdiff_landingpadlines_survival_384well1/20260312_083635_497/260312_Day32_WellI09_Channel405nm Binned,561 nm,488nm Binned_Seq0100.nd2","260312_Day32_WellI09_Channel405nm Binned,561 nm,488nm Binned_Seq0100.nd2",49688576,405nm Binned|561 nm|488nm Binned,Seq0100
I09,I,09,PLD3_mCherry_reporter_control,True,36,"/Users/pmihack/claire/tmem_2026/data/260213_Feb16recopy_HYdiff_landingpadlines_survival_384well1/20260316_093139_667/260316_Day36_WellI09_Channel405nm Binned,561nm Binned,488nm Binned_Seq0100.nd2","260316_Day36_WellI09_Channel405nm Binned,561nm Binned,488nm Binned_Seq0100.nd2",49700864,405nm Binned|561nm Binned|488nm Binned,Seq0100
I09,I,09,PLD3_mCherry_reporter_control,True,39,"/Users/pmihack/claire/tmem_2026/data/260213_Feb16recopy_HYdiff_landingpadlines_survival_384well1/20260319_083746_585/260319_Day39_WellI09_Channel405nm Binned,561nm Binned,488nm Binned_Seq0100.nd2","260319_Day39_WellI09_Channel405nm Binned,561nm Binned,488nm Binned_Seq0100.nd2",49692672,405nm Binned|561nm Binned|488nm Binned,Seq0100
I10,I,10,PLD3_mCherry_reporter_control,True,8,"/Users/pmihack/claire/tmem_2026/data/260213_Feb16recopy_HYdiff_landingpadlines_survival_384well1/20260216_084435_959/260216_Day8_iNeurons_WellI10_Channel405nm Binned,561nm Binned,488nm Binned_Seq0101.nd2","260216_Day8_iNeurons_WellI10_Channel405nm Binned,561nm Binned,488nm Binned_Seq0101.nd2",49692672,405nm Binned|561nm Binned|488nm Binned,Seq0101
I10,I,10,PLD3_mCherry_reporter_control,True,12,"/Users/pmihack/claire/tmem_2026/data/260213_Feb16recopy_HYdiff_landingpadlines_survival_384well1/20260220_085237_196/260220_Day12_WellI10_Channel405nm Binned,561nm Binned,488nm Binned_Seq0101.nd2","260220_Day12_WellI10_Channel405nm Binned,561nm Binned,488nm Binned_Seq0101.nd2",49692672,405nm Binned|561nm Binned|488nm Binned,Seq0101
I10,I,10,PLD3_mCherry_reporter_control,True,16,"/Users/pmihack/claire/tmem_2026/data/260213_Feb16recopy_HYdiff_landingpadlines_survival_384well1/20260224_090320_759/260224_day16_WellI10_Channel405nm Binned,561nm Binned,488nm Binned_Seq0101.nd2","260224_day16_WellI10_Channel405nm Binned,561nm Binned,488nm Binned_Seq0101.nd2",49692672,405nm Binned|561nm Binned|488nm Binned,Seq0101
I10,I,10,PLD3_mCherry_reporter_control,True,20,"/Users/pmihack/claire/tmem_2026/data/260213_Feb16recopy_HYdiff_landingpadlines_survival_384well1/20260228_090815_318/260228_day20_WellI10_Channel405nm Binned,561nm Binned,488nm Binned_Seq0101.nd2","260228_day20_WellI10_Channel405nm Binned,561nm Binned,488nm Binned_Seq0101.nd2",49692672,405nm Binned|561nm Binned|488nm Binned,Seq0101
I10,I,10,PLD3_mCherry_reporter_control,True,25,"/Users/pmihack/claire/tmem_2026/data/260213_Feb16recopy_HYdiff_landingpadlines_survival_384well1/20260305_171612_406/260305_day25_iNeurons_WellI10_Channel405nm Binned,561nm Binned,488nm Binned_Seq0101.nd2","260305_day25_iNeurons_WellI10_Channel405nm Binned,561nm Binned,488nm Binned_Seq0101.nd2",49688576,405nm Binned|561nm Binned|488nm Binned,Seq0101
I10,I,10,PLD3_mCherry_reporter_control,True,29,"/Users/pmihack/claire/tmem_2026/data/260213_Feb16recopy_HYdiff_landingpadlines_survival_384well1/20260309_090353_210/260309_Day29_WellI10_Channel405nm Binned,561nm Binned,488nm Binned_Seq0101.nd2","260309_Day29_WellI10_Channel405nm Binned,561nm Binned,488nm Binned_Seq0101.nd2",49688576,405nm Binned|561nm Binned|488nm Binned,Seq0101
I10,I,10,PLD3_mCherry_reporter_control,True,32,"/Users/pmihack/claire/tmem_2026/data/260213_Feb16recopy_HYdiff_landingpadlines_survival_384well1/20260312_083635_497/260312_Day32_WellI10_Channel405nm Binned,561 nm,488nm Binned_Seq0101.nd2","260312_Day32_WellI10_Channel405nm Binned,561 nm,488nm Binned_Seq0101.nd2",49688576,405nm Binned|561 nm|488nm Binned,Seq0101
I10,I,10,PLD3_mCherry_reporter_control,True,36,"/Users/pmihack/claire/tmem_2026/data/260213_Feb16recopy_HYdiff_landingpadlines_survival_384well1/20260316_093139_667/260316_Day36_WellI10_Channel405nm Binned,561nm Binned,488nm Binned_Seq0101.nd2","260316_Day36_WellI10_Channel405nm Binned,561nm Binned,488nm Binned_Seq0101.nd2",49700864,405nm Binned|561nm Binned|488nm Binned,Seq0101
I10,I,10,PLD3_mCherry_reporter_control,True,39,"/Users/pmihack/claire/tmem_2026/data/260213_Feb16recopy_HYdiff_landingpadlines_survival_384well1/20260319_083746_585/260319_Day39_WellI10_Channel405nm Binned,561nm Binned,488nm Binned_Seq0101.nd2","260319_Day39_WellI10_Channel405nm Binned,561nm Binned,488nm Binned_Seq0101.nd2",49692672,405nm Binned|561nm Binned|488nm Binned,Seq0101
I11,I,11,PLD3_mCherry_reporter_control,True,8,"/Users/pmihack/claire/tmem_2026/data/260213_Feb16recopy_HYdiff_landingpadlines_survival_384well1/20260216_084435_959/260216_Day8_iNeurons_WellI11_Channel405nm Binned,561nm Binned,488nm Binned_Seq0102.nd2","260216_Day8_iNeurons_WellI11_Channel405nm Binned,561nm Binned,488nm Binned_Seq0102.nd2",49692672,405nm Binned|561nm Binned|488nm Binned,Seq0102
I11,I,11,PLD3_mCherry_reporter_control,True,12,"/Users/pmihack/claire/tmem_2026/data/260213_Feb16recopy_HYdiff_landingpadlines_survival_384well1/20260220_085237_196/260220_Day12_WellI11_Channel405nm Binned,561nm Binned,488nm Binned_Seq0102.nd2","260220_Day12_WellI11_Channel405nm Binned,561nm Binned,488nm Binned_Seq0102.nd2",49692672,405nm Binned|561nm Binned|488nm Binned,Seq0102
I11,I,11,PLD3_mCherry_reporter_control,True,16,"/Users/pmihack/claire/tmem_2026/data/260213_Feb16recopy_HYdiff_landingpadlines_survival_384well1/20260224_090320_759/260224_day16_WellI11_Channel405nm Binned,561nm Binned,488nm Binned_Seq0102.nd2","260224_day16_WellI11_Channel405nm Binned,561nm Binned,488nm Binned_Seq0102.nd2",49692672,405nm Binned|561nm Binned|488nm Binned,Seq0102
I11,I,11,PLD3_mCherry_reporter_control,True,20,"/Users/pmihack/claire/tmem_2026/data/260213_Feb16recopy_HYdiff_landingpadlines_survival_384well1/20260228_090815_318/260228_day20_WellI11_Channel405nm Binned,561nm Binned,488nm Binned_Seq0102.nd2","260228_day20_WellI11_Channel405nm Binned,561nm Binned,488nm Binned_Seq0102.nd2",49692672,405nm Binned|561nm Binned|488nm Binned,Seq0102
I11,I,11,PLD3_mCherry_reporter_control,True,25,"/Users/pmihack/claire/tmem_2026/data/260213_Feb16recopy_HYdiff_landingpadlines_survival_384well1/20260305_171612_406/260305_day25_iNeurons_WellI11_Channel405nm Binned,561nm Binned,488nm Binned_Seq0102.nd2","260305_day25_iNeurons_WellI11_Channel405nm Binned,561nm Binned,488nm Binned_Seq0102.nd2",49688576,405nm Binned|561nm Binned|488nm Binned,Seq0102
I11,I,11,PLD3_mCherry_reporter_control,True,29,"/Users/pmihack/claire/tmem_2026/data/260213_Feb16recopy_HYdiff_landingpadlines_survival_384well1/20260309_090353_210/260309_Day29_WellI11_Channel405nm Binned,561nm Binned,488nm Binned_Seq0102.nd2","260309_Day29_WellI11_Channel405nm Binned,561nm Binned,488nm Binned_Seq0102.nd2",49688576,405nm Binned|561nm Binned|488nm Binned,Seq0102
I11,I,11,PLD3_mCherry_reporter_control,True,32,"/Users/pmihack/claire/tmem_2026/data/260213_Feb16recopy_HYdiff_landingpadlines_survival_384well1/20260312_083635_497/260312_Day32_WellI11_Channel405nm Binned,561 nm,488nm Binned_Seq0102.nd2","260312_Day32_WellI11_Channel405nm Binned,561 nm,488nm Binned_Seq0102.nd2",49688576,405nm Binned|561 nm|488nm Binned,Seq0102
I11,I,11,PLD3_mCherry_reporter_control,True,36,"/Users/pmihack/claire/tmem_2026/data/260213_Feb16recopy_HYdiff_landingpadlines_survival_384well1/20260316_093139_667/260316_Day36_WellI11_Channel405nm Binned,561nm Binned,488nm Binned_Seq0102.nd2","260316_Day36_WellI11_Channel405nm Binned,561nm Binned,488nm Binned_Seq0102.nd2",49700864,405nm Binned|561nm Binned|488nm Binned,Seq0102
I11,I,11,PLD3_mCherry_reporter_control,True,39,"/Users/pmihack/claire/tmem_2026/data/260213_Feb16recopy_HYdiff_landingpadlines_survival_384well1/20260319_083746_585/260319_Day39_WellI11_Channel405nm Binned,561nm Binned,488nm Binned_Seq0102.nd2","260319_Day39_WellI11_Channel405nm Binned,561nm Binned,488nm Binned_Seq0102.nd2",49692672,405nm Binned|561nm Binned|488nm Binned,Seq0102
I12,I,12,PLD3_mCherry_reporter_control,True,8,"/Users/pmihack/claire/tmem_2026/data/260213_Feb16recopy_HYdiff_landingpadlines_survival_384well1/20260216_084435_959/260216_Day8_iNeurons_WellI12_Channel405nm Binned,561nm Binned,488nm Binned_Seq0103.nd2","260216_Day8_iNeurons_WellI12_Channel405nm Binned,561nm Binned,488nm Binned_Seq0103.nd2",49692672,405nm Binned|561nm Binned|488nm Binned,Seq0103
I12,I,12,PLD3_mCherry_reporter_control,True,12,"/Users/pmihack/claire/tmem_2026/data/260213_Feb16recopy_HYdiff_landingpadlines_survival_384well1/20260220_085237_196/260220_Day12_WellI12_Channel405nm Binned,561nm Binned,488nm Binned_Seq0103.nd2","260220_Day12_WellI12_Channel405nm Binned,561nm Binned,488nm Binned_Seq0103.nd2",49692672,405nm Binned|561nm Binned|488nm Binned,Seq0103
I12,I,12,PLD3_mCherry_reporter_control,True,16,"/Users/pmihack/claire/tmem_2026/data/260213_Feb16recopy_HYdiff_landingpadlines_survival_384well1/20260224_090320_759/260224_day16_WellI12_Channel405nm Binned,561nm Binned,488nm Binned_Seq0103.nd2","260224_day16_WellI12_Channel405nm Binned,561nm Binned,488nm Binned_Seq0103.nd2",49692672,405nm Binned|561nm Binned|488nm Binned,Seq0103
I12,I,12,PLD3_mCherry_reporter_control,True,20,"/Users/pmihack/claire/tmem_2026/data/260213_Feb16recopy_HYdiff_landingpadlines_survival_384well1/20260228_090815_318/260228_day20_WellI12_Channel405nm Binned,561nm Binned,488nm Binned_Seq0103.nd2","260228_day20_WellI12_Channel405nm Binned,561nm Binned,488nm Binned_Seq0103.nd2",49692672,405nm Binned|561nm Binned|488nm Binned,Seq0103
I12,I,12,PLD3_mCherry_reporter_control,True,25,"/Users/pmihack/claire/tmem_2026/data/260213_Feb16recopy_HYdiff_landingpadlines_survival_384well1/20260305_171612_406/260305_day25_iNeurons_WellI12_Channel405nm Binned,561nm Binned,488nm Binned_Seq0103.nd2","260305_day25_iNeurons_WellI12_Channel405nm Binned,561nm Binned,488nm Binned_Seq0103.nd2",49688576,405nm Binned|561nm Binned|488nm Binned,Seq0103
I12,I,12,PLD3_mCherry_reporter_control,True,29,"/Users/pmihack/claire/tmem_2026/data/260213_Feb16recopy_HYdiff_landingpadlines_survival_384well1/20260309_090353_210/260309_Day29_WellI12_Channel405nm Binned,561nm Binned,488nm Binned_Seq0103.nd2","260309_Day29_WellI12_Channel405nm Binned,561nm Binned,488nm Binned_Seq0103.nd2",49688576,405nm Binned|561nm Binned|488nm Binned,Seq0103
I12,I,12,PLD3_mCherry_reporter_control,True,32,"/Users/pmihack/claire/tmem_2026/data/260213_Feb16recopy_HYdiff_landingpadlines_survival_384well1/20260312_083635_497/260312_Day32_WellI12_Channel405nm Binned,561 nm,488nm Binned_Seq0103.nd2","260312_Day32_WellI12_Channel405nm Binned,561 nm,488nm Binned_Seq0103.nd2",49688576,405nm Binned|561 nm|488nm Binned,Seq0103
I12,I,12,PLD3_mCherry_reporter_control,True,36,"/Users/pmihack/claire/tmem_2026/data/260213_Feb16recopy_HYdiff_landingpadlines_survival_384well1/20260316_093139_667/260316_Day36_WellI12_Channel405nm Binned,561nm Binned,488nm Binned_Seq0103.nd2","260316_Day36_WellI12_Channel405nm Binned,561nm Binned,488nm Binned_Seq0103.nd2",49700864,405nm Binned|561nm Binned|488nm Binned,Seq0103
I12,I,12,PLD3_mCherry_reporter_control,True,39,"/Users/pmihack/claire/tmem_2026/data/260213_Feb16recopy_HYdiff_landingpadlines_survival_384well1/20260319_083746_585/260319_Day39_WellI12_Channel405nm Binned,561nm Binned,488nm Binned_Seq0103.nd2","260319_Day39_WellI12_Channel405nm Binned,561nm Binned,488nm Binned_Seq0103.nd2",49692672,405nm Binned|561nm Binned|488nm Binned,Seq0103
I13,I,13,PLD3_mCherry_reporter_control,True,8,"/Users/pmihack/claire/tmem_2026/data/260213_Feb16recopy_HYdiff_landingpadlines_survival_384well1/20260216_084435_959/260216_Day8_iNeurons_WellI13_Channel405nm Binned,561nm Binned,488nm Binned_Seq0104.nd2","260216_Day8_iNeurons_WellI13_Channel405nm Binned,561nm Binned,488nm Binned_Seq0104.nd2",49692672,405nm Binned|561nm Binned|488nm Binned,Seq0104
I13,I,13,PLD3_mCherry_reporter_control,True,12,"/Users/pmihack/claire/tmem_2026/data/260213_Feb16recopy_HYdiff_landingpadlines_survival_384well1/20260220_085237_196/260220_Day12_WellI13_Channel405nm Binned,561nm Binned,488nm Binned_Seq0104.nd2","260220_Day12_WellI13_Channel405nm Binned,561nm Binned,488nm Binned_Seq0104.nd2",49692672,405nm Binned|561nm Binned|488nm Binned,Seq0104
I13,I,13,PLD3_mCherry_reporter_control,True,16,"/Users/pmihack/claire/tmem_2026/data/260213_Feb16recopy_HYdiff_landingpadlines_survival_384well1/20260224_090320_759/260224_day16_WellI13_Channel405nm Binned,561nm Binned,488nm Binned_Seq0104.nd2","260224_day16_WellI13_Channel405nm Binned,561nm Binned,488nm Binned_Seq0104.nd2",49692672,405nm Binned|561nm Binned|488nm Binned,Seq0104
I13,I,13,PLD3_mCherry_reporter_control,True,20,"/Users/pmihack/claire/tmem_2026/data/260213_Feb16recopy_HYdiff_landingpadlines_survival_384well1/20260228_090815_318/260228_day20_WellI13_Channel405nm Binned,561nm Binned,488nm Binned_Seq0104.nd2","260228_day20_WellI13_Channel405nm Binned,561nm Binned,488nm Binned_Seq0104.nd2",49692672,405nm Binned|561nm Binned|488nm Binned,Seq0104
I13,I,13,PLD3_mCherry_reporter_control,True,25,"/Users/pmihack/claire/tmem_2026/data/260213_Feb16recopy_HYdiff_landingpadlines_survival_384well1/20260305_171612_406/260305_day25_iNeurons_WellI13_Channel405nm Binned,561nm Binned,488nm Binned_Seq0104.nd2","260305_day25_iNeurons_WellI13_Channel405nm Binned,561nm Binned,488nm Binned_Seq0104.nd2",49688576,405nm Binned|561nm Binned|488nm Binned,Seq0104
I13,I,13,PLD3_mCherry_reporter_control,True,29,"/Users/pmihack/claire/tmem_2026/data/260213_Feb16recopy_HYdiff_landingpadlines_survival_384well1/20260309_090353_210/260309_Day29_WellI13_Channel405nm Binned,561nm Binned,488nm Binned_Seq0104.nd2","260309_Day29_WellI13_Channel405nm Binned,561nm Binned,488nm Binned_Seq0104.nd2",49688576,405nm Binned|561nm Binned|488nm Binned,Seq0104
I13,I,13,PLD3_mCherry_reporter_control,True,32,"/Users/pmihack/claire/tmem_2026/data/260213_Feb16recopy_HYdiff_landingpadlines_survival_384well1/20260312_083635_497/260312_Day32_WellI13_Channel405nm Binned,561 nm,488nm Binned_Seq0104.nd2","260312_Day32_WellI13_Channel405nm Binned,561 nm,488nm Binned_Seq0104.nd2",49688576,405nm Binned|561 nm|488nm Binned,Seq0104
I13,I,13,PLD3_mCherry_reporter_control,True,36,"/Users/pmihack/claire/tmem_2026/data/260213_Feb16recopy_HYdiff_landingpadlines_survival_384well1/20260316_093139_667/260316_Day36_WellI13_Channel405nm Binned,561nm Binned,488nm Binned_Seq0104.nd2","260316_Day36_WellI13_Channel405nm Binned,561nm Binned,488nm Binned_Seq0104.nd2",49700864,405nm Binned|561nm Binned|488nm Binned,Seq0104
I13,I,13,PLD3_mCherry_reporter_control,True,39,"/Users/pmihack/claire/tmem_2026/data/260213_Feb16recopy_HYdiff_landingpadlines_survival_384well1/20260319_083746_585/260319_Day39_WellI13_Channel405nm Binned,561nm Binned,488nm Binned_Seq0104.nd2","260319_Day39_WellI13_Channel405nm Binned,561nm Binned,488nm Binned_Seq0104.nd2",49692672,405nm Binned|561nm Binned|488nm Binned,Seq0104
I14,I,14,PLD3_mCherry_reporter_control,True,8,"/Users/pmihack/claire/tmem_2026/data/260213_Feb16recopy_HYdiff_landingpadlines_survival_384well1/20260216_084435_959/260216_Day8_iNeurons_WellI14_Channel405nm Binned,561nm Binned,488nm Binned_Seq0105.nd2","260216_Day8_iNeurons_WellI14_Channel405nm Binned,561nm Binned,488nm Binned_Seq0105.nd2",49692672,405nm Binned|561nm Binned|488nm Binned,Seq0105
I14,I,14,PLD3_mCherry_reporter_control,True,12,"/Users/pmihack/claire/tmem_2026/data/260213_Feb16recopy_HYdiff_landingpadlines_survival_384well1/20260220_085237_196/260220_Day12_WellI14_Channel405nm Binned,561nm Binned,488nm Binned_Seq0105.nd2","260220_Day12_WellI14_Channel405nm Binned,561nm Binned,488nm Binned_Seq0105.nd2",49692672,405nm Binned|561nm Binned|488nm Binned,Seq0105
I14,I,14,PLD3_mCherry_reporter_control,True,16,"/Users/pmihack/claire/tmem_2026/data/260213_Feb16recopy_HYdiff_landingpadlines_survival_384well1/20260224_090320_759/260224_day16_WellI14_Channel405nm Binned,561nm Binned,488nm Binned_Seq0105.nd2","260224_day16_WellI14_Channel405nm Binned,561nm Binned,488nm Binned_Seq0105.nd2",49692672,405nm Binned|561nm Binned|488nm Binned,Seq0105
I14,I,14,PLD3_mCherry_reporter_control,True,20,"/Users/pmihack/claire/tmem_2026/data/260213_Feb16recopy_HYdiff_landingpadlines_survival_384well1/20260228_090815_318/260228_day20_WellI14_Channel405nm Binned,561nm Binned,488nm Binned_Seq0105.nd2","260228_day20_WellI14_Channel405nm Binned,561nm Binned,488nm Binned_Seq0105.nd2",49692672,405nm Binned|561nm Binned|488nm Binned,Seq0105
I14,I,14,PLD3_mCherry_reporter_control,True,25,"/Users/pmihack/claire/tmem_2026/data/260213_Feb16recopy_HYdiff_landingpadlines_survival_384well1/20260305_171612_406/260305_day25_iNeurons_WellI14_Channel405nm Binned,561nm Binned,488nm Binned_Seq0105.nd2","260305_day25_iNeurons_WellI14_Channel405nm Binned,561nm Binned,488nm Binned_Seq0105.nd2",49688576,405nm Binned|561nm Binned|488nm Binned,Seq0105
I14,I,14,PLD3_mCherry_reporter_control,True,29,"/Users/pmihack/claire/tmem_2026/data/260213_Feb16recopy_HYdiff_landingpadlines_survival_384well1/20260309_090353_210/260309_Day29_WellI14_Channel405nm Binned,561nm Binned,488nm Binned_Seq0105.nd2","260309_Day29_WellI14_Channel405nm Binned,561nm Binned,488nm Binned_Seq0105.nd2",49688576,405nm Binned|561nm Binned|488nm Binned,Seq0105
I14,I,14,PLD3_mCherry_reporter_control,True,32,"/Users/pmihack/claire/tmem_2026/data/260213_Feb16recopy_HYdiff_landingpadlines_survival_384well1/20260312_083635_497/260312_Day32_WellI14_Channel405nm Binned,561 nm,488nm Binned_Seq0105.nd2","260312_Day32_WellI14_Channel405nm Binned,561 nm,488nm Binned_Seq0105.nd2",49688576,405nm Binned|561 nm|488nm Binned,Seq0105
I14,I,14,PLD3_mCherry_reporter_control,True,36,"/Users/pmihack/claire/tmem_2026/data/260213_Feb16recopy_HYdiff_landingpadlines_survival_384well1/20260316_093139_667/260316_Day36_WellI14_Channel405nm Binned,561nm Binned,488nm Binned_Seq0105.nd2","260316_Day36_WellI14_Channel405nm Binned,561nm Binned,488nm Binned_Seq0105.nd2",49700864,405nm Binned|561nm Binned|488nm Binned,Seq0105
I14,I,14,PLD3_mCherry_reporter_control,True,39,"/Users/pmihack/claire/tmem_2026/data/260213_Feb16recopy_HYdiff_landingpadlines_survival_384well1/20260319_083746_585/260319_Day39_WellI14_Channel405nm Binned,561nm Binned,488nm Binned_Seq0105.nd2","260319_Day39_WellI14_Channel405nm Binned,561nm Binned,488nm Binned_Seq0105.nd2",49692672,405nm Binned|561nm Binned|488nm Binned,Seq0105
I15,I,15,PLD3_mCherry_reporter_control,True,8,"/Users/pmihack/claire/tmem_2026/data/260213_Feb16recopy_HYdiff_landingpadlines_survival_384well1/20260216_084435_959/260216_Day8_iNeurons_WellI15_Channel405nm Binned,561nm Binned,488nm Binned_Seq0106.nd2","260216_Day8_iNeurons_WellI15_Channel405nm Binned,561nm Binned,488nm Binned_Seq0106.nd2",49692672,405nm Binned|561nm Binned|488nm Binned,Seq0106
I15,I,15,PLD3_mCherry_reporter_control,True,12,"/Users/pmihack/claire/tmem_2026/data/260213_Feb16recopy_HYdiff_landingpadlines_survival_384well1/20260220_085237_196/260220_Day12_WellI15_Channel405nm Binned,561nm Binned,488nm Binned_Seq0106.nd2","260220_Day12_WellI15_Channel405nm Binned,561nm Binned,488nm Binned_Seq0106.nd2",49692672,405nm Binned|561nm Binned|488nm Binned,Seq0106
I15,I,15,PLD3_mCherry_reporter_control,True,16,"/Users/pmihack/claire/tmem_2026/data/260213_Feb16recopy_HYdiff_landingpadlines_survival_384well1/20260224_090320_759/260224_day16_WellI15_Channel405nm Binned,561nm Binned,488nm Binned_Seq0106.nd2","260224_day16_WellI15_Channel405nm Binned,561nm Binned,488nm Binned_Seq0106.nd2",49692672,405nm Binned|561nm Binned|488nm Binned,Seq0106
I15,I,15,PLD3_mCherry_reporter_control,True,20,"/Users/pmihack/claire/tmem_2026/data/260213_Feb16recopy_HYdiff_landingpadlines_survival_384well1/20260228_090815_318/260228_day20_WellI15_Channel405nm Binned,561nm Binned,488nm Binned_Seq0106.nd2","260228_day20_WellI15_Channel405nm Binned,561nm Binned,488nm Binned_Seq0106.nd2",49692672,405nm Binned|561nm Binned|488nm Binned,Seq0106
I15,I,15,PLD3_mCherry_reporter_control,True,25,"/Users/pmihack/claire/tmem_2026/data/260213_Feb16recopy_HYdiff_landingpadlines_survival_384well1/20260305_171612_406/260305_day25_iNeurons_WellI15_Channel405nm Binned,561nm Binned,488nm Binned_Seq0106.nd2","260305_day25_iNeurons_WellI15_Channel405nm Binned,561nm Binned,488nm Binned_Seq0106.nd2",49688576,405nm Binned|561nm Binned|488nm Binned,Seq0106
I15,I,15,PLD3_mCherry_reporter_control,True,29,"/Users/pmihack/claire/tmem_2026/data/260213_Feb16recopy_HYdiff_landingpadlines_survival_384well1/20260309_090353_210/260309_Day29_WellI15_Channel405nm Binned,561nm Binned,488nm Binned_Seq0106.nd2","260309_Day29_WellI15_Channel405nm Binned,561nm Binned,488nm Binned_Seq0106.nd2",49688576,405nm Binned|561nm Binned|488nm Binned,Seq0106
I15,I,15,PLD3_mCherry_reporter_control,True,32,"/Users/pmihack/claire/tmem_2026/data/260213_Feb16recopy_HYdiff_landingpadlines_survival_384well1/20260312_083635_497/260312_Day32_WellI15_Channel405nm Binned,561 nm,488nm Binned_Seq0106.nd2","260312_Day32_WellI15_Channel405nm Binned,561 nm,488nm Binned_Seq0106.nd2",49688576,405nm Binned|561 nm|488nm Binned,Seq0106
I15,I,15,PLD3_mCherry_reporter_control,True,36,"/Users/pmihack/claire/tmem_2026/data/260213_Feb16recopy_HYdiff_landingpadlines_survival_384well1/20260316_093139_667/260316_Day36_WellI15_Channel405nm Binned,561nm Binned,488nm Binned_Seq0106.nd2","260316_Day36_WellI15_Channel405nm Binned,561nm Binned,488nm Binned_Seq0106.nd2",49700864,405nm Binned|561nm Binned|488nm Binned,Seq0106
I15,I,15,PLD3_mCherry_reporter_control,True,39,"/Users/pmihack/claire/tmem_2026/data/260213_Feb16recopy_HYdiff_landingpadlines_survival_384well1/20260319_083746_585/260319_Day39_WellI15_Channel405nm Binned,561nm Binned,488nm Binned_Seq0106.nd2","260319_Day39_WellI15_Channel405nm Binned,561nm Binned,488nm Binned_Seq0106.nd2",49692672,405nm Binned|561nm Binned|488nm Binned,Seq0106
I16,I,16,PLD3_mCherry_reporter_control,True,8,"/Users/pmihack/claire/tmem_2026/data/260213_Feb16recopy_HYdiff_landingpadlines_survival_384well1/20260216_084435_959/260216_Day8_iNeurons_WellI16_Channel405nm Binned,561nm Binned,488nm Binned_Seq0107.nd2","260216_Day8_iNeurons_WellI16_Channel405nm Binned,561nm Binned,488nm Binned_Seq0107.nd2",49692672,405nm Binned|561nm Binned|488nm Binned,Seq0107
I16,I,16,PLD3_mCherry_reporter_control,True,12,"/Users/pmihack/claire/tmem_2026/data/260213_Feb16recopy_HYdiff_landingpadlines_survival_384well1/20260220_085237_196/260220_Day12_WellI16_Channel405nm Binned,561nm Binned,488nm Binned_Seq0107.nd2","260220_Day12_WellI16_Channel405nm Binned,561nm Binned,488nm Binned_Seq0107.nd2",49692672,405nm Binned|561nm Binned|488nm Binned,Seq0107
I16,I,16,PLD3_mCherry_reporter_control,True,16,"/Users/pmihack/claire/tmem_2026/data/260213_Feb16recopy_HYdiff_landingpadlines_survival_384well1/20260224_090320_759/260224_day16_WellI16_Channel405nm Binned,561nm Binned,488nm Binned_Seq0107.nd2","260224_day16_WellI16_Channel405nm Binned,561nm Binned,488nm Binned_Seq0107.nd2",49692672,405nm Binned|561nm Binned|488nm Binned,Seq0107
I16,I,16,PLD3_mCherry_reporter_control,True,20,"/Users/pmihack/claire/tmem_2026/data/260213_Feb16recopy_HYdiff_landingpadlines_survival_384well1/20260228_090815_318/260228_day20_WellI16_Channel405nm Binned,561nm Binned,488nm Binned_Seq0107.nd2","260228_day20_WellI16_Channel405nm Binned,561nm Binned,488nm Binned_Seq0107.nd2",49692672,405nm Binned|561nm Binned|488nm Binned,Seq0107
I16,I,16,PLD3_mCherry_reporter_control,True,25,"/Users/pmihack/claire/tmem_2026/data/260213_Feb16recopy_HYdiff_landingpadlines_survival_384well1/20260305_171612_406/260305_day25_iNeurons_WellI16_Channel405nm Binned,561nm Binned,488nm Binned_Seq0107.nd2","260305_day25_iNeurons_WellI16_Channel405nm Binned,561nm Binned,488nm Binned_Seq0107.nd2",49688576,405nm Binned|561nm Binned|488nm Binned,Seq0107
I16,I,16,PLD3_mCherry_reporter_control,True,29,"/Users/pmihack/claire/tmem_2026/data/260213_Feb16recopy_HYdiff_landingpadlines_survival_384well1/20260309_090353_210/260309_Day29_WellI16_Channel405nm Binned,561nm Binned,488nm Binned_Seq0107.nd2","260309_Day29_WellI16_Channel405nm Binned,561nm Binned,488nm Binned_Seq0107.nd2",49688576,405nm Binned|561nm Binned|488nm Binned,Seq0107
I16,I,16,PLD3_mCherry_reporter_control,True,32,"/Users/pmihack/claire/tmem_2026/data/260213_Feb16recopy_HYdiff_landingpadlines_survival_384well1/20260312_083635_497/260312_Day32_WellI16_Channel405nm Binned,561 nm,488nm Binned_Seq0107.nd2","260312_Day32_WellI16_Channel405nm Binned,561 nm,488nm Binned_Seq0107.nd2",49688576,405nm Binned|561 nm|488nm Binned,Seq0107
I16,I,16,PLD3_mCherry_reporter_control,True,36,"/Users/pmihack/claire/tmem_2026/data/260213_Feb16recopy_HYdiff_landingpadlines_survival_384well1/20260316_093139_667/260316_Day36_WellI16_Channel405nm Binned,561nm Binned,488nm Binned_Seq0107.nd2","260316_Day36_WellI16_Channel405nm Binned,561nm Binned,488nm Binned_Seq0107.nd2",49700864,405nm Binned|561nm Binned|488nm Binned,Seq0107
I16,I,16,PLD3_mCherry_reporter_control,True,39,"/Users/pmihack/claire/tmem_2026/data/260213_Feb16recopy_HYdiff_landingpadlines_survival_384well1/20260319_083746_585/260319_Day39_WellI16_Channel405nm Binned,561nm Binned,488nm Binned_Seq0107.nd2","260319_Day39_WellI16_Channel405nm Binned,561nm Binned,488nm Binned_Seq0107.nd2",49692672,405nm Binned|561nm Binned|488nm Binned,Seq0107
I17,I,17,PLD3_mCherry_reporter_control,True,8,"/Users/pmihack/claire/tmem_2026/data/260213_Feb16recopy_HYdiff_landingpadlines_survival_384well1/20260216_084435_959/260216_Day8_iNeurons_WellI17_Channel405nm Binned,561nm Binned,488nm Binned_Seq0108.nd2","260216_Day8_iNeurons_WellI17_Channel405nm Binned,561nm Binned,488nm Binned_Seq0108.nd2",49692672,405nm Binned|561nm Binned|488nm Binned,Seq0108
I17,I,17,PLD3_mCherry_reporter_control,True,12,"/Users/pmihack/claire/tmem_2026/data/260213_Feb16recopy_HYdiff_landingpadlines_survival_384well1/20260220_085237_196/260220_Day12_WellI17_Channel405nm Binned,561nm Binned,488nm Binned_Seq0108.nd2","260220_Day12_WellI17_Channel405nm Binned,561nm Binned,488nm Binned_Seq0108.nd2",49692672,405nm Binned|561nm Binned|488nm Binned,Seq0108
I17,I,17,PLD3_mCherry_reporter_control,True,16,"/Users/pmihack/claire/tmem_2026/data/260213_Feb16recopy_HYdiff_landingpadlines_survival_384well1/20260224_090320_759/260224_day16_WellI17_Channel405nm Binned,561nm Binned,488nm Binned_Seq0108.nd2","260224_day16_WellI17_Channel405nm Binned,561nm Binned,488nm Binned_Seq0108.nd2",49692672,405nm Binned|561nm Binned|488nm Binned,Seq0108
I17,I,17,PLD3_mCherry_reporter_control,True,20,"/Users/pmihack/claire/tmem_2026/data/260213_Feb16recopy_HYdiff_landingpadlines_survival_384well1/20260228_090815_318/260228_day20_WellI17_Channel405nm Binned,561nm Binned,488nm Binned_Seq0108.nd2","260228_day20_WellI17_Channel405nm Binned,561nm Binned,488nm Binned_Seq0108.nd2",49692672,405nm Binned|561nm Binned|488nm Binned,Seq0108
I17,I,17,PLD3_mCherry_reporter_control,True,25,"/Users/pmihack/claire/tmem_2026/data/260213_Feb16recopy_HYdiff_landingpadlines_survival_384well1/20260305_171612_406/260305_day25_iNeurons_WellI17_Channel405nm Binned,561nm Binned,488nm Binned_Seq0108.nd2","260305_day25_iNeurons_WellI17_Channel405nm Binned,561nm Binned,488nm Binned_Seq0108.nd2",49688576,405nm Binned|561nm Binned|488nm Binned,Seq0108
I17,I,17,PLD3_mCherry_reporter_control,True,29,"/Users/pmihack/claire/tmem_2026/data/260213_Feb16recopy_HYdiff_landingpadlines_survival_384well1/20260309_090353_210/260309_Day29_WellI17_Channel405nm Binned,561nm Binned,488nm Binned_Seq0108.nd2","260309_Day29_WellI17_Channel405nm Binned,561nm Binned,488nm Binned_Seq0108.nd2",49688576,405nm Binned|561nm Binned|488nm Binned,Seq0108
I17,I,17,PLD3_mCherry_reporter_control,True,32,"/Users/pmihack/claire/tmem_2026/data/260213_Feb16recopy_HYdiff_landingpadlines_survival_384well1/20260312_083635_497/260312_Day32_WellI17_Channel405nm Binned,561 nm,488nm Binned_Seq0108.nd2","260312_Day32_WellI17_Channel405nm Binned,561 nm,488nm Binned_Seq0108.nd2",49688576,405nm Binned|561 nm|488nm Binned,Seq0108
I17,I,17,PLD3_mCherry_reporter_control,True,36,"/Users/pmihack/claire/tmem_2026/data/260213_Feb16recopy_HYdiff_landingpadlines_survival_384well1/20260316_093139_667/260316_Day36_WellI17_Channel405nm Binned,561nm Binned,488nm Binned_Seq0108.nd2","260316_Day36_WellI17_Channel405nm Binned,561nm Binned,488nm Binned_Seq0108.nd2",49700864,405nm Binned|561nm Binned|488nm Binned,Seq0108
I17,I,17,PLD3_mCherry_reporter_control,True,39,"/Users/pmihack/claire/tmem_2026/data/260213_Feb16recopy_HYdiff_landingpadlines_survival_384well1/20260319_083746_585/260319_Day39_WellI17_Channel405nm Binned,561nm Binned,488nm Binned_Seq0108.nd2","260319_Day39_WellI17_Channel405nm Binned,561nm Binned,488nm Binned_Seq0108.nd2",49692672,405nm Binned|561nm Binned|488nm Binned,Seq0108
I18,I,18,PLD3_mCherry_reporter_control,True,8,"/Users/pmihack/claire/tmem_2026/data/260213_Feb16recopy_HYdiff_landingpadlines_survival_384well1/20260216_084435_959/260216_Day8_iNeurons_WellI18_Channel405nm Binned,561nm Binned,488nm Binned_Seq0109.nd2","260216_Day8_iNeurons_WellI18_Channel405nm Binned,561nm Binned,488nm Binned_Seq0109.nd2",49692672,405nm Binned|561nm Binned|488nm Binned,Seq0109
I18,I,18,PLD3_mCherry_reporter_control,True,12,"/Users/pmihack/claire/tmem_2026/data/260213_Feb16recopy_HYdiff_landingpadlines_survival_384well1/20260220_085237_196/260220_Day12_WellI18_Channel405nm Binned,561nm Binned,488nm Binned_Seq0109.nd2","260220_Day12_WellI18_Channel405nm Binned,561nm Binned,488nm Binned_Seq0109.nd2",49692672,405nm Binned|561nm Binned|488nm Binned,Seq0109
I18,I,18,PLD3_mCherry_reporter_control,True,16,"/Users/pmihack/claire/tmem_2026/data/260213_Feb16recopy_HYdiff_landingpadlines_survival_384well1/20260224_090320_759/260224_day16_WellI18_Channel405nm Binned,561nm Binned,488nm Binned_Seq0109.nd2","260224_day16_WellI18_Channel405nm Binned,561nm Binned,488nm Binned_Seq0109.nd2",49692672,405nm Binned|561nm Binned|488nm Binned,Seq0109
I18,I,18,PLD3_mCherry_reporter_control,True,20,"/Users/pmihack/claire/tmem_2026/data/260213_Feb16recopy_HYdiff_landingpadlines_survival_384well1/20260228_090815_318/260228_day20_WellI18_Channel405nm Binned,561nm Binned,488nm Binned_Seq0109.nd2","260228_day20_WellI18_Channel405nm Binned,561nm Binned,488nm Binned_Seq0109.nd2",49692672,405nm Binned|561nm Binned|488nm Binned,Seq0109
I18,I,18,PLD3_mCherry_reporter_control,True,25,"/Users/pmihack/claire/tmem_2026/data/260213_Feb16recopy_HYdiff_landingpadlines_survival_384well1/20260305_171612_406/260305_day25_iNeurons_WellI18_Channel405nm Binned,561nm Binned,488nm Binned_Seq0109.nd2","260305_day25_iNeurons_WellI18_Channel405nm Binned,561nm Binned,488nm Binned_Seq0109.nd2",49688576,405nm Binned|561nm Binned|488nm Binned,Seq0109
I18,I,18,PLD3_mCherry_reporter_control,True,29,"/Users/pmihack/claire/tmem_2026/data/260213_Feb16recopy_HYdiff_landingpadlines_survival_384well1/20260309_090353_210/260309_Day29_WellI18_Channel405nm Binned,561nm Binned,488nm Binned_Seq0109.nd2","260309_Day29_WellI18_Channel405nm Binned,561nm Binned,488nm Binned_Seq0109.nd2",49688576,405nm Binned|561nm Binned|488nm Binned,Seq0109
I18,I,18,PLD3_mCherry_reporter_control,True,32,"/Users/pmihack/claire/tmem_2026/data/260213_Feb16recopy_HYdiff_landingpadlines_survival_384well1/20260312_083635_497/260312_Day32_WellI18_Channel405nm Binned,561 nm,488nm Binned_Seq0109.nd2","260312_Day32_WellI18_Channel405nm Binned,561 nm,488nm Binned_Seq0109.nd2",49688576,405nm Binned|561 nm|488nm Binned,Seq0109
I18,I,18,PLD3_mCherry_reporter_control,True,36,"/Users/pmihack/claire/tmem_2026/data/260213_Feb16recopy_HYdiff_landingpadlines_survival_384well1/20260316_093139_667/260316_Day36_WellI18_Channel405nm Binned,561nm Binned,488nm Binned_Seq0109.nd2","260316_Day36_WellI18_Channel405nm Binned,561nm Binned,488nm Binned_Seq0109.nd2",49700864,405nm Binned|561nm Binned|488nm Binned,Seq0109
I18,I,18,PLD3_mCherry_reporter_control,True,39,"/Users/pmihack/claire/tmem_2026/data/260213_Feb16recopy_HYdiff_landingpadlines_survival_384well1/20260319_083746_585/260319_Day39_WellI18_Channel405nm Binned,561nm Binned,488nm Binned_Seq0109.nd2","260319_Day39_WellI18_Channel405nm Binned,561nm Binned,488nm Binned_Seq0109.nd2",49692672,405nm Binned|561nm Binned|488nm Binned,Seq0109
I19,I,19,PLD3_mCherry_reporter_control,True,8,"/Users/pmihack/claire/tmem_2026/data/260213_Feb16recopy_HYdiff_landingpadlines_survival_384well1/20260216_084435_959/260216_Day8_iNeurons_WellI19_Channel405nm Binned,561nm Binned,488nm Binned_Seq0110.nd2","260216_Day8_iNeurons_WellI19_Channel405nm Binned,561nm Binned,488nm Binned_Seq0110.nd2",49692672,405nm Binned|561nm Binned|488nm Binned,Seq0110
I19,I,19,PLD3_mCherry_reporter_control,True,12,"/Users/pmihack/claire/tmem_2026/data/260213_Feb16recopy_HYdiff_landingpadlines_survival_384well1/20260220_085237_196/260220_Day12_WellI19_Channel405nm Binned,561nm Binned,488nm Binned_Seq0110.nd2","260220_Day12_WellI19_Channel405nm Binned,561nm Binned,488nm Binned_Seq0110.nd2",49692672,405nm Binned|561nm Binned|488nm Binned,Seq0110
I19,I,19,PLD3_mCherry_reporter_control,True,16,"/Users/pmihack/claire/tmem_2026/data/260213_Feb16recopy_HYdiff_landingpadlines_survival_384well1/20260224_090320_759/260224_day16_WellI19_Channel405nm Binned,561nm Binned,488nm Binned_Seq0110.nd2","260224_day16_WellI19_Channel405nm Binned,561nm Binned,488nm Binned_Seq0110.nd2",49692672,405nm Binned|561nm Binned|488nm Binned,Seq0110
I19,I,19,PLD3_mCherry_reporter_control,True,20,"/Users/pmihack/claire/tmem_2026/data/260213_Feb16recopy_HYdiff_landingpadlines_survival_384well1/20260228_090815_318/260228_day20_WellI19_Channel405nm Binned,561nm Binned,488nm Binned_Seq0110.nd2","260228_day20_WellI19_Channel405nm Binned,561nm Binned,488nm Binned_Seq0110.nd2",49692672,405nm Binned|561nm Binned|488nm Binned,Seq0110
I19,I,19,PLD3_mCherry_reporter_control,True,25,"/Users/pmihack/claire/tmem_2026/data/260213_Feb16recopy_HYdiff_landingpadlines_survival_384well1/20260305_171612_406/260305_day25_iNeurons_WellI19_Channel405nm Binned,561nm Binned,488nm Binned_Seq0110.nd2","260305_day25_iNeurons_WellI19_Channel405nm Binned,561nm Binned,488nm Binned_Seq0110.nd2",49688576,405nm Binned|561nm Binned|488nm Binned,Seq0110
I19,I,19,PLD3_mCherry_reporter_control,True,29,"/Users/pmihack/claire/tmem_2026/data/260213_Feb16recopy_HYdiff_landingpadlines_survival_384well1/20260309_090353_210/260309_Day29_WellI19_Channel405nm Binned,561nm Binned,488nm Binned_Seq0110.nd2","260309_Day29_WellI19_Channel405nm Binned,561nm Binned,488nm Binned_Seq0110.nd2",49688576,405nm Binned|561nm Binned|488nm Binned,Seq0110
I19,I,19,PLD3_mCherry_reporter_control,True,32,"/Users/pmihack/claire/tmem_2026/data/260213_Feb16recopy_HYdiff_landingpadlines_survival_384well1/20260312_083635_497/260312_Day32_WellI19_Channel405nm Binned,561 nm,488nm Binned_Seq0110.nd2","260312_Day32_WellI19_Channel405nm Binned,561 nm,488nm Binned_Seq0110.nd2",49688576,405nm Binned|561 nm|488nm Binned,Seq0110
I19,I,19,PLD3_mCherry_reporter_control,True,36,"/Users/pmihack/claire/tmem_2026/data/260213_Feb16recopy_HYdiff_landingpadlines_survival_384well1/20260316_093139_667/260316_Day36_WellI19_Channel405nm Binned,561nm Binned,488nm Binned_Seq0110.nd2","260316_Day36_WellI19_Channel405nm Binned,561nm Binned,488nm Binned_Seq0110.nd2",49700864,405nm Binned|561nm Binned|488nm Binned,Seq0110
I19,I,19,PLD3_mCherry_reporter_control,True,39,"/Users/pmihack/claire/tmem_2026/data/260213_Feb16recopy_HYdiff_landingpadlines_survival_384well1/20260319_083746_585/260319_Day39_WellI19_Channel405nm Binned,561nm Binned,488nm Binned_Seq0110.nd2","260319_Day39_WellI19_Channel405nm Binned,561nm Binned,488nm Binned_Seq0110.nd2",49692672,405nm Binned|561nm Binned|488nm Binned,Seq0110
I20,I,20,PLD3_mCherry_reporter_control,True,8,"/Users/pmihack/claire/tmem_2026/data/260213_Feb16recopy_HYdiff_landingpadlines_survival_384well1/20260216_084435_959/260216_Day8_iNeurons_WellI20_Channel405nm Binned,561nm Binned,488nm Binned_Seq0111.nd2","260216_Day8_iNeurons_WellI20_Channel405nm Binned,561nm Binned,488nm Binned_Seq0111.nd2",49692672,405nm Binned|561nm Binned|488nm Binned,Seq0111
I20,I,20,PLD3_mCherry_reporter_control,True,12,"/Users/pmihack/claire/tmem_2026/data/260213_Feb16recopy_HYdiff_landingpadlines_survival_384well1/20260220_085237_196/260220_Day12_WellI20_Channel405nm Binned,561nm Binned,488nm Binned_Seq0111.nd2","260220_Day12_WellI20_Channel405nm Binned,561nm Binned,488nm Binned_Seq0111.nd2",49692672,405nm Binned|561nm Binned|488nm Binned,Seq0111
I20,I,20,PLD3_mCherry_reporter_control,True,16,"/Users/pmihack/claire/tmem_2026/data/260213_Feb16recopy_HYdiff_landingpadlines_survival_384well1/20260224_090320_759/260224_day16_WellI20_Channel405nm Binned,561nm Binned,488nm Binned_Seq0111.nd2","260224_day16_WellI20_Channel405nm Binned,561nm Binned,488nm Binned_Seq0111.nd2",49692672,405nm Binned|561nm Binned|488nm Binned,Seq0111
I20,I,20,PLD3_mCherry_reporter_control,True,20,"/Users/pmihack/claire/tmem_2026/data/260213_Feb16recopy_HYdiff_landingpadlines_survival_384well1/20260228_090815_318/260228_day20_WellI20_Channel405nm Binned,561nm Binned,488nm Binned_Seq0111.nd2","260228_day20_WellI20_Channel405nm Binned,561nm Binned,488nm Binned_Seq0111.nd2",49692672,405nm Binned|561nm Binned|488nm Binned,Seq0111
I20,I,20,PLD3_mCherry_reporter_control,True,25,"/Users/pmihack/claire/tmem_2026/data/260213_Feb16recopy_HYdiff_landingpadlines_survival_384well1/20260305_171612_406/260305_day25_iNeurons_WellI20_Channel405nm Binned,561nm Binned,488nm Binned_Seq0111.nd2","260305_day25_iNeurons_WellI20_Channel405nm Binned,561nm Binned,488nm Binned_Seq0111.nd2",49688576,405nm Binned|561nm Binned|488nm Binned,Seq0111
I20,I,20,PLD3_mCherry_reporter_control,True,29,"/Users/pmihack/claire/tmem_2026/data/260213_Feb16recopy_HYdiff_landingpadlines_survival_384well1/20260309_090353_210/260309_Day29_WellI20_Channel405nm Binned,561nm Binned,488nm Binned_Seq0111.nd2","260309_Day29_WellI20_Channel405nm Binned,561nm Binned,488nm Binned_Seq0111.nd2",49688576,405nm Binned|561nm Binned|488nm Binned,Seq0111
I20,I,20,PLD3_mCherry_reporter_control,True,32,"/Users/pmihack/claire/tmem_2026/data/260213_Feb16recopy_HYdiff_landingpadlines_survival_384well1/20260312_083635_497/260312_Day32_WellI20_Channel405nm Binned,561 nm,488nm Binned_Seq0111.nd2","260312_Day32_WellI20_Channel405nm Binned,561 nm,488nm Binned_Seq0111.nd2",49688576,405nm Binned|561 nm|488nm Binned,Seq0111
I20,I,20,PLD3_mCherry_reporter_control,True,36,"/Users/pmihack/claire/tmem_2026/data/260213_Feb16recopy_HYdiff_landingpadlines_survival_384well1/20260316_093139_667/260316_Day36_WellI20_Channel405nm Binned,561nm Binned,488nm Binned_Seq0111.nd2","260316_Day36_WellI20_Channel405nm Binned,561nm Binned,488nm Binned_Seq0111.nd2",49700864,405nm Binned|561nm Binned|488nm Binned,Seq0111
I20,I,20,PLD3_mCherry_reporter_control,True,39,"/Users/pmihack/claire/tmem_2026/data/260213_Feb16recopy_HYdiff_landingpadlines_survival_384well1/20260319_083746_585/260319_Day39_WellI20_Channel405nm Binned,561nm Binned,488nm Binned_Seq0111.nd2","260319_Day39_WellI20_Channel405nm Binned,561nm Binned,488nm Binned_Seq0111.nd2",49692672,405nm Binned|561nm Binned|488nm Binned,Seq0111
J05,J,05,PLD3_TMEM106B_mCherry_primary,True,8,"/Users/pmihack/claire/tmem_2026/data/260213_Feb16recopy_HYdiff_landingpadlines_survival_384well1/20260216_084435_959/260216_Day8_iNeurons_WellJ05_Channel405nm Binned,561nm Binned,488nm Binned_Seq0112.nd2","260216_Day8_iNeurons_WellJ05_Channel405nm Binned,561nm Binned,488nm Binned_Seq0112.nd2",49692672,405nm Binned|561nm Binned|488nm Binned,Seq0112
J05,J,05,PLD3_TMEM106B_mCherry_primary,True,12,"/Users/pmihack/claire/tmem_2026/data/260213_Feb16recopy_HYdiff_landingpadlines_survival_384well1/20260220_085237_196/260220_Day12_WellJ05_Channel405nm Binned,561nm Binned,488nm Binned_Seq0112.nd2","260220_Day12_WellJ05_Channel405nm Binned,561nm Binned,488nm Binned_Seq0112.nd2",49692672,405nm Binned|561nm Binned|488nm Binned,Seq0112
J05,J,05,PLD3_TMEM106B_mCherry_primary,True,16,"/Users/pmihack/claire/tmem_2026/data/260213_Feb16recopy_HYdiff_landingpadlines_survival_384well1/20260224_090320_759/260224_day16_WellJ05_Channel405nm Binned,561nm Binned,488nm Binned_Seq0112.nd2","260224_day16_WellJ05_Channel405nm Binned,561nm Binned,488nm Binned_Seq0112.nd2",49692672,405nm Binned|561nm Binned|488nm Binned,Seq0112
J05,J,05,PLD3_TMEM106B_mCherry_primary,True,20,"/Users/pmihack/claire/tmem_2026/data/260213_Feb16recopy_HYdiff_landingpadlines_survival_384well1/20260228_090815_318/260228_day20_WellJ05_Channel405nm Binned,561nm Binned,488nm Binned_Seq0112.nd2","260228_day20_WellJ05_Channel405nm Binned,561nm Binned,488nm Binned_Seq0112.nd2",49692672,405nm Binned|561nm Binned|488nm Binned,Seq0112
J05,J,05,PLD3_TMEM106B_mCherry_primary,True,25,"/Users/pmihack/claire/tmem_2026/data/260213_Feb16recopy_HYdiff_landingpadlines_survival_384well1/20260305_171612_406/260305_day25_iNeurons_WellJ05_Channel405nm Binned,561nm Binned,488nm Binned_Seq0112.nd2","260305_day25_iNeurons_WellJ05_Channel405nm Binned,561nm Binned,488nm Binned_Seq0112.nd2",49688576,405nm Binned|561nm Binned|488nm Binned,Seq0112
J05,J,05,PLD3_TMEM106B_mCherry_primary,True,29,"/Users/pmihack/claire/tmem_2026/data/260213_Feb16recopy_HYdiff_landingpadlines_survival_384well1/20260309_090353_210/260309_Day29_WellJ05_Channel405nm Binned,561nm Binned,488nm Binned_Seq0112.nd2","260309_Day29_WellJ05_Channel405nm Binned,561nm Binned,488nm Binned_Seq0112.nd2",49688576,405nm Binned|561nm Binned|488nm Binned,Seq0112
J05,J,05,PLD3_TMEM106B_mCherry_primary,True,32,"/Users/pmihack/claire/tmem_2026/data/260213_Feb16recopy_HYdiff_landingpadlines_survival_384well1/20260312_083635_497/260312_Day32_WellJ05_Channel405nm Binned,561 nm,488nm Binned_Seq0112.nd2","260312_Day32_WellJ05_Channel405nm Binned,561 nm,488nm Binned_Seq0112.nd2",49688576,405nm Binned|561 nm|488nm Binned,Seq0112
J05,J,05,PLD3_TMEM106B_mCherry_primary,True,36,"/Users/pmihack/claire/tmem_2026/data/260213_Feb16recopy_HYdiff_landingpadlines_survival_384well1/20260316_093139_667/260316_Day36_WellJ05_Channel405nm Binned,561nm Binned,488nm Binned_Seq0112.nd2","260316_Day36_WellJ05_Channel405nm Binned,561nm Binned,488nm Binned_Seq0112.nd2",49700864,405nm Binned|561nm Binned|488nm Binned,Seq0112
J05,J,05,PLD3_TMEM106B_mCherry_primary,True,39,"/Users/pmihack/claire/tmem_2026/data/260213_Feb16recopy_HYdiff_landingpadlines_survival_384well1/20260319_083746_585/260319_Day39_WellJ05_Channel405nm Binned,561nm Binned,488nm Binned_Seq0112.nd2","260319_Day39_WellJ05_Channel405nm Binned,561nm Binned,488nm Binned_Seq0112.nd2",49692672,405nm Binned|561nm Binned|488nm Binned,Seq0112
J06,J,06,PLD3_TMEM106B_mCherry_primary,True,8,"/Users/pmihack/claire/tmem_2026/data/260213_Feb16recopy_HYdiff_landingpadlines_survival_384well1/20260216_084435_959/260216_Day8_iNeurons_WellJ06_Channel405nm Binned,561nm Binned,488nm Binned_Seq0113.nd2","260216_Day8_iNeurons_WellJ06_Channel405nm Binned,561nm Binned,488nm Binned_Seq0113.nd2",49692672,405nm Binned|561nm Binned|488nm Binned,Seq0113
J06,J,06,PLD3_TMEM106B_mCherry_primary,True,12,"/Users/pmihack/claire/tmem_2026/data/260213_Feb16recopy_HYdiff_landingpadlines_survival_384well1/20260220_085237_196/260220_Day12_WellJ06_Channel405nm Binned,561nm Binned,488nm Binned_Seq0113.nd2","260220_Day12_WellJ06_Channel405nm Binned,561nm Binned,488nm Binned_Seq0113.nd2",49692672,405nm Binned|561nm Binned|488nm Binned,Seq0113
J06,J,06,PLD3_TMEM106B_mCherry_primary,True,16,"/Users/pmihack/claire/tmem_2026/data/260213_Feb16recopy_HYdiff_landingpadlines_survival_384well1/20260224_090320_759/260224_day16_WellJ06_Channel405nm Binned,561nm Binned,488nm Binned_Seq0113.nd2","260224_day16_WellJ06_Channel405nm Binned,561nm Binned,488nm Binned_Seq0113.nd2",49692672,405nm Binned|561nm Binned|488nm Binned,Seq0113
J06,J,06,PLD3_TMEM106B_mCherry_primary,True,20,"/Users/pmihack/claire/tmem_2026/data/260213_Feb16recopy_HYdiff_landingpadlines_survival_384well1/20260228_090815_318/260228_day20_WellJ06_Channel405nm Binned,561nm Binned,488nm Binned_Seq0113.nd2","260228_day20_WellJ06_Channel405nm Binned,561nm Binned,488nm Binned_Seq0113.nd2",49692672,405nm Binned|561nm Binned|488nm Binned,Seq0113
J06,J,06,PLD3_TMEM106B_mCherry_primary,True,25,"/Users/pmihack/claire/tmem_2026/data/260213_Feb16recopy_HYdiff_landingpadlines_survival_384well1/20260305_171612_406/260305_day25_iNeurons_WellJ06_Channel405nm Binned,561nm Binned,488nm Binned_Seq0113.nd2","260305_day25_iNeurons_WellJ06_Channel405nm Binned,561nm Binned,488nm Binned_Seq0113.nd2",49688576,405nm Binned|561nm Binned|488nm Binned,Seq0113
J06,J,06,PLD3_TMEM106B_mCherry_primary,True,29,"/Users/pmihack/claire/tmem_2026/data/260213_Feb16recopy_HYdiff_landingpadlines_survival_384well1/20260309_090353_210/260309_Day29_WellJ06_Channel405nm Binned,561nm Binned,488nm Binned_Seq0113.nd2","260309_Day29_WellJ06_Channel405nm Binned,561nm Binned,488nm Binned_Seq0113.nd2",49688576,405nm Binned|561nm Binned|488nm Binned,Seq0113
J06,J,06,PLD3_TMEM106B_mCherry_primary,True,32,"/Users/pmihack/claire/tmem_2026/data/260213_Feb16recopy_HYdiff_landingpadlines_survival_384well1/20260312_083635_497/260312_Day32_WellJ06_Channel405nm Binned,561 nm,488nm Binned_Seq0113.nd2","260312_Day32_WellJ06_Channel405nm Binned,561 nm,488nm Binned_Seq0113.nd2",49688576,405nm Binned|561 nm|488nm Binned,Seq0113
J06,J,06,PLD3_TMEM106B_mCherry_primary,True,36,"/Users/pmihack/claire/tmem_2026/data/260213_Feb16recopy_HYdiff_landingpadlines_survival_384well1/20260316_093139_667/260316_Day36_WellJ06_Channel405nm Binned,561nm Binned,488nm Binned_Seq0113.nd2","260316_Day36_WellJ06_Channel405nm Binned,561nm Binned,488nm Binned_Seq0113.nd2",49700864,405nm Binned|561nm Binned|488nm Binned,Seq0113
J06,J,06,PLD3_TMEM106B_mCherry_primary,True,39,"/Users/pmihack/claire/tmem_2026/data/260213_Feb16recopy_HYdiff_landingpadlines_survival_384well1/20260319_083746_585/260319_Day39_WellJ06_Channel405nm Binned,561nm Binned,488nm Binned_Seq0113.nd2","260319_Day39_WellJ06_Channel405nm Binned,561nm Binned,488nm Binned_Seq0113.nd2",49692672,405nm Binned|561nm Binned|488nm Binned,Seq0113
J07,J,07,PLD3_TMEM106B_mCherry_primary,True,8,"/Users/pmihack/claire/tmem_2026/data/260213_Feb16recopy_HYdiff_landingpadlines_survival_384well1/20260216_084435_959/260216_Day8_iNeurons_WellJ07_Channel405nm Binned,561nm Binned,488nm Binned_Seq0114.nd2","260216_Day8_iNeurons_WellJ07_Channel405nm Binned,561nm Binned,488nm Binned_Seq0114.nd2",49692672,405nm Binned|561nm Binned|488nm Binned,Seq0114
J07,J,07,PLD3_TMEM106B_mCherry_primary,True,12,"/Users/pmihack/claire/tmem_2026/data/260213_Feb16recopy_HYdiff_landingpadlines_survival_384well1/20260220_085237_196/260220_Day12_WellJ07_Channel405nm Binned,561nm Binned,488nm Binned_Seq0114.nd2","260220_Day12_WellJ07_Channel405nm Binned,561nm Binned,488nm Binned_Seq0114.nd2",49692672,405nm Binned|561nm Binned|488nm Binned,Seq0114
J07,J,07,PLD3_TMEM106B_mCherry_primary,True,16,"/Users/pmihack/claire/tmem_2026/data/260213_Feb16recopy_HYdiff_landingpadlines_survival_384well1/20260224_090320_759/260224_day16_WellJ07_Channel405nm Binned,561nm Binned,488nm Binned_Seq0114.nd2","260224_day16_WellJ07_Channel405nm Binned,561nm Binned,488nm Binned_Seq0114.nd2",49692672,405nm Binned|561nm Binned|488nm Binned,Seq0114
J07,J,07,PLD3_TMEM106B_mCherry_primary,True,20,"/Users/pmihack/claire/tmem_2026/data/260213_Feb16recopy_HYdiff_landingpadlines_survival_384well1/20260228_090815_318/260228_day20_WellJ07_Channel405nm Binned,561nm Binned,488nm Binned_Seq0114.nd2","260228_day20_WellJ07_Channel405nm Binned,561nm Binned,488nm Binned_Seq0114.nd2",49692672,405nm Binned|561nm Binned|488nm Binned,Seq0114
J07,J,07,PLD3_TMEM106B_mCherry_primary,True,25,"/Users/pmihack/claire/tmem_2026/data/260213_Feb16recopy_HYdiff_landingpadlines_survival_384well1/20260305_171612_406/260305_day25_iNeurons_WellJ07_Channel405nm Binned,561nm Binned,488nm Binned_Seq0114.nd2","260305_day25_iNeurons_WellJ07_Channel405nm Binned,561nm Binned,488nm Binned_Seq0114.nd2",49688576,405nm Binned|561nm Binned|488nm Binned,Seq0114
J07,J,07,PLD3_TMEM106B_mCherry_primary,True,29,"/Users/pmihack/claire/tmem_2026/data/260213_Feb16recopy_HYdiff_landingpadlines_survival_384well1/20260309_090353_210/260309_Day29_WellJ07_Channel405nm Binned,561nm Binned,488nm Binned_Seq0114.nd2","260309_Day29_WellJ07_Channel405nm Binned,561nm Binned,488nm Binned_Seq0114.nd2",49688576,405nm Binned|561nm Binned|488nm Binned,Seq0114
J07,J,07,PLD3_TMEM106B_mCherry_primary,True,32,"/Users/pmihack/claire/tmem_2026/data/260213_Feb16recopy_HYdiff_landingpadlines_survival_384well1/20260312_083635_497/260312_Day32_WellJ07_Channel405nm Binned,561 nm,488nm Binned_Seq0114.nd2","260312_Day32_WellJ07_Channel405nm Binned,561 nm,488nm Binned_Seq0114.nd2",49688576,405nm Binned|561 nm|488nm Binned,Seq0114
J07,J,07,PLD3_TMEM106B_mCherry_primary,True,36,"/Users/pmihack/claire/tmem_2026/data/260213_Feb16recopy_HYdiff_landingpadlines_survival_384well1/20260316_093139_667/260316_Day36_WellJ07_Channel405nm Binned,561nm Binned,488nm Binned_Seq0114.nd2","260316_Day36_WellJ07_Channel405nm Binned,561nm Binned,488nm Binned_Seq0114.nd2",49700864,405nm Binned|561nm Binned|488nm Binned,Seq0114
J07,J,07,PLD3_TMEM106B_mCherry_primary,True,39,"/Users/pmihack/claire/tmem_2026/data/260213_Feb16recopy_HYdiff_landingpadlines_survival_384well1/20260319_083746_585/260319_Day39_WellJ07_Channel405nm Binned,561nm Binned,488nm Binned_Seq0114.nd2","260319_Day39_WellJ07_Channel405nm Binned,561nm Binned,488nm Binned_Seq0114.nd2",49692672,405nm Binned|561nm Binned|488nm Binned,Seq0114
J08,J,08,PLD3_TMEM106B_mCherry_primary,True,8,"/Users/pmihack/claire/tmem_2026/data/260213_Feb16recopy_HYdiff_landingpadlines_survival_384well1/20260216_084435_959/260216_Day8_iNeurons_WellJ08_Channel405nm Binned,561nm Binned,488nm Binned_Seq0115.nd2","260216_Day8_iNeurons_WellJ08_Channel405nm Binned,561nm Binned,488nm Binned_Seq0115.nd2",49692672,405nm Binned|561nm Binned|488nm Binned,Seq0115
J08,J,08,PLD3_TMEM106B_mCherry_primary,True,12,"/Users/pmihack/claire/tmem_2026/data/260213_Feb16recopy_HYdiff_landingpadlines_survival_384well1/20260220_085237_196/260220_Day12_WellJ08_Channel405nm Binned,561nm Binned,488nm Binned_Seq0115.nd2","260220_Day12_WellJ08_Channel405nm Binned,561nm Binned,488nm Binned_Seq0115.nd2",49692672,405nm Binned|561nm Binned|488nm Binned,Seq0115
J08,J,08,PLD3_TMEM106B_mCherry_primary,True,16,"/Users/pmihack/claire/tmem_2026/data/260213_Feb16recopy_HYdiff_landingpadlines_survival_384well1/20260224_090320_759/260224_day16_WellJ08_Channel405nm Binned,561nm Binned,488nm Binned_Seq0115.nd2","260224_day16_WellJ08_Channel405nm Binned,561nm Binned,488nm Binned_Seq0115.nd2",49692672,405nm Binned|561nm Binned|488nm Binned,Seq0115
J08,J,08,PLD3_TMEM106B_mCherry_primary,True,20,"/Users/pmihack/claire/tmem_2026/data/260213_Feb16recopy_HYdiff_landingpadlines_survival_384well1/20260228_090815_318/260228_day20_WellJ08_Channel405nm Binned,561nm Binned,488nm Binned_Seq0115.nd2","260228_day20_WellJ08_Channel405nm Binned,561nm Binned,488nm Binned_Seq0115.nd2",49692672,405nm Binned|561nm Binned|488nm Binned,Seq0115
J08,J,08,PLD3_TMEM106B_mCherry_primary,True,25,"/Users/pmihack/claire/tmem_2026/data/260213_Feb16recopy_HYdiff_landingpadlines_survival_384well1/20260305_171612_406/260305_day25_iNeurons_WellJ08_Channel405nm Binned,561nm Binned,488nm Binned_Seq0115.nd2","260305_day25_iNeurons_WellJ08_Channel405nm Binned,561nm Binned,488nm Binned_Seq0115.nd2",49688576,405nm Binned|561nm Binned|488nm Binned,Seq0115
J08,J,08,PLD3_TMEM106B_mCherry_primary,True,29,"/Users/pmihack/claire/tmem_2026/data/260213_Feb16recopy_HYdiff_landingpadlines_survival_384well1/20260309_090353_210/260309_Day29_WellJ08_Channel405nm Binned,561nm Binned,488nm Binned_Seq0115.nd2","260309_Day29_WellJ08_Channel405nm Binned,561nm Binned,488nm Binned_Seq0115.nd2",49688576,405nm Binned|561nm Binned|488nm Binned,Seq0115
J08,J,08,PLD3_TMEM106B_mCherry_primary,True,32,"/Users/pmihack/claire/tmem_2026/data/260213_Feb16recopy_HYdiff_landingpadlines_survival_384well1/20260312_083635_497/260312_Day32_WellJ08_Channel405nm Binned,561 nm,488nm Binned_Seq0115.nd2","260312_Day32_WellJ08_Channel405nm Binned,561 nm,488nm Binned_Seq0115.nd2",49688576,405nm Binned|561 nm|488nm Binned,Seq0115
J08,J,08,PLD3_TMEM106B_mCherry_primary,True,36,"/Users/pmihack/claire/tmem_2026/data/260213_Feb16recopy_HYdiff_landingpadlines_survival_384well1/20260316_093139_667/260316_Day36_WellJ08_Channel405nm Binned,561nm Binned,488nm Binned_Seq0115.nd2","260316_Day36_WellJ08_Channel405nm Binned,561nm Binned,488nm Binned_Seq0115.nd2",49700864,405nm Binned|561nm Binned|488nm Binned,Seq0115
J08,J,08,PLD3_TMEM106B_mCherry_primary,True,39,"/Users/pmihack/claire/tmem_2026/data/260213_Feb16recopy_HYdiff_landingpadlines_survival_384well1/20260319_083746_585/260319_Day39_WellJ08_Channel405nm Binned,561nm Binned,488nm Binned_Seq0115.nd2","260319_Day39_WellJ08_Channel405nm Binned,561nm Binned,488nm Binned_Seq0115.nd2",49692672,405nm Binned|561nm Binned|488nm Binned,Seq0115
J09,J,09,PLD3_TMEM106B_mCherry_primary,True,8,"/Users/pmihack/claire/tmem_2026/data/260213_Feb16recopy_HYdiff_landingpadlines_survival_384well1/20260216_084435_959/260216_Day8_iNeurons_WellJ09_Channel405nm Binned,561nm Binned,488nm Binned_Seq0116.nd2","260216_Day8_iNeurons_WellJ09_Channel405nm Binned,561nm Binned,488nm Binned_Seq0116.nd2",49692672,405nm Binned|561nm Binned|488nm Binned,Seq0116
J09,J,09,PLD3_TMEM106B_mCherry_primary,True,12,"/Users/pmihack/claire/tmem_2026/data/260213_Feb16recopy_HYdiff_landingpadlines_survival_384well1/20260220_085237_196/260220_Day12_WellJ09_Channel405nm Binned,561nm Binned,488nm Binned_Seq0116.nd2","260220_Day12_WellJ09_Channel405nm Binned,561nm Binned,488nm Binned_Seq0116.nd2",49692672,405nm Binned|561nm Binned|488nm Binned,Seq0116
J09,J,09,PLD3_TMEM106B_mCherry_primary,True,16,"/Users/pmihack/claire/tmem_2026/data/260213_Feb16recopy_HYdiff_landingpadlines_survival_384well1/20260224_090320_759/260224_day16_WellJ09_Channel405nm Binned,561nm Binned,488nm Binned_Seq0116.nd2","260224_day16_WellJ09_Channel405nm Binned,561nm Binned,488nm Binned_Seq0116.nd2",49692672,405nm Binned|561nm Binned|488nm Binned,Seq0116
J09,J,09,PLD3_TMEM106B_mCherry_primary,True,20,"/Users/pmihack/claire/tmem_2026/data/260213_Feb16recopy_HYdiff_landingpadlines_survival_384well1/20260228_090815_318/260228_day20_WellJ09_Channel405nm Binned,561nm Binned,488nm Binned_Seq0116.nd2","260228_day20_WellJ09_Channel405nm Binned,561nm Binned,488nm Binned_Seq0116.nd2",49692672,405nm Binned|561nm Binned|488nm Binned,Seq0116
J09,J,09,PLD3_TMEM106B_mCherry_primary,True,25,"/Users/pmihack/claire/tmem_2026/data/260213_Feb16recopy_HYdiff_landingpadlines_survival_384well1/20260305_171612_406/260305_day25_iNeurons_WellJ09_Channel405nm Binned,561nm Binned,488nm Binned_Seq0116.nd2","260305_day25_iNeurons_WellJ09_Channel405nm Binned,561nm Binned,488nm Binned_Seq0116.nd2",49688576,405nm Binned|561nm Binned|488nm Binned,Seq0116
J09,J,09,PLD3_TMEM106B_mCherry_primary,True,29,"/Users/pmihack/claire/tmem_2026/data/260213_Feb16recopy_HYdiff_landingpadlines_survival_384well1/20260309_090353_210/260309_Day29_WellJ09_Channel405nm Binned,561nm Binned,488nm Binned_Seq0116.nd2","260309_Day29_WellJ09_Channel405nm Binned,561nm Binned,488nm Binned_Seq0116.nd2",49688576,405nm Binned|561nm Binned|488nm Binned,Seq0116
J09,J,09,PLD3_TMEM106B_mCherry_primary,True,32,"/Users/pmihack/claire/tmem_2026/data/260213_Feb16recopy_HYdiff_landingpadlines_survival_384well1/20260312_083635_497/260312_Day32_WellJ09_Channel405nm Binned,561 nm,488nm Binned_Seq0116.nd2","260312_Day32_WellJ09_Channel405nm Binned,561 nm,488nm Binned_Seq0116.nd2",49688576,405nm Binned|561 nm|488nm Binned,Seq0116
J09,J,09,PLD3_TMEM106B_mCherry_primary,True,36,"/Users/pmihack/claire/tmem_2026/data/260213_Feb16recopy_HYdiff_landingpadlines_survival_384well1/20260316_093139_667/260316_Day36_WellJ09_Channel405nm Binned,561nm Binned,488nm Binned_Seq0116.nd2","260316_Day36_WellJ09_Channel405nm Binned,561nm Binned,488nm Binned_Seq0116.nd2",49700864,405nm Binned|561nm Binned|488nm Binned,Seq0116
J09,J,09,PLD3_TMEM106B_mCherry_primary,True,39,"/Users/pmihack/claire/tmem_2026/data/260213_Feb16recopy_HYdiff_landingpadlines_survival_384well1/20260319_083746_585/260319_Day39_WellJ09_Channel405nm Binned,561nm Binned,488nm Binned_Seq0116.nd2","260319_Day39_WellJ09_Channel405nm Binned,561nm Binned,488nm Binned_Seq0116.nd2",49692672,405nm Binned|561nm Binned|488nm Binned,Seq0116
J10,J,10,PLD3_TMEM106B_mCherry_primary,True,8,"/Users/pmihack/claire/tmem_2026/data/260213_Feb16recopy_HYdiff_landingpadlines_survival_384well1/20260216_084435_959/260216_Day8_iNeurons_WellJ10_Channel405nm Binned,561nm Binned,488nm Binned_Seq0117.nd2","260216_Day8_iNeurons_WellJ10_Channel405nm Binned,561nm Binned,488nm Binned_Seq0117.nd2",49692672,405nm Binned|561nm Binned|488nm Binned,Seq0117
J10,J,10,PLD3_TMEM106B_mCherry_primary,True,12,"/Users/pmihack/claire/tmem_2026/data/260213_Feb16recopy_HYdiff_landingpadlines_survival_384well1/20260220_085237_196/260220_Day12_WellJ10_Channel405nm Binned,561nm Binned,488nm Binned_Seq0117.nd2","260220_Day12_WellJ10_Channel405nm Binned,561nm Binned,488nm Binned_Seq0117.nd2",49692672,405nm Binned|561nm Binned|488nm Binned,Seq0117
J10,J,10,PLD3_TMEM106B_mCherry_primary,True,16,"/Users/pmihack/claire/tmem_2026/data/260213_Feb16recopy_HYdiff_landingpadlines_survival_384well1/20260224_090320_759/260224_day16_WellJ10_Channel405nm Binned,561nm Binned,488nm Binned_Seq0117.nd2","260224_day16_WellJ10_Channel405nm Binned,561nm Binned,488nm Binned_Seq0117.nd2",49692672,405nm Binned|561nm Binned|488nm Binned,Seq0117
J10,J,10,PLD3_TMEM106B_mCherry_primary,True,20,"/Users/pmihack/claire/tmem_2026/data/260213_Feb16recopy_HYdiff_landingpadlines_survival_384well1/20260228_090815_318/260228_day20_WellJ10_Channel405nm Binned,561nm Binned,488nm Binned_Seq0117.nd2","260228_day20_WellJ10_Channel405nm Binned,561nm Binned,488nm Binned_Seq0117.nd2",49692672,405nm Binned|561nm Binned|488nm Binned,Seq0117
J10,J,10,PLD3_TMEM106B_mCherry_primary,True,25,"/Users/pmihack/claire/tmem_2026/data/260213_Feb16recopy_HYdiff_landingpadlines_survival_384well1/20260305_171612_406/260305_day25_iNeurons_WellJ10_Channel405nm Binned,561nm Binned,488nm Binned_Seq0117.nd2","260305_day25_iNeurons_WellJ10_Channel405nm Binned,561nm Binned,488nm Binned_Seq0117.nd2",49688576,405nm Binned|561nm Binned|488nm Binned,Seq0117
J10,J,10,PLD3_TMEM106B_mCherry_primary,True,29,"/Users/pmihack/claire/tmem_2026/data/260213_Feb16recopy_HYdiff_landingpadlines_survival_384well1/20260309_090353_210/260309_Day29_WellJ10_Channel405nm Binned,561nm Binned,488nm Binned_Seq0117.nd2","260309_Day29_WellJ10_Channel405nm Binned,561nm Binned,488nm Binned_Seq0117.nd2",49688576,405nm Binned|561nm Binned|488nm Binned,Seq0117
J10,J,10,PLD3_TMEM106B_mCherry_primary,True,32,"/Users/pmihack/claire/tmem_2026/data/260213_Feb16recopy_HYdiff_landingpadlines_survival_384well1/20260312_083635_497/260312_Day32_WellJ10_Channel405nm Binned,561 nm,488nm Binned_Seq0117.nd2","260312_Day32_WellJ10_Channel405nm Binned,561 nm,488nm Binned_Seq0117.nd2",49688576,405nm Binned|561 nm|488nm Binned,Seq0117
J10,J,10,PLD3_TMEM106B_mCherry_primary,True,36,"/Users/pmihack/claire/tmem_2026/data/260213_Feb16recopy_HYdiff_landingpadlines_survival_384well1/20260316_093139_667/260316_Day36_WellJ10_Channel405nm Binned,561nm Binned,488nm Binned_Seq0117.nd2","260316_Day36_WellJ10_Channel405nm Binned,561nm Binned,488nm Binned_Seq0117.nd2",49700864,405nm Binned|561nm Binned|488nm Binned,Seq0117
J10,J,10,PLD3_TMEM106B_mCherry_primary,True,39,"/Users/pmihack/claire/tmem_2026/data/260213_Feb16recopy_HYdiff_landingpadlines_survival_384well1/20260319_083746_585/260319_Day39_WellJ10_Channel405nm Binned,561nm Binned,488nm Binned_Seq0117.nd2","260319_Day39_WellJ10_Channel405nm Binned,561nm Binned,488nm Binned_Seq0117.nd2",49692672,405nm Binned|561nm Binned|488nm Binned,Seq0117
J11,J,11,PLD3_TMEM106B_mCherry_primary,True,8,"/Users/pmihack/claire/tmem_2026/data/260213_Feb16recopy_HYdiff_landingpadlines_survival_384well1/20260216_084435_959/260216_Day8_iNeurons_WellJ11_Channel405nm Binned,561nm Binned,488nm Binned_Seq0118.nd2","260216_Day8_iNeurons_WellJ11_Channel405nm Binned,561nm Binned,488nm Binned_Seq0118.nd2",49692672,405nm Binned|561nm Binned|488nm Binned,Seq0118
J11,J,11,PLD3_TMEM106B_mCherry_primary,True,12,"/Users/pmihack/claire/tmem_2026/data/260213_Feb16recopy_HYdiff_landingpadlines_survival_384well1/20260220_085237_196/260220_Day12_WellJ11_Channel405nm Binned,561nm Binned,488nm Binned_Seq0118.nd2","260220_Day12_WellJ11_Channel405nm Binned,561nm Binned,488nm Binned_Seq0118.nd2",49692672,405nm Binned|561nm Binned|488nm Binned,Seq0118
J11,J,11,PLD3_TMEM106B_mCherry_primary,True,16,"/Users/pmihack/claire/tmem_2026/data/260213_Feb16recopy_HYdiff_landingpadlines_survival_384well1/20260224_090320_759/260224_day16_WellJ11_Channel405nm Binned,561nm Binned,488nm Binned_Seq0118.nd2","260224_day16_WellJ11_Channel405nm Binned,561nm Binned,488nm Binned_Seq0118.nd2",49692672,405nm Binned|561nm Binned|488nm Binned,Seq0118
J11,J,11,PLD3_TMEM106B_mCherry_primary,True,20,"/Users/pmihack/claire/tmem_2026/data/260213_Feb16recopy_HYdiff_landingpadlines_survival_384well1/20260228_090815_318/260228_day20_WellJ11_Channel405nm Binned,561nm Binned,488nm Binned_Seq0118.nd2","260228_day20_WellJ11_Channel405nm Binned,561nm Binned,488nm Binned_Seq0118.nd2",49692672,405nm Binned|561nm Binned|488nm Binned,Seq0118
J11,J,11,PLD3_TMEM106B_mCherry_primary,True,25,"/Users/pmihack/claire/tmem_2026/data/260213_Feb16recopy_HYdiff_landingpadlines_survival_384well1/20260305_171612_406/260305_day25_iNeurons_WellJ11_Channel405nm Binned,561nm Binned,488nm Binned_Seq0118.nd2","260305_day25_iNeurons_WellJ11_Channel405nm Binned,561nm Binned,488nm Binned_Seq0118.nd2",49688576,405nm Binned|561nm Binned|488nm Binned,Seq0118
J11,J,11,PLD3_TMEM106B_mCherry_primary,True,29,"/Users/pmihack/claire/tmem_2026/data/260213_Feb16recopy_HYdiff_landingpadlines_survival_384well1/20260309_090353_210/260309_Day29_WellJ11_Channel405nm Binned,561nm Binned,488nm Binned_Seq0118.nd2","260309_Day29_WellJ11_Channel405nm Binned,561nm Binned,488nm Binned_Seq0118.nd2",49688576,405nm Binned|561nm Binned|488nm Binned,Seq0118
J11,J,11,PLD3_TMEM106B_mCherry_primary,True,32,"/Users/pmihack/claire/tmem_2026/data/260213_Feb16recopy_HYdiff_landingpadlines_survival_384well1/20260312_083635_497/260312_Day32_WellJ11_Channel405nm Binned,561 nm,488nm Binned_Seq0118.nd2","260312_Day32_WellJ11_Channel405nm Binned,561 nm,488nm Binned_Seq0118.nd2",49688576,405nm Binned|561 nm|488nm Binned,Seq0118
J11,J,11,PLD3_TMEM106B_mCherry_primary,True,36,"/Users/pmihack/claire/tmem_2026/data/260213_Feb16recopy_HYdiff_landingpadlines_survival_384well1/20260316_093139_667/260316_Day36_WellJ11_Channel405nm Binned,561nm Binned,488nm Binned_Seq0118.nd2","260316_Day36_WellJ11_Channel405nm Binned,561nm Binned,488nm Binned_Seq0118.nd2",49700864,405nm Binned|561nm Binned|488nm Binned,Seq0118
J11,J,11,PLD3_TMEM106B_mCherry_primary,True,39,"/Users/pmihack/claire/tmem_2026/data/260213_Feb16recopy_HYdiff_landingpadlines_survival_384well1/20260319_083746_585/260319_Day39_WellJ11_Channel405nm Binned,561nm Binned,488nm Binned_Seq0118.nd2","260319_Day39_WellJ11_Channel405nm Binned,561nm Binned,488nm Binned_Seq0118.nd2",49692672,405nm Binned|561nm Binned|488nm Binned,Seq0118
J12,J,12,PLD3_TMEM106B_mCherry_primary,True,8,"/Users/pmihack/claire/tmem_2026/data/260213_Feb16recopy_HYdiff_landingpadlines_survival_384well1/20260216_084435_959/260216_Day8_iNeurons_WellJ12_Channel405nm Binned,561nm Binned,488nm Binned_Seq0119.nd2","260216_Day8_iNeurons_WellJ12_Channel405nm Binned,561nm Binned,488nm Binned_Seq0119.nd2",49692672,405nm Binned|561nm Binned|488nm Binned,Seq0119
J12,J,12,PLD3_TMEM106B_mCherry_primary,True,12,"/Users/pmihack/claire/tmem_2026/data/260213_Feb16recopy_HYdiff_landingpadlines_survival_384well1/20260220_085237_196/260220_Day12_WellJ12_Channel405nm Binned,561nm Binned,488nm Binned_Seq0119.nd2","260220_Day12_WellJ12_Channel405nm Binned,561nm Binned,488nm Binned_Seq0119.nd2",49692672,405nm Binned|561nm Binned|488nm Binned,Seq0119
J12,J,12,PLD3_TMEM106B_mCherry_primary,True,16,"/Users/pmihack/claire/tmem_2026/data/260213_Feb16recopy_HYdiff_landingpadlines_survival_384well1/20260224_090320_759/260224_day16_WellJ12_Channel405nm Binned,561nm Binned,488nm Binned_Seq0119.nd2","260224_day16_WellJ12_Channel405nm Binned,561nm Binned,488nm Binned_Seq0119.nd2",49692672,405nm Binned|561nm Binned|488nm Binned,Seq0119
J12,J,12,PLD3_TMEM106B_mCherry_primary,True,20,"/Users/pmihack/claire/tmem_2026/data/260213_Feb16recopy_HYdiff_landingpadlines_survival_384well1/20260228_090815_318/260228_day20_WellJ12_Channel405nm Binned,561nm Binned,488nm Binned_Seq0119.nd2","260228_day20_WellJ12_Channel405nm Binned,561nm Binned,488nm Binned_Seq0119.nd2",49692672,405nm Binned|561nm Binned|488nm Binned,Seq0119
J12,J,12,PLD3_TMEM106B_mCherry_primary,True,25,"/Users/pmihack/claire/tmem_2026/data/260213_Feb16recopy_HYdiff_landingpadlines_survival_384well1/20260305_171612_406/260305_day25_iNeurons_WellJ12_Channel405nm Binned,561nm Binned,488nm Binned_Seq0119.nd2","260305_day25_iNeurons_WellJ12_Channel405nm Binned,561nm Binned,488nm Binned_Seq0119.nd2",49688576,405nm Binned|561nm Binned|488nm Binned,Seq0119
J12,J,12,PLD3_TMEM106B_mCherry_primary,True,29,"/Users/pmihack/claire/tmem_2026/data/260213_Feb16recopy_HYdiff_landingpadlines_survival_384well1/20260309_090353_210/260309_Day29_WellJ12_Channel405nm Binned,561nm Binned,488nm Binned_Seq0119.nd2","260309_Day29_WellJ12_Channel405nm Binned,561nm Binned,488nm Binned_Seq0119.nd2",49688576,405nm Binned|561nm Binned|488nm Binned,Seq0119
J12,J,12,PLD3_TMEM106B_mCherry_primary,True,32,"/Users/pmihack/claire/tmem_2026/data/260213_Feb16recopy_HYdiff_landingpadlines_survival_384well1/20260312_083635_497/260312_Day32_WellJ12_Channel405nm Binned,561 nm,488nm Binned_Seq0119.nd2","260312_Day32_WellJ12_Channel405nm Binned,561 nm,488nm Binned_Seq0119.nd2",49688576,405nm Binned|561 nm|488nm Binned,Seq0119
J12,J,12,PLD3_TMEM106B_mCherry_primary,True,36,"/Users/pmihack/claire/tmem_2026/data/260213_Feb16recopy_HYdiff_landingpadlines_survival_384well1/20260316_093139_667/260316_Day36_WellJ12_Channel405nm Binned,561nm Binned,488nm Binned_Seq0119.nd2","260316_Day36_WellJ12_Channel405nm Binned,561nm Binned,488nm Binned_Seq0119.nd2",49700864,405nm Binned|561nm Binned|488nm Binned,Seq0119
J12,J,12,PLD3_TMEM106B_mCherry_primary,True,39,"/Users/pmihack/claire/tmem_2026/data/260213_Feb16recopy_HYdiff_landingpadlines_survival_384well1/20260319_083746_585/260319_Day39_WellJ12_Channel405nm Binned,561nm Binned,488nm Binned_Seq0119.nd2","260319_Day39_WellJ12_Channel405nm Binned,561nm Binned,488nm Binned_Seq0119.nd2",49692672,405nm Binned|561nm Binned|488nm Binned,Seq0119
J13,J,13,PLD3_TMEM106B_mCherry_primary,True,8,"/Users/pmihack/claire/tmem_2026/data/260213_Feb16recopy_HYdiff_landingpadlines_survival_384well1/20260216_084435_959/260216_Day8_iNeurons_WellJ13_Channel405nm Binned,561nm Binned,488nm Binned_Seq0120.nd2","260216_Day8_iNeurons_WellJ13_Channel405nm Binned,561nm Binned,488nm Binned_Seq0120.nd2",49692672,405nm Binned|561nm Binned|488nm Binned,Seq0120
J13,J,13,PLD3_TMEM106B_mCherry_primary,True,12,"/Users/pmihack/claire/tmem_2026/data/260213_Feb16recopy_HYdiff_landingpadlines_survival_384well1/20260220_085237_196/260220_Day12_WellJ13_Channel405nm Binned,561nm Binned,488nm Binned_Seq0120.nd2","260220_Day12_WellJ13_Channel405nm Binned,561nm Binned,488nm Binned_Seq0120.nd2",49692672,405nm Binned|561nm Binned|488nm Binned,Seq0120
J13,J,13,PLD3_TMEM106B_mCherry_primary,True,16,"/Users/pmihack/claire/tmem_2026/data/260213_Feb16recopy_HYdiff_landingpadlines_survival_384well1/20260224_090320_759/260224_day16_WellJ13_Channel405nm Binned,561nm Binned,488nm Binned_Seq0120.nd2","260224_day16_WellJ13_Channel405nm Binned,561nm Binned,488nm Binned_Seq0120.nd2",49692672,405nm Binned|561nm Binned|488nm Binned,Seq0120
J13,J,13,PLD3_TMEM106B_mCherry_primary,True,20,"/Users/pmihack/claire/tmem_2026/data/260213_Feb16recopy_HYdiff_landingpadlines_survival_384well1/20260228_090815_318/260228_day20_WellJ13_Channel405nm Binned,561nm Binned,488nm Binned_Seq0120.nd2","260228_day20_WellJ13_Channel405nm Binned,561nm Binned,488nm Binned_Seq0120.nd2",49692672,405nm Binned|561nm Binned|488nm Binned,Seq0120
J13,J,13,PLD3_TMEM106B_mCherry_primary,True,25,"/Users/pmihack/claire/tmem_2026/data/260213_Feb16recopy_HYdiff_landingpadlines_survival_384well1/20260305_171612_406/260305_day25_iNeurons_WellJ13_Channel405nm Binned,561nm Binned,488nm Binned_Seq0120.nd2","260305_day25_iNeurons_WellJ13_Channel405nm Binned,561nm Binned,488nm Binned_Seq0120.nd2",49688576,405nm Binned|561nm Binned|488nm Binned,Seq0120
J13,J,13,PLD3_TMEM106B_mCherry_primary,True,29,"/Users/pmihack/claire/tmem_2026/data/260213_Feb16recopy_HYdiff_landingpadlines_survival_384well1/20260309_090353_210/260309_Day29_WellJ13_Channel405nm Binned,561nm Binned,488nm Binned_Seq0120.nd2","260309_Day29_WellJ13_Channel405nm Binned,561nm Binned,488nm Binned_Seq0120.nd2",49688576,405nm Binned|561nm Binned|488nm Binned,Seq0120
J13,J,13,PLD3_TMEM106B_mCherry_primary,True,32,"/Users/pmihack/claire/tmem_2026/data/260213_Feb16recopy_HYdiff_landingpadlines_survival_384well1/20260312_083635_497/260312_Day32_WellJ13_Channel405nm Binned,561 nm,488nm Binned_Seq0120.nd2","260312_Day32_WellJ13_Channel405nm Binned,561 nm,488nm Binned_Seq0120.nd2",49688576,405nm Binned|561 nm|488nm Binned,Seq0120
J13,J,13,PLD3_TMEM106B_mCherry_primary,True,36,"/Users/pmihack/claire/tmem_2026/data/260213_Feb16recopy_HYdiff_landingpadlines_survival_384well1/20260316_093139_667/260316_Day36_WellJ13_Channel405nm Binned,561nm Binned,488nm Binned_Seq0120.nd2","260316_Day36_WellJ13_Channel405nm Binned,561nm Binned,488nm Binned_Seq0120.nd2",49700864,405nm Binned|561nm Binned|488nm Binned,Seq0120
J13,J,13,PLD3_TMEM106B_mCherry_primary,True,39,"/Users/pmihack/claire/tmem_2026/data/260213_Feb16recopy_HYdiff_landingpadlines_survival_384well1/20260319_083746_585/260319_Day39_WellJ13_Channel405nm Binned,561nm Binned,488nm Binned_Seq0120.nd2","260319_Day39_WellJ13_Channel405nm Binned,561nm Binned,488nm Binned_Seq0120.nd2",49692672,405nm Binned|561nm Binned|488nm Binned,Seq0120
J14,J,14,PLD3_TMEM106B_mCherry_primary,True,8,"/Users/pmihack/claire/tmem_2026/data/260213_Feb16recopy_HYdiff_landingpadlines_survival_384well1/20260216_084435_959/260216_Day8_iNeurons_WellJ14_Channel405nm Binned,561nm Binned,488nm Binned_Seq0121.nd2","260216_Day8_iNeurons_WellJ14_Channel405nm Binned,561nm Binned,488nm Binned_Seq0121.nd2",49692672,405nm Binned|561nm Binned|488nm Binned,Seq0121
J14,J,14,PLD3_TMEM106B_mCherry_primary,True,12,"/Users/pmihack/claire/tmem_2026/data/260213_Feb16recopy_HYdiff_landingpadlines_survival_384well1/20260220_085237_196/260220_Day12_WellJ14_Channel405nm Binned,561nm Binned,488nm Binned_Seq0121.nd2","260220_Day12_WellJ14_Channel405nm Binned,561nm Binned,488nm Binned_Seq0121.nd2",49692672,405nm Binned|561nm Binned|488nm Binned,Seq0121
J14,J,14,PLD3_TMEM106B_mCherry_primary,True,16,"/Users/pmihack/claire/tmem_2026/data/260213_Feb16recopy_HYdiff_landingpadlines_survival_384well1/20260224_090320_759/260224_day16_WellJ14_Channel405nm Binned,561nm Binned,488nm Binned_Seq0121.nd2","260224_day16_WellJ14_Channel405nm Binned,561nm Binned,488nm Binned_Seq0121.nd2",49692672,405nm Binned|561nm Binned|488nm Binned,Seq0121
J14,J,14,PLD3_TMEM106B_mCherry_primary,True,20,"/Users/pmihack/claire/tmem_2026/data/260213_Feb16recopy_HYdiff_landingpadlines_survival_384well1/20260228_090815_318/260228_day20_WellJ14_Channel405nm Binned,561nm Binned,488nm Binned_Seq0121.nd2","260228_day20_WellJ14_Channel405nm Binned,561nm Binned,488nm Binned_Seq0121.nd2",49692672,405nm Binned|561nm Binned|488nm Binned,Seq0121
J14,J,14,PLD3_TMEM106B_mCherry_primary,True,25,"/Users/pmihack/claire/tmem_2026/data/260213_Feb16recopy_HYdiff_landingpadlines_survival_384well1/20260305_171612_406/260305_day25_iNeurons_WellJ14_Channel405nm Binned,561nm Binned,488nm Binned_Seq0121.nd2","260305_day25_iNeurons_WellJ14_Channel405nm Binned,561nm Binned,488nm Binned_Seq0121.nd2",49688576,405nm Binned|561nm Binned|488nm Binned,Seq0121
J14,J,14,PLD3_TMEM106B_mCherry_primary,True,29,"/Users/pmihack/claire/tmem_2026/data/260213_Feb16recopy_HYdiff_landingpadlines_survival_384well1/20260309_090353_210/260309_Day29_WellJ14_Channel405nm Binned,561nm Binned,488nm Binned_Seq0121.nd2","260309_Day29_WellJ14_Channel405nm Binned,561nm Binned,488nm Binned_Seq0121.nd2",49688576,405nm Binned|561nm Binned|488nm Binned,Seq0121
J14,J,14,PLD3_TMEM106B_mCherry_primary,True,32,"/Users/pmihack/claire/tmem_2026/data/260213_Feb16recopy_HYdiff_landingpadlines_survival_384well1/20260312_083635_497/260312_Day32_WellJ14_Channel405nm Binned,561 nm,488nm Binned_Seq0121.nd2","260312_Day32_WellJ14_Channel405nm Binned,561 nm,488nm Binned_Seq0121.nd2",49688576,405nm Binned|561 nm|488nm Binned,Seq0121
J14,J,14,PLD3_TMEM106B_mCherry_primary,True,36,"/Users/pmihack/claire/tmem_2026/data/260213_Feb16recopy_HYdiff_landingpadlines_survival_384well1/20260316_093139_667/260316_Day36_WellJ14_Channel405nm Binned,561nm Binned,488nm Binned_Seq0121.nd2","260316_Day36_WellJ14_Channel405nm Binned,561nm Binned,488nm Binned_Seq0121.nd2",49700864,405nm Binned|561nm Binned|488nm Binned,Seq0121
J14,J,14,PLD3_TMEM106B_mCherry_primary,True,39,"/Users/pmihack/claire/tmem_2026/data/260213_Feb16recopy_HYdiff_landingpadlines_survival_384well1/20260319_083746_585/260319_Day39_WellJ14_Channel405nm Binned,561nm Binned,488nm Binned_Seq0121.nd2","260319_Day39_WellJ14_Channel405nm Binned,561nm Binned,488nm Binned_Seq0121.nd2",49692672,405nm Binned|561nm Binned|488nm Binned,Seq0121
J15,J,15,PLD3_TMEM106B_mCherry_primary,True,8,"/Users/pmihack/claire/tmem_2026/data/260213_Feb16recopy_HYdiff_landingpadlines_survival_384well1/20260216_084435_959/260216_Day8_iNeurons_WellJ15_Channel405nm Binned,561nm Binned,488nm Binned_Seq0122.nd2","260216_Day8_iNeurons_WellJ15_Channel405nm Binned,561nm Binned,488nm Binned_Seq0122.nd2",49692672,405nm Binned|561nm Binned|488nm Binned,Seq0122
J15,J,15,PLD3_TMEM106B_mCherry_primary,True,12,"/Users/pmihack/claire/tmem_2026/data/260213_Feb16recopy_HYdiff_landingpadlines_survival_384well1/20260220_085237_196/260220_Day12_WellJ15_Channel405nm Binned,561nm Binned,488nm Binned_Seq0122.nd2","260220_Day12_WellJ15_Channel405nm Binned,561nm Binned,488nm Binned_Seq0122.nd2",49692672,405nm Binned|561nm Binned|488nm Binned,Seq0122
J15,J,15,PLD3_TMEM106B_mCherry_primary,True,16,"/Users/pmihack/claire/tmem_2026/data/260213_Feb16recopy_HYdiff_landingpadlines_survival_384well1/20260224_090320_759/260224_day16_WellJ15_Channel405nm Binned,561nm Binned,488nm Binned_Seq0122.nd2","260224_day16_WellJ15_Channel405nm Binned,561nm Binned,488nm Binned_Seq0122.nd2",49692672,405nm Binned|561nm Binned|488nm Binned,Seq0122
J15,J,15,PLD3_TMEM106B_mCherry_primary,True,20,"/Users/pmihack/claire/tmem_2026/data/260213_Feb16recopy_HYdiff_landingpadlines_survival_384well1/20260228_090815_318/260228_day20_WellJ15_Channel405nm Binned,561nm Binned,488nm Binned_Seq0122.nd2","260228_day20_WellJ15_Channel405nm Binned,561nm Binned,488nm Binned_Seq0122.nd2",49692672,405nm Binned|561nm Binned|488nm Binned,Seq0122
J15,J,15,PLD3_TMEM106B_mCherry_primary,True,25,"/Users/pmihack/claire/tmem_2026/data/260213_Feb16recopy_HYdiff_landingpadlines_survival_384well1/20260305_171612_406/260305_day25_iNeurons_WellJ15_Channel405nm Binned,561nm Binned,488nm Binned_Seq0122.nd2","260305_day25_iNeurons_WellJ15_Channel405nm Binned,561nm Binned,488nm Binned_Seq0122.nd2",49688576,405nm Binned|561nm Binned|488nm Binned,Seq0122
J15,J,15,PLD3_TMEM106B_mCherry_primary,True,29,"/Users/pmihack/claire/tmem_2026/data/260213_Feb16recopy_HYdiff_landingpadlines_survival_384well1/20260309_090353_210/260309_Day29_WellJ15_Channel405nm Binned,561nm Binned,488nm Binned_Seq0122.nd2","260309_Day29_WellJ15_Channel405nm Binned,561nm Binned,488nm Binned_Seq0122.nd2",49688576,405nm Binned|561nm Binned|488nm Binned,Seq0122
J15,J,15,PLD3_TMEM106B_mCherry_primary,True,32,"/Users/pmihack/claire/tmem_2026/data/260213_Feb16recopy_HYdiff_landingpadlines_survival_384well1/20260312_083635_497/260312_Day32_WellJ15_Channel405nm Binned,561 nm,488nm Binned_Seq0122.nd2","260312_Day32_WellJ15_Channel405nm Binned,561 nm,488nm Binned_Seq0122.nd2",49688576,405nm Binned|561 nm|488nm Binned,Seq0122
J15,J,15,PLD3_TMEM106B_mCherry_primary,True,36,"/Users/pmihack/claire/tmem_2026/data/260213_Feb16recopy_HYdiff_landingpadlines_survival_384well1/20260316_093139_667/260316_Day36_WellJ15_Channel405nm Binned,561nm Binned,488nm Binned_Seq0122.nd2","260316_Day36_WellJ15_Channel405nm Binned,561nm Binned,488nm Binned_Seq0122.nd2",49700864,405nm Binned|561nm Binned|488nm Binned,Seq0122
J15,J,15,PLD3_TMEM106B_mCherry_primary,True,39,"/Users/pmihack/claire/tmem_2026/data/260213_Feb16recopy_HYdiff_landingpadlines_survival_384well1/20260319_083746_585/260319_Day39_WellJ15_Channel405nm Binned,561nm Binned,488nm Binned_Seq0122.nd2","260319_Day39_WellJ15_Channel405nm Binned,561nm Binned,488nm Binned_Seq0122.nd2",49692672,405nm Binned|561nm Binned|488nm Binned,Seq0122
J16,J,16,PLD3_TMEM106B_mCherry_primary,True,8,"/Users/pmihack/claire/tmem_2026/data/260213_Feb16recopy_HYdiff_landingpadlines_survival_384well1/20260216_084435_959/260216_Day8_iNeurons_WellJ16_Channel405nm Binned,561nm Binned,488nm Binned_Seq0123.nd2","260216_Day8_iNeurons_WellJ16_Channel405nm Binned,561nm Binned,488nm Binned_Seq0123.nd2",49692672,405nm Binned|561nm Binned|488nm Binned,Seq0123
J16,J,16,PLD3_TMEM106B_mCherry_primary,True,12,"/Users/pmihack/claire/tmem_2026/data/260213_Feb16recopy_HYdiff_landingpadlines_survival_384well1/20260220_085237_196/260220_Day12_WellJ16_Channel405nm Binned,561nm Binned,488nm Binned_Seq0123.nd2","260220_Day12_WellJ16_Channel405nm Binned,561nm Binned,488nm Binned_Seq0123.nd2",49692672,405nm Binned|561nm Binned|488nm Binned,Seq0123
J16,J,16,PLD3_TMEM106B_mCherry_primary,True,16,"/Users/pmihack/claire/tmem_2026/data/260213_Feb16recopy_HYdiff_landingpadlines_survival_384well1/20260224_090320_759/260224_day16_WellJ16_Channel405nm Binned,561nm Binned,488nm Binned_Seq0123.nd2","260224_day16_WellJ16_Channel405nm Binned,561nm Binned,488nm Binned_Seq0123.nd2",49692672,405nm Binned|561nm Binned|488nm Binned,Seq0123
J16,J,16,PLD3_TMEM106B_mCherry_primary,True,20,"/Users/pmihack/claire/tmem_2026/data/260213_Feb16recopy_HYdiff_landingpadlines_survival_384well1/20260228_090815_318/260228_day20_WellJ16_Channel405nm Binned,561nm Binned,488nm Binned_Seq0123.nd2","260228_day20_WellJ16_Channel405nm Binned,561nm Binned,488nm Binned_Seq0123.nd2",49692672,405nm Binned|561nm Binned|488nm Binned,Seq0123
J16,J,16,PLD3_TMEM106B_mCherry_primary,True,25,"/Users/pmihack/claire/tmem_2026/data/260213_Feb16recopy_HYdiff_landingpadlines_survival_384well1/20260305_171612_406/260305_day25_iNeurons_WellJ16_Channel405nm Binned,561nm Binned,488nm Binned_Seq0123.nd2","260305_day25_iNeurons_WellJ16_Channel405nm Binned,561nm Binned,488nm Binned_Seq0123.nd2",49688576,405nm Binned|561nm Binned|488nm Binned,Seq0123
J16,J,16,PLD3_TMEM106B_mCherry_primary,True,29,"/Users/pmihack/claire/tmem_2026/data/260213_Feb16recopy_HYdiff_landingpadlines_survival_384well1/20260309_090353_210/260309_Day29_WellJ16_Channel405nm Binned,561nm Binned,488nm Binned_Seq0123.nd2","260309_Day29_WellJ16_Channel405nm Binned,561nm Binned,488nm Binned_Seq0123.nd2",49688576,405nm Binned|561nm Binned|488nm Binned,Seq0123
J16,J,16,PLD3_TMEM106B_mCherry_primary,True,32,"/Users/pmihack/claire/tmem_2026/data/260213_Feb16recopy_HYdiff_landingpadlines_survival_384well1/20260312_083635_497/260312_Day32_WellJ16_Channel405nm Binned,561 nm,488nm Binned_Seq0123.nd2","260312_Day32_WellJ16_Channel405nm Binned,561 nm,488nm Binned_Seq0123.nd2",49688576,405nm Binned|561 nm|488nm Binned,Seq0123
J16,J,16,PLD3_TMEM106B_mCherry_primary,True,36,"/Users/pmihack/claire/tmem_2026/data/260213_Feb16recopy_HYdiff_landingpadlines_survival_384well1/20260316_093139_667/260316_Day36_WellJ16_Channel405nm Binned,561nm Binned,488nm Binned_Seq0123.nd2","260316_Day36_WellJ16_Channel405nm Binned,561nm Binned,488nm Binned_Seq0123.nd2",49700864,405nm Binned|561nm Binned|488nm Binned,Seq0123
J16,J,16,PLD3_TMEM106B_mCherry_primary,True,39,"/Users/pmihack/claire/tmem_2026/data/260213_Feb16recopy_HYdiff_landingpadlines_survival_384well1/20260319_083746_585/260319_Day39_WellJ16_Channel405nm Binned,561nm Binned,488nm Binned_Seq0123.nd2","260319_Day39_WellJ16_Channel405nm Binned,561nm Binned,488nm Binned_Seq0123.nd2",49692672,405nm Binned|561nm Binned|488nm Binned,Seq0123
J17,J,17,PLD3_TMEM106B_mCherry_primary,True,8,"/Users/pmihack/claire/tmem_2026/data/260213_Feb16recopy_HYdiff_landingpadlines_survival_384well1/20260216_084435_959/260216_Day8_iNeurons_WellJ17_Channel405nm Binned,561nm Binned,488nm Binned_Seq0124.nd2","260216_Day8_iNeurons_WellJ17_Channel405nm Binned,561nm Binned,488nm Binned_Seq0124.nd2",49692672,405nm Binned|561nm Binned|488nm Binned,Seq0124
J17,J,17,PLD3_TMEM106B_mCherry_primary,True,12,"/Users/pmihack/claire/tmem_2026/data/260213_Feb16recopy_HYdiff_landingpadlines_survival_384well1/20260220_085237_196/260220_Day12_WellJ17_Channel405nm Binned,561nm Binned,488nm Binned_Seq0124.nd2","260220_Day12_WellJ17_Channel405nm Binned,561nm Binned,488nm Binned_Seq0124.nd2",49692672,405nm Binned|561nm Binned|488nm Binned,Seq0124
J17,J,17,PLD3_TMEM106B_mCherry_primary,True,16,"/Users/pmihack/claire/tmem_2026/data/260213_Feb16recopy_HYdiff_landingpadlines_survival_384well1/20260224_090320_759/260224_day16_WellJ17_Channel405nm Binned,561nm Binned,488nm Binned_Seq0124.nd2","260224_day16_WellJ17_Channel405nm Binned,561nm Binned,488nm Binned_Seq0124.nd2",49692672,405nm Binned|561nm Binned|488nm Binned,Seq0124
J17,J,17,PLD3_TMEM106B_mCherry_primary,True,20,"/Users/pmihack/claire/tmem_2026/data/260213_Feb16recopy_HYdiff_landingpadlines_survival_384well1/20260228_090815_318/260228_day20_WellJ17_Channel405nm Binned,561nm Binned,488nm Binned_Seq0124.nd2","260228_day20_WellJ17_Channel405nm Binned,561nm Binned,488nm Binned_Seq0124.nd2",49692672,405nm Binned|561nm Binned|488nm Binned,Seq0124
J17,J,17,PLD3_TMEM106B_mCherry_primary,True,25,"/Users/pmihack/claire/tmem_2026/data/260213_Feb16recopy_HYdiff_landingpadlines_survival_384well1/20260305_171612_406/260305_day25_iNeurons_WellJ17_Channel405nm Binned,561nm Binned,488nm Binned_Seq0124.nd2","260305_day25_iNeurons_WellJ17_Channel405nm Binned,561nm Binned,488nm Binned_Seq0124.nd2",49688576,405nm Binned|561nm Binned|488nm Binned,Seq0124
J17,J,17,PLD3_TMEM106B_mCherry_primary,True,29,"/Users/pmihack/claire/tmem_2026/data/260213_Feb16recopy_HYdiff_landingpadlines_survival_384well1/20260309_090353_210/260309_Day29_WellJ17_Channel405nm Binned,561nm Binned,488nm Binned_Seq0124.nd2","260309_Day29_WellJ17_Channel405nm Binned,561nm Binned,488nm Binned_Seq0124.nd2",49688576,405nm Binned|561nm Binned|488nm Binned,Seq0124
J17,J,17,PLD3_TMEM106B_mCherry_primary,True,32,"/Users/pmihack/claire/tmem_2026/data/260213_Feb16recopy_HYdiff_landingpadlines_survival_384well1/20260312_083635_497/260312_Day32_WellJ17_Channel405nm Binned,561 nm,488nm Binned_Seq0124.nd2","260312_Day32_WellJ17_Channel405nm Binned,561 nm,488nm Binned_Seq0124.nd2",49688576,405nm Binned|561 nm|488nm Binned,Seq0124
J17,J,17,PLD3_TMEM106B_mCherry_primary,True,36,"/Users/pmihack/claire/tmem_2026/data/260213_Feb16recopy_HYdiff_landingpadlines_survival_384well1/20260316_093139_667/260316_Day36_WellJ17_Channel405nm Binned,561nm Binned,488nm Binned_Seq0124.nd2","260316_Day36_WellJ17_Channel405nm Binned,561nm Binned,488nm Binned_Seq0124.nd2",49700864,405nm Binned|561nm Binned|488nm Binned,Seq0124
J17,J,17,PLD3_TMEM106B_mCherry_primary,True,39,"/Users/pmihack/claire/tmem_2026/data/260213_Feb16recopy_HYdiff_landingpadlines_survival_384well1/20260319_083746_585/260319_Day39_WellJ17_Channel405nm Binned,561nm Binned,488nm Binned_Seq0124.nd2","260319_Day39_WellJ17_Channel405nm Binned,561nm Binned,488nm Binned_Seq0124.nd2",49692672,405nm Binned|561nm Binned|488nm Binned,Seq0124
J18,J,18,PLD3_TMEM106B_mCherry_primary,True,8,"/Users/pmihack/claire/tmem_2026/data/260213_Feb16recopy_HYdiff_landingpadlines_survival_384well1/20260216_084435_959/260216_Day8_iNeurons_WellJ18_Channel405nm Binned,561nm Binned,488nm Binned_Seq0125.nd2","260216_Day8_iNeurons_WellJ18_Channel405nm Binned,561nm Binned,488nm Binned_Seq0125.nd2",49692672,405nm Binned|561nm Binned|488nm Binned,Seq0125
J18,J,18,PLD3_TMEM106B_mCherry_primary,True,12,"/Users/pmihack/claire/tmem_2026/data/260213_Feb16recopy_HYdiff_landingpadlines_survival_384well1/20260220_085237_196/260220_Day12_WellJ18_Channel405nm Binned,561nm Binned,488nm Binned_Seq0125.nd2","260220_Day12_WellJ18_Channel405nm Binned,561nm Binned,488nm Binned_Seq0125.nd2",49692672,405nm Binned|561nm Binned|488nm Binned,Seq0125
J18,J,18,PLD3_TMEM106B_mCherry_primary,True,16,"/Users/pmihack/claire/tmem_2026/data/260213_Feb16recopy_HYdiff_landingpadlines_survival_384well1/20260224_090320_759/260224_day16_WellJ18_Channel405nm Binned,561nm Binned,488nm Binned_Seq0125.nd2","260224_day16_WellJ18_Channel405nm Binned,561nm Binned,488nm Binned_Seq0125.nd2",49692672,405nm Binned|561nm Binned|488nm Binned,Seq0125
J18,J,18,PLD3_TMEM106B_mCherry_primary,True,20,"/Users/pmihack/claire/tmem_2026/data/260213_Feb16recopy_HYdiff_landingpadlines_survival_384well1/20260228_090815_318/260228_day20_WellJ18_Channel405nm Binned,561nm Binned,488nm Binned_Seq0125.nd2","260228_day20_WellJ18_Channel405nm Binned,561nm Binned,488nm Binned_Seq0125.nd2",49692672,405nm Binned|561nm Binned|488nm Binned,Seq0125
J18,J,18,PLD3_TMEM106B_mCherry_primary,True,25,"/Users/pmihack/claire/tmem_2026/data/260213_Feb16recopy_HYdiff_landingpadlines_survival_384well1/20260305_171612_406/260305_day25_iNeurons_WellJ18_Channel405nm Binned,561nm Binned,488nm Binned_Seq0125.nd2","260305_day25_iNeurons_WellJ18_Channel405nm Binned,561nm Binned,488nm Binned_Seq0125.nd2",49688576,405nm Binned|561nm Binned|488nm Binned,Seq0125
J18,J,18,PLD3_TMEM106B_mCherry_primary,True,29,"/Users/pmihack/claire/tmem_2026/data/260213_Feb16recopy_HYdiff_landingpadlines_survival_384well1/20260309_090353_210/260309_Day29_WellJ18_Channel405nm Binned,561nm Binned,488nm Binned_Seq0125.nd2","260309_Day29_WellJ18_Channel405nm Binned,561nm Binned,488nm Binned_Seq0125.nd2",49688576,405nm Binned|561nm Binned|488nm Binned,Seq0125
J18,J,18,PLD3_TMEM106B_mCherry_primary,True,32,"/Users/pmihack/claire/tmem_2026/data/260213_Feb16recopy_HYdiff_landingpadlines_survival_384well1/20260312_083635_497/260312_Day32_WellJ18_Channel405nm Binned,561 nm,488nm Binned_Seq0125.nd2","260312_Day32_WellJ18_Channel405nm Binned,561 nm,488nm Binned_Seq0125.nd2",49688576,405nm Binned|561 nm|488nm Binned,Seq0125
J18,J,18,PLD3_TMEM106B_mCherry_primary,True,36,"/Users/pmihack/claire/tmem_2026/data/260213_Feb16recopy_HYdiff_landingpadlines_survival_384well1/20260316_093139_667/260316_Day36_WellJ18_Channel405nm Binned,561nm Binned,488nm Binned_Seq0125.nd2","260316_Day36_WellJ18_Channel405nm Binned,561nm Binned,488nm Binned_Seq0125.nd2",49700864,405nm Binned|561nm Binned|488nm Binned,Seq0125
J18,J,18,PLD3_TMEM106B_mCherry_primary,True,39,"/Users/pmihack/claire/tmem_2026/data/260213_Feb16recopy_HYdiff_landingpadlines_survival_384well1/20260319_083746_585/260319_Day39_WellJ18_Channel405nm Binned,561nm Binned,488nm Binned_Seq0125.nd2","260319_Day39_WellJ18_Channel405nm Binned,561nm Binned,488nm Binned_Seq0125.nd2",49692672,405nm Binned|561nm Binned|488nm Binned,Seq0125
J19,J,19,PLD3_TMEM106B_mCherry_primary,True,8,"/Users/pmihack/claire/tmem_2026/data/260213_Feb16recopy_HYdiff_landingpadlines_survival_384well1/20260216_084435_959/260216_Day8_iNeurons_WellJ19_Channel405nm Binned,561nm Binned,488nm Binned_Seq0126.nd2","260216_Day8_iNeurons_WellJ19_Channel405nm Binned,561nm Binned,488nm Binned_Seq0126.nd2",49692672,405nm Binned|561nm Binned|488nm Binned,Seq0126
J19,J,19,PLD3_TMEM106B_mCherry_primary,True,12,"/Users/pmihack/claire/tmem_2026/data/260213_Feb16recopy_HYdiff_landingpadlines_survival_384well1/20260220_085237_196/260220_Day12_WellJ19_Channel405nm Binned,561nm Binned,488nm Binned_Seq0126.nd2","260220_Day12_WellJ19_Channel405nm Binned,561nm Binned,488nm Binned_Seq0126.nd2",49692672,405nm Binned|561nm Binned|488nm Binned,Seq0126
J19,J,19,PLD3_TMEM106B_mCherry_primary,True,16,"/Users/pmihack/claire/tmem_2026/data/260213_Feb16recopy_HYdiff_landingpadlines_survival_384well1/20260224_090320_759/260224_day16_WellJ19_Channel405nm Binned,561nm Binned,488nm Binned_Seq0126.nd2","260224_day16_WellJ19_Channel405nm Binned,561nm Binned,488nm Binned_Seq0126.nd2",49692672,405nm Binned|561nm Binned|488nm Binned,Seq0126
J19,J,19,PLD3_TMEM106B_mCherry_primary,True,20,"/Users/pmihack/claire/tmem_2026/data/260213_Feb16recopy_HYdiff_landingpadlines_survival_384well1/20260228_090815_318/260228_day20_WellJ19_Channel405nm Binned,561nm Binned,488nm Binned_Seq0126.nd2","260228_day20_WellJ19_Channel405nm Binned,561nm Binned,488nm Binned_Seq0126.nd2",49692672,405nm Binned|561nm Binned|488nm Binned,Seq0126
J19,J,19,PLD3_TMEM106B_mCherry_primary,True,25,"/Users/pmihack/claire/tmem_2026/data/260213_Feb16recopy_HYdiff_landingpadlines_survival_384well1/20260305_171612_406/260305_day25_iNeurons_WellJ19_Channel405nm Binned,561nm Binned,488nm Binned_Seq0126.nd2","260305_day25_iNeurons_WellJ19_Channel405nm Binned,561nm Binned,488nm Binned_Seq0126.nd2",49688576,405nm Binned|561nm Binned|488nm Binned,Seq0126
J19,J,19,PLD3_TMEM106B_mCherry_primary,True,29,"/Users/pmihack/claire/tmem_2026/data/260213_Feb16recopy_HYdiff_landingpadlines_survival_384well1/20260309_090353_210/260309_Day29_WellJ19_Channel405nm Binned,561nm Binned,488nm Binned_Seq0126.nd2","260309_Day29_WellJ19_Channel405nm Binned,561nm Binned,488nm Binned_Seq0126.nd2",49688576,405nm Binned|561nm Binned|488nm Binned,Seq0126
J19,J,19,PLD3_TMEM106B_mCherry_primary,True,32,"/Users/pmihack/claire/tmem_2026/data/260213_Feb16recopy_HYdiff_landingpadlines_survival_384well1/20260312_083635_497/260312_Day32_WellJ19_Channel405nm Binned,561 nm,488nm Binned_Seq0126.nd2","260312_Day32_WellJ19_Channel405nm Binned,561 nm,488nm Binned_Seq0126.nd2",49688576,405nm Binned|561 nm|488nm Binned,Seq0126
J19,J,19,PLD3_TMEM106B_mCherry_primary,True,36,"/Users/pmihack/claire/tmem_2026/data/260213_Feb16recopy_HYdiff_landingpadlines_survival_384well1/20260316_093139_667/260316_Day36_WellJ19_Channel405nm Binned,561nm Binned,488nm Binned_Seq0126.nd2","260316_Day36_WellJ19_Channel405nm Binned,561nm Binned,488nm Binned_Seq0126.nd2",49700864,405nm Binned|561nm Binned|488nm Binned,Seq0126
J19,J,19,PLD3_TMEM106B_mCherry_primary,True,39,"/Users/pmihack/claire/tmem_2026/data/260213_Feb16recopy_HYdiff_landingpadlines_survival_384well1/20260319_083746_585/260319_Day39_WellJ19_Channel405nm Binned,561nm Binned,488nm Binned_Seq0126.nd2","260319_Day39_WellJ19_Channel405nm Binned,561nm Binned,488nm Binned_Seq0126.nd2",49692672,405nm Binned|561nm Binned|488nm Binned,Seq0126
J20,J,20,PLD3_TMEM106B_mCherry_primary,True,8,"/Users/pmihack/claire/tmem_2026/data/260213_Feb16recopy_HYdiff_landingpadlines_survival_384well1/20260216_084435_959/260216_Day8_iNeurons_WellJ20_Channel405nm Binned,561nm Binned,488nm Binned_Seq0127.nd2","260216_Day8_iNeurons_WellJ20_Channel405nm Binned,561nm Binned,488nm Binned_Seq0127.nd2",49692672,405nm Binned|561nm Binned|488nm Binned,Seq0127
J20,J,20,PLD3_TMEM106B_mCherry_primary,True,12,"/Users/pmihack/claire/tmem_2026/data/260213_Feb16recopy_HYdiff_landingpadlines_survival_384well1/20260220_085237_196/260220_Day12_WellJ20_Channel405nm Binned,561nm Binned,488nm Binned_Seq0127.nd2","260220_Day12_WellJ20_Channel405nm Binned,561nm Binned,488nm Binned_Seq0127.nd2",49692672,405nm Binned|561nm Binned|488nm Binned,Seq0127
J20,J,20,PLD3_TMEM106B_mCherry_primary,True,16,"/Users/pmihack/claire/tmem_2026/data/260213_Feb16recopy_HYdiff_landingpadlines_survival_384well1/20260224_090320_759/260224_day16_WellJ20_Channel405nm Binned,561nm Binned,488nm Binned_Seq0127.nd2","260224_day16_WellJ20_Channel405nm Binned,561nm Binned,488nm Binned_Seq0127.nd2",49692672,405nm Binned|561nm Binned|488nm Binned,Seq0127
J20,J,20,PLD3_TMEM106B_mCherry_primary,True,20,"/Users/pmihack/claire/tmem_2026/data/260213_Feb16recopy_HYdiff_landingpadlines_survival_384well1/20260228_090815_318/260228_day20_WellJ20_Channel405nm Binned,561nm Binned,488nm Binned_Seq0127.nd2","260228_day20_WellJ20_Channel405nm Binned,561nm Binned,488nm Binned_Seq0127.nd2",49692672,405nm Binned|561nm Binned|488nm Binned,Seq0127
J20,J,20,PLD3_TMEM106B_mCherry_primary,True,25,"/Users/pmihack/claire/tmem_2026/data/260213_Feb16recopy_HYdiff_landingpadlines_survival_384well1/20260305_171612_406/260305_day25_iNeurons_WellJ20_Channel405nm Binned,561nm Binned,488nm Binned_Seq0127.nd2","260305_day25_iNeurons_WellJ20_Channel405nm Binned,561nm Binned,488nm Binned_Seq0127.nd2",49688576,405nm Binned|561nm Binned|488nm Binned,Seq0127
J20,J,20,PLD3_TMEM106B_mCherry_primary,True,29,"/Users/pmihack/claire/tmem_2026/data/260213_Feb16recopy_HYdiff_landingpadlines_survival_384well1/20260309_090353_210/260309_Day29_WellJ20_Channel405nm Binned,561nm Binned,488nm Binned_Seq0127.nd2","260309_Day29_WellJ20_Channel405nm Binned,561nm Binned,488nm Binned_Seq0127.nd2",49688576,405nm Binned|561nm Binned|488nm Binned,Seq0127
J20,J,20,PLD3_TMEM106B_mCherry_primary,True,32,"/Users/pmihack/claire/tmem_2026/data/260213_Feb16recopy_HYdiff_landingpadlines_survival_384well1/20260312_083635_497/260312_Day32_WellJ20_Channel405nm Binned,561 nm,488nm Binned_Seq0127.nd2","260312_Day32_WellJ20_Channel405nm Binned,561 nm,488nm Binned_Seq0127.nd2",49688576,405nm Binned|561 nm|488nm Binned,Seq0127
J20,J,20,PLD3_TMEM106B_mCherry_primary,True,36,"/Users/pmihack/claire/tmem_2026/data/260213_Feb16recopy_HYdiff_landingpadlines_survival_384well1/20260316_093139_667/260316_Day36_WellJ20_Channel405nm Binned,561nm Binned,488nm Binned_Seq0127.nd2","260316_Day36_WellJ20_Channel405nm Binned,561nm Binned,488nm Binned_Seq0127.nd2",49700864,405nm Binned|561nm Binned|488nm Binned,Seq0127
J20,J,20,PLD3_TMEM106B_mCherry_primary,True,39,"/Users/pmihack/claire/tmem_2026/data/260213_Feb16recopy_HYdiff_landingpadlines_survival_384well1/20260319_083746_585/260319_Day39_WellJ20_Channel405nm Binned,561nm Binned,488nm Binned_Seq0127.nd2","260319_Day39_WellJ20_Channel405nm Binned,561nm Binned,488nm Binned_Seq0127.nd2",49692672,405nm Binned|561nm Binned|488nm Binned,Seq0127
K05,K,05,PLD3_only_no_mCherry,False,8,"/Users/pmihack/claire/tmem_2026/data/260213_Feb16recopy_HYdiff_landingpadlines_survival_384well1/20260216_084435_959/260216_Day8_iNeurons_WellK05_Channel405nm Binned,561nm Binned,488nm Binned_Seq0128.nd2","260216_Day8_iNeurons_WellK05_Channel405nm Binned,561nm Binned,488nm Binned_Seq0128.nd2",49692672,405nm Binned|561nm Binned|488nm Binned,Seq0128
K05,K,05,PLD3_only_no_mCherry,False,12,"/Users/pmihack/claire/tmem_2026/data/260213_Feb16recopy_HYdiff_landingpadlines_survival_384well1/20260220_085237_196/260220_Day12_WellK05_Channel405nm Binned,561nm Binned,488nm Binned_Seq0128.nd2","260220_Day12_WellK05_Channel405nm Binned,561nm Binned,488nm Binned_Seq0128.nd2",49692672,405nm Binned|561nm Binned|488nm Binned,Seq0128
K05,K,05,PLD3_only_no_mCherry,False,16,"/Users/pmihack/claire/tmem_2026/data/260213_Feb16recopy_HYdiff_landingpadlines_survival_384well1/20260224_090320_759/260224_day16_WellK05_Channel405nm Binned,561nm Binned,488nm Binned_Seq0128.nd2","260224_day16_WellK05_Channel405nm Binned,561nm Binned,488nm Binned_Seq0128.nd2",49692672,405nm Binned|561nm Binned|488nm Binned,Seq0128
K05,K,05,PLD3_only_no_mCherry,False,20,"/Users/pmihack/claire/tmem_2026/data/260213_Feb16recopy_HYdiff_landingpadlines_survival_384well1/20260228_090815_318/260228_day20_WellK05_Channel405nm Binned,561nm Binned,488nm Binned_Seq0128.nd2","260228_day20_WellK05_Channel405nm Binned,561nm Binned,488nm Binned_Seq0128.nd2",49692672,405nm Binned|561nm Binned|488nm Binned,Seq0128
K05,K,05,PLD3_only_no_mCherry,False,25,"/Users/pmihack/claire/tmem_2026/data/260213_Feb16recopy_HYdiff_landingpadlines_survival_384well1/20260305_171612_406/260305_day25_iNeurons_WellK05_Channel405nm Binned,561nm Binned,488nm Binned_Seq0128.nd2","260305_day25_iNeurons_WellK05_Channel405nm Binned,561nm Binned,488nm Binned_Seq0128.nd2",49688576,405nm Binned|561nm Binned|488nm Binned,Seq0128
K05,K,05,PLD3_only_no_mCherry,False,29,"/Users/pmihack/claire/tmem_2026/data/260213_Feb16recopy_HYdiff_landingpadlines_survival_384well1/20260309_090353_210/260309_Day29_WellK05_Channel405nm Binned,561nm Binned,488nm Binned_Seq0128.nd2","260309_Day29_WellK05_Channel405nm Binned,561nm Binned,488nm Binned_Seq0128.nd2",49688576,405nm Binned|561nm Binned|488nm Binned,Seq0128
K05,K,05,PLD3_only_no_mCherry,False,32,"/Users/pmihack/claire/tmem_2026/data/260213_Feb16recopy_HYdiff_landingpadlines_survival_384well1/20260312_083635_497/260312_Day32_WellK05_Channel405nm Binned,561 nm,488nm Binned_Seq0128.nd2","260312_Day32_WellK05_Channel405nm Binned,561 nm,488nm Binned_Seq0128.nd2",49688576,405nm Binned|561 nm|488nm Binned,Seq0128
K05,K,05,PLD3_only_no_mCherry,False,36,"/Users/pmihack/claire/tmem_2026/data/260213_Feb16recopy_HYdiff_landingpadlines_survival_384well1/20260316_093139_667/260316_Day36_WellK05_Channel405nm Binned,561nm Binned,488nm Binned_Seq0128.nd2","260316_Day36_WellK05_Channel405nm Binned,561nm Binned,488nm Binned_Seq0128.nd2",49700864,405nm Binned|561nm Binned|488nm Binned,Seq0128
K05,K,05,PLD3_only_no_mCherry,False,39,"/Users/pmihack/claire/tmem_2026/data/260213_Feb16recopy_HYdiff_landingpadlines_survival_384well1/20260319_083746_585/260319_Day39_WellK05_Channel405nm Binned,561nm Binned,488nm Binned_Seq0128.nd2","260319_Day39_WellK05_Channel405nm Binned,561nm Binned,488nm Binned_Seq0128.nd2",49692672,405nm Binned|561nm Binned|488nm Binned,Seq0128
K06,K,06,PLD3_only_no_mCherry,False,8,"/Users/pmihack/claire/tmem_2026/data/260213_Feb16recopy_HYdiff_landingpadlines_survival_384well1/20260216_084435_959/260216_Day8_iNeurons_WellK06_Channel405nm Binned,561nm Binned,488nm Binned_Seq0129.nd2","260216_Day8_iNeurons_WellK06_Channel405nm Binned,561nm Binned,488nm Binned_Seq0129.nd2",49692672,405nm Binned|561nm Binned|488nm Binned,Seq0129
K06,K,06,PLD3_only_no_mCherry,False,12,"/Users/pmihack/claire/tmem_2026/data/260213_Feb16recopy_HYdiff_landingpadlines_survival_384well1/20260220_085237_196/260220_Day12_WellK06_Channel405nm Binned,561nm Binned,488nm Binned_Seq0129.nd2","260220_Day12_WellK06_Channel405nm Binned,561nm Binned,488nm Binned_Seq0129.nd2",49692672,405nm Binned|561nm Binned|488nm Binned,Seq0129
K06,K,06,PLD3_only_no_mCherry,False,16,"/Users/pmihack/claire/tmem_2026/data/260213_Feb16recopy_HYdiff_landingpadlines_survival_384well1/20260224_090320_759/260224_day16_WellK06_Channel405nm Binned,561nm Binned,488nm Binned_Seq0129.nd2","260224_day16_WellK06_Channel405nm Binned,561nm Binned,488nm Binned_Seq0129.nd2",49692672,405nm Binned|561nm Binned|488nm Binned,Seq0129
K06,K,06,PLD3_only_no_mCherry,False,20,"/Users/pmihack/claire/tmem_2026/data/260213_Feb16recopy_HYdiff_landingpadlines_survival_384well1/20260228_090815_318/260228_day20_WellK06_Channel405nm Binned,561nm Binned,488nm Binned_Seq0129.nd2","260228_day20_WellK06_Channel405nm Binned,561nm Binned,488nm Binned_Seq0129.nd2",49692672,405nm Binned|561nm Binned|488nm Binned,Seq0129
K06,K,06,PLD3_only_no_mCherry,False,25,"/Users/pmihack/claire/tmem_2026/data/260213_Feb16recopy_HYdiff_landingpadlines_survival_384well1/20260305_171612_406/260305_day25_iNeurons_WellK06_Channel405nm Binned,561nm Binned,488nm Binned_Seq0129.nd2","260305_day25_iNeurons_WellK06_Channel405nm Binned,561nm Binned,488nm Binned_Seq0129.nd2",49688576,405nm Binned|561nm Binned|488nm Binned,Seq0129
K06,K,06,PLD3_only_no_mCherry,False,29,"/Users/pmihack/claire/tmem_2026/data/260213_Feb16recopy_HYdiff_landingpadlines_survival_384well1/20260309_090353_210/260309_Day29_WellK06_Channel405nm Binned,561nm Binned,488nm Binned_Seq0129.nd2","260309_Day29_WellK06_Channel405nm Binned,561nm Binned,488nm Binned_Seq0129.nd2",49688576,405nm Binned|561nm Binned|488nm Binned,Seq0129
K06,K,06,PLD3_only_no_mCherry,False,32,"/Users/pmihack/claire/tmem_2026/data/260213_Feb16recopy_HYdiff_landingpadlines_survival_384well1/20260312_083635_497/260312_Day32_WellK06_Channel405nm Binned,561 nm,488nm Binned_Seq0129.nd2","260312_Day32_WellK06_Channel405nm Binned,561 nm,488nm Binned_Seq0129.nd2",49688576,405nm Binned|561 nm|488nm Binned,Seq0129
K06,K,06,PLD3_only_no_mCherry,False,36,"/Users/pmihack/claire/tmem_2026/data/260213_Feb16recopy_HYdiff_landingpadlines_survival_384well1/20260316_093139_667/260316_Day36_WellK06_Channel405nm Binned,561nm Binned,488nm Binned_Seq0129.nd2","260316_Day36_WellK06_Channel405nm Binned,561nm Binned,488nm Binned_Seq0129.nd2",49700864,405nm Binned|561nm Binned|488nm Binned,Seq0129
K06,K,06,PLD3_only_no_mCherry,False,39,"/Users/pmihack/claire/tmem_2026/data/260213_Feb16recopy_HYdiff_landingpadlines_survival_384well1/20260319_083746_585/260319_Day39_WellK06_Channel405nm Binned,561nm Binned,488nm Binned_Seq0129.nd2","260319_Day39_WellK06_Channel405nm Binned,561nm Binned,488nm Binned_Seq0129.nd2",49692672,405nm Binned|561nm Binned|488nm Binned,Seq0129
K07,K,07,PLD3_only_no_mCherry,False,8,"/Users/pmihack/claire/tmem_2026/data/260213_Feb16recopy_HYdiff_landingpadlines_survival_384well1/20260216_084435_959/260216_Day8_iNeurons_WellK07_Channel405nm Binned,561nm Binned,488nm Binned_Seq0130.nd2","260216_Day8_iNeurons_WellK07_Channel405nm Binned,561nm Binned,488nm Binned_Seq0130.nd2",49692672,405nm Binned|561nm Binned|488nm Binned,Seq0130
K07,K,07,PLD3_only_no_mCherry,False,12,"/Users/pmihack/claire/tmem_2026/data/260213_Feb16recopy_HYdiff_landingpadlines_survival_384well1/20260220_085237_196/260220_Day12_WellK07_Channel405nm Binned,561nm Binned,488nm Binned_Seq0130.nd2","260220_Day12_WellK07_Channel405nm Binned,561nm Binned,488nm Binned_Seq0130.nd2",49692672,405nm Binned|561nm Binned|488nm Binned,Seq0130
K07,K,07,PLD3_only_no_mCherry,False,16,"/Users/pmihack/claire/tmem_2026/data/260213_Feb16recopy_HYdiff_landingpadlines_survival_384well1/20260224_090320_759/260224_day16_WellK07_Channel405nm Binned,561nm Binned,488nm Binned_Seq0130.nd2","260224_day16_WellK07_Channel405nm Binned,561nm Binned,488nm Binned_Seq0130.nd2",49692672,405nm Binned|561nm Binned|488nm Binned,Seq0130
K07,K,07,PLD3_only_no_mCherry,False,20,"/Users/pmihack/claire/tmem_2026/data/260213_Feb16recopy_HYdiff_landingpadlines_survival_384well1/20260228_090815_318/260228_day20_WellK07_Channel405nm Binned,561nm Binned,488nm Binned_Seq0130.nd2","260228_day20_WellK07_Channel405nm Binned,561nm Binned,488nm Binned_Seq0130.nd2",49692672,405nm Binned|561nm Binned|488nm Binned,Seq0130
K07,K,07,PLD3_only_no_mCherry,False,25,"/Users/pmihack/claire/tmem_2026/data/260213_Feb16recopy_HYdiff_landingpadlines_survival_384well1/20260305_171612_406/260305_day25_iNeurons_WellK07_Channel405nm Binned,561nm Binned,488nm Binned_Seq0130.nd2","260305_day25_iNeurons_WellK07_Channel405nm Binned,561nm Binned,488nm Binned_Seq0130.nd2",49688576,405nm Binned|561nm Binned|488nm Binned,Seq0130
K07,K,07,PLD3_only_no_mCherry,False,29,"/Users/pmihack/claire/tmem_2026/data/260213_Feb16recopy_HYdiff_landingpadlines_survival_384well1/20260309_090353_210/260309_Day29_WellK07_Channel405nm Binned,561nm Binned,488nm Binned_Seq0130.nd2","260309_Day29_WellK07_Channel405nm Binned,561nm Binned,488nm Binned_Seq0130.nd2",49688576,405nm Binned|561nm Binned|488nm Binned,Seq0130
K07,K,07,PLD3_only_no_mCherry,False,32,"/Users/pmihack/claire/tmem_2026/data/260213_Feb16recopy_HYdiff_landingpadlines_survival_384well1/20260312_083635_497/260312_Day32_WellK07_Channel405nm Binned,561 nm,488nm Binned_Seq0130.nd2","260312_Day32_WellK07_Channel405nm Binned,561 nm,488nm Binned_Seq0130.nd2",49688576,405nm Binned|561 nm|488nm Binned,Seq0130
K07,K,07,PLD3_only_no_mCherry,False,36,"/Users/pmihack/claire/tmem_2026/data/260213_Feb16recopy_HYdiff_landingpadlines_survival_384well1/20260316_093139_667/260316_Day36_WellK07_Channel405nm Binned,561nm Binned,488nm Binned_Seq0130.nd2","260316_Day36_WellK07_Channel405nm Binned,561nm Binned,488nm Binned_Seq0130.nd2",49700864,405nm Binned|561nm Binned|488nm Binned,Seq0130
K07,K,07,PLD3_only_no_mCherry,False,39,"/Users/pmihack/claire/tmem_2026/data/260213_Feb16recopy_HYdiff_landingpadlines_survival_384well1/20260319_083746_585/260319_Day39_WellK07_Channel405nm Binned,561nm Binned,488nm Binned_Seq0130.nd2","260319_Day39_WellK07_Channel405nm Binned,561nm Binned,488nm Binned_Seq0130.nd2",49692672,405nm Binned|561nm Binned|488nm Binned,Seq0130
K08,K,08,PLD3_only_no_mCherry,False,8,"/Users/pmihack/claire/tmem_2026/data/260213_Feb16recopy_HYdiff_landingpadlines_survival_384well1/20260216_084435_959/260216_Day8_iNeurons_WellK08_Channel405nm Binned,561nm Binned,488nm Binned_Seq0131.nd2","260216_Day8_iNeurons_WellK08_Channel405nm Binned,561nm Binned,488nm Binned_Seq0131.nd2",49692672,405nm Binned|561nm Binned|488nm Binned,Seq0131
K08,K,08,PLD3_only_no_mCherry,False,12,"/Users/pmihack/claire/tmem_2026/data/260213_Feb16recopy_HYdiff_landingpadlines_survival_384well1/20260220_085237_196/260220_Day12_WellK08_Channel405nm Binned,561nm Binned,488nm Binned_Seq0131.nd2","260220_Day12_WellK08_Channel405nm Binned,561nm Binned,488nm Binned_Seq0131.nd2",49692672,405nm Binned|561nm Binned|488nm Binned,Seq0131
K08,K,08,PLD3_only_no_mCherry,False,16,"/Users/pmihack/claire/tmem_2026/data/260213_Feb16recopy_HYdiff_landingpadlines_survival_384well1/20260224_090320_759/260224_day16_WellK08_Channel405nm Binned,561nm Binned,488nm Binned_Seq0131.nd2","260224_day16_WellK08_Channel405nm Binned,561nm Binned,488nm Binned_Seq0131.nd2",49692672,405nm Binned|561nm Binned|488nm Binned,Seq0131
K08,K,08,PLD3_only_no_mCherry,False,20,"/Users/pmihack/claire/tmem_2026/data/260213_Feb16recopy_HYdiff_landingpadlines_survival_384well1/20260228_090815_318/260228_day20_WellK08_Channel405nm Binned,561nm Binned,488nm Binned_Seq0131.nd2","260228_day20_WellK08_Channel405nm Binned,561nm Binned,488nm Binned_Seq0131.nd2",49692672,405nm Binned|561nm Binned|488nm Binned,Seq0131
K08,K,08,PLD3_only_no_mCherry,False,25,"/Users/pmihack/claire/tmem_2026/data/260213_Feb16recopy_HYdiff_landingpadlines_survival_384well1/20260305_171612_406/260305_day25_iNeurons_WellK08_Channel405nm Binned,561nm Binned,488nm Binned_Seq0131.nd2","260305_day25_iNeurons_WellK08_Channel405nm Binned,561nm Binned,488nm Binned_Seq0131.nd2",49688576,405nm Binned|561nm Binned|488nm Binned,Seq0131
K08,K,08,PLD3_only_no_mCherry,False,29,"/Users/pmihack/claire/tmem_2026/data/260213_Feb16recopy_HYdiff_landingpadlines_survival_384well1/20260309_090353_210/260309_Day29_WellK08_Channel405nm Binned,561nm Binned,488nm Binned_Seq0131.nd2","260309_Day29_WellK08_Channel405nm Binned,561nm Binned,488nm Binned_Seq0131.nd2",49688576,405nm Binned|561nm Binned|488nm Binned,Seq0131
K08,K,08,PLD3_only_no_mCherry,False,32,"/Users/pmihack/claire/tmem_2026/data/260213_Feb16recopy_HYdiff_landingpadlines_survival_384well1/20260312_083635_497/260312_Day32_WellK08_Channel405nm Binned,561 nm,488nm Binned_Seq0131.nd2","260312_Day32_WellK08_Channel405nm Binned,561 nm,488nm Binned_Seq0131.nd2",49688576,405nm Binned|561 nm|488nm Binned,Seq0131
K08,K,08,PLD3_only_no_mCherry,False,36,"/Users/pmihack/claire/tmem_2026/data/260213_Feb16recopy_HYdiff_landingpadlines_survival_384well1/20260316_093139_667/260316_Day36_WellK08_Channel405nm Binned,561nm Binned,488nm Binned_Seq0131.nd2","260316_Day36_WellK08_Channel405nm Binned,561nm Binned,488nm Binned_Seq0131.nd2",49700864,405nm Binned|561nm Binned|488nm Binned,Seq0131
K08,K,08,PLD3_only_no_mCherry,False,39,"/Users/pmihack/claire/tmem_2026/data/260213_Feb16recopy_HYdiff_landingpadlines_survival_384well1/20260319_083746_585/260319_Day39_WellK08_Channel405nm Binned,561nm Binned,488nm Binned_Seq0131.nd2","260319_Day39_WellK08_Channel405nm Binned,561nm Binned,488nm Binned_Seq0131.nd2",49692672,405nm Binned|561nm Binned|488nm Binned,Seq0131
K09,K,09,PLD3_only_no_mCherry,False,8,"/Users/pmihack/claire/tmem_2026/data/260213_Feb16recopy_HYdiff_landingpadlines_survival_384well1/20260216_084435_959/260216_Day8_iNeurons_WellK09_Channel405nm Binned,561nm Binned,488nm Binned_Seq0132.nd2","260216_Day8_iNeurons_WellK09_Channel405nm Binned,561nm Binned,488nm Binned_Seq0132.nd2",49692672,405nm Binned|561nm Binned|488nm Binned,Seq0132
K09,K,09,PLD3_only_no_mCherry,False,12,"/Users/pmihack/claire/tmem_2026/data/260213_Feb16recopy_HYdiff_landingpadlines_survival_384well1/20260220_085237_196/260220_Day12_WellK09_Channel405nm Binned,561nm Binned,488nm Binned_Seq0132.nd2","260220_Day12_WellK09_Channel405nm Binned,561nm Binned,488nm Binned_Seq0132.nd2",49692672,405nm Binned|561nm Binned|488nm Binned,Seq0132
K09,K,09,PLD3_only_no_mCherry,False,16,"/Users/pmihack/claire/tmem_2026/data/260213_Feb16recopy_HYdiff_landingpadlines_survival_384well1/20260224_090320_759/260224_day16_WellK09_Channel405nm Binned,561nm Binned,488nm Binned_Seq0132.nd2","260224_day16_WellK09_Channel405nm Binned,561nm Binned,488nm Binned_Seq0132.nd2",49692672,405nm Binned|561nm Binned|488nm Binned,Seq0132
K09,K,09,PLD3_only_no_mCherry,False,20,"/Users/pmihack/claire/tmem_2026/data/260213_Feb16recopy_HYdiff_landingpadlines_survival_384well1/20260228_090815_318/260228_day20_WellK09_Channel405nm Binned,561nm Binned,488nm Binned_Seq0132.nd2","260228_day20_WellK09_Channel405nm Binned,561nm Binned,488nm Binned_Seq0132.nd2",49692672,405nm Binned|561nm Binned|488nm Binned,Seq0132
K09,K,09,PLD3_only_no_mCherry,False,25,"/Users/pmihack/claire/tmem_2026/data/260213_Feb16recopy_HYdiff_landingpadlines_survival_384well1/20260305_171612_406/260305_day25_iNeurons_WellK09_Channel405nm Binned,561nm Binned,488nm Binned_Seq0132.nd2","260305_day25_iNeurons_WellK09_Channel405nm Binned,561nm Binned,488nm Binned_Seq0132.nd2",49688576,405nm Binned|561nm Binned|488nm Binned,Seq0132
K09,K,09,PLD3_only_no_mCherry,False,29,"/Users/pmihack/claire/tmem_2026/data/260213_Feb16recopy_HYdiff_landingpadlines_survival_384well1/20260309_090353_210/260309_Day29_WellK09_Channel405nm Binned,561nm Binned,488nm Binned_Seq0132.nd2","260309_Day29_WellK09_Channel405nm Binned,561nm Binned,488nm Binned_Seq0132.nd2",49688576,405nm Binned|561nm Binned|488nm Binned,Seq0132
K09,K,09,PLD3_only_no_mCherry,False,32,"/Users/pmihack/claire/tmem_2026/data/260213_Feb16recopy_HYdiff_landingpadlines_survival_384well1/20260312_083635_497/260312_Day32_WellK09_Channel405nm Binned,561 nm,488nm Binned_Seq0132.nd2","260312_Day32_WellK09_Channel405nm Binned,561 nm,488nm Binned_Seq0132.nd2",49688576,405nm Binned|561 nm|488nm Binned,Seq0132
K09,K,09,PLD3_only_no_mCherry,False,36,"/Users/pmihack/claire/tmem_2026/data/260213_Feb16recopy_HYdiff_landingpadlines_survival_384well1/20260316_093139_667/260316_Day36_WellK09_Channel405nm Binned,561nm Binned,488nm Binned_Seq0132.nd2","260316_Day36_WellK09_Channel405nm Binned,561nm Binned,488nm Binned_Seq0132.nd2",49700864,405nm Binned|561nm Binned|488nm Binned,Seq0132
K09,K,09,PLD3_only_no_mCherry,False,39,"/Users/pmihack/claire/tmem_2026/data/260213_Feb16recopy_HYdiff_landingpadlines_survival_384well1/20260319_083746_585/260319_Day39_WellK09_Channel405nm Binned,561nm Binned,488nm Binned_Seq0132.nd2","260319_Day39_WellK09_Channel405nm Binned,561nm Binned,488nm Binned_Seq0132.nd2",49692672,405nm Binned|561nm Binned|488nm Binned,Seq0132
K10,K,10,PLD3_only_no_mCherry,False,8,"/Users/pmihack/claire/tmem_2026/data/260213_Feb16recopy_HYdiff_landingpadlines_survival_384well1/20260216_084435_959/260216_Day8_iNeurons_WellK10_Channel405nm Binned,561nm Binned,488nm Binned_Seq0133.nd2","260216_Day8_iNeurons_WellK10_Channel405nm Binned,561nm Binned,488nm Binned_Seq0133.nd2",49692672,405nm Binned|561nm Binned|488nm Binned,Seq0133
K10,K,10,PLD3_only_no_mCherry,False,12,"/Users/pmihack/claire/tmem_2026/data/260213_Feb16recopy_HYdiff_landingpadlines_survival_384well1/20260220_085237_196/260220_Day12_WellK10_Channel405nm Binned,561nm Binned,488nm Binned_Seq0133.nd2","260220_Day12_WellK10_Channel405nm Binned,561nm Binned,488nm Binned_Seq0133.nd2",49692672,405nm Binned|561nm Binned|488nm Binned,Seq0133
K10,K,10,PLD3_only_no_mCherry,False,16,"/Users/pmihack/claire/tmem_2026/data/260213_Feb16recopy_HYdiff_landingpadlines_survival_384well1/20260224_090320_759/260224_day16_WellK10_Channel405nm Binned,561nm Binned,488nm Binned_Seq0133.nd2","260224_day16_WellK10_Channel405nm Binned,561nm Binned,488nm Binned_Seq0133.nd2",49692672,405nm Binned|561nm Binned|488nm Binned,Seq0133
K10,K,10,PLD3_only_no_mCherry,False,20,"/Users/pmihack/claire/tmem_2026/data/260213_Feb16recopy_HYdiff_landingpadlines_survival_384well1/20260228_090815_318/260228_day20_WellK10_Channel405nm Binned,561nm Binned,488nm Binned_Seq0133.nd2","260228_day20_WellK10_Channel405nm Binned,561nm Binned,488nm Binned_Seq0133.nd2",49692672,405nm Binned|561nm Binned|488nm Binned,Seq0133
K10,K,10,PLD3_only_no_mCherry,False,25,"/Users/pmihack/claire/tmem_2026/data/260213_Feb16recopy_HYdiff_landingpadlines_survival_384well1/20260305_171612_406/260305_day25_iNeurons_WellK10_Channel405nm Binned,561nm Binned,488nm Binned_Seq0133.nd2","260305_day25_iNeurons_WellK10_Channel405nm Binned,561nm Binned,488nm Binned_Seq0133.nd2",49688576,405nm Binned|561nm Binned|488nm Binned,Seq0133
K10,K,10,PLD3_only_no_mCherry,False,29,"/Users/pmihack/claire/tmem_2026/data/260213_Feb16recopy_HYdiff_landingpadlines_survival_384well1/20260309_090353_210/260309_Day29_WellK10_Channel405nm Binned,561nm Binned,488nm Binned_Seq0133.nd2","260309_Day29_WellK10_Channel405nm Binned,561nm Binned,488nm Binned_Seq0133.nd2",49688576,405nm Binned|561nm Binned|488nm Binned,Seq0133
K10,K,10,PLD3_only_no_mCherry,False,32,"/Users/pmihack/claire/tmem_2026/data/260213_Feb16recopy_HYdiff_landingpadlines_survival_384well1/20260312_083635_497/260312_Day32_WellK10_Channel405nm Binned,561 nm,488nm Binned_Seq0133.nd2","260312_Day32_WellK10_Channel405nm Binned,561 nm,488nm Binned_Seq0133.nd2",49688576,405nm Binned|561 nm|488nm Binned,Seq0133
K10,K,10,PLD3_only_no_mCherry,False,36,"/Users/pmihack/claire/tmem_2026/data/260213_Feb16recopy_HYdiff_landingpadlines_survival_384well1/20260316_093139_667/260316_Day36_WellK10_Channel405nm Binned,561nm Binned,488nm Binned_Seq0133.nd2","260316_Day36_WellK10_Channel405nm Binned,561nm Binned,488nm Binned_Seq0133.nd2",49700864,405nm Binned|561nm Binned|488nm Binned,Seq0133
K10,K,10,PLD3_only_no_mCherry,False,39,"/Users/pmihack/claire/tmem_2026/data/260213_Feb16recopy_HYdiff_landingpadlines_survival_384well1/20260319_083746_585/260319_Day39_WellK10_Channel405nm Binned,561nm Binned,488nm Binned_Seq0133.nd2","260319_Day39_WellK10_Channel405nm Binned,561nm Binned,488nm Binned_Seq0133.nd2",49692672,405nm Binned|561nm Binned|488nm Binned,Seq0133
K11,K,11,PLD3_only_no_mCherry,False,8,"/Users/pmihack/claire/tmem_2026/data/260213_Feb16recopy_HYdiff_landingpadlines_survival_384well1/20260216_084435_959/260216_Day8_iNeurons_WellK11_Channel405nm Binned,561nm Binned,488nm Binned_Seq0134.nd2","260216_Day8_iNeurons_WellK11_Channel405nm Binned,561nm Binned,488nm Binned_Seq0134.nd2",49692672,405nm Binned|561nm Binned|488nm Binned,Seq0134
K11,K,11,PLD3_only_no_mCherry,False,12,"/Users/pmihack/claire/tmem_2026/data/260213_Feb16recopy_HYdiff_landingpadlines_survival_384well1/20260220_085237_196/260220_Day12_WellK11_Channel405nm Binned,561nm Binned,488nm Binned_Seq0134.nd2","260220_Day12_WellK11_Channel405nm Binned,561nm Binned,488nm Binned_Seq0134.nd2",49692672,405nm Binned|561nm Binned|488nm Binned,Seq0134
K11,K,11,PLD3_only_no_mCherry,False,16,"/Users/pmihack/claire/tmem_2026/data/260213_Feb16recopy_HYdiff_landingpadlines_survival_384well1/20260224_090320_759/260224_day16_WellK11_Channel405nm Binned,561nm Binned,488nm Binned_Seq0134.nd2","260224_day16_WellK11_Channel405nm Binned,561nm Binned,488nm Binned_Seq0134.nd2",49692672,405nm Binned|561nm Binned|488nm Binned,Seq0134
K11,K,11,PLD3_only_no_mCherry,False,20,"/Users/pmihack/claire/tmem_2026/data/260213_Feb16recopy_HYdiff_landingpadlines_survival_384well1/20260228_090815_318/260228_day20_WellK11_Channel405nm Binned,561nm Binned,488nm Binned_Seq0134.nd2","260228_day20_WellK11_Channel405nm Binned,561nm Binned,488nm Binned_Seq0134.nd2",49692672,405nm Binned|561nm Binned|488nm Binned,Seq0134
K11,K,11,PLD3_only_no_mCherry,False,25,"/Users/pmihack/claire/tmem_2026/data/260213_Feb16recopy_HYdiff_landingpadlines_survival_384well1/20260305_171612_406/260305_day25_iNeurons_WellK11_Channel405nm Binned,561nm Binned,488nm Binned_Seq0134.nd2","260305_day25_iNeurons_WellK11_Channel405nm Binned,561nm Binned,488nm Binned_Seq0134.nd2",49688576,405nm Binned|561nm Binned|488nm Binned,Seq0134
K11,K,11,PLD3_only_no_mCherry,False,29,"/Users/pmihack/claire/tmem_2026/data/260213_Feb16recopy_HYdiff_landingpadlines_survival_384well1/20260309_090353_210/260309_Day29_WellK11_Channel405nm Binned,561nm Binned,488nm Binned_Seq0134.nd2","260309_Day29_WellK11_Channel405nm Binned,561nm Binned,488nm Binned_Seq0134.nd2",49688576,405nm Binned|561nm Binned|488nm Binned,Seq0134
K11,K,11,PLD3_only_no_mCherry,False,32,"/Users/pmihack/claire/tmem_2026/data/260213_Feb16recopy_HYdiff_landingpadlines_survival_384well1/20260312_083635_497/260312_Day32_WellK11_Channel405nm Binned,561 nm,488nm Binned_Seq0134.nd2","260312_Day32_WellK11_Channel405nm Binned,561 nm,488nm Binned_Seq0134.nd2",49688576,405nm Binned|561 nm|488nm Binned,Seq0134
K11,K,11,PLD3_only_no_mCherry,False,36,"/Users/pmihack/claire/tmem_2026/data/260213_Feb16recopy_HYdiff_landingpadlines_survival_384well1/20260316_093139_667/260316_Day36_WellK11_Channel405nm Binned,561nm Binned,488nm Binned_Seq0134.nd2","260316_Day36_WellK11_Channel405nm Binned,561nm Binned,488nm Binned_Seq0134.nd2",49700864,405nm Binned|561nm Binned|488nm Binned,Seq0134
K11,K,11,PLD3_only_no_mCherry,False,39,"/Users/pmihack/claire/tmem_2026/data/260213_Feb16recopy_HYdiff_landingpadlines_survival_384well1/20260319_083746_585/260319_Day39_WellK11_Channel405nm Binned,561nm Binned,488nm Binned_Seq0134.nd2","260319_Day39_WellK11_Channel405nm Binned,561nm Binned,488nm Binned_Seq0134.nd2",49692672,405nm Binned|561nm Binned|488nm Binned,Seq0134
K12,K,12,PLD3_only_no_mCherry,False,8,"/Users/pmihack/claire/tmem_2026/data/260213_Feb16recopy_HYdiff_landingpadlines_survival_384well1/20260216_084435_959/260216_Day8_iNeurons_WellK12_Channel405nm Binned,561nm Binned,488nm Binned_Seq0135.nd2","260216_Day8_iNeurons_WellK12_Channel405nm Binned,561nm Binned,488nm Binned_Seq0135.nd2",49692672,405nm Binned|561nm Binned|488nm Binned,Seq0135
K12,K,12,PLD3_only_no_mCherry,False,12,"/Users/pmihack/claire/tmem_2026/data/260213_Feb16recopy_HYdiff_landingpadlines_survival_384well1/20260220_085237_196/260220_Day12_WellK12_Channel405nm Binned,561nm Binned,488nm Binned_Seq0135.nd2","260220_Day12_WellK12_Channel405nm Binned,561nm Binned,488nm Binned_Seq0135.nd2",49692672,405nm Binned|561nm Binned|488nm Binned,Seq0135
K12,K,12,PLD3_only_no_mCherry,False,16,"/Users/pmihack/claire/tmem_2026/data/260213_Feb16recopy_HYdiff_landingpadlines_survival_384well1/20260224_090320_759/260224_day16_WellK12_Channel405nm Binned,561nm Binned,488nm Binned_Seq0135.nd2","260224_day16_WellK12_Channel405nm Binned,561nm Binned,488nm Binned_Seq0135.nd2",49692672,405nm Binned|561nm Binned|488nm Binned,Seq0135
K12,K,12,PLD3_only_no_mCherry,False,20,"/Users/pmihack/claire/tmem_2026/data/260213_Feb16recopy_HYdiff_landingpadlines_survival_384well1/20260228_090815_318/260228_day20_WellK12_Channel405nm Binned,561nm Binned,488nm Binned_Seq0135.nd2","260228_day20_WellK12_Channel405nm Binned,561nm Binned,488nm Binned_Seq0135.nd2",49692672,405nm Binned|561nm Binned|488nm Binned,Seq0135
K12,K,12,PLD3_only_no_mCherry,False,25,"/Users/pmihack/claire/tmem_2026/data/260213_Feb16recopy_HYdiff_landingpadlines_survival_384well1/20260305_171612_406/260305_day25_iNeurons_WellK12_Channel405nm Binned,561nm Binned,488nm Binned_Seq0135.nd2","260305_day25_iNeurons_WellK12_Channel405nm Binned,561nm Binned,488nm Binned_Seq0135.nd2",49688576,405nm Binned|561nm Binned|488nm Binned,Seq0135
K12,K,12,PLD3_only_no_mCherry,False,29,"/Users/pmihack/claire/tmem_2026/data/260213_Feb16recopy_HYdiff_landingpadlines_survival_384well1/20260309_090353_210/260309_Day29_WellK12_Channel405nm Binned,561nm Binned,488nm Binned_Seq0135.nd2","260309_Day29_WellK12_Channel405nm Binned,561nm Binned,488nm Binned_Seq0135.nd2",49688576,405nm Binned|561nm Binned|488nm Binned,Seq0135
K12,K,12,PLD3_only_no_mCherry,False,32,"/Users/pmihack/claire/tmem_2026/data/260213_Feb16recopy_HYdiff_landingpadlines_survival_384well1/20260312_083635_497/260312_Day32_WellK12_Channel405nm Binned,561 nm,488nm Binned_Seq0135.nd2","260312_Day32_WellK12_Channel405nm Binned,561 nm,488nm Binned_Seq0135.nd2",49688576,405nm Binned|561 nm|488nm Binned,Seq0135
K12,K,12,PLD3_only_no_mCherry,False,36,"/Users/pmihack/claire/tmem_2026/data/260213_Feb16recopy_HYdiff_landingpadlines_survival_384well1/20260316_093139_667/260316_Day36_WellK12_Channel405nm Binned,561nm Binned,488nm Binned_Seq0135.nd2","260316_Day36_WellK12_Channel405nm Binned,561nm Binned,488nm Binned_Seq0135.nd2",49700864,405nm Binned|561nm Binned|488nm Binned,Seq0135
K12,K,12,PLD3_only_no_mCherry,False,39,"/Users/pmihack/claire/tmem_2026/data/260213_Feb16recopy_HYdiff_landingpadlines_survival_384well1/20260319_083746_585/260319_Day39_WellK12_Channel405nm Binned,561nm Binned,488nm Binned_Seq0135.nd2","260319_Day39_WellK12_Channel405nm Binned,561nm Binned,488nm Binned_Seq0135.nd2",49692672,405nm Binned|561nm Binned|488nm Binned,Seq0135
K13,K,13,PLD3_only_no_mCherry,False,8,"/Users/pmihack/claire/tmem_2026/data/260213_Feb16recopy_HYdiff_landingpadlines_survival_384well1/20260216_084435_959/260216_Day8_iNeurons_WellK13_Channel405nm Binned,561nm Binned,488nm Binned_Seq0136.nd2","260216_Day8_iNeurons_WellK13_Channel405nm Binned,561nm Binned,488nm Binned_Seq0136.nd2",49692672,405nm Binned|561nm Binned|488nm Binned,Seq0136
K13,K,13,PLD3_only_no_mCherry,False,12,"/Users/pmihack/claire/tmem_2026/data/260213_Feb16recopy_HYdiff_landingpadlines_survival_384well1/20260220_085237_196/260220_Day12_WellK13_Channel405nm Binned,561nm Binned,488nm Binned_Seq0136.nd2","260220_Day12_WellK13_Channel405nm Binned,561nm Binned,488nm Binned_Seq0136.nd2",49692672,405nm Binned|561nm Binned|488nm Binned,Seq0136
K13,K,13,PLD3_only_no_mCherry,False,16,"/Users/pmihack/claire/tmem_2026/data/260213_Feb16recopy_HYdiff_landingpadlines_survival_384well1/20260224_090320_759/260224_day16_WellK13_Channel405nm Binned,561nm Binned,488nm Binned_Seq0136.nd2","260224_day16_WellK13_Channel405nm Binned,561nm Binned,488nm Binned_Seq0136.nd2",49692672,405nm Binned|561nm Binned|488nm Binned,Seq0136
K13,K,13,PLD3_only_no_mCherry,False,20,"/Users/pmihack/claire/tmem_2026/data/260213_Feb16recopy_HYdiff_landingpadlines_survival_384well1/20260228_090815_318/260228_day20_WellK13_Channel405nm Binned,561nm Binned,488nm Binned_Seq0136.nd2","260228_day20_WellK13_Channel405nm Binned,561nm Binned,488nm Binned_Seq0136.nd2",49692672,405nm Binned|561nm Binned|488nm Binned,Seq0136
K13,K,13,PLD3_only_no_mCherry,False,25,"/Users/pmihack/claire/tmem_2026/data/260213_Feb16recopy_HYdiff_landingpadlines_survival_384well1/20260305_171612_406/260305_day25_iNeurons_WellK13_Channel405nm Binned,561nm Binned,488nm Binned_Seq0136.nd2","260305_day25_iNeurons_WellK13_Channel405nm Binned,561nm Binned,488nm Binned_Seq0136.nd2",49688576,405nm Binned|561nm Binned|488nm Binned,Seq0136
K13,K,13,PLD3_only_no_mCherry,False,29,"/Users/pmihack/claire/tmem_2026/data/260213_Feb16recopy_HYdiff_landingpadlines_survival_384well1/20260309_090353_210/260309_Day29_WellK13_Channel405nm Binned,561nm Binned,488nm Binned_Seq0136.nd2","260309_Day29_WellK13_Channel405nm Binned,561nm Binned,488nm Binned_Seq0136.nd2",49688576,405nm Binned|561nm Binned|488nm Binned,Seq0136
K13,K,13,PLD3_only_no_mCherry,False,32,"/Users/pmihack/claire/tmem_2026/data/260213_Feb16recopy_HYdiff_landingpadlines_survival_384well1/20260312_083635_497/260312_Day32_WellK13_Channel405nm Binned,561 nm,488nm Binned_Seq0136.nd2","260312_Day32_WellK13_Channel405nm Binned,561 nm,488nm Binned_Seq0136.nd2",49688576,405nm Binned|561 nm|488nm Binned,Seq0136
K13,K,13,PLD3_only_no_mCherry,False,36,"/Users/pmihack/claire/tmem_2026/data/260213_Feb16recopy_HYdiff_landingpadlines_survival_384well1/20260316_093139_667/260316_Day36_WellK13_Channel405nm Binned,561nm Binned,488nm Binned_Seq0136.nd2","260316_Day36_WellK13_Channel405nm Binned,561nm Binned,488nm Binned_Seq0136.nd2",49700864,405nm Binned|561nm Binned|488nm Binned,Seq0136
K13,K,13,PLD3_only_no_mCherry,False,39,"/Users/pmihack/claire/tmem_2026/data/260213_Feb16recopy_HYdiff_landingpadlines_survival_384well1/20260319_083746_585/260319_Day39_WellK13_Channel405nm Binned,561nm Binned,488nm Binned_Seq0136.nd2","260319_Day39_WellK13_Channel405nm Binned,561nm Binned,488nm Binned_Seq0136.nd2",49692672,405nm Binned|561nm Binned|488nm Binned,Seq0136
K14,K,14,PLD3_only_no_mCherry,False,8,"/Users/pmihack/claire/tmem_2026/data/260213_Feb16recopy_HYdiff_landingpadlines_survival_384well1/20260216_084435_959/260216_Day8_iNeurons_WellK14_Channel405nm Binned,561nm Binned,488nm Binned_Seq0137.nd2","260216_Day8_iNeurons_WellK14_Channel405nm Binned,561nm Binned,488nm Binned_Seq0137.nd2",49692672,405nm Binned|561nm Binned|488nm Binned,Seq0137
K14,K,14,PLD3_only_no_mCherry,False,12,"/Users/pmihack/claire/tmem_2026/data/260213_Feb16recopy_HYdiff_landingpadlines_survival_384well1/20260220_085237_196/260220_Day12_WellK14_Channel405nm Binned,561nm Binned,488nm Binned_Seq0137.nd2","260220_Day12_WellK14_Channel405nm Binned,561nm Binned,488nm Binned_Seq0137.nd2",49692672,405nm Binned|561nm Binned|488nm Binned,Seq0137
K14,K,14,PLD3_only_no_mCherry,False,16,"/Users/pmihack/claire/tmem_2026/data/260213_Feb16recopy_HYdiff_landingpadlines_survival_384well1/20260224_090320_759/260224_day16_WellK14_Channel405nm Binned,561nm Binned,488nm Binned_Seq0137.nd2","260224_day16_WellK14_Channel405nm Binned,561nm Binned,488nm Binned_Seq0137.nd2",49692672,405nm Binned|561nm Binned|488nm Binned,Seq0137
K14,K,14,PLD3_only_no_mCherry,False,20,"/Users/pmihack/claire/tmem_2026/data/260213_Feb16recopy_HYdiff_landingpadlines_survival_384well1/20260228_090815_318/260228_day20_WellK14_Channel405nm Binned,561nm Binned,488nm Binned_Seq0137.nd2","260228_day20_WellK14_Channel405nm Binned,561nm Binned,488nm Binned_Seq0137.nd2",49692672,405nm Binned|561nm Binned|488nm Binned,Seq0137
K14,K,14,PLD3_only_no_mCherry,False,25,"/Users/pmihack/claire/tmem_2026/data/260213_Feb16recopy_HYdiff_landingpadlines_survival_384well1/20260305_171612_406/260305_day25_iNeurons_WellK14_Channel405nm Binned,561nm Binned,488nm Binned_Seq0137.nd2","260305_day25_iNeurons_WellK14_Channel405nm Binned,561nm Binned,488nm Binned_Seq0137.nd2",49688576,405nm Binned|561nm Binned|488nm Binned,Seq0137
K14,K,14,PLD3_only_no_mCherry,False,29,"/Users/pmihack/claire/tmem_2026/data/260213_Feb16recopy_HYdiff_landingpadlines_survival_384well1/20260309_090353_210/260309_Day29_WellK14_Channel405nm Binned,561nm Binned,488nm Binned_Seq0137.nd2","260309_Day29_WellK14_Channel405nm Binned,561nm Binned,488nm Binned_Seq0137.nd2",49688576,405nm Binned|561nm Binned|488nm Binned,Seq0137
K14,K,14,PLD3_only_no_mCherry,False,32,"/Users/pmihack/claire/tmem_2026/data/260213_Feb16recopy_HYdiff_landingpadlines_survival_384well1/20260312_083635_497/260312_Day32_WellK14_Channel405nm Binned,561 nm,488nm Binned_Seq0137.nd2","260312_Day32_WellK14_Channel405nm Binned,561 nm,488nm Binned_Seq0137.nd2",49688576,405nm Binned|561 nm|488nm Binned,Seq0137
K14,K,14,PLD3_only_no_mCherry,False,36,"/Users/pmihack/claire/tmem_2026/data/260213_Feb16recopy_HYdiff_landingpadlines_survival_384well1/20260316_093139_667/260316_Day36_WellK14_Channel405nm Binned,561nm Binned,488nm Binned_Seq0137.nd2","260316_Day36_WellK14_Channel405nm Binned,561nm Binned,488nm Binned_Seq0137.nd2",49700864,405nm Binned|561nm Binned|488nm Binned,Seq0137
K14,K,14,PLD3_only_no_mCherry,False,39,"/Users/pmihack/claire/tmem_2026/data/260213_Feb16recopy_HYdiff_landingpadlines_survival_384well1/20260319_083746_585/260319_Day39_WellK14_Channel405nm Binned,561nm Binned,488nm Binned_Seq0137.nd2","260319_Day39_WellK14_Channel405nm Binned,561nm Binned,488nm Binned_Seq0137.nd2",49692672,405nm Binned|561nm Binned|488nm Binned,Seq0137
K15,K,15,PLD3_only_no_mCherry,False,8,"/Users/pmihack/claire/tmem_2026/data/260213_Feb16recopy_HYdiff_landingpadlines_survival_384well1/20260216_084435_959/260216_Day8_iNeurons_WellK15_Channel405nm Binned,561nm Binned,488nm Binned_Seq0138.nd2","260216_Day8_iNeurons_WellK15_Channel405nm Binned,561nm Binned,488nm Binned_Seq0138.nd2",49692672,405nm Binned|561nm Binned|488nm Binned,Seq0138
K15,K,15,PLD3_only_no_mCherry,False,12,"/Users/pmihack/claire/tmem_2026/data/260213_Feb16recopy_HYdiff_landingpadlines_survival_384well1/20260220_085237_196/260220_Day12_WellK15_Channel405nm Binned,561nm Binned,488nm Binned_Seq0138.nd2","260220_Day12_WellK15_Channel405nm Binned,561nm Binned,488nm Binned_Seq0138.nd2",49692672,405nm Binned|561nm Binned|488nm Binned,Seq0138
K15,K,15,PLD3_only_no_mCherry,False,16,"/Users/pmihack/claire/tmem_2026/data/260213_Feb16recopy_HYdiff_landingpadlines_survival_384well1/20260224_090320_759/260224_day16_WellK15_Channel405nm Binned,561nm Binned,488nm Binned_Seq0138.nd2","260224_day16_WellK15_Channel405nm Binned,561nm Binned,488nm Binned_Seq0138.nd2",49692672,405nm Binned|561nm Binned|488nm Binned,Seq0138
K15,K,15,PLD3_only_no_mCherry,False,20,"/Users/pmihack/claire/tmem_2026/data/260213_Feb16recopy_HYdiff_landingpadlines_survival_384well1/20260228_090815_318/260228_day20_WellK15_Channel405nm Binned,561nm Binned,488nm Binned_Seq0138.nd2","260228_day20_WellK15_Channel405nm Binned,561nm Binned,488nm Binned_Seq0138.nd2",49692672,405nm Binned|561nm Binned|488nm Binned,Seq0138
K15,K,15,PLD3_only_no_mCherry,False,25,"/Users/pmihack/claire/tmem_2026/data/260213_Feb16recopy_HYdiff_landingpadlines_survival_384well1/20260305_171612_406/260305_day25_iNeurons_WellK15_Channel405nm Binned,561nm Binned,488nm Binned_Seq0138.nd2","260305_day25_iNeurons_WellK15_Channel405nm Binned,561nm Binned,488nm Binned_Seq0138.nd2",49688576,405nm Binned|561nm Binned|488nm Binned,Seq0138
K15,K,15,PLD3_only_no_mCherry,False,29,"/Users/pmihack/claire/tmem_2026/data/260213_Feb16recopy_HYdiff_landingpadlines_survival_384well1/20260309_090353_210/260309_Day29_WellK15_Channel405nm Binned,561nm Binned,488nm Binned_Seq0138.nd2","260309_Day29_WellK15_Channel405nm Binned,561nm Binned,488nm Binned_Seq0138.nd2",49688576,405nm Binned|561nm Binned|488nm Binned,Seq0138
K15,K,15,PLD3_only_no_mCherry,False,32,"/Users/pmihack/claire/tmem_2026/data/260213_Feb16recopy_HYdiff_landingpadlines_survival_384well1/20260312_083635_497/260312_Day32_WellK15_Channel405nm Binned,561 nm,488nm Binned_Seq0138.nd2","260312_Day32_WellK15_Channel405nm Binned,561 nm,488nm Binned_Seq0138.nd2",49688576,405nm Binned|561 nm|488nm Binned,Seq0138
K15,K,15,PLD3_only_no_mCherry,False,36,"/Users/pmihack/claire/tmem_2026/data/260213_Feb16recopy_HYdiff_landingpadlines_survival_384well1/20260316_093139_667/260316_Day36_WellK15_Channel405nm Binned,561nm Binned,488nm Binned_Seq0138.nd2","260316_Day36_WellK15_Channel405nm Binned,561nm Binned,488nm Binned_Seq0138.nd2",49700864,405nm Binned|561nm Binned|488nm Binned,Seq0138
K15,K,15,PLD3_only_no_mCherry,False,39,"/Users/pmihack/claire/tmem_2026/data/260213_Feb16recopy_HYdiff_landingpadlines_survival_384well1/20260319_083746_585/260319_Day39_WellK15_Channel405nm Binned,561nm Binned,488nm Binned_Seq0138.nd2","260319_Day39_WellK15_Channel405nm Binned,561nm Binned,488nm Binned_Seq0138.nd2",49692672,405nm Binned|561nm Binned|488nm Binned,Seq0138
K16,K,16,PLD3_only_no_mCherry,False,8,"/Users/pmihack/claire/tmem_2026/data/260213_Feb16recopy_HYdiff_landingpadlines_survival_384well1/20260216_084435_959/260216_Day8_iNeurons_WellK16_Channel405nm Binned,561nm Binned,488nm Binned_Seq0139.nd2","260216_Day8_iNeurons_WellK16_Channel405nm Binned,561nm Binned,488nm Binned_Seq0139.nd2",49692672,405nm Binned|561nm Binned|488nm Binned,Seq0139
K16,K,16,PLD3_only_no_mCherry,False,12,"/Users/pmihack/claire/tmem_2026/data/260213_Feb16recopy_HYdiff_landingpadlines_survival_384well1/20260220_085237_196/260220_Day12_WellK16_Channel405nm Binned,561nm Binned,488nm Binned_Seq0139.nd2","260220_Day12_WellK16_Channel405nm Binned,561nm Binned,488nm Binned_Seq0139.nd2",49692672,405nm Binned|561nm Binned|488nm Binned,Seq0139
K16,K,16,PLD3_only_no_mCherry,False,16,"/Users/pmihack/claire/tmem_2026/data/260213_Feb16recopy_HYdiff_landingpadlines_survival_384well1/20260224_090320_759/260224_day16_WellK16_Channel405nm Binned,561nm Binned,488nm Binned_Seq0139.nd2","260224_day16_WellK16_Channel405nm Binned,561nm Binned,488nm Binned_Seq0139.nd2",49692672,405nm Binned|561nm Binned|488nm Binned,Seq0139
K16,K,16,PLD3_only_no_mCherry,False,20,"/Users/pmihack/claire/tmem_2026/data/260213_Feb16recopy_HYdiff_landingpadlines_survival_384well1/20260228_090815_318/260228_day20_WellK16_Channel405nm Binned,561nm Binned,488nm Binned_Seq0139.nd2","260228_day20_WellK16_Channel405nm Binned,561nm Binned,488nm Binned_Seq0139.nd2",49692672,405nm Binned|561nm Binned|488nm Binned,Seq0139
K16,K,16,PLD3_only_no_mCherry,False,25,"/Users/pmihack/claire/tmem_2026/data/260213_Feb16recopy_HYdiff_landingpadlines_survival_384well1/20260305_171612_406/260305_day25_iNeurons_WellK16_Channel405nm Binned,561nm Binned,488nm Binned_Seq0139.nd2","260305_day25_iNeurons_WellK16_Channel405nm Binned,561nm Binned,488nm Binned_Seq0139.nd2",49688576,405nm Binned|561nm Binned|488nm Binned,Seq0139
K16,K,16,PLD3_only_no_mCherry,False,29,"/Users/pmihack/claire/tmem_2026/data/260213_Feb16recopy_HYdiff_landingpadlines_survival_384well1/20260309_090353_210/260309_Day29_WellK16_Channel405nm Binned,561nm Binned,488nm Binned_Seq0139.nd2","260309_Day29_WellK16_Channel405nm Binned,561nm Binned,488nm Binned_Seq0139.nd2",49688576,405nm Binned|561nm Binned|488nm Binned,Seq0139
K16,K,16,PLD3_only_no_mCherry,False,32,"/Users/pmihack/claire/tmem_2026/data/260213_Feb16recopy_HYdiff_landingpadlines_survival_384well1/20260312_083635_497/260312_Day32_WellK16_Channel405nm Binned,561 nm,488nm Binned_Seq0139.nd2","260312_Day32_WellK16_Channel405nm Binned,561 nm,488nm Binned_Seq0139.nd2",49688576,405nm Binned|561 nm|488nm Binned,Seq0139
K16,K,16,PLD3_only_no_mCherry,False,36,"/Users/pmihack/claire/tmem_2026/data/260213_Feb16recopy_HYdiff_landingpadlines_survival_384well1/20260316_093139_667/260316_Day36_WellK16_Channel405nm Binned,561nm Binned,488nm Binned_Seq0139.nd2","260316_Day36_WellK16_Channel405nm Binned,561nm Binned,488nm Binned_Seq0139.nd2",49700864,405nm Binned|561nm Binned|488nm Binned,Seq0139
K16,K,16,PLD3_only_no_mCherry,False,39,"/Users/pmihack/claire/tmem_2026/data/260213_Feb16recopy_HYdiff_landingpadlines_survival_384well1/20260319_083746_585/260319_Day39_WellK16_Channel405nm Binned,561nm Binned,488nm Binned_Seq0139.nd2","260319_Day39_WellK16_Channel405nm Binned,561nm Binned,488nm Binned_Seq0139.nd2",49692672,405nm Binned|561nm Binned|488nm Binned,Seq0139
K17,K,17,PLD3_only_no_mCherry,False,8,"/Users/pmihack/claire/tmem_2026/data/260213_Feb16recopy_HYdiff_landingpadlines_survival_384well1/20260216_084435_959/260216_Day8_iNeurons_WellK17_Channel405nm Binned,561nm Binned,488nm Binned_Seq0140.nd2","260216_Day8_iNeurons_WellK17_Channel405nm Binned,561nm Binned,488nm Binned_Seq0140.nd2",49692672,405nm Binned|561nm Binned|488nm Binned,Seq0140
K17,K,17,PLD3_only_no_mCherry,False,12,"/Users/pmihack/claire/tmem_2026/data/260213_Feb16recopy_HYdiff_landingpadlines_survival_384well1/20260220_085237_196/260220_Day12_WellK17_Channel405nm Binned,561nm Binned,488nm Binned_Seq0140.nd2","260220_Day12_WellK17_Channel405nm Binned,561nm Binned,488nm Binned_Seq0140.nd2",49692672,405nm Binned|561nm Binned|488nm Binned,Seq0140
K17,K,17,PLD3_only_no_mCherry,False,16,"/Users/pmihack/claire/tmem_2026/data/260213_Feb16recopy_HYdiff_landingpadlines_survival_384well1/20260224_090320_759/260224_day16_WellK17_Channel405nm Binned,561nm Binned,488nm Binned_Seq0140.nd2","260224_day16_WellK17_Channel405nm Binned,561nm Binned,488nm Binned_Seq0140.nd2",49692672,405nm Binned|561nm Binned|488nm Binned,Seq0140
K17,K,17,PLD3_only_no_mCherry,False,20,"/Users/pmihack/claire/tmem_2026/data/260213_Feb16recopy_HYdiff_landingpadlines_survival_384well1/20260228_090815_318/260228_day20_WellK17_Channel405nm Binned,561nm Binned,488nm Binned_Seq0140.nd2","260228_day20_WellK17_Channel405nm Binned,561nm Binned,488nm Binned_Seq0140.nd2",49692672,405nm Binned|561nm Binned|488nm Binned,Seq0140
K17,K,17,PLD3_only_no_mCherry,False,25,"/Users/pmihack/claire/tmem_2026/data/260213_Feb16recopy_HYdiff_landingpadlines_survival_384well1/20260305_171612_406/260305_day25_iNeurons_WellK17_Channel405nm Binned,561nm Binned,488nm Binned_Seq0140.nd2","260305_day25_iNeurons_WellK17_Channel405nm Binned,561nm Binned,488nm Binned_Seq0140.nd2",49688576,405nm Binned|561nm Binned|488nm Binned,Seq0140
K17,K,17,PLD3_only_no_mCherry,False,29,"/Users/pmihack/claire/tmem_2026/data/260213_Feb16recopy_HYdiff_landingpadlines_survival_384well1/20260309_090353_210/260309_Day29_WellK17_Channel405nm Binned,561nm Binned,488nm Binned_Seq0140.nd2","260309_Day29_WellK17_Channel405nm Binned,561nm Binned,488nm Binned_Seq0140.nd2",49688576,405nm Binned|561nm Binned|488nm Binned,Seq0140
K17,K,17,PLD3_only_no_mCherry,False,32,"/Users/pmihack/claire/tmem_2026/data/260213_Feb16recopy_HYdiff_landingpadlines_survival_384well1/20260312_083635_497/260312_Day32_WellK17_Channel405nm Binned,561 nm,488nm Binned_Seq0140.nd2","260312_Day32_WellK17_Channel405nm Binned,561 nm,488nm Binned_Seq0140.nd2",49688576,405nm Binned|561 nm|488nm Binned,Seq0140
K17,K,17,PLD3_only_no_mCherry,False,36,"/Users/pmihack/claire/tmem_2026/data/260213_Feb16recopy_HYdiff_landingpadlines_survival_384well1/20260316_093139_667/260316_Day36_WellK17_Channel405nm Binned,561nm Binned,488nm Binned_Seq0140.nd2","260316_Day36_WellK17_Channel405nm Binned,561nm Binned,488nm Binned_Seq0140.nd2",49700864,405nm Binned|561nm Binned|488nm Binned,Seq0140
K17,K,17,PLD3_only_no_mCherry,False,39,"/Users/pmihack/claire/tmem_2026/data/260213_Feb16recopy_HYdiff_landingpadlines_survival_384well1/20260319_083746_585/260319_Day39_WellK17_Channel405nm Binned,561nm Binned,488nm Binned_Seq0140.nd2","260319_Day39_WellK17_Channel405nm Binned,561nm Binned,488nm Binned_Seq0140.nd2",49692672,405nm Binned|561nm Binned|488nm Binned,Seq0140
K18,K,18,PLD3_only_no_mCherry,False,8,"/Users/pmihack/claire/tmem_2026/data/260213_Feb16recopy_HYdiff_landingpadlines_survival_384well1/20260216_084435_959/260216_Day8_iNeurons_WellK18_Channel405nm Binned,561nm Binned,488nm Binned_Seq0141.nd2","260216_Day8_iNeurons_WellK18_Channel405nm Binned,561nm Binned,488nm Binned_Seq0141.nd2",49692672,405nm Binned|561nm Binned|488nm Binned,Seq0141
K18,K,18,PLD3_only_no_mCherry,False,12,"/Users/pmihack/claire/tmem_2026/data/260213_Feb16recopy_HYdiff_landingpadlines_survival_384well1/20260220_085237_196/260220_Day12_WellK18_Channel405nm Binned,561nm Binned,488nm Binned_Seq0141.nd2","260220_Day12_WellK18_Channel405nm Binned,561nm Binned,488nm Binned_Seq0141.nd2",49692672,405nm Binned|561nm Binned|488nm Binned,Seq0141
K18,K,18,PLD3_only_no_mCherry,False,16,"/Users/pmihack/claire/tmem_2026/data/260213_Feb16recopy_HYdiff_landingpadlines_survival_384well1/20260224_090320_759/260224_day16_WellK18_Channel405nm Binned,561nm Binned,488nm Binned_Seq0141.nd2","260224_day16_WellK18_Channel405nm Binned,561nm Binned,488nm Binned_Seq0141.nd2",49692672,405nm Binned|561nm Binned|488nm Binned,Seq0141
K18,K,18,PLD3_only_no_mCherry,False,20,"/Users/pmihack/claire/tmem_2026/data/260213_Feb16recopy_HYdiff_landingpadlines_survival_384well1/20260228_090815_318/260228_day20_WellK18_Channel405nm Binned,561nm Binned,488nm Binned_Seq0141.nd2","260228_day20_WellK18_Channel405nm Binned,561nm Binned,488nm Binned_Seq0141.nd2",49692672,405nm Binned|561nm Binned|488nm Binned,Seq0141
K18,K,18,PLD3_only_no_mCherry,False,25,"/Users/pmihack/claire/tmem_2026/data/260213_Feb16recopy_HYdiff_landingpadlines_survival_384well1/20260305_171612_406/260305_day25_iNeurons_WellK18_Channel405nm Binned,561nm Binned,488nm Binned_Seq0141.nd2","260305_day25_iNeurons_WellK18_Channel405nm Binned,561nm Binned,488nm Binned_Seq0141.nd2",49688576,405nm Binned|561nm Binned|488nm Binned,Seq0141
K18,K,18,PLD3_only_no_mCherry,False,29,"/Users/pmihack/claire/tmem_2026/data/260213_Feb16recopy_HYdiff_landingpadlines_survival_384well1/20260309_090353_210/260309_Day29_WellK18_Channel405nm Binned,561nm Binned,488nm Binned_Seq0141.nd2","260309_Day29_WellK18_Channel405nm Binned,561nm Binned,488nm Binned_Seq0141.nd2",49688576,405nm Binned|561nm Binned|488nm Binned,Seq0141
K18,K,18,PLD3_only_no_mCherry,False,32,"/Users/pmihack/claire/tmem_2026/data/260213_Feb16recopy_HYdiff_landingpadlines_survival_384well1/20260312_083635_497/260312_Day32_WellK18_Channel405nm Binned,561 nm,488nm Binned_Seq0141.nd2","260312_Day32_WellK18_Channel405nm Binned,561 nm,488nm Binned_Seq0141.nd2",49688576,405nm Binned|561 nm|488nm Binned,Seq0141
K18,K,18,PLD3_only_no_mCherry,False,36,"/Users/pmihack/claire/tmem_2026/data/260213_Feb16recopy_HYdiff_landingpadlines_survival_384well1/20260316_093139_667/260316_Day36_WellK18_Channel405nm Binned,561nm Binned,488nm Binned_Seq0141.nd2","260316_Day36_WellK18_Channel405nm Binned,561nm Binned,488nm Binned_Seq0141.nd2",49700864,405nm Binned|561nm Binned|488nm Binned,Seq0141
K18,K,18,PLD3_only_no_mCherry,False,39,"/Users/pmihack/claire/tmem_2026/data/260213_Feb16recopy_HYdiff_landingpadlines_survival_384well1/20260319_083746_585/260319_Day39_WellK18_Channel405nm Binned,561nm Binned,488nm Binned_Seq0141.nd2","260319_Day39_WellK18_Channel405nm Binned,561nm Binned,488nm Binned_Seq0141.nd2",49692672,405nm Binned|561nm Binned|488nm Binned,Seq0141
K19,K,19,PLD3_only_no_mCherry,False,8,"/Users/pmihack/claire/tmem_2026/data/260213_Feb16recopy_HYdiff_landingpadlines_survival_384well1/20260216_084435_959/260216_Day8_iNeurons_WellK19_Channel405nm Binned,561nm Binned,488nm Binned_Seq0142.nd2","260216_Day8_iNeurons_WellK19_Channel405nm Binned,561nm Binned,488nm Binned_Seq0142.nd2",49692672,405nm Binned|561nm Binned|488nm Binned,Seq0142
K19,K,19,PLD3_only_no_mCherry,False,12,"/Users/pmihack/claire/tmem_2026/data/260213_Feb16recopy_HYdiff_landingpadlines_survival_384well1/20260220_085237_196/260220_Day12_WellK19_Channel405nm Binned,561nm Binned,488nm Binned_Seq0142.nd2","260220_Day12_WellK19_Channel405nm Binned,561nm Binned,488nm Binned_Seq0142.nd2",49692672,405nm Binned|561nm Binned|488nm Binned,Seq0142
K19,K,19,PLD3_only_no_mCherry,False,16,"/Users/pmihack/claire/tmem_2026/data/260213_Feb16recopy_HYdiff_landingpadlines_survival_384well1/20260224_090320_759/260224_day16_WellK19_Channel405nm Binned,561nm Binned,488nm Binned_Seq0142.nd2","260224_day16_WellK19_Channel405nm Binned,561nm Binned,488nm Binned_Seq0142.nd2",49692672,405nm Binned|561nm Binned|488nm Binned,Seq0142
K19,K,19,PLD3_only_no_mCherry,False,20,"/Users/pmihack/claire/tmem_2026/data/260213_Feb16recopy_HYdiff_landingpadlines_survival_384well1/20260228_090815_318/260228_day20_WellK19_Channel405nm Binned,561nm Binned,488nm Binned_Seq0142.nd2","260228_day20_WellK19_Channel405nm Binned,561nm Binned,488nm Binned_Seq0142.nd2",49692672,405nm Binned|561nm Binned|488nm Binned,Seq0142
K19,K,19,PLD3_only_no_mCherry,False,25,"/Users/pmihack/claire/tmem_2026/data/260213_Feb16recopy_HYdiff_landingpadlines_survival_384well1/20260305_171612_406/260305_day25_iNeurons_WellK19_Channel405nm Binned,561nm Binned,488nm Binned_Seq0142.nd2","260305_day25_iNeurons_WellK19_Channel405nm Binned,561nm Binned,488nm Binned_Seq0142.nd2",49688576,405nm Binned|561nm Binned|488nm Binned,Seq0142
K19,K,19,PLD3_only_no_mCherry,False,29,"/Users/pmihack/claire/tmem_2026/data/260213_Feb16recopy_HYdiff_landingpadlines_survival_384well1/20260309_090353_210/260309_Day29_WellK19_Channel405nm Binned,561nm Binned,488nm Binned_Seq0142.nd2","260309_Day29_WellK19_Channel405nm Binned,561nm Binned,488nm Binned_Seq0142.nd2",49688576,405nm Binned|561nm Binned|488nm Binned,Seq0142
K19,K,19,PLD3_only_no_mCherry,False,32,"/Users/pmihack/claire/tmem_2026/data/260213_Feb16recopy_HYdiff_landingpadlines_survival_384well1/20260312_083635_497/260312_Day32_WellK19_Channel405nm Binned,561 nm,488nm Binned_Seq0142.nd2","260312_Day32_WellK19_Channel405nm Binned,561 nm,488nm Binned_Seq0142.nd2",49688576,405nm Binned|561 nm|488nm Binned,Seq0142
K19,K,19,PLD3_only_no_mCherry,False,36,"/Users/pmihack/claire/tmem_2026/data/260213_Feb16recopy_HYdiff_landingpadlines_survival_384well1/20260316_093139_667/260316_Day36_WellK19_Channel405nm Binned,561nm Binned,488nm Binned_Seq0142.nd2","260316_Day36_WellK19_Channel405nm Binned,561nm Binned,488nm Binned_Seq0142.nd2",49700864,405nm Binned|561nm Binned|488nm Binned,Seq0142
K19,K,19,PLD3_only_no_mCherry,False,39,"/Users/pmihack/claire/tmem_2026/data/260213_Feb16recopy_HYdiff_landingpadlines_survival_384well1/20260319_083746_585/260319_Day39_WellK19_Channel405nm Binned,561nm Binned,488nm Binned_Seq0142.nd2","260319_Day39_WellK19_Channel405nm Binned,561nm Binned,488nm Binned_Seq0142.nd2",49692672,405nm Binned|561nm Binned|488nm Binned,Seq0142
K20,K,20,PLD3_only_no_mCherry,False,8,"/Users/pmihack/claire/tmem_2026/data/260213_Feb16recopy_HYdiff_landingpadlines_survival_384well1/20260216_084435_959/260216_Day8_iNeurons_WellK20_Channel405nm Binned,561nm Binned,488nm Binned_Seq0143.nd2","260216_Day8_iNeurons_WellK20_Channel405nm Binned,561nm Binned,488nm Binned_Seq0143.nd2",49692672,405nm Binned|561nm Binned|488nm Binned,Seq0143
K20,K,20,PLD3_only_no_mCherry,False,12,"/Users/pmihack/claire/tmem_2026/data/260213_Feb16recopy_HYdiff_landingpadlines_survival_384well1/20260220_085237_196/260220_Day12_WellK20_Channel405nm Binned,561nm Binned,488nm Binned_Seq0143.nd2","260220_Day12_WellK20_Channel405nm Binned,561nm Binned,488nm Binned_Seq0143.nd2",49692672,405nm Binned|561nm Binned|488nm Binned,Seq0143
K20,K,20,PLD3_only_no_mCherry,False,16,"/Users/pmihack/claire/tmem_2026/data/260213_Feb16recopy_HYdiff_landingpadlines_survival_384well1/20260224_090320_759/260224_day16_WellK20_Channel405nm Binned,561nm Binned,488nm Binned_Seq0143.nd2","260224_day16_WellK20_Channel405nm Binned,561nm Binned,488nm Binned_Seq0143.nd2",49692672,405nm Binned|561nm Binned|488nm Binned,Seq0143
K20,K,20,PLD3_only_no_mCherry,False,20,"/Users/pmihack/claire/tmem_2026/data/260213_Feb16recopy_HYdiff_landingpadlines_survival_384well1/20260228_090815_318/260228_day20_WellK20_Channel405nm Binned,561nm Binned,488nm Binned_Seq0143.nd2","260228_day20_WellK20_Channel405nm Binned,561nm Binned,488nm Binned_Seq0143.nd2",49692672,405nm Binned|561nm Binned|488nm Binned,Seq0143
K20,K,20,PLD3_only_no_mCherry,False,25,"/Users/pmihack/claire/tmem_2026/data/260213_Feb16recopy_HYdiff_landingpadlines_survival_384well1/20260305_171612_406/260305_day25_iNeurons_WellK20_Channel405nm Binned,561nm Binned,488nm Binned_Seq0143.nd2","260305_day25_iNeurons_WellK20_Channel405nm Binned,561nm Binned,488nm Binned_Seq0143.nd2",49688576,405nm Binned|561nm Binned|488nm Binned,Seq0143
K20,K,20,PLD3_only_no_mCherry,False,29,"/Users/pmihack/claire/tmem_2026/data/260213_Feb16recopy_HYdiff_landingpadlines_survival_384well1/20260309_090353_210/260309_Day29_WellK20_Channel405nm Binned,561nm Binned,488nm Binned_Seq0143.nd2","260309_Day29_WellK20_Channel405nm Binned,561nm Binned,488nm Binned_Seq0143.nd2",49688576,405nm Binned|561nm Binned|488nm Binned,Seq0143
K20,K,20,PLD3_only_no_mCherry,False,32,"/Users/pmihack/claire/tmem_2026/data/260213_Feb16recopy_HYdiff_landingpadlines_survival_384well1/20260312_083635_497/260312_Day32_WellK20_Channel405nm Binned,561 nm,488nm Binned_Seq0143.nd2","260312_Day32_WellK20_Channel405nm Binned,561 nm,488nm Binned_Seq0143.nd2",49688576,405nm Binned|561 nm|488nm Binned,Seq0143
K20,K,20,PLD3_only_no_mCherry,False,36,"/Users/pmihack/claire/tmem_2026/data/260213_Feb16recopy_HYdiff_landingpadlines_survival_384well1/20260316_093139_667/260316_Day36_WellK20_Channel405nm Binned,561nm Binned,488nm Binned_Seq0143.nd2","260316_Day36_WellK20_Channel405nm Binned,561nm Binned,488nm Binned_Seq0143.nd2",49700864,405nm Binned|561nm Binned|488nm Binned,Seq0143
K20,K,20,PLD3_only_no_mCherry,False,39,"/Users/pmihack/claire/tmem_2026/data/260213_Feb16recopy_HYdiff_landingpadlines_survival_384well1/20260319_083746_585/260319_Day39_WellK20_Channel405nm Binned,561nm Binned,488nm Binned_Seq0143.nd2","260319_Day39_WellK20_Channel405nm Binned,561nm Binned,488nm Binned_Seq0143.nd2",49692672,405nm Binned|561nm Binned|488nm Binned,Seq0143
L05,L,05,PLD3_TMEM106B_no_mCherry,False,8,"/Users/pmihack/claire/tmem_2026/data/260213_Feb16recopy_HYdiff_landingpadlines_survival_384well1/20260216_084435_959/260216_Day8_iNeurons_WellL05_Channel405nm Binned,561nm Binned,488nm Binned_Seq0144.nd2","260216_Day8_iNeurons_WellL05_Channel405nm Binned,561nm Binned,488nm Binned_Seq0144.nd2",49692672,405nm Binned|561nm Binned|488nm Binned,Seq0144
L05,L,05,PLD3_TMEM106B_no_mCherry,False,12,"/Users/pmihack/claire/tmem_2026/data/260213_Feb16recopy_HYdiff_landingpadlines_survival_384well1/20260220_085237_196/260220_Day12_WellL05_Channel405nm Binned,561nm Binned,488nm Binned_Seq0144.nd2","260220_Day12_WellL05_Channel405nm Binned,561nm Binned,488nm Binned_Seq0144.nd2",49692672,405nm Binned|561nm Binned|488nm Binned,Seq0144
L05,L,05,PLD3_TMEM106B_no_mCherry,False,16,"/Users/pmihack/claire/tmem_2026/data/260213_Feb16recopy_HYdiff_landingpadlines_survival_384well1/20260224_090320_759/260224_day16_WellL05_Channel405nm Binned,561nm Binned,488nm Binned_Seq0144.nd2","260224_day16_WellL05_Channel405nm Binned,561nm Binned,488nm Binned_Seq0144.nd2",49692672,405nm Binned|561nm Binned|488nm Binned,Seq0144
L05,L,05,PLD3_TMEM106B_no_mCherry,False,20,"/Users/pmihack/claire/tmem_2026/data/260213_Feb16recopy_HYdiff_landingpadlines_survival_384well1/20260228_090815_318/260228_day20_WellL05_Channel405nm Binned,561nm Binned,488nm Binned_Seq0144.nd2","260228_day20_WellL05_Channel405nm Binned,561nm Binned,488nm Binned_Seq0144.nd2",49692672,405nm Binned|561nm Binned|488nm Binned,Seq0144
L05,L,05,PLD3_TMEM106B_no_mCherry,False,25,"/Users/pmihack/claire/tmem_2026/data/260213_Feb16recopy_HYdiff_landingpadlines_survival_384well1/20260305_171612_406/260305_day25_iNeurons_WellL05_Channel405nm Binned,561nm Binned,488nm Binned_Seq0144.nd2","260305_day25_iNeurons_WellL05_Channel405nm Binned,561nm Binned,488nm Binned_Seq0144.nd2",49688576,405nm Binned|561nm Binned|488nm Binned,Seq0144
L05,L,05,PLD3_TMEM106B_no_mCherry,False,29,"/Users/pmihack/claire/tmem_2026/data/260213_Feb16recopy_HYdiff_landingpadlines_survival_384well1/20260309_090353_210/260309_Day29_WellL05_Channel405nm Binned,561nm Binned,488nm Binned_Seq0144.nd2","260309_Day29_WellL05_Channel405nm Binned,561nm Binned,488nm Binned_Seq0144.nd2",49688576,405nm Binned|561nm Binned|488nm Binned,Seq0144
L05,L,05,PLD3_TMEM106B_no_mCherry,False,32,"/Users/pmihack/claire/tmem_2026/data/260213_Feb16recopy_HYdiff_landingpadlines_survival_384well1/20260312_083635_497/260312_Day32_WellL05_Channel405nm Binned,561 nm,488nm Binned_Seq0144.nd2","260312_Day32_WellL05_Channel405nm Binned,561 nm,488nm Binned_Seq0144.nd2",49688576,405nm Binned|561 nm|488nm Binned,Seq0144
L05,L,05,PLD3_TMEM106B_no_mCherry,False,36,"/Users/pmihack/claire/tmem_2026/data/260213_Feb16recopy_HYdiff_landingpadlines_survival_384well1/20260316_093139_667/260316_Day36_WellL05_Channel405nm Binned,561nm Binned,488nm Binned_Seq0144.nd2","260316_Day36_WellL05_Channel405nm Binned,561nm Binned,488nm Binned_Seq0144.nd2",49700864,405nm Binned|561nm Binned|488nm Binned,Seq0144
L05,L,05,PLD3_TMEM106B_no_mCherry,False,39,"/Users/pmihack/claire/tmem_2026/data/260213_Feb16recopy_HYdiff_landingpadlines_survival_384well1/20260319_083746_585/260319_Day39_WellL05_Channel405nm Binned,561nm Binned,488nm Binned_Seq0144.nd2","260319_Day39_WellL05_Channel405nm Binned,561nm Binned,488nm Binned_Seq0144.nd2",49692672,405nm Binned|561nm Binned|488nm Binned,Seq0144
L06,L,06,PLD3_TMEM106B_no_mCherry,False,8,"/Users/pmihack/claire/tmem_2026/data/260213_Feb16recopy_HYdiff_landingpadlines_survival_384well1/20260216_084435_959/260216_Day8_iNeurons_WellL06_Channel405nm Binned,561nm Binned,488nm Binned_Seq0145.nd2","260216_Day8_iNeurons_WellL06_Channel405nm Binned,561nm Binned,488nm Binned_Seq0145.nd2",49692672,405nm Binned|561nm Binned|488nm Binned,Seq0145
L06,L,06,PLD3_TMEM106B_no_mCherry,False,12,"/Users/pmihack/claire/tmem_2026/data/260213_Feb16recopy_HYdiff_landingpadlines_survival_384well1/20260220_085237_196/260220_Day12_WellL06_Channel405nm Binned,561nm Binned,488nm Binned_Seq0145.nd2","260220_Day12_WellL06_Channel405nm Binned,561nm Binned,488nm Binned_Seq0145.nd2",49692672,405nm Binned|561nm Binned|488nm Binned,Seq0145
L06,L,06,PLD3_TMEM106B_no_mCherry,False,16,"/Users/pmihack/claire/tmem_2026/data/260213_Feb16recopy_HYdiff_landingpadlines_survival_384well1/20260224_090320_759/260224_day16_WellL06_Channel405nm Binned,561nm Binned,488nm Binned_Seq0145.nd2","260224_day16_WellL06_Channel405nm Binned,561nm Binned,488nm Binned_Seq0145.nd2",49692672,405nm Binned|561nm Binned|488nm Binned,Seq0145
L06,L,06,PLD3_TMEM106B_no_mCherry,False,20,"/Users/pmihack/claire/tmem_2026/data/260213_Feb16recopy_HYdiff_landingpadlines_survival_384well1/20260228_090815_318/260228_day20_WellL06_Channel405nm Binned,561nm Binned,488nm Binned_Seq0145.nd2","260228_day20_WellL06_Channel405nm Binned,561nm Binned,488nm Binned_Seq0145.nd2",49692672,405nm Binned|561nm Binned|488nm Binned,Seq0145
L06,L,06,PLD3_TMEM106B_no_mCherry,False,25,"/Users/pmihack/claire/tmem_2026/data/260213_Feb16recopy_HYdiff_landingpadlines_survival_384well1/20260305_171612_406/260305_day25_iNeurons_WellL06_Channel405nm Binned,561nm Binned,488nm Binned_Seq0145.nd2","260305_day25_iNeurons_WellL06_Channel405nm Binned,561nm Binned,488nm Binned_Seq0145.nd2",49688576,405nm Binned|561nm Binned|488nm Binned,Seq0145
L06,L,06,PLD3_TMEM106B_no_mCherry,False,29,"/Users/pmihack/claire/tmem_2026/data/260213_Feb16recopy_HYdiff_landingpadlines_survival_384well1/20260309_090353_210/260309_Day29_WellL06_Channel405nm Binned,561nm Binned,488nm Binned_Seq0145.nd2","260309_Day29_WellL06_Channel405nm Binned,561nm Binned,488nm Binned_Seq0145.nd2",49688576,405nm Binned|561nm Binned|488nm Binned,Seq0145
L06,L,06,PLD3_TMEM106B_no_mCherry,False,32,"/Users/pmihack/claire/tmem_2026/data/260213_Feb16recopy_HYdiff_landingpadlines_survival_384well1/20260312_083635_497/260312_Day32_WellL06_Channel405nm Binned,561 nm,488nm Binned_Seq0145.nd2","260312_Day32_WellL06_Channel405nm Binned,561 nm,488nm Binned_Seq0145.nd2",49688576,405nm Binned|561 nm|488nm Binned,Seq0145
L06,L,06,PLD3_TMEM106B_no_mCherry,False,36,"/Users/pmihack/claire/tmem_2026/data/260213_Feb16recopy_HYdiff_landingpadlines_survival_384well1/20260316_093139_667/260316_Day36_WellL06_Channel405nm Binned,561nm Binned,488nm Binned_Seq0145.nd2","260316_Day36_WellL06_Channel405nm Binned,561nm Binned,488nm Binned_Seq0145.nd2",49700864,405nm Binned|561nm Binned|488nm Binned,Seq0145
L06,L,06,PLD3_TMEM106B_no_mCherry,False,39,"/Users/pmihack/claire/tmem_2026/data/260213_Feb16recopy_HYdiff_landingpadlines_survival_384well1/20260319_083746_585/260319_Day39_WellL06_Channel405nm Binned,561nm Binned,488nm Binned_Seq0145.nd2","260319_Day39_WellL06_Channel405nm Binned,561nm Binned,488nm Binned_Seq0145.nd2",49692672,405nm Binned|561nm Binned|488nm Binned,Seq0145
L07,L,07,PLD3_TMEM106B_no_mCherry,False,8,"/Users/pmihack/claire/tmem_2026/data/260213_Feb16recopy_HYdiff_landingpadlines_survival_384well1/20260216_084435_959/260216_Day8_iNeurons_WellL07_Channel405nm Binned,561nm Binned,488nm Binned_Seq0146.nd2","260216_Day8_iNeurons_WellL07_Channel405nm Binned,561nm Binned,488nm Binned_Seq0146.nd2",49692672,405nm Binned|561nm Binned|488nm Binned,Seq0146
L07,L,07,PLD3_TMEM106B_no_mCherry,False,12,"/Users/pmihack/claire/tmem_2026/data/260213_Feb16recopy_HYdiff_landingpadlines_survival_384well1/20260220_085237_196/260220_Day12_WellL07_Channel405nm Binned,561nm Binned,488nm Binned_Seq0146.nd2","260220_Day12_WellL07_Channel405nm Binned,561nm Binned,488nm Binned_Seq0146.nd2",49692672,405nm Binned|561nm Binned|488nm Binned,Seq0146
L07,L,07,PLD3_TMEM106B_no_mCherry,False,16,"/Users/pmihack/claire/tmem_2026/data/260213_Feb16recopy_HYdiff_landingpadlines_survival_384well1/20260224_090320_759/260224_day16_WellL07_Channel405nm Binned,561nm Binned,488nm Binned_Seq0146.nd2","260224_day16_WellL07_Channel405nm Binned,561nm Binned,488nm Binned_Seq0146.nd2",49692672,405nm Binned|561nm Binned|488nm Binned,Seq0146
L07,L,07,PLD3_TMEM106B_no_mCherry,False,20,"/Users/pmihack/claire/tmem_2026/data/260213_Feb16recopy_HYdiff_landingpadlines_survival_384well1/20260228_090815_318/260228_day20_WellL07_Channel405nm Binned,561nm Binned,488nm Binned_Seq0146.nd2","260228_day20_WellL07_Channel405nm Binned,561nm Binned,488nm Binned_Seq0146.nd2",49692672,405nm Binned|561nm Binned|488nm Binned,Seq0146
L07,L,07,PLD3_TMEM106B_no_mCherry,False,25,"/Users/pmihack/claire/tmem_2026/data/260213_Feb16recopy_HYdiff_landingpadlines_survival_384well1/20260305_171612_406/260305_day25_iNeurons_WellL07_Channel405nm Binned,561nm Binned,488nm Binned_Seq0146.nd2","260305_day25_iNeurons_WellL07_Channel405nm Binned,561nm Binned,488nm Binned_Seq0146.nd2",49688576,405nm Binned|561nm Binned|488nm Binned,Seq0146
L07,L,07,PLD3_TMEM106B_no_mCherry,False,29,"/Users/pmihack/claire/tmem_2026/data/260213_Feb16recopy_HYdiff_landingpadlines_survival_384well1/20260309_090353_210/260309_Day29_WellL07_Channel405nm Binned,561nm Binned,488nm Binned_Seq0146.nd2","260309_Day29_WellL07_Channel405nm Binned,561nm Binned,488nm Binned_Seq0146.nd2",49688576,405nm Binned|561nm Binned|488nm Binned,Seq0146
L07,L,07,PLD3_TMEM106B_no_mCherry,False,32,"/Users/pmihack/claire/tmem_2026/data/260213_Feb16recopy_HYdiff_landingpadlines_survival_384well1/20260312_083635_497/260312_Day32_WellL07_Channel405nm Binned,561 nm,488nm Binned_Seq0146.nd2","260312_Day32_WellL07_Channel405nm Binned,561 nm,488nm Binned_Seq0146.nd2",49688576,405nm Binned|561 nm|488nm Binned,Seq0146
L07,L,07,PLD3_TMEM106B_no_mCherry,False,36,"/Users/pmihack/claire/tmem_2026/data/260213_Feb16recopy_HYdiff_landingpadlines_survival_384well1/20260316_093139_667/260316_Day36_WellL07_Channel405nm Binned,561nm Binned,488nm Binned_Seq0146.nd2","260316_Day36_WellL07_Channel405nm Binned,561nm Binned,488nm Binned_Seq0146.nd2",49700864,405nm Binned|561nm Binned|488nm Binned,Seq0146
L07,L,07,PLD3_TMEM106B_no_mCherry,False,39,"/Users/pmihack/claire/tmem_2026/data/260213_Feb16recopy_HYdiff_landingpadlines_survival_384well1/20260319_083746_585/260319_Day39_WellL07_Channel405nm Binned,561nm Binned,488nm Binned_Seq0146.nd2","260319_Day39_WellL07_Channel405nm Binned,561nm Binned,488nm Binned_Seq0146.nd2",49692672,405nm Binned|561nm Binned|488nm Binned,Seq0146
L08,L,08,PLD3_TMEM106B_no_mCherry,False,8,"/Users/pmihack/claire/tmem_2026/data/260213_Feb16recopy_HYdiff_landingpadlines_survival_384well1/20260216_084435_959/260216_Day8_iNeurons_WellL08_Channel405nm Binned,561nm Binned,488nm Binned_Seq0147.nd2","260216_Day8_iNeurons_WellL08_Channel405nm Binned,561nm Binned,488nm Binned_Seq0147.nd2",49692672,405nm Binned|561nm Binned|488nm Binned,Seq0147
L08,L,08,PLD3_TMEM106B_no_mCherry,False,12,"/Users/pmihack/claire/tmem_2026/data/260213_Feb16recopy_HYdiff_landingpadlines_survival_384well1/20260220_085237_196/260220_Day12_WellL08_Channel405nm Binned,561nm Binned,488nm Binned_Seq0147.nd2","260220_Day12_WellL08_Channel405nm Binned,561nm Binned,488nm Binned_Seq0147.nd2",49692672,405nm Binned|561nm Binned|488nm Binned,Seq0147
L08,L,08,PLD3_TMEM106B_no_mCherry,False,16,"/Users/pmihack/claire/tmem_2026/data/260213_Feb16recopy_HYdiff_landingpadlines_survival_384well1/20260224_090320_759/260224_day16_WellL08_Channel405nm Binned,561nm Binned,488nm Binned_Seq0147.nd2","260224_day16_WellL08_Channel405nm Binned,561nm Binned,488nm Binned_Seq0147.nd2",49692672,405nm Binned|561nm Binned|488nm Binned,Seq0147
L08,L,08,PLD3_TMEM106B_no_mCherry,False,20,"/Users/pmihack/claire/tmem_2026/data/260213_Feb16recopy_HYdiff_landingpadlines_survival_384well1/20260228_090815_318/260228_day20_WellL08_Channel405nm Binned,561nm Binned,488nm Binned_Seq0147.nd2","260228_day20_WellL08_Channel405nm Binned,561nm Binned,488nm Binned_Seq0147.nd2",49692672,405nm Binned|561nm Binned|488nm Binned,Seq0147
L08,L,08,PLD3_TMEM106B_no_mCherry,False,25,"/Users/pmihack/claire/tmem_2026/data/260213_Feb16recopy_HYdiff_landingpadlines_survival_384well1/20260305_171612_406/260305_day25_iNeurons_WellL08_Channel405nm Binned,561nm Binned,488nm Binned_Seq0147.nd2","260305_day25_iNeurons_WellL08_Channel405nm Binned,561nm Binned,488nm Binned_Seq0147.nd2",49688576,405nm Binned|561nm Binned|488nm Binned,Seq0147
L08,L,08,PLD3_TMEM106B_no_mCherry,False,29,"/Users/pmihack/claire/tmem_2026/data/260213_Feb16recopy_HYdiff_landingpadlines_survival_384well1/20260309_090353_210/260309_Day29_WellL08_Channel405nm Binned,561nm Binned,488nm Binned_Seq0147.nd2","260309_Day29_WellL08_Channel405nm Binned,561nm Binned,488nm Binned_Seq0147.nd2",49688576,405nm Binned|561nm Binned|488nm Binned,Seq0147
L08,L,08,PLD3_TMEM106B_no_mCherry,False,32,"/Users/pmihack/claire/tmem_2026/data/260213_Feb16recopy_HYdiff_landingpadlines_survival_384well1/20260312_083635_497/260312_Day32_WellL08_Channel405nm Binned,561 nm,488nm Binned_Seq0147.nd2","260312_Day32_WellL08_Channel405nm Binned,561 nm,488nm Binned_Seq0147.nd2",49688576,405nm Binned|561 nm|488nm Binned,Seq0147
L08,L,08,PLD3_TMEM106B_no_mCherry,False,36,"/Users/pmihack/claire/tmem_2026/data/260213_Feb16recopy_HYdiff_landingpadlines_survival_384well1/20260316_093139_667/260316_Day36_WellL08_Channel405nm Binned,561nm Binned,488nm Binned_Seq0147.nd2","260316_Day36_WellL08_Channel405nm Binned,561nm Binned,488nm Binned_Seq0147.nd2",49700864,405nm Binned|561nm Binned|488nm Binned,Seq0147
L08,L,08,PLD3_TMEM106B_no_mCherry,False,39,"/Users/pmihack/claire/tmem_2026/data/260213_Feb16recopy_HYdiff_landingpadlines_survival_384well1/20260319_083746_585/260319_Day39_WellL08_Channel405nm Binned,561nm Binned,488nm Binned_Seq0147.nd2","260319_Day39_WellL08_Channel405nm Binned,561nm Binned,488nm Binned_Seq0147.nd2",49692672,405nm Binned|561nm Binned|488nm Binned,Seq0147
L09,L,09,PLD3_TMEM106B_no_mCherry,False,8,"/Users/pmihack/claire/tmem_2026/data/260213_Feb16recopy_HYdiff_landingpadlines_survival_384well1/20260216_084435_959/260216_Day8_iNeurons_WellL09_Channel405nm Binned,561nm Binned,488nm Binned_Seq0148.nd2","260216_Day8_iNeurons_WellL09_Channel405nm Binned,561nm Binned,488nm Binned_Seq0148.nd2",49692672,405nm Binned|561nm Binned|488nm Binned,Seq0148
L09,L,09,PLD3_TMEM106B_no_mCherry,False,12,"/Users/pmihack/claire/tmem_2026/data/260213_Feb16recopy_HYdiff_landingpadlines_survival_384well1/20260220_085237_196/260220_Day12_WellL09_Channel405nm Binned,561nm Binned,488nm Binned_Seq0148.nd2","260220_Day12_WellL09_Channel405nm Binned,561nm Binned,488nm Binned_Seq0148.nd2",49692672,405nm Binned|561nm Binned|488nm Binned,Seq0148
L09,L,09,PLD3_TMEM106B_no_mCherry,False,16,"/Users/pmihack/claire/tmem_2026/data/260213_Feb16recopy_HYdiff_landingpadlines_survival_384well1/20260224_090320_759/260224_day16_WellL09_Channel405nm Binned,561nm Binned,488nm Binned_Seq0148.nd2","260224_day16_WellL09_Channel405nm Binned,561nm Binned,488nm Binned_Seq0148.nd2",49692672,405nm Binned|561nm Binned|488nm Binned,Seq0148
L09,L,09,PLD3_TMEM106B_no_mCherry,False,20,"/Users/pmihack/claire/tmem_2026/data/260213_Feb16recopy_HYdiff_landingpadlines_survival_384well1/20260228_090815_318/260228_day20_WellL09_Channel405nm Binned,561nm Binned,488nm Binned_Seq0148.nd2","260228_day20_WellL09_Channel405nm Binned,561nm Binned,488nm Binned_Seq0148.nd2",49692672,405nm Binned|561nm Binned|488nm Binned,Seq0148
L09,L,09,PLD3_TMEM106B_no_mCherry,False,25,"/Users/pmihack/claire/tmem_2026/data/260213_Feb16recopy_HYdiff_landingpadlines_survival_384well1/20260305_171612_406/260305_day25_iNeurons_WellL09_Channel405nm Binned,561nm Binned,488nm Binned_Seq0148.nd2","260305_day25_iNeurons_WellL09_Channel405nm Binned,561nm Binned,488nm Binned_Seq0148.nd2",49688576,405nm Binned|561nm Binned|488nm Binned,Seq0148
L09,L,09,PLD3_TMEM106B_no_mCherry,False,29,"/Users/pmihack/claire/tmem_2026/data/260213_Feb16recopy_HYdiff_landingpadlines_survival_384well1/20260309_090353_210/260309_Day29_WellL09_Channel405nm Binned,561nm Binned,488nm Binned_Seq0148.nd2","260309_Day29_WellL09_Channel405nm Binned,561nm Binned,488nm Binned_Seq0148.nd2",49688576,405nm Binned|561nm Binned|488nm Binned,Seq0148
L09,L,09,PLD3_TMEM106B_no_mCherry,False,32,"/Users/pmihack/claire/tmem_2026/data/260213_Feb16recopy_HYdiff_landingpadlines_survival_384well1/20260312_083635_497/260312_Day32_WellL09_Channel405nm Binned,561 nm,488nm Binned_Seq0148.nd2","260312_Day32_WellL09_Channel405nm Binned,561 nm,488nm Binned_Seq0148.nd2",49688576,405nm Binned|561 nm|488nm Binned,Seq0148
L09,L,09,PLD3_TMEM106B_no_mCherry,False,36,"/Users/pmihack/claire/tmem_2026/data/260213_Feb16recopy_HYdiff_landingpadlines_survival_384well1/20260316_093139_667/260316_Day36_WellL09_Channel405nm Binned,561nm Binned,488nm Binned_Seq0148.nd2","260316_Day36_WellL09_Channel405nm Binned,561nm Binned,488nm Binned_Seq0148.nd2",49700864,405nm Binned|561nm Binned|488nm Binned,Seq0148
L09,L,09,PLD3_TMEM106B_no_mCherry,False,39,"/Users/pmihack/claire/tmem_2026/data/260213_Feb16recopy_HYdiff_landingpadlines_survival_384well1/20260319_083746_585/260319_Day39_WellL09_Channel405nm Binned,561nm Binned,488nm Binned_Seq0148.nd2","260319_Day39_WellL09_Channel405nm Binned,561nm Binned,488nm Binned_Seq0148.nd2",49692672,405nm Binned|561nm Binned|488nm Binned,Seq0148
L10,L,10,PLD3_TMEM106B_no_mCherry,False,8,"/Users/pmihack/claire/tmem_2026/data/260213_Feb16recopy_HYdiff_landingpadlines_survival_384well1/20260216_084435_959/260216_Day8_iNeurons_WellL10_Channel405nm Binned,561nm Binned,488nm Binned_Seq0149.nd2","260216_Day8_iNeurons_WellL10_Channel405nm Binned,561nm Binned,488nm Binned_Seq0149.nd2",49692672,405nm Binned|561nm Binned|488nm Binned,Seq0149
L10,L,10,PLD3_TMEM106B_no_mCherry,False,12,"/Users/pmihack/claire/tmem_2026/data/260213_Feb16recopy_HYdiff_landingpadlines_survival_384well1/20260220_085237_196/260220_Day12_WellL10_Channel405nm Binned,561nm Binned,488nm Binned_Seq0149.nd2","260220_Day12_WellL10_Channel405nm Binned,561nm Binned,488nm Binned_Seq0149.nd2",49692672,405nm Binned|561nm Binned|488nm Binned,Seq0149
L10,L,10,PLD3_TMEM106B_no_mCherry,False,16,"/Users/pmihack/claire/tmem_2026/data/260213_Feb16recopy_HYdiff_landingpadlines_survival_384well1/20260224_090320_759/260224_day16_WellL10_Channel405nm Binned,561nm Binned,488nm Binned_Seq0149.nd2","260224_day16_WellL10_Channel405nm Binned,561nm Binned,488nm Binned_Seq0149.nd2",49692672,405nm Binned|561nm Binned|488nm Binned,Seq0149
L10,L,10,PLD3_TMEM106B_no_mCherry,False,20,"/Users/pmihack/claire/tmem_2026/data/260213_Feb16recopy_HYdiff_landingpadlines_survival_384well1/20260228_090815_318/260228_day20_WellL10_Channel405nm Binned,561nm Binned,488nm Binned_Seq0149.nd2","260228_day20_WellL10_Channel405nm Binned,561nm Binned,488nm Binned_Seq0149.nd2",49692672,405nm Binned|561nm Binned|488nm Binned,Seq0149
L10,L,10,PLD3_TMEM106B_no_mCherry,False,25,"/Users/pmihack/claire/tmem_2026/data/260213_Feb16recopy_HYdiff_landingpadlines_survival_384well1/20260305_171612_406/260305_day25_iNeurons_WellL10_Channel405nm Binned,561nm Binned,488nm Binned_Seq0149.nd2","260305_day25_iNeurons_WellL10_Channel405nm Binned,561nm Binned,488nm Binned_Seq0149.nd2",49688576,405nm Binned|561nm Binned|488nm Binned,Seq0149
L10,L,10,PLD3_TMEM106B_no_mCherry,False,29,"/Users/pmihack/claire/tmem_2026/data/260213_Feb16recopy_HYdiff_landingpadlines_survival_384well1/20260309_090353_210/260309_Day29_WellL10_Channel405nm Binned,561nm Binned,488nm Binned_Seq0149.nd2","260309_Day29_WellL10_Channel405nm Binned,561nm Binned,488nm Binned_Seq0149.nd2",49688576,405nm Binned|561nm Binned|488nm Binned,Seq0149
L10,L,10,PLD3_TMEM106B_no_mCherry,False,32,"/Users/pmihack/claire/tmem_2026/data/260213_Feb16recopy_HYdiff_landingpadlines_survival_384well1/20260312_083635_497/260312_Day32_WellL10_Channel405nm Binned,561 nm,488nm Binned_Seq0149.nd2","260312_Day32_WellL10_Channel405nm Binned,561 nm,488nm Binned_Seq0149.nd2",49688576,405nm Binned|561 nm|488nm Binned,Seq0149
L10,L,10,PLD3_TMEM106B_no_mCherry,False,36,"/Users/pmihack/claire/tmem_2026/data/260213_Feb16recopy_HYdiff_landingpadlines_survival_384well1/20260316_093139_667/260316_Day36_WellL10_Channel405nm Binned,561nm Binned,488nm Binned_Seq0149.nd2","260316_Day36_WellL10_Channel405nm Binned,561nm Binned,488nm Binned_Seq0149.nd2",49700864,405nm Binned|561nm Binned|488nm Binned,Seq0149
L10,L,10,PLD3_TMEM106B_no_mCherry,False,39,"/Users/pmihack/claire/tmem_2026/data/260213_Feb16recopy_HYdiff_landingpadlines_survival_384well1/20260319_083746_585/260319_Day39_WellL10_Channel405nm Binned,561nm Binned,488nm Binned_Seq0149.nd2","260319_Day39_WellL10_Channel405nm Binned,561nm Binned,488nm Binned_Seq0149.nd2",49692672,405nm Binned|561nm Binned|488nm Binned,Seq0149
L11,L,11,PLD3_TMEM106B_no_mCherry,False,8,"/Users/pmihack/claire/tmem_2026/data/260213_Feb16recopy_HYdiff_landingpadlines_survival_384well1/20260216_084435_959/260216_Day8_iNeurons_WellL11_Channel405nm Binned,561nm Binned,488nm Binned_Seq0150.nd2","260216_Day8_iNeurons_WellL11_Channel405nm Binned,561nm Binned,488nm Binned_Seq0150.nd2",49692672,405nm Binned|561nm Binned|488nm Binned,Seq0150
L11,L,11,PLD3_TMEM106B_no_mCherry,False,12,"/Users/pmihack/claire/tmem_2026/data/260213_Feb16recopy_HYdiff_landingpadlines_survival_384well1/20260220_085237_196/260220_Day12_WellL11_Channel405nm Binned,561nm Binned,488nm Binned_Seq0150.nd2","260220_Day12_WellL11_Channel405nm Binned,561nm Binned,488nm Binned_Seq0150.nd2",49692672,405nm Binned|561nm Binned|488nm Binned,Seq0150
L11,L,11,PLD3_TMEM106B_no_mCherry,False,16,"/Users/pmihack/claire/tmem_2026/data/260213_Feb16recopy_HYdiff_landingpadlines_survival_384well1/20260224_090320_759/260224_day16_WellL11_Channel405nm Binned,561nm Binned,488nm Binned_Seq0150.nd2","260224_day16_WellL11_Channel405nm Binned,561nm Binned,488nm Binned_Seq0150.nd2",49692672,405nm Binned|561nm Binned|488nm Binned,Seq0150
L11,L,11,PLD3_TMEM106B_no_mCherry,False,20,"/Users/pmihack/claire/tmem_2026/data/260213_Feb16recopy_HYdiff_landingpadlines_survival_384well1/20260228_090815_318/260228_day20_WellL11_Channel405nm Binned,561nm Binned,488nm Binned_Seq0150.nd2","260228_day20_WellL11_Channel405nm Binned,561nm Binned,488nm Binned_Seq0150.nd2",49692672,405nm Binned|561nm Binned|488nm Binned,Seq0150
L11,L,11,PLD3_TMEM106B_no_mCherry,False,25,"/Users/pmihack/claire/tmem_2026/data/260213_Feb16recopy_HYdiff_landingpadlines_survival_384well1/20260305_171612_406/260305_day25_iNeurons_WellL11_Channel405nm Binned,561nm Binned,488nm Binned_Seq0150.nd2","260305_day25_iNeurons_WellL11_Channel405nm Binned,561nm Binned,488nm Binned_Seq0150.nd2",49688576,405nm Binned|561nm Binned|488nm Binned,Seq0150
L11,L,11,PLD3_TMEM106B_no_mCherry,False,29,"/Users/pmihack/claire/tmem_2026/data/260213_Feb16recopy_HYdiff_landingpadlines_survival_384well1/20260309_090353_210/260309_Day29_WellL11_Channel405nm Binned,561nm Binned,488nm Binned_Seq0150.nd2","260309_Day29_WellL11_Channel405nm Binned,561nm Binned,488nm Binned_Seq0150.nd2",49688576,405nm Binned|561nm Binned|488nm Binned,Seq0150
L11,L,11,PLD3_TMEM106B_no_mCherry,False,32,"/Users/pmihack/claire/tmem_2026/data/260213_Feb16recopy_HYdiff_landingpadlines_survival_384well1/20260312_083635_497/260312_Day32_WellL11_Channel405nm Binned,561 nm,488nm Binned_Seq0150.nd2","260312_Day32_WellL11_Channel405nm Binned,561 nm,488nm Binned_Seq0150.nd2",49688576,405nm Binned|561 nm|488nm Binned,Seq0150
L11,L,11,PLD3_TMEM106B_no_mCherry,False,36,"/Users/pmihack/claire/tmem_2026/data/260213_Feb16recopy_HYdiff_landingpadlines_survival_384well1/20260316_093139_667/260316_Day36_WellL11_Channel405nm Binned,561nm Binned,488nm Binned_Seq0150.nd2","260316_Day36_WellL11_Channel405nm Binned,561nm Binned,488nm Binned_Seq0150.nd2",49700864,405nm Binned|561nm Binned|488nm Binned,Seq0150
L11,L,11,PLD3_TMEM106B_no_mCherry,False,39,"/Users/pmihack/claire/tmem_2026/data/260213_Feb16recopy_HYdiff_landingpadlines_survival_384well1/20260319_083746_585/260319_Day39_WellL11_Channel405nm Binned,561nm Binned,488nm Binned_Seq0150.nd2","260319_Day39_WellL11_Channel405nm Binned,561nm Binned,488nm Binned_Seq0150.nd2",49692672,405nm Binned|561nm Binned|488nm Binned,Seq0150
L12,L,12,PLD3_TMEM106B_no_mCherry,False,8,"/Users/pmihack/claire/tmem_2026/data/260213_Feb16recopy_HYdiff_landingpadlines_survival_384well1/20260216_084435_959/260216_Day8_iNeurons_WellL12_Channel405nm Binned,561nm Binned,488nm Binned_Seq0151.nd2","260216_Day8_iNeurons_WellL12_Channel405nm Binned,561nm Binned,488nm Binned_Seq0151.nd2",49692672,405nm Binned|561nm Binned|488nm Binned,Seq0151
L12,L,12,PLD3_TMEM106B_no_mCherry,False,12,"/Users/pmihack/claire/tmem_2026/data/260213_Feb16recopy_HYdiff_landingpadlines_survival_384well1/20260220_085237_196/260220_Day12_WellL12_Channel405nm Binned,561nm Binned,488nm Binned_Seq0151.nd2","260220_Day12_WellL12_Channel405nm Binned,561nm Binned,488nm Binned_Seq0151.nd2",49692672,405nm Binned|561nm Binned|488nm Binned,Seq0151
L12,L,12,PLD3_TMEM106B_no_mCherry,False,16,"/Users/pmihack/claire/tmem_2026/data/260213_Feb16recopy_HYdiff_landingpadlines_survival_384well1/20260224_090320_759/260224_day16_WellL12_Channel405nm Binned,561nm Binned,488nm Binned_Seq0151.nd2","260224_day16_WellL12_Channel405nm Binned,561nm Binned,488nm Binned_Seq0151.nd2",49692672,405nm Binned|561nm Binned|488nm Binned,Seq0151
L12,L,12,PLD3_TMEM106B_no_mCherry,False,20,"/Users/pmihack/claire/tmem_2026/data/260213_Feb16recopy_HYdiff_landingpadlines_survival_384well1/20260228_090815_318/260228_day20_WellL12_Channel405nm Binned,561nm Binned,488nm Binned_Seq0151.nd2","260228_day20_WellL12_Channel405nm Binned,561nm Binned,488nm Binned_Seq0151.nd2",49692672,405nm Binned|561nm Binned|488nm Binned,Seq0151
L12,L,12,PLD3_TMEM106B_no_mCherry,False,25,"/Users/pmihack/claire/tmem_2026/data/260213_Feb16recopy_HYdiff_landingpadlines_survival_384well1/20260305_171612_406/260305_day25_iNeurons_WellL12_Channel405nm Binned,561nm Binned,488nm Binned_Seq0151.nd2","260305_day25_iNeurons_WellL12_Channel405nm Binned,561nm Binned,488nm Binned_Seq0151.nd2",49688576,405nm Binned|561nm Binned|488nm Binned,Seq0151
L12,L,12,PLD3_TMEM106B_no_mCherry,False,29,"/Users/pmihack/claire/tmem_2026/data/260213_Feb16recopy_HYdiff_landingpadlines_survival_384well1/20260309_090353_210/260309_Day29_WellL12_Channel405nm Binned,561nm Binned,488nm Binned_Seq0151.nd2","260309_Day29_WellL12_Channel405nm Binned,561nm Binned,488nm Binned_Seq0151.nd2",49688576,405nm Binned|561nm Binned|488nm Binned,Seq0151
L12,L,12,PLD3_TMEM106B_no_mCherry,False,32,"/Users/pmihack/claire/tmem_2026/data/260213_Feb16recopy_HYdiff_landingpadlines_survival_384well1/20260312_083635_497/260312_Day32_WellL12_Channel405nm Binned,561 nm,488nm Binned_Seq0151.nd2","260312_Day32_WellL12_Channel405nm Binned,561 nm,488nm Binned_Seq0151.nd2",49688576,405nm Binned|561 nm|488nm Binned,Seq0151
L12,L,12,PLD3_TMEM106B_no_mCherry,False,36,"/Users/pmihack/claire/tmem_2026/data/260213_Feb16recopy_HYdiff_landingpadlines_survival_384well1/20260316_093139_667/260316_Day36_WellL12_Channel405nm Binned,561nm Binned,488nm Binned_Seq0151.nd2","260316_Day36_WellL12_Channel405nm Binned,561nm Binned,488nm Binned_Seq0151.nd2",49700864,405nm Binned|561nm Binned|488nm Binned,Seq0151
L12,L,12,PLD3_TMEM106B_no_mCherry,False,39,"/Users/pmihack/claire/tmem_2026/data/260213_Feb16recopy_HYdiff_landingpadlines_survival_384well1/20260319_083746_585/260319_Day39_WellL12_Channel405nm Binned,561nm Binned,488nm Binned_Seq0151.nd2","260319_Day39_WellL12_Channel405nm Binned,561nm Binned,488nm Binned_Seq0151.nd2",49692672,405nm Binned|561nm Binned|488nm Binned,Seq0151
L13,L,13,PLD3_TMEM106B_no_mCherry,False,8,"/Users/pmihack/claire/tmem_2026/data/260213_Feb16recopy_HYdiff_landingpadlines_survival_384well1/20260216_084435_959/260216_Day8_iNeurons_WellL13_Channel405nm Binned,561nm Binned,488nm Binned_Seq0152.nd2","260216_Day8_iNeurons_WellL13_Channel405nm Binned,561nm Binned,488nm Binned_Seq0152.nd2",49692672,405nm Binned|561nm Binned|488nm Binned,Seq0152
L13,L,13,PLD3_TMEM106B_no_mCherry,False,12,"/Users/pmihack/claire/tmem_2026/data/260213_Feb16recopy_HYdiff_landingpadlines_survival_384well1/20260220_085237_196/260220_Day12_WellL13_Channel405nm Binned,561nm Binned,488nm Binned_Seq0152.nd2","260220_Day12_WellL13_Channel405nm Binned,561nm Binned,488nm Binned_Seq0152.nd2",49692672,405nm Binned|561nm Binned|488nm Binned,Seq0152
L13,L,13,PLD3_TMEM106B_no_mCherry,False,16,"/Users/pmihack/claire/tmem_2026/data/260213_Feb16recopy_HYdiff_landingpadlines_survival_384well1/20260224_090320_759/260224_day16_WellL13_Channel405nm Binned,561nm Binned,488nm Binned_Seq0152.nd2","260224_day16_WellL13_Channel405nm Binned,561nm Binned,488nm Binned_Seq0152.nd2",49692672,405nm Binned|561nm Binned|488nm Binned,Seq0152
L13,L,13,PLD3_TMEM106B_no_mCherry,False,20,"/Users/pmihack/claire/tmem_2026/data/260213_Feb16recopy_HYdiff_landingpadlines_survival_384well1/20260228_090815_318/260228_day20_WellL13_Channel405nm Binned,561nm Binned,488nm Binned_Seq0152.nd2","260228_day20_WellL13_Channel405nm Binned,561nm Binned,488nm Binned_Seq0152.nd2",49692672,405nm Binned|561nm Binned|488nm Binned,Seq0152
L13,L,13,PLD3_TMEM106B_no_mCherry,False,25,"/Users/pmihack/claire/tmem_2026/data/260213_Feb16recopy_HYdiff_landingpadlines_survival_384well1/20260305_171612_406/260305_day25_iNeurons_WellL13_Channel405nm Binned,561nm Binned,488nm Binned_Seq0152.nd2","260305_day25_iNeurons_WellL13_Channel405nm Binned,561nm Binned,488nm Binned_Seq0152.nd2",49688576,405nm Binned|561nm Binned|488nm Binned,Seq0152
L13,L,13,PLD3_TMEM106B_no_mCherry,False,29,"/Users/pmihack/claire/tmem_2026/data/260213_Feb16recopy_HYdiff_landingpadlines_survival_384well1/20260309_090353_210/260309_Day29_WellL13_Channel405nm Binned,561nm Binned,488nm Binned_Seq0152.nd2","260309_Day29_WellL13_Channel405nm Binned,561nm Binned,488nm Binned_Seq0152.nd2",49688576,405nm Binned|561nm Binned|488nm Binned,Seq0152
L13,L,13,PLD3_TMEM106B_no_mCherry,False,32,"/Users/pmihack/claire/tmem_2026/data/260213_Feb16recopy_HYdiff_landingpadlines_survival_384well1/20260312_083635_497/260312_Day32_WellL13_Channel405nm Binned,561 nm,488nm Binned_Seq0152.nd2","260312_Day32_WellL13_Channel405nm Binned,561 nm,488nm Binned_Seq0152.nd2",49688576,405nm Binned|561 nm|488nm Binned,Seq0152
L13,L,13,PLD3_TMEM106B_no_mCherry,False,36,"/Users/pmihack/claire/tmem_2026/data/260213_Feb16recopy_HYdiff_landingpadlines_survival_384well1/20260316_093139_667/260316_Day36_WellL13_Channel405nm Binned,561nm Binned,488nm Binned_Seq0152.nd2","260316_Day36_WellL13_Channel405nm Binned,561nm Binned,488nm Binned_Seq0152.nd2",49700864,405nm Binned|561nm Binned|488nm Binned,Seq0152
L13,L,13,PLD3_TMEM106B_no_mCherry,False,39,"/Users/pmihack/claire/tmem_2026/data/260213_Feb16recopy_HYdiff_landingpadlines_survival_384well1/20260319_083746_585/260319_Day39_WellL13_Channel405nm Binned,561nm Binned,488nm Binned_Seq0152.nd2","260319_Day39_WellL13_Channel405nm Binned,561nm Binned,488nm Binned_Seq0152.nd2",49692672,405nm Binned|561nm Binned|488nm Binned,Seq0152
L14,L,14,PLD3_TMEM106B_no_mCherry,False,8,"/Users/pmihack/claire/tmem_2026/data/260213_Feb16recopy_HYdiff_landingpadlines_survival_384well1/20260216_084435_959/260216_Day8_iNeurons_WellL14_Channel405nm Binned,561nm Binned,488nm Binned_Seq0153.nd2","260216_Day8_iNeurons_WellL14_Channel405nm Binned,561nm Binned,488nm Binned_Seq0153.nd2",49692672,405nm Binned|561nm Binned|488nm Binned,Seq0153
L14,L,14,PLD3_TMEM106B_no_mCherry,False,12,"/Users/pmihack/claire/tmem_2026/data/260213_Feb16recopy_HYdiff_landingpadlines_survival_384well1/20260220_085237_196/260220_Day12_WellL14_Channel405nm Binned,561nm Binned,488nm Binned_Seq0153.nd2","260220_Day12_WellL14_Channel405nm Binned,561nm Binned,488nm Binned_Seq0153.nd2",49692672,405nm Binned|561nm Binned|488nm Binned,Seq0153
L14,L,14,PLD3_TMEM106B_no_mCherry,False,16,"/Users/pmihack/claire/tmem_2026/data/260213_Feb16recopy_HYdiff_landingpadlines_survival_384well1/20260224_090320_759/260224_day16_WellL14_Channel405nm Binned,561nm Binned,488nm Binned_Seq0153.nd2","260224_day16_WellL14_Channel405nm Binned,561nm Binned,488nm Binned_Seq0153.nd2",49692672,405nm Binned|561nm Binned|488nm Binned,Seq0153
L14,L,14,PLD3_TMEM106B_no_mCherry,False,20,"/Users/pmihack/claire/tmem_2026/data/260213_Feb16recopy_HYdiff_landingpadlines_survival_384well1/20260228_090815_318/260228_day20_WellL14_Channel405nm Binned,561nm Binned,488nm Binned_Seq0153.nd2","260228_day20_WellL14_Channel405nm Binned,561nm Binned,488nm Binned_Seq0153.nd2",49692672,405nm Binned|561nm Binned|488nm Binned,Seq0153
L14,L,14,PLD3_TMEM106B_no_mCherry,False,25,"/Users/pmihack/claire/tmem_2026/data/260213_Feb16recopy_HYdiff_landingpadlines_survival_384well1/20260305_171612_406/260305_day25_iNeurons_WellL14_Channel405nm Binned,561nm Binned,488nm Binned_Seq0153.nd2","260305_day25_iNeurons_WellL14_Channel405nm Binned,561nm Binned,488nm Binned_Seq0153.nd2",49688576,405nm Binned|561nm Binned|488nm Binned,Seq0153
L14,L,14,PLD3_TMEM106B_no_mCherry,False,29,"/Users/pmihack/claire/tmem_2026/data/260213_Feb16recopy_HYdiff_landingpadlines_survival_384well1/20260309_090353_210/260309_Day29_WellL14_Channel405nm Binned,561nm Binned,488nm Binned_Seq0153.nd2","260309_Day29_WellL14_Channel405nm Binned,561nm Binned,488nm Binned_Seq0153.nd2",49688576,405nm Binned|561nm Binned|488nm Binned,Seq0153
L14,L,14,PLD3_TMEM106B_no_mCherry,False,32,"/Users/pmihack/claire/tmem_2026/data/260213_Feb16recopy_HYdiff_landingpadlines_survival_384well1/20260312_083635_497/260312_Day32_WellL14_Channel405nm Binned,561 nm,488nm Binned_Seq0153.nd2","260312_Day32_WellL14_Channel405nm Binned,561 nm,488nm Binned_Seq0153.nd2",49688576,405nm Binned|561 nm|488nm Binned,Seq0153
L14,L,14,PLD3_TMEM106B_no_mCherry,False,36,"/Users/pmihack/claire/tmem_2026/data/260213_Feb16recopy_HYdiff_landingpadlines_survival_384well1/20260316_093139_667/260316_Day36_WellL14_Channel405nm Binned,561nm Binned,488nm Binned_Seq0153.nd2","260316_Day36_WellL14_Channel405nm Binned,561nm Binned,488nm Binned_Seq0153.nd2",49700864,405nm Binned|561nm Binned|488nm Binned,Seq0153
L14,L,14,PLD3_TMEM106B_no_mCherry,False,39,"/Users/pmihack/claire/tmem_2026/data/260213_Feb16recopy_HYdiff_landingpadlines_survival_384well1/20260319_083746_585/260319_Day39_WellL14_Channel405nm Binned,561nm Binned,488nm Binned_Seq0153.nd2","260319_Day39_WellL14_Channel405nm Binned,561nm Binned,488nm Binned_Seq0153.nd2",49692672,405nm Binned|561nm Binned|488nm Binned,Seq0153
L15,L,15,PLD3_TMEM106B_no_mCherry,False,8,"/Users/pmihack/claire/tmem_2026/data/260213_Feb16recopy_HYdiff_landingpadlines_survival_384well1/20260216_084435_959/260216_Day8_iNeurons_WellL15_Channel405nm Binned,561nm Binned,488nm Binned_Seq0154.nd2","260216_Day8_iNeurons_WellL15_Channel405nm Binned,561nm Binned,488nm Binned_Seq0154.nd2",49692672,405nm Binned|561nm Binned|488nm Binned,Seq0154
L15,L,15,PLD3_TMEM106B_no_mCherry,False,12,"/Users/pmihack/claire/tmem_2026/data/260213_Feb16recopy_HYdiff_landingpadlines_survival_384well1/20260220_085237_196/260220_Day12_WellL15_Channel405nm Binned,561nm Binned,488nm Binned_Seq0154.nd2","260220_Day12_WellL15_Channel405nm Binned,561nm Binned,488nm Binned_Seq0154.nd2",49692672,405nm Binned|561nm Binned|488nm Binned,Seq0154
L15,L,15,PLD3_TMEM106B_no_mCherry,False,16,"/Users/pmihack/claire/tmem_2026/data/260213_Feb16recopy_HYdiff_landingpadlines_survival_384well1/20260224_090320_759/260224_day16_WellL15_Channel405nm Binned,561nm Binned,488nm Binned_Seq0154.nd2","260224_day16_WellL15_Channel405nm Binned,561nm Binned,488nm Binned_Seq0154.nd2",49692672,405nm Binned|561nm Binned|488nm Binned,Seq0154
L15,L,15,PLD3_TMEM106B_no_mCherry,False,20,"/Users/pmihack/claire/tmem_2026/data/260213_Feb16recopy_HYdiff_landingpadlines_survival_384well1/20260228_090815_318/260228_day20_WellL15_Channel405nm Binned,561nm Binned,488nm Binned_Seq0154.nd2","260228_day20_WellL15_Channel405nm Binned,561nm Binned,488nm Binned_Seq0154.nd2",49692672,405nm Binned|561nm Binned|488nm Binned,Seq0154
L15,L,15,PLD3_TMEM106B_no_mCherry,False,25,"/Users/pmihack/claire/tmem_2026/data/260213_Feb16recopy_HYdiff_landingpadlines_survival_384well1/20260305_171612_406/260305_day25_iNeurons_WellL15_Channel405nm Binned,561nm Binned,488nm Binned_Seq0154.nd2","260305_day25_iNeurons_WellL15_Channel405nm Binned,561nm Binned,488nm Binned_Seq0154.nd2",49688576,405nm Binned|561nm Binned|488nm Binned,Seq0154
L15,L,15,PLD3_TMEM106B_no_mCherry,False,29,"/Users/pmihack/claire/tmem_2026/data/260213_Feb16recopy_HYdiff_landingpadlines_survival_384well1/20260309_090353_210/260309_Day29_WellL15_Channel405nm Binned,561nm Binned,488nm Binned_Seq0154.nd2","260309_Day29_WellL15_Channel405nm Binned,561nm Binned,488nm Binned_Seq0154.nd2",49688576,405nm Binned|561nm Binned|488nm Binned,Seq0154
L15,L,15,PLD3_TMEM106B_no_mCherry,False,32,"/Users/pmihack/claire/tmem_2026/data/260213_Feb16recopy_HYdiff_landingpadlines_survival_384well1/20260312_083635_497/260312_Day32_WellL15_Channel405nm Binned,561 nm,488nm Binned_Seq0154.nd2","260312_Day32_WellL15_Channel405nm Binned,561 nm,488nm Binned_Seq0154.nd2",49688576,405nm Binned|561 nm|488nm Binned,Seq0154
L15,L,15,PLD3_TMEM106B_no_mCherry,False,36,"/Users/pmihack/claire/tmem_2026/data/260213_Feb16recopy_HYdiff_landingpadlines_survival_384well1/20260316_093139_667/260316_Day36_WellL15_Channel405nm Binned,561nm Binned,488nm Binned_Seq0154.nd2","260316_Day36_WellL15_Channel405nm Binned,561nm Binned,488nm Binned_Seq0154.nd2",49700864,405nm Binned|561nm Binned|488nm Binned,Seq0154
L15,L,15,PLD3_TMEM106B_no_mCherry,False,39,"/Users/pmihack/claire/tmem_2026/data/260213_Feb16recopy_HYdiff_landingpadlines_survival_384well1/20260319_083746_585/260319_Day39_WellL15_Channel405nm Binned,561nm Binned,488nm Binned_Seq0154.nd2","260319_Day39_WellL15_Channel405nm Binned,561nm Binned,488nm Binned_Seq0154.nd2",49692672,405nm Binned|561nm Binned|488nm Binned,Seq0154
L16,L,16,PLD3_TMEM106B_no_mCherry,False,8,"/Users/pmihack/claire/tmem_2026/data/260213_Feb16recopy_HYdiff_landingpadlines_survival_384well1/20260216_084435_959/260216_Day8_iNeurons_WellL16_Channel405nm Binned,561nm Binned,488nm Binned_Seq0155.nd2","260216_Day8_iNeurons_WellL16_Channel405nm Binned,561nm Binned,488nm Binned_Seq0155.nd2",49692672,405nm Binned|561nm Binned|488nm Binned,Seq0155
L16,L,16,PLD3_TMEM106B_no_mCherry,False,12,"/Users/pmihack/claire/tmem_2026/data/260213_Feb16recopy_HYdiff_landingpadlines_survival_384well1/20260220_085237_196/260220_Day12_WellL16_Channel405nm Binned,561nm Binned,488nm Binned_Seq0155.nd2","260220_Day12_WellL16_Channel405nm Binned,561nm Binned,488nm Binned_Seq0155.nd2",49692672,405nm Binned|561nm Binned|488nm Binned,Seq0155
L16,L,16,PLD3_TMEM106B_no_mCherry,False,16,"/Users/pmihack/claire/tmem_2026/data/260213_Feb16recopy_HYdiff_landingpadlines_survival_384well1/20260224_090320_759/260224_day16_WellL16_Channel405nm Binned,561nm Binned,488nm Binned_Seq0155.nd2","260224_day16_WellL16_Channel405nm Binned,561nm Binned,488nm Binned_Seq0155.nd2",49692672,405nm Binned|561nm Binned|488nm Binned,Seq0155
L16,L,16,PLD3_TMEM106B_no_mCherry,False,20,"/Users/pmihack/claire/tmem_2026/data/260213_Feb16recopy_HYdiff_landingpadlines_survival_384well1/20260228_090815_318/260228_day20_WellL16_Channel405nm Binned,561nm Binned,488nm Binned_Seq0155.nd2","260228_day20_WellL16_Channel405nm Binned,561nm Binned,488nm Binned_Seq0155.nd2",49692672,405nm Binned|561nm Binned|488nm Binned,Seq0155
L16,L,16,PLD3_TMEM106B_no_mCherry,False,25,"/Users/pmihack/claire/tmem_2026/data/260213_Feb16recopy_HYdiff_landingpadlines_survival_384well1/20260305_171612_406/260305_day25_iNeurons_WellL16_Channel405nm Binned,561nm Binned,488nm Binned_Seq0155.nd2","260305_day25_iNeurons_WellL16_Channel405nm Binned,561nm Binned,488nm Binned_Seq0155.nd2",49688576,405nm Binned|561nm Binned|488nm Binned,Seq0155
L16,L,16,PLD3_TMEM106B_no_mCherry,False,29,"/Users/pmihack/claire/tmem_2026/data/260213_Feb16recopy_HYdiff_landingpadlines_survival_384well1/20260309_090353_210/260309_Day29_WellL16_Channel405nm Binned,561nm Binned,488nm Binned_Seq0155.nd2","260309_Day29_WellL16_Channel405nm Binned,561nm Binned,488nm Binned_Seq0155.nd2",49688576,405nm Binned|561nm Binned|488nm Binned,Seq0155
L16,L,16,PLD3_TMEM106B_no_mCherry,False,32,"/Users/pmihack/claire/tmem_2026/data/260213_Feb16recopy_HYdiff_landingpadlines_survival_384well1/20260312_083635_497/260312_Day32_WellL16_Channel405nm Binned,561 nm,488nm Binned_Seq0155.nd2","260312_Day32_WellL16_Channel405nm Binned,561 nm,488nm Binned_Seq0155.nd2",49688576,405nm Binned|561 nm|488nm Binned,Seq0155
L16,L,16,PLD3_TMEM106B_no_mCherry,False,36,"/Users/pmihack/claire/tmem_2026/data/260213_Feb16recopy_HYdiff_landingpadlines_survival_384well1/20260316_093139_667/260316_Day36_WellL16_Channel405nm Binned,561nm Binned,488nm Binned_Seq0155.nd2","260316_Day36_WellL16_Channel405nm Binned,561nm Binned,488nm Binned_Seq0155.nd2",49700864,405nm Binned|561nm Binned|488nm Binned,Seq0155
L16,L,16,PLD3_TMEM106B_no_mCherry,False,39,"/Users/pmihack/claire/tmem_2026/data/260213_Feb16recopy_HYdiff_landingpadlines_survival_384well1/20260319_083746_585/260319_Day39_WellL16_Channel405nm Binned,561nm Binned,488nm Binned_Seq0155.nd2","260319_Day39_WellL16_Channel405nm Binned,561nm Binned,488nm Binned_Seq0155.nd2",49692672,405nm Binned|561nm Binned|488nm Binned,Seq0155
L17,L,17,PLD3_TMEM106B_no_mCherry,False,8,"/Users/pmihack/claire/tmem_2026/data/260213_Feb16recopy_HYdiff_landingpadlines_survival_384well1/20260216_084435_959/260216_Day8_iNeurons_WellL17_Channel405nm Binned,561nm Binned,488nm Binned_Seq0156.nd2","260216_Day8_iNeurons_WellL17_Channel405nm Binned,561nm Binned,488nm Binned_Seq0156.nd2",49692672,405nm Binned|561nm Binned|488nm Binned,Seq0156
L17,L,17,PLD3_TMEM106B_no_mCherry,False,12,"/Users/pmihack/claire/tmem_2026/data/260213_Feb16recopy_HYdiff_landingpadlines_survival_384well1/20260220_085237_196/260220_Day12_WellL17_Channel405nm Binned,561nm Binned,488nm Binned_Seq0156.nd2","260220_Day12_WellL17_Channel405nm Binned,561nm Binned,488nm Binned_Seq0156.nd2",49692672,405nm Binned|561nm Binned|488nm Binned,Seq0156
L17,L,17,PLD3_TMEM106B_no_mCherry,False,16,"/Users/pmihack/claire/tmem_2026/data/260213_Feb16recopy_HYdiff_landingpadlines_survival_384well1/20260224_090320_759/260224_day16_WellL17_Channel405nm Binned,561nm Binned,488nm Binned_Seq0156.nd2","260224_day16_WellL17_Channel405nm Binned,561nm Binned,488nm Binned_Seq0156.nd2",49692672,405nm Binned|561nm Binned|488nm Binned,Seq0156
L17,L,17,PLD3_TMEM106B_no_mCherry,False,20,"/Users/pmihack/claire/tmem_2026/data/260213_Feb16recopy_HYdiff_landingpadlines_survival_384well1/20260228_090815_318/260228_day20_WellL17_Channel405nm Binned,561nm Binned,488nm Binned_Seq0156.nd2","260228_day20_WellL17_Channel405nm Binned,561nm Binned,488nm Binned_Seq0156.nd2",49692672,405nm Binned|561nm Binned|488nm Binned,Seq0156
L17,L,17,PLD3_TMEM106B_no_mCherry,False,25,"/Users/pmihack/claire/tmem_2026/data/260213_Feb16recopy_HYdiff_landingpadlines_survival_384well1/20260305_171612_406/260305_day25_iNeurons_WellL17_Channel405nm Binned,561nm Binned,488nm Binned_Seq0156.nd2","260305_day25_iNeurons_WellL17_Channel405nm Binned,561nm Binned,488nm Binned_Seq0156.nd2",49688576,405nm Binned|561nm Binned|488nm Binned,Seq0156
L17,L,17,PLD3_TMEM106B_no_mCherry,False,29,"/Users/pmihack/claire/tmem_2026/data/260213_Feb16recopy_HYdiff_landingpadlines_survival_384well1/20260309_090353_210/260309_Day29_WellL17_Channel405nm Binned,561nm Binned,488nm Binned_Seq0156.nd2","260309_Day29_WellL17_Channel405nm Binned,561nm Binned,488nm Binned_Seq0156.nd2",49688576,405nm Binned|561nm Binned|488nm Binned,Seq0156
L17,L,17,PLD3_TMEM106B_no_mCherry,False,32,"/Users/pmihack/claire/tmem_2026/data/260213_Feb16recopy_HYdiff_landingpadlines_survival_384well1/20260312_083635_497/260312_Day32_WellL17_Channel405nm Binned,561 nm,488nm Binned_Seq0156.nd2","260312_Day32_WellL17_Channel405nm Binned,561 nm,488nm Binned_Seq0156.nd2",49688576,405nm Binned|561 nm|488nm Binned,Seq0156
L17,L,17,PLD3_TMEM106B_no_mCherry,False,36,"/Users/pmihack/claire/tmem_2026/data/260213_Feb16recopy_HYdiff_landingpadlines_survival_384well1/20260316_093139_667/260316_Day36_WellL17_Channel405nm Binned,561nm Binned,488nm Binned_Seq0156.nd2","260316_Day36_WellL17_Channel405nm Binned,561nm Binned,488nm Binned_Seq0156.nd2",49700864,405nm Binned|561nm Binned|488nm Binned,Seq0156
L17,L,17,PLD3_TMEM106B_no_mCherry,False,39,"/Users/pmihack/claire/tmem_2026/data/260213_Feb16recopy_HYdiff_landingpadlines_survival_384well1/20260319_083746_585/260319_Day39_WellL17_Channel405nm Binned,561nm Binned,488nm Binned_Seq0156.nd2","260319_Day39_WellL17_Channel405nm Binned,561nm Binned,488nm Binned_Seq0156.nd2",49692672,405nm Binned|561nm Binned|488nm Binned,Seq0156
L18,L,18,PLD3_TMEM106B_no_mCherry,False,8,"/Users/pmihack/claire/tmem_2026/data/260213_Feb16recopy_HYdiff_landingpadlines_survival_384well1/20260216_084435_959/260216_Day8_iNeurons_WellL18_Channel405nm Binned,561nm Binned,488nm Binned_Seq0157.nd2","260216_Day8_iNeurons_WellL18_Channel405nm Binned,561nm Binned,488nm Binned_Seq0157.nd2",49692672,405nm Binned|561nm Binned|488nm Binned,Seq0157
L18,L,18,PLD3_TMEM106B_no_mCherry,False,12,"/Users/pmihack/claire/tmem_2026/data/260213_Feb16recopy_HYdiff_landingpadlines_survival_384well1/20260220_085237_196/260220_Day12_WellL18_Channel405nm Binned,561nm Binned,488nm Binned_Seq0157.nd2","260220_Day12_WellL18_Channel405nm Binned,561nm Binned,488nm Binned_Seq0157.nd2",49692672,405nm Binned|561nm Binned|488nm Binned,Seq0157
L18,L,18,PLD3_TMEM106B_no_mCherry,False,16,"/Users/pmihack/claire/tmem_2026/data/260213_Feb16recopy_HYdiff_landingpadlines_survival_384well1/20260224_090320_759/260224_day16_WellL18_Channel405nm Binned,561nm Binned,488nm Binned_Seq0157.nd2","260224_day16_WellL18_Channel405nm Binned,561nm Binned,488nm Binned_Seq0157.nd2",49692672,405nm Binned|561nm Binned|488nm Binned,Seq0157
L18,L,18,PLD3_TMEM106B_no_mCherry,False,20,"/Users/pmihack/claire/tmem_2026/data/260213_Feb16recopy_HYdiff_landingpadlines_survival_384well1/20260228_090815_318/260228_day20_WellL18_Channel405nm Binned,561nm Binned,488nm Binned_Seq0157.nd2","260228_day20_WellL18_Channel405nm Binned,561nm Binned,488nm Binned_Seq0157.nd2",49692672,405nm Binned|561nm Binned|488nm Binned,Seq0157
L18,L,18,PLD3_TMEM106B_no_mCherry,False,25,"/Users/pmihack/claire/tmem_2026/data/260213_Feb16recopy_HYdiff_landingpadlines_survival_384well1/20260305_171612_406/260305_day25_iNeurons_WellL18_Channel405nm Binned,561nm Binned,488nm Binned_Seq0157.nd2","260305_day25_iNeurons_WellL18_Channel405nm Binned,561nm Binned,488nm Binned_Seq0157.nd2",49688576,405nm Binned|561nm Binned|488nm Binned,Seq0157
L18,L,18,PLD3_TMEM106B_no_mCherry,False,29,"/Users/pmihack/claire/tmem_2026/data/260213_Feb16recopy_HYdiff_landingpadlines_survival_384well1/20260309_090353_210/260309_Day29_WellL18_Channel405nm Binned,561nm Binned,488nm Binned_Seq0157.nd2","260309_Day29_WellL18_Channel405nm Binned,561nm Binned,488nm Binned_Seq0157.nd2",49688576,405nm Binned|561nm Binned|488nm Binned,Seq0157
L18,L,18,PLD3_TMEM106B_no_mCherry,False,32,"/Users/pmihack/claire/tmem_2026/data/260213_Feb16recopy_HYdiff_landingpadlines_survival_384well1/20260312_083635_497/260312_Day32_WellL18_Channel405nm Binned,561 nm,488nm Binned_Seq0157.nd2","260312_Day32_WellL18_Channel405nm Binned,561 nm,488nm Binned_Seq0157.nd2",49688576,405nm Binned|561 nm|488nm Binned,Seq0157
L18,L,18,PLD3_TMEM106B_no_mCherry,False,36,"/Users/pmihack/claire/tmem_2026/data/260213_Feb16recopy_HYdiff_landingpadlines_survival_384well1/20260316_093139_667/260316_Day36_WellL18_Channel405nm Binned,561nm Binned,488nm Binned_Seq0157.nd2","260316_Day36_WellL18_Channel405nm Binned,561nm Binned,488nm Binned_Seq0157.nd2",49700864,405nm Binned|561nm Binned|488nm Binned,Seq0157
L18,L,18,PLD3_TMEM106B_no_mCherry,False,39,"/Users/pmihack/claire/tmem_2026/data/260213_Feb16recopy_HYdiff_landingpadlines_survival_384well1/20260319_083746_585/260319_Day39_WellL18_Channel405nm Binned,561nm Binned,488nm Binned_Seq0157.nd2","260319_Day39_WellL18_Channel405nm Binned,561nm Binned,488nm Binned_Seq0157.nd2",49692672,405nm Binned|561nm Binned|488nm Binned,Seq0157
L19,L,19,PLD3_TMEM106B_no_mCherry,False,8,"/Users/pmihack/claire/tmem_2026/data/260213_Feb16recopy_HYdiff_landingpadlines_survival_384well1/20260216_084435_959/260216_Day8_iNeurons_WellL19_Channel405nm Binned,561nm Binned,488nm Binned_Seq0158.nd2","260216_Day8_iNeurons_WellL19_Channel405nm Binned,561nm Binned,488nm Binned_Seq0158.nd2",49692672,405nm Binned|561nm Binned|488nm Binned,Seq0158
L19,L,19,PLD3_TMEM106B_no_mCherry,False,12,"/Users/pmihack/claire/tmem_2026/data/260213_Feb16recopy_HYdiff_landingpadlines_survival_384well1/20260220_085237_196/260220_Day12_WellL19_Channel405nm Binned,561nm Binned,488nm Binned_Seq0158.nd2","260220_Day12_WellL19_Channel405nm Binned,561nm Binned,488nm Binned_Seq0158.nd2",49692672,405nm Binned|561nm Binned|488nm Binned,Seq0158
L19,L,19,PLD3_TMEM106B_no_mCherry,False,16,"/Users/pmihack/claire/tmem_2026/data/260213_Feb16recopy_HYdiff_landingpadlines_survival_384well1/20260224_090320_759/260224_day16_WellL19_Channel405nm Binned,561nm Binned,488nm Binned_Seq0158.nd2","260224_day16_WellL19_Channel405nm Binned,561nm Binned,488nm Binned_Seq0158.nd2",49692672,405nm Binned|561nm Binned|488nm Binned,Seq0158
L19,L,19,PLD3_TMEM106B_no_mCherry,False,20,"/Users/pmihack/claire/tmem_2026/data/260213_Feb16recopy_HYdiff_landingpadlines_survival_384well1/20260228_090815_318/260228_day20_WellL19_Channel405nm Binned,561nm Binned,488nm Binned_Seq0158.nd2","260228_day20_WellL19_Channel405nm Binned,561nm Binned,488nm Binned_Seq0158.nd2",49692672,405nm Binned|561nm Binned|488nm Binned,Seq0158
L19,L,19,PLD3_TMEM106B_no_mCherry,False,25,"/Users/pmihack/claire/tmem_2026/data/260213_Feb16recopy_HYdiff_landingpadlines_survival_384well1/20260305_171612_406/260305_day25_iNeurons_WellL19_Channel405nm Binned,561nm Binned,488nm Binned_Seq0158.nd2","260305_day25_iNeurons_WellL19_Channel405nm Binned,561nm Binned,488nm Binned_Seq0158.nd2",49688576,405nm Binned|561nm Binned|488nm Binned,Seq0158
L19,L,19,PLD3_TMEM106B_no_mCherry,False,29,"/Users/pmihack/claire/tmem_2026/data/260213_Feb16recopy_HYdiff_landingpadlines_survival_384well1/20260309_090353_210/260309_Day29_WellL19_Channel405nm Binned,561nm Binned,488nm Binned_Seq0158.nd2","260309_Day29_WellL19_Channel405nm Binned,561nm Binned,488nm Binned_Seq0158.nd2",49688576,405nm Binned|561nm Binned|488nm Binned,Seq0158
L19,L,19,PLD3_TMEM106B_no_mCherry,False,32,"/Users/pmihack/claire/tmem_2026/data/260213_Feb16recopy_HYdiff_landingpadlines_survival_384well1/20260312_083635_497/260312_Day32_WellL19_Channel405nm Binned,561 nm,488nm Binned_Seq0158.nd2","260312_Day32_WellL19_Channel405nm Binned,561 nm,488nm Binned_Seq0158.nd2",49688576,405nm Binned|561 nm|488nm Binned,Seq0158
L19,L,19,PLD3_TMEM106B_no_mCherry,False,36,"/Users/pmihack/claire/tmem_2026/data/260213_Feb16recopy_HYdiff_landingpadlines_survival_384well1/20260316_093139_667/260316_Day36_WellL19_Channel405nm Binned,561nm Binned,488nm Binned_Seq0158.nd2","260316_Day36_WellL19_Channel405nm Binned,561nm Binned,488nm Binned_Seq0158.nd2",49700864,405nm Binned|561nm Binned|488nm Binned,Seq0158
L19,L,19,PLD3_TMEM106B_no_mCherry,False,39,"/Users/pmihack/claire/tmem_2026/data/260213_Feb16recopy_HYdiff_landingpadlines_survival_384well1/20260319_083746_585/260319_Day39_WellL19_Channel405nm Binned,561nm Binned,488nm Binned_Seq0158.nd2","260319_Day39_WellL19_Channel405nm Binned,561nm Binned,488nm Binned_Seq0158.nd2",49692672,405nm Binned|561nm Binned|488nm Binned,Seq0158
L20,L,20,PLD3_TMEM106B_no_mCherry,False,8,"/Users/pmihack/claire/tmem_2026/data/260213_Feb16recopy_HYdiff_landingpadlines_survival_384well1/20260216_084435_959/260216_Day8_iNeurons_WellL20_Channel405nm Binned,561nm Binned,488nm Binned_Seq0159.nd2","260216_Day8_iNeurons_WellL20_Channel405nm Binned,561nm Binned,488nm Binned_Seq0159.nd2",49692672,405nm Binned|561nm Binned|488nm Binned,Seq0159
L20,L,20,PLD3_TMEM106B_no_mCherry,False,12,"/Users/pmihack/claire/tmem_2026/data/260213_Feb16recopy_HYdiff_landingpadlines_survival_384well1/20260220_085237_196/260220_Day12_WellL20_Channel405nm Binned,561nm Binned,488nm Binned_Seq0159.nd2","260220_Day12_WellL20_Channel405nm Binned,561nm Binned,488nm Binned_Seq0159.nd2",49692672,405nm Binned|561nm Binned|488nm Binned,Seq0159
L20,L,20,PLD3_TMEM106B_no_mCherry,False,16,"/Users/pmihack/claire/tmem_2026/data/260213_Feb16recopy_HYdiff_landingpadlines_survival_384well1/20260224_090320_759/260224_day16_WellL20_Channel405nm Binned,561nm Binned,488nm Binned_Seq0159.nd2","260224_day16_WellL20_Channel405nm Binned,561nm Binned,488nm Binned_Seq0159.nd2",49692672,405nm Binned|561nm Binned|488nm Binned,Seq0159
L20,L,20,PLD3_TMEM106B_no_mCherry,False,20,"/Users/pmihack/claire/tmem_2026/data/260213_Feb16recopy_HYdiff_landingpadlines_survival_384well1/20260228_090815_318/260228_day20_WellL20_Channel405nm Binned,561nm Binned,488nm Binned_Seq0159.nd2","260228_day20_WellL20_Channel405nm Binned,561nm Binned,488nm Binned_Seq0159.nd2",49692672,405nm Binned|561nm Binned|488nm Binned,Seq0159
L20,L,20,PLD3_TMEM106B_no_mCherry,False,25,"/Users/pmihack/claire/tmem_2026/data/260213_Feb16recopy_HYdiff_landingpadlines_survival_384well1/20260305_171612_406/260305_day25_iNeurons_WellL20_Channel405nm Binned,561nm Binned,488nm Binned_Seq0159.nd2","260305_day25_iNeurons_WellL20_Channel405nm Binned,561nm Binned,488nm Binned_Seq0159.nd2",49688576,405nm Binned|561nm Binned|488nm Binned,Seq0159
L20,L,20,PLD3_TMEM106B_no_mCherry,False,29,"/Users/pmihack/claire/tmem_2026/data/260213_Feb16recopy_HYdiff_landingpadlines_survival_384well1/20260309_090353_210/260309_Day29_WellL20_Channel405nm Binned,561nm Binned,488nm Binned_Seq0159.nd2","260309_Day29_WellL20_Channel405nm Binned,561nm Binned,488nm Binned_Seq0159.nd2",49688576,405nm Binned|561nm Binned|488nm Binned,Seq0159
L20,L,20,PLD3_TMEM106B_no_mCherry,False,32,"/Users/pmihack/claire/tmem_2026/data/260213_Feb16recopy_HYdiff_landingpadlines_survival_384well1/20260312_083635_497/260312_Day32_WellL20_Channel405nm Binned,561 nm,488nm Binned_Seq0159.nd2","260312_Day32_WellL20_Channel405nm Binned,561 nm,488nm Binned_Seq0159.nd2",49688576,405nm Binned|561 nm|488nm Binned,Seq0159
L20,L,20,PLD3_TMEM106B_no_mCherry,False,36,"/Users/pmihack/claire/tmem_2026/data/260213_Feb16recopy_HYdiff_landingpadlines_survival_384well1/20260316_093139_667/260316_Day36_WellL20_Channel405nm Binned,561nm Binned,488nm Binned_Seq0159.nd2","260316_Day36_WellL20_Channel405nm Binned,561nm Binned,488nm Binned_Seq0159.nd2",49700864,405nm Binned|561nm Binned|488nm Binned,Seq0159
L20,L,20,PLD3_TMEM106B_no_mCherry,False,39,"/Users/pmihack/claire/tmem_2026/data/260213_Feb16recopy_HYdiff_landingpadlines_survival_384well1/20260319_083746_585/260319_Day39_WellL20_Channel405nm Binned,561nm Binned,488nm Binned_Seq0159.nd2","260319_Day39_WellL20_Channel405nm Binned,561nm Binned,488nm Binned_Seq0159.nd2",49692672,405nm Binned|561nm Binned|488nm Binned,Seq0159
M05,M,05,PLD3_mCherry_reporter_control,True,8,"/Users/pmihack/claire/tmem_2026/data/260213_Feb16recopy_HYdiff_landingpadlines_survival_384well1/20260216_084435_959/260216_Day8_iNeurons_WellM05_Channel405nm Binned,561nm Binned,488nm Binned_Seq0160.nd2","260216_Day8_iNeurons_WellM05_Channel405nm Binned,561nm Binned,488nm Binned_Seq0160.nd2",49692672,405nm Binned|561nm Binned|488nm Binned,Seq0160
M05,M,05,PLD3_mCherry_reporter_control,True,12,"/Users/pmihack/claire/tmem_2026/data/260213_Feb16recopy_HYdiff_landingpadlines_survival_384well1/20260220_085237_196/260220_Day12_WellM05_Channel405nm Binned,561nm Binned,488nm Binned_Seq0160.nd2","260220_Day12_WellM05_Channel405nm Binned,561nm Binned,488nm Binned_Seq0160.nd2",49692672,405nm Binned|561nm Binned|488nm Binned,Seq0160
M05,M,05,PLD3_mCherry_reporter_control,True,16,"/Users/pmihack/claire/tmem_2026/data/260213_Feb16recopy_HYdiff_landingpadlines_survival_384well1/20260224_090320_759/260224_day16_WellM05_Channel405nm Binned,561nm Binned,488nm Binned_Seq0160.nd2","260224_day16_WellM05_Channel405nm Binned,561nm Binned,488nm Binned_Seq0160.nd2",49692672,405nm Binned|561nm Binned|488nm Binned,Seq0160
M05,M,05,PLD3_mCherry_reporter_control,True,20,"/Users/pmihack/claire/tmem_2026/data/260213_Feb16recopy_HYdiff_landingpadlines_survival_384well1/20260228_090815_318/260228_day20_WellM05_Channel405nm Binned,561nm Binned,488nm Binned_Seq0160.nd2","260228_day20_WellM05_Channel405nm Binned,561nm Binned,488nm Binned_Seq0160.nd2",49692672,405nm Binned|561nm Binned|488nm Binned,Seq0160
M05,M,05,PLD3_mCherry_reporter_control,True,25,"/Users/pmihack/claire/tmem_2026/data/260213_Feb16recopy_HYdiff_landingpadlines_survival_384well1/20260305_171612_406/260305_day25_iNeurons_WellM05_Channel405nm Binned,561nm Binned,488nm Binned_Seq0160.nd2","260305_day25_iNeurons_WellM05_Channel405nm Binned,561nm Binned,488nm Binned_Seq0160.nd2",49688576,405nm Binned|561nm Binned|488nm Binned,Seq0160
M05,M,05,PLD3_mCherry_reporter_control,True,29,"/Users/pmihack/claire/tmem_2026/data/260213_Feb16recopy_HYdiff_landingpadlines_survival_384well1/20260309_090353_210/260309_Day29_WellM05_Channel405nm Binned,561nm Binned,488nm Binned_Seq0160.nd2","260309_Day29_WellM05_Channel405nm Binned,561nm Binned,488nm Binned_Seq0160.nd2",49688576,405nm Binned|561nm Binned|488nm Binned,Seq0160
M05,M,05,PLD3_mCherry_reporter_control,True,32,"/Users/pmihack/claire/tmem_2026/data/260213_Feb16recopy_HYdiff_landingpadlines_survival_384well1/20260312_083635_497/260312_Day32_WellM05_Channel405nm Binned,561 nm,488nm Binned_Seq0160.nd2","260312_Day32_WellM05_Channel405nm Binned,561 nm,488nm Binned_Seq0160.nd2",49688576,405nm Binned|561 nm|488nm Binned,Seq0160
M05,M,05,PLD3_mCherry_reporter_control,True,36,"/Users/pmihack/claire/tmem_2026/data/260213_Feb16recopy_HYdiff_landingpadlines_survival_384well1/20260316_093139_667/260316_Day36_WellM05_Channel405nm Binned,561nm Binned,488nm Binned_Seq0160.nd2","260316_Day36_WellM05_Channel405nm Binned,561nm Binned,488nm Binned_Seq0160.nd2",49700864,405nm Binned|561nm Binned|488nm Binned,Seq0160
M05,M,05,PLD3_mCherry_reporter_control,True,39,"/Users/pmihack/claire/tmem_2026/data/260213_Feb16recopy_HYdiff_landingpadlines_survival_384well1/20260319_083746_585/260319_Day39_WellM05_Channel405nm Binned,561nm Binned,488nm Binned_Seq0160.nd2","260319_Day39_WellM05_Channel405nm Binned,561nm Binned,488nm Binned_Seq0160.nd2",49692672,405nm Binned|561nm Binned|488nm Binned,Seq0160
M06,M,06,PLD3_mCherry_reporter_control,True,8,"/Users/pmihack/claire/tmem_2026/data/260213_Feb16recopy_HYdiff_landingpadlines_survival_384well1/20260216_084435_959/260216_Day8_iNeurons_WellM06_Channel405nm Binned,561nm Binned,488nm Binned_Seq0161.nd2","260216_Day8_iNeurons_WellM06_Channel405nm Binned,561nm Binned,488nm Binned_Seq0161.nd2",49692672,405nm Binned|561nm Binned|488nm Binned,Seq0161
M06,M,06,PLD3_mCherry_reporter_control,True,12,"/Users/pmihack/claire/tmem_2026/data/260213_Feb16recopy_HYdiff_landingpadlines_survival_384well1/20260220_085237_196/260220_Day12_WellM06_Channel405nm Binned,561nm Binned,488nm Binned_Seq0161.nd2","260220_Day12_WellM06_Channel405nm Binned,561nm Binned,488nm Binned_Seq0161.nd2",49692672,405nm Binned|561nm Binned|488nm Binned,Seq0161
M06,M,06,PLD3_mCherry_reporter_control,True,16,"/Users/pmihack/claire/tmem_2026/data/260213_Feb16recopy_HYdiff_landingpadlines_survival_384well1/20260224_090320_759/260224_day16_WellM06_Channel405nm Binned,561nm Binned,488nm Binned_Seq0161.nd2","260224_day16_WellM06_Channel405nm Binned,561nm Binned,488nm Binned_Seq0161.nd2",49692672,405nm Binned|561nm Binned|488nm Binned,Seq0161
M06,M,06,PLD3_mCherry_reporter_control,True,20,"/Users/pmihack/claire/tmem_2026/data/260213_Feb16recopy_HYdiff_landingpadlines_survival_384well1/20260228_090815_318/260228_day20_WellM06_Channel405nm Binned,561nm Binned,488nm Binned_Seq0161.nd2","260228_day20_WellM06_Channel405nm Binned,561nm Binned,488nm Binned_Seq0161.nd2",49692672,405nm Binned|561nm Binned|488nm Binned,Seq0161
M06,M,06,PLD3_mCherry_reporter_control,True,25,"/Users/pmihack/claire/tmem_2026/data/260213_Feb16recopy_HYdiff_landingpadlines_survival_384well1/20260305_171612_406/260305_day25_iNeurons_WellM06_Channel405nm Binned,561nm Binned,488nm Binned_Seq0161.nd2","260305_day25_iNeurons_WellM06_Channel405nm Binned,561nm Binned,488nm Binned_Seq0161.nd2",49688576,405nm Binned|561nm Binned|488nm Binned,Seq0161
M06,M,06,PLD3_mCherry_reporter_control,True,29,"/Users/pmihack/claire/tmem_2026/data/260213_Feb16recopy_HYdiff_landingpadlines_survival_384well1/20260309_090353_210/260309_Day29_WellM06_Channel405nm Binned,561nm Binned,488nm Binned_Seq0161.nd2","260309_Day29_WellM06_Channel405nm Binned,561nm Binned,488nm Binned_Seq0161.nd2",49688576,405nm Binned|561nm Binned|488nm Binned,Seq0161
M06,M,06,PLD3_mCherry_reporter_control,True,32,"/Users/pmihack/claire/tmem_2026/data/260213_Feb16recopy_HYdiff_landingpadlines_survival_384well1/20260312_083635_497/260312_Day32_WellM06_Channel405nm Binned,561 nm,488nm Binned_Seq0161.nd2","260312_Day32_WellM06_Channel405nm Binned,561 nm,488nm Binned_Seq0161.nd2",49688576,405nm Binned|561 nm|488nm Binned,Seq0161
M06,M,06,PLD3_mCherry_reporter_control,True,36,"/Users/pmihack/claire/tmem_2026/data/260213_Feb16recopy_HYdiff_landingpadlines_survival_384well1/20260316_093139_667/260316_Day36_WellM06_Channel405nm Binned,561nm Binned,488nm Binned_Seq0161.nd2","260316_Day36_WellM06_Channel405nm Binned,561nm Binned,488nm Binned_Seq0161.nd2",49700864,405nm Binned|561nm Binned|488nm Binned,Seq0161
M06,M,06,PLD3_mCherry_reporter_control,True,39,"/Users/pmihack/claire/tmem_2026/data/260213_Feb16recopy_HYdiff_landingpadlines_survival_384well1/20260319_083746_585/260319_Day39_WellM06_Channel405nm Binned,561nm Binned,488nm Binned_Seq0161.nd2","260319_Day39_WellM06_Channel405nm Binned,561nm Binned,488nm Binned_Seq0161.nd2",49692672,405nm Binned|561nm Binned|488nm Binned,Seq0161
M07,M,07,PLD3_mCherry_reporter_control,True,8,"/Users/pmihack/claire/tmem_2026/data/260213_Feb16recopy_HYdiff_landingpadlines_survival_384well1/20260216_084435_959/260216_Day8_iNeurons_WellM07_Channel405nm Binned,561nm Binned,488nm Binned_Seq0162.nd2","260216_Day8_iNeurons_WellM07_Channel405nm Binned,561nm Binned,488nm Binned_Seq0162.nd2",49692672,405nm Binned|561nm Binned|488nm Binned,Seq0162
M07,M,07,PLD3_mCherry_reporter_control,True,12,"/Users/pmihack/claire/tmem_2026/data/260213_Feb16recopy_HYdiff_landingpadlines_survival_384well1/20260220_085237_196/260220_Day12_WellM07_Channel405nm Binned,561nm Binned,488nm Binned_Seq0162.nd2","260220_Day12_WellM07_Channel405nm Binned,561nm Binned,488nm Binned_Seq0162.nd2",49692672,405nm Binned|561nm Binned|488nm Binned,Seq0162
M07,M,07,PLD3_mCherry_reporter_control,True,16,"/Users/pmihack/claire/tmem_2026/data/260213_Feb16recopy_HYdiff_landingpadlines_survival_384well1/20260224_090320_759/260224_day16_WellM07_Channel405nm Binned,561nm Binned,488nm Binned_Seq0162.nd2","260224_day16_WellM07_Channel405nm Binned,561nm Binned,488nm Binned_Seq0162.nd2",49692672,405nm Binned|561nm Binned|488nm Binned,Seq0162
M07,M,07,PLD3_mCherry_reporter_control,True,20,"/Users/pmihack/claire/tmem_2026/data/260213_Feb16recopy_HYdiff_landingpadlines_survival_384well1/20260228_090815_318/260228_day20_WellM07_Channel405nm Binned,561nm Binned,488nm Binned_Seq0162.nd2","260228_day20_WellM07_Channel405nm Binned,561nm Binned,488nm Binned_Seq0162.nd2",49692672,405nm Binned|561nm Binned|488nm Binned,Seq0162
M07,M,07,PLD3_mCherry_reporter_control,True,25,"/Users/pmihack/claire/tmem_2026/data/260213_Feb16recopy_HYdiff_landingpadlines_survival_384well1/20260305_171612_406/260305_day25_iNeurons_WellM07_Channel405nm Binned,561nm Binned,488nm Binned_Seq0162.nd2","260305_day25_iNeurons_WellM07_Channel405nm Binned,561nm Binned,488nm Binned_Seq0162.nd2",49688576,405nm Binned|561nm Binned|488nm Binned,Seq0162
M07,M,07,PLD3_mCherry_reporter_control,True,29,"/Users/pmihack/claire/tmem_2026/data/260213_Feb16recopy_HYdiff_landingpadlines_survival_384well1/20260309_090353_210/260309_Day29_WellM07_Channel405nm Binned,561nm Binned,488nm Binned_Seq0162.nd2","260309_Day29_WellM07_Channel405nm Binned,561nm Binned,488nm Binned_Seq0162.nd2",49688576,405nm Binned|561nm Binned|488nm Binned,Seq0162
M07,M,07,PLD3_mCherry_reporter_control,True,32,"/Users/pmihack/claire/tmem_2026/data/260213_Feb16recopy_HYdiff_landingpadlines_survival_384well1/20260312_083635_497/260312_Day32_WellM07_Channel405nm Binned,561 nm,488nm Binned_Seq0162.nd2","260312_Day32_WellM07_Channel405nm Binned,561 nm,488nm Binned_Seq0162.nd2",49688576,405nm Binned|561 nm|488nm Binned,Seq0162
M07,M,07,PLD3_mCherry_reporter_control,True,36,"/Users/pmihack/claire/tmem_2026/data/260213_Feb16recopy_HYdiff_landingpadlines_survival_384well1/20260316_093139_667/260316_Day36_WellM07_Channel405nm Binned,561nm Binned,488nm Binned_Seq0162.nd2","260316_Day36_WellM07_Channel405nm Binned,561nm Binned,488nm Binned_Seq0162.nd2",49700864,405nm Binned|561nm Binned|488nm Binned,Seq0162
M07,M,07,PLD3_mCherry_reporter_control,True,39,"/Users/pmihack/claire/tmem_2026/data/260213_Feb16recopy_HYdiff_landingpadlines_survival_384well1/20260319_083746_585/260319_Day39_WellM07_Channel405nm Binned,561nm Binned,488nm Binned_Seq0162.nd2","260319_Day39_WellM07_Channel405nm Binned,561nm Binned,488nm Binned_Seq0162.nd2",49692672,405nm Binned|561nm Binned|488nm Binned,Seq0162
M08,M,08,PLD3_mCherry_reporter_control,True,8,"/Users/pmihack/claire/tmem_2026/data/260213_Feb16recopy_HYdiff_landingpadlines_survival_384well1/20260216_084435_959/260216_Day8_iNeurons_WellM08_Channel405nm Binned,561nm Binned,488nm Binned_Seq0163.nd2","260216_Day8_iNeurons_WellM08_Channel405nm Binned,561nm Binned,488nm Binned_Seq0163.nd2",49692672,405nm Binned|561nm Binned|488nm Binned,Seq0163
M08,M,08,PLD3_mCherry_reporter_control,True,12,"/Users/pmihack/claire/tmem_2026/data/260213_Feb16recopy_HYdiff_landingpadlines_survival_384well1/20260220_085237_196/260220_Day12_WellM08_Channel405nm Binned,561nm Binned,488nm Binned_Seq0163.nd2","260220_Day12_WellM08_Channel405nm Binned,561nm Binned,488nm Binned_Seq0163.nd2",49692672,405nm Binned|561nm Binned|488nm Binned,Seq0163
M08,M,08,PLD3_mCherry_reporter_control,True,16,"/Users/pmihack/claire/tmem_2026/data/260213_Feb16recopy_HYdiff_landingpadlines_survival_384well1/20260224_090320_759/260224_day16_WellM08_Channel405nm Binned,561nm Binned,488nm Binned_Seq0163.nd2","260224_day16_WellM08_Channel405nm Binned,561nm Binned,488nm Binned_Seq0163.nd2",49692672,405nm Binned|561nm Binned|488nm Binned,Seq0163
M08,M,08,PLD3_mCherry_reporter_control,True,20,"/Users/pmihack/claire/tmem_2026/data/260213_Feb16recopy_HYdiff_landingpadlines_survival_384well1/20260228_090815_318/260228_day20_WellM08_Channel405nm Binned,561nm Binned,488nm Binned_Seq0163.nd2","260228_day20_WellM08_Channel405nm Binned,561nm Binned,488nm Binned_Seq0163.nd2",49692672,405nm Binned|561nm Binned|488nm Binned,Seq0163
M08,M,08,PLD3_mCherry_reporter_control,True,25,"/Users/pmihack/claire/tmem_2026/data/260213_Feb16recopy_HYdiff_landingpadlines_survival_384well1/20260305_171612_406/260305_day25_iNeurons_WellM08_Channel405nm Binned,561nm Binned,488nm Binned_Seq0163.nd2","260305_day25_iNeurons_WellM08_Channel405nm Binned,561nm Binned,488nm Binned_Seq0163.nd2",49688576,405nm Binned|561nm Binned|488nm Binned,Seq0163
M08,M,08,PLD3_mCherry_reporter_control,True,29,"/Users/pmihack/claire/tmem_2026/data/260213_Feb16recopy_HYdiff_landingpadlines_survival_384well1/20260309_090353_210/260309_Day29_WellM08_Channel405nm Binned,561nm Binned,488nm Binned_Seq0163.nd2","260309_Day29_WellM08_Channel405nm Binned,561nm Binned,488nm Binned_Seq0163.nd2",49688576,405nm Binned|561nm Binned|488nm Binned,Seq0163
M08,M,08,PLD3_mCherry_reporter_control,True,32,"/Users/pmihack/claire/tmem_2026/data/260213_Feb16recopy_HYdiff_landingpadlines_survival_384well1/20260312_083635_497/260312_Day32_WellM08_Channel405nm Binned,561 nm,488nm Binned_Seq0163.nd2","260312_Day32_WellM08_Channel405nm Binned,561 nm,488nm Binned_Seq0163.nd2",49688576,405nm Binned|561 nm|488nm Binned,Seq0163
M08,M,08,PLD3_mCherry_reporter_control,True,36,"/Users/pmihack/claire/tmem_2026/data/260213_Feb16recopy_HYdiff_landingpadlines_survival_384well1/20260316_093139_667/260316_Day36_WellM08_Channel405nm Binned,561nm Binned,488nm Binned_Seq0163.nd2","260316_Day36_WellM08_Channel405nm Binned,561nm Binned,488nm Binned_Seq0163.nd2",49700864,405nm Binned|561nm Binned|488nm Binned,Seq0163
M08,M,08,PLD3_mCherry_reporter_control,True,39,"/Users/pmihack/claire/tmem_2026/data/260213_Feb16recopy_HYdiff_landingpadlines_survival_384well1/20260319_083746_585/260319_Day39_WellM08_Channel405nm Binned,561nm Binned,488nm Binned_Seq0163.nd2","260319_Day39_WellM08_Channel405nm Binned,561nm Binned,488nm Binned_Seq0163.nd2",49692672,405nm Binned|561nm Binned|488nm Binned,Seq0163
M09,M,09,PLD3_mCherry_reporter_control,True,8,"/Users/pmihack/claire/tmem_2026/data/260213_Feb16recopy_HYdiff_landingpadlines_survival_384well1/20260216_084435_959/260216_Day8_iNeurons_WellM09_Channel405nm Binned,561nm Binned,488nm Binned_Seq0164.nd2","260216_Day8_iNeurons_WellM09_Channel405nm Binned,561nm Binned,488nm Binned_Seq0164.nd2",49692672,405nm Binned|561nm Binned|488nm Binned,Seq0164
M09,M,09,PLD3_mCherry_reporter_control,True,12,"/Users/pmihack/claire/tmem_2026/data/260213_Feb16recopy_HYdiff_landingpadlines_survival_384well1/20260220_085237_196/260220_Day12_WellM09_Channel405nm Binned,561nm Binned,488nm Binned_Seq0164.nd2","260220_Day12_WellM09_Channel405nm Binned,561nm Binned,488nm Binned_Seq0164.nd2",49692672,405nm Binned|561nm Binned|488nm Binned,Seq0164
M09,M,09,PLD3_mCherry_reporter_control,True,16,"/Users/pmihack/claire/tmem_2026/data/260213_Feb16recopy_HYdiff_landingpadlines_survival_384well1/20260224_090320_759/260224_day16_WellM09_Channel405nm Binned,561nm Binned,488nm Binned_Seq0164.nd2","260224_day16_WellM09_Channel405nm Binned,561nm Binned,488nm Binned_Seq0164.nd2",49692672,405nm Binned|561nm Binned|488nm Binned,Seq0164
M09,M,09,PLD3_mCherry_reporter_control,True,20,"/Users/pmihack/claire/tmem_2026/data/260213_Feb16recopy_HYdiff_landingpadlines_survival_384well1/20260228_090815_318/260228_day20_WellM09_Channel405nm Binned,561nm Binned,488nm Binned_Seq0164.nd2","260228_day20_WellM09_Channel405nm Binned,561nm Binned,488nm Binned_Seq0164.nd2",49692672,405nm Binned|561nm Binned|488nm Binned,Seq0164
M09,M,09,PLD3_mCherry_reporter_control,True,25,"/Users/pmihack/claire/tmem_2026/data/260213_Feb16recopy_HYdiff_landingpadlines_survival_384well1/20260305_171612_406/260305_day25_iNeurons_WellM09_Channel405nm Binned,561nm Binned,488nm Binned_Seq0164.nd2","260305_day25_iNeurons_WellM09_Channel405nm Binned,561nm Binned,488nm Binned_Seq0164.nd2",49688576,405nm Binned|561nm Binned|488nm Binned,Seq0164
M09,M,09,PLD3_mCherry_reporter_control,True,29,"/Users/pmihack/claire/tmem_2026/data/260213_Feb16recopy_HYdiff_landingpadlines_survival_384well1/20260309_090353_210/260309_Day29_WellM09_Channel405nm Binned,561nm Binned,488nm Binned_Seq0164.nd2","260309_Day29_WellM09_Channel405nm Binned,561nm Binned,488nm Binned_Seq0164.nd2",49688576,405nm Binned|561nm Binned|488nm Binned,Seq0164
M09,M,09,PLD3_mCherry_reporter_control,True,32,"/Users/pmihack/claire/tmem_2026/data/260213_Feb16recopy_HYdiff_landingpadlines_survival_384well1/20260312_083635_497/260312_Day32_WellM09_Channel405nm Binned,561 nm,488nm Binned_Seq0164.nd2","260312_Day32_WellM09_Channel405nm Binned,561 nm,488nm Binned_Seq0164.nd2",49688576,405nm Binned|561 nm|488nm Binned,Seq0164
M09,M,09,PLD3_mCherry_reporter_control,True,36,"/Users/pmihack/claire/tmem_2026/data/260213_Feb16recopy_HYdiff_landingpadlines_survival_384well1/20260316_093139_667/260316_Day36_WellM09_Channel405nm Binned,561nm Binned,488nm Binned_Seq0164.nd2","260316_Day36_WellM09_Channel405nm Binned,561nm Binned,488nm Binned_Seq0164.nd2",49700864,405nm Binned|561nm Binned|488nm Binned,Seq0164
M09,M,09,PLD3_mCherry_reporter_control,True,39,"/Users/pmihack/claire/tmem_2026/data/260213_Feb16recopy_HYdiff_landingpadlines_survival_384well1/20260319_083746_585/260319_Day39_WellM09_Channel405nm Binned,561nm Binned,488nm Binned_Seq0164.nd2","260319_Day39_WellM09_Channel405nm Binned,561nm Binned,488nm Binned_Seq0164.nd2",49692672,405nm Binned|561nm Binned|488nm Binned,Seq0164
M10,M,10,PLD3_mCherry_reporter_control,True,8,"/Users/pmihack/claire/tmem_2026/data/260213_Feb16recopy_HYdiff_landingpadlines_survival_384well1/20260216_084435_959/260216_Day8_iNeurons_WellM10_Channel405nm Binned,561nm Binned,488nm Binned_Seq0165.nd2","260216_Day8_iNeurons_WellM10_Channel405nm Binned,561nm Binned,488nm Binned_Seq0165.nd2",49692672,405nm Binned|561nm Binned|488nm Binned,Seq0165
M10,M,10,PLD3_mCherry_reporter_control,True,12,"/Users/pmihack/claire/tmem_2026/data/260213_Feb16recopy_HYdiff_landingpadlines_survival_384well1/20260220_085237_196/260220_Day12_WellM10_Channel405nm Binned,561nm Binned,488nm Binned_Seq0165.nd2","260220_Day12_WellM10_Channel405nm Binned,561nm Binned,488nm Binned_Seq0165.nd2",49692672,405nm Binned|561nm Binned|488nm Binned,Seq0165
M10,M,10,PLD3_mCherry_reporter_control,True,16,"/Users/pmihack/claire/tmem_2026/data/260213_Feb16recopy_HYdiff_landingpadlines_survival_384well1/20260224_090320_759/260224_day16_WellM10_Channel405nm Binned,561nm Binned,488nm Binned_Seq0165.nd2","260224_day16_WellM10_Channel405nm Binned,561nm Binned,488nm Binned_Seq0165.nd2",49692672,405nm Binned|561nm Binned|488nm Binned,Seq0165
M10,M,10,PLD3_mCherry_reporter_control,True,20,"/Users/pmihack/claire/tmem_2026/data/260213_Feb16recopy_HYdiff_landingpadlines_survival_384well1/20260228_090815_318/260228_day20_WellM10_Channel405nm Binned,561nm Binned,488nm Binned_Seq0165.nd2","260228_day20_WellM10_Channel405nm Binned,561nm Binned,488nm Binned_Seq0165.nd2",49692672,405nm Binned|561nm Binned|488nm Binned,Seq0165
M10,M,10,PLD3_mCherry_reporter_control,True,25,"/Users/pmihack/claire/tmem_2026/data/260213_Feb16recopy_HYdiff_landingpadlines_survival_384well1/20260305_171612_406/260305_day25_iNeurons_WellM10_Channel405nm Binned,561nm Binned,488nm Binned_Seq0165.nd2","260305_day25_iNeurons_WellM10_Channel405nm Binned,561nm Binned,488nm Binned_Seq0165.nd2",49688576,405nm Binned|561nm Binned|488nm Binned,Seq0165
M10,M,10,PLD3_mCherry_reporter_control,True,29,"/Users/pmihack/claire/tmem_2026/data/260213_Feb16recopy_HYdiff_landingpadlines_survival_384well1/20260309_090353_210/260309_Day29_WellM10_Channel405nm Binned,561nm Binned,488nm Binned_Seq0165.nd2","260309_Day29_WellM10_Channel405nm Binned,561nm Binned,488nm Binned_Seq0165.nd2",49688576,405nm Binned|561nm Binned|488nm Binned,Seq0165
M10,M,10,PLD3_mCherry_reporter_control,True,32,"/Users/pmihack/claire/tmem_2026/data/260213_Feb16recopy_HYdiff_landingpadlines_survival_384well1/20260312_083635_497/260312_Day32_WellM10_Channel405nm Binned,561 nm,488nm Binned_Seq0165.nd2","260312_Day32_WellM10_Channel405nm Binned,561 nm,488nm Binned_Seq0165.nd2",49688576,405nm Binned|561 nm|488nm Binned,Seq0165
M10,M,10,PLD3_mCherry_reporter_control,True,36,"/Users/pmihack/claire/tmem_2026/data/260213_Feb16recopy_HYdiff_landingpadlines_survival_384well1/20260316_093139_667/260316_Day36_WellM10_Channel405nm Binned,561nm Binned,488nm Binned_Seq0165.nd2","260316_Day36_WellM10_Channel405nm Binned,561nm Binned,488nm Binned_Seq0165.nd2",49700864,405nm Binned|561nm Binned|488nm Binned,Seq0165
M10,M,10,PLD3_mCherry_reporter_control,True,39,"/Users/pmihack/claire/tmem_2026/data/260213_Feb16recopy_HYdiff_landingpadlines_survival_384well1/20260319_083746_585/260319_Day39_WellM10_Channel405nm Binned,561nm Binned,488nm Binned_Seq0165.nd2","260319_Day39_WellM10_Channel405nm Binned,561nm Binned,488nm Binned_Seq0165.nd2",49692672,405nm Binned|561nm Binned|488nm Binned,Seq0165
M11,M,11,PLD3_mCherry_reporter_control,True,8,"/Users/pmihack/claire/tmem_2026/data/260213_Feb16recopy_HYdiff_landingpadlines_survival_384well1/20260216_084435_959/260216_Day8_iNeurons_WellM11_Channel405nm Binned,561nm Binned,488nm Binned_Seq0166.nd2","260216_Day8_iNeurons_WellM11_Channel405nm Binned,561nm Binned,488nm Binned_Seq0166.nd2",49692672,405nm Binned|561nm Binned|488nm Binned,Seq0166
M11,M,11,PLD3_mCherry_reporter_control,True,12,"/Users/pmihack/claire/tmem_2026/data/260213_Feb16recopy_HYdiff_landingpadlines_survival_384well1/20260220_085237_196/260220_Day12_WellM11_Channel405nm Binned,561nm Binned,488nm Binned_Seq0166.nd2","260220_Day12_WellM11_Channel405nm Binned,561nm Binned,488nm Binned_Seq0166.nd2",49692672,405nm Binned|561nm Binned|488nm Binned,Seq0166
M11,M,11,PLD3_mCherry_reporter_control,True,16,"/Users/pmihack/claire/tmem_2026/data/260213_Feb16recopy_HYdiff_landingpadlines_survival_384well1/20260224_090320_759/260224_day16_WellM11_Channel405nm Binned,561nm Binned,488nm Binned_Seq0166.nd2","260224_day16_WellM11_Channel405nm Binned,561nm Binned,488nm Binned_Seq0166.nd2",49692672,405nm Binned|561nm Binned|488nm Binned,Seq0166
M11,M,11,PLD3_mCherry_reporter_control,True,20,"/Users/pmihack/claire/tmem_2026/data/260213_Feb16recopy_HYdiff_landingpadlines_survival_384well1/20260228_090815_318/260228_day20_WellM11_Channel405nm Binned,561nm Binned,488nm Binned_Seq0166.nd2","260228_day20_WellM11_Channel405nm Binned,561nm Binned,488nm Binned_Seq0166.nd2",49692672,405nm Binned|561nm Binned|488nm Binned,Seq0166
M11,M,11,PLD3_mCherry_reporter_control,True,25,"/Users/pmihack/claire/tmem_2026/data/260213_Feb16recopy_HYdiff_landingpadlines_survival_384well1/20260305_171612_406/260305_day25_iNeurons_WellM11_Channel405nm Binned,561nm Binned,488nm Binned_Seq0166.nd2","260305_day25_iNeurons_WellM11_Channel405nm Binned,561nm Binned,488nm Binned_Seq0166.nd2",49688576,405nm Binned|561nm Binned|488nm Binned,Seq0166
M11,M,11,PLD3_mCherry_reporter_control,True,29,"/Users/pmihack/claire/tmem_2026/data/260213_Feb16recopy_HYdiff_landingpadlines_survival_384well1/20260309_090353_210/260309_Day29_WellM11_Channel405nm Binned,561nm Binned,488nm Binned_Seq0166.nd2","260309_Day29_WellM11_Channel405nm Binned,561nm Binned,488nm Binned_Seq0166.nd2",49688576,405nm Binned|561nm Binned|488nm Binned,Seq0166
M11,M,11,PLD3_mCherry_reporter_control,True,32,"/Users/pmihack/claire/tmem_2026/data/260213_Feb16recopy_HYdiff_landingpadlines_survival_384well1/20260312_083635_497/260312_Day32_WellM11_Channel405nm Binned,561 nm,488nm Binned_Seq0166.nd2","260312_Day32_WellM11_Channel405nm Binned,561 nm,488nm Binned_Seq0166.nd2",49688576,405nm Binned|561 nm|488nm Binned,Seq0166
M11,M,11,PLD3_mCherry_reporter_control,True,36,"/Users/pmihack/claire/tmem_2026/data/260213_Feb16recopy_HYdiff_landingpadlines_survival_384well1/20260316_093139_667/260316_Day36_WellM11_Channel405nm Binned,561nm Binned,488nm Binned_Seq0166.nd2","260316_Day36_WellM11_Channel405nm Binned,561nm Binned,488nm Binned_Seq0166.nd2",49700864,405nm Binned|561nm Binned|488nm Binned,Seq0166
M11,M,11,PLD3_mCherry_reporter_control,True,39,"/Users/pmihack/claire/tmem_2026/data/260213_Feb16recopy_HYdiff_landingpadlines_survival_384well1/20260319_083746_585/260319_Day39_WellM11_Channel405nm Binned,561nm Binned,488nm Binned_Seq0166.nd2","260319_Day39_WellM11_Channel405nm Binned,561nm Binned,488nm Binned_Seq0166.nd2",49692672,405nm Binned|561nm Binned|488nm Binned,Seq0166
M12,M,12,PLD3_mCherry_reporter_control,True,8,"/Users/pmihack/claire/tmem_2026/data/260213_Feb16recopy_HYdiff_landingpadlines_survival_384well1/20260216_084435_959/260216_Day8_iNeurons_WellM12_Channel405nm Binned,561nm Binned,488nm Binned_Seq0167.nd2","260216_Day8_iNeurons_WellM12_Channel405nm Binned,561nm Binned,488nm Binned_Seq0167.nd2",49692672,405nm Binned|561nm Binned|488nm Binned,Seq0167
M12,M,12,PLD3_mCherry_reporter_control,True,12,"/Users/pmihack/claire/tmem_2026/data/260213_Feb16recopy_HYdiff_landingpadlines_survival_384well1/20260220_085237_196/260220_Day12_WellM12_Channel405nm Binned,561nm Binned,488nm Binned_Seq0167.nd2","260220_Day12_WellM12_Channel405nm Binned,561nm Binned,488nm Binned_Seq0167.nd2",49692672,405nm Binned|561nm Binned|488nm Binned,Seq0167
M12,M,12,PLD3_mCherry_reporter_control,True,16,"/Users/pmihack/claire/tmem_2026/data/260213_Feb16recopy_HYdiff_landingpadlines_survival_384well1/20260224_090320_759/260224_day16_WellM12_Channel405nm Binned,561nm Binned,488nm Binned_Seq0167.nd2","260224_day16_WellM12_Channel405nm Binned,561nm Binned,488nm Binned_Seq0167.nd2",49692672,405nm Binned|561nm Binned|488nm Binned,Seq0167
M12,M,12,PLD3_mCherry_reporter_control,True,20,"/Users/pmihack/claire/tmem_2026/data/260213_Feb16recopy_HYdiff_landingpadlines_survival_384well1/20260228_090815_318/260228_day20_WellM12_Channel405nm Binned,561nm Binned,488nm Binned_Seq0167.nd2","260228_day20_WellM12_Channel405nm Binned,561nm Binned,488nm Binned_Seq0167.nd2",49692672,405nm Binned|561nm Binned|488nm Binned,Seq0167
M12,M,12,PLD3_mCherry_reporter_control,True,25,"/Users/pmihack/claire/tmem_2026/data/260213_Feb16recopy_HYdiff_landingpadlines_survival_384well1/20260305_171612_406/260305_day25_iNeurons_WellM12_Channel405nm Binned,561nm Binned,488nm Binned_Seq0167.nd2","260305_day25_iNeurons_WellM12_Channel405nm Binned,561nm Binned,488nm Binned_Seq0167.nd2",49688576,405nm Binned|561nm Binned|488nm Binned,Seq0167
M12,M,12,PLD3_mCherry_reporter_control,True,29,"/Users/pmihack/claire/tmem_2026/data/260213_Feb16recopy_HYdiff_landingpadlines_survival_384well1/20260309_090353_210/260309_Day29_WellM12_Channel405nm Binned,561nm Binned,488nm Binned_Seq0167.nd2","260309_Day29_WellM12_Channel405nm Binned,561nm Binned,488nm Binned_Seq0167.nd2",49688576,405nm Binned|561nm Binned|488nm Binned,Seq0167
M12,M,12,PLD3_mCherry_reporter_control,True,32,"/Users/pmihack/claire/tmem_2026/data/260213_Feb16recopy_HYdiff_landingpadlines_survival_384well1/20260312_083635_497/260312_Day32_WellM12_Channel405nm Binned,561 nm,488nm Binned_Seq0167.nd2","260312_Day32_WellM12_Channel405nm Binned,561 nm,488nm Binned_Seq0167.nd2",49688576,405nm Binned|561 nm|488nm Binned,Seq0167
M12,M,12,PLD3_mCherry_reporter_control,True,36,"/Users/pmihack/claire/tmem_2026/data/260213_Feb16recopy_HYdiff_landingpadlines_survival_384well1/20260316_093139_667/260316_Day36_WellM12_Channel405nm Binned,561nm Binned,488nm Binned_Seq0167.nd2","260316_Day36_WellM12_Channel405nm Binned,561nm Binned,488nm Binned_Seq0167.nd2",49700864,405nm Binned|561nm Binned|488nm Binned,Seq0167
M12,M,12,PLD3_mCherry_reporter_control,True,39,"/Users/pmihack/claire/tmem_2026/data/260213_Feb16recopy_HYdiff_landingpadlines_survival_384well1/20260319_083746_585/260319_Day39_WellM12_Channel405nm Binned,561nm Binned,488nm Binned_Seq0167.nd2","260319_Day39_WellM12_Channel405nm Binned,561nm Binned,488nm Binned_Seq0167.nd2",49692672,405nm Binned|561nm Binned|488nm Binned,Seq0167
M13,M,13,PLD3_mCherry_reporter_control,True,8,"/Users/pmihack/claire/tmem_2026/data/260213_Feb16recopy_HYdiff_landingpadlines_survival_384well1/20260216_084435_959/260216_Day8_iNeurons_WellM13_Channel405nm Binned,561nm Binned,488nm Binned_Seq0168.nd2","260216_Day8_iNeurons_WellM13_Channel405nm Binned,561nm Binned,488nm Binned_Seq0168.nd2",49692672,405nm Binned|561nm Binned|488nm Binned,Seq0168
M13,M,13,PLD3_mCherry_reporter_control,True,12,"/Users/pmihack/claire/tmem_2026/data/260213_Feb16recopy_HYdiff_landingpadlines_survival_384well1/20260220_085237_196/260220_Day12_WellM13_Channel405nm Binned,561nm Binned,488nm Binned_Seq0168.nd2","260220_Day12_WellM13_Channel405nm Binned,561nm Binned,488nm Binned_Seq0168.nd2",49692672,405nm Binned|561nm Binned|488nm Binned,Seq0168
M13,M,13,PLD3_mCherry_reporter_control,True,16,"/Users/pmihack/claire/tmem_2026/data/260213_Feb16recopy_HYdiff_landingpadlines_survival_384well1/20260224_090320_759/260224_day16_WellM13_Channel405nm Binned,561nm Binned,488nm Binned_Seq0168.nd2","260224_day16_WellM13_Channel405nm Binned,561nm Binned,488nm Binned_Seq0168.nd2",49692672,405nm Binned|561nm Binned|488nm Binned,Seq0168
M13,M,13,PLD3_mCherry_reporter_control,True,20,"/Users/pmihack/claire/tmem_2026/data/260213_Feb16recopy_HYdiff_landingpadlines_survival_384well1/20260228_090815_318/260228_day20_WellM13_Channel405nm Binned,561nm Binned,488nm Binned_Seq0168.nd2","260228_day20_WellM13_Channel405nm Binned,561nm Binned,488nm Binned_Seq0168.nd2",49692672,405nm Binned|561nm Binned|488nm Binned,Seq0168
M13,M,13,PLD3_mCherry_reporter_control,True,25,"/Users/pmihack/claire/tmem_2026/data/260213_Feb16recopy_HYdiff_landingpadlines_survival_384well1/20260305_171612_406/260305_day25_iNeurons_WellM13_Channel405nm Binned,561nm Binned,488nm Binned_Seq0168.nd2","260305_day25_iNeurons_WellM13_Channel405nm Binned,561nm Binned,488nm Binned_Seq0168.nd2",49688576,405nm Binned|561nm Binned|488nm Binned,Seq0168
M13,M,13,PLD3_mCherry_reporter_control,True,29,"/Users/pmihack/claire/tmem_2026/data/260213_Feb16recopy_HYdiff_landingpadlines_survival_384well1/20260309_090353_210/260309_Day29_WellM13_Channel405nm Binned,561nm Binned,488nm Binned_Seq0168.nd2","260309_Day29_WellM13_Channel405nm Binned,561nm Binned,488nm Binned_Seq0168.nd2",49688576,405nm Binned|561nm Binned|488nm Binned,Seq0168
M13,M,13,PLD3_mCherry_reporter_control,True,32,"/Users/pmihack/claire/tmem_2026/data/260213_Feb16recopy_HYdiff_landingpadlines_survival_384well1/20260312_083635_497/260312_Day32_WellM13_Channel405nm Binned,561 nm,488nm Binned_Seq0168.nd2","260312_Day32_WellM13_Channel405nm Binned,561 nm,488nm Binned_Seq0168.nd2",49688576,405nm Binned|561 nm|488nm Binned,Seq0168
M13,M,13,PLD3_mCherry_reporter_control,True,36,"/Users/pmihack/claire/tmem_2026/data/260213_Feb16recopy_HYdiff_landingpadlines_survival_384well1/20260316_093139_667/260316_Day36_WellM13_Channel405nm Binned,561nm Binned,488nm Binned_Seq0168.nd2","260316_Day36_WellM13_Channel405nm Binned,561nm Binned,488nm Binned_Seq0168.nd2",49700864,405nm Binned|561nm Binned|488nm Binned,Seq0168
M13,M,13,PLD3_mCherry_reporter_control,True,39,"/Users/pmihack/claire/tmem_2026/data/260213_Feb16recopy_HYdiff_landingpadlines_survival_384well1/20260319_083746_585/260319_Day39_WellM13_Channel405nm Binned,561nm Binned,488nm Binned_Seq0168.nd2","260319_Day39_WellM13_Channel405nm Binned,561nm Binned,488nm Binned_Seq0168.nd2",49692672,405nm Binned|561nm Binned|488nm Binned,Seq0168
M14,M,14,PLD3_mCherry_reporter_control,True,8,"/Users/pmihack/claire/tmem_2026/data/260213_Feb16recopy_HYdiff_landingpadlines_survival_384well1/20260216_084435_959/260216_Day8_iNeurons_WellM14_Channel405nm Binned,561nm Binned,488nm Binned_Seq0169.nd2","260216_Day8_iNeurons_WellM14_Channel405nm Binned,561nm Binned,488nm Binned_Seq0169.nd2",49692672,405nm Binned|561nm Binned|488nm Binned,Seq0169
M14,M,14,PLD3_mCherry_reporter_control,True,12,"/Users/pmihack/claire/tmem_2026/data/260213_Feb16recopy_HYdiff_landingpadlines_survival_384well1/20260220_085237_196/260220_Day12_WellM14_Channel405nm Binned,561nm Binned,488nm Binned_Seq0169.nd2","260220_Day12_WellM14_Channel405nm Binned,561nm Binned,488nm Binned_Seq0169.nd2",49692672,405nm Binned|561nm Binned|488nm Binned,Seq0169
M14,M,14,PLD3_mCherry_reporter_control,True,16,"/Users/pmihack/claire/tmem_2026/data/260213_Feb16recopy_HYdiff_landingpadlines_survival_384well1/20260224_090320_759/260224_day16_WellM14_Channel405nm Binned,561nm Binned,488nm Binned_Seq0169.nd2","260224_day16_WellM14_Channel405nm Binned,561nm Binned,488nm Binned_Seq0169.nd2",49692672,405nm Binned|561nm Binned|488nm Binned,Seq0169
M14,M,14,PLD3_mCherry_reporter_control,True,20,"/Users/pmihack/claire/tmem_2026/data/260213_Feb16recopy_HYdiff_landingpadlines_survival_384well1/20260228_090815_318/260228_day20_WellM14_Channel405nm Binned,561nm Binned,488nm Binned_Seq0169.nd2","260228_day20_WellM14_Channel405nm Binned,561nm Binned,488nm Binned_Seq0169.nd2",49692672,405nm Binned|561nm Binned|488nm Binned,Seq0169
M14,M,14,PLD3_mCherry_reporter_control,True,25,"/Users/pmihack/claire/tmem_2026/data/260213_Feb16recopy_HYdiff_landingpadlines_survival_384well1/20260305_171612_406/260305_day25_iNeurons_WellM14_Channel405nm Binned,561nm Binned,488nm Binned_Seq0169.nd2","260305_day25_iNeurons_WellM14_Channel405nm Binned,561nm Binned,488nm Binned_Seq0169.nd2",49688576,405nm Binned|561nm Binned|488nm Binned,Seq0169
M14,M,14,PLD3_mCherry_reporter_control,True,29,"/Users/pmihack/claire/tmem_2026/data/260213_Feb16recopy_HYdiff_landingpadlines_survival_384well1/20260309_090353_210/260309_Day29_WellM14_Channel405nm Binned,561nm Binned,488nm Binned_Seq0169.nd2","260309_Day29_WellM14_Channel405nm Binned,561nm Binned,488nm Binned_Seq0169.nd2",49688576,405nm Binned|561nm Binned|488nm Binned,Seq0169
M14,M,14,PLD3_mCherry_reporter_control,True,32,"/Users/pmihack/claire/tmem_2026/data/260213_Feb16recopy_HYdiff_landingpadlines_survival_384well1/20260312_083635_497/260312_Day32_WellM14_Channel405nm Binned,561 nm,488nm Binned_Seq0169.nd2","260312_Day32_WellM14_Channel405nm Binned,561 nm,488nm Binned_Seq0169.nd2",49688576,405nm Binned|561 nm|488nm Binned,Seq0169
M14,M,14,PLD3_mCherry_reporter_control,True,36,"/Users/pmihack/claire/tmem_2026/data/260213_Feb16recopy_HYdiff_landingpadlines_survival_384well1/20260316_093139_667/260316_Day36_WellM14_Channel405nm Binned,561nm Binned,488nm Binned_Seq0169.nd2","260316_Day36_WellM14_Channel405nm Binned,561nm Binned,488nm Binned_Seq0169.nd2",49700864,405nm Binned|561nm Binned|488nm Binned,Seq0169
M14,M,14,PLD3_mCherry_reporter_control,True,39,"/Users/pmihack/claire/tmem_2026/data/260213_Feb16recopy_HYdiff_landingpadlines_survival_384well1/20260319_083746_585/260319_Day39_WellM14_Channel405nm Binned,561nm Binned,488nm Binned_Seq0169.nd2","260319_Day39_WellM14_Channel405nm Binned,561nm Binned,488nm Binned_Seq0169.nd2",49692672,405nm Binned|561nm Binned|488nm Binned,Seq0169
M15,M,15,PLD3_mCherry_reporter_control,True,8,"/Users/pmihack/claire/tmem_2026/data/260213_Feb16recopy_HYdiff_landingpadlines_survival_384well1/20260216_084435_959/260216_Day8_iNeurons_WellM15_Channel405nm Binned,561nm Binned,488nm Binned_Seq0170.nd2","260216_Day8_iNeurons_WellM15_Channel405nm Binned,561nm Binned,488nm Binned_Seq0170.nd2",49692672,405nm Binned|561nm Binned|488nm Binned,Seq0170
M15,M,15,PLD3_mCherry_reporter_control,True,12,"/Users/pmihack/claire/tmem_2026/data/260213_Feb16recopy_HYdiff_landingpadlines_survival_384well1/20260220_085237_196/260220_Day12_WellM15_Channel405nm Binned,561nm Binned,488nm Binned_Seq0170.nd2","260220_Day12_WellM15_Channel405nm Binned,561nm Binned,488nm Binned_Seq0170.nd2",49692672,405nm Binned|561nm Binned|488nm Binned,Seq0170
M15,M,15,PLD3_mCherry_reporter_control,True,16,"/Users/pmihack/claire/tmem_2026/data/260213_Feb16recopy_HYdiff_landingpadlines_survival_384well1/20260224_090320_759/260224_day16_WellM15_Channel405nm Binned,561nm Binned,488nm Binned_Seq0170.nd2","260224_day16_WellM15_Channel405nm Binned,561nm Binned,488nm Binned_Seq0170.nd2",49692672,405nm Binned|561nm Binned|488nm Binned,Seq0170
M15,M,15,PLD3_mCherry_reporter_control,True,20,"/Users/pmihack/claire/tmem_2026/data/260213_Feb16recopy_HYdiff_landingpadlines_survival_384well1/20260228_090815_318/260228_day20_WellM15_Channel405nm Binned,561nm Binned,488nm Binned_Seq0170.nd2","260228_day20_WellM15_Channel405nm Binned,561nm Binned,488nm Binned_Seq0170.nd2",49692672,405nm Binned|561nm Binned|488nm Binned,Seq0170
M15,M,15,PLD3_mCherry_reporter_control,True,25,"/Users/pmihack/claire/tmem_2026/data/260213_Feb16recopy_HYdiff_landingpadlines_survival_384well1/20260305_171612_406/260305_day25_iNeurons_WellM15_Channel405nm Binned,561nm Binned,488nm Binned_Seq0170.nd2","260305_day25_iNeurons_WellM15_Channel405nm Binned,561nm Binned,488nm Binned_Seq0170.nd2",49688576,405nm Binned|561nm Binned|488nm Binned,Seq0170
M15,M,15,PLD3_mCherry_reporter_control,True,29,"/Users/pmihack/claire/tmem_2026/data/260213_Feb16recopy_HYdiff_landingpadlines_survival_384well1/20260309_090353_210/260309_Day29_WellM15_Channel405nm Binned,561nm Binned,488nm Binned_Seq0170.nd2","260309_Day29_WellM15_Channel405nm Binned,561nm Binned,488nm Binned_Seq0170.nd2",49688576,405nm Binned|561nm Binned|488nm Binned,Seq0170
M15,M,15,PLD3_mCherry_reporter_control,True,32,"/Users/pmihack/claire/tmem_2026/data/260213_Feb16recopy_HYdiff_landingpadlines_survival_384well1/20260312_083635_497/260312_Day32_WellM15_Channel405nm Binned,561 nm,488nm Binned_Seq0170.nd2","260312_Day32_WellM15_Channel405nm Binned,561 nm,488nm Binned_Seq0170.nd2",49688576,405nm Binned|561 nm|488nm Binned,Seq0170
M15,M,15,PLD3_mCherry_reporter_control,True,36,"/Users/pmihack/claire/tmem_2026/data/260213_Feb16recopy_HYdiff_landingpadlines_survival_384well1/20260316_093139_667/260316_Day36_WellM15_Channel405nm Binned,561nm Binned,488nm Binned_Seq0170.nd2","260316_Day36_WellM15_Channel405nm Binned,561nm Binned,488nm Binned_Seq0170.nd2",49700864,405nm Binned|561nm Binned|488nm Binned,Seq0170
M15,M,15,PLD3_mCherry_reporter_control,True,39,"/Users/pmihack/claire/tmem_2026/data/260213_Feb16recopy_HYdiff_landingpadlines_survival_384well1/20260319_083746_585/260319_Day39_WellM15_Channel405nm Binned,561nm Binned,488nm Binned_Seq0170.nd2","260319_Day39_WellM15_Channel405nm Binned,561nm Binned,488nm Binned_Seq0170.nd2",49692672,405nm Binned|561nm Binned|488nm Binned,Seq0170
M16,M,16,PLD3_mCherry_reporter_control,True,8,"/Users/pmihack/claire/tmem_2026/data/260213_Feb16recopy_HYdiff_landingpadlines_survival_384well1/20260216_084435_959/260216_Day8_iNeurons_WellM16_Channel405nm Binned,561nm Binned,488nm Binned_Seq0171.nd2","260216_Day8_iNeurons_WellM16_Channel405nm Binned,561nm Binned,488nm Binned_Seq0171.nd2",49692672,405nm Binned|561nm Binned|488nm Binned,Seq0171
M16,M,16,PLD3_mCherry_reporter_control,True,12,"/Users/pmihack/claire/tmem_2026/data/260213_Feb16recopy_HYdiff_landingpadlines_survival_384well1/20260220_085237_196/260220_Day12_WellM16_Channel405nm Binned,561nm Binned,488nm Binned_Seq0171.nd2","260220_Day12_WellM16_Channel405nm Binned,561nm Binned,488nm Binned_Seq0171.nd2",49692672,405nm Binned|561nm Binned|488nm Binned,Seq0171
M16,M,16,PLD3_mCherry_reporter_control,True,16,"/Users/pmihack/claire/tmem_2026/data/260213_Feb16recopy_HYdiff_landingpadlines_survival_384well1/20260224_090320_759/260224_day16_WellM16_Channel405nm Binned,561nm Binned,488nm Binned_Seq0171.nd2","260224_day16_WellM16_Channel405nm Binned,561nm Binned,488nm Binned_Seq0171.nd2",49692672,405nm Binned|561nm Binned|488nm Binned,Seq0171
M16,M,16,PLD3_mCherry_reporter_control,True,20,"/Users/pmihack/claire/tmem_2026/data/260213_Feb16recopy_HYdiff_landingpadlines_survival_384well1/20260228_090815_318/260228_day20_WellM16_Channel405nm Binned,561nm Binned,488nm Binned_Seq0171.nd2","260228_day20_WellM16_Channel405nm Binned,561nm Binned,488nm Binned_Seq0171.nd2",49692672,405nm Binned|561nm Binned|488nm Binned,Seq0171
M16,M,16,PLD3_mCherry_reporter_control,True,25,"/Users/pmihack/claire/tmem_2026/data/260213_Feb16recopy_HYdiff_landingpadlines_survival_384well1/20260305_171612_406/260305_day25_iNeurons_WellM16_Channel405nm Binned,561nm Binned,488nm Binned_Seq0171.nd2","260305_day25_iNeurons_WellM16_Channel405nm Binned,561nm Binned,488nm Binned_Seq0171.nd2",49688576,405nm Binned|561nm Binned|488nm Binned,Seq0171
M16,M,16,PLD3_mCherry_reporter_control,True,29,"/Users/pmihack/claire/tmem_2026/data/260213_Feb16recopy_HYdiff_landingpadlines_survival_384well1/20260309_090353_210/260309_Day29_WellM16_Channel405nm Binned,561nm Binned,488nm Binned_Seq0171.nd2","260309_Day29_WellM16_Channel405nm Binned,561nm Binned,488nm Binned_Seq0171.nd2",49688576,405nm Binned|561nm Binned|488nm Binned,Seq0171
M16,M,16,PLD3_mCherry_reporter_control,True,32,"/Users/pmihack/claire/tmem_2026/data/260213_Feb16recopy_HYdiff_landingpadlines_survival_384well1/20260312_083635_497/260312_Day32_WellM16_Channel405nm Binned,561 nm,488nm Binned_Seq0171.nd2","260312_Day32_WellM16_Channel405nm Binned,561 nm,488nm Binned_Seq0171.nd2",49688576,405nm Binned|561 nm|488nm Binned,Seq0171
M16,M,16,PLD3_mCherry_reporter_control,True,36,"/Users/pmihack/claire/tmem_2026/data/260213_Feb16recopy_HYdiff_landingpadlines_survival_384well1/20260316_093139_667/260316_Day36_WellM16_Channel405nm Binned,561nm Binned,488nm Binned_Seq0171.nd2","260316_Day36_WellM16_Channel405nm Binned,561nm Binned,488nm Binned_Seq0171.nd2",49700864,405nm Binned|561nm Binned|488nm Binned,Seq0171
M16,M,16,PLD3_mCherry_reporter_control,True,39,"/Users/pmihack/claire/tmem_2026/data/260213_Feb16recopy_HYdiff_landingpadlines_survival_384well1/20260319_083746_585/260319_Day39_WellM16_Channel405nm Binned,561nm Binned,488nm Binned_Seq0171.nd2","260319_Day39_WellM16_Channel405nm Binned,561nm Binned,488nm Binned_Seq0171.nd2",49692672,405nm Binned|561nm Binned|488nm Binned,Seq0171
M17,M,17,PLD3_mCherry_reporter_control,True,8,"/Users/pmihack/claire/tmem_2026/data/260213_Feb16recopy_HYdiff_landingpadlines_survival_384well1/20260216_084435_959/260216_Day8_iNeurons_WellM17_Channel405nm Binned,561nm Binned,488nm Binned_Seq0172.nd2","260216_Day8_iNeurons_WellM17_Channel405nm Binned,561nm Binned,488nm Binned_Seq0172.nd2",49692672,405nm Binned|561nm Binned|488nm Binned,Seq0172
M17,M,17,PLD3_mCherry_reporter_control,True,12,"/Users/pmihack/claire/tmem_2026/data/260213_Feb16recopy_HYdiff_landingpadlines_survival_384well1/20260220_085237_196/260220_Day12_WellM17_Channel405nm Binned,561nm Binned,488nm Binned_Seq0172.nd2","260220_Day12_WellM17_Channel405nm Binned,561nm Binned,488nm Binned_Seq0172.nd2",49692672,405nm Binned|561nm Binned|488nm Binned,Seq0172
M17,M,17,PLD3_mCherry_reporter_control,True,16,"/Users/pmihack/claire/tmem_2026/data/260213_Feb16recopy_HYdiff_landingpadlines_survival_384well1/20260224_090320_759/260224_day16_WellM17_Channel405nm Binned,561nm Binned,488nm Binned_Seq0172.nd2","260224_day16_WellM17_Channel405nm Binned,561nm Binned,488nm Binned_Seq0172.nd2",49692672,405nm Binned|561nm Binned|488nm Binned,Seq0172
M17,M,17,PLD3_mCherry_reporter_control,True,20,"/Users/pmihack/claire/tmem_2026/data/260213_Feb16recopy_HYdiff_landingpadlines_survival_384well1/20260228_090815_318/260228_day20_WellM17_Channel405nm Binned,561nm Binned,488nm Binned_Seq0172.nd2","260228_day20_WellM17_Channel405nm Binned,561nm Binned,488nm Binned_Seq0172.nd2",49692672,405nm Binned|561nm Binned|488nm Binned,Seq0172
M17,M,17,PLD3_mCherry_reporter_control,True,25,"/Users/pmihack/claire/tmem_2026/data/260213_Feb16recopy_HYdiff_landingpadlines_survival_384well1/20260305_171612_406/260305_day25_iNeurons_WellM17_Channel405nm Binned,561nm Binned,488nm Binned_Seq0172.nd2","260305_day25_iNeurons_WellM17_Channel405nm Binned,561nm Binned,488nm Binned_Seq0172.nd2",49688576,405nm Binned|561nm Binned|488nm Binned,Seq0172
M17,M,17,PLD3_mCherry_reporter_control,True,29,"/Users/pmihack/claire/tmem_2026/data/260213_Feb16recopy_HYdiff_landingpadlines_survival_384well1/20260309_090353_210/260309_Day29_WellM17_Channel405nm Binned,561nm Binned,488nm Binned_Seq0172.nd2","260309_Day29_WellM17_Channel405nm Binned,561nm Binned,488nm Binned_Seq0172.nd2",49688576,405nm Binned|561nm Binned|488nm Binned,Seq0172
M17,M,17,PLD3_mCherry_reporter_control,True,32,"/Users/pmihack/claire/tmem_2026/data/260213_Feb16recopy_HYdiff_landingpadlines_survival_384well1/20260312_083635_497/260312_Day32_WellM17_Channel405nm Binned,561 nm,488nm Binned_Seq0172.nd2","260312_Day32_WellM17_Channel405nm Binned,561 nm,488nm Binned_Seq0172.nd2",49688576,405nm Binned|561 nm|488nm Binned,Seq0172
M17,M,17,PLD3_mCherry_reporter_control,True,36,"/Users/pmihack/claire/tmem_2026/data/260213_Feb16recopy_HYdiff_landingpadlines_survival_384well1/20260316_093139_667/260316_Day36_WellM17_Channel405nm Binned,561nm Binned,488nm Binned_Seq0172.nd2","260316_Day36_WellM17_Channel405nm Binned,561nm Binned,488nm Binned_Seq0172.nd2",49700864,405nm Binned|561nm Binned|488nm Binned,Seq0172
M17,M,17,PLD3_mCherry_reporter_control,True,39,"/Users/pmihack/claire/tmem_2026/data/260213_Feb16recopy_HYdiff_landingpadlines_survival_384well1/20260319_083746_585/260319_Day39_WellM17_Channel405nm Binned,561nm Binned,488nm Binned_Seq0172.nd2","260319_Day39_WellM17_Channel405nm Binned,561nm Binned,488nm Binned_Seq0172.nd2",49692672,405nm Binned|561nm Binned|488nm Binned,Seq0172
M18,M,18,PLD3_mCherry_reporter_control,True,8,"/Users/pmihack/claire/tmem_2026/data/260213_Feb16recopy_HYdiff_landingpadlines_survival_384well1/20260216_084435_959/260216_Day8_iNeurons_WellM18_Channel405nm Binned,561nm Binned,488nm Binned_Seq0173.nd2","260216_Day8_iNeurons_WellM18_Channel405nm Binned,561nm Binned,488nm Binned_Seq0173.nd2",49692672,405nm Binned|561nm Binned|488nm Binned,Seq0173
M18,M,18,PLD3_mCherry_reporter_control,True,12,"/Users/pmihack/claire/tmem_2026/data/260213_Feb16recopy_HYdiff_landingpadlines_survival_384well1/20260220_085237_196/260220_Day12_WellM18_Channel405nm Binned,561nm Binned,488nm Binned_Seq0173.nd2","260220_Day12_WellM18_Channel405nm Binned,561nm Binned,488nm Binned_Seq0173.nd2",49692672,405nm Binned|561nm Binned|488nm Binned,Seq0173
M18,M,18,PLD3_mCherry_reporter_control,True,16,"/Users/pmihack/claire/tmem_2026/data/260213_Feb16recopy_HYdiff_landingpadlines_survival_384well1/20260224_090320_759/260224_day16_WellM18_Channel405nm Binned,561nm Binned,488nm Binned_Seq0173.nd2","260224_day16_WellM18_Channel405nm Binned,561nm Binned,488nm Binned_Seq0173.nd2",49692672,405nm Binned|561nm Binned|488nm Binned,Seq0173
M18,M,18,PLD3_mCherry_reporter_control,True,20,"/Users/pmihack/claire/tmem_2026/data/260213_Feb16recopy_HYdiff_landingpadlines_survival_384well1/20260228_090815_318/260228_day20_WellM18_Channel405nm Binned,561nm Binned,488nm Binned_Seq0173.nd2","260228_day20_WellM18_Channel405nm Binned,561nm Binned,488nm Binned_Seq0173.nd2",49692672,405nm Binned|561nm Binned|488nm Binned,Seq0173
M18,M,18,PLD3_mCherry_reporter_control,True,25,"/Users/pmihack/claire/tmem_2026/data/260213_Feb16recopy_HYdiff_landingpadlines_survival_384well1/20260305_171612_406/260305_day25_iNeurons_WellM18_Channel405nm Binned,561nm Binned,488nm Binned_Seq0173.nd2","260305_day25_iNeurons_WellM18_Channel405nm Binned,561nm Binned,488nm Binned_Seq0173.nd2",49688576,405nm Binned|561nm Binned|488nm Binned,Seq0173
M18,M,18,PLD3_mCherry_reporter_control,True,29,"/Users/pmihack/claire/tmem_2026/data/260213_Feb16recopy_HYdiff_landingpadlines_survival_384well1/20260309_090353_210/260309_Day29_WellM18_Channel405nm Binned,561nm Binned,488nm Binned_Seq0173.nd2","260309_Day29_WellM18_Channel405nm Binned,561nm Binned,488nm Binned_Seq0173.nd2",49688576,405nm Binned|561nm Binned|488nm Binned,Seq0173
M18,M,18,PLD3_mCherry_reporter_control,True,32,"/Users/pmihack/claire/tmem_2026/data/260213_Feb16recopy_HYdiff_landingpadlines_survival_384well1/20260312_083635_497/260312_Day32_WellM18_Channel405nm Binned,561 nm,488nm Binned_Seq0173.nd2","260312_Day32_WellM18_Channel405nm Binned,561 nm,488nm Binned_Seq0173.nd2",49688576,405nm Binned|561 nm|488nm Binned,Seq0173
M18,M,18,PLD3_mCherry_reporter_control,True,36,"/Users/pmihack/claire/tmem_2026/data/260213_Feb16recopy_HYdiff_landingpadlines_survival_384well1/20260316_093139_667/260316_Day36_WellM18_Channel405nm Binned,561nm Binned,488nm Binned_Seq0173.nd2","260316_Day36_WellM18_Channel405nm Binned,561nm Binned,488nm Binned_Seq0173.nd2",49700864,405nm Binned|561nm Binned|488nm Binned,Seq0173
M18,M,18,PLD3_mCherry_reporter_control,True,39,"/Users/pmihack/claire/tmem_2026/data/260213_Feb16recopy_HYdiff_landingpadlines_survival_384well1/20260319_083746_585/260319_Day39_WellM18_Channel405nm Binned,561nm Binned,488nm Binned_Seq0173.nd2","260319_Day39_WellM18_Channel405nm Binned,561nm Binned,488nm Binned_Seq0173.nd2",49692672,405nm Binned|561nm Binned|488nm Binned,Seq0173
M19,M,19,PLD3_mCherry_reporter_control,True,8,"/Users/pmihack/claire/tmem_2026/data/260213_Feb16recopy_HYdiff_landingpadlines_survival_384well1/20260216_084435_959/260216_Day8_iNeurons_WellM19_Channel405nm Binned,561nm Binned,488nm Binned_Seq0174.nd2","260216_Day8_iNeurons_WellM19_Channel405nm Binned,561nm Binned,488nm Binned_Seq0174.nd2",49692672,405nm Binned|561nm Binned|488nm Binned,Seq0174
M19,M,19,PLD3_mCherry_reporter_control,True,12,"/Users/pmihack/claire/tmem_2026/data/260213_Feb16recopy_HYdiff_landingpadlines_survival_384well1/20260220_085237_196/260220_Day12_WellM19_Channel405nm Binned,561nm Binned,488nm Binned_Seq0174.nd2","260220_Day12_WellM19_Channel405nm Binned,561nm Binned,488nm Binned_Seq0174.nd2",49692672,405nm Binned|561nm Binned|488nm Binned,Seq0174
M19,M,19,PLD3_mCherry_reporter_control,True,16,"/Users/pmihack/claire/tmem_2026/data/260213_Feb16recopy_HYdiff_landingpadlines_survival_384well1/20260224_090320_759/260224_day16_WellM19_Channel405nm Binned,561nm Binned,488nm Binned_Seq0174.nd2","260224_day16_WellM19_Channel405nm Binned,561nm Binned,488nm Binned_Seq0174.nd2",49692672,405nm Binned|561nm Binned|488nm Binned,Seq0174
M19,M,19,PLD3_mCherry_reporter_control,True,20,"/Users/pmihack/claire/tmem_2026/data/260213_Feb16recopy_HYdiff_landingpadlines_survival_384well1/20260228_090815_318/260228_day20_WellM19_Channel405nm Binned,561nm Binned,488nm Binned_Seq0174.nd2","260228_day20_WellM19_Channel405nm Binned,561nm Binned,488nm Binned_Seq0174.nd2",49692672,405nm Binned|561nm Binned|488nm Binned,Seq0174
M19,M,19,PLD3_mCherry_reporter_control,True,25,"/Users/pmihack/claire/tmem_2026/data/260213_Feb16recopy_HYdiff_landingpadlines_survival_384well1/20260305_171612_406/260305_day25_iNeurons_WellM19_Channel405nm Binned,561nm Binned,488nm Binned_Seq0174.nd2","260305_day25_iNeurons_WellM19_Channel405nm Binned,561nm Binned,488nm Binned_Seq0174.nd2",49688576,405nm Binned|561nm Binned|488nm Binned,Seq0174
M19,M,19,PLD3_mCherry_reporter_control,True,29,"/Users/pmihack/claire/tmem_2026/data/260213_Feb16recopy_HYdiff_landingpadlines_survival_384well1/20260309_090353_210/260309_Day29_WellM19_Channel405nm Binned,561nm Binned,488nm Binned_Seq0174.nd2","260309_Day29_WellM19_Channel405nm Binned,561nm Binned,488nm Binned_Seq0174.nd2",49688576,405nm Binned|561nm Binned|488nm Binned,Seq0174
M19,M,19,PLD3_mCherry_reporter_control,True,32,"/Users/pmihack/claire/tmem_2026/data/260213_Feb16recopy_HYdiff_landingpadlines_survival_384well1/20260312_083635_497/260312_Day32_WellM19_Channel405nm Binned,561 nm,488nm Binned_Seq0174.nd2","260312_Day32_WellM19_Channel405nm Binned,561 nm,488nm Binned_Seq0174.nd2",49688576,405nm Binned|561 nm|488nm Binned,Seq0174
M19,M,19,PLD3_mCherry_reporter_control,True,36,"/Users/pmihack/claire/tmem_2026/data/260213_Feb16recopy_HYdiff_landingpadlines_survival_384well1/20260316_093139_667/260316_Day36_WellM19_Channel405nm Binned,561nm Binned,488nm Binned_Seq0174.nd2","260316_Day36_WellM19_Channel405nm Binned,561nm Binned,488nm Binned_Seq0174.nd2",49700864,405nm Binned|561nm Binned|488nm Binned,Seq0174
M19,M,19,PLD3_mCherry_reporter_control,True,39,"/Users/pmihack/claire/tmem_2026/data/260213_Feb16recopy_HYdiff_landingpadlines_survival_384well1/20260319_083746_585/260319_Day39_WellM19_Channel405nm Binned,561nm Binned,488nm Binned_Seq0174.nd2","260319_Day39_WellM19_Channel405nm Binned,561nm Binned,488nm Binned_Seq0174.nd2",49692672,405nm Binned|561nm Binned|488nm Binned,Seq0174
M20,M,20,PLD3_mCherry_reporter_control,True,8,"/Users/pmihack/claire/tmem_2026/data/260213_Feb16recopy_HYdiff_landingpadlines_survival_384well1/20260216_084435_959/260216_Day8_iNeurons_WellM20_Channel405nm Binned,561nm Binned,488nm Binned_Seq0175.nd2","260216_Day8_iNeurons_WellM20_Channel405nm Binned,561nm Binned,488nm Binned_Seq0175.nd2",49692672,405nm Binned|561nm Binned|488nm Binned,Seq0175
M20,M,20,PLD3_mCherry_reporter_control,True,12,"/Users/pmihack/claire/tmem_2026/data/260213_Feb16recopy_HYdiff_landingpadlines_survival_384well1/20260220_085237_196/260220_Day12_WellM20_Channel405nm Binned,561nm Binned,488nm Binned_Seq0175.nd2","260220_Day12_WellM20_Channel405nm Binned,561nm Binned,488nm Binned_Seq0175.nd2",49692672,405nm Binned|561nm Binned|488nm Binned,Seq0175
M20,M,20,PLD3_mCherry_reporter_control,True,16,"/Users/pmihack/claire/tmem_2026/data/260213_Feb16recopy_HYdiff_landingpadlines_survival_384well1/20260224_090320_759/260224_day16_WellM20_Channel405nm Binned,561nm Binned,488nm Binned_Seq0175.nd2","260224_day16_WellM20_Channel405nm Binned,561nm Binned,488nm Binned_Seq0175.nd2",49692672,405nm Binned|561nm Binned|488nm Binned,Seq0175
M20,M,20,PLD3_mCherry_reporter_control,True,20,"/Users/pmihack/claire/tmem_2026/data/260213_Feb16recopy_HYdiff_landingpadlines_survival_384well1/20260228_090815_318/260228_day20_WellM20_Channel405nm Binned,561nm Binned,488nm Binned_Seq0175.nd2","260228_day20_WellM20_Channel405nm Binned,561nm Binned,488nm Binned_Seq0175.nd2",49692672,405nm Binned|561nm Binned|488nm Binned,Seq0175
M20,M,20,PLD3_mCherry_reporter_control,True,25,"/Users/pmihack/claire/tmem_2026/data/260213_Feb16recopy_HYdiff_landingpadlines_survival_384well1/20260305_171612_406/260305_day25_iNeurons_WellM20_Channel405nm Binned,561nm Binned,488nm Binned_Seq0175.nd2","260305_day25_iNeurons_WellM20_Channel405nm Binned,561nm Binned,488nm Binned_Seq0175.nd2",49688576,405nm Binned|561nm Binned|488nm Binned,Seq0175
M20,M,20,PLD3_mCherry_reporter_control,True,29,"/Users/pmihack/claire/tmem_2026/data/260213_Feb16recopy_HYdiff_landingpadlines_survival_384well1/20260309_090353_210/260309_Day29_WellM20_Channel405nm Binned,561nm Binned,488nm Binned_Seq0175.nd2","260309_Day29_WellM20_Channel405nm Binned,561nm Binned,488nm Binned_Seq0175.nd2",49688576,405nm Binned|561nm Binned|488nm Binned,Seq0175
M20,M,20,PLD3_mCherry_reporter_control,True,32,"/Users/pmihack/claire/tmem_2026/data/260213_Feb16recopy_HYdiff_landingpadlines_survival_384well1/20260312_083635_497/260312_Day32_WellM20_Channel405nm Binned,561 nm,488nm Binned_Seq0175.nd2","260312_Day32_WellM20_Channel405nm Binned,561 nm,488nm Binned_Seq0175.nd2",49688576,405nm Binned|561 nm|488nm Binned,Seq0175
M20,M,20,PLD3_mCherry_reporter_control,True,36,"/Users/pmihack/claire/tmem_2026/data/260213_Feb16recopy_HYdiff_landingpadlines_survival_384well1/20260316_093139_667/260316_Day36_WellM20_Channel405nm Binned,561nm Binned,488nm Binned_Seq0175.nd2","260316_Day36_WellM20_Channel405nm Binned,561nm Binned,488nm Binned_Seq0175.nd2",49700864,405nm Binned|561nm Binned|488nm Binned,Seq0175
M20,M,20,PLD3_mCherry_reporter_control,True,39,"/Users/pmihack/claire/tmem_2026/data/260213_Feb16recopy_HYdiff_landingpadlines_survival_384well1/20260319_083746_585/260319_Day39_WellM20_Channel405nm Binned,561nm Binned,488nm Binned_Seq0175.nd2","260319_Day39_WellM20_Channel405nm Binned,561nm Binned,488nm Binned_Seq0175.nd2",49692672,405nm Binned|561nm Binned|488nm Binned,Seq0175
N05,N,05,PLD3_TMEM106B_mCherry_primary,True,8,"/Users/pmihack/claire/tmem_2026/data/260213_Feb16recopy_HYdiff_landingpadlines_survival_384well1/20260216_084435_959/260216_Day8_iNeurons_WellN05_Channel405nm Binned,561nm Binned,488nm Binned_Seq0176.nd2","260216_Day8_iNeurons_WellN05_Channel405nm Binned,561nm Binned,488nm Binned_Seq0176.nd2",49692672,405nm Binned|561nm Binned|488nm Binned,Seq0176
N05,N,05,PLD3_TMEM106B_mCherry_primary,True,12,"/Users/pmihack/claire/tmem_2026/data/260213_Feb16recopy_HYdiff_landingpadlines_survival_384well1/20260220_085237_196/260220_Day12_WellN05_Channel405nm Binned,561nm Binned,488nm Binned_Seq0176.nd2","260220_Day12_WellN05_Channel405nm Binned,561nm Binned,488nm Binned_Seq0176.nd2",49692672,405nm Binned|561nm Binned|488nm Binned,Seq0176
N05,N,05,PLD3_TMEM106B_mCherry_primary,True,16,"/Users/pmihack/claire/tmem_2026/data/260213_Feb16recopy_HYdiff_landingpadlines_survival_384well1/20260224_090320_759/260224_day16_WellN05_Channel405nm Binned,561nm Binned,488nm Binned_Seq0176.nd2","260224_day16_WellN05_Channel405nm Binned,561nm Binned,488nm Binned_Seq0176.nd2",49692672,405nm Binned|561nm Binned|488nm Binned,Seq0176
N05,N,05,PLD3_TMEM106B_mCherry_primary,True,20,"/Users/pmihack/claire/tmem_2026/data/260213_Feb16recopy_HYdiff_landingpadlines_survival_384well1/20260228_090815_318/260228_day20_WellN05_Channel405nm Binned,561nm Binned,488nm Binned_Seq0176.nd2","260228_day20_WellN05_Channel405nm Binned,561nm Binned,488nm Binned_Seq0176.nd2",49692672,405nm Binned|561nm Binned|488nm Binned,Seq0176
N05,N,05,PLD3_TMEM106B_mCherry_primary,True,25,"/Users/pmihack/claire/tmem_2026/data/260213_Feb16recopy_HYdiff_landingpadlines_survival_384well1/20260305_171612_406/260305_day25_iNeurons_WellN05_Channel405nm Binned,561nm Binned,488nm Binned_Seq0176.nd2","260305_day25_iNeurons_WellN05_Channel405nm Binned,561nm Binned,488nm Binned_Seq0176.nd2",49688576,405nm Binned|561nm Binned|488nm Binned,Seq0176
N05,N,05,PLD3_TMEM106B_mCherry_primary,True,29,"/Users/pmihack/claire/tmem_2026/data/260213_Feb16recopy_HYdiff_landingpadlines_survival_384well1/20260309_090353_210/260309_Day29_WellN05_Channel405nm Binned,561nm Binned,488nm Binned_Seq0176.nd2","260309_Day29_WellN05_Channel405nm Binned,561nm Binned,488nm Binned_Seq0176.nd2",49688576,405nm Binned|561nm Binned|488nm Binned,Seq0176
N05,N,05,PLD3_TMEM106B_mCherry_primary,True,32,"/Users/pmihack/claire/tmem_2026/data/260213_Feb16recopy_HYdiff_landingpadlines_survival_384well1/20260312_083635_497/260312_Day32_WellN05_Channel405nm Binned,561 nm,488nm Binned_Seq0176.nd2","260312_Day32_WellN05_Channel405nm Binned,561 nm,488nm Binned_Seq0176.nd2",49688576,405nm Binned|561 nm|488nm Binned,Seq0176
N05,N,05,PLD3_TMEM106B_mCherry_primary,True,36,"/Users/pmihack/claire/tmem_2026/data/260213_Feb16recopy_HYdiff_landingpadlines_survival_384well1/20260316_093139_667/260316_Day36_WellN05_Channel405nm Binned,561nm Binned,488nm Binned_Seq0176.nd2","260316_Day36_WellN05_Channel405nm Binned,561nm Binned,488nm Binned_Seq0176.nd2",49700864,405nm Binned|561nm Binned|488nm Binned,Seq0176
N05,N,05,PLD3_TMEM106B_mCherry_primary,True,39,"/Users/pmihack/claire/tmem_2026/data/260213_Feb16recopy_HYdiff_landingpadlines_survival_384well1/20260319_083746_585/260319_Day39_WellN05_Channel405nm Binned,561nm Binned,488nm Binned_Seq0176.nd2","260319_Day39_WellN05_Channel405nm Binned,561nm Binned,488nm Binned_Seq0176.nd2",49692672,405nm Binned|561nm Binned|488nm Binned,Seq0176
N06,N,06,PLD3_TMEM106B_mCherry_primary,True,8,"/Users/pmihack/claire/tmem_2026/data/260213_Feb16recopy_HYdiff_landingpadlines_survival_384well1/20260216_084435_959/260216_Day8_iNeurons_WellN06_Channel405nm Binned,561nm Binned,488nm Binned_Seq0177.nd2","260216_Day8_iNeurons_WellN06_Channel405nm Binned,561nm Binned,488nm Binned_Seq0177.nd2",49692672,405nm Binned|561nm Binned|488nm Binned,Seq0177
N06,N,06,PLD3_TMEM106B_mCherry_primary,True,12,"/Users/pmihack/claire/tmem_2026/data/260213_Feb16recopy_HYdiff_landingpadlines_survival_384well1/20260220_085237_196/260220_Day12_WellN06_Channel405nm Binned,561nm Binned,488nm Binned_Seq0177.nd2","260220_Day12_WellN06_Channel405nm Binned,561nm Binned,488nm Binned_Seq0177.nd2",49692672,405nm Binned|561nm Binned|488nm Binned,Seq0177
N06,N,06,PLD3_TMEM106B_mCherry_primary,True,16,"/Users/pmihack/claire/tmem_2026/data/260213_Feb16recopy_HYdiff_landingpadlines_survival_384well1/20260224_090320_759/260224_day16_WellN06_Channel405nm Binned,561nm Binned,488nm Binned_Seq0177.nd2","260224_day16_WellN06_Channel405nm Binned,561nm Binned,488nm Binned_Seq0177.nd2",49692672,405nm Binned|561nm Binned|488nm Binned,Seq0177
N06,N,06,PLD3_TMEM106B_mCherry_primary,True,20,"/Users/pmihack/claire/tmem_2026/data/260213_Feb16recopy_HYdiff_landingpadlines_survival_384well1/20260228_090815_318/260228_day20_WellN06_Channel405nm Binned,561nm Binned,488nm Binned_Seq0177.nd2","260228_day20_WellN06_Channel405nm Binned,561nm Binned,488nm Binned_Seq0177.nd2",49692672,405nm Binned|561nm Binned|488nm Binned,Seq0177
N06,N,06,PLD3_TMEM106B_mCherry_primary,True,25,"/Users/pmihack/claire/tmem_2026/data/260213_Feb16recopy_HYdiff_landingpadlines_survival_384well1/20260305_171612_406/260305_day25_iNeurons_WellN06_Channel405nm Binned,561nm Binned,488nm Binned_Seq0177.nd2","260305_day25_iNeurons_WellN06_Channel405nm Binned,561nm Binned,488nm Binned_Seq0177.nd2",49688576,405nm Binned|561nm Binned|488nm Binned,Seq0177
N06,N,06,PLD3_TMEM106B_mCherry_primary,True,29,"/Users/pmihack/claire/tmem_2026/data/260213_Feb16recopy_HYdiff_landingpadlines_survival_384well1/20260309_090353_210/260309_Day29_WellN06_Channel405nm Binned,561nm Binned,488nm Binned_Seq0177.nd2","260309_Day29_WellN06_Channel405nm Binned,561nm Binned,488nm Binned_Seq0177.nd2",49688576,405nm Binned|561nm Binned|488nm Binned,Seq0177
N06,N,06,PLD3_TMEM106B_mCherry_primary,True,32,"/Users/pmihack/claire/tmem_2026/data/260213_Feb16recopy_HYdiff_landingpadlines_survival_384well1/20260312_083635_497/260312_Day32_WellN06_Channel405nm Binned,561 nm,488nm Binned_Seq0177.nd2","260312_Day32_WellN06_Channel405nm Binned,561 nm,488nm Binned_Seq0177.nd2",49688576,405nm Binned|561 nm|488nm Binned,Seq0177
N06,N,06,PLD3_TMEM106B_mCherry_primary,True,36,"/Users/pmihack/claire/tmem_2026/data/260213_Feb16recopy_HYdiff_landingpadlines_survival_384well1/20260316_093139_667/260316_Day36_WellN06_Channel405nm Binned,561nm Binned,488nm Binned_Seq0177.nd2","260316_Day36_WellN06_Channel405nm Binned,561nm Binned,488nm Binned_Seq0177.nd2",49700864,405nm Binned|561nm Binned|488nm Binned,Seq0177
N06,N,06,PLD3_TMEM106B_mCherry_primary,True,39,"/Users/pmihack/claire/tmem_2026/data/260213_Feb16recopy_HYdiff_landingpadlines_survival_384well1/20260319_083746_585/260319_Day39_WellN06_Channel405nm Binned,561nm Binned,488nm Binned_Seq0177.nd2","260319_Day39_WellN06_Channel405nm Binned,561nm Binned,488nm Binned_Seq0177.nd2",49692672,405nm Binned|561nm Binned|488nm Binned,Seq0177
N07,N,07,PLD3_TMEM106B_mCherry_primary,True,8,"/Users/pmihack/claire/tmem_2026/data/260213_Feb16recopy_HYdiff_landingpadlines_survival_384well1/20260216_084435_959/260216_Day8_iNeurons_WellN07_Channel405nm Binned,561nm Binned,488nm Binned_Seq0178.nd2","260216_Day8_iNeurons_WellN07_Channel405nm Binned,561nm Binned,488nm Binned_Seq0178.nd2",49692672,405nm Binned|561nm Binned|488nm Binned,Seq0178
N07,N,07,PLD3_TMEM106B_mCherry_primary,True,12,"/Users/pmihack/claire/tmem_2026/data/260213_Feb16recopy_HYdiff_landingpadlines_survival_384well1/20260220_085237_196/260220_Day12_WellN07_Channel405nm Binned,561nm Binned,488nm Binned_Seq0178.nd2","260220_Day12_WellN07_Channel405nm Binned,561nm Binned,488nm Binned_Seq0178.nd2",49692672,405nm Binned|561nm Binned|488nm Binned,Seq0178
N07,N,07,PLD3_TMEM106B_mCherry_primary,True,16,"/Users/pmihack/claire/tmem_2026/data/260213_Feb16recopy_HYdiff_landingpadlines_survival_384well1/20260224_090320_759/260224_day16_WellN07_Channel405nm Binned,561nm Binned,488nm Binned_Seq0178.nd2","260224_day16_WellN07_Channel405nm Binned,561nm Binned,488nm Binned_Seq0178.nd2",49692672,405nm Binned|561nm Binned|488nm Binned,Seq0178
N07,N,07,PLD3_TMEM106B_mCherry_primary,True,20,"/Users/pmihack/claire/tmem_2026/data/260213_Feb16recopy_HYdiff_landingpadlines_survival_384well1/20260228_090815_318/260228_day20_WellN07_Channel405nm Binned,561nm Binned,488nm Binned_Seq0178.nd2","260228_day20_WellN07_Channel405nm Binned,561nm Binned,488nm Binned_Seq0178.nd2",49692672,405nm Binned|561nm Binned|488nm Binned,Seq0178
N07,N,07,PLD3_TMEM106B_mCherry_primary,True,25,"/Users/pmihack/claire/tmem_2026/data/260213_Feb16recopy_HYdiff_landingpadlines_survival_384well1/20260305_171612_406/260305_day25_iNeurons_WellN07_Channel405nm Binned,561nm Binned,488nm Binned_Seq0178.nd2","260305_day25_iNeurons_WellN07_Channel405nm Binned,561nm Binned,488nm Binned_Seq0178.nd2",49688576,405nm Binned|561nm Binned|488nm Binned,Seq0178
N07,N,07,PLD3_TMEM106B_mCherry_primary,True,29,"/Users/pmihack/claire/tmem_2026/data/260213_Feb16recopy_HYdiff_landingpadlines_survival_384well1/20260309_090353_210/260309_Day29_WellN07_Channel405nm Binned,561nm Binned,488nm Binned_Seq0178.nd2","260309_Day29_WellN07_Channel405nm Binned,561nm Binned,488nm Binned_Seq0178.nd2",49688576,405nm Binned|561nm Binned|488nm Binned,Seq0178
N07,N,07,PLD3_TMEM106B_mCherry_primary,True,32,"/Users/pmihack/claire/tmem_2026/data/260213_Feb16recopy_HYdiff_landingpadlines_survival_384well1/20260312_083635_497/260312_Day32_WellN07_Channel405nm Binned,561 nm,488nm Binned_Seq0178.nd2","260312_Day32_WellN07_Channel405nm Binned,561 nm,488nm Binned_Seq0178.nd2",49688576,405nm Binned|561 nm|488nm Binned,Seq0178
N07,N,07,PLD3_TMEM106B_mCherry_primary,True,36,"/Users/pmihack/claire/tmem_2026/data/260213_Feb16recopy_HYdiff_landingpadlines_survival_384well1/20260316_093139_667/260316_Day36_WellN07_Channel405nm Binned,561nm Binned,488nm Binned_Seq0178.nd2","260316_Day36_WellN07_Channel405nm Binned,561nm Binned,488nm Binned_Seq0178.nd2",49700864,405nm Binned|561nm Binned|488nm Binned,Seq0178
N07,N,07,PLD3_TMEM106B_mCherry_primary,True,39,"/Users/pmihack/claire/tmem_2026/data/260213_Feb16recopy_HYdiff_landingpadlines_survival_384well1/20260319_083746_585/260319_Day39_WellN07_Channel405nm Binned,561nm Binned,488nm Binned_Seq0178.nd2","260319_Day39_WellN07_Channel405nm Binned,561nm Binned,488nm Binned_Seq0178.nd2",49692672,405nm Binned|561nm Binned|488nm Binned,Seq0178
N08,N,08,PLD3_TMEM106B_mCherry_primary,True,8,"/Users/pmihack/claire/tmem_2026/data/260213_Feb16recopy_HYdiff_landingpadlines_survival_384well1/20260216_084435_959/260216_Day8_iNeurons_WellN08_Channel405nm Binned,561nm Binned,488nm Binned_Seq0179.nd2","260216_Day8_iNeurons_WellN08_Channel405nm Binned,561nm Binned,488nm Binned_Seq0179.nd2",49692672,405nm Binned|561nm Binned|488nm Binned,Seq0179
N08,N,08,PLD3_TMEM106B_mCherry_primary,True,12,"/Users/pmihack/claire/tmem_2026/data/260213_Feb16recopy_HYdiff_landingpadlines_survival_384well1/20260220_085237_196/260220_Day12_WellN08_Channel405nm Binned,561nm Binned,488nm Binned_Seq0179.nd2","260220_Day12_WellN08_Channel405nm Binned,561nm Binned,488nm Binned_Seq0179.nd2",49692672,405nm Binned|561nm Binned|488nm Binned,Seq0179
N08,N,08,PLD3_TMEM106B_mCherry_primary,True,16,"/Users/pmihack/claire/tmem_2026/data/260213_Feb16recopy_HYdiff_landingpadlines_survival_384well1/20260224_090320_759/260224_day16_WellN08_Channel405nm Binned,561nm Binned,488nm Binned_Seq0179.nd2","260224_day16_WellN08_Channel405nm Binned,561nm Binned,488nm Binned_Seq0179.nd2",49692672,405nm Binned|561nm Binned|488nm Binned,Seq0179
N08,N,08,PLD3_TMEM106B_mCherry_primary,True,20,"/Users/pmihack/claire/tmem_2026/data/260213_Feb16recopy_HYdiff_landingpadlines_survival_384well1/20260228_090815_318/260228_day20_WellN08_Channel405nm Binned,561nm Binned,488nm Binned_Seq0179.nd2","260228_day20_WellN08_Channel405nm Binned,561nm Binned,488nm Binned_Seq0179.nd2",49692672,405nm Binned|561nm Binned|488nm Binned,Seq0179
N08,N,08,PLD3_TMEM106B_mCherry_primary,True,25,"/Users/pmihack/claire/tmem_2026/data/260213_Feb16recopy_HYdiff_landingpadlines_survival_384well1/20260305_171612_406/260305_day25_iNeurons_WellN08_Channel405nm Binned,561nm Binned,488nm Binned_Seq0179.nd2","260305_day25_iNeurons_WellN08_Channel405nm Binned,561nm Binned,488nm Binned_Seq0179.nd2",49688576,405nm Binned|561nm Binned|488nm Binned,Seq0179
N08,N,08,PLD3_TMEM106B_mCherry_primary,True,29,"/Users/pmihack/claire/tmem_2026/data/260213_Feb16recopy_HYdiff_landingpadlines_survival_384well1/20260309_090353_210/260309_Day29_WellN08_Channel405nm Binned,561nm Binned,488nm Binned_Seq0179.nd2","260309_Day29_WellN08_Channel405nm Binned,561nm Binned,488nm Binned_Seq0179.nd2",49688576,405nm Binned|561nm Binned|488nm Binned,Seq0179
N08,N,08,PLD3_TMEM106B_mCherry_primary,True,32,"/Users/pmihack/claire/tmem_2026/data/260213_Feb16recopy_HYdiff_landingpadlines_survival_384well1/20260312_083635_497/260312_Day32_WellN08_Channel405nm Binned,561 nm,488nm Binned_Seq0179.nd2","260312_Day32_WellN08_Channel405nm Binned,561 nm,488nm Binned_Seq0179.nd2",49688576,405nm Binned|561 nm|488nm Binned,Seq0179
N08,N,08,PLD3_TMEM106B_mCherry_primary,True,36,"/Users/pmihack/claire/tmem_2026/data/260213_Feb16recopy_HYdiff_landingpadlines_survival_384well1/20260316_093139_667/260316_Day36_WellN08_Channel405nm Binned,561nm Binned,488nm Binned_Seq0179.nd2","260316_Day36_WellN08_Channel405nm Binned,561nm Binned,488nm Binned_Seq0179.nd2",49700864,405nm Binned|561nm Binned|488nm Binned,Seq0179
N08,N,08,PLD3_TMEM106B_mCherry_primary,True,39,"/Users/pmihack/claire/tmem_2026/data/260213_Feb16recopy_HYdiff_landingpadlines_survival_384well1/20260319_083746_585/260319_Day39_WellN08_Channel405nm Binned,561nm Binned,488nm Binned_Seq0179.nd2","260319_Day39_WellN08_Channel405nm Binned,561nm Binned,488nm Binned_Seq0179.nd2",49692672,405nm Binned|561nm Binned|488nm Binned,Seq0179
N09,N,09,PLD3_TMEM106B_mCherry_primary,True,8,"/Users/pmihack/claire/tmem_2026/data/260213_Feb16recopy_HYdiff_landingpadlines_survival_384well1/20260216_084435_959/260216_Day8_iNeurons_WellN09_Channel405nm Binned,561nm Binned,488nm Binned_Seq0180.nd2","260216_Day8_iNeurons_WellN09_Channel405nm Binned,561nm Binned,488nm Binned_Seq0180.nd2",49692672,405nm Binned|561nm Binned|488nm Binned,Seq0180
N09,N,09,PLD3_TMEM106B_mCherry_primary,True,12,"/Users/pmihack/claire/tmem_2026/data/260213_Feb16recopy_HYdiff_landingpadlines_survival_384well1/20260220_085237_196/260220_Day12_WellN09_Channel405nm Binned,561nm Binned,488nm Binned_Seq0180.nd2","260220_Day12_WellN09_Channel405nm Binned,561nm Binned,488nm Binned_Seq0180.nd2",49692672,405nm Binned|561nm Binned|488nm Binned,Seq0180
N09,N,09,PLD3_TMEM106B_mCherry_primary,True,16,"/Users/pmihack/claire/tmem_2026/data/260213_Feb16recopy_HYdiff_landingpadlines_survival_384well1/20260224_090320_759/260224_day16_WellN09_Channel405nm Binned,561nm Binned,488nm Binned_Seq0180.nd2","260224_day16_WellN09_Channel405nm Binned,561nm Binned,488nm Binned_Seq0180.nd2",49692672,405nm Binned|561nm Binned|488nm Binned,Seq0180
N09,N,09,PLD3_TMEM106B_mCherry_primary,True,20,"/Users/pmihack/claire/tmem_2026/data/260213_Feb16recopy_HYdiff_landingpadlines_survival_384well1/20260228_090815_318/260228_day20_WellN09_Channel405nm Binned,561nm Binned,488nm Binned_Seq0180.nd2","260228_day20_WellN09_Channel405nm Binned,561nm Binned,488nm Binned_Seq0180.nd2",49692672,405nm Binned|561nm Binned|488nm Binned,Seq0180
N09,N,09,PLD3_TMEM106B_mCherry_primary,True,25,"/Users/pmihack/claire/tmem_2026/data/260213_Feb16recopy_HYdiff_landingpadlines_survival_384well1/20260305_171612_406/260305_day25_iNeurons_WellN09_Channel405nm Binned,561nm Binned,488nm Binned_Seq0180.nd2","260305_day25_iNeurons_WellN09_Channel405nm Binned,561nm Binned,488nm Binned_Seq0180.nd2",49688576,405nm Binned|561nm Binned|488nm Binned,Seq0180
N09,N,09,PLD3_TMEM106B_mCherry_primary,True,29,"/Users/pmihack/claire/tmem_2026/data/260213_Feb16recopy_HYdiff_landingpadlines_survival_384well1/20260309_090353_210/260309_Day29_WellN09_Channel405nm Binned,561nm Binned,488nm Binned_Seq0180.nd2","260309_Day29_WellN09_Channel405nm Binned,561nm Binned,488nm Binned_Seq0180.nd2",49688576,405nm Binned|561nm Binned|488nm Binned,Seq0180
N09,N,09,PLD3_TMEM106B_mCherry_primary,True,32,"/Users/pmihack/claire/tmem_2026/data/260213_Feb16recopy_HYdiff_landingpadlines_survival_384well1/20260312_083635_497/260312_Day32_WellN09_Channel405nm Binned,561 nm,488nm Binned_Seq0180.nd2","260312_Day32_WellN09_Channel405nm Binned,561 nm,488nm Binned_Seq0180.nd2",49688576,405nm Binned|561 nm|488nm Binned,Seq0180
N09,N,09,PLD3_TMEM106B_mCherry_primary,True,36,"/Users/pmihack/claire/tmem_2026/data/260213_Feb16recopy_HYdiff_landingpadlines_survival_384well1/20260316_093139_667/260316_Day36_WellN09_Channel405nm Binned,561nm Binned,488nm Binned_Seq0180.nd2","260316_Day36_WellN09_Channel405nm Binned,561nm Binned,488nm Binned_Seq0180.nd2",49700864,405nm Binned|561nm Binned|488nm Binned,Seq0180
N09,N,09,PLD3_TMEM106B_mCherry_primary,True,39,"/Users/pmihack/claire/tmem_2026/data/260213_Feb16recopy_HYdiff_landingpadlines_survival_384well1/20260319_083746_585/260319_Day39_WellN09_Channel405nm Binned,561nm Binned,488nm Binned_Seq0180.nd2","260319_Day39_WellN09_Channel405nm Binned,561nm Binned,488nm Binned_Seq0180.nd2",49692672,405nm Binned|561nm Binned|488nm Binned,Seq0180
N10,N,10,PLD3_TMEM106B_mCherry_primary,True,8,"/Users/pmihack/claire/tmem_2026/data/260213_Feb16recopy_HYdiff_landingpadlines_survival_384well1/20260216_084435_959/260216_Day8_iNeurons_WellN10_Channel405nm Binned,561nm Binned,488nm Binned_Seq0181.nd2","260216_Day8_iNeurons_WellN10_Channel405nm Binned,561nm Binned,488nm Binned_Seq0181.nd2",49692672,405nm Binned|561nm Binned|488nm Binned,Seq0181
N10,N,10,PLD3_TMEM106B_mCherry_primary,True,12,"/Users/pmihack/claire/tmem_2026/data/260213_Feb16recopy_HYdiff_landingpadlines_survival_384well1/20260220_085237_196/260220_Day12_WellN10_Channel405nm Binned,561nm Binned,488nm Binned_Seq0181.nd2","260220_Day12_WellN10_Channel405nm Binned,561nm Binned,488nm Binned_Seq0181.nd2",49692672,405nm Binned|561nm Binned|488nm Binned,Seq0181
N10,N,10,PLD3_TMEM106B_mCherry_primary,True,16,"/Users/pmihack/claire/tmem_2026/data/260213_Feb16recopy_HYdiff_landingpadlines_survival_384well1/20260224_090320_759/260224_day16_WellN10_Channel405nm Binned,561nm Binned,488nm Binned_Seq0181.nd2","260224_day16_WellN10_Channel405nm Binned,561nm Binned,488nm Binned_Seq0181.nd2",49692672,405nm Binned|561nm Binned|488nm Binned,Seq0181
N10,N,10,PLD3_TMEM106B_mCherry_primary,True,20,"/Users/pmihack/claire/tmem_2026/data/260213_Feb16recopy_HYdiff_landingpadlines_survival_384well1/20260228_090815_318/260228_day20_WellN10_Channel405nm Binned,561nm Binned,488nm Binned_Seq0181.nd2","260228_day20_WellN10_Channel405nm Binned,561nm Binned,488nm Binned_Seq0181.nd2",49692672,405nm Binned|561nm Binned|488nm Binned,Seq0181
N10,N,10,PLD3_TMEM106B_mCherry_primary,True,25,"/Users/pmihack/claire/tmem_2026/data/260213_Feb16recopy_HYdiff_landingpadlines_survival_384well1/20260305_171612_406/260305_day25_iNeurons_WellN10_Channel405nm Binned,561nm Binned,488nm Binned_Seq0181.nd2","260305_day25_iNeurons_WellN10_Channel405nm Binned,561nm Binned,488nm Binned_Seq0181.nd2",49688576,405nm Binned|561nm Binned|488nm Binned,Seq0181
N10,N,10,PLD3_TMEM106B_mCherry_primary,True,29,"/Users/pmihack/claire/tmem_2026/data/260213_Feb16recopy_HYdiff_landingpadlines_survival_384well1/20260309_090353_210/260309_Day29_WellN10_Channel405nm Binned,561nm Binned,488nm Binned_Seq0181.nd2","260309_Day29_WellN10_Channel405nm Binned,561nm Binned,488nm Binned_Seq0181.nd2",49688576,405nm Binned|561nm Binned|488nm Binned,Seq0181
N10,N,10,PLD3_TMEM106B_mCherry_primary,True,32,"/Users/pmihack/claire/tmem_2026/data/260213_Feb16recopy_HYdiff_landingpadlines_survival_384well1/20260312_083635_497/260312_Day32_WellN10_Channel405nm Binned,561 nm,488nm Binned_Seq0181.nd2","260312_Day32_WellN10_Channel405nm Binned,561 nm,488nm Binned_Seq0181.nd2",49688576,405nm Binned|561 nm|488nm Binned,Seq0181
N10,N,10,PLD3_TMEM106B_mCherry_primary,True,36,"/Users/pmihack/claire/tmem_2026/data/260213_Feb16recopy_HYdiff_landingpadlines_survival_384well1/20260316_093139_667/260316_Day36_WellN10_Channel405nm Binned,561nm Binned,488nm Binned_Seq0181.nd2","260316_Day36_WellN10_Channel405nm Binned,561nm Binned,488nm Binned_Seq0181.nd2",49700864,405nm Binned|561nm Binned|488nm Binned,Seq0181
N10,N,10,PLD3_TMEM106B_mCherry_primary,True,39,"/Users/pmihack/claire/tmem_2026/data/260213_Feb16recopy_HYdiff_landingpadlines_survival_384well1/20260319_083746_585/260319_Day39_WellN10_Channel405nm Binned,561nm Binned,488nm Binned_Seq0181.nd2","260319_Day39_WellN10_Channel405nm Binned,561nm Binned,488nm Binned_Seq0181.nd2",49692672,405nm Binned|561nm Binned|488nm Binned,Seq0181
N11,N,11,PLD3_TMEM106B_mCherry_primary,True,8,"/Users/pmihack/claire/tmem_2026/data/260213_Feb16recopy_HYdiff_landingpadlines_survival_384well1/20260216_084435_959/260216_Day8_iNeurons_WellN11_Channel405nm Binned,561nm Binned,488nm Binned_Seq0182.nd2","260216_Day8_iNeurons_WellN11_Channel405nm Binned,561nm Binned,488nm Binned_Seq0182.nd2",49692672,405nm Binned|561nm Binned|488nm Binned,Seq0182
N11,N,11,PLD3_TMEM106B_mCherry_primary,True,12,"/Users/pmihack/claire/tmem_2026/data/260213_Feb16recopy_HYdiff_landingpadlines_survival_384well1/20260220_085237_196/260220_Day12_WellN11_Channel405nm Binned,561nm Binned,488nm Binned_Seq0182.nd2","260220_Day12_WellN11_Channel405nm Binned,561nm Binned,488nm Binned_Seq0182.nd2",49692672,405nm Binned|561nm Binned|488nm Binned,Seq0182
N11,N,11,PLD3_TMEM106B_mCherry_primary,True,16,"/Users/pmihack/claire/tmem_2026/data/260213_Feb16recopy_HYdiff_landingpadlines_survival_384well1/20260224_090320_759/260224_day16_WellN11_Channel405nm Binned,561nm Binned,488nm Binned_Seq0182.nd2","260224_day16_WellN11_Channel405nm Binned,561nm Binned,488nm Binned_Seq0182.nd2",49692672,405nm Binned|561nm Binned|488nm Binned,Seq0182
N11,N,11,PLD3_TMEM106B_mCherry_primary,True,20,"/Users/pmihack/claire/tmem_2026/data/260213_Feb16recopy_HYdiff_landingpadlines_survival_384well1/20260228_090815_318/260228_day20_WellN11_Channel405nm Binned,561nm Binned,488nm Binned_Seq0182.nd2","260228_day20_WellN11_Channel405nm Binned,561nm Binned,488nm Binned_Seq0182.nd2",49692672,405nm Binned|561nm Binned|488nm Binned,Seq0182
N11,N,11,PLD3_TMEM106B_mCherry_primary,True,25,"/Users/pmihack/claire/tmem_2026/data/260213_Feb16recopy_HYdiff_landingpadlines_survival_384well1/20260305_171612_406/260305_day25_iNeurons_WellN11_Channel405nm Binned,561nm Binned,488nm Binned_Seq0182.nd2","260305_day25_iNeurons_WellN11_Channel405nm Binned,561nm Binned,488nm Binned_Seq0182.nd2",49688576,405nm Binned|561nm Binned|488nm Binned,Seq0182
N11,N,11,PLD3_TMEM106B_mCherry_primary,True,29,"/Users/pmihack/claire/tmem_2026/data/260213_Feb16recopy_HYdiff_landingpadlines_survival_384well1/20260309_090353_210/260309_Day29_WellN11_Channel405nm Binned,561nm Binned,488nm Binned_Seq0182.nd2","260309_Day29_WellN11_Channel405nm Binned,561nm Binned,488nm Binned_Seq0182.nd2",49688576,405nm Binned|561nm Binned|488nm Binned,Seq0182
N11,N,11,PLD3_TMEM106B_mCherry_primary,True,32,"/Users/pmihack/claire/tmem_2026/data/260213_Feb16recopy_HYdiff_landingpadlines_survival_384well1/20260312_083635_497/260312_Day32_WellN11_Channel405nm Binned,561 nm,488nm Binned_Seq0182.nd2","260312_Day32_WellN11_Channel405nm Binned,561 nm,488nm Binned_Seq0182.nd2",49688576,405nm Binned|561 nm|488nm Binned,Seq0182
N11,N,11,PLD3_TMEM106B_mCherry_primary,True,36,"/Users/pmihack/claire/tmem_2026/data/260213_Feb16recopy_HYdiff_landingpadlines_survival_384well1/20260316_093139_667/260316_Day36_WellN11_Channel405nm Binned,561nm Binned,488nm Binned_Seq0182.nd2","260316_Day36_WellN11_Channel405nm Binned,561nm Binned,488nm Binned_Seq0182.nd2",49700864,405nm Binned|561nm Binned|488nm Binned,Seq0182
N11,N,11,PLD3_TMEM106B_mCherry_primary,True,39,"/Users/pmihack/claire/tmem_2026/data/260213_Feb16recopy_HYdiff_landingpadlines_survival_384well1/20260319_083746_585/260319_Day39_WellN11_Channel405nm Binned,561nm Binned,488nm Binned_Seq0182.nd2","260319_Day39_WellN11_Channel405nm Binned,561nm Binned,488nm Binned_Seq0182.nd2",49692672,405nm Binned|561nm Binned|488nm Binned,Seq0182
N12,N,12,PLD3_TMEM106B_mCherry_primary,True,8,"/Users/pmihack/claire/tmem_2026/data/260213_Feb16recopy_HYdiff_landingpadlines_survival_384well1/20260216_084435_959/260216_Day8_iNeurons_WellN12_Channel405nm Binned,561nm Binned,488nm Binned_Seq0183.nd2","260216_Day8_iNeurons_WellN12_Channel405nm Binned,561nm Binned,488nm Binned_Seq0183.nd2",49692672,405nm Binned|561nm Binned|488nm Binned,Seq0183
N12,N,12,PLD3_TMEM106B_mCherry_primary,True,12,"/Users/pmihack/claire/tmem_2026/data/260213_Feb16recopy_HYdiff_landingpadlines_survival_384well1/20260220_085237_196/260220_Day12_WellN12_Channel405nm Binned,561nm Binned,488nm Binned_Seq0183.nd2","260220_Day12_WellN12_Channel405nm Binned,561nm Binned,488nm Binned_Seq0183.nd2",49692672,405nm Binned|561nm Binned|488nm Binned,Seq0183
N12,N,12,PLD3_TMEM106B_mCherry_primary,True,16,"/Users/pmihack/claire/tmem_2026/data/260213_Feb16recopy_HYdiff_landingpadlines_survival_384well1/20260224_090320_759/260224_day16_WellN12_Channel405nm Binned,561nm Binned,488nm Binned_Seq0183.nd2","260224_day16_WellN12_Channel405nm Binned,561nm Binned,488nm Binned_Seq0183.nd2",49692672,405nm Binned|561nm Binned|488nm Binned,Seq0183
N12,N,12,PLD3_TMEM106B_mCherry_primary,True,20,"/Users/pmihack/claire/tmem_2026/data/260213_Feb16recopy_HYdiff_landingpadlines_survival_384well1/20260228_090815_318/260228_day20_WellN12_Channel405nm Binned,561nm Binned,488nm Binned_Seq0183.nd2","260228_day20_WellN12_Channel405nm Binned,561nm Binned,488nm Binned_Seq0183.nd2",49692672,405nm Binned|561nm Binned|488nm Binned,Seq0183
N12,N,12,PLD3_TMEM106B_mCherry_primary,True,25,"/Users/pmihack/claire/tmem_2026/data/260213_Feb16recopy_HYdiff_landingpadlines_survival_384well1/20260305_171612_406/260305_day25_iNeurons_WellN12_Channel405nm Binned,561nm Binned,488nm Binned_Seq0183.nd2","260305_day25_iNeurons_WellN12_Channel405nm Binned,561nm Binned,488nm Binned_Seq0183.nd2",49688576,405nm Binned|561nm Binned|488nm Binned,Seq0183
N12,N,12,PLD3_TMEM106B_mCherry_primary,True,29,"/Users/pmihack/claire/tmem_2026/data/260213_Feb16recopy_HYdiff_landingpadlines_survival_384well1/20260309_090353_210/260309_Day29_WellN12_Channel405nm Binned,561nm Binned,488nm Binned_Seq0183.nd2","260309_Day29_WellN12_Channel405nm Binned,561nm Binned,488nm Binned_Seq0183.nd2",49688576,405nm Binned|561nm Binned|488nm Binned,Seq0183
N12,N,12,PLD3_TMEM106B_mCherry_primary,True,32,"/Users/pmihack/claire/tmem_2026/data/260213_Feb16recopy_HYdiff_landingpadlines_survival_384well1/20260312_083635_497/260312_Day32_WellN12_Channel405nm Binned,561 nm,488nm Binned_Seq0183.nd2","260312_Day32_WellN12_Channel405nm Binned,561 nm,488nm Binned_Seq0183.nd2",49688576,405nm Binned|561 nm|488nm Binned,Seq0183
N12,N,12,PLD3_TMEM106B_mCherry_primary,True,36,"/Users/pmihack/claire/tmem_2026/data/260213_Feb16recopy_HYdiff_landingpadlines_survival_384well1/20260316_093139_667/260316_Day36_WellN12_Channel405nm Binned,561nm Binned,488nm Binned_Seq0183.nd2","260316_Day36_WellN12_Channel405nm Binned,561nm Binned,488nm Binned_Seq0183.nd2",49700864,405nm Binned|561nm Binned|488nm Binned,Seq0183
N12,N,12,PLD3_TMEM106B_mCherry_primary,True,39,"/Users/pmihack/claire/tmem_2026/data/260213_Feb16recopy_HYdiff_landingpadlines_survival_384well1/20260319_083746_585/260319_Day39_WellN12_Channel405nm Binned,561nm Binned,488nm Binned_Seq0183.nd2","260319_Day39_WellN12_Channel405nm Binned,561nm Binned,488nm Binned_Seq0183.nd2",49692672,405nm Binned|561nm Binned|488nm Binned,Seq0183
N13,N,13,PLD3_TMEM106B_mCherry_primary,True,8,"/Users/pmihack/claire/tmem_2026/data/260213_Feb16recopy_HYdiff_landingpadlines_survival_384well1/20260216_084435_959/260216_Day8_iNeurons_WellN13_Channel405nm Binned,561nm Binned,488nm Binned_Seq0184.nd2","260216_Day8_iNeurons_WellN13_Channel405nm Binned,561nm Binned,488nm Binned_Seq0184.nd2",49692672,405nm Binned|561nm Binned|488nm Binned,Seq0184
N13,N,13,PLD3_TMEM106B_mCherry_primary,True,12,"/Users/pmihack/claire/tmem_2026/data/260213_Feb16recopy_HYdiff_landingpadlines_survival_384well1/20260220_085237_196/260220_Day12_WellN13_Channel405nm Binned,561nm Binned,488nm Binned_Seq0184.nd2","260220_Day12_WellN13_Channel405nm Binned,561nm Binned,488nm Binned_Seq0184.nd2",49692672,405nm Binned|561nm Binned|488nm Binned,Seq0184
N13,N,13,PLD3_TMEM106B_mCherry_primary,True,16,"/Users/pmihack/claire/tmem_2026/data/260213_Feb16recopy_HYdiff_landingpadlines_survival_384well1/20260224_090320_759/260224_day16_WellN13_Channel405nm Binned,561nm Binned,488nm Binned_Seq0184.nd2","260224_day16_WellN13_Channel405nm Binned,561nm Binned,488nm Binned_Seq0184.nd2",49692672,405nm Binned|561nm Binned|488nm Binned,Seq0184
N13,N,13,PLD3_TMEM106B_mCherry_primary,True,20,"/Users/pmihack/claire/tmem_2026/data/260213_Feb16recopy_HYdiff_landingpadlines_survival_384well1/20260228_090815_318/260228_day20_WellN13_Channel405nm Binned,561nm Binned,488nm Binned_Seq0184.nd2","260228_day20_WellN13_Channel405nm Binned,561nm Binned,488nm Binned_Seq0184.nd2",49692672,405nm Binned|561nm Binned|488nm Binned,Seq0184
N13,N,13,PLD3_TMEM106B_mCherry_primary,True,25,"/Users/pmihack/claire/tmem_2026/data/260213_Feb16recopy_HYdiff_landingpadlines_survival_384well1/20260305_171612_406/260305_day25_iNeurons_WellN13_Channel405nm Binned,561nm Binned,488nm Binned_Seq0184.nd2","260305_day25_iNeurons_WellN13_Channel405nm Binned,561nm Binned,488nm Binned_Seq0184.nd2",49688576,405nm Binned|561nm Binned|488nm Binned,Seq0184
N13,N,13,PLD3_TMEM106B_mCherry_primary,True,29,"/Users/pmihack/claire/tmem_2026/data/260213_Feb16recopy_HYdiff_landingpadlines_survival_384well1/20260309_090353_210/260309_Day29_WellN13_Channel405nm Binned,561nm Binned,488nm Binned_Seq0184.nd2","260309_Day29_WellN13_Channel405nm Binned,561nm Binned,488nm Binned_Seq0184.nd2",49688576,405nm Binned|561nm Binned|488nm Binned,Seq0184
N13,N,13,PLD3_TMEM106B_mCherry_primary,True,32,"/Users/pmihack/claire/tmem_2026/data/260213_Feb16recopy_HYdiff_landingpadlines_survival_384well1/20260312_083635_497/260312_Day32_WellN13_Channel405nm Binned,561 nm,488nm Binned_Seq0184.nd2","260312_Day32_WellN13_Channel405nm Binned,561 nm,488nm Binned_Seq0184.nd2",49688576,405nm Binned|561 nm|488nm Binned,Seq0184
N13,N,13,PLD3_TMEM106B_mCherry_primary,True,36,"/Users/pmihack/claire/tmem_2026/data/260213_Feb16recopy_HYdiff_landingpadlines_survival_384well1/20260316_093139_667/260316_Day36_WellN13_Channel405nm Binned,561nm Binned,488nm Binned_Seq0184.nd2","260316_Day36_WellN13_Channel405nm Binned,561nm Binned,488nm Binned_Seq0184.nd2",49700864,405nm Binned|561nm Binned|488nm Binned,Seq0184
N13,N,13,PLD3_TMEM106B_mCherry_primary,True,39,"/Users/pmihack/claire/tmem_2026/data/260213_Feb16recopy_HYdiff_landingpadlines_survival_384well1/20260319_083746_585/260319_Day39_WellN13_Channel405nm Binned,561nm Binned,488nm Binned_Seq0184.nd2","260319_Day39_WellN13_Channel405nm Binned,561nm Binned,488nm Binned_Seq0184.nd2",49692672,405nm Binned|561nm Binned|488nm Binned,Seq0184
N14,N,14,PLD3_TMEM106B_mCherry_primary,True,8,"/Users/pmihack/claire/tmem_2026/data/260213_Feb16recopy_HYdiff_landingpadlines_survival_384well1/20260216_084435_959/260216_Day8_iNeurons_WellN14_Channel405nm Binned,561nm Binned,488nm Binned_Seq0185.nd2","260216_Day8_iNeurons_WellN14_Channel405nm Binned,561nm Binned,488nm Binned_Seq0185.nd2",49692672,405nm Binned|561nm Binned|488nm Binned,Seq0185
N14,N,14,PLD3_TMEM106B_mCherry_primary,True,12,"/Users/pmihack/claire/tmem_2026/data/260213_Feb16recopy_HYdiff_landingpadlines_survival_384well1/20260220_085237_196/260220_Day12_WellN14_Channel405nm Binned,561nm Binned,488nm Binned_Seq0185.nd2","260220_Day12_WellN14_Channel405nm Binned,561nm Binned,488nm Binned_Seq0185.nd2",49692672,405nm Binned|561nm Binned|488nm Binned,Seq0185
N14,N,14,PLD3_TMEM106B_mCherry_primary,True,16,"/Users/pmihack/claire/tmem_2026/data/260213_Feb16recopy_HYdiff_landingpadlines_survival_384well1/20260224_090320_759/260224_day16_WellN14_Channel405nm Binned,561nm Binned,488nm Binned_Seq0185.nd2","260224_day16_WellN14_Channel405nm Binned,561nm Binned,488nm Binned_Seq0185.nd2",49692672,405nm Binned|561nm Binned|488nm Binned,Seq0185
N14,N,14,PLD3_TMEM106B_mCherry_primary,True,20,"/Users/pmihack/claire/tmem_2026/data/260213_Feb16recopy_HYdiff_landingpadlines_survival_384well1/20260228_090815_318/260228_day20_WellN14_Channel405nm Binned,561nm Binned,488nm Binned_Seq0185.nd2","260228_day20_WellN14_Channel405nm Binned,561nm Binned,488nm Binned_Seq0185.nd2",49692672,405nm Binned|561nm Binned|488nm Binned,Seq0185
N14,N,14,PLD3_TMEM106B_mCherry_primary,True,25,"/Users/pmihack/claire/tmem_2026/data/260213_Feb16recopy_HYdiff_landingpadlines_survival_384well1/20260305_171612_406/260305_day25_iNeurons_WellN14_Channel405nm Binned,561nm Binned,488nm Binned_Seq0185.nd2","260305_day25_iNeurons_WellN14_Channel405nm Binned,561nm Binned,488nm Binned_Seq0185.nd2",49688576,405nm Binned|561nm Binned|488nm Binned,Seq0185
N14,N,14,PLD3_TMEM106B_mCherry_primary,True,29,"/Users/pmihack/claire/tmem_2026/data/260213_Feb16recopy_HYdiff_landingpadlines_survival_384well1/20260309_090353_210/260309_Day29_WellN14_Channel405nm Binned,561nm Binned,488nm Binned_Seq0185.nd2","260309_Day29_WellN14_Channel405nm Binned,561nm Binned,488nm Binned_Seq0185.nd2",49688576,405nm Binned|561nm Binned|488nm Binned,Seq0185
N14,N,14,PLD3_TMEM106B_mCherry_primary,True,32,"/Users/pmihack/claire/tmem_2026/data/260213_Feb16recopy_HYdiff_landingpadlines_survival_384well1/20260312_083635_497/260312_Day32_WellN14_Channel405nm Binned,561 nm,488nm Binned_Seq0185.nd2","260312_Day32_WellN14_Channel405nm Binned,561 nm,488nm Binned_Seq0185.nd2",49688576,405nm Binned|561 nm|488nm Binned,Seq0185
N14,N,14,PLD3_TMEM106B_mCherry_primary,True,36,"/Users/pmihack/claire/tmem_2026/data/260213_Feb16recopy_HYdiff_landingpadlines_survival_384well1/20260316_093139_667/260316_Day36_WellN14_Channel405nm Binned,561nm Binned,488nm Binned_Seq0185.nd2","260316_Day36_WellN14_Channel405nm Binned,561nm Binned,488nm Binned_Seq0185.nd2",49700864,405nm Binned|561nm Binned|488nm Binned,Seq0185
N14,N,14,PLD3_TMEM106B_mCherry_primary,True,39,"/Users/pmihack/claire/tmem_2026/data/260213_Feb16recopy_HYdiff_landingpadlines_survival_384well1/20260319_083746_585/260319_Day39_WellN14_Channel405nm Binned,561nm Binned,488nm Binned_Seq0185.nd2","260319_Day39_WellN14_Channel405nm Binned,561nm Binned,488nm Binned_Seq0185.nd2",49692672,405nm Binned|561nm Binned|488nm Binned,Seq0185
N15,N,15,PLD3_TMEM106B_mCherry_primary,True,8,"/Users/pmihack/claire/tmem_2026/data/260213_Feb16recopy_HYdiff_landingpadlines_survival_384well1/20260216_084435_959/260216_Day8_iNeurons_WellN15_Channel405nm Binned,561nm Binned,488nm Binned_Seq0186.nd2","260216_Day8_iNeurons_WellN15_Channel405nm Binned,561nm Binned,488nm Binned_Seq0186.nd2",49692672,405nm Binned|561nm Binned|488nm Binned,Seq0186
N15,N,15,PLD3_TMEM106B_mCherry_primary,True,12,"/Users/pmihack/claire/tmem_2026/data/260213_Feb16recopy_HYdiff_landingpadlines_survival_384well1/20260220_085237_196/260220_Day12_WellN15_Channel405nm Binned,561nm Binned,488nm Binned_Seq0186.nd2","260220_Day12_WellN15_Channel405nm Binned,561nm Binned,488nm Binned_Seq0186.nd2",49692672,405nm Binned|561nm Binned|488nm Binned,Seq0186
N15,N,15,PLD3_TMEM106B_mCherry_primary,True,16,"/Users/pmihack/claire/tmem_2026/data/260213_Feb16recopy_HYdiff_landingpadlines_survival_384well1/20260224_090320_759/260224_day16_WellN15_Channel405nm Binned,561nm Binned,488nm Binned_Seq0186.nd2","260224_day16_WellN15_Channel405nm Binned,561nm Binned,488nm Binned_Seq0186.nd2",49692672,405nm Binned|561nm Binned|488nm Binned,Seq0186
N15,N,15,PLD3_TMEM106B_mCherry_primary,True,20,"/Users/pmihack/claire/tmem_2026/data/260213_Feb16recopy_HYdiff_landingpadlines_survival_384well1/20260228_090815_318/260228_day20_WellN15_Channel405nm Binned,561nm Binned,488nm Binned_Seq0186.nd2","260228_day20_WellN15_Channel405nm Binned,561nm Binned,488nm Binned_Seq0186.nd2",49692672,405nm Binned|561nm Binned|488nm Binned,Seq0186
N15,N,15,PLD3_TMEM106B_mCherry_primary,True,25,"/Users/pmihack/claire/tmem_2026/data/260213_Feb16recopy_HYdiff_landingpadlines_survival_384well1/20260305_171612_406/260305_day25_iNeurons_WellN15_Channel405nm Binned,561nm Binned,488nm Binned_Seq0186.nd2","260305_day25_iNeurons_WellN15_Channel405nm Binned,561nm Binned,488nm Binned_Seq0186.nd2",49688576,405nm Binned|561nm Binned|488nm Binned,Seq0186
N15,N,15,PLD3_TMEM106B_mCherry_primary,True,29,"/Users/pmihack/claire/tmem_2026/data/260213_Feb16recopy_HYdiff_landingpadlines_survival_384well1/20260309_090353_210/260309_Day29_WellN15_Channel405nm Binned,561nm Binned,488nm Binned_Seq0186.nd2","260309_Day29_WellN15_Channel405nm Binned,561nm Binned,488nm Binned_Seq0186.nd2",49688576,405nm Binned|561nm Binned|488nm Binned,Seq0186
N15,N,15,PLD3_TMEM106B_mCherry_primary,True,32,"/Users/pmihack/claire/tmem_2026/data/260213_Feb16recopy_HYdiff_landingpadlines_survival_384well1/20260312_083635_497/260312_Day32_WellN15_Channel405nm Binned,561 nm,488nm Binned_Seq0186.nd2","260312_Day32_WellN15_Channel405nm Binned,561 nm,488nm Binned_Seq0186.nd2",49688576,405nm Binned|561 nm|488nm Binned,Seq0186
N15,N,15,PLD3_TMEM106B_mCherry_primary,True,36,"/Users/pmihack/claire/tmem_2026/data/260213_Feb16recopy_HYdiff_landingpadlines_survival_384well1/20260316_093139_667/260316_Day36_WellN15_Channel405nm Binned,561nm Binned,488nm Binned_Seq0186.nd2","260316_Day36_WellN15_Channel405nm Binned,561nm Binned,488nm Binned_Seq0186.nd2",49700864,405nm Binned|561nm Binned|488nm Binned,Seq0186
N15,N,15,PLD3_TMEM106B_mCherry_primary,True,39,"/Users/pmihack/claire/tmem_2026/data/260213_Feb16recopy_HYdiff_landingpadlines_survival_384well1/20260319_083746_585/260319_Day39_WellN15_Channel405nm Binned,561nm Binned,488nm Binned_Seq0186.nd2","260319_Day39_WellN15_Channel405nm Binned,561nm Binned,488nm Binned_Seq0186.nd2",49692672,405nm Binned|561nm Binned|488nm Binned,Seq0186
N16,N,16,PLD3_TMEM106B_mCherry_primary,True,8,"/Users/pmihack/claire/tmem_2026/data/260213_Feb16recopy_HYdiff_landingpadlines_survival_384well1/20260216_084435_959/260216_Day8_iNeurons_WellN16_Channel405nm Binned,561nm Binned,488nm Binned_Seq0187.nd2","260216_Day8_iNeurons_WellN16_Channel405nm Binned,561nm Binned,488nm Binned_Seq0187.nd2",49692672,405nm Binned|561nm Binned|488nm Binned,Seq0187
N16,N,16,PLD3_TMEM106B_mCherry_primary,True,12,"/Users/pmihack/claire/tmem_2026/data/260213_Feb16recopy_HYdiff_landingpadlines_survival_384well1/20260220_085237_196/260220_Day12_WellN16_Channel405nm Binned,561nm Binned,488nm Binned_Seq0187.nd2","260220_Day12_WellN16_Channel405nm Binned,561nm Binned,488nm Binned_Seq0187.nd2",49692672,405nm Binned|561nm Binned|488nm Binned,Seq0187
N16,N,16,PLD3_TMEM106B_mCherry_primary,True,16,"/Users/pmihack/claire/tmem_2026/data/260213_Feb16recopy_HYdiff_landingpadlines_survival_384well1/20260224_090320_759/260224_day16_WellN16_Channel405nm Binned,561nm Binned,488nm Binned_Seq0187.nd2","260224_day16_WellN16_Channel405nm Binned,561nm Binned,488nm Binned_Seq0187.nd2",49692672,405nm Binned|561nm Binned|488nm Binned,Seq0187
N16,N,16,PLD3_TMEM106B_mCherry_primary,True,20,"/Users/pmihack/claire/tmem_2026/data/260213_Feb16recopy_HYdiff_landingpadlines_survival_384well1/20260228_090815_318/260228_day20_WellN16_Channel405nm Binned,561nm Binned,488nm Binned_Seq0187.nd2","260228_day20_WellN16_Channel405nm Binned,561nm Binned,488nm Binned_Seq0187.nd2",49692672,405nm Binned|561nm Binned|488nm Binned,Seq0187
N16,N,16,PLD3_TMEM106B_mCherry_primary,True,25,"/Users/pmihack/claire/tmem_2026/data/260213_Feb16recopy_HYdiff_landingpadlines_survival_384well1/20260305_171612_406/260305_day25_iNeurons_WellN16_Channel405nm Binned,561nm Binned,488nm Binned_Seq0187.nd2","260305_day25_iNeurons_WellN16_Channel405nm Binned,561nm Binned,488nm Binned_Seq0187.nd2",49688576,405nm Binned|561nm Binned|488nm Binned,Seq0187
N16,N,16,PLD3_TMEM106B_mCherry_primary,True,29,"/Users/pmihack/claire/tmem_2026/data/260213_Feb16recopy_HYdiff_landingpadlines_survival_384well1/20260309_090353_210/260309_Day29_WellN16_Channel405nm Binned,561nm Binned,488nm Binned_Seq0187.nd2","260309_Day29_WellN16_Channel405nm Binned,561nm Binned,488nm Binned_Seq0187.nd2",49688576,405nm Binned|561nm Binned|488nm Binned,Seq0187
N16,N,16,PLD3_TMEM106B_mCherry_primary,True,32,"/Users/pmihack/claire/tmem_2026/data/260213_Feb16recopy_HYdiff_landingpadlines_survival_384well1/20260312_083635_497/260312_Day32_WellN16_Channel405nm Binned,561 nm,488nm Binned_Seq0187.nd2","260312_Day32_WellN16_Channel405nm Binned,561 nm,488nm Binned_Seq0187.nd2",49688576,405nm Binned|561 nm|488nm Binned,Seq0187
N16,N,16,PLD3_TMEM106B_mCherry_primary,True,36,"/Users/pmihack/claire/tmem_2026/data/260213_Feb16recopy_HYdiff_landingpadlines_survival_384well1/20260316_093139_667/260316_Day36_WellN16_Channel405nm Binned,561nm Binned,488nm Binned_Seq0187.nd2","260316_Day36_WellN16_Channel405nm Binned,561nm Binned,488nm Binned_Seq0187.nd2",49700864,405nm Binned|561nm Binned|488nm Binned,Seq0187
N16,N,16,PLD3_TMEM106B_mCherry_primary,True,39,"/Users/pmihack/claire/tmem_2026/data/260213_Feb16recopy_HYdiff_landingpadlines_survival_384well1/20260319_083746_585/260319_Day39_WellN16_Channel405nm Binned,561nm Binned,488nm Binned_Seq0187.nd2","260319_Day39_WellN16_Channel405nm Binned,561nm Binned,488nm Binned_Seq0187.nd2",49692672,405nm Binned|561nm Binned|488nm Binned,Seq0187
N17,N,17,PLD3_TMEM106B_mCherry_primary,True,8,"/Users/pmihack/claire/tmem_2026/data/260213_Feb16recopy_HYdiff_landingpadlines_survival_384well1/20260216_084435_959/260216_Day8_iNeurons_WellN17_Channel405nm Binned,561nm Binned,488nm Binned_Seq0188.nd2","260216_Day8_iNeurons_WellN17_Channel405nm Binned,561nm Binned,488nm Binned_Seq0188.nd2",49692672,405nm Binned|561nm Binned|488nm Binned,Seq0188
N17,N,17,PLD3_TMEM106B_mCherry_primary,True,12,"/Users/pmihack/claire/tmem_2026/data/260213_Feb16recopy_HYdiff_landingpadlines_survival_384well1/20260220_085237_196/260220_Day12_WellN17_Channel405nm Binned,561nm Binned,488nm Binned_Seq0188.nd2","260220_Day12_WellN17_Channel405nm Binned,561nm Binned,488nm Binned_Seq0188.nd2",49692672,405nm Binned|561nm Binned|488nm Binned,Seq0188
N17,N,17,PLD3_TMEM106B_mCherry_primary,True,16,"/Users/pmihack/claire/tmem_2026/data/260213_Feb16recopy_HYdiff_landingpadlines_survival_384well1/20260224_090320_759/260224_day16_WellN17_Channel405nm Binned,561nm Binned,488nm Binned_Seq0188.nd2","260224_day16_WellN17_Channel405nm Binned,561nm Binned,488nm Binned_Seq0188.nd2",49692672,405nm Binned|561nm Binned|488nm Binned,Seq0188
N17,N,17,PLD3_TMEM106B_mCherry_primary,True,20,"/Users/pmihack/claire/tmem_2026/data/260213_Feb16recopy_HYdiff_landingpadlines_survival_384well1/20260228_090815_318/260228_day20_WellN17_Channel405nm Binned,561nm Binned,488nm Binned_Seq0188.nd2","260228_day20_WellN17_Channel405nm Binned,561nm Binned,488nm Binned_Seq0188.nd2",49692672,405nm Binned|561nm Binned|488nm Binned,Seq0188
N17,N,17,PLD3_TMEM106B_mCherry_primary,True,25,"/Users/pmihack/claire/tmem_2026/data/260213_Feb16recopy_HYdiff_landingpadlines_survival_384well1/20260305_171612_406/260305_day25_iNeurons_WellN17_Channel405nm Binned,561nm Binned,488nm Binned_Seq0188.nd2","260305_day25_iNeurons_WellN17_Channel405nm Binned,561nm Binned,488nm Binned_Seq0188.nd2",49688576,405nm Binned|561nm Binned|488nm Binned,Seq0188
N17,N,17,PLD3_TMEM106B_mCherry_primary,True,29,"/Users/pmihack/claire/tmem_2026/data/260213_Feb16recopy_HYdiff_landingpadlines_survival_384well1/20260309_090353_210/260309_Day29_WellN17_Channel405nm Binned,561nm Binned,488nm Binned_Seq0188.nd2","260309_Day29_WellN17_Channel405nm Binned,561nm Binned,488nm Binned_Seq0188.nd2",49688576,405nm Binned|561nm Binned|488nm Binned,Seq0188
N17,N,17,PLD3_TMEM106B_mCherry_primary,True,32,"/Users/pmihack/claire/tmem_2026/data/260213_Feb16recopy_HYdiff_landingpadlines_survival_384well1/20260312_083635_497/260312_Day32_WellN17_Channel405nm Binned,561 nm,488nm Binned_Seq0188.nd2","260312_Day32_WellN17_Channel405nm Binned,561 nm,488nm Binned_Seq0188.nd2",49688576,405nm Binned|561 nm|488nm Binned,Seq0188
N17,N,17,PLD3_TMEM106B_mCherry_primary,True,36,"/Users/pmihack/claire/tmem_2026/data/260213_Feb16recopy_HYdiff_landingpadlines_survival_384well1/20260316_093139_667/260316_Day36_WellN17_Channel405nm Binned,561nm Binned,488nm Binned_Seq0188.nd2","260316_Day36_WellN17_Channel405nm Binned,561nm Binned,488nm Binned_Seq0188.nd2",49700864,405nm Binned|561nm Binned|488nm Binned,Seq0188
N17,N,17,PLD3_TMEM106B_mCherry_primary,True,39,"/Users/pmihack/claire/tmem_2026/data/260213_Feb16recopy_HYdiff_landingpadlines_survival_384well1/20260319_083746_585/260319_Day39_WellN17_Channel405nm Binned,561nm Binned,488nm Binned_Seq0188.nd2","260319_Day39_WellN17_Channel405nm Binned,561nm Binned,488nm Binned_Seq0188.nd2",49692672,405nm Binned|561nm Binned|488nm Binned,Seq0188
N18,N,18,PLD3_TMEM106B_mCherry_primary,True,8,"/Users/pmihack/claire/tmem_2026/data/260213_Feb16recopy_HYdiff_landingpadlines_survival_384well1/20260216_084435_959/260216_Day8_iNeurons_WellN18_Channel405nm Binned,561nm Binned,488nm Binned_Seq0189.nd2","260216_Day8_iNeurons_WellN18_Channel405nm Binned,561nm Binned,488nm Binned_Seq0189.nd2",49692672,405nm Binned|561nm Binned|488nm Binned,Seq0189
N18,N,18,PLD3_TMEM106B_mCherry_primary,True,12,"/Users/pmihack/claire/tmem_2026/data/260213_Feb16recopy_HYdiff_landingpadlines_survival_384well1/20260220_085237_196/260220_Day12_WellN18_Channel405nm Binned,561nm Binned,488nm Binned_Seq0189.nd2","260220_Day12_WellN18_Channel405nm Binned,561nm Binned,488nm Binned_Seq0189.nd2",49692672,405nm Binned|561nm Binned|488nm Binned,Seq0189
N18,N,18,PLD3_TMEM106B_mCherry_primary,True,16,"/Users/pmihack/claire/tmem_2026/data/260213_Feb16recopy_HYdiff_landingpadlines_survival_384well1/20260224_090320_759/260224_day16_WellN18_Channel405nm Binned,561nm Binned,488nm Binned_Seq0189.nd2","260224_day16_WellN18_Channel405nm Binned,561nm Binned,488nm Binned_Seq0189.nd2",49692672,405nm Binned|561nm Binned|488nm Binned,Seq0189
N18,N,18,PLD3_TMEM106B_mCherry_primary,True,20,"/Users/pmihack/claire/tmem_2026/data/260213_Feb16recopy_HYdiff_landingpadlines_survival_384well1/20260228_090815_318/260228_day20_WellN18_Channel405nm Binned,561nm Binned,488nm Binned_Seq0189.nd2","260228_day20_WellN18_Channel405nm Binned,561nm Binned,488nm Binned_Seq0189.nd2",49692672,405nm Binned|561nm Binned|488nm Binned,Seq0189
N18,N,18,PLD3_TMEM106B_mCherry_primary,True,25,"/Users/pmihack/claire/tmem_2026/data/260213_Feb16recopy_HYdiff_landingpadlines_survival_384well1/20260305_171612_406/260305_day25_iNeurons_WellN18_Channel405nm Binned,561nm Binned,488nm Binned_Seq0189.nd2","260305_day25_iNeurons_WellN18_Channel405nm Binned,561nm Binned,488nm Binned_Seq0189.nd2",49688576,405nm Binned|561nm Binned|488nm Binned,Seq0189
N18,N,18,PLD3_TMEM106B_mCherry_primary,True,29,"/Users/pmihack/claire/tmem_2026/data/260213_Feb16recopy_HYdiff_landingpadlines_survival_384well1/20260309_090353_210/260309_Day29_WellN18_Channel405nm Binned,561nm Binned,488nm Binned_Seq0189.nd2","260309_Day29_WellN18_Channel405nm Binned,561nm Binned,488nm Binned_Seq0189.nd2",49688576,405nm Binned|561nm Binned|488nm Binned,Seq0189
N18,N,18,PLD3_TMEM106B_mCherry_primary,True,32,"/Users/pmihack/claire/tmem_2026/data/260213_Feb16recopy_HYdiff_landingpadlines_survival_384well1/20260312_083635_497/260312_Day32_WellN18_Channel405nm Binned,561 nm,488nm Binned_Seq0189.nd2","260312_Day32_WellN18_Channel405nm Binned,561 nm,488nm Binned_Seq0189.nd2",49688576,405nm Binned|561 nm|488nm Binned,Seq0189
N18,N,18,PLD3_TMEM106B_mCherry_primary,True,36,"/Users/pmihack/claire/tmem_2026/data/260213_Feb16recopy_HYdiff_landingpadlines_survival_384well1/20260316_093139_667/260316_Day36_WellN18_Channel405nm Binned,561nm Binned,488nm Binned_Seq0189.nd2","260316_Day36_WellN18_Channel405nm Binned,561nm Binned,488nm Binned_Seq0189.nd2",49700864,405nm Binned|561nm Binned|488nm Binned,Seq0189
N18,N,18,PLD3_TMEM106B_mCherry_primary,True,39,"/Users/pmihack/claire/tmem_2026/data/260213_Feb16recopy_HYdiff_landingpadlines_survival_384well1/20260319_083746_585/260319_Day39_WellN18_Channel405nm Binned,561nm Binned,488nm Binned_Seq0189.nd2","260319_Day39_WellN18_Channel405nm Binned,561nm Binned,488nm Binned_Seq0189.nd2",49692672,405nm Binned|561nm Binned|488nm Binned,Seq0189
N19,N,19,PLD3_TMEM106B_mCherry_primary,True,8,"/Users/pmihack/claire/tmem_2026/data/260213_Feb16recopy_HYdiff_landingpadlines_survival_384well1/20260216_084435_959/260216_Day8_iNeurons_WellN19_Channel405nm Binned,561nm Binned,488nm Binned_Seq0190.nd2","260216_Day8_iNeurons_WellN19_Channel405nm Binned,561nm Binned,488nm Binned_Seq0190.nd2",49692672,405nm Binned|561nm Binned|488nm Binned,Seq0190
N19,N,19,PLD3_TMEM106B_mCherry_primary,True,12,"/Users/pmihack/claire/tmem_2026/data/260213_Feb16recopy_HYdiff_landingpadlines_survival_384well1/20260220_085237_196/260220_Day12_WellN19_Channel405nm Binned,561nm Binned,488nm Binned_Seq0190.nd2","260220_Day12_WellN19_Channel405nm Binned,561nm Binned,488nm Binned_Seq0190.nd2",49692672,405nm Binned|561nm Binned|488nm Binned,Seq0190
N19,N,19,PLD3_TMEM106B_mCherry_primary,True,16,"/Users/pmihack/claire/tmem_2026/data/260213_Feb16recopy_HYdiff_landingpadlines_survival_384well1/20260224_090320_759/260224_day16_WellN19_Channel405nm Binned,561nm Binned,488nm Binned_Seq0190.nd2","260224_day16_WellN19_Channel405nm Binned,561nm Binned,488nm Binned_Seq0190.nd2",49692672,405nm Binned|561nm Binned|488nm Binned,Seq0190
N19,N,19,PLD3_TMEM106B_mCherry_primary,True,20,"/Users/pmihack/claire/tmem_2026/data/260213_Feb16recopy_HYdiff_landingpadlines_survival_384well1/20260228_090815_318/260228_day20_WellN19_Channel405nm Binned,561nm Binned,488nm Binned_Seq0190.nd2","260228_day20_WellN19_Channel405nm Binned,561nm Binned,488nm Binned_Seq0190.nd2",49692672,405nm Binned|561nm Binned|488nm Binned,Seq0190
N19,N,19,PLD3_TMEM106B_mCherry_primary,True,25,"/Users/pmihack/claire/tmem_2026/data/260213_Feb16recopy_HYdiff_landingpadlines_survival_384well1/20260305_171612_406/260305_day25_iNeurons_WellN19_Channel405nm Binned,561nm Binned,488nm Binned_Seq0190.nd2","260305_day25_iNeurons_WellN19_Channel405nm Binned,561nm Binned,488nm Binned_Seq0190.nd2",49688576,405nm Binned|561nm Binned|488nm Binned,Seq0190
N19,N,19,PLD3_TMEM106B_mCherry_primary,True,29,"/Users/pmihack/claire/tmem_2026/data/260213_Feb16recopy_HYdiff_landingpadlines_survival_384well1/20260309_090353_210/260309_Day29_WellN19_Channel405nm Binned,561nm Binned,488nm Binned_Seq0190.nd2","260309_Day29_WellN19_Channel405nm Binned,561nm Binned,488nm Binned_Seq0190.nd2",49688576,405nm Binned|561nm Binned|488nm Binned,Seq0190
N19,N,19,PLD3_TMEM106B_mCherry_primary,True,32,"/Users/pmihack/claire/tmem_2026/data/260213_Feb16recopy_HYdiff_landingpadlines_survival_384well1/20260312_083635_497/260312_Day32_WellN19_Channel405nm Binned,561 nm,488nm Binned_Seq0190.nd2","260312_Day32_WellN19_Channel405nm Binned,561 nm,488nm Binned_Seq0190.nd2",49688576,405nm Binned|561 nm|488nm Binned,Seq0190
N19,N,19,PLD3_TMEM106B_mCherry_primary,True,36,"/Users/pmihack/claire/tmem_2026/data/260213_Feb16recopy_HYdiff_landingpadlines_survival_384well1/20260316_093139_667/260316_Day36_WellN19_Channel405nm Binned,561nm Binned,488nm Binned_Seq0190.nd2","260316_Day36_WellN19_Channel405nm Binned,561nm Binned,488nm Binned_Seq0190.nd2",49700864,405nm Binned|561nm Binned|488nm Binned,Seq0190
N19,N,19,PLD3_TMEM106B_mCherry_primary,True,39,"/Users/pmihack/claire/tmem_2026/data/260213_Feb16recopy_HYdiff_landingpadlines_survival_384well1/20260319_083746_585/260319_Day39_WellN19_Channel405nm Binned,561nm Binned,488nm Binned_Seq0190.nd2","260319_Day39_WellN19_Channel405nm Binned,561nm Binned,488nm Binned_Seq0190.nd2",49692672,405nm Binned|561nm Binned|488nm Binned,Seq0190
N20,N,20,PLD3_TMEM106B_mCherry_primary,True,8,"/Users/pmihack/claire/tmem_2026/data/260213_Feb16recopy_HYdiff_landingpadlines_survival_384well1/20260216_084435_959/260216_Day8_iNeurons_WellN20_Channel405nm Binned,561nm Binned,488nm Binned_Seq0191.nd2","260216_Day8_iNeurons_WellN20_Channel405nm Binned,561nm Binned,488nm Binned_Seq0191.nd2",49692672,405nm Binned|561nm Binned|488nm Binned,Seq0191
N20,N,20,PLD3_TMEM106B_mCherry_primary,True,12,"/Users/pmihack/claire/tmem_2026/data/260213_Feb16recopy_HYdiff_landingpadlines_survival_384well1/20260220_085237_196/260220_Day12_WellN20_Channel405nm Binned,561nm Binned,488nm Binned_Seq0191.nd2","260220_Day12_WellN20_Channel405nm Binned,561nm Binned,488nm Binned_Seq0191.nd2",49692672,405nm Binned|561nm Binned|488nm Binned,Seq0191
N20,N,20,PLD3_TMEM106B_mCherry_primary,True,16,"/Users/pmihack/claire/tmem_2026/data/260213_Feb16recopy_HYdiff_landingpadlines_survival_384well1/20260224_090320_759/260224_day16_WellN20_Channel405nm Binned,561nm Binned,488nm Binned_Seq0191.nd2","260224_day16_WellN20_Channel405nm Binned,561nm Binned,488nm Binned_Seq0191.nd2",49692672,405nm Binned|561nm Binned|488nm Binned,Seq0191
N20,N,20,PLD3_TMEM106B_mCherry_primary,True,20,"/Users/pmihack/claire/tmem_2026/data/260213_Feb16recopy_HYdiff_landingpadlines_survival_384well1/20260228_090815_318/260228_day20_WellN20_Channel405nm Binned,561nm Binned,488nm Binned_Seq0191.nd2","260228_day20_WellN20_Channel405nm Binned,561nm Binned,488nm Binned_Seq0191.nd2",49692672,405nm Binned|561nm Binned|488nm Binned,Seq0191
N20,N,20,PLD3_TMEM106B_mCherry_primary,True,25,"/Users/pmihack/claire/tmem_2026/data/260213_Feb16recopy_HYdiff_landingpadlines_survival_384well1/20260305_171612_406/260305_day25_iNeurons_WellN20_Channel405nm Binned,561nm Binned,488nm Binned_Seq0191.nd2","260305_day25_iNeurons_WellN20_Channel405nm Binned,561nm Binned,488nm Binned_Seq0191.nd2",49688576,405nm Binned|561nm Binned|488nm Binned,Seq0191
N20,N,20,PLD3_TMEM106B_mCherry_primary,True,29,"/Users/pmihack/claire/tmem_2026/data/260213_Feb16recopy_HYdiff_landingpadlines_survival_384well1/20260309_090353_210/260309_Day29_WellN20_Channel405nm Binned,561nm Binned,488nm Binned_Seq0191.nd2","260309_Day29_WellN20_Channel405nm Binned,561nm Binned,488nm Binned_Seq0191.nd2",49688576,405nm Binned|561nm Binned|488nm Binned,Seq0191
N20,N,20,PLD3_TMEM106B_mCherry_primary,True,32,"/Users/pmihack/claire/tmem_2026/data/260213_Feb16recopy_HYdiff_landingpadlines_survival_384well1/20260312_083635_497/260312_Day32_WellN20_Channel405nm Binned,561 nm,488nm Binned_Seq0191.nd2","260312_Day32_WellN20_Channel405nm Binned,561 nm,488nm Binned_Seq0191.nd2",49688576,405nm Binned|561 nm|488nm Binned,Seq0191
N20,N,20,PLD3_TMEM106B_mCherry_primary,True,36,"/Users/pmihack/claire/tmem_2026/data/260213_Feb16recopy_HYdiff_landingpadlines_survival_384well1/20260316_093139_667/260316_Day36_WellN20_Channel405nm Binned,561nm Binned,488nm Binned_Seq0191.nd2","260316_Day36_WellN20_Channel405nm Binned,561nm Binned,488nm Binned_Seq0191.nd2",49700864,405nm Binned|561nm Binned|488nm Binned,Seq0191
N20,N,20,PLD3_TMEM106B_mCherry_primary,True,39,"/Users/pmihack/claire/tmem_2026/data/260213_Feb16recopy_HYdiff_landingpadlines_survival_384well1/20260319_083746_585/260319_Day39_WellN20_Channel405nm Binned,561nm Binned,488nm Binned_Seq0191.nd2","260319_Day39_WellN20_Channel405nm Binned,561nm Binned,488nm Binned_Seq0191.nd2",49692672,405nm Binned|561nm Binned|488nm Binned,Seq0191
