well,condition,timepoint_day,registration_channel,estimated_y_shift,estimated_x_shift,pre_registration_correlation,post_registration_correlation,overlap_fraction,registration_error,qc_pass,qc_note,row,column,common_crop
C12,PLD3_only_no_mCherry,8,488nm Binned,0.0,0.0,1.0,1.0,1.0,0.0,True,reference_timepoint,C,12,"{'y_start': 0, 'y_stop': 2282, 'x_start': 1404, 'x_stop': 1862}"
C12,PLD3_only_no_mCherry,12,488nm Binned,-585.4,0.0,0.012174772755315935,0.005295419977356196,0.7958856345885634,0.9999999999999933,True,phase_cross_correlation_on_stable_channel,C,12,"{'y_start': 0, 'y_stop': 2282, 'x_start': 1404, 'x_stop': 1862}"
C12,PLD3_only_no_mCherry,16,488nm Binned,0.0,-1005.5,0.012688266654123979,-0.01174053957454666,0.6494072524407253,0.9999999999999886,True,phase_cross_correlation_on_stable_channel,C,12,"{'y_start': 0, 'y_stop': 2282, 'x_start': 1404, 'x_stop': 1862}"
C12,PLD3_only_no_mCherry,20,488nm Binned,0.0,1399.3,0.012783482993369155,0.01402277213315999,0.5120990237099025,0.9999999999999835,True,phase_cross_correlation_on_stable_channel,C,12,"{'y_start': 0, 'y_stop': 2282, 'x_start': 1404, 'x_stop': 1862}"
C12,PLD3_only_no_mCherry,25,488nm Binned,0.0,1403.5,0.00915393815712165,0.02201648820372866,0.5106345885634589,0.9999999999999851,True,phase_cross_correlation_on_stable_channel,C,12,"{'y_start': 0, 'y_stop': 2282, 'x_start': 1404, 'x_stop': 1862}"
C12,PLD3_only_no_mCherry,29,488nm Binned,0.0,742.5,0.005869594659254422,0.005018092329163945,0.7411087866108786,0.9999999999999838,True,phase_cross_correlation_on_stable_channel,C,12,"{'y_start': 0, 'y_stop': 2282, 'x_start': 1404, 'x_stop': 1862}"
C12,PLD3_only_no_mCherry,32,488nm Binned,0.0,1057.7,0.013659469632710987,0.02291993304635838,0.6312064156206415,0.9999999999999678,True,phase_cross_correlation_on_stable_channel,C,12,"{'y_start': 0, 'y_stop': 2282, 'x_start': 1404, 'x_stop': 1862}"
C12,PLD3_only_no_mCherry,36,488nm Binned,0.0,-777.7,0.016987845328440835,-0.00877335535296275,0.7288354253835426,0.9999999999999932,True,phase_cross_correlation_on_stable_channel,C,12,"{'y_start': 0, 'y_stop': 2282, 'x_start': 1404, 'x_stop': 1862}"
C12,PLD3_only_no_mCherry,39,488nm Binned,0.0,-220.0,0.005406507042753038,0.007908164227116122,0.9232914923291492,0.9999999999999913,True,phase_cross_correlation_on_stable_channel,C,12,"{'y_start': 0, 'y_stop': 2282, 'x_start': 1404, 'x_stop': 1862}"
C13,PLD3_only_no_mCherry,8,488nm Binned,0.0,0.0,1.0,1.0,1.0,0.0,True,reference_timepoint,C,13,"{'y_start': 0, 'y_stop': 1826, 'x_start': 1082, 'x_stop': 2773}"
C13,PLD3_only_no_mCherry,12,488nm Binned,-904.8,0.0,-0.0011993063209156717,-0.0029965348011485324,0.6845188284518829,0.999999999999994,True,phase_cross_correlation_on_stable_channel,C,13,"{'y_start': 0, 'y_stop': 1826, 'x_start': 1082, 'x_stop': 2773}"
C13,PLD3_only_no_mCherry,16,488nm Binned,0.0,1081.1,0.008202631422445978,0.004042428483473928,0.623047419804742,0.9999999999999903,True,phase_cross_correlation_on_stable_channel,C,13,"{'y_start': 0, 'y_stop': 1826, 'x_start': 1082, 'x_stop': 2773}"
C13,PLD3_only_no_mCherry,20,488nm Binned,-154.9,0.0,-0.0019690805670471846,-0.0027375368854588964,0.9459902370990236,0.9999999999999792,True,phase_cross_correlation_on_stable_channel,C,13,"{'y_start': 0, 'y_stop': 1826, 'x_start': 1082, 'x_stop': 2773}"
C13,PLD3_only_no_mCherry,25,488nm Binned,-613.3,0.0,0.0011503734294847627,0.0009298957173071238,0.78615760111576,0.9999999999999827,True,phase_cross_correlation_on_stable_channel,C,13,"{'y_start': 0, 'y_stop': 1826, 'x_start': 1082, 'x_stop': 2773}"
C13,PLD3_only_no_mCherry,29,488nm Binned,-1041.5,0.0,0.006948409533491246,0.0027007092449975074,0.6368549511854951,0.9999999999999771,True,phase_cross_correlation_on_stable_channel,C,13,"{'y_start': 0, 'y_stop': 1826, 'x_start': 1082, 'x_stop': 2773}"
C13,PLD3_only_no_mCherry,32,488nm Binned,-1007.8,0.0,-0.0017735055839644685,-0.006799078742252161,0.6486052998605301,0.9999999999999695,True,phase_cross_correlation_on_stable_channel,C,13,"{'y_start': 0, 'y_stop': 1826, 'x_start': 1082, 'x_stop': 2773}"
C13,PLD3_only_no_mCherry,36,488nm Binned,0.0,-94.4,0.00032315832159283573,-0.0013880257857283044,0.9670850767085076,0.9999999999999909,True,phase_cross_correlation_on_stable_channel,C,13,"{'y_start': 0, 'y_stop': 1826, 'x_start': 1082, 'x_stop': 2773}"
C13,PLD3_only_no_mCherry,39,488nm Binned,-100.6,0.0,0.0012705868249926011,-0.007730097268900138,0.9649232914923291,0.9999999999999752,True,phase_cross_correlation_on_stable_channel,C,13,"{'y_start': 0, 'y_stop': 1826, 'x_start': 1082, 'x_stop': 2773}"
C09,PLD3_only_no_mCherry,8,488nm Binned,0.0,0.0,1.0,1.0,1.0,0.0,True,reference_timepoint,C,09,"{'y_start': 659, 'y_stop': 2426, 'x_start': 1221, 'x_stop': 1441}"
C09,PLD3_only_no_mCherry,12,488nm Binned,658.6,0.0,0.005726757222010604,-0.0051615953794574955,0.7703626220362623,0.9999999999999806,True,phase_cross_correlation_on_stable_channel,C,09,"{'y_start': 659, 'y_stop': 2426, 'x_start': 1221, 'x_stop': 1441}"
C09,PLD3_only_no_mCherry,16,488nm Binned,-441.2,0.0,0.013536532797161717,0.0030036276510051318,0.8461645746164576,0.999999999999987,True,phase_cross_correlation_on_stable_channel,C,09,"{'y_start': 659, 'y_stop': 2426, 'x_start': 1221, 'x_stop': 1441}"
C09,PLD3_only_no_mCherry,20,488nm Binned,106.4,0.0,0.004461310587669814,-0.0017661683134396289,0.9629009762900976,0.999999999999975,True,phase_cross_correlation_on_stable_channel,C,09,"{'y_start': 659, 'y_stop': 2426, 'x_start': 1221, 'x_stop': 1441}"
C09,PLD3_only_no_mCherry,25,488nm Binned,0.0,-1426.9,0.009340637140816718,-0.0017991031767473488,0.5024755927475593,0.9999999999999918,True,phase_cross_correlation_on_stable_channel,C,09,"{'y_start': 659, 'y_stop': 2426, 'x_start': 1221, 'x_stop': 1441}"
C09,PLD3_only_no_mCherry,29,488nm Binned,88.1,0.0,0.007513478673872394,0.02064047053335192,0.9692817294281729,0.9999999999999872,True,phase_cross_correlation_on_stable_channel,C,09,"{'y_start': 659, 'y_stop': 2426, 'x_start': 1221, 'x_stop': 1441}"
C09,PLD3_only_no_mCherry,32,488nm Binned,0.0,1220.6,-0.004083413723821522,0.0005687799744421385,0.5744072524407252,0.9999999999999923,True,phase_cross_correlation_on_stable_channel,C,09,"{'y_start': 659, 'y_stop': 2426, 'x_start': 1221, 'x_stop': 1441}"
C09,PLD3_only_no_mCherry,36,488nm Binned,0.0,-408.4,-0.0002241305785449395,0.002648754172716639,0.8576011157601116,0.9999999999999909,True,phase_cross_correlation_on_stable_channel,C,09,"{'y_start': 659, 'y_stop': 2426, 'x_start': 1221, 'x_stop': 1441}"
C09,PLD3_only_no_mCherry,39,488nm Binned,0.0,-117.0,0.00015073859292976833,0.005168359208501544,0.9592050209205021,0.9999999999999941,True,phase_cross_correlation_on_stable_channel,C,09,"{'y_start': 659, 'y_stop': 2426, 'x_start': 1221, 'x_stop': 1441}"
C06,PLD3_only_no_mCherry,8,488nm Binned,0.0,0.0,1.0,1.0,1.0,0.0,True,reference_timepoint,C,06,"{'y_start': 321, 'y_stop': 1959, 'x_start': 422, 'x_stop': 1737}"
C06,PLD3_only_no_mCherry,12,488nm Binned,-687.3,0.0,0.0035694877752772236,0.018067278615967703,0.7603556485355648,0.9999999999999806,True,phase_cross_correlation_on_stable_channel,C,06,"{'y_start': 321, 'y_stop': 1959, 'x_start': 422, 'x_stop': 1737}"
C06,PLD3_only_no_mCherry,16,488nm Binned,0.0,-1042.0,0.00901849208117491,-0.003695738361132646,0.6366806136680614,0.9999999999999898,True,phase_cross_correlation_on_stable_channel,C,06,"{'y_start': 321, 'y_stop': 1959, 'x_start': 422, 'x_stop': 1737}"
C06,PLD3_only_no_mCherry,20,488nm Binned,321.0,0.0,0.007445966395750471,-0.0023820290251559658,0.8880753138075314,0.9999999999999765,True,phase_cross_correlation_on_stable_channel,C,06,"{'y_start': 321, 'y_stop': 1959, 'x_start': 422, 'x_stop': 1737}"
C06,PLD3_only_no_mCherry,25,488nm Binned,-909.0,0.0,0.0077579843926828046,0.011482281303899266,0.6830543933054394,0.9999999999999623,True,phase_cross_correlation_on_stable_channel,C,06,"{'y_start': 321, 'y_stop': 1959, 'x_start': 422, 'x_stop': 1737}"
C06,PLD3_only_no_mCherry,29,488nm Binned,-182.4,0.0,0.004654283730760965,-0.008393709631674426,0.9364016736401674,0.9999999999999579,True,phase_cross_correlation_on_stable_channel,C,06,"{'y_start': 321, 'y_stop': 1959, 'x_start': 422, 'x_stop': 1737}"
C06,PLD3_only_no_mCherry,32,488nm Binned,0.0,421.9,0.0034203219889455032,-0.0039919871053355005,0.8528940027894003,0.9999999999999497,True,phase_cross_correlation_on_stable_channel,C,06,"{'y_start': 321, 'y_stop': 1959, 'x_start': 422, 'x_stop': 1737}"
C06,PLD3_only_no_mCherry,36,488nm Binned,0.0,-1130.1,0.014303784224836967,-0.009189446466584013,0.6059623430962343,0.9999999999999876,True,phase_cross_correlation_on_stable_channel,C,06,"{'y_start': 321, 'y_stop': 1959, 'x_start': 422, 'x_stop': 1737}"
C06,PLD3_only_no_mCherry,39,488nm Binned,-140.2,0.0,0.009704760456616848,0.0016492517336911454,0.9511157601115761,0.9999999999999707,True,phase_cross_correlation_on_stable_channel,C,06,"{'y_start': 321, 'y_stop': 1959, 'x_start': 422, 'x_stop': 1737}"
C11,PLD3_only_no_mCherry,8,488nm Binned,0.0,0.0,1.0,1.0,1.0,0.0,True,reference_timepoint,C,11,"{'y_start': 1252, 'y_stop': 2593, 'x_start': 789, 'x_stop': 1791}"
C11,PLD3_only_no_mCherry,12,488nm Binned,151.0,0.0,0.0028393913192525746,0.004672681630813732,0.947350069735007,0.9999999999999911,True,phase_cross_correlation_on_stable_channel,C,11,"{'y_start': 1252, 'y_stop': 2593, 'x_start': 789, 'x_stop': 1791}"
C11,PLD3_only_no_mCherry,16,488nm Binned,141.7,0.0,0.003611801025552809,0.004165572450006981,0.9505927475592748,0.9999999999999837,True,phase_cross_correlation_on_stable_channel,C,11,"{'y_start': 1252, 'y_stop': 2593, 'x_start': 789, 'x_stop': 1791}"
C11,PLD3_only_no_mCherry,20,488nm Binned,0.0,357.7,0.002700194613346265,0.004342789216873887,0.8752789400278941,0.999999999999994,True,phase_cross_correlation_on_stable_channel,C,11,"{'y_start': 1252, 'y_stop': 2593, 'x_start': 789, 'x_stop': 1791}"
C11,PLD3_only_no_mCherry,25,488nm Binned,1251.4,0.0,0.0039040231723596517,0.0008051574692528159,0.5636680613668061,0.9999999999999882,True,phase_cross_correlation_on_stable_channel,C,11,"{'y_start': 1252, 'y_stop': 2593, 'x_start': 789, 'x_stop': 1791}"
C11,PLD3_only_no_mCherry,29,488nm Binned,68.4,0.0,0.008068710865350815,0.043003159226716166,0.9761506276150628,0.9999999999999877,True,phase_cross_correlation_on_stable_channel,C,11,"{'y_start': 1252, 'y_stop': 2593, 'x_start': 789, 'x_stop': 1791}"
C11,PLD3_only_no_mCherry,32,488nm Binned,0.0,-1076.4,0.0009163880327703442,-0.0010401003218658562,0.6246861924686192,0.999999999999993,True,phase_cross_correlation_on_stable_channel,C,11,"{'y_start': 1252, 'y_stop': 2593, 'x_start': 789, 'x_stop': 1791}"
C11,PLD3_only_no_mCherry,36,488nm Binned,0.0,788.1,-0.003143184782966004,-0.0036991933939640427,0.7252092050209206,0.999999999999998,True,phase_cross_correlation_on_stable_channel,C,11,"{'y_start': 1252, 'y_stop': 2593, 'x_start': 789, 'x_stop': 1791}"
C11,PLD3_only_no_mCherry,39,488nm Binned,-274.9,0.0,-0.0039871532697268505,0.0016120926147872258,0.9041492329149232,0.9999999999999926,True,phase_cross_correlation_on_stable_channel,C,11,"{'y_start': 1252, 'y_stop': 2593, 'x_start': 789, 'x_stop': 1791}"
C05,PLD3_only_no_mCherry,8,488nm Binned,0.0,0.0,1.0,1.0,1.0,0.0,True,reference_timepoint,C,05,"{'y_start': 258, 'y_stop': 2573, 'x_start': 1151, 'x_stop': 2868}"
C05,PLD3_only_no_mCherry,12,488nm Binned,0.0,1150.1,0.007425621427481982,0.008005922823027424,0.5989888423988843,0.9999999999999849,True,phase_cross_correlation_on_stable_channel,C,05,"{'y_start': 258, 'y_stop': 2573, 'x_start': 1151, 'x_stop': 2868}"
C05,PLD3_only_no_mCherry,16,488nm Binned,257.3,0.0,0.01379682902832281,0.00642206773629498,0.9102859135285913,0.9999999999999737,True,phase_cross_correlation_on_stable_channel,C,05,"{'y_start': 258, 'y_stop': 2573, 'x_start': 1151, 'x_stop': 2868}"
C05,PLD3_only_no_mCherry,20,488nm Binned,-80.7,0.0,-0.0019472038307105808,0.002400404530291457,0.9718619246861925,0.9999999999999603,True,phase_cross_correlation_on_stable_channel,C,05,"{'y_start': 258, 'y_stop': 2573, 'x_start': 1151, 'x_stop': 2868}"
C05,PLD3_only_no_mCherry,25,488nm Binned,-294.1,0.0,0.006145215769821881,-0.0030574595938366016,0.8974546722454673,0.9999999999999866,True,phase_cross_correlation_on_stable_channel,C,05,"{'y_start': 258, 'y_stop': 2573, 'x_start': 1151, 'x_stop': 2868}"
C05,PLD3_only_no_mCherry,29,488nm Binned,0.0,894.1,0.01015750312157184,0.001056360524806,0.6882496513249652,0.9999999999999859,True,phase_cross_correlation_on_stable_channel,C,05,"{'y_start': 258, 'y_stop': 2573, 'x_start': 1151, 'x_stop': 2868}"
C05,PLD3_only_no_mCherry,32,488nm Binned,133.3,0.0,0.006025922907275482,0.0012655186614978584,0.9535216178521617,0.999999999999973,True,phase_cross_correlation_on_stable_channel,C,05,"{'y_start': 258, 'y_stop': 2573, 'x_start': 1151, 'x_stop': 2868}"
C05,PLD3_only_no_mCherry,36,488nm Binned,0.0,218.7,-0.0036245555429421455,0.004395917262257402,0.9237447698744771,0.9999999999999856,True,phase_cross_correlation_on_stable_channel,C,05,"{'y_start': 258, 'y_stop': 2573, 'x_start': 1151, 'x_stop': 2868}"
C05,PLD3_only_no_mCherry,39,488nm Binned,-226.8,0.0,0.008023984995343956,-0.004816572924637529,0.9209205020920501,0.9999999999999778,True,phase_cross_correlation_on_stable_channel,C,05,"{'y_start': 258, 'y_stop': 2573, 'x_start': 1151, 'x_stop': 2868}"
C10,PLD3_only_no_mCherry,8,488nm Binned,0.0,0.0,1.0,1.0,1.0,0.0,True,reference_timepoint,C,10,"{'y_start': 787, 'y_stop': 2149, 'x_start': 850, 'x_stop': 2814}"
C10,PLD3_only_no_mCherry,12,488nm Binned,-147.6,0.0,0.008602001894364298,-0.00016184271256575728,0.9485355648535565,0.9999999999999803,True,phase_cross_correlation_on_stable_channel,C,10,"{'y_start': 787, 'y_stop': 2149, 'x_start': 850, 'x_stop': 2814}"
C10,PLD3_only_no_mCherry,16,488nm Binned,-718.9,0.0,0.01570705217187775,0.018965402787440626,0.7493375174337518,0.9999999999999466,True,phase_cross_correlation_on_stable_channel,C,10,"{'y_start': 787, 'y_stop': 2149, 'x_start': 850, 'x_stop': 2814}"
C10,PLD3_only_no_mCherry,20,488nm Binned,-641.3,0.0,0.006495891071157559,0.006179625099366017,0.77639470013947,0.9999999999999731,True,phase_cross_correlation_on_stable_channel,C,10,"{'y_start': 787, 'y_stop': 2149, 'x_start': 850, 'x_stop': 2814}"
C10,PLD3_only_no_mCherry,25,488nm Binned,0.0,849.2,0.0006950287674137735,0.019477926536204504,0.703905160390516,0.999999999999977,True,phase_cross_correlation_on_stable_channel,C,10,"{'y_start': 787, 'y_stop': 2149, 'x_start': 850, 'x_stop': 2814}"
C10,PLD3_only_no_mCherry,29,488nm Binned,-201.5,0.0,0.01845262063296581,0.007691523266632498,0.9297419804741981,0.9999999999999675,True,phase_cross_correlation_on_stable_channel,C,10,"{'y_start': 787, 'y_stop': 2149, 'x_start': 850, 'x_stop': 2814}"
C10,PLD3_only_no_mCherry,32,488nm Binned,787.0,0.0,0.0030903339655797275,-0.011978922978444476,0.7255927475592747,0.9999999999999438,True,phase_cross_correlation_on_stable_channel,C,10,"{'y_start': 787, 'y_stop': 2149, 'x_start': 850, 'x_stop': 2814}"
C10,PLD3_only_no_mCherry,36,488nm Binned,0.0,-53.1,-0.0001979456288652585,0.0074991058650648035,0.9814853556485356,0.9999999999999726,True,phase_cross_correlation_on_stable_channel,C,10,"{'y_start': 787, 'y_stop': 2149, 'x_start': 850, 'x_stop': 2814}"
C10,PLD3_only_no_mCherry,39,488nm Binned,-251.0,0.0,0.006085330435538332,0.0017779109324670692,0.9124825662482566,0.9999999999999812,True,phase_cross_correlation_on_stable_channel,C,10,"{'y_start': 787, 'y_stop': 2149, 'x_start': 850, 'x_stop': 2814}"
C07,PLD3_only_no_mCherry,8,488nm Binned,0.0,0.0,1.0,1.0,1.0,0.0,True,reference_timepoint,C,07,"{'y_start': 922, 'y_stop': 2868, 'x_start': 922, 'x_stop': 1946}"
C07,PLD3_only_no_mCherry,12,488nm Binned,1.9,0.0,0.06232253023711365,0.06852978992259365,0.9993375174337518,0.9999999999999996,True,phase_cross_correlation_on_stable_channel,C,07,"{'y_start': 922, 'y_stop': 2868, 'x_start': 922, 'x_stop': 1946}"
C07,PLD3_only_no_mCherry,16,488nm Binned,1.0,-921.1,0.06630174275865879,0.029999464300779027,0.6785987324179276,0.9999999999999998,True,phase_cross_correlation_on_stable_channel,C,07,"{'y_start': 922, 'y_stop': 2868, 'x_start': 922, 'x_stop': 1946}"
C07,PLD3_only_no_mCherry,20,488nm Binned,922.0,921.9,0.06391055309417003,0.014236831037205458,0.46041524424759134,0.9999999999999998,False,phase_cross_correlation_on_stable_channel,C,07,"{'y_start': 922, 'y_stop': 2868, 'x_start': 922, 'x_stop': 1946}"
C07,PLD3_only_no_mCherry,25,488nm Binned,0.1,-0.2,0.08277734996847001,0.08545396684370883,0.9998953999210255,0.9999999999999996,True,phase_cross_correlation_on_stable_channel,C,07,"{'y_start': 922, 'y_stop': 2868, 'x_start': 922, 'x_stop': 1946}"
C07,PLD3_only_no_mCherry,29,488nm Binned,2.1,0.0,0.07627097648958166,0.08515261978833705,0.9992677824267783,0.9999999999999997,True,phase_cross_correlation_on_stable_channel,C,07,"{'y_start': 922, 'y_stop': 2868, 'x_start': 922, 'x_stop': 1946}"
C07,PLD3_only_no_mCherry,32,488nm Binned,0.0,-0.1,0.06794914061320091,0.06900337810108931,0.9999651324965133,0.9999999999999997,True,phase_cross_correlation_on_stable_channel,C,07,"{'y_start': 922, 'y_stop': 2868, 'x_start': 922, 'x_stop': 1946}"
C07,PLD3_only_no_mCherry,36,488nm Binned,0.2,921.0,0.0651874918812857,0.025043022225358973,0.6788229518624208,0.9999999999999997,True,phase_cross_correlation_on_stable_channel,C,07,"{'y_start': 922, 'y_stop': 2868, 'x_start': 922, 'x_stop': 1946}"
C07,PLD3_only_no_mCherry,39,488nm Binned,0.0,-0.1,0.055920476286174,0.056802188761066644,0.9999651324965133,0.9999999999999994,True,phase_cross_correlation_on_stable_channel,C,07,"{'y_start': 922, 'y_stop': 2868, 'x_start': 922, 'x_stop': 1946}"
C14,PLD3_only_no_mCherry,8,488nm Binned,0.0,0.0,1.0,1.0,1.0,0.0,True,reference_timepoint,C,14,"{'y_start': 567, 'y_stop': 2698, 'x_start': 1372, 'x_stop': 2868}"
C14,PLD3_only_no_mCherry,12,488nm Binned,-21.6,0.0,0.007667624846779779,0.012630345625831063,0.9924686192468619,0.9999999999999776,True,phase_cross_correlation_on_stable_channel,C,14,"{'y_start': 567, 'y_stop': 2698, 'x_start': 1372, 'x_stop': 2868}"
C14,PLD3_only_no_mCherry,16,488nm Binned,234.4,0.0,0.01596150300265666,9.941525337393813e-05,0.9182705718270572,0.9999999999999607,True,phase_cross_correlation_on_stable_channel,C,14,"{'y_start': 567, 'y_stop': 2698, 'x_start': 1372, 'x_stop': 2868}"
C14,PLD3_only_no_mCherry,20,488nm Binned,0.0,1371.7,0.001641503260437836,0.017501125660735483,0.5217224546722454,0.9999999999999913,True,phase_cross_correlation_on_stable_channel,C,14,"{'y_start': 567, 'y_stop': 2698, 'x_start': 1372, 'x_stop': 2868}"
C14,PLD3_only_no_mCherry,25,488nm Binned,0.0,229.8,0.015063600465569333,0.016172711817040986,0.9198744769874476,0.9999999999999851,True,phase_cross_correlation_on_stable_channel,C,14,"{'y_start': 567, 'y_stop': 2698, 'x_start': 1372, 'x_stop': 2868}"
C14,PLD3_only_no_mCherry,29,488nm Binned,566.6,0.0,0.02118162381638664,-0.004003759367908755,0.8024407252440725,0.9999999999999802,True,phase_cross_correlation_on_stable_channel,C,14,"{'y_start': 567, 'y_stop': 2698, 'x_start': 1372, 'x_stop': 2868}"
C14,PLD3_only_no_mCherry,32,488nm Binned,61.8,0.0,0.011385873778381914,-0.0019844326504804997,0.9784518828451882,0.9999999999999827,True,phase_cross_correlation_on_stable_channel,C,14,"{'y_start': 567, 'y_stop': 2698, 'x_start': 1372, 'x_stop': 2868}"
C14,PLD3_only_no_mCherry,36,488nm Binned,-169.1,0.0,0.008006724183478102,0.010104642190120304,0.9410390516039052,0.9999999999999571,True,phase_cross_correlation_on_stable_channel,C,14,"{'y_start': 567, 'y_stop': 2698, 'x_start': 1372, 'x_stop': 2868}"
C14,PLD3_only_no_mCherry,39,488nm Binned,11.7,0.0,0.004274688909009195,0.010105924029086933,0.9959205020920503,0.9999999999999821,True,phase_cross_correlation_on_stable_channel,C,14,"{'y_start': 567, 'y_stop': 2698, 'x_start': 1372, 'x_stop': 2868}"
C08,PLD3_only_no_mCherry,8,488nm Binned,0.0,0.0,1.0,1.0,1.0,0.0,True,reference_timepoint,C,08,"{'y_start': 361, 'y_stop': 2660, 'x_start': 635, 'x_stop': 2028}"
C08,PLD3_only_no_mCherry,12,488nm Binned,-207.2,0.0,-0.003622078047193348,0.011557690627337996,0.9277545327754533,0.9999999999999806,True,phase_cross_correlation_on_stable_channel,C,08,"{'y_start': 361, 'y_stop': 2660, 'x_start': 635, 'x_stop': 2028}"
C08,PLD3_only_no_mCherry,16,488nm Binned,190.0,0.0,0.014867340706625142,0.002017752348514994,0.9337517433751743,0.9999999999999729,True,phase_cross_correlation_on_stable_channel,C,08,"{'y_start': 361, 'y_stop': 2660, 'x_start': 635, 'x_stop': 2028}"
C08,PLD3_only_no_mCherry,20,488nm Binned,-194.3,0.0,0.006796914641764835,0.012357203204073021,0.932252440725244,0.9999999999999676,True,phase_cross_correlation_on_stable_channel,C,08,"{'y_start': 361, 'y_stop': 2660, 'x_start': 635, 'x_stop': 2028}"
C08,PLD3_only_no_mCherry,25,488nm Binned,0.1,-1.0,0.0051454466613772435,0.005450240932663717,0.9996164696190737,0.9999999999999964,True,phase_cross_correlation_on_stable_channel,C,08,"{'y_start': 361, 'y_stop': 2660, 'x_start': 635, 'x_stop': 2028}"
C08,PLD3_only_no_mCherry,29,488nm Binned,0.0,635.0,0.014438038148161646,0.00723913595170533,0.7785913528591353,0.9999999999999797,True,phase_cross_correlation_on_stable_channel,C,08,"{'y_start': 361, 'y_stop': 2660, 'x_start': 635, 'x_stop': 2028}"
C08,PLD3_only_no_mCherry,32,488nm Binned,-157.3,0.0,0.008744720480683395,0.003116848429016656,0.9451534170153416,0.9999999999999724,True,phase_cross_correlation_on_stable_channel,C,08,"{'y_start': 361, 'y_stop': 2660, 'x_start': 635, 'x_stop': 2028}"
C08,PLD3_only_no_mCherry,36,488nm Binned,0.0,-839.5,0.0033183561759867206,-0.006089452373587945,0.7072873082287309,0.9999999999999875,True,phase_cross_correlation_on_stable_channel,C,08,"{'y_start': 361, 'y_stop': 2660, 'x_start': 635, 'x_stop': 2028}"
C08,PLD3_only_no_mCherry,39,488nm Binned,360.1,0.0,0.007163459340250732,-0.003002169792231999,0.8744421199442121,0.9999999999999825,True,phase_cross_correlation_on_stable_channel,C,08,"{'y_start': 361, 'y_stop': 2660, 'x_start': 635, 'x_stop': 2028}"
C15,PLD3_only_no_mCherry,8,488nm Binned,0.0,0.0,1.0,1.0,1.0,0.0,True,reference_timepoint,C,15,"{'y_start': 1421, 'y_stop': 2787, 'x_start': 565, 'x_stop': 1706}"
C15,PLD3_only_no_mCherry,12,488nm Binned,-80.4,0.0,0.0013119988529988523,0.009167706740302234,0.9719665271966527,0.99999999999999,True,phase_cross_correlation_on_stable_channel,C,15,"{'y_start': 1421, 'y_stop': 2787, 'x_start': 565, 'x_stop': 1706}"
C15,PLD3_only_no_mCherry,16,488nm Binned,0.0,-896.0,0.004589203113040123,0.002502369212734364,0.6875871687587168,0.9999999999999858,True,phase_cross_correlation_on_stable_channel,C,15,"{'y_start': 1421, 'y_stop': 2787, 'x_start': 565, 'x_stop': 1706}"
C15,PLD3_only_no_mCherry,20,488nm Binned,1421.0,0.0,0.0002035170881331778,0.005847991647569033,0.5045327754532776,0.9999999999999786,True,phase_cross_correlation_on_stable_channel,C,15,"{'y_start': 1421, 'y_stop': 2787, 'x_start': 565, 'x_stop': 1706}"
C15,PLD3_only_no_mCherry,25,488nm Binned,0.0,-1059.3,0.0009040548560817694,0.008533326188458383,0.6306485355648537,0.9999999999999921,True,phase_cross_correlation_on_stable_channel,C,15,"{'y_start': 1421, 'y_stop': 2787, 'x_start': 565, 'x_stop': 1706}"
C15,PLD3_only_no_mCherry,29,488nm Binned,0.0,-1161.9,0.01391247785881348,-0.004855637117760105,0.5948744769874477,0.9999999999999862,True,phase_cross_correlation_on_stable_channel,C,15,"{'y_start': 1421, 'y_stop': 2787, 'x_start': 565, 'x_stop': 1706}"
C15,PLD3_only_no_mCherry,32,488nm Binned,0.0,564.7,0.00462743173710045,0.004715232516618498,0.8031032078103209,0.9999999999999929,True,phase_cross_correlation_on_stable_channel,C,15,"{'y_start': 1421, 'y_stop': 2787, 'x_start': 565, 'x_stop': 1706}"
C15,PLD3_only_no_mCherry,36,488nm Binned,1077.4,0.0,0.000890903319447511,-0.0009560783183082325,0.6243375174337518,0.9999999999999876,True,phase_cross_correlation_on_stable_channel,C,15,"{'y_start': 1421, 'y_stop': 2787, 'x_start': 565, 'x_stop': 1706}"
C15,PLD3_only_no_mCherry,39,488nm Binned,1170.3,0.0,-0.0007012819150081356,0.0008401363857809553,0.5919456066945608,0.999999999999988,True,phase_cross_correlation_on_stable_channel,C,15,"{'y_start': 1421, 'y_stop': 2787, 'x_start': 565, 'x_stop': 1706}"
C16,PLD3_only_no_mCherry,8,488nm Binned,0.0,0.0,1.0,1.0,1.0,0.0,True,reference_timepoint,C,16,"{'y_start': 435, 'y_stop': 2868, 'x_start': 1295, 'x_stop': 1648}"
C16,PLD3_only_no_mCherry,12,488nm Binned,0.0,-985.6,-8.302075940780136e-05,-0.012232830890348585,0.6563458856345886,0.999999999999984,True,phase_cross_correlation_on_stable_channel,C,16,"{'y_start': 435, 'y_stop': 2868, 'x_start': 1295, 'x_stop': 1648}"
C16,PLD3_only_no_mCherry,16,488nm Binned,0.0,-673.6,0.007293970457704331,-0.007012791339434857,0.7651324965132497,0.999999999999987,True,phase_cross_correlation_on_stable_channel,C,16,"{'y_start': 435, 'y_stop': 2868, 'x_start': 1295, 'x_stop': 1648}"
C16,PLD3_only_no_mCherry,20,488nm Binned,434.1,0.0,0.011970390902825994,0.001178676282051131,0.8486401673640167,0.9999999999999801,True,phase_cross_correlation_on_stable_channel,C,16,"{'y_start': 435, 'y_stop': 2868, 'x_start': 1295, 'x_stop': 1648}"
C16,PLD3_only_no_mCherry,25,488nm Binned,0.0,-1219.8,0.005105195466016017,-0.0076031210923093616,0.5746861924686193,0.999999999999987,True,phase_cross_correlation_on_stable_channel,C,16,"{'y_start': 435, 'y_stop': 2868, 'x_start': 1295, 'x_stop': 1648}"
C16,PLD3_only_no_mCherry,29,488nm Binned,59.8,0.0,0.009001815298208815,0.06902081946008114,0.9791492329149233,0.99999999999998,True,phase_cross_correlation_on_stable_channel,C,16,"{'y_start': 435, 'y_stop': 2868, 'x_start': 1295, 'x_stop': 1648}"
C16,PLD3_only_no_mCherry,32,488nm Binned,0.0,430.3,-0.00045663970585443567,0.011860204733278338,0.8499651324965132,0.9999999999999772,True,phase_cross_correlation_on_stable_channel,C,16,"{'y_start': 435, 'y_stop': 2868, 'x_start': 1295, 'x_stop': 1648}"
C16,PLD3_only_no_mCherry,36,488nm Binned,325.0,0.0,0.010150676322578635,-0.00013583955428234665,0.8866806136680614,0.9999999999999896,True,phase_cross_correlation_on_stable_channel,C,16,"{'y_start': 435, 'y_stop': 2868, 'x_start': 1295, 'x_stop': 1648}"
C16,PLD3_only_no_mCherry,39,488nm Binned,0.0,1294.3,0.007017064867041331,0.013347007128000368,0.5487099023709903,0.9999999999999805,True,phase_cross_correlation_on_stable_channel,C,16,"{'y_start': 435, 'y_stop': 2868, 'x_start': 1295, 'x_stop': 1648}"
C17,PLD3_only_no_mCherry,8,488nm Binned,0.0,0.0,1.0,1.0,1.0,0.0,True,reference_timepoint,C,17,"{'y_start': 0, 'y_stop': 2868, 'x_start': 1188, 'x_stop': 1565}"
C17,PLD3_only_no_mCherry,12,488nm Binned,0.0,703.3,0.004786857914932163,0.005335563120618039,0.7547768479776847,0.9999999999999798,True,phase_cross_correlation_on_stable_channel,C,17,"{'y_start': 0, 'y_stop': 2868, 'x_start': 1188, 'x_stop': 1565}"
C17,PLD3_only_no_mCherry,16,488nm Binned,0.0,1187.6,-0.0001534596891118951,0.0050774911170058164,0.5859135285913529,0.9999999999999876,True,phase_cross_correlation_on_stable_channel,C,17,"{'y_start': 0, 'y_stop': 2868, 'x_start': 1188, 'x_stop': 1565}"
C17,PLD3_only_no_mCherry,20,488nm Binned,0.0,985.8,-0.0018956958491999011,0.0008048457152794652,0.6562761506276151,0.9999999999999644,True,phase_cross_correlation_on_stable_channel,C,17,"{'y_start': 0, 'y_stop': 2868, 'x_start': 1188, 'x_stop': 1565}"
C17,PLD3_only_no_mCherry,25,488nm Binned,0.0,-109.0,0.004738294977898834,0.000836371837927639,0.9619944211994421,0.9999999999999862,True,phase_cross_correlation_on_stable_channel,C,17,"{'y_start': 0, 'y_stop': 2868, 'x_start': 1188, 'x_stop': 1565}"
C17,PLD3_only_no_mCherry,29,488nm Binned,0.0,462.9,0.010865597463611173,3.1702861343734966e-05,0.8385983263598327,0.9999999999999808,True,phase_cross_correlation_on_stable_channel,C,17,"{'y_start': 0, 'y_stop': 2868, 'x_start': 1188, 'x_stop': 1565}"
C17,PLD3_only_no_mCherry,32,488nm Binned,0.0,72.0,0.007808958125308664,0.010853944169950143,0.9748953974895398,0.9999999999999848,True,phase_cross_correlation_on_stable_channel,C,17,"{'y_start': 0, 'y_stop': 2868, 'x_start': 1188, 'x_stop': 1565}"
C17,PLD3_only_no_mCherry,36,488nm Binned,0.0,-1302.4,0.011308613815362136,-0.007323416176839493,0.5458856345885634,0.9999999999999651,True,phase_cross_correlation_on_stable_channel,C,17,"{'y_start': 0, 'y_stop': 2868, 'x_start': 1188, 'x_stop': 1565}"
C17,PLD3_only_no_mCherry,39,488nm Binned,0.0,-1240.7,0.003887820850952578,-0.00455233282273803,0.5673988842398884,0.9999999999999811,True,phase_cross_correlation_on_stable_channel,C,17,"{'y_start': 0, 'y_stop': 2868, 'x_start': 1188, 'x_stop': 1565}"
D06,PLD3_TMEM106B_no_mCherry,8,488nm Binned,0.0,0.0,1.0,1.0,1.0,0.0,True,reference_timepoint,D,06,"{'y_start': 1427, 'y_stop': 2868, 'x_start': 512, 'x_stop': 1866}"
D06,PLD3_TMEM106B_no_mCherry,12,488nm Binned,1057.5,0.0,0.002387039117391924,-0.004533588860815226,0.6312761506276151,0.9999999999999729,True,phase_cross_correlation_on_stable_channel,D,06,"{'y_start': 1427, 'y_stop': 2868, 'x_start': 512, 'x_stop': 1866}"
D06,PLD3_TMEM106B_no_mCherry,16,488nm Binned,0.0,-1001.7,0.013739530156141516,5.241717782152196e-05,0.6507322175732216,0.9999999999999828,True,phase_cross_correlation_on_stable_channel,D,06,"{'y_start': 1427, 'y_stop': 2868, 'x_start': 512, 'x_stop': 1866}"
D06,PLD3_TMEM106B_no_mCherry,20,488nm Binned,0.0,-103.0,0.0038775787826942592,0.009895500242664959,0.9640864714086471,0.9999999999999934,True,phase_cross_correlation_on_stable_channel,D,06,"{'y_start': 1427, 'y_stop': 2868, 'x_start': 512, 'x_stop': 1866}"
D06,PLD3_TMEM106B_no_mCherry,25,488nm Binned,728.5,0.0,0.008478368617883657,-0.0017474049775821334,0.7459902370990237,0.9999999999999772,True,phase_cross_correlation_on_stable_channel,D,06,"{'y_start': 1427, 'y_stop': 2868, 'x_start': 512, 'x_stop': 1866}"
D06,PLD3_TMEM106B_no_mCherry,29,488nm Binned,1059.1,0.0,0.013594994601691435,-0.016029785161011036,0.630718270571827,0.9999999999999847,True,phase_cross_correlation_on_stable_channel,D,06,"{'y_start': 1427, 'y_stop': 2868, 'x_start': 512, 'x_stop': 1866}"
D06,PLD3_TMEM106B_no_mCherry,32,488nm Binned,1426.5,0.0,0.007956923036853107,-0.009887420082703975,0.5026150627615062,0.9999999999999878,True,phase_cross_correlation_on_stable_channel,D,06,"{'y_start': 1427, 'y_stop': 2868, 'x_start': 512, 'x_stop': 1866}"
D06,PLD3_TMEM106B_no_mCherry,36,488nm Binned,867.9,0.0,0.009586239923120063,-0.009469810849925436,0.6973849372384937,0.9999999999999765,True,phase_cross_correlation_on_stable_channel,D,06,"{'y_start': 1427, 'y_stop': 2868, 'x_start': 512, 'x_stop': 1866}"
D06,PLD3_TMEM106B_no_mCherry,39,488nm Binned,0.0,511.1,0.002505086204492216,0.002149573082176477,0.821792189679219,0.9999999999999931,True,phase_cross_correlation_on_stable_channel,D,06,"{'y_start': 1427, 'y_stop': 2868, 'x_start': 512, 'x_stop': 1866}"
C19,PLD3_only_no_mCherry,8,488nm Binned,0.0,0.0,1.0,1.0,1.0,0.0,True,reference_timepoint,C,19,"{'y_start': 0, 'y_stop': 2868, 'x_start': 1367, 'x_stop': 1670}"
C19,PLD3_only_no_mCherry,12,488nm Binned,0.0,479.0,0.001970459268315374,-0.003937241767994362,0.8329846582984658,0.9999999999999915,True,phase_cross_correlation_on_stable_channel,C,19,"{'y_start': 0, 'y_stop': 2868, 'x_start': 1367, 'x_stop': 1670}"
C19,PLD3_only_no_mCherry,16,488nm Binned,0.0,1192.5,0.0006455835804201102,-0.0025217063100023565,0.5842050209205021,0.9999999999999803,True,phase_cross_correlation_on_stable_channel,C,19,"{'y_start': 0, 'y_stop': 2868, 'x_start': 1367, 'x_stop': 1670}"
C19,PLD3_only_no_mCherry,20,488nm Binned,0.0,1366.8,0.004830723916940901,0.0027958505306467864,0.5234309623430963,0.9999999999999913,True,phase_cross_correlation_on_stable_channel,C,19,"{'y_start': 0, 'y_stop': 2868, 'x_start': 1367, 'x_stop': 1670}"
C19,PLD3_only_no_mCherry,25,488nm Binned,0.0,368.1,0.0030766914068014596,0.0011640767249360556,0.871652719665272,0.9999999999999969,True,phase_cross_correlation_on_stable_channel,C,19,"{'y_start': 0, 'y_stop': 2868, 'x_start': 1367, 'x_stop': 1670}"
C19,PLD3_only_no_mCherry,29,488nm Binned,0.0,-343.9,0.011388574885777719,-0.008467885902561643,0.8800906555090655,0.9999999999999936,True,phase_cross_correlation_on_stable_channel,C,19,"{'y_start': 0, 'y_stop': 2868, 'x_start': 1367, 'x_stop': 1670}"
C19,PLD3_only_no_mCherry,32,488nm Binned,0.0,-1197.6,-0.007926622643869223,-0.005400366584186198,0.5824267782426779,0.9999999999999911,True,phase_cross_correlation_on_stable_channel,C,19,"{'y_start': 0, 'y_stop': 2868, 'x_start': 1367, 'x_stop': 1670}"
C19,PLD3_only_no_mCherry,36,488nm Binned,0.0,59.1,-0.006274280228344417,-0.0064996737417625915,0.9793933054393306,0.999999999999993,True,phase_cross_correlation_on_stable_channel,C,19,"{'y_start': 0, 'y_stop': 2868, 'x_start': 1367, 'x_stop': 1670}"
C19,PLD3_only_no_mCherry,39,488nm Binned,0.0,-687.8,-0.001291355251834794,0.0007029423840942297,0.760181311018131,0.9999999999999923,True,phase_cross_correlation_on_stable_channel,C,19,"{'y_start': 0, 'y_stop': 2868, 'x_start': 1367, 'x_stop': 1670}"
D05,PLD3_TMEM106B_no_mCherry,8,488nm Binned,0.0,0.0,1.0,1.0,1.0,0.0,True,reference_timepoint,D,05,"{'y_start': 1404, 'y_stop': 1618, 'x_start': 377, 'x_stop': 2868}"
D05,PLD3_TMEM106B_no_mCherry,12,488nm Binned,400.5,0.0,0.006990285454893338,0.0025338548484720494,0.8603556485355649,0.9999999999999838,True,phase_cross_correlation_on_stable_channel,D,05,"{'y_start': 1404, 'y_stop': 1618, 'x_start': 377, 'x_stop': 2868}"
D05,PLD3_TMEM106B_no_mCherry,16,488nm Binned,-210.1,0.0,0.025750236239654195,0.006873809830732179,0.9267433751743376,0.9999999999999883,True,phase_cross_correlation_on_stable_channel,D,05,"{'y_start': 1404, 'y_stop': 1618, 'x_start': 377, 'x_stop': 2868}"
D05,PLD3_TMEM106B_no_mCherry,20,488nm Binned,-1249.1,0.0,0.00737012638607194,0.006877159142763623,0.5644700139470015,0.9999999999999681,True,phase_cross_correlation_on_stable_channel,D,05,"{'y_start': 1404, 'y_stop': 1618, 'x_start': 377, 'x_stop': 2868}"
D05,PLD3_TMEM106B_no_mCherry,25,488nm Binned,0.0,376.7,0.020691519714985278,0.006784077836412612,0.8686541143654115,0.9999999999999849,True,phase_cross_correlation_on_stable_channel,D,05,"{'y_start': 1404, 'y_stop': 1618, 'x_start': 377, 'x_stop': 2868}"
D05,PLD3_TMEM106B_no_mCherry,29,488nm Binned,1404.0,0.0,0.018790488506098633,-0.010814481744483783,0.5104602510460251,0.99999999999998,True,phase_cross_correlation_on_stable_channel,D,05,"{'y_start': 1404, 'y_stop': 1618, 'x_start': 377, 'x_stop': 2868}"
D05,PLD3_TMEM106B_no_mCherry,32,488nm Binned,569.5,0.0,0.008607000831930788,-0.010804853166069741,0.8014295676429568,0.9999999999999746,True,phase_cross_correlation_on_stable_channel,D,05,"{'y_start': 1404, 'y_stop': 1618, 'x_start': 377, 'x_stop': 2868}"
D05,PLD3_TMEM106B_no_mCherry,36,488nm Binned,1301.0,0.0,0.0007694198243543253,-0.013648026732245832,0.546373779637378,0.9999999999999833,True,phase_cross_correlation_on_stable_channel,D,05,"{'y_start': 1404, 'y_stop': 1618, 'x_start': 377, 'x_stop': 2868}"
D05,PLD3_TMEM106B_no_mCherry,39,488nm Binned,-743.8,0.0,0.0014390274793016056,-0.003421202474223181,0.7406555090655509,0.9999999999999828,True,phase_cross_correlation_on_stable_channel,D,05,"{'y_start': 1404, 'y_stop': 1618, 'x_start': 377, 'x_stop': 2868}"
C20,PLD3_only_no_mCherry,8,488nm Binned,0.0,0.0,1.0,1.0,1.0,0.0,True,reference_timepoint,C,20,"{'y_start': 1343, 'y_stop': 2162, 'x_start': 1267, 'x_stop': 2192}"
C20,PLD3_only_no_mCherry,12,488nm Binned,256.8,0.0,0.0070054438897289,0.011937062403648339,0.910460251046025,0.999999999999979,True,phase_cross_correlation_on_stable_channel,C,20,"{'y_start': 1343, 'y_stop': 2162, 'x_start': 1267, 'x_stop': 2192}"
C20,PLD3_only_no_mCherry,16,488nm Binned,-705.4,0.0,0.009598284288953363,0.0033703992648287627,0.754044630404463,0.9999999999999739,True,phase_cross_correlation_on_stable_channel,C,20,"{'y_start': 1343, 'y_stop': 2162, 'x_start': 1267, 'x_stop': 2192}"
C20,PLD3_only_no_mCherry,20,488nm Binned,0.0,-675.3,0.010858080345142554,-0.00939513553384969,0.7645397489539748,0.9999999999999936,True,phase_cross_correlation_on_stable_channel,C,20,"{'y_start': 1343, 'y_stop': 2162, 'x_start': 1267, 'x_stop': 2192}"
C20,PLD3_only_no_mCherry,25,488nm Binned,388.7,0.0,0.011006383017986236,-0.0002061435737974319,0.8644700139470014,0.999999999999983,True,phase_cross_correlation_on_stable_channel,C,20,"{'y_start': 1343, 'y_stop': 2162, 'x_start': 1267, 'x_stop': 2192}"
C20,PLD3_only_no_mCherry,29,488nm Binned,0.0,1266.3,0.024982874517208056,0.012837229576008524,0.5584728033472804,0.9999999999999825,True,phase_cross_correlation_on_stable_channel,C,20,"{'y_start': 1343, 'y_stop': 2162, 'x_start': 1267, 'x_stop': 2192}"
C20,PLD3_only_no_mCherry,32,488nm Binned,1342.5,0.0,0.004455555439773511,0.002699172940337361,0.5319037656903766,0.9999999999999697,True,phase_cross_correlation_on_stable_channel,C,20,"{'y_start': 1343, 'y_stop': 2162, 'x_start': 1267, 'x_stop': 2192}"
C20,PLD3_only_no_mCherry,36,488nm Binned,0.0,340.4,0.006889951364505392,0.012964013497418301,0.8813110181311018,0.9999999999999878,True,phase_cross_correlation_on_stable_channel,C,20,"{'y_start': 1343, 'y_stop': 2162, 'x_start': 1267, 'x_stop': 2192}"
C20,PLD3_only_no_mCherry,39,488nm Binned,-130.1,0.0,0.006084500385068268,0.004943426590690922,0.9546373779637378,0.9999999999999729,True,phase_cross_correlation_on_stable_channel,C,20,"{'y_start': 1343, 'y_stop': 2162, 'x_start': 1267, 'x_stop': 2192}"
C18,PLD3_only_no_mCherry,8,488nm Binned,0.0,0.0,1.0,1.0,1.0,0.0,True,reference_timepoint,C,18,"{'y_start': 383, 'y_stop': 2787, 'x_start': 1231, 'x_stop': 2469}"
C18,PLD3_only_no_mCherry,12,488nm Binned,0.0,1218.9,0.0015401796953471176,0.010982342490114112,0.575,0.999999999999986,True,phase_cross_correlation_on_stable_channel,C,18,"{'y_start': 383, 'y_stop': 2787, 'x_start': 1231, 'x_stop': 2469}"
C18,PLD3_only_no_mCherry,16,488nm Binned,0.0,-30.7,0.004664853048394291,0.006117144483440089,0.9892956764295677,0.9999999999999922,True,phase_cross_correlation_on_stable_channel,C,18,"{'y_start': 383, 'y_stop': 2787, 'x_start': 1231, 'x_stop': 2469}"
C18,PLD3_only_no_mCherry,20,488nm Binned,223.0,0.0,0.007370056571867997,-0.005772417301058456,0.9222454672245467,0.9999999999999871,True,phase_cross_correlation_on_stable_channel,C,18,"{'y_start': 383, 'y_stop': 2787, 'x_start': 1231, 'x_stop': 2469}"
C18,PLD3_only_no_mCherry,25,488nm Binned,-80.5,0.0,0.009038183577423208,0.005163959651856833,0.971931659693166,0.9999999999999795,True,phase_cross_correlation_on_stable_channel,C,18,"{'y_start': 383, 'y_stop': 2787, 'x_start': 1231, 'x_stop': 2469}"
C18,PLD3_only_no_mCherry,29,488nm Binned,0.0,1230.9,0.014578186817225999,0.006364424379108143,0.57081589958159,0.9999999999999821,True,phase_cross_correlation_on_stable_channel,C,18,"{'y_start': 383, 'y_stop': 2787, 'x_start': 1231, 'x_stop': 2469}"
C18,PLD3_only_no_mCherry,32,488nm Binned,382.3,0.0,0.00294505264103494,-0.0023143052893333867,0.8667015341701534,0.9999999999999803,True,phase_cross_correlation_on_stable_channel,C,18,"{'y_start': 383, 'y_stop': 2787, 'x_start': 1231, 'x_stop': 2469}"
C18,PLD3_only_no_mCherry,36,488nm Binned,0.0,1004.0,0.012278150516104265,0.006065043044444422,0.6499302649930265,0.9999999999999942,True,phase_cross_correlation_on_stable_channel,C,18,"{'y_start': 383, 'y_stop': 2787, 'x_start': 1231, 'x_stop': 2469}"
C18,PLD3_only_no_mCherry,39,488nm Binned,0.0,-398.5,0.005935677892632229,0.0005861634125301666,0.8610529986052998,0.9999999999999922,True,phase_cross_correlation_on_stable_channel,C,18,"{'y_start': 383, 'y_stop': 2787, 'x_start': 1231, 'x_stop': 2469}"
D07,PLD3_TMEM106B_no_mCherry,8,488nm Binned,0.0,0.0,1.0,1.0,1.0,0.0,True,reference_timepoint,D,07,"{'y_start': 534, 'y_stop': 2868, 'x_start': 1398, 'x_stop': 2080}"
D07,PLD3_TMEM106B_no_mCherry,12,488nm Binned,0.0,98.1,0.01083558775949502,-0.00038290123053150675,0.965794979079498,0.999999999999984,True,phase_cross_correlation_on_stable_channel,D,07,"{'y_start': 534, 'y_stop': 2868, 'x_start': 1398, 'x_stop': 2080}"
D07,PLD3_TMEM106B_no_mCherry,16,488nm Binned,533.2,0.0,0.015131745958555319,0.004355575186198814,0.8140864714086472,0.9999999999999485,True,phase_cross_correlation_on_stable_channel,D,07,"{'y_start': 534, 'y_stop': 2868, 'x_start': 1398, 'x_stop': 2080}"
D07,PLD3_TMEM106B_no_mCherry,20,488nm Binned,64.1,0.0,0.004762691317043888,0.0054543873739026074,0.977649930264993,0.9999999999999831,True,phase_cross_correlation_on_stable_channel,D,07,"{'y_start': 534, 'y_stop': 2868, 'x_start': 1398, 'x_stop': 2080}"
D07,PLD3_TMEM106B_no_mCherry,25,488nm Binned,0.0,-787.4,0.013387366030403155,0.014221907317331061,0.7254532775453277,0.9999999999999869,True,phase_cross_correlation_on_stable_channel,D,07,"{'y_start': 534, 'y_stop': 2868, 'x_start': 1398, 'x_stop': 2080}"
D07,PLD3_TMEM106B_no_mCherry,29,488nm Binned,0.0,1398.0,0.015595240601041215,-0.01451831474519519,0.5125523012552301,0.9999999999999852,True,phase_cross_correlation_on_stable_channel,D,07,"{'y_start': 534, 'y_stop': 2868, 'x_start': 1398, 'x_stop': 2080}"
D07,PLD3_TMEM106B_no_mCherry,32,488nm Binned,198.0,0.0,0.010141686691178438,0.002858709724621864,0.9309623430962343,0.999999999999991,True,phase_cross_correlation_on_stable_channel,D,07,"{'y_start': 534, 'y_stop': 2868, 'x_start': 1398, 'x_stop': 2080}"
D07,PLD3_TMEM106B_no_mCherry,36,488nm Binned,0.0,-150.1,0.006826911156012279,0.012671119920721579,0.9476638772663878,0.9999999999999917,True,phase_cross_correlation_on_stable_channel,D,07,"{'y_start': 534, 'y_stop': 2868, 'x_start': 1398, 'x_stop': 2080}"
D07,PLD3_TMEM106B_no_mCherry,39,488nm Binned,0.0,1267.9,0.0015138851635747965,-0.01898305997059888,0.5579149232914923,0.9999999999999916,True,phase_cross_correlation_on_stable_channel,D,07,"{'y_start': 534, 'y_stop': 2868, 'x_start': 1398, 'x_stop': 2080}"
D08,PLD3_TMEM106B_no_mCherry,8,488nm Binned,0.0,0.0,1.0,1.0,1.0,0.0,True,reference_timepoint,D,08,"{'y_start': 491, 'y_stop': 2077, 'x_start': 681, 'x_stop': 1574}"
D08,PLD3_TMEM106B_no_mCherry,12,488nm Binned,23.1,0.0,0.006539004006921803,0.0038715841549684725,0.9919456066945607,0.9999999999999708,True,phase_cross_correlation_on_stable_channel,D,08,"{'y_start': 491, 'y_stop': 2077, 'x_start': 681, 'x_stop': 1574}"
D08,PLD3_TMEM106B_no_mCherry,16,488nm Binned,-409.1,0.0,0.0049299081594764566,0.0018091742717311471,0.8573570432357044,0.9999999999999504,True,phase_cross_correlation_on_stable_channel,D,08,"{'y_start': 491, 'y_stop': 2077, 'x_start': 681, 'x_stop': 1574}"
D08,PLD3_TMEM106B_no_mCherry,20,488nm Binned,0.0,680.4,0.0020715887107653325,0.0024504451000915985,0.7627615062761506,0.999999999999982,True,phase_cross_correlation_on_stable_channel,D,08,"{'y_start': 491, 'y_stop': 2077, 'x_start': 681, 'x_stop': 1574}"
D08,PLD3_TMEM106B_no_mCherry,25,488nm Binned,0.0,-6.3,0.009283146796993694,0.007425219410571848,0.9978033472803347,0.9999999999999891,True,phase_cross_correlation_on_stable_channel,D,08,"{'y_start': 491, 'y_stop': 2077, 'x_start': 681, 'x_stop': 1574}"
D08,PLD3_TMEM106B_no_mCherry,29,488nm Binned,0.0,-1294.0,0.013342648463838959,-0.009818530884234034,0.5488145048814504,0.9999999999999893,True,phase_cross_correlation_on_stable_channel,D,08,"{'y_start': 491, 'y_stop': 2077, 'x_start': 681, 'x_stop': 1574}"
D08,PLD3_TMEM106B_no_mCherry,32,488nm Binned,-205.7,0.0,0.0023545678874765403,-0.003205805235144723,0.9282775453277545,0.9999999999999718,True,phase_cross_correlation_on_stable_channel,D,08,"{'y_start': 491, 'y_stop': 2077, 'x_start': 681, 'x_stop': 1574}"
D08,PLD3_TMEM106B_no_mCherry,36,488nm Binned,-790.7,0.0,-0.0002460595598613145,0.0034294579178700026,0.724302649930265,0.9999999999999788,True,phase_cross_correlation_on_stable_channel,D,08,"{'y_start': 491, 'y_stop': 2077, 'x_start': 681, 'x_stop': 1574}"
D08,PLD3_TMEM106B_no_mCherry,39,488nm Binned,490.2,0.0,0.00472414654141132,0.004659501030732007,0.8290794979079499,0.9999999999999786,True,phase_cross_correlation_on_stable_channel,D,08,"{'y_start': 491, 'y_stop': 2077, 'x_start': 681, 'x_stop': 1574}"
D09,PLD3_TMEM106B_no_mCherry,8,488nm Binned,0.0,0.0,1.0,1.0,1.0,0.0,True,reference_timepoint,D,09,"{'y_start': 761, 'y_stop': 2831, 'x_start': 0, 'x_stop': 1756}"
D09,PLD3_TMEM106B_no_mCherry,12,488nm Binned,658.1,0.0,-0.0020403445301328546,-0.003717298264427976,0.7705369595536959,0.9999999999999825,True,phase_cross_correlation_on_stable_channel,D,09,"{'y_start': 761, 'y_stop': 2831, 'x_start': 0, 'x_stop': 1756}"
D09,PLD3_TMEM106B_no_mCherry,16,488nm Binned,0.0,-1111.9,0.006985472798173993,-0.002442375246365902,0.6123082287308228,0.9999999999999939,True,phase_cross_correlation_on_stable_channel,D,09,"{'y_start': 761, 'y_stop': 2831, 'x_start': 0, 'x_stop': 1756}"
D09,PLD3_TMEM106B_no_mCherry,20,488nm Binned,735.7,0.0,-0.00261892369882702,0.004186212543631404,0.7434797768479777,0.999999999999983,True,phase_cross_correlation_on_stable_channel,D,09,"{'y_start': 761, 'y_stop': 2831, 'x_start': 0, 'x_stop': 1756}"
D09,PLD3_TMEM106B_no_mCherry,25,488nm Binned,613.8,0.0,0.0005596463429735723,-0.0012445412565605105,0.7859832635983263,0.9999999999999823,True,phase_cross_correlation_on_stable_channel,D,09,"{'y_start': 761, 'y_stop': 2831, 'x_start': 0, 'x_stop': 1756}"
D09,PLD3_TMEM106B_no_mCherry,29,488nm Binned,-36.8,0.0,0.010589310658018821,0.004617762457978278,0.9871687587168758,0.999999999999973,True,phase_cross_correlation_on_stable_channel,D,09,"{'y_start': 761, 'y_stop': 2831, 'x_start': 0, 'x_stop': 1756}"
D09,PLD3_TMEM106B_no_mCherry,32,488nm Binned,760.4,0.0,0.0022557537105174666,-0.004033053414887789,0.7348675034867503,0.9999999999999827,True,phase_cross_correlation_on_stable_channel,D,09,"{'y_start': 761, 'y_stop': 2831, 'x_start': 0, 'x_stop': 1756}"
D09,PLD3_TMEM106B_no_mCherry,36,488nm Binned,724.4,0.0,0.002072027751740115,-0.003994424691353899,0.7474198047419804,0.99999999999998,True,phase_cross_correlation_on_stable_channel,D,09,"{'y_start': 761, 'y_stop': 2831, 'x_start': 0, 'x_stop': 1756}"
D09,PLD3_TMEM106B_no_mCherry,39,488nm Binned,633.5,0.0,0.011093073535949544,-0.005413362579840543,0.7791143654114365,0.9999999999999852,True,phase_cross_correlation_on_stable_channel,D,09,"{'y_start': 761, 'y_stop': 2831, 'x_start': 0, 'x_stop': 1756}"
D12,PLD3_TMEM106B_no_mCherry,8,488nm Binned,0.0,0.0,1.0,1.0,1.0,0.0,True,reference_timepoint,D,12,"{'y_start': 0, 'y_stop': 1907, 'x_start': 1197, 'x_stop': 1907}"
D12,PLD3_TMEM106B_no_mCherry,12,488nm Binned,0.0,-961.0,0.009360051812712593,0.005203804581065619,0.6649232914923291,0.9999999999999922,True,phase_cross_correlation_on_stable_channel,D,12,"{'y_start': 0, 'y_stop': 1907, 'x_start': 1197, 'x_stop': 1907}"
D12,PLD3_TMEM106B_no_mCherry,16,488nm Binned,0.0,375.2,0.008559348179270888,0.002648013994438624,0.8691771269177128,0.9999999999999905,True,phase_cross_correlation_on_stable_channel,D,12,"{'y_start': 0, 'y_stop': 1907, 'x_start': 1197, 'x_stop': 1907}"
D12,PLD3_TMEM106B_no_mCherry,20,488nm Binned,-961.0,0.0,0.001232436853709091,0.005838393226669965,0.6649232914923291,0.9999999999999912,True,phase_cross_correlation_on_stable_channel,D,12,"{'y_start': 0, 'y_stop': 1907, 'x_start': 1197, 'x_stop': 1907}"
D12,PLD3_TMEM106B_no_mCherry,25,488nm Binned,0.0,1044.8,0.011386003859110127,-0.000546348232827805,0.6357043235704324,0.9999999999999898,True,phase_cross_correlation_on_stable_channel,D,12,"{'y_start': 0, 'y_stop': 1907, 'x_start': 1197, 'x_stop': 1907}"
D12,PLD3_TMEM106B_no_mCherry,29,488nm Binned,0.0,-946.9,0.013183953548823157,0.010340270025684613,0.6698396094839609,0.9999999999999883,True,phase_cross_correlation_on_stable_channel,D,12,"{'y_start': 0, 'y_stop': 1907, 'x_start': 1197, 'x_stop': 1907}"
D12,PLD3_TMEM106B_no_mCherry,32,488nm Binned,0.0,1196.4,0.005818482432898642,-0.0052650657227258,0.5828451882845188,0.9999999999999867,True,phase_cross_correlation_on_stable_channel,D,12,"{'y_start': 0, 'y_stop': 1907, 'x_start': 1197, 'x_stop': 1907}"
D12,PLD3_TMEM106B_no_mCherry,36,488nm Binned,0.0,-109.0,-0.0001746127644171789,-0.0014906121946358809,0.9619944211994421,0.9999999999999916,True,phase_cross_correlation_on_stable_channel,D,12,"{'y_start': 0, 'y_stop': 1907, 'x_start': 1197, 'x_stop': 1907}"
D12,PLD3_TMEM106B_no_mCherry,39,488nm Binned,0.0,810.7,-0.0064854480220902875,-0.0013297884296453082,0.717329149232915,0.9999999999999921,True,phase_cross_correlation_on_stable_channel,D,12,"{'y_start': 0, 'y_stop': 1907, 'x_start': 1197, 'x_stop': 1907}"
D16,PLD3_TMEM106B_no_mCherry,8,488nm Binned,0.0,0.0,1.0,1.0,1.0,0.0,True,reference_timepoint,D,16,"{'y_start': 1187, 'y_stop': 2309, 'x_start': 1222, 'x_stop': 2625}"
D16,PLD3_TMEM106B_no_mCherry,12,488nm Binned,0.0,211.6,0.0019290529948029905,0.0033026439876154483,0.9262203626220363,0.9999999999999895,True,phase_cross_correlation_on_stable_channel,D,16,"{'y_start': 1187, 'y_stop': 2309, 'x_start': 1222, 'x_stop': 2625}"
D16,PLD3_TMEM106B_no_mCherry,16,488nm Binned,0.0,1221.7,0.00884645672837266,0.008206925879662425,0.574023709902371,0.9999999999999732,True,phase_cross_correlation_on_stable_channel,D,16,"{'y_start': 1187, 'y_stop': 2309, 'x_start': 1222, 'x_stop': 2625}"
D16,PLD3_TMEM106B_no_mCherry,20,488nm Binned,0.0,1132.3,-0.003042773663213005,0.00020259020420205023,0.6051952580195259,0.9999999999999823,True,phase_cross_correlation_on_stable_channel,D,16,"{'y_start': 1187, 'y_stop': 2309, 'x_start': 1222, 'x_stop': 2625}"
D16,PLD3_TMEM106B_no_mCherry,25,488nm Binned,0.0,913.9,0.0007738656841663562,0.00029454267700092506,0.6813458856345885,0.9999999999999853,True,phase_cross_correlation_on_stable_channel,D,16,"{'y_start': 1187, 'y_stop': 2309, 'x_start': 1222, 'x_stop': 2625}"
D16,PLD3_TMEM106B_no_mCherry,29,488nm Binned,0.0,-242.2,0.008082560065169256,0.0013529597077993909,0.9155509065550907,0.9999999999999839,True,phase_cross_correlation_on_stable_channel,D,16,"{'y_start': 1187, 'y_stop': 2309, 'x_start': 1222, 'x_stop': 2625}"
D16,PLD3_TMEM106B_no_mCherry,32,488nm Binned,1186.1,0.0,0.006673822019623203,-0.0017525804606472236,0.5864365411436542,0.9999999999999771,True,phase_cross_correlation_on_stable_channel,D,16,"{'y_start': 1187, 'y_stop': 2309, 'x_start': 1222, 'x_stop': 2625}"
D16,PLD3_TMEM106B_no_mCherry,36,488nm Binned,0.0,860.0,0.003859612773250983,-0.0021911678508884083,0.700139470013947,0.9999999999999886,True,phase_cross_correlation_on_stable_channel,D,16,"{'y_start': 1187, 'y_stop': 2309, 'x_start': 1222, 'x_stop': 2625}"
D16,PLD3_TMEM106B_no_mCherry,39,488nm Binned,-558.8,0.0,-0.0030652972579134556,0.00847702880373899,0.805160390516039,0.9999999999999875,True,phase_cross_correlation_on_stable_channel,D,16,"{'y_start': 1187, 'y_stop': 2309, 'x_start': 1222, 'x_stop': 2625}"
D11,PLD3_TMEM106B_no_mCherry,8,488nm Binned,0.0,0.0,1.0,1.0,1.0,0.0,True,reference_timepoint,D,11,"{'y_start': 473, 'y_stop': 2105, 'x_start': 981, 'x_stop': 2340}"
D11,PLD3_TMEM106B_no_mCherry,12,488nm Binned,0.0,26.5,0.0018687945713569052,0.0034331693519154853,0.9907601115760112,0.9999999999999905,True,phase_cross_correlation_on_stable_channel,D,11,"{'y_start': 473, 'y_stop': 2105, 'x_start': 981, 'x_stop': 2340}"
D11,PLD3_TMEM106B_no_mCherry,16,488nm Binned,-762.3,0.0,0.013239761621413904,-0.006243123390088588,0.734205020920502,0.9999999999999788,True,phase_cross_correlation_on_stable_channel,D,11,"{'y_start': 473, 'y_stop': 2105, 'x_start': 981, 'x_stop': 2340}"
D11,PLD3_TMEM106B_no_mCherry,20,488nm Binned,-484.5,0.0,-0.0003475394701412972,-0.0036429621933612606,0.8310669456066946,0.9999999999999575,True,phase_cross_correlation_on_stable_channel,D,11,"{'y_start': 473, 'y_stop': 2105, 'x_start': 981, 'x_stop': 2340}"
D11,PLD3_TMEM106B_no_mCherry,25,488nm Binned,472.3,0.0,0.005946327930335098,0.0017604293735440373,0.8353207810320781,0.9999999999999647,True,phase_cross_correlation_on_stable_channel,D,11,"{'y_start': 473, 'y_stop': 2105, 'x_start': 981, 'x_stop': 2340}"
D11,PLD3_TMEM106B_no_mCherry,29,488nm Binned,-257.8,0.0,0.028736138146363107,0.005284490878493491,0.9101115760111576,0.9999999999999616,True,phase_cross_correlation_on_stable_channel,D,11,"{'y_start': 473, 'y_stop': 2105, 'x_start': 981, 'x_stop': 2340}"
D11,PLD3_TMEM106B_no_mCherry,32,488nm Binned,-505.7,0.0,0.013250507954793466,-0.006697518086222452,0.8236750348675035,0.9999999999999902,True,phase_cross_correlation_on_stable_channel,D,11,"{'y_start': 473, 'y_stop': 2105, 'x_start': 981, 'x_stop': 2340}"
D11,PLD3_TMEM106B_no_mCherry,36,488nm Binned,0.0,980.8,0.0038724689441433442,0.006930479787859814,0.6580195258019527,0.9999999999999949,True,phase_cross_correlation_on_stable_channel,D,11,"{'y_start': 473, 'y_stop': 2105, 'x_start': 981, 'x_stop': 2340}"
D11,PLD3_TMEM106B_no_mCherry,39,488nm Binned,0.0,-527.7,-0.0027442504384354756,-0.001330151964453837,0.8160041841004184,0.9999999999999869,True,phase_cross_correlation_on_stable_channel,D,11,"{'y_start': 473, 'y_stop': 2105, 'x_start': 981, 'x_stop': 2340}"
D13,PLD3_TMEM106B_no_mCherry,8,488nm Binned,0.0,0.0,1.0,1.0,1.0,0.0,True,reference_timepoint,D,13,"{'y_start': 1067, 'y_stop': 1459, 'x_start': 962, 'x_stop': 2868}"
D13,PLD3_TMEM106B_no_mCherry,12,488nm Binned,-40.1,0.0,0.0037779716078696003,-0.0007840920864637575,0.9860181311018131,0.9999999999999774,True,phase_cross_correlation_on_stable_channel,D,13,"{'y_start': 1067, 'y_stop': 1459, 'x_start': 962, 'x_stop': 2868}"
D13,PLD3_TMEM106B_no_mCherry,16,488nm Binned,-522.8,0.0,0.008392365727566357,0.003661441371652571,0.8177126917712692,0.999999999999982,True,phase_cross_correlation_on_stable_channel,D,13,"{'y_start': 1067, 'y_stop': 1459, 'x_start': 962, 'x_stop': 2868}"
D13,PLD3_TMEM106B_no_mCherry,20,488nm Binned,0.0,0.0,0.003866965055155117,0.003866965055155117,1.0,0.9999999999999641,True,phase_cross_correlation_on_stable_channel,D,13,"{'y_start': 1067, 'y_stop': 1459, 'x_start': 962, 'x_stop': 2868}"
D13,PLD3_TMEM106B_no_mCherry,25,488nm Binned,-320.7,0.0,0.0030509130681011325,0.0043349277522987785,0.8881799163179916,0.9999999999999898,True,phase_cross_correlation_on_stable_channel,D,13,"{'y_start': 1067, 'y_stop': 1459, 'x_start': 962, 'x_stop': 2868}"
D13,PLD3_TMEM106B_no_mCherry,29,488nm Binned,470.5,0.0,0.02191291283990411,0.0019819129413424347,0.8359483960948396,0.9999999999999719,True,phase_cross_correlation_on_stable_channel,D,13,"{'y_start': 1067, 'y_stop': 1459, 'x_start': 962, 'x_stop': 2868}"
D13,PLD3_TMEM106B_no_mCherry,32,488nm Binned,0.0,962.0,-0.0008644650858649678,0.009355316851942989,0.6645746164574616,0.9999999999999913,True,phase_cross_correlation_on_stable_channel,D,13,"{'y_start': 1067, 'y_stop': 1459, 'x_start': 962, 'x_stop': 2868}"
D13,PLD3_TMEM106B_no_mCherry,36,488nm Binned,1066.2,0.0,-0.004063352449140841,0.0021159206456392546,0.6282426778242677,0.999999999999989,True,phase_cross_correlation_on_stable_channel,D,13,"{'y_start': 1067, 'y_stop': 1459, 'x_start': 962, 'x_stop': 2868}"
D13,PLD3_TMEM106B_no_mCherry,39,488nm Binned,-1408.2,0.0,0.001620362209148179,0.00930906208208475,0.5089958158995815,0.9999999999999927,True,phase_cross_correlation_on_stable_channel,D,13,"{'y_start': 1067, 'y_stop': 1459, 'x_start': 962, 'x_stop': 2868}"
D10,PLD3_TMEM106B_no_mCherry,8,488nm Binned,0.0,0.0,1.0,1.0,1.0,0.0,True,reference_timepoint,D,10,"{'y_start': 470, 'y_stop': 2006, 'x_start': 0, 'x_stop': 2616}"
D10,PLD3_TMEM106B_no_mCherry,12,488nm Binned,38.6,0.0,0.002017560286437706,-0.004559260144760049,0.9865411436541144,0.9999999999999756,True,phase_cross_correlation_on_stable_channel,D,10,"{'y_start': 470, 'y_stop': 2006, 'x_start': 0, 'x_stop': 2616}"
D10,PLD3_TMEM106B_no_mCherry,16,488nm Binned,90.7,0.0,0.01273280189953699,0.0054998000795864815,0.9683751743375175,0.9999999999999812,True,phase_cross_correlation_on_stable_channel,D,10,"{'y_start': 470, 'y_stop': 2006, 'x_start': 0, 'x_stop': 2616}"
D10,PLD3_TMEM106B_no_mCherry,20,488nm Binned,-861.7,0.0,-0.0029788681922998154,0.0054426808838249794,0.6995467224546722,0.9999999999999605,True,phase_cross_correlation_on_stable_channel,D,10,"{'y_start': 470, 'y_stop': 2006, 'x_start': 0, 'x_stop': 2616}"
D10,PLD3_TMEM106B_no_mCherry,25,488nm Binned,469.4,0.0,0.002173741202222778,-0.005281028756292798,0.8363319386331939,0.9999999999999784,True,phase_cross_correlation_on_stable_channel,D,10,"{'y_start': 470, 'y_stop': 2006, 'x_start': 0, 'x_stop': 2616}"
D10,PLD3_TMEM106B_no_mCherry,29,488nm Binned,0.0,-251.8,0.017371576903680724,0.00471081479432971,0.9122036262203626,0.9999999999999871,True,phase_cross_correlation_on_stable_channel,D,10,"{'y_start': 470, 'y_stop': 2006, 'x_start': 0, 'x_stop': 2616}"
D10,PLD3_TMEM106B_no_mCherry,32,488nm Binned,-68.1,0.0,-0.0001725472518603805,-0.0038735204671449994,0.9762552301255231,0.9999999999999625,True,phase_cross_correlation_on_stable_channel,D,10,"{'y_start': 470, 'y_stop': 2006, 'x_start': 0, 'x_stop': 2616}"
D10,PLD3_TMEM106B_no_mCherry,36,488nm Binned,0.0,-94.1,0.00805640479178909,0.0030098374905891787,0.9671896792189679,0.9999999999999926,True,phase_cross_correlation_on_stable_channel,D,10,"{'y_start': 470, 'y_stop': 2006, 'x_start': 0, 'x_stop': 2616}"
D10,PLD3_TMEM106B_no_mCherry,39,488nm Binned,454.6,0.0,0.003958976481659568,-0.00011321018905324885,0.8414923291492329,0.9999999999999791,True,phase_cross_correlation_on_stable_channel,D,10,"{'y_start': 470, 'y_stop': 2006, 'x_start': 0, 'x_stop': 2616}"
D15,PLD3_TMEM106B_no_mCherry,8,488nm Binned,0.0,0.0,1.0,1.0,1.0,0.0,True,reference_timepoint,D,15,"{'y_start': 0, 'y_stop': 1489, 'x_start': 758, 'x_stop': 1878}"
D15,PLD3_TMEM106B_no_mCherry,12,488nm Binned,0.0,757.8,0.020741632483196302,0.00743422495205924,0.7357740585774059,0.9999999999999889,True,phase_cross_correlation_on_stable_channel,D,15,"{'y_start': 0, 'y_stop': 1489, 'x_start': 758, 'x_stop': 1878}"
D15,PLD3_TMEM106B_no_mCherry,16,488nm Binned,0.0,408.9,0.0038233521210370436,0.006543232846695768,0.8574267782426778,0.9999999999999866,True,phase_cross_correlation_on_stable_channel,D,15,"{'y_start': 0, 'y_stop': 1489, 'x_start': 758, 'x_stop': 1878}"
D15,PLD3_TMEM106B_no_mCherry,20,488nm Binned,0.0,-363.6,0.010723321788367041,0.0024514579327347854,0.8732217573221758,0.9999999999999906,True,phase_cross_correlation_on_stable_channel,D,15,"{'y_start': 0, 'y_stop': 1489, 'x_start': 758, 'x_stop': 1878}"
D15,PLD3_TMEM106B_no_mCherry,25,488nm Binned,0.0,-990.0,0.005195690999545289,-0.00014750416899283152,0.6548117154811716,0.9999999999999861,True,phase_cross_correlation_on_stable_channel,D,15,"{'y_start': 0, 'y_stop': 1489, 'x_start': 758, 'x_stop': 1878}"
D15,PLD3_TMEM106B_no_mCherry,29,488nm Binned,-1378.2,0.0,0.017361079627355124,-0.007486646408024411,0.5194560669456066,0.9999999999999866,True,phase_cross_correlation_on_stable_channel,D,15,"{'y_start': 0, 'y_stop': 1489, 'x_start': 758, 'x_stop': 1878}"
D15,PLD3_TMEM106B_no_mCherry,32,488nm Binned,0.0,557.7,0.014847679907787842,2.3274965916097816e-05,0.8055439330543933,0.9999999999999928,True,phase_cross_correlation_on_stable_channel,D,15,"{'y_start': 0, 'y_stop': 1489, 'x_start': 758, 'x_stop': 1878}"
D15,PLD3_TMEM106B_no_mCherry,36,488nm Binned,0.0,-634.4,0.0032888718140697696,-0.00636582837950393,0.7788005578800558,0.9999999999999969,True,phase_cross_correlation_on_stable_channel,D,15,"{'y_start': 0, 'y_stop': 1489, 'x_start': 758, 'x_stop': 1878}"
D15,PLD3_TMEM106B_no_mCherry,39,488nm Binned,-570.9,0.0,0.0009366711577018751,-0.011580010967987794,0.8009414225941422,0.9999999999999905,True,phase_cross_correlation_on_stable_channel,D,15,"{'y_start': 0, 'y_stop': 1489, 'x_start': 758, 'x_stop': 1878}"
D14,PLD3_TMEM106B_no_mCherry,8,488nm Binned,0.0,0.0,1.0,1.0,1.0,0.0,True,reference_timepoint,D,14,"{'y_start': 0, 'y_stop': 2042, 'x_start': 454, 'x_stop': 1735}"
D14,PLD3_TMEM106B_no_mCherry,12,488nm Binned,0.0,454.0,0.007123699832040052,-0.001535886680944675,0.8417015341701534,0.9999999999999897,True,phase_cross_correlation_on_stable_channel,D,14,"{'y_start': 0, 'y_stop': 2042, 'x_start': 454, 'x_stop': 1735}"
D14,PLD3_TMEM106B_no_mCherry,16,488nm Binned,0.0,-1132.5,0.012008647790360875,0.006470190190690915,0.6051255230125523,0.9999999999999886,True,phase_cross_correlation_on_stable_channel,D,14,"{'y_start': 0, 'y_stop': 2042, 'x_start': 454, 'x_stop': 1735}"
D14,PLD3_TMEM106B_no_mCherry,20,488nm Binned,0.0,-331.8,0.0004336376526179304,0.001440323093273519,0.8843096234309623,0.999999999999978,True,phase_cross_correlation_on_stable_channel,D,14,"{'y_start': 0, 'y_stop': 2042, 'x_start': 454, 'x_stop': 1735}"
D14,PLD3_TMEM106B_no_mCherry,25,488nm Binned,-825.4,0.0,0.006888363725315137,-0.0007053280360721036,0.7122036262203626,0.9999999999999858,True,phase_cross_correlation_on_stable_channel,D,14,"{'y_start': 0, 'y_stop': 2042, 'x_start': 454, 'x_stop': 1735}"
D14,PLD3_TMEM106B_no_mCherry,29,488nm Binned,-290.3,0.0,0.006617152332273178,-0.0033185546286450527,0.8987796373779637,0.9999999999999845,True,phase_cross_correlation_on_stable_channel,D,14,"{'y_start': 0, 'y_stop': 2042, 'x_start': 454, 'x_stop': 1735}"
D14,PLD3_TMEM106B_no_mCherry,32,488nm Binned,-256.0,0.0,-7.425618761439745e-05,0.010821659509229831,0.9107391910739191,0.999999999999983,True,phase_cross_correlation_on_stable_channel,D,14,"{'y_start': 0, 'y_stop': 2042, 'x_start': 454, 'x_stop': 1735}"
D14,PLD3_TMEM106B_no_mCherry,36,488nm Binned,-114.1,0.0,0.0019572308862571782,-0.0032571657992041233,0.9602161785216179,0.9999999999999705,True,phase_cross_correlation_on_stable_channel,D,14,"{'y_start': 0, 'y_stop': 2042, 'x_start': 454, 'x_stop': 1735}"
D14,PLD3_TMEM106B_no_mCherry,39,488nm Binned,-799.7,0.0,0.0017435441316804316,-0.005892983103117093,0.7211645746164576,0.9999999999999861,True,phase_cross_correlation_on_stable_channel,D,14,"{'y_start': 0, 'y_stop': 2042, 'x_start': 454, 'x_stop': 1735}"
D18,PLD3_TMEM106B_no_mCherry,8,488nm Binned,0.0,0.0,1.0,1.0,1.0,0.0,True,reference_timepoint,D,18,"{'y_start': 516, 'y_stop': 2868, 'x_start': 1292, 'x_stop': 1757}"
D18,PLD3_TMEM106B_no_mCherry,12,488nm Binned,0.0,571.7,0.013325102327115451,0.010137454700956004,0.8006624825662483,0.9999999999999747,True,phase_cross_correlation_on_stable_channel,D,18,"{'y_start': 516, 'y_stop': 2868, 'x_start': 1292, 'x_stop': 1757}"
D18,PLD3_TMEM106B_no_mCherry,16,488nm Binned,0.0,1056.7,0.004770246004446812,0.007531138444764372,0.631555090655509,0.9999999999999815,True,phase_cross_correlation_on_stable_channel,D,18,"{'y_start': 516, 'y_stop': 2868, 'x_start': 1292, 'x_stop': 1757}"
D18,PLD3_TMEM106B_no_mCherry,20,488nm Binned,0.0,1291.3,0.006848542797664535,0.005519769271312088,0.5497559274755928,0.9999999999999764,True,phase_cross_correlation_on_stable_channel,D,18,"{'y_start': 516, 'y_stop': 2868, 'x_start': 1292, 'x_stop': 1757}"
D18,PLD3_TMEM106B_no_mCherry,25,488nm Binned,516.0,0.0,0.00894659994234367,-0.004385155249211094,0.8200836820083682,0.999999999999978,True,phase_cross_correlation_on_stable_channel,D,18,"{'y_start': 516, 'y_stop': 2868, 'x_start': 1292, 'x_stop': 1757}"
D18,PLD3_TMEM106B_no_mCherry,29,488nm Binned,0.0,-1110.6,0.004514498283182529,0.004207069218816896,0.6127615062761507,0.9999999999999674,True,phase_cross_correlation_on_stable_channel,D,18,"{'y_start': 516, 'y_stop': 2868, 'x_start': 1292, 'x_stop': 1757}"
D18,PLD3_TMEM106B_no_mCherry,32,488nm Binned,337.8,0.0,0.0041500379193993905,-0.001415662582114955,0.8822175732217573,0.9999999999999686,True,phase_cross_correlation_on_stable_channel,D,18,"{'y_start': 516, 'y_stop': 2868, 'x_start': 1292, 'x_stop': 1757}"
D18,PLD3_TMEM106B_no_mCherry,36,488nm Binned,11.0,0.0,0.0034347873537412883,0.0012958210674482529,0.9961645746164575,0.9999999999999768,True,phase_cross_correlation_on_stable_channel,D,18,"{'y_start': 516, 'y_stop': 2868, 'x_start': 1292, 'x_stop': 1757}"
D18,PLD3_TMEM106B_no_mCherry,39,488nm Binned,0.0,-1073.1,0.006154627491108729,-0.002938641211894548,0.625836820083682,0.9999999999999853,True,phase_cross_correlation_on_stable_channel,D,18,"{'y_start': 516, 'y_stop': 2868, 'x_start': 1292, 'x_stop': 1757}"
D17,PLD3_TMEM106B_no_mCherry,8,488nm Binned,0.0,0.0,1.0,1.0,1.0,0.0,True,reference_timepoint,D,17,"{'y_start': 430, 'y_stop': 2259, 'x_start': 991, 'x_stop': 2223}"
D17,PLD3_TMEM106B_no_mCherry,12,488nm Binned,-608.4,0.0,0.009929449574338561,0.01156546141439187,0.7878661087866109,0.9999999999999786,True,phase_cross_correlation_on_stable_channel,D,17,"{'y_start': 430, 'y_stop': 2259, 'x_start': 991, 'x_stop': 2223}"
D17,PLD3_TMEM106B_no_mCherry,16,488nm Binned,0.0,990.2,0.01528759421760716,0.01769209671582336,0.654741980474198,0.9999999999999605,True,phase_cross_correlation_on_stable_channel,D,17,"{'y_start': 430, 'y_stop': 2259, 'x_start': 991, 'x_stop': 2223}"
D17,PLD3_TMEM106B_no_mCherry,20,488nm Binned,0.0,-385.2,0.005483016401850681,5.697686023792758e-05,0.8656903765690377,0.9999999999999701,True,phase_cross_correlation_on_stable_channel,D,17,"{'y_start': 430, 'y_stop': 2259, 'x_start': 991, 'x_stop': 2223}"
D17,PLD3_TMEM106B_no_mCherry,25,488nm Binned,0.0,-644.3,0.006379072525829707,-0.01392568720634305,0.7753486750348675,0.9999999999999848,True,phase_cross_correlation_on_stable_channel,D,17,"{'y_start': 430, 'y_stop': 2259, 'x_start': 991, 'x_stop': 2223}"
D17,PLD3_TMEM106B_no_mCherry,29,488nm Binned,429.2,0.0,0.020590237923149516,-0.0011846736536889524,0.8503486750348676,0.9999999999999714,True,phase_cross_correlation_on_stable_channel,D,17,"{'y_start': 430, 'y_stop': 2259, 'x_start': 991, 'x_stop': 2223}"
D17,PLD3_TMEM106B_no_mCherry,32,488nm Binned,-44.6,0.0,0.005926691752994339,0.010472244606437388,0.9844490934449094,0.9999999999999849,True,phase_cross_correlation_on_stable_channel,D,17,"{'y_start': 430, 'y_stop': 2259, 'x_start': 991, 'x_stop': 2223}"
D17,PLD3_TMEM106B_no_mCherry,36,488nm Binned,0.0,580.7,0.006058840366318766,0.01221639905936376,0.7975244072524408,0.99999999999997,True,phase_cross_correlation_on_stable_channel,D,17,"{'y_start': 430, 'y_stop': 2259, 'x_start': 991, 'x_stop': 2223}"
D17,PLD3_TMEM106B_no_mCherry,39,488nm Binned,0.0,-508.5,0.0017814955298566608,-0.008788955530007683,0.8226987447698745,0.9999999999999802,True,phase_cross_correlation_on_stable_channel,D,17,"{'y_start': 430, 'y_stop': 2259, 'x_start': 991, 'x_stop': 2223}"
D19,PLD3_TMEM106B_no_mCherry,8,488nm Binned,0.0,0.0,1.0,1.0,1.0,0.0,True,reference_timepoint,D,19,"{'y_start': 869, 'y_stop': 2148, 'x_start': 1086, 'x_stop': 2865}"
D19,PLD3_TMEM106B_no_mCherry,12,488nm Binned,516.2,0.0,7.970570123200367e-05,0.005740086285130849,0.8200139470013947,0.9999999999999684,True,phase_cross_correlation_on_stable_channel,D,19,"{'y_start': 869, 'y_stop': 2148, 'x_start': 1086, 'x_stop': 2865}"
D19,PLD3_TMEM106B_no_mCherry,16,488nm Binned,0.0,289.1,0.005058807907788731,0.006559049909102412,0.8991980474198048,0.9999999999999886,True,phase_cross_correlation_on_stable_channel,D,19,"{'y_start': 869, 'y_stop': 2148, 'x_start': 1086, 'x_stop': 2865}"
D19,PLD3_TMEM106B_no_mCherry,20,488nm Binned,-719.2,0.0,0.0027887641095211933,-0.008289483020903723,0.7492329149232916,0.9999999999999768,True,phase_cross_correlation_on_stable_channel,D,19,"{'y_start': 869, 'y_stop': 2148, 'x_start': 1086, 'x_stop': 2865}"
D19,PLD3_TMEM106B_no_mCherry,25,488nm Binned,102.2,0.0,0.0028771685407407827,0.10564717162036305,0.9643654114365412,0.9999999999999778,True,phase_cross_correlation_on_stable_channel,D,19,"{'y_start': 869, 'y_stop': 2148, 'x_start': 1086, 'x_stop': 2865}"
D19,PLD3_TMEM106B_no_mCherry,29,488nm Binned,868.2,0.0,0.01643799341167766,0.006452535759637572,0.6972803347280334,0.9999999999999897,True,phase_cross_correlation_on_stable_channel,D,19,"{'y_start': 869, 'y_stop': 2148, 'x_start': 1086, 'x_stop': 2865}"
D19,PLD3_TMEM106B_no_mCherry,32,488nm Binned,0.0,1085.8,0.00256439331549299,-0.0012801150184365271,0.6214086471408647,0.9999999999999912,True,phase_cross_correlation_on_stable_channel,D,19,"{'y_start': 869, 'y_stop': 2148, 'x_start': 1086, 'x_stop': 2865}"
D19,PLD3_TMEM106B_no_mCherry,36,488nm Binned,0.0,453.3,-0.00310800312688291,0.0024830907478923295,0.8419456066945606,0.9999999999999868,True,phase_cross_correlation_on_stable_channel,D,19,"{'y_start': 869, 'y_stop': 2148, 'x_start': 1086, 'x_stop': 2865}"
D19,PLD3_TMEM106B_no_mCherry,39,488nm Binned,0.0,-2.2,-0.005265868349637268,-0.004082389223558687,0.9992329149232916,0.9999999999999889,True,phase_cross_correlation_on_stable_channel,D,19,"{'y_start': 869, 'y_stop': 2148, 'x_start': 1086, 'x_stop': 2865}"
D20,PLD3_TMEM106B_no_mCherry,8,488nm Binned,0.0,0.0,1.0,1.0,1.0,0.0,True,reference_timepoint,D,20,"{'y_start': 0, 'y_stop': 1775, 'x_start': 969, 'x_stop': 1670}"
D20,PLD3_TMEM106B_no_mCherry,12,488nm Binned,-968.5,0.0,0.005307358497239086,0.001982801444984137,0.6623082287308228,0.9999999999999818,True,phase_cross_correlation_on_stable_channel,D,20,"{'y_start': 0, 'y_stop': 1775, 'x_start': 969, 'x_stop': 1670}"
D20,PLD3_TMEM106B_no_mCherry,16,488nm Binned,-215.0,0.0,-0.0013174523246446874,0.004992021109964723,0.9250348675034867,0.9999999999999912,True,phase_cross_correlation_on_stable_channel,D,20,"{'y_start': 0, 'y_stop': 1775, 'x_start': 969, 'x_stop': 1670}"
D20,PLD3_TMEM106B_no_mCherry,20,488nm Binned,-174.3,0.0,0.005807555887090849,0.007334205522861726,0.9392259414225941,0.9999999999999708,True,phase_cross_correlation_on_stable_channel,D,20,"{'y_start': 0, 'y_stop': 1775, 'x_start': 969, 'x_stop': 1670}"
D20,PLD3_TMEM106B_no_mCherry,25,488nm Binned,-1092.5,0.0,0.008882242371104633,0.008104937258901598,0.6190725244072525,0.9999999999999508,True,phase_cross_correlation_on_stable_channel,D,20,"{'y_start': 0, 'y_stop': 1775, 'x_start': 969, 'x_stop': 1670}"
D20,PLD3_TMEM106B_no_mCherry,29,488nm Binned,0.0,-1197.7,0.011429024012570928,0.0007428281799000462,0.582391910739191,0.9999999999999901,True,phase_cross_correlation_on_stable_channel,D,20,"{'y_start': 0, 'y_stop': 1775, 'x_start': 969, 'x_stop': 1670}"
D20,PLD3_TMEM106B_no_mCherry,32,488nm Binned,0.0,968.2,-0.004090465492602258,-0.008343320278081795,0.662412831241283,0.9999999999999848,True,phase_cross_correlation_on_stable_channel,D,20,"{'y_start': 0, 'y_stop': 1775, 'x_start': 969, 'x_stop': 1670}"
D20,PLD3_TMEM106B_no_mCherry,36,488nm Binned,-911.3,0.0,0.0012718821975177502,0.010973341880462895,0.6822524407252442,0.9999999999999213,True,phase_cross_correlation_on_stable_channel,D,20,"{'y_start': 0, 'y_stop': 1775, 'x_start': 969, 'x_stop': 1670}"
D20,PLD3_TMEM106B_no_mCherry,39,488nm Binned,-255.3,0.0,-0.0035664847053425114,0.001689393949872814,0.9109832635983263,0.9999999999999419,True,phase_cross_correlation_on_stable_channel,D,20,"{'y_start': 0, 'y_stop': 1775, 'x_start': 969, 'x_stop': 1670}"
E09,PLD3_mCherry_reporter_control,8,488nm Binned,0.0,0.0,1.0,1.0,1.0,0.0,True,reference_timepoint,E,09,"{'y_start': 1395, 'y_stop': 1774, 'x_start': 777, 'x_stop': 1598}"
E09,PLD3_mCherry_reporter_control,12,488nm Binned,0.0,-357.2,-0.0033306572201409527,0.006356225665577408,0.8754532775453278,0.9999999999999654,True,phase_cross_correlation_on_stable_channel,E,09,"{'y_start': 1395, 'y_stop': 1774, 'x_start': 777, 'x_stop': 1598}"
E09,PLD3_mCherry_reporter_control,16,488nm Binned,0.0,776.8,0.008379024444248314,-0.0009972665923010276,0.7291492329149233,0.9999999999999755,True,phase_cross_correlation_on_stable_channel,E,09,"{'y_start': 1395, 'y_stop': 1774, 'x_start': 777, 'x_stop': 1598}"
E09,PLD3_mCherry_reporter_control,20,488nm Binned,0.0,191.1,0.002562073749422285,-0.004367519428943567,0.9333682008368201,0.9999999999999876,True,phase_cross_correlation_on_stable_channel,E,09,"{'y_start': 1395, 'y_stop': 1774, 'x_start': 777, 'x_stop': 1598}"
E09,PLD3_mCherry_reporter_control,25,488nm Binned,0.0,-1269.1,0.0038409623397742364,0.003410468221394291,0.5574965132496513,0.9999999999999807,True,phase_cross_correlation_on_stable_channel,E,09,"{'y_start': 1395, 'y_stop': 1774, 'x_start': 777, 'x_stop': 1598}"
E09,PLD3_mCherry_reporter_control,29,488nm Binned,1394.5,0.0,0.010864282966385967,0.0019313863151538748,0.5137726638772664,0.9999999999999867,True,phase_cross_correlation_on_stable_channel,E,09,"{'y_start': 1395, 'y_stop': 1774, 'x_start': 777, 'x_stop': 1598}"
E09,PLD3_mCherry_reporter_control,32,488nm Binned,0.0,-742.9,0.007090699238157838,0.008092103727880088,0.7409693165969317,0.9999999999999878,True,phase_cross_correlation_on_stable_channel,E,09,"{'y_start': 1395, 'y_stop': 1774, 'x_start': 777, 'x_stop': 1598}"
E09,PLD3_mCherry_reporter_control,36,488nm Binned,-1093.2,0.0,-0.0030050363133274785,0.0043503971799690655,0.6188284518828451,0.9999999999999986,True,phase_cross_correlation_on_stable_channel,E,09,"{'y_start': 1395, 'y_stop': 1774, 'x_start': 777, 'x_stop': 1598}"
E09,PLD3_mCherry_reporter_control,39,488nm Binned,0.0,-852.9,0.015285968519179034,0.0011780939348887364,0.7026150627615062,0.9999999999999907,True,phase_cross_correlation_on_stable_channel,E,09,"{'y_start': 1395, 'y_stop': 1774, 'x_start': 777, 'x_stop': 1598}"
E11,PLD3_mCherry_reporter_control,8,488nm Binned,0.0,0.0,1.0,1.0,1.0,0.0,True,reference_timepoint,E,11,"{'y_start': 972, 'y_stop': 1593, 'x_start': 0, 'x_stop': 1512}"
E11,PLD3_mCherry_reporter_control,12,488nm Binned,-585.0,0.0,-0.0031839633686830777,-0.001893007264916583,0.7960251046025104,0.9999999999999803,True,phase_cross_correlation_on_stable_channel,E,11,"{'y_start': 972, 'y_stop': 1593, 'x_start': 0, 'x_stop': 1512}"
E11,PLD3_mCherry_reporter_control,16,488nm Binned,0.0,-273.3,0.015935559212153692,0.001288293012122132,0.9047071129707113,0.9999999999999699,True,phase_cross_correlation_on_stable_channel,E,11,"{'y_start': 972, 'y_stop': 1593, 'x_start': 0, 'x_stop': 1512}"
E11,PLD3_mCherry_reporter_control,20,488nm Binned,-550.5,0.0,-0.0036770285633728494,-0.007006755085727014,0.8080543933054394,0.999999999999973,True,phase_cross_correlation_on_stable_channel,E,11,"{'y_start': 972, 'y_stop': 1593, 'x_start': 0, 'x_stop': 1512}"
E11,PLD3_mCherry_reporter_control,25,488nm Binned,0.0,-1207.6,0.00571413388578498,0.01984988631750323,0.5789400278940028,0.9999999999999845,True,phase_cross_correlation_on_stable_channel,E,11,"{'y_start': 972, 'y_stop': 1593, 'x_start': 0, 'x_stop': 1512}"
E11,PLD3_mCherry_reporter_control,29,488nm Binned,0.0,-1355.7,0.009996558496540664,0.005412504533644942,0.5273012552301255,0.99999999999998,True,phase_cross_correlation_on_stable_channel,E,11,"{'y_start': 972, 'y_stop': 1593, 'x_start': 0, 'x_stop': 1512}"
E11,PLD3_mCherry_reporter_control,32,488nm Binned,972.0,0.0,0.0039103449392109595,0.0027489556697759135,0.6610878661087866,0.999999999999955,True,phase_cross_correlation_on_stable_channel,E,11,"{'y_start': 972, 'y_stop': 1593, 'x_start': 0, 'x_stop': 1512}"
E11,PLD3_mCherry_reporter_control,36,488nm Binned,-1157.5,0.0,0.00703527014912033,-0.007649763622450903,0.5964086471408647,0.9999999999999781,True,phase_cross_correlation_on_stable_channel,E,11,"{'y_start': 972, 'y_stop': 1593, 'x_start': 0, 'x_stop': 1512}"
E11,PLD3_mCherry_reporter_control,39,488nm Binned,-1274.5,0.0,0.0017070159799918666,-0.006734246382818217,0.5556136680613668,0.9999999999999865,True,phase_cross_correlation_on_stable_channel,E,11,"{'y_start': 972, 'y_stop': 1593, 'x_start': 0, 'x_stop': 1512}"
E10,PLD3_mCherry_reporter_control,8,488nm Binned,0.0,0.0,1.0,1.0,1.0,0.0,True,reference_timepoint,E,10,"{'y_start': 1296, 'y_stop': 2711, 'x_start': 0, 'x_stop': 1512}"
E10,PLD3_mCherry_reporter_control,12,488nm Binned,0.0,-487.7,0.0021515718770592418,-0.00026682564191639064,0.8299511854951186,0.9999999999999786,True,phase_cross_correlation_on_stable_channel,E,10,"{'y_start': 1296, 'y_stop': 2711, 'x_start': 0, 'x_stop': 1512}"
E10,PLD3_mCherry_reporter_control,16,488nm Binned,0.0,-326.8,0.00995022536623036,-0.005183588647396816,0.8860529986052998,0.9999999999999888,True,phase_cross_correlation_on_stable_channel,E,10,"{'y_start': 1296, 'y_stop': 2711, 'x_start': 0, 'x_stop': 1512}"
E10,PLD3_mCherry_reporter_control,20,488nm Binned,1295.6,0.0,0.0003091425246127954,-0.005108412405045906,0.5482566248256625,0.999999999999985,True,phase_cross_correlation_on_stable_channel,E,10,"{'y_start': 1296, 'y_stop': 2711, 'x_start': 0, 'x_stop': 1512}"
E10,PLD3_mCherry_reporter_control,25,488nm Binned,0.0,-1355.9,0.006218454277875549,-0.007403490624357244,0.527231520223152,0.9999999999999841,True,phase_cross_correlation_on_stable_channel,E,10,"{'y_start': 1296, 'y_stop': 2711, 'x_start': 0, 'x_stop': 1512}"
E10,PLD3_mCherry_reporter_control,29,488nm Binned,0.0,-494.3,0.012372908296178238,0.0010745554335956,0.827649930264993,0.9999999999999841,True,phase_cross_correlation_on_stable_channel,E,10,"{'y_start': 1296, 'y_stop': 2711, 'x_start': 0, 'x_stop': 1512}"
E10,PLD3_mCherry_reporter_control,32,488nm Binned,-48.0,0.0,0.005059399948703591,-0.003684364218141442,0.9832635983263598,0.9999999999999541,True,phase_cross_correlation_on_stable_channel,E,10,"{'y_start': 1296, 'y_stop': 2711, 'x_start': 0, 'x_stop': 1512}"
E10,PLD3_mCherry_reporter_control,36,488nm Binned,0.0,-438.0,0.0003336903682183824,-0.0026371540162486848,0.8472803347280334,0.9999999999999716,True,phase_cross_correlation_on_stable_channel,E,10,"{'y_start': 1296, 'y_stop': 2711, 'x_start': 0, 'x_stop': 1512}"
E10,PLD3_mCherry_reporter_control,39,488nm Binned,-156.6,0.0,-0.0018821307858813583,-0.002741280862535147,0.945397489539749,0.9999999999999718,True,phase_cross_correlation_on_stable_channel,E,10,"{'y_start': 1296, 'y_stop': 2711, 'x_start': 0, 'x_stop': 1512}"
E12,PLD3_mCherry_reporter_control,8,488nm Binned,0.0,0.0,1.0,1.0,1.0,0.0,True,reference_timepoint,E,12,"{'y_start': 780, 'y_stop': 1790, 'x_start': 585, 'x_stop': 2868}"
E12,PLD3_mCherry_reporter_control,12,488nm Binned,761.8,0.0,0.00259915489841205,0.0025304255395594993,0.7343793584379358,0.9999999999999799,True,phase_cross_correlation_on_stable_channel,E,12,"{'y_start': 780, 'y_stop': 1790, 'x_start': 585, 'x_stop': 2868}"
E12,PLD3_mCherry_reporter_control,16,488nm Binned,-81.7,0.0,0.005016358433419711,0.00604400146333415,0.971513249651325,0.9999999999999668,True,phase_cross_correlation_on_stable_channel,E,12,"{'y_start': 780, 'y_stop': 1790, 'x_start': 585, 'x_stop': 2868}"
E12,PLD3_mCherry_reporter_control,20,488nm Binned,745.2,0.0,0.006754563413945501,0.003922526462747891,0.7401673640167364,0.999999999999985,True,phase_cross_correlation_on_stable_channel,E,12,"{'y_start': 780, 'y_stop': 1790, 'x_start': 585, 'x_stop': 2868}"
E12,PLD3_mCherry_reporter_control,25,488nm Binned,779.3,0.0,0.008181709139667955,0.005385352990054633,0.7282775453277545,0.9999999999999647,True,phase_cross_correlation_on_stable_channel,E,12,"{'y_start': 780, 'y_stop': 1790, 'x_start': 585, 'x_stop': 2868}"
E12,PLD3_mCherry_reporter_control,29,488nm Binned,0.0,585.0,0.010134551115945833,0.0018868768922721646,0.7960251046025104,0.999999999999993,True,phase_cross_correlation_on_stable_channel,E,12,"{'y_start': 780, 'y_stop': 1790, 'x_start': 585, 'x_stop': 2868}"
E12,PLD3_mCherry_reporter_control,32,488nm Binned,-1073.5,0.0,0.0077561039053651885,-0.012708963753507871,0.625697350069735,0.9999999999999726,True,phase_cross_correlation_on_stable_channel,E,12,"{'y_start': 780, 'y_stop': 1790, 'x_start': 585, 'x_stop': 2868}"
E12,PLD3_mCherry_reporter_control,36,488nm Binned,0.0,488.5,0.00731429366932154,0.0013937548592390394,0.8296722454672245,0.9999999999999941,True,phase_cross_correlation_on_stable_channel,E,12,"{'y_start': 780, 'y_stop': 1790, 'x_start': 585, 'x_stop': 2868}"
E12,PLD3_mCherry_reporter_control,39,488nm Binned,-1077.7,0.0,0.004095980743662149,-0.004664527430191967,0.6242329149232915,0.9999999999999839,True,phase_cross_correlation_on_stable_channel,E,12,"{'y_start': 780, 'y_stop': 1790, 'x_start': 585, 'x_stop': 2868}"
E06,PLD3_mCherry_reporter_control,8,488nm Binned,0.0,0.0,1.0,1.0,1.0,0.0,True,reference_timepoint,E,06,"{'y_start': 73, 'y_stop': 1488, 'x_start': 973, 'x_stop': 2868}"
E06,PLD3_mCherry_reporter_control,12,488nm Binned,0.0,116.8,0.0017143910600515432,0.003573890016291916,0.9592747559274756,0.9999999999999745,True,phase_cross_correlation_on_stable_channel,E,06,"{'y_start': 73, 'y_stop': 1488, 'x_start': 973, 'x_stop': 2868}"
E06,PLD3_mCherry_reporter_control,16,488nm Binned,0.0,437.6,0.01645927227436921,0.0010191752440540534,0.8474198047419805,0.9999999999999891,True,phase_cross_correlation_on_stable_channel,E,06,"{'y_start': 73, 'y_stop': 1488, 'x_start': 973, 'x_stop': 2868}"
E06,PLD3_mCherry_reporter_control,20,488nm Binned,72.9,0.0,0.0003483794003599756,0.0059279555887393875,0.974581589958159,0.9999999999999835,True,phase_cross_correlation_on_stable_channel,E,06,"{'y_start': 73, 'y_stop': 1488, 'x_start': 973, 'x_stop': 2868}"
E06,PLD3_mCherry_reporter_control,25,488nm Binned,0.0,972.5,0.005928357361674178,-0.0008076299290856706,0.6609135285913529,0.9999999999999903,True,phase_cross_correlation_on_stable_channel,E,06,"{'y_start': 73, 'y_stop': 1488, 'x_start': 973, 'x_stop': 2868}"
E06,PLD3_mCherry_reporter_control,29,488nm Binned,0.0,12.4,0.004782619761991552,0.010332736257356106,0.9956764295676429,0.9999999999999927,True,phase_cross_correlation_on_stable_channel,E,06,"{'y_start': 73, 'y_stop': 1488, 'x_start': 973, 'x_stop': 2868}"
E06,PLD3_mCherry_reporter_control,32,488nm Binned,0.0,567.0,0.004618934840984352,-3.9387073592443806e-05,0.8023012552301255,0.9999999999999892,True,phase_cross_correlation_on_stable_channel,E,06,"{'y_start': 73, 'y_stop': 1488, 'x_start': 973, 'x_stop': 2868}"
E06,PLD3_mCherry_reporter_control,36,488nm Binned,0.0,306.8,0.0018948561253914159,0.003309774726728774,0.8930264993026499,0.9999999999999826,True,phase_cross_correlation_on_stable_channel,E,06,"{'y_start': 73, 'y_stop': 1488, 'x_start': 973, 'x_stop': 2868}"
E06,PLD3_mCherry_reporter_control,39,488nm Binned,-1379.3,0.0,0.0010334681587283853,-0.004007325755294507,0.5190725244072525,0.9999999999999907,True,phase_cross_correlation_on_stable_channel,E,06,"{'y_start': 73, 'y_stop': 1488, 'x_start': 973, 'x_stop': 2868}"
E08,PLD3_mCherry_reporter_control,8,488nm Binned,0.0,0.0,1.0,1.0,1.0,0.0,True,reference_timepoint,E,08,"{'y_start': 861, 'y_stop': 2519, 'x_start': 1118, 'x_stop': 2717}"
E08,PLD3_mCherry_reporter_control,12,488nm Binned,0.0,1117.9,0.004033750537767512,-0.0023856604657229237,0.6102161785216178,0.9999999999999787,True,phase_cross_correlation_on_stable_channel,E,08,"{'y_start': 861, 'y_stop': 2519, 'x_start': 1118, 'x_stop': 2717}"
E08,PLD3_mCherry_reporter_control,16,488nm Binned,515.9,0.0,0.005697001059796703,0.0022237385915729086,0.8201185495118549,0.9999999999999899,True,phase_cross_correlation_on_stable_channel,E,08,"{'y_start': 861, 'y_stop': 2519, 'x_start': 1118, 'x_stop': 2717}"
E08,PLD3_mCherry_reporter_control,20,488nm Binned,0.0,-150.1,0.002012156117680086,0.011733316440927967,0.9476638772663878,0.9999999999999889,True,phase_cross_correlation_on_stable_channel,E,08,"{'y_start': 861, 'y_stop': 2519, 'x_start': 1118, 'x_stop': 2717}"
E08,PLD3_mCherry_reporter_control,25,488nm Binned,73.8,0.0,0.003812848074389592,0.0956560851594198,0.9742677824267783,0.9999999999999818,True,phase_cross_correlation_on_stable_channel,E,08,"{'y_start': 861, 'y_stop': 2519, 'x_start': 1118, 'x_stop': 2717}"
E08,PLD3_mCherry_reporter_control,29,488nm Binned,860.9,0.0,0.017863466944165716,0.0009166730957479313,0.6998256624825663,0.9999999999999872,True,phase_cross_correlation_on_stable_channel,E,08,"{'y_start': 861, 'y_stop': 2519, 'x_start': 1118, 'x_stop': 2717}"
E08,PLD3_mCherry_reporter_control,32,488nm Binned,-348.6,0.0,-0.0008050093914835446,-0.005339709742297105,0.8784518828451883,0.9999999999999872,True,phase_cross_correlation_on_stable_channel,E,08,"{'y_start': 861, 'y_stop': 2519, 'x_start': 1118, 'x_stop': 2717}"
E08,PLD3_mCherry_reporter_control,36,488nm Binned,0.0,107.6,2.0972972550649343e-05,-0.001911197922885842,0.9624825662482567,0.9999999999999922,True,phase_cross_correlation_on_stable_channel,E,08,"{'y_start': 861, 'y_stop': 2519, 'x_start': 1118, 'x_stop': 2717}"
E08,PLD3_mCherry_reporter_control,39,488nm Binned,-68.5,0.0,0.010196997820869292,0.004124697271032386,0.976115760111576,0.999999999999989,True,phase_cross_correlation_on_stable_channel,E,08,"{'y_start': 861, 'y_stop': 2519, 'x_start': 1118, 'x_stop': 2717}"
E07,PLD3_mCherry_reporter_control,8,488nm Binned,0.0,0.0,1.0,1.0,1.0,0.0,True,reference_timepoint,E,07,"{'y_start': 1, 'y_stop': 1843, 'x_start': 3, 'x_stop': 1949}"
E07,PLD3_mCherry_reporter_control,12,488nm Binned,-0.1,0.0,0.09613168160731714,0.08915804934448612,0.9999651324965133,0.9999999999999997,True,phase_cross_correlation_on_stable_channel,E,07,"{'y_start': 1, 'y_stop': 1843, 'x_start': 3, 'x_stop': 1949}"
E07,PLD3_mCherry_reporter_control,16,488nm Binned,0.0,0.0,0.09970706852782431,0.09970706852782431,1.0,0.9999999999999998,True,phase_cross_correlation_on_stable_channel,E,07,"{'y_start': 1, 'y_stop': 1843, 'x_start': 3, 'x_stop': 1949}"
E07,PLD3_mCherry_reporter_control,20,488nm Binned,-2.2,-0.1,0.08433989717101906,0.07556490605152669,0.9991980741661465,0.9999999999999998,True,phase_cross_correlation_on_stable_channel,E,07,"{'y_start': 1, 'y_stop': 1843, 'x_start': 3, 'x_stop': 1949}"
E07,PLD3_mCherry_reporter_control,25,488nm Binned,0.0,-4.1,0.11578784861647048,0.12248391889821472,0.9985704323570432,0.9999999999999997,True,phase_cross_correlation_on_stable_channel,E,07,"{'y_start': 1, 'y_stop': 1843, 'x_start': 3, 'x_stop': 1949}"
E07,PLD3_mCherry_reporter_control,29,488nm Binned,-0.1,0.5,0.1218511755624729,0.12067817753235295,0.9997908010577935,0.9999999999999999,True,phase_cross_correlation_on_stable_channel,E,07,"{'y_start': 1, 'y_stop': 1843, 'x_start': 3, 'x_stop': 1949}"
E07,PLD3_mCherry_reporter_control,32,488nm Binned,0.3,2.9,0.07415854621912815,0.08062745454590109,0.9988843456580475,0.9999999999999998,True,phase_cross_correlation_on_stable_channel,E,07,"{'y_start': 1, 'y_stop': 1843, 'x_start': 3, 'x_stop': 1949}"
E07,PLD3_mCherry_reporter_control,36,488nm Binned,-0.1,0.1,0.0991860159926654,0.09306106922605395,0.9999302662087693,0.9999999999999997,True,phase_cross_correlation_on_stable_channel,E,07,"{'y_start': 1, 'y_stop': 1843, 'x_start': 3, 'x_stop': 1949}"
E07,PLD3_mCherry_reporter_control,39,488nm Binned,-1025.0,-918.1,0.059915083909437554,-0.02903018689112487,0.43689731982205415,0.9999999999999999,False,phase_cross_correlation_on_stable_channel,E,07,"{'y_start': 1, 'y_stop': 1843, 'x_start': 3, 'x_stop': 1949}"
E05,PLD3_mCherry_reporter_control,8,488nm Binned,0.0,0.0,1.0,1.0,1.0,0.0,True,reference_timepoint,E,05,"{'y_start': 71, 'y_stop': 2176, 'x_start': 0, 'x_stop': 1493}"
E05,PLD3_mCherry_reporter_control,12,488nm Binned,-524.7,0.0,0.0009767041202637637,0.000429902692293138,0.8170502092050209,0.9999999999999203,True,phase_cross_correlation_on_stable_channel,E,05,"{'y_start': 71, 'y_stop': 2176, 'x_start': 0, 'x_stop': 1493}"
E05,PLD3_mCherry_reporter_control,16,488nm Binned,-83.9,0.0,0.018409225787471794,0.006672656903218372,0.9707461645746165,0.9999999999999645,True,phase_cross_correlation_on_stable_channel,E,05,"{'y_start': 71, 'y_stop': 2176, 'x_start': 0, 'x_stop': 1493}"
E05,PLD3_mCherry_reporter_control,20,488nm Binned,70.2,0.0,0.0021539268430784495,0.01224335996670798,0.9755230125523013,0.9999999999999428,True,phase_cross_correlation_on_stable_channel,E,05,"{'y_start': 71, 'y_stop': 2176, 'x_start': 0, 'x_stop': 1493}"
E05,PLD3_mCherry_reporter_control,25,488nm Binned,-566.0,0.0,0.0028718310601758383,0.0011807510356981635,0.802649930264993,0.9999999999999617,True,phase_cross_correlation_on_stable_channel,E,05,"{'y_start': 71, 'y_stop': 2176, 'x_start': 0, 'x_stop': 1493}"
E05,PLD3_mCherry_reporter_control,29,488nm Binned,35.8,0.0,0.008952765704421753,0.037436261261015125,0.9875174337517433,0.999999999999941,True,phase_cross_correlation_on_stable_channel,E,05,"{'y_start': 71, 'y_stop': 2176, 'x_start': 0, 'x_stop': 1493}"
E05,PLD3_mCherry_reporter_control,32,488nm Binned,-691.8,0.0,0.00033774108224495213,0.00224653849644013,0.7587866108786611,0.9999999999999758,True,phase_cross_correlation_on_stable_channel,E,05,"{'y_start': 71, 'y_stop': 2176, 'x_start': 0, 'x_stop': 1493}"
E05,PLD3_mCherry_reporter_control,36,488nm Binned,0.0,-1374.8,0.00901071114635347,0.0075381356776026195,0.5206415620641562,0.9999999999999927,True,phase_cross_correlation_on_stable_channel,E,05,"{'y_start': 71, 'y_stop': 2176, 'x_start': 0, 'x_stop': 1493}"
E05,PLD3_mCherry_reporter_control,39,488nm Binned,-218.1,0.0,0.00045919189079515554,0.006414094638584293,0.9239539748953975,0.9999999999999126,True,phase_cross_correlation_on_stable_channel,E,05,"{'y_start': 71, 'y_stop': 2176, 'x_start': 0, 'x_stop': 1493}"
E13,PLD3_mCherry_reporter_control,8,488nm Binned,0.0,0.0,1.0,1.0,1.0,0.0,True,reference_timepoint,E,13,"{'y_start': 0, 'y_stop': 2605, 'x_start': 1139, 'x_stop': 1542}"
E13,PLD3_mCherry_reporter_control,12,488nm Binned,0.0,599.9,0.009055905707849914,-0.001977146383528748,0.7908298465829846,0.9999999999999869,True,phase_cross_correlation_on_stable_channel,E,13,"{'y_start': 0, 'y_stop': 2605, 'x_start': 1139, 'x_stop': 1542}"
E13,PLD3_mCherry_reporter_control,16,488nm Binned,0.0,225.0,0.0024112084857326717,-0.0018450654422813122,0.9215481171548117,0.9999999999999661,True,phase_cross_correlation_on_stable_channel,E,13,"{'y_start': 0, 'y_stop': 2605, 'x_start': 1139, 'x_stop': 1542}"
E13,PLD3_mCherry_reporter_control,20,488nm Binned,0.0,1138.9,0.0002733618795052912,-0.0023925965441685217,0.6028940027894003,0.9999999999999897,True,phase_cross_correlation_on_stable_channel,E,13,"{'y_start': 0, 'y_stop': 2605, 'x_start': 1139, 'x_stop': 1542}"
E13,PLD3_mCherry_reporter_control,25,488nm Binned,0.0,-747.1,0.011407799076875917,0.005960913297883004,0.7395048814504882,0.9999999999999889,True,phase_cross_correlation_on_stable_channel,E,13,"{'y_start': 0, 'y_stop': 2605, 'x_start': 1139, 'x_stop': 1542}"
E13,PLD3_mCherry_reporter_control,29,488nm Binned,-262.2,0.0,0.020503451193053236,0.0015544533414045998,0.9085774058577406,0.9999999999999862,True,phase_cross_correlation_on_stable_channel,E,13,"{'y_start': 0, 'y_stop': 2605, 'x_start': 1139, 'x_stop': 1542}"
E13,PLD3_mCherry_reporter_control,32,488nm Binned,0.0,-1325.2,0.004160860853233116,9.172119641680515e-05,0.5379358437935843,0.999999999999978,True,phase_cross_correlation_on_stable_channel,E,13,"{'y_start': 0, 'y_stop': 2605, 'x_start': 1139, 'x_stop': 1542}"
E13,PLD3_mCherry_reporter_control,36,488nm Binned,0.0,909.5,0.006169703291986766,-0.0017204685494979514,0.6828800557880056,0.999999999999991,True,phase_cross_correlation_on_stable_channel,E,13,"{'y_start': 0, 'y_stop': 2605, 'x_start': 1139, 'x_stop': 1542}"
E13,PLD3_mCherry_reporter_control,39,488nm Binned,0.0,271.7,-0.0005275914894777469,-0.0041552115314899335,0.9052649930264993,0.999999999999993,True,phase_cross_correlation_on_stable_channel,E,13,"{'y_start': 0, 'y_stop': 2605, 'x_start': 1139, 'x_stop': 1542}"
E15,PLD3_mCherry_reporter_control,8,488nm Binned,0.0,0.0,1.0,1.0,1.0,0.0,True,reference_timepoint,E,15,"{'y_start': 982, 'y_stop': 2866, 'x_start': 1372, 'x_stop': 1446}"
E15,PLD3_mCherry_reporter_control,12,488nm Binned,0.0,491.3,0.004139155452181267,0.006655191888656006,0.8286959553695955,0.9999999999999718,True,phase_cross_correlation_on_stable_channel,E,15,"{'y_start': 982, 'y_stop': 2866, 'x_start': 1372, 'x_stop': 1446}"
E15,PLD3_mCherry_reporter_control,16,488nm Binned,0.0,-586.3,0.01043838424101549,0.008513272237874974,0.7955718270571827,0.9999999999999654,True,phase_cross_correlation_on_stable_channel,E,15,"{'y_start': 982, 'y_stop': 2866, 'x_start': 1372, 'x_stop': 1446}"
E15,PLD3_mCherry_reporter_control,20,488nm Binned,0.0,-1248.5,0.009086038758747297,-0.002036964888623744,0.564679218967922,0.9999999999999781,True,phase_cross_correlation_on_stable_channel,E,15,"{'y_start': 982, 'y_stop': 2866, 'x_start': 1372, 'x_stop': 1446}"
E15,PLD3_mCherry_reporter_control,25,488nm Binned,0.0,1371.9,0.011922459504936176,0.009760816722938227,0.5216527196652719,0.9999999999999725,True,phase_cross_correlation_on_stable_channel,E,15,"{'y_start': 982, 'y_stop': 2866, 'x_start': 1372, 'x_stop': 1446}"
E15,PLD3_mCherry_reporter_control,29,488nm Binned,981.7,0.0,0.007965741926407185,0.0055402555557936125,0.6577057182705718,0.9999999999999698,True,phase_cross_correlation_on_stable_channel,E,15,"{'y_start': 982, 'y_stop': 2866, 'x_start': 1372, 'x_stop': 1446}"
E15,PLD3_mCherry_reporter_control,32,488nm Binned,0.0,-928.2,0.005037620516180492,0.00036503868620482304,0.6763598326359832,0.9999999999999493,True,phase_cross_correlation_on_stable_channel,E,15,"{'y_start': 982, 'y_stop': 2866, 'x_start': 1372, 'x_stop': 1446}"
E15,PLD3_mCherry_reporter_control,36,488nm Binned,-1.1,-1100.5,0.006045411120243535,0.0008700821936757258,0.6160467533345394,0.9999999999999938,True,phase_cross_correlation_on_stable_channel,E,15,"{'y_start': 982, 'y_stop': 2866, 'x_start': 1372, 'x_stop': 1446}"
E15,PLD3_mCherry_reporter_control,39,488nm Binned,0.0,-1421.3,-0.0030674711666744464,-0.000855437437587666,0.5044281729428173,0.9999999999999839,True,phase_cross_correlation_on_stable_channel,E,15,"{'y_start': 982, 'y_stop': 2866, 'x_start': 1372, 'x_stop': 1446}"
E16,PLD3_mCherry_reporter_control,8,488nm Binned,0.0,0.0,1.0,1.0,1.0,0.0,True,reference_timepoint,E,16,"{'y_start': 1422, 'y_stop': 1951, 'x_start': 0, 'x_stop': 1687}"
E16,PLD3_mCherry_reporter_control,12,488nm Binned,-91.9,0.0,0.006731714694579536,0.004959706678736524,0.9679567642956765,0.9999999999999689,True,phase_cross_correlation_on_stable_channel,E,16,"{'y_start': 1422, 'y_stop': 1951, 'x_start': 0, 'x_stop': 1687}"
E16,PLD3_mCherry_reporter_control,16,488nm Binned,0.0,-1180.4,0.003298523175312494,-0.008649913610359796,0.5884239888423989,0.9999999999999769,True,phase_cross_correlation_on_stable_channel,E,16,"{'y_start': 1422, 'y_stop': 1951, 'x_start': 0, 'x_stop': 1687}"
E16,PLD3_mCherry_reporter_control,20,488nm Binned,-80.0,0.0,0.0023770051690715282,0.002500718384127409,0.9721059972105998,0.9999999999999818,True,phase_cross_correlation_on_stable_channel,E,16,"{'y_start': 1422, 'y_stop': 1951, 'x_start': 0, 'x_stop': 1687}"
E16,PLD3_mCherry_reporter_control,25,488nm Binned,-916.2,0.0,0.006109034929108477,0.0007259460518960231,0.6805439330543932,0.9999999999999851,True,phase_cross_correlation_on_stable_channel,E,16,"{'y_start': 1422, 'y_stop': 1951, 'x_start': 0, 'x_stop': 1687}"
E16,PLD3_mCherry_reporter_control,29,488nm Binned,-3.5,0.0,0.011226718464393397,0.013359491119373748,0.9987796373779637,0.999999999999976,True,phase_cross_correlation_on_stable_channel,E,16,"{'y_start': 1422, 'y_stop': 1951, 'x_start': 0, 'x_stop': 1687}"
E16,PLD3_mCherry_reporter_control,32,488nm Binned,398.8,0.0,-0.006231248537707024,0.001473285120921841,0.8609483960948395,0.9999999999999831,True,phase_cross_correlation_on_stable_channel,E,16,"{'y_start': 1422, 'y_stop': 1951, 'x_start': 0, 'x_stop': 1687}"
E16,PLD3_mCherry_reporter_control,36,488nm Binned,-158.3,0.0,0.0099881403002426,-0.0006410816699114624,0.9448047419804741,0.9999999999999812,True,phase_cross_correlation_on_stable_channel,E,16,"{'y_start': 1422, 'y_stop': 1951, 'x_start': 0, 'x_stop': 1687}"
E16,PLD3_mCherry_reporter_control,39,488nm Binned,1422.0,0.0,-0.006580320324538274,3.642605088018898e-05,0.50418410041841,0.9999999999999872,True,phase_cross_correlation_on_stable_channel,E,16,"{'y_start': 1422, 'y_stop': 1951, 'x_start': 0, 'x_stop': 1687}"
E14,PLD3_mCherry_reporter_control,8,488nm Binned,0.0,0.0,1.0,1.0,1.0,0.0,True,reference_timepoint,E,14,"{'y_start': 808, 'y_stop': 2485, 'x_start': 392, 'x_stop': 1809}"
E14,PLD3_mCherry_reporter_control,12,488nm Binned,807.9,0.0,0.0048942029178487105,-0.007196593618284175,0.7183054393305439,0.9999999999999934,True,phase_cross_correlation_on_stable_channel,E,14,"{'y_start': 808, 'y_stop': 2485, 'x_start': 392, 'x_stop': 1809}"
E14,PLD3_mCherry_reporter_control,16,488nm Binned,0.0,-391.1,0.0018659670072437393,0.0004117477571091573,0.8636331938633194,0.999999999999971,True,phase_cross_correlation_on_stable_channel,E,14,"{'y_start': 808, 'y_stop': 2485, 'x_start': 392, 'x_stop': 1809}"
E14,PLD3_mCherry_reporter_control,20,488nm Binned,0.0,-340.2,0.0003226740296014153,0.010889208790730133,0.8813807531380754,0.9999999999999807,True,phase_cross_correlation_on_stable_channel,E,14,"{'y_start': 808, 'y_stop': 2485, 'x_start': 392, 'x_stop': 1809}"
E14,PLD3_mCherry_reporter_control,25,488nm Binned,-382.4,0.0,0.0019879253743383075,0.00856510774158724,0.8666666666666667,0.9999999999999948,True,phase_cross_correlation_on_stable_channel,E,14,"{'y_start': 808, 'y_stop': 2485, 'x_start': 392, 'x_stop': 1809}"
E14,PLD3_mCherry_reporter_control,29,488nm Binned,0.0,391.3,0.018078261071587665,0.0004576039118721699,0.8635634588563459,0.9999999999999812,True,phase_cross_correlation_on_stable_channel,E,14,"{'y_start': 808, 'y_stop': 2485, 'x_start': 392, 'x_stop': 1809}"
E14,PLD3_mCherry_reporter_control,32,488nm Binned,0.0,-1059.0,0.002798277170342646,-0.005594368337970619,0.6307531380753139,0.9999999999999918,True,phase_cross_correlation_on_stable_channel,E,14,"{'y_start': 808, 'y_stop': 2485, 'x_start': 392, 'x_stop': 1809}"
E14,PLD3_mCherry_reporter_control,36,488nm Binned,0.0,-403.5,0.0034379390637257158,0.00508971962589695,0.8593096234309623,0.999999999999985,True,phase_cross_correlation_on_stable_channel,E,14,"{'y_start': 808, 'y_stop': 2485, 'x_start': 392, 'x_stop': 1809}"
E14,PLD3_mCherry_reporter_control,39,488nm Binned,0.0,-741.6,0.005811031430763461,-0.009518747534269324,0.7414225941422594,0.9999999999999899,True,phase_cross_correlation_on_stable_channel,E,14,"{'y_start': 808, 'y_stop': 2485, 'x_start': 392, 'x_stop': 1809}"
E17,PLD3_mCherry_reporter_control,8,488nm Binned,0.0,0.0,1.0,1.0,1.0,0.0,True,reference_timepoint,E,17,"{'y_start': 1326, 'y_stop': 2270, 'x_start': 996, 'x_stop': 1921}"
E17,PLD3_mCherry_reporter_control,12,488nm Binned,-595.1,0.0,-0.0009335439583358458,0.0013885954161321952,0.7925034867503487,0.9999999999999517,True,phase_cross_correlation_on_stable_channel,E,17,"{'y_start': 1326, 'y_stop': 2270, 'x_start': 996, 'x_stop': 1921}"
E17,PLD3_mCherry_reporter_control,16,488nm Binned,0.0,-946.1,0.004749292334460356,0.001222268458194495,0.670118549511855,0.9999999999999745,True,phase_cross_correlation_on_stable_channel,E,17,"{'y_start': 1326, 'y_stop': 2270, 'x_start': 996, 'x_stop': 1921}"
E17,PLD3_mCherry_reporter_control,20,488nm Binned,0.0,-713.1,-0.0037879146409183096,0.00458226642727111,0.7513598326359833,0.9999999999999873,True,phase_cross_correlation_on_stable_channel,E,17,"{'y_start': 1326, 'y_stop': 2270, 'x_start': 996, 'x_stop': 1921}"
E17,PLD3_mCherry_reporter_control,25,488nm Binned,1325.4,0.0,0.009637032533949567,-0.003687844976066568,0.5378661087866109,0.9999999999999839,True,phase_cross_correlation_on_stable_channel,E,17,"{'y_start': 1326, 'y_stop': 2270, 'x_start': 996, 'x_stop': 1921}"
E17,PLD3_mCherry_reporter_control,29,488nm Binned,0.0,996.0,0.012907407986824873,0.007500012657521814,0.6527196652719666,0.9999999999999845,True,phase_cross_correlation_on_stable_channel,E,17,"{'y_start': 1326, 'y_stop': 2270, 'x_start': 996, 'x_stop': 1921}"
E17,PLD3_mCherry_reporter_control,32,488nm Binned,-234.4,0.0,0.007749408394290894,0.009770313175008654,0.9182705718270572,0.9999999999999827,True,phase_cross_correlation_on_stable_channel,E,17,"{'y_start': 1326, 'y_stop': 2270, 'x_start': 996, 'x_stop': 1921}"
E17,PLD3_mCherry_reporter_control,36,488nm Binned,-68.5,0.0,0.0018939820514634004,0.009513285650186701,0.976115760111576,0.9999999999999845,True,phase_cross_correlation_on_stable_channel,E,17,"{'y_start': 1326, 'y_stop': 2270, 'x_start': 996, 'x_stop': 1921}"
E17,PLD3_mCherry_reporter_control,39,488nm Binned,-597.7,0.0,0.015588778298729889,0.01322897592087501,0.7915969316596932,0.9999999999999807,True,phase_cross_correlation_on_stable_channel,E,17,"{'y_start': 1326, 'y_stop': 2270, 'x_start': 996, 'x_stop': 1921}"
F05,PLD3_TMEM106B_mCherry_primary,8,488nm Binned,0.0,0.0,1.0,1.0,1.0,0.0,True,reference_timepoint,F,05,"{'y_start': 1304, 'y_stop': 1847, 'x_start': 435, 'x_stop': 1874}"
F05,PLD3_TMEM106B_mCherry_primary,12,488nm Binned,-863.4,0.0,-0.004106967825473243,-0.002613562897013449,0.6989539748953975,0.9999999999999767,True,phase_cross_correlation_on_stable_channel,F,05,"{'y_start': 1304, 'y_stop': 1847, 'x_start': 435, 'x_stop': 1874}"
F05,PLD3_TMEM106B_mCherry_primary,16,488nm Binned,0.0,434.8,0.021506714391797636,0.00958500161936851,0.8483960948396094,0.9999999999999822,True,phase_cross_correlation_on_stable_channel,F,05,"{'y_start': 1304, 'y_stop': 1847, 'x_start': 435, 'x_stop': 1874}"
F05,PLD3_TMEM106B_mCherry_primary,20,488nm Binned,0.0,-522.8,-0.0010214854839245028,-0.002032028720383354,0.8177126917712692,0.999999999999989,True,phase_cross_correlation_on_stable_channel,F,05,"{'y_start': 1304, 'y_stop': 1847, 'x_start': 435, 'x_stop': 1874}"
F05,PLD3_TMEM106B_mCherry_primary,25,488nm Binned,-1020.2,0.0,-0.004034225945838717,-0.002169724813569178,0.6442817294281729,0.9999999999999699,True,phase_cross_correlation_on_stable_channel,F,05,"{'y_start': 1304, 'y_stop': 1847, 'x_start': 435, 'x_stop': 1874}"
F05,PLD3_TMEM106B_mCherry_primary,29,488nm Binned,-103.6,0.0,0.0068934402181114835,0.001694252450737231,0.9638772663877266,0.9999999999999738,True,phase_cross_correlation_on_stable_channel,F,05,"{'y_start': 1304, 'y_stop': 1847, 'x_start': 435, 'x_stop': 1874}"
F05,PLD3_TMEM106B_mCherry_primary,32,488nm Binned,-273.6,0.0,0.0035098568005518848,0.007903178380472154,0.9046025104602511,0.9999999999999879,True,phase_cross_correlation_on_stable_channel,F,05,"{'y_start': 1304, 'y_stop': 1847, 'x_start': 435, 'x_stop': 1874}"
F05,PLD3_TMEM106B_mCherry_primary,36,488nm Binned,0.0,-993.4,-0.002483466081564459,0.0028844420429041118,0.653626220362622,0.999999999999986,True,phase_cross_correlation_on_stable_channel,F,05,"{'y_start': 1304, 'y_stop': 1847, 'x_start': 435, 'x_stop': 1874}"
F05,PLD3_TMEM106B_mCherry_primary,39,488nm Binned,1303.6,0.0,-0.0002348361360593972,-0.001259236312901663,0.5454672245467225,0.9999999999999624,True,phase_cross_correlation_on_stable_channel,F,05,"{'y_start': 1304, 'y_stop': 1847, 'x_start': 435, 'x_stop': 1874}"
E20,PLD3_mCherry_reporter_control,8,488nm Binned,0.0,0.0,1.0,1.0,1.0,0.0,True,reference_timepoint,E,20,"{'y_start': 717, 'y_stop': 2648, 'x_start': 851, 'x_stop': 1723}"
E20,PLD3_mCherry_reporter_control,12,488nm Binned,0.0,680.3,0.003574239960657983,0.014090466383336416,0.7627963737796374,0.9999999999999934,True,phase_cross_correlation_on_stable_channel,E,20,"{'y_start': 717, 'y_stop': 2648, 'x_start': 851, 'x_stop': 1723}"
E20,PLD3_mCherry_reporter_control,16,488nm Binned,-219.7,0.0,0.007558865081558183,0.0020929699644249783,0.9233960948396095,0.9999999999999726,True,phase_cross_correlation_on_stable_channel,E,20,"{'y_start': 717, 'y_stop': 2648, 'x_start': 851, 'x_stop': 1723}"
E20,PLD3_mCherry_reporter_control,20,488nm Binned,716.6,0.0,0.00206335207837134,-0.006440038877409661,0.750139470013947,0.9999999999999698,True,phase_cross_correlation_on_stable_channel,E,20,"{'y_start': 717, 'y_stop': 2648, 'x_start': 851, 'x_stop': 1723}"
E20,PLD3_mCherry_reporter_control,25,488nm Binned,152.4,0.0,0.0037401334705860117,0.007798750063704143,0.9468619246861925,0.9999999999999841,True,phase_cross_correlation_on_stable_channel,E,20,"{'y_start': 717, 'y_stop': 2648, 'x_start': 851, 'x_stop': 1723}"
E20,PLD3_mCherry_reporter_control,29,488nm Binned,0.0,850.9,0.019993264855120707,-0.0006911536803496906,0.7033124128312412,0.9999999999999826,True,phase_cross_correlation_on_stable_channel,E,20,"{'y_start': 717, 'y_stop': 2648, 'x_start': 851, 'x_stop': 1723}"
E20,PLD3_mCherry_reporter_control,32,488nm Binned,351.2,0.0,0.004828186128095004,0.0008172324680879669,0.8775453277545329,0.9999999999999826,True,phase_cross_correlation_on_stable_channel,E,20,"{'y_start': 717, 'y_stop': 2648, 'x_start': 851, 'x_stop': 1723}"
E20,PLD3_mCherry_reporter_control,36,488nm Binned,689.9,0.0,0.003914824829770352,-0.006731300833502964,0.7594490934449093,0.9999999999999756,True,phase_cross_correlation_on_stable_channel,E,20,"{'y_start': 717, 'y_stop': 2648, 'x_start': 851, 'x_stop': 1723}"
E20,PLD3_mCherry_reporter_control,39,488nm Binned,0.0,-1145.0,-0.001809248392963226,0.0038682642339878844,0.6007670850767085,0.9999999999999909,True,phase_cross_correlation_on_stable_channel,E,20,"{'y_start': 717, 'y_stop': 2648, 'x_start': 851, 'x_stop': 1723}"
E18,PLD3_mCherry_reporter_control,8,488nm Binned,0.0,0.0,1.0,1.0,1.0,0.0,True,reference_timepoint,E,18,"{'y_start': 0, 'y_stop': 2868, 'x_start': 747, 'x_stop': 1535}"
E18,PLD3_mCherry_reporter_control,12,488nm Binned,0.0,-128.2,0.004791777876981562,0.005835853349172011,0.9552998605299861,0.9999999999999895,True,phase_cross_correlation_on_stable_channel,E,18,"{'y_start': 0, 'y_stop': 2868, 'x_start': 747, 'x_stop': 1535}"
E18,PLD3_mCherry_reporter_control,16,488nm Binned,0.0,-272.0,0.0009383821414914713,-0.005000598810117821,0.905160390516039,0.999999999999992,True,phase_cross_correlation_on_stable_channel,E,18,"{'y_start': 0, 'y_stop': 2868, 'x_start': 747, 'x_stop': 1535}"
E18,PLD3_mCherry_reporter_control,20,488nm Binned,0.0,-402.0,-0.0010864503785898243,-0.006075837023882621,0.8598326359832636,0.9999999999999809,True,phase_cross_correlation_on_stable_channel,E,18,"{'y_start': 0, 'y_stop': 2868, 'x_start': 747, 'x_stop': 1535}"
E18,PLD3_mCherry_reporter_control,25,488nm Binned,0.0,-74.5,0.004829435013709976,-0.001014947750435958,0.974023709902371,0.9999999999999903,True,phase_cross_correlation_on_stable_channel,E,18,"{'y_start': 0, 'y_stop': 2868, 'x_start': 747, 'x_stop': 1535}"
E18,PLD3_mCherry_reporter_control,29,488nm Binned,0.0,-1332.7,0.01091728349573032,0.0006674002488315005,0.535320781032078,0.9999999999999782,True,phase_cross_correlation_on_stable_channel,E,18,"{'y_start': 0, 'y_stop': 2868, 'x_start': 747, 'x_stop': 1535}"
E18,PLD3_mCherry_reporter_control,32,488nm Binned,0.0,334.4,-0.005931122134200063,0.007084610439845634,0.8834030683403068,0.9999999999999853,True,phase_cross_correlation_on_stable_channel,E,18,"{'y_start': 0, 'y_stop': 2868, 'x_start': 747, 'x_stop': 1535}"
E18,PLD3_mCherry_reporter_control,36,488nm Binned,0.0,649.8,-0.003380615950771307,-0.0018344434432983922,0.7734309623430962,0.9999999999999897,True,phase_cross_correlation_on_stable_channel,E,18,"{'y_start': 0, 'y_stop': 2868, 'x_start': 747, 'x_stop': 1535}"
E18,PLD3_mCherry_reporter_control,39,488nm Binned,0.0,746.2,0.0005088122205524269,0.0009279147484596212,0.739818688981869,0.9999999999999948,True,phase_cross_correlation_on_stable_channel,E,18,"{'y_start': 0, 'y_stop': 2868, 'x_start': 747, 'x_stop': 1535}"
E19,PLD3_mCherry_reporter_control,8,488nm Binned,0.0,0.0,1.0,1.0,1.0,0.0,True,reference_timepoint,E,19,"{'y_start': 0, 'y_stop': 2868, 'x_start': 672, 'x_stop': 1718}"
E19,PLD3_mCherry_reporter_control,12,488nm Binned,0.0,375.5,0.00177475961360771,-0.0021238487579467715,0.8690725244072525,0.9999999999999851,True,phase_cross_correlation_on_stable_channel,E,19,"{'y_start': 0, 'y_stop': 2868, 'x_start': 672, 'x_stop': 1718}"
E19,PLD3_mCherry_reporter_control,16,488nm Binned,0.0,239.1,0.010489009596171479,0.002324468295402799,0.9166317991631799,0.9999999999999898,True,phase_cross_correlation_on_stable_channel,E,19,"{'y_start': 0, 'y_stop': 2868, 'x_start': 672, 'x_stop': 1718}"
E19,PLD3_mCherry_reporter_control,20,488nm Binned,0.0,-144.0,0.002185355806107631,0.00561678281037067,0.9497907949790795,0.9999999999999928,True,phase_cross_correlation_on_stable_channel,E,19,"{'y_start': 0, 'y_stop': 2868, 'x_start': 672, 'x_stop': 1718}"
E19,PLD3_mCherry_reporter_control,25,488nm Binned,0.0,-971.3,0.002555207088282152,-0.0008492797655845274,0.661331938633194,0.9999999999999895,True,phase_cross_correlation_on_stable_channel,E,19,"{'y_start': 0, 'y_stop': 2868, 'x_start': 672, 'x_stop': 1718}"
E19,PLD3_mCherry_reporter_control,29,488nm Binned,0.0,289.9,0.001760582437860558,0.0011352207863783476,0.8989191073919107,0.9999999999999876,True,phase_cross_correlation_on_stable_channel,E,19,"{'y_start': 0, 'y_stop': 2868, 'x_start': 672, 'x_stop': 1718}"
E19,PLD3_mCherry_reporter_control,32,488nm Binned,0.0,-252.3,0.0035382745297770917,-0.0028126046862484233,0.9120292887029289,0.9999999999999843,True,phase_cross_correlation_on_stable_channel,E,19,"{'y_start': 0, 'y_stop': 2868, 'x_start': 672, 'x_stop': 1718}"
E19,PLD3_mCherry_reporter_control,36,488nm Binned,0.0,671.3,0.0057078206740623855,-0.006651004350561705,0.7659344490934449,0.9999999999999866,True,phase_cross_correlation_on_stable_channel,E,19,"{'y_start': 0, 'y_stop': 2868, 'x_start': 672, 'x_stop': 1718}"
E19,PLD3_mCherry_reporter_control,39,488nm Binned,0.0,-1149.4,0.0012656418719364359,-0.0006031682472525226,0.5992329149232914,0.999999999999993,True,phase_cross_correlation_on_stable_channel,E,19,"{'y_start': 0, 'y_stop': 2868, 'x_start': 672, 'x_stop': 1718}"
F07,PLD3_TMEM106B_mCherry_primary,8,488nm Binned,0.0,0.0,1.0,1.0,1.0,0.0,True,reference_timepoint,F,07,"{'y_start': 0, 'y_stop': 2868, 'x_start': 1352, 'x_stop': 2357}"
F07,PLD3_TMEM106B_mCherry_primary,12,488nm Binned,0.0,787.8,0.002532127263410759,-0.004758801699777413,0.7253138075313807,0.9999999999999942,True,phase_cross_correlation_on_stable_channel,F,07,"{'y_start': 0, 'y_stop': 2868, 'x_start': 1352, 'x_stop': 2357}"
F07,PLD3_TMEM106B_mCherry_primary,16,488nm Binned,0.0,496.2,0.01583888646820076,-0.00418351956503123,0.8269874476987448,0.9999999999999841,True,phase_cross_correlation_on_stable_channel,F,07,"{'y_start': 0, 'y_stop': 2868, 'x_start': 1352, 'x_stop': 2357}"
F07,PLD3_TMEM106B_mCherry_primary,20,488nm Binned,0.0,526.1,-0.00012208940036091418,0.005662172492941049,0.8165620641562065,0.9999999999999901,True,phase_cross_correlation_on_stable_channel,F,07,"{'y_start': 0, 'y_stop': 2868, 'x_start': 1352, 'x_stop': 2357}"
F07,PLD3_TMEM106B_mCherry_primary,25,488nm Binned,0.0,-510.8,0.002635821551665939,0.01447525863291283,0.8218967921896791,0.9999999999999877,True,phase_cross_correlation_on_stable_channel,F,07,"{'y_start': 0, 'y_stop': 2868, 'x_start': 1352, 'x_stop': 2357}"
F07,PLD3_TMEM106B_mCherry_primary,29,488nm Binned,0.0,1010.0,0.012487799267131339,0.005523770130964685,0.6478382147838215,0.9999999999999841,True,phase_cross_correlation_on_stable_channel,F,07,"{'y_start': 0, 'y_stop': 2868, 'x_start': 1352, 'x_stop': 2357}"
F07,PLD3_TMEM106B_mCherry_primary,32,488nm Binned,0.0,1351.3,0.005922271360659147,-0.0022091926090241475,0.5288354253835426,0.9999999999999851,True,phase_cross_correlation_on_stable_channel,F,07,"{'y_start': 0, 'y_stop': 2868, 'x_start': 1352, 'x_stop': 2357}"
F07,PLD3_TMEM106B_mCherry_primary,36,488nm Binned,0.0,1024.9,0.006418411930878763,5.50462591628166e-05,0.6426429567642956,0.9999999999999855,True,phase_cross_correlation_on_stable_channel,F,07,"{'y_start': 0, 'y_stop': 2868, 'x_start': 1352, 'x_stop': 2357}"
F07,PLD3_TMEM106B_mCherry_primary,39,488nm Binned,0.0,894.4,-0.007011237475831565,0.0010955325487921246,0.6881450488145049,0.9999999999999971,True,phase_cross_correlation_on_stable_channel,F,07,"{'y_start': 0, 'y_stop': 2868, 'x_start': 1352, 'x_stop': 2357}"
F08,PLD3_TMEM106B_mCherry_primary,8,488nm Binned,0.0,0.0,1.0,1.0,1.0,0.0,True,reference_timepoint,F,08,"{'y_start': 985, 'y_stop': 2868, 'x_start': 689, 'x_stop': 1957}"
F08,PLD3_TMEM106B_mCherry_primary,12,488nm Binned,0.0,-910.6,-0.004618242472326983,-0.0058683008253897,0.6824965132496513,0.9999999999999885,True,phase_cross_correlation_on_stable_channel,F,08,"{'y_start': 985, 'y_stop': 2868, 'x_start': 689, 'x_stop': 1957}"
F08,PLD3_TMEM106B_mCherry_primary,16,488nm Binned,0.0,688.5,0.020011321310708576,-0.0004997396015304836,0.7599372384937239,0.9999999999999851,True,phase_cross_correlation_on_stable_channel,F,08,"{'y_start': 985, 'y_stop': 2868, 'x_start': 689, 'x_stop': 1957}"
F08,PLD3_TMEM106B_mCherry_primary,20,488nm Binned,0.0,-148.7,0.004267322884833454,0.0010160781697512566,0.9481520223152022,0.9999999999999925,True,phase_cross_correlation_on_stable_channel,F,08,"{'y_start': 985, 'y_stop': 2868, 'x_start': 689, 'x_stop': 1957}"
F08,PLD3_TMEM106B_mCherry_primary,25,488nm Binned,984.3,0.0,0.0003492989124215694,0.004349593370531739,0.6567991631799164,0.9999999999999777,True,phase_cross_correlation_on_stable_channel,F,08,"{'y_start': 985, 'y_stop': 2868, 'x_start': 689, 'x_stop': 1957}"
F08,PLD3_TMEM106B_mCherry_primary,29,488nm Binned,0.0,-47.8,0.005867970544203081,0.008235924379593518,0.9833333333333333,0.9999999999999926,True,phase_cross_correlation_on_stable_channel,F,08,"{'y_start': 985, 'y_stop': 2868, 'x_start': 689, 'x_stop': 1957}"
F08,PLD3_TMEM106B_mCherry_primary,32,488nm Binned,373.4,0.0,0.003423997181586913,-0.0038402621274024303,0.8698047419804742,0.999999999999964,True,phase_cross_correlation_on_stable_channel,F,08,"{'y_start': 985, 'y_stop': 2868, 'x_start': 689, 'x_stop': 1957}"
F08,PLD3_TMEM106B_mCherry_primary,36,488nm Binned,975.8,0.0,-0.0026985287216685443,-0.000991914242816141,0.6597629009762902,0.99999999999998,True,phase_cross_correlation_on_stable_channel,F,08,"{'y_start': 985, 'y_stop': 2868, 'x_start': 689, 'x_stop': 1957}"
F08,PLD3_TMEM106B_mCherry_primary,39,488nm Binned,638.8,0.0,0.0049149240772976945,0.004400818078001888,0.7772663877266387,0.9999999999999771,True,phase_cross_correlation_on_stable_channel,F,08,"{'y_start': 985, 'y_stop': 2868, 'x_start': 689, 'x_stop': 1957}"
F11,PLD3_TMEM106B_mCherry_primary,8,488nm Binned,0.0,0.0,1.0,1.0,1.0,0.0,True,reference_timepoint,F,11,"{'y_start': 0, 'y_stop': 2868, 'x_start': 1367, 'x_stop': 1622}"
F11,PLD3_TMEM106B_mCherry_primary,12,488nm Binned,0.0,33.6,-0.0009908961486539305,-0.004569312414472937,0.9882845188284519,0.9999999999999885,True,phase_cross_correlation_on_stable_channel,F,11,"{'y_start': 0, 'y_stop': 2868, 'x_start': 1367, 'x_stop': 1622}"
F11,PLD3_TMEM106B_mCherry_primary,16,488nm Binned,0.0,-1195.0,0.0011649257618095924,0.00047836136757677046,0.5833333333333334,0.9999999999999792,True,phase_cross_correlation_on_stable_channel,F,11,"{'y_start': 0, 'y_stop': 2868, 'x_start': 1367, 'x_stop': 1622}"
F11,PLD3_TMEM106B_mCherry_primary,20,488nm Binned,0.0,1208.6,0.006121289024095547,0.0014856604767655365,0.5785913528591353,0.9999999999999889,True,phase_cross_correlation_on_stable_channel,F,11,"{'y_start': 0, 'y_stop': 2868, 'x_start': 1367, 'x_stop': 1622}"
F11,PLD3_TMEM106B_mCherry_primary,25,488nm Binned,0.0,-1245.8,0.008483175118164587,0.004451477234157321,0.5656206415620643,0.9999999999999852,True,phase_cross_correlation_on_stable_channel,F,11,"{'y_start': 0, 'y_stop': 2868, 'x_start': 1367, 'x_stop': 1622}"
F11,PLD3_TMEM106B_mCherry_primary,29,488nm Binned,0.0,266.1,0.01551616159977771,0.007352421948387137,0.9072175732217573,0.9999999999999919,True,phase_cross_correlation_on_stable_channel,F,11,"{'y_start': 0, 'y_stop': 2868, 'x_start': 1367, 'x_stop': 1622}"
F11,PLD3_TMEM106B_mCherry_primary,32,488nm Binned,0.0,1092.0,0.0022953031647084568,-0.008086515840592926,0.6192468619246861,0.9999999999999742,True,phase_cross_correlation_on_stable_channel,F,11,"{'y_start': 0, 'y_stop': 2868, 'x_start': 1367, 'x_stop': 1622}"
F11,PLD3_TMEM106B_mCherry_primary,36,488nm Binned,0.0,-1148.3,0.003032285424145694,0.005392538015560945,0.5996164574616458,0.9999999999999889,True,phase_cross_correlation_on_stable_channel,F,11,"{'y_start': 0, 'y_stop': 2868, 'x_start': 1367, 'x_stop': 1622}"
F11,PLD3_TMEM106B_mCherry_primary,39,488nm Binned,0.0,1366.1,-0.0027611491003910332,-0.010736481011428817,0.5236750348675036,0.9999999999999907,True,phase_cross_correlation_on_stable_channel,F,11,"{'y_start': 0, 'y_stop': 2868, 'x_start': 1367, 'x_stop': 1622}"
F09,PLD3_TMEM106B_mCherry_primary,8,488nm Binned,0.0,0.0,1.0,1.0,1.0,0.0,True,reference_timepoint,F,09,"{'y_start': 0, 'y_stop': 1921, 'x_start': 1023, 'x_stop': 2400}"
F09,PLD3_TMEM106B_mCherry_primary,12,488nm Binned,0.0,-184.6,-0.0004686167229462294,-0.0023834874907773447,0.9356345885634588,0.9999999999999806,True,phase_cross_correlation_on_stable_channel,F,09,"{'y_start': 0, 'y_stop': 1921, 'x_start': 1023, 'x_stop': 2400}"
F09,PLD3_TMEM106B_mCherry_primary,16,488nm Binned,-37.3,0.0,0.0009752837331747582,0.02700827947592757,0.986994421199442,0.9999999999999685,True,phase_cross_correlation_on_stable_channel,F,09,"{'y_start': 0, 'y_stop': 1921, 'x_start': 1023, 'x_stop': 2400}"
F09,PLD3_TMEM106B_mCherry_primary,20,488nm Binned,0.0,1022.7,0.006626555331447409,0.003544848205199854,0.6434100418410041,0.9999999999999802,True,phase_cross_correlation_on_stable_channel,F,09,"{'y_start': 0, 'y_stop': 1921, 'x_start': 1023, 'x_stop': 2400}"
F09,PLD3_TMEM106B_mCherry_primary,25,488nm Binned,0.0,33.3,0.0027917638626052984,-0.0023541484189719413,0.9883891213389121,0.9999999999999901,True,phase_cross_correlation_on_stable_channel,F,09,"{'y_start': 0, 'y_stop': 1921, 'x_start': 1023, 'x_stop': 2400}"
F09,PLD3_TMEM106B_mCherry_primary,29,488nm Binned,0.0,-138.5,0.00982597799045283,0.00042881898646654726,0.9517085076708508,0.999999999999987,True,phase_cross_correlation_on_stable_channel,F,09,"{'y_start': 0, 'y_stop': 1921, 'x_start': 1023, 'x_stop': 2400}"
F09,PLD3_TMEM106B_mCherry_primary,32,488nm Binned,-947.0,0.0,0.0023445271304717214,-0.0038749860338052116,0.6698047419804742,0.9999999999999827,True,phase_cross_correlation_on_stable_channel,F,09,"{'y_start': 0, 'y_stop': 1921, 'x_start': 1023, 'x_stop': 2400}"
F09,PLD3_TMEM106B_mCherry_primary,36,488nm Binned,0.0,-225.1,0.001351240774548368,0.0033529862098813637,0.921513249651325,0.9999999999999839,True,phase_cross_correlation_on_stable_channel,F,09,"{'y_start': 0, 'y_stop': 1921, 'x_start': 1023, 'x_stop': 2400}"
F09,PLD3_TMEM106B_mCherry_primary,39,488nm Binned,0.0,-467.3,-0.0021204903416384784,-0.002715469319805625,0.8370641562064156,0.9999999999999872,True,phase_cross_correlation_on_stable_channel,F,09,"{'y_start': 0, 'y_stop': 1921, 'x_start': 1023, 'x_stop': 2400}"
F10,PLD3_TMEM106B_mCherry_primary,8,488nm Binned,0.0,0.0,1.0,1.0,1.0,0.0,True,reference_timepoint,F,10,"{'y_start': 770, 'y_stop': 2382, 'x_start': 1172, 'x_stop': 2868}"
F10,PLD3_TMEM106B_mCherry_primary,12,488nm Binned,-10.2,0.0,0.0024655835670369186,-0.003016446942852084,0.9964435146443515,0.9999999999999826,True,phase_cross_correlation_on_stable_channel,F,10,"{'y_start': 770, 'y_stop': 2382, 'x_start': 1172, 'x_stop': 2868}"
F10,PLD3_TMEM106B_mCherry_primary,16,488nm Binned,0.0,1172.0,0.0007461808450538437,-0.0034432215646523633,0.5913528591352859,0.999999999999973,True,phase_cross_correlation_on_stable_channel,F,10,"{'y_start': 770, 'y_stop': 2382, 'x_start': 1172, 'x_stop': 2868}"
F10,PLD3_TMEM106B_mCherry_primary,20,488nm Binned,207.5,0.0,-0.004094027691137556,0.0005782309881073249,0.927649930264993,0.9999999999999595,True,phase_cross_correlation_on_stable_channel,F,10,"{'y_start': 770, 'y_stop': 2382, 'x_start': 1172, 'x_stop': 2868}"
F10,PLD3_TMEM106B_mCherry_primary,25,488nm Binned,-447.1,0.0,0.006394884600313668,0.004699338586351384,0.8441073919107392,0.9999999999999738,True,phase_cross_correlation_on_stable_channel,F,10,"{'y_start': 770, 'y_stop': 2382, 'x_start': 1172, 'x_stop': 2868}"
F10,PLD3_TMEM106B_mCherry_primary,29,488nm Binned,-485.1,0.0,0.007034364540326703,-0.0011207507910454592,0.8308577405857741,0.9999999999999883,True,phase_cross_correlation_on_stable_channel,F,10,"{'y_start': 770, 'y_stop': 2382, 'x_start': 1172, 'x_stop': 2868}"
F10,PLD3_TMEM106B_mCherry_primary,32,488nm Binned,769.9,0.0,0.0039172991397225555,0.005084002052616544,0.731555090655509,0.9999999999999885,True,phase_cross_correlation_on_stable_channel,F,10,"{'y_start': 770, 'y_stop': 2382, 'x_start': 1172, 'x_stop': 2868}"
F10,PLD3_TMEM106B_mCherry_primary,36,488nm Binned,0.0,76.7,-0.002011676233870609,0.0011021654839059138,0.9732566248256626,0.9999999999999853,True,phase_cross_correlation_on_stable_channel,F,10,"{'y_start': 770, 'y_stop': 2382, 'x_start': 1172, 'x_stop': 2868}"
F10,PLD3_TMEM106B_mCherry_primary,39,488nm Binned,0.0,915.1,-0.0011947098707457372,-0.0020357025737513653,0.6809274755927476,0.9999999999999818,True,phase_cross_correlation_on_stable_channel,F,10,"{'y_start': 770, 'y_stop': 2382, 'x_start': 1172, 'x_stop': 2868}"
F12,PLD3_TMEM106B_mCherry_primary,8,488nm Binned,0.0,0.0,1.0,1.0,1.0,0.0,True,reference_timepoint,F,12,"{'y_start': 961, 'y_stop': 2868, 'x_start': 1416, 'x_stop': 2220}"
F12,PLD3_TMEM106B_mCherry_primary,12,488nm Binned,0.0,719.2,-0.0034657209268900684,0.00509185028921374,0.7492329149232916,0.9999999999999714,True,phase_cross_correlation_on_stable_channel,F,12,"{'y_start': 961, 'y_stop': 2868, 'x_start': 1416, 'x_stop': 2220}"
F12,PLD3_TMEM106B_mCherry_primary,16,488nm Binned,191.3,0.0,0.0023749151197420765,-0.0048113171629099874,0.9332984658298465,0.9999999999999855,True,phase_cross_correlation_on_stable_channel,F,12,"{'y_start': 961, 'y_stop': 2868, 'x_start': 1416, 'x_stop': 2220}"
F12,PLD3_TMEM106B_mCherry_primary,20,488nm Binned,960.5,0.0,-0.0037804542933861205,0.0041748078697424916,0.6650976290097629,0.9999999999999779,True,phase_cross_correlation_on_stable_channel,F,12,"{'y_start': 961, 'y_stop': 2868, 'x_start': 1416, 'x_stop': 2220}"
F12,PLD3_TMEM106B_mCherry_primary,25,488nm Binned,0.0,-372.2,0.0031614071183646447,-0.00601265103332205,0.8702231520223153,0.9999999999999934,True,phase_cross_correlation_on_stable_channel,F,12,"{'y_start': 961, 'y_stop': 2868, 'x_start': 1416, 'x_stop': 2220}"
F12,PLD3_TMEM106B_mCherry_primary,29,488nm Binned,345.4,0.0,0.00616674768245341,0.003421644650464122,0.8795676429567643,0.9999999999999726,True,phase_cross_correlation_on_stable_channel,F,12,"{'y_start': 961, 'y_stop': 2868, 'x_start': 1416, 'x_stop': 2220}"
F12,PLD3_TMEM106B_mCherry_primary,32,488nm Binned,0.0,1415.4,0.0026597881464965317,-0.009303538786151455,0.5064853556485356,0.999999999999978,True,phase_cross_correlation_on_stable_channel,F,12,"{'y_start': 961, 'y_stop': 2868, 'x_start': 1416, 'x_stop': 2220}"
F12,PLD3_TMEM106B_mCherry_primary,36,488nm Binned,0.0,-618.0,-0.0040880505665776105,0.005774721504436552,0.7845188284518828,0.9999999999999933,True,phase_cross_correlation_on_stable_channel,F,12,"{'y_start': 961, 'y_stop': 2868, 'x_start': 1416, 'x_stop': 2220}"
F12,PLD3_TMEM106B_mCherry_primary,39,488nm Binned,0.0,-647.5,0.0014889013201009786,0.006500295788013821,0.7742329149232915,0.9999999999999921,True,phase_cross_correlation_on_stable_channel,F,12,"{'y_start': 961, 'y_stop': 2868, 'x_start': 1416, 'x_stop': 2220}"
F13,PLD3_TMEM106B_mCherry_primary,8,488nm Binned,0.0,0.0,1.0,1.0,1.0,0.0,True,reference_timepoint,F,13,"{'y_start': 1171, 'y_stop': 2868, 'x_start': 478, 'x_stop': 1520}"
F13,PLD3_TMEM106B_mCherry_primary,12,488nm Binned,867.7,0.0,0.0011709846671047036,-0.00934741600183051,0.6974546722454672,0.9999999999999877,True,phase_cross_correlation_on_stable_channel,F,13,"{'y_start': 1171, 'y_stop': 2868, 'x_start': 478, 'x_stop': 1520}"
F13,PLD3_TMEM106B_mCherry_primary,16,488nm Binned,0.0,477.9,0.011529273445748356,0.0001016848783151771,0.8333682008368201,0.9999999999999856,True,phase_cross_correlation_on_stable_channel,F,13,"{'y_start': 1171, 'y_stop': 2868, 'x_start': 478, 'x_stop': 1520}"
F13,PLD3_TMEM106B_mCherry_primary,20,488nm Binned,166.4,0.0,0.0013171463930288486,-0.0032528075703703177,0.9419804741980474,0.999999999999977,True,phase_cross_correlation_on_stable_channel,F,13,"{'y_start': 1171, 'y_stop': 2868, 'x_start': 478, 'x_stop': 1520}"
F13,PLD3_TMEM106B_mCherry_primary,25,488nm Binned,1170.8,0.0,0.0042595638694286975,0.00336179480618884,0.591771269177127,0.999999999999993,True,phase_cross_correlation_on_stable_channel,F,13,"{'y_start': 1171, 'y_stop': 2868, 'x_start': 478, 'x_stop': 1520}"
F13,PLD3_TMEM106B_mCherry_primary,29,488nm Binned,0.0,-277.6,0.015051557259444353,-0.0015280635398626395,0.903207810320781,0.9999999999999921,True,phase_cross_correlation_on_stable_channel,F,13,"{'y_start': 1171, 'y_stop': 2868, 'x_start': 478, 'x_stop': 1520}"
F13,PLD3_TMEM106B_mCherry_primary,32,488nm Binned,791.1,0.0,-0.006101797450682758,-0.00414752232968474,0.7241631799163181,0.999999999999978,True,phase_cross_correlation_on_stable_channel,F,13,"{'y_start': 1171, 'y_stop': 2868, 'x_start': 478, 'x_stop': 1520}"
F13,PLD3_TMEM106B_mCherry_primary,36,488nm Binned,0.0,-1347.4,-0.0033410931423089795,0.006036334220589427,0.5301952580195258,0.9999999999999855,True,phase_cross_correlation_on_stable_channel,F,13,"{'y_start': 1171, 'y_stop': 2868, 'x_start': 478, 'x_stop': 1520}"
F13,PLD3_TMEM106B_mCherry_primary,39,488nm Binned,0.0,-597.4,-0.005055857001565233,0.010703795531330142,0.7917015341701534,0.9999999999999933,True,phase_cross_correlation_on_stable_channel,F,13,"{'y_start': 1171, 'y_stop': 2868, 'x_start': 478, 'x_stop': 1520}"
F06,PLD3_TMEM106B_mCherry_primary,8,488nm Binned,0.0,0.0,1.0,1.0,1.0,0.0,True,reference_timepoint,F,06,"{'y_start': 97, 'y_stop': 2015, 'x_start': 0, 'x_stop': 2868}"
F06,PLD3_TMEM106B_mCherry_primary,12,488nm Binned,-799.8,0.0,0.0023876961649862403,-0.00022439816107603112,0.7211297071129706,0.9999999999999787,True,phase_cross_correlation_on_stable_channel,F,06,"{'y_start': 97, 'y_stop': 2015, 'x_start': 0, 'x_stop': 2868}"
F06,PLD3_TMEM106B_mCherry_primary,16,488nm Binned,-817.1,0.0,0.015563473003262444,0.0008603149351076331,0.7150976290097629,0.9999999999999548,True,phase_cross_correlation_on_stable_channel,F,06,"{'y_start': 97, 'y_stop': 2015, 'x_start': 0, 'x_stop': 2868}"
F06,PLD3_TMEM106B_mCherry_primary,20,488nm Binned,-673.3,0.0,0.006679904759335268,0.0043864302367153715,0.7652370990237098,0.9999999999999374,True,phase_cross_correlation_on_stable_channel,F,06,"{'y_start': 97, 'y_stop': 2015, 'x_start': 0, 'x_stop': 2868}"
F06,PLD3_TMEM106B_mCherry_primary,25,488nm Binned,-565.7,0.0,0.005340256187536204,0.0020894099508643672,0.8027545327754533,0.9999999999999843,True,phase_cross_correlation_on_stable_channel,F,06,"{'y_start': 97, 'y_stop': 2015, 'x_start': 0, 'x_stop': 2868}"
F06,PLD3_TMEM106B_mCherry_primary,29,488nm Binned,-64.1,0.0,0.0064706280002680165,0.0016810641646080354,0.977649930264993,0.9999999999999075,True,phase_cross_correlation_on_stable_channel,F,06,"{'y_start': 97, 'y_stop': 2015, 'x_start': 0, 'x_stop': 2868}"
F06,PLD3_TMEM106B_mCherry_primary,32,488nm Binned,8.4,0.0,0.0010788077917797414,-0.001861253787820116,0.997071129707113,0.9999999999999598,True,phase_cross_correlation_on_stable_channel,F,06,"{'y_start': 97, 'y_stop': 2015, 'x_start': 0, 'x_stop': 2868}"
F06,PLD3_TMEM106B_mCherry_primary,36,488nm Binned,-852.1,0.0,0.0006362610937064748,0.0007346801457808617,0.7028940027894003,0.9999999999999565,True,phase_cross_correlation_on_stable_channel,F,06,"{'y_start': 97, 'y_stop': 2015, 'x_start': 0, 'x_stop': 2868}"
F06,PLD3_TMEM106B_mCherry_primary,39,488nm Binned,96.4,0.0,-0.00172156760350252,0.0008012512820733948,0.9663877266387726,0.9999999999999485,True,phase_cross_correlation_on_stable_channel,F,06,"{'y_start': 97, 'y_stop': 2015, 'x_start': 0, 'x_stop': 2868}"
F14,PLD3_TMEM106B_mCherry_primary,8,488nm Binned,0.0,0.0,1.0,1.0,1.0,0.0,True,reference_timepoint,F,14,"{'y_start': 1328, 'y_stop': 2868, 'x_start': 229, 'x_stop': 1947}"
F14,PLD3_TMEM106B_mCherry_primary,12,488nm Binned,33.0,0.0,-0.0008313886524262087,-0.0013876018470388234,0.9884937238493724,0.9999999999999835,True,phase_cross_correlation_on_stable_channel,F,14,"{'y_start': 1328, 'y_stop': 2868, 'x_start': 229, 'x_stop': 1947}"
F14,PLD3_TMEM106B_mCherry_primary,16,488nm Binned,0.0,-920.8,0.007782565362462239,-0.000881647182619871,0.6789400278940029,0.9999999999999912,True,phase_cross_correlation_on_stable_channel,F,14,"{'y_start': 1328, 'y_stop': 2868, 'x_start': 229, 'x_stop': 1947}"
F14,PLD3_TMEM106B_mCherry_primary,20,488nm Binned,263.4,0.0,0.0013539287088571068,-0.005696492243469049,0.9081589958158995,0.999999999999985,True,phase_cross_correlation_on_stable_channel,F,14,"{'y_start': 1328, 'y_stop': 2868, 'x_start': 229, 'x_stop': 1947}"
F14,PLD3_TMEM106B_mCherry_primary,25,488nm Binned,1327.2,0.0,0.006890690379985695,-0.012676621294374696,0.5372384937238494,0.9999999999999885,True,phase_cross_correlation_on_stable_channel,F,14,"{'y_start': 1328, 'y_stop': 2868, 'x_start': 229, 'x_stop': 1947}"
F14,PLD3_TMEM106B_mCherry_primary,29,488nm Binned,179.8,0.0,0.007273721531259345,0.011523710909728346,0.9373082287308229,0.9999999999999662,True,phase_cross_correlation_on_stable_channel,F,14,"{'y_start': 1328, 'y_stop': 2868, 'x_start': 229, 'x_stop': 1947}"
F14,PLD3_TMEM106B_mCherry_primary,32,488nm Binned,0.0,229.0,-0.004358793374259946,0.002960109957593905,0.9201534170153417,0.9999999999999906,True,phase_cross_correlation_on_stable_channel,F,14,"{'y_start': 1328, 'y_stop': 2868, 'x_start': 229, 'x_stop': 1947}"
F14,PLD3_TMEM106B_mCherry_primary,36,488nm Binned,712.7,0.0,0.010971026318923665,-0.0011507079929231208,0.7514993026499303,0.9999999999999787,True,phase_cross_correlation_on_stable_channel,F,14,"{'y_start': 1328, 'y_stop': 2868, 'x_start': 229, 'x_stop': 1947}"
F14,PLD3_TMEM106B_mCherry_primary,39,488nm Binned,797.4,0.0,0.0035833042125248803,-0.0016794838090516966,0.7219665271966527,0.9999999999999896,True,phase_cross_correlation_on_stable_channel,F,14,"{'y_start': 1328, 'y_stop': 2868, 'x_start': 229, 'x_stop': 1947}"
F15,PLD3_TMEM106B_mCherry_primary,8,488nm Binned,0.0,0.0,1.0,1.0,1.0,0.0,True,reference_timepoint,F,15,"{'y_start': 0, 'y_stop': 1677, 'x_start': 784, 'x_stop': 2102}"
F15,PLD3_TMEM106B_mCherry_primary,12,488nm Binned,0.0,305.0,0.004696311957372243,0.0024739636698626476,0.8936541143654114,0.9999999999999933,True,phase_cross_correlation_on_stable_channel,F,15,"{'y_start': 0, 'y_stop': 1677, 'x_start': 784, 'x_stop': 2102}"
F15,PLD3_TMEM106B_mCherry_primary,16,488nm Binned,0.0,-15.1,0.0026527898141179176,0.002679296531370276,0.9947350069735007,0.9999999999999856,True,phase_cross_correlation_on_stable_channel,F,15,"{'y_start': 0, 'y_stop': 1677, 'x_start': 784, 'x_stop': 2102}"
F15,PLD3_TMEM106B_mCherry_primary,20,488nm Binned,0.0,-400.2,0.004645455889616597,0.0026521033138205185,0.8604602510460252,0.9999999999999934,True,phase_cross_correlation_on_stable_channel,F,15,"{'y_start': 0, 'y_stop': 1677, 'x_start': 784, 'x_stop': 2102}"
F15,PLD3_TMEM106B_mCherry_primary,25,488nm Binned,0.0,783.3,0.0016344973626012218,-0.005262449849744554,0.7268828451882845,0.9999999999999959,True,phase_cross_correlation_on_stable_channel,F,15,"{'y_start': 0, 'y_stop': 1677, 'x_start': 784, 'x_stop': 2102}"
F15,PLD3_TMEM106B_mCherry_primary,29,488nm Binned,0.0,557.0,0.007195327281780806,-0.003682234238268669,0.8057880055788006,0.9999999999999922,True,phase_cross_correlation_on_stable_channel,F,15,"{'y_start': 0, 'y_stop': 1677, 'x_start': 784, 'x_stop': 2102}"
F15,PLD3_TMEM106B_mCherry_primary,32,488nm Binned,-529.2,0.0,0.0021262154443410335,-0.007732910904709634,0.8154811715481172,0.999999999999994,True,phase_cross_correlation_on_stable_channel,F,15,"{'y_start': 0, 'y_stop': 1677, 'x_start': 784, 'x_stop': 2102}"
F15,PLD3_TMEM106B_mCherry_primary,36,488nm Binned,-1190.2,0.0,-0.001395694721770748,-0.0018913528527202345,0.5850069735006973,0.9999999999999921,True,phase_cross_correlation_on_stable_channel,F,15,"{'y_start': 0, 'y_stop': 1677, 'x_start': 784, 'x_stop': 2102}"
F15,PLD3_TMEM106B_mCherry_primary,39,488nm Binned,0.0,-765.7,-0.0005618611762897084,0.007666133222504441,0.7330195258019526,0.999999999999992,True,phase_cross_correlation_on_stable_channel,F,15,"{'y_start': 0, 'y_stop': 1677, 'x_start': 784, 'x_stop': 2102}"
F16,PLD3_TMEM106B_mCherry_primary,8,488nm Binned,0.0,0.0,1.0,1.0,1.0,0.0,True,reference_timepoint,F,16,"{'y_start': 1222, 'y_stop': 2868, 'x_start': 1314, 'x_stop': 1935}"
F16,PLD3_TMEM106B_mCherry_primary,12,488nm Binned,294.0,0.0,-0.003052399681517169,-0.001274585126929257,0.897489539748954,0.9999999999999861,True,phase_cross_correlation_on_stable_channel,F,16,"{'y_start': 1222, 'y_stop': 2868, 'x_start': 1314, 'x_stop': 1935}"
F16,PLD3_TMEM106B_mCherry_primary,16,488nm Binned,0.0,1313.9,0.00890612626748048,0.004601544562443557,0.5418758716875871,0.9999999999999923,True,phase_cross_correlation_on_stable_channel,F,16,"{'y_start': 1222, 'y_stop': 2868, 'x_start': 1314, 'x_stop': 1935}"
F16,PLD3_TMEM106B_mCherry_primary,20,488nm Binned,0.0,-932.3,-0.002080111605657487,-0.0019947388401459305,0.6749302649930266,0.9999999999999923,True,phase_cross_correlation_on_stable_channel,F,16,"{'y_start': 1222, 'y_stop': 2868, 'x_start': 1314, 'x_stop': 1935}"
F16,PLD3_TMEM106B_mCherry_primary,25,488nm Binned,0.0,-309.2,0.010700920786310315,0.0042755372565817405,0.892189679218968,0.9999999999999939,True,phase_cross_correlation_on_stable_channel,F,16,"{'y_start': 1222, 'y_stop': 2868, 'x_start': 1314, 'x_stop': 1935}"
F16,PLD3_TMEM106B_mCherry_primary,29,488nm Binned,880.0,0.0,0.02000536919278921,0.006271773719525695,0.6931659693165969,0.9999999999999836,True,phase_cross_correlation_on_stable_channel,F,16,"{'y_start': 1222, 'y_stop': 2868, 'x_start': 1314, 'x_stop': 1935}"
F16,PLD3_TMEM106B_mCherry_primary,32,488nm Binned,1222.0,0.0,-3.2097264899799295e-05,0.002577342875460718,0.5739191073919108,0.9999999999999802,True,phase_cross_correlation_on_stable_channel,F,16,"{'y_start': 1222, 'y_stop': 2868, 'x_start': 1314, 'x_stop': 1935}"
F16,PLD3_TMEM106B_mCherry_primary,36,488nm Binned,0.0,357.3,0.0004094611679181364,0.0032974912378205645,0.875418410041841,0.9999999999999887,True,phase_cross_correlation_on_stable_channel,F,16,"{'y_start': 1222, 'y_stop': 2868, 'x_start': 1314, 'x_stop': 1935}"
F16,PLD3_TMEM106B_mCherry_primary,39,488nm Binned,647.9,0.0,-0.011051365167564439,0.001622483247959112,0.7740934449093445,0.9999999999999892,True,phase_cross_correlation_on_stable_channel,F,16,"{'y_start': 1222, 'y_stop': 2868, 'x_start': 1314, 'x_stop': 1935}"
F17,PLD3_TMEM106B_mCherry_primary,8,488nm Binned,0.0,0.0,1.0,1.0,1.0,0.0,True,reference_timepoint,F,17,"{'y_start': 1060, 'y_stop': 1611, 'x_start': 589, 'x_stop': 2868}"
F17,PLD3_TMEM106B_mCherry_primary,12,488nm Binned,-670.3,0.0,0.0043768639897555335,-0.0037223090181590403,0.7662831241283123,0.9999999999999718,True,phase_cross_correlation_on_stable_channel,F,17,"{'y_start': 1060, 'y_stop': 1611, 'x_start': 589, 'x_stop': 2868}"
F17,PLD3_TMEM106B_mCherry_primary,16,488nm Binned,-500.5,0.0,0.0019999419087973155,-0.0052482097190259935,0.8254881450488145,0.9999999999999738,True,phase_cross_correlation_on_stable_channel,F,17,"{'y_start': 1060, 'y_stop': 1611, 'x_start': 589, 'x_stop': 2868}"
F17,PLD3_TMEM106B_mCherry_primary,20,488nm Binned,-1256.7,0.0,0.00467120069049688,-0.0015446502444942357,0.5618200836820083,0.9999999999999717,True,phase_cross_correlation_on_stable_channel,F,17,"{'y_start': 1060, 'y_stop': 1611, 'x_start': 589, 'x_stop': 2868}"
F17,PLD3_TMEM106B_mCherry_primary,25,488nm Binned,95.3,0.0,0.002681072593649146,0.10877126012367581,0.9667712691771269,0.9999999999999685,True,phase_cross_correlation_on_stable_channel,F,17,"{'y_start': 1060, 'y_stop': 1611, 'x_start': 589, 'x_stop': 2868}"
F17,PLD3_TMEM106B_mCherry_primary,29,488nm Binned,604.5,0.0,0.01704921496905476,0.012107837286542897,0.7892259414225942,0.9999999999999779,True,phase_cross_correlation_on_stable_channel,F,17,"{'y_start': 1060, 'y_stop': 1611, 'x_start': 589, 'x_stop': 2868}"
F17,PLD3_TMEM106B_mCherry_primary,32,488nm Binned,1059.5,0.0,0.004254112816791464,-0.001512662561601873,0.6305788005578801,0.9999999999999517,True,phase_cross_correlation_on_stable_channel,F,17,"{'y_start': 1060, 'y_stop': 1611, 'x_start': 589, 'x_stop': 2868}"
F17,PLD3_TMEM106B_mCherry_primary,36,488nm Binned,0.0,588.3,-0.0005192596795296073,0.0025806123342597322,0.7948744769874476,0.9999999999999922,True,phase_cross_correlation_on_stable_channel,F,17,"{'y_start': 1060, 'y_stop': 1611, 'x_start': 589, 'x_stop': 2868}"
F17,PLD3_TMEM106B_mCherry_primary,39,488nm Binned,-962.3,0.0,-0.0017475526927337782,0.004649754422399659,0.6644700139470014,0.9999999999999837,True,phase_cross_correlation_on_stable_channel,F,17,"{'y_start': 1060, 'y_stop': 1611, 'x_start': 589, 'x_stop': 2868}"
F18,PLD3_TMEM106B_mCherry_primary,8,488nm Binned,0.0,0.0,1.0,1.0,1.0,0.0,True,reference_timepoint,F,18,"{'y_start': 0, 'y_stop': 2868, 'x_start': 1141, 'x_stop': 1467}"
F18,PLD3_TMEM106B_mCherry_primary,12,488nm Binned,0.0,742.3,0.006692123723645279,-0.00022254045903623954,0.7411785216178521,0.9999999999999916,True,phase_cross_correlation_on_stable_channel,F,18,"{'y_start': 0, 'y_stop': 2868, 'x_start': 1141, 'x_stop': 1467}"
F18,PLD3_TMEM106B_mCherry_primary,16,488nm Binned,0.0,1140.1,1.7732799882031645e-05,4.1477999568953625e-05,0.6024755927475594,0.9999999999999856,True,phase_cross_correlation_on_stable_channel,F,18,"{'y_start': 0, 'y_stop': 2868, 'x_start': 1141, 'x_stop': 1467}"
F18,PLD3_TMEM106B_mCherry_primary,20,488nm Binned,0.0,-1215.2,0.0025261484436933062,-0.006178237934572057,0.5762900976290097,0.9999999999999833,True,phase_cross_correlation_on_stable_channel,F,18,"{'y_start': 0, 'y_stop': 2868, 'x_start': 1141, 'x_stop': 1467}"
F18,PLD3_TMEM106B_mCherry_primary,25,488nm Binned,0.0,-666.5,0.0026939968740958232,0.0016806000771599936,0.7676080892608089,0.999999999999989,True,phase_cross_correlation_on_stable_channel,F,18,"{'y_start': 0, 'y_stop': 2868, 'x_start': 1141, 'x_stop': 1467}"
F18,PLD3_TMEM106B_mCherry_primary,29,488nm Binned,0.0,-511.8,0.010085574085438843,0.004687048052975831,0.8215481171548117,0.9999999999999877,True,phase_cross_correlation_on_stable_channel,F,18,"{'y_start': 0, 'y_stop': 2868, 'x_start': 1141, 'x_stop': 1467}"
F18,PLD3_TMEM106B_mCherry_primary,32,488nm Binned,0.0,-1323.2,-0.0014961990921395147,0.0040706984470650475,0.5386331938633193,0.9999999999999837,True,phase_cross_correlation_on_stable_channel,F,18,"{'y_start': 0, 'y_stop': 2868, 'x_start': 1141, 'x_stop': 1467}"
F18,PLD3_TMEM106B_mCherry_primary,36,488nm Binned,0.0,171.8,0.00042961892113628616,0.0011829368705424696,0.9400976290097629,0.9999999999999926,True,phase_cross_correlation_on_stable_channel,F,18,"{'y_start': 0, 'y_stop': 2868, 'x_start': 1141, 'x_stop': 1467}"
F18,PLD3_TMEM106B_mCherry_primary,39,488nm Binned,0.0,-1400.1,-0.0002155514462806023,-0.003853217285103949,0.5118200836820084,0.999999999999991,True,phase_cross_correlation_on_stable_channel,F,18,"{'y_start': 0, 'y_stop': 2868, 'x_start': 1141, 'x_stop': 1467}"
G05,PLD3_only_no_mCherry,8,488nm Binned,0.0,0.0,1.0,1.0,1.0,0.0,True,reference_timepoint,G,05,"{'y_start': 847, 'y_stop': 2868, 'x_start': 462, 'x_stop': 1745}"
G05,PLD3_only_no_mCherry,12,488nm Binned,0.0,-1122.3,0.0007908266603939378,0.002120398420547464,0.6086820083682009,0.9999999999999891,True,phase_cross_correlation_on_stable_channel,G,05,"{'y_start': 847, 'y_stop': 2868, 'x_start': 462, 'x_stop': 1745}"
G05,PLD3_only_no_mCherry,16,488nm Binned,0.0,-729.9,0.019049667031533976,-0.006031825882688752,0.7455020920502092,0.9999999999999919,True,phase_cross_correlation_on_stable_channel,G,05,"{'y_start': 847, 'y_stop': 2868, 'x_start': 462, 'x_stop': 1745}"
G05,PLD3_only_no_mCherry,20,488nm Binned,0.0,-951.6,-0.002027370768084036,0.0010744678475598536,0.6682008368200837,0.9999999999999815,True,phase_cross_correlation_on_stable_channel,G,05,"{'y_start': 847, 'y_stop': 2868, 'x_start': 462, 'x_stop': 1745}"
G05,PLD3_only_no_mCherry,25,488nm Binned,0.0,397.3,0.010395323092026648,0.00021424360570563756,0.8614714086471408,0.9999999999999867,True,phase_cross_correlation_on_stable_channel,G,05,"{'y_start': 847, 'y_stop': 2868, 'x_start': 462, 'x_stop': 1745}"
G05,PLD3_only_no_mCherry,29,488nm Binned,397.1,0.0,-0.0007296105859048103,-0.0008455269813382473,0.8615411436541144,0.9999999999999907,True,phase_cross_correlation_on_stable_channel,G,05,"{'y_start': 847, 'y_stop': 2868, 'x_start': 462, 'x_stop': 1745}"
G05,PLD3_only_no_mCherry,32,488nm Binned,846.9,0.0,-0.0063515388040570235,0.0013703922246340052,0.7047071129707113,0.9999999999999889,True,phase_cross_correlation_on_stable_channel,G,05,"{'y_start': 847, 'y_stop': 2868, 'x_start': 462, 'x_stop': 1745}"
G05,PLD3_only_no_mCherry,36,488nm Binned,0.0,-242.3,0.0031671258672543437,-0.0008776222033332052,0.9155160390516038,0.9999999999999867,True,phase_cross_correlation_on_stable_channel,G,05,"{'y_start': 847, 'y_stop': 2868, 'x_start': 462, 'x_stop': 1745}"
G05,PLD3_only_no_mCherry,39,488nm Binned,0.0,461.4,-0.0016055802917534453,-0.0015632662717905918,0.8391213389121339,0.9999999999999931,True,phase_cross_correlation_on_stable_channel,G,05,"{'y_start': 847, 'y_stop': 2868, 'x_start': 462, 'x_stop': 1745}"
F20,PLD3_TMEM106B_mCherry_primary,8,488nm Binned,0.0,0.0,1.0,1.0,1.0,0.0,True,reference_timepoint,F,20,"{'y_start': 1223, 'y_stop': 1466, 'x_start': 0, 'x_stop': 2868}"
F20,PLD3_TMEM106B_mCherry_primary,12,488nm Binned,-860.4,0.0,-0.00043438204381985267,-0.006012284141415794,0.7,0.999999999999949,True,phase_cross_correlation_on_stable_channel,F,20,"{'y_start': 1223, 'y_stop': 1466, 'x_start': 0, 'x_stop': 2868}"
F20,PLD3_TMEM106B_mCherry_primary,16,488nm Binned,1079.8,0.0,0.006334499105617317,0.005350014456622322,0.6235006973500699,0.9999999999999782,True,phase_cross_correlation_on_stable_channel,F,20,"{'y_start': 1223, 'y_stop': 1466, 'x_start': 0, 'x_stop': 2868}"
F20,PLD3_TMEM106B_mCherry_primary,20,488nm Binned,101.8,0.0,-0.002955931705423341,0.0013797459069485112,0.9645048814504881,0.999999999999931,True,phase_cross_correlation_on_stable_channel,F,20,"{'y_start': 1223, 'y_stop': 1466, 'x_start': 0, 'x_stop': 2868}"
F20,PLD3_TMEM106B_mCherry_primary,25,488nm Binned,91.3,0.0,0.0034771309015540425,0.10805995935489124,0.9681659693165969,0.9999999999999686,True,phase_cross_correlation_on_stable_channel,F,20,"{'y_start': 1223, 'y_stop': 1466, 'x_start': 0, 'x_stop': 2868}"
F20,PLD3_TMEM106B_mCherry_primary,29,488nm Binned,-823.7,0.0,0.014561414578123596,-0.009631202521317076,0.7127963737796373,0.9999999999999598,True,phase_cross_correlation_on_stable_channel,F,20,"{'y_start': 1223, 'y_stop': 1466, 'x_start': 0, 'x_stop': 2868}"
F20,PLD3_TMEM106B_mCherry_primary,32,488nm Binned,1222.4,0.0,0.004821669792197693,-0.001582447395300288,0.5737796373779637,0.9999999999999606,True,phase_cross_correlation_on_stable_channel,F,20,"{'y_start': 1223, 'y_stop': 1466, 'x_start': 0, 'x_stop': 2868}"
F20,PLD3_TMEM106B_mCherry_primary,36,488nm Binned,-1339.9,0.0,-0.0035141537800199487,-0.0036681888780228144,0.5328103207810321,0.9999999999999674,True,phase_cross_correlation_on_stable_channel,F,20,"{'y_start': 1223, 'y_stop': 1466, 'x_start': 0, 'x_stop': 2868}"
F20,PLD3_TMEM106B_mCherry_primary,39,488nm Binned,-1401.5,0.0,0.0027145949664507214,-0.0068771414801469975,0.5113319386331938,0.9999999999999537,True,phase_cross_correlation_on_stable_channel,F,20,"{'y_start': 1223, 'y_stop': 1466, 'x_start': 0, 'x_stop': 2868}"
F19,PLD3_TMEM106B_mCherry_primary,8,488nm Binned,0.0,0.0,1.0,1.0,1.0,0.0,True,reference_timepoint,F,19,"{'y_start': 0, 'y_stop': 2868, 'x_start': 938, 'x_stop': 1536}"
F19,PLD3_TMEM106B_mCherry_primary,12,488nm Binned,0.0,-1331.1,0.004072675767728101,-0.002601877951524789,0.5358786610878661,0.9999999999999892,True,phase_cross_correlation_on_stable_channel,F,19,"{'y_start': 0, 'y_stop': 2868, 'x_start': 938, 'x_stop': 1536}"
F19,PLD3_TMEM106B_mCherry_primary,16,488nm Binned,0.0,-507.1,-0.0009759126116832575,0.005028720942738774,0.823186889818689,0.9999999999999796,True,phase_cross_correlation_on_stable_channel,F,19,"{'y_start': 0, 'y_stop': 2868, 'x_start': 938, 'x_stop': 1536}"
F19,PLD3_TMEM106B_mCherry_primary,20,488nm Binned,0.0,249.0,0.004680602534530109,-0.005354544497323285,0.9131799163179917,0.999999999999991,True,phase_cross_correlation_on_stable_channel,F,19,"{'y_start': 0, 'y_stop': 2868, 'x_start': 938, 'x_stop': 1536}"
F19,PLD3_TMEM106B_mCherry_primary,25,488nm Binned,0.0,-450.1,-0.005229920299115691,0.004470546388195583,0.8430613668061367,0.9999999999999885,True,phase_cross_correlation_on_stable_channel,F,19,"{'y_start': 0, 'y_stop': 2868, 'x_start': 938, 'x_stop': 1536}"
F19,PLD3_TMEM106B_mCherry_primary,29,488nm Binned,0.0,937.9,0.005676718870270617,-0.0010140928430251044,0.6729776847977684,0.9999999999999899,True,phase_cross_correlation_on_stable_channel,F,19,"{'y_start': 0, 'y_stop': 2868, 'x_start': 938, 'x_stop': 1536}"
F19,PLD3_TMEM106B_mCherry_primary,32,488nm Binned,0.0,-1001.3,-0.0023183114303948265,-0.0014674206887643883,0.6508716875871688,0.9999999999999806,True,phase_cross_correlation_on_stable_channel,F,19,"{'y_start': 0, 'y_stop': 2868, 'x_start': 938, 'x_stop': 1536}"
F19,PLD3_TMEM106B_mCherry_primary,36,488nm Binned,0.0,-164.7,-0.002915042993831063,-0.0031527175771649467,0.9425732217573222,0.9999999999999881,True,phase_cross_correlation_on_stable_channel,F,19,"{'y_start': 0, 'y_stop': 2868, 'x_start': 938, 'x_stop': 1536}"
F19,PLD3_TMEM106B_mCherry_primary,39,488nm Binned,0.0,-516.4,-0.00046915741129684906,-0.00045878383388804514,0.8199442119944211,0.9999999999999835,True,phase_cross_correlation_on_stable_channel,F,19,"{'y_start': 0, 'y_stop': 2868, 'x_start': 938, 'x_stop': 1536}"
G06,PLD3_only_no_mCherry,8,488nm Binned,0.0,0.0,1.0,1.0,1.0,0.0,True,reference_timepoint,G,06,"{'y_start': 614, 'y_stop': 2586, 'x_start': 0, 'x_stop': 1691}"
G06,PLD3_only_no_mCherry,12,488nm Binned,-281.2,0.0,-0.00322266465792512,0.0015344571038197507,0.901952580195258,0.9999999999999708,True,phase_cross_correlation_on_stable_channel,G,06,"{'y_start': 614, 'y_stop': 2586, 'x_start': 0, 'x_stop': 1691}"
G06,PLD3_only_no_mCherry,16,488nm Binned,-11.1,0.0,0.016575214927633895,0.024574765185552627,0.9961297071129708,0.9999999999999655,True,phase_cross_correlation_on_stable_channel,G,06,"{'y_start': 614, 'y_stop': 2586, 'x_start': 0, 'x_stop': 1691}"
G06,PLD3_only_no_mCherry,20,488nm Binned,495.9,0.0,-0.0023021235615452015,-0.00045232418391598556,0.827092050209205,0.9999999999999716,True,phase_cross_correlation_on_stable_channel,G,06,"{'y_start': 614, 'y_stop': 2586, 'x_start': 0, 'x_stop': 1691}"
G06,PLD3_only_no_mCherry,25,488nm Binned,90.5,0.0,0.004813954688988232,0.07377370231851964,0.9684449093444909,0.9999999999999847,True,phase_cross_correlation_on_stable_channel,G,06,"{'y_start': 614, 'y_stop': 2586, 'x_start': 0, 'x_stop': 1691}"
G06,PLD3_only_no_mCherry,29,488nm Binned,467.8,0.0,0.0015592772357011326,-0.004442139515548512,0.8368898186889818,0.9999999999999776,True,phase_cross_correlation_on_stable_channel,G,06,"{'y_start': 614, 'y_stop': 2586, 'x_start': 0, 'x_stop': 1691}"
G06,PLD3_only_no_mCherry,32,488nm Binned,0.0,-429.2,-0.0029595311729244496,-0.0038261261933313874,0.8503486750348676,0.9999999999999847,True,phase_cross_correlation_on_stable_channel,G,06,"{'y_start': 614, 'y_stop': 2586, 'x_start': 0, 'x_stop': 1691}"
G06,PLD3_only_no_mCherry,36,488nm Binned,613.6,0.0,0.003836227633257095,-0.0007790577378580442,0.7860529986052999,0.9999999999999781,True,phase_cross_correlation_on_stable_channel,G,06,"{'y_start': 614, 'y_stop': 2586, 'x_start': 0, 'x_stop': 1691}"
G06,PLD3_only_no_mCherry,39,488nm Binned,0.0,-1176.8,0.007158003280738535,0.009788838620194426,0.589679218967922,0.9999999999999908,True,phase_cross_correlation_on_stable_channel,G,06,"{'y_start': 614, 'y_stop': 2586, 'x_start': 0, 'x_stop': 1691}"
G07,PLD3_only_no_mCherry,8,488nm Binned,0.0,0.0,1.0,1.0,1.0,0.0,True,reference_timepoint,G,07,"{'y_start': 610, 'y_stop': 2660, 'x_start': 873, 'x_stop': 1868}"
G07,PLD3_only_no_mCherry,12,488nm Binned,365.5,0.0,-0.0019669629176847147,0.0022069915793277,0.8725592747559274,0.9999999999999792,True,phase_cross_correlation_on_stable_channel,G,07,"{'y_start': 610, 'y_stop': 2660, 'x_start': 873, 'x_stop': 1868}"
G07,PLD3_only_no_mCherry,16,488nm Binned,0.0,-952.7,0.013987810977762258,0.0047227614428541525,0.6678172942817293,0.9999999999999934,True,phase_cross_correlation_on_stable_channel,G,07,"{'y_start': 610, 'y_stop': 2660, 'x_start': 873, 'x_stop': 1868}"
G07,PLD3_only_no_mCherry,20,488nm Binned,-207.2,0.0,0.003534731524179291,-0.0004616607613488445,0.9277545327754533,0.9999999999999791,True,phase_cross_correlation_on_stable_channel,G,07,"{'y_start': 610, 'y_stop': 2660, 'x_start': 873, 'x_stop': 1868}"
G07,PLD3_only_no_mCherry,25,488nm Binned,0.0,872.6,0.006610400694743167,0.005228019910768568,0.6957461645746165,0.9999999999999909,True,phase_cross_correlation_on_stable_channel,G,07,"{'y_start': 610, 'y_stop': 2660, 'x_start': 873, 'x_stop': 1868}"
G07,PLD3_only_no_mCherry,29,488nm Binned,0.0,-999.3,0.004300952849185681,-0.0016985437656448852,0.6515690376569039,0.9999999999999831,True,phase_cross_correlation_on_stable_channel,G,07,"{'y_start': 610, 'y_stop': 2660, 'x_start': 873, 'x_stop': 1868}"
G07,PLD3_only_no_mCherry,32,488nm Binned,293.6,0.0,0.0003084229813968577,-0.00450994026132001,0.897629009762901,0.9999999999999845,True,phase_cross_correlation_on_stable_channel,G,07,"{'y_start': 610, 'y_stop': 2660, 'x_start': 873, 'x_stop': 1868}"
G07,PLD3_only_no_mCherry,36,488nm Binned,609.2,0.0,0.010875968086078774,0.003383093711309387,0.7875871687587169,0.9999999999999665,True,phase_cross_correlation_on_stable_channel,G,07,"{'y_start': 610, 'y_stop': 2660, 'x_start': 873, 'x_stop': 1868}"
G07,PLD3_only_no_mCherry,39,488nm Binned,416.5,0.0,0.00016752712416631416,0.0028136967217563284,0.8547768479776848,0.9999999999999922,True,phase_cross_correlation_on_stable_channel,G,07,"{'y_start': 610, 'y_stop': 2660, 'x_start': 873, 'x_stop': 1868}"
G08,PLD3_only_no_mCherry,8,488nm Binned,0.0,0.0,1.0,1.0,1.0,0.0,True,reference_timepoint,G,08,"{'y_start': 1195, 'y_stop': 2868, 'x_start': 1401, 'x_stop': 1961}"
G08,PLD3_only_no_mCherry,12,488nm Binned,0.0,-906.4,0.001650400971626961,0.006052166587822506,0.6839609483960948,0.9999999999999865,True,phase_cross_correlation_on_stable_channel,G,08,"{'y_start': 1195, 'y_stop': 2868, 'x_start': 1401, 'x_stop': 1961}"
G08,PLD3_only_no_mCherry,16,488nm Binned,0.0,1304.6,0.0012744522987354176,-0.0028330313693419626,0.545118549511855,0.9999999999999827,True,phase_cross_correlation_on_stable_channel,G,08,"{'y_start': 1195, 'y_stop': 2868, 'x_start': 1401, 'x_stop': 1961}"
G08,PLD3_only_no_mCherry,20,488nm Binned,1194.1,0.0,0.0028072635840373536,-0.008167512850536483,0.5836471408647141,0.9999999999999809,True,phase_cross_correlation_on_stable_channel,G,08,"{'y_start': 1195, 'y_stop': 2868, 'x_start': 1401, 'x_stop': 1961}"
G08,PLD3_only_no_mCherry,25,488nm Binned,73.3,0.0,0.007253640343273834,0.09854401488088968,0.9744421199442119,0.9999999999999866,True,phase_cross_correlation_on_stable_channel,G,08,"{'y_start': 1195, 'y_stop': 2868, 'x_start': 1401, 'x_stop': 1961}"
G08,PLD3_only_no_mCherry,29,488nm Binned,0.0,1400.8,0.014873974191756987,0.007984536187519485,0.5115760111576012,0.9999999999999719,True,phase_cross_correlation_on_stable_channel,G,08,"{'y_start': 1195, 'y_stop': 2868, 'x_start': 1401, 'x_stop': 1961}"
G08,PLD3_only_no_mCherry,32,488nm Binned,0.0,-69.9,0.00653153681452499,0.004398192126190038,0.9756276150627615,0.9999999999999821,True,phase_cross_correlation_on_stable_channel,G,08,"{'y_start': 1195, 'y_stop': 2868, 'x_start': 1401, 'x_stop': 1961}"
G08,PLD3_only_no_mCherry,36,488nm Binned,102.2,0.0,0.0011913204181528282,0.0060143469938368065,0.9643654114365412,0.9999999999999819,True,phase_cross_correlation_on_stable_channel,G,08,"{'y_start': 1195, 'y_stop': 2868, 'x_start': 1401, 'x_stop': 1961}"
G08,PLD3_only_no_mCherry,39,488nm Binned,103.3,0.0,-0.00044145366288984573,-0.0036094202404971768,0.9639818688981868,0.9999999999999863,True,phase_cross_correlation_on_stable_channel,G,08,"{'y_start': 1195, 'y_stop': 2868, 'x_start': 1401, 'x_stop': 1961}"
G09,PLD3_only_no_mCherry,8,488nm Binned,0.0,0.0,1.0,1.0,1.0,0.0,True,reference_timepoint,G,09,"{'y_start': 812, 'y_stop': 1899, 'x_start': 0, 'x_stop': 1684}"
G09,PLD3_only_no_mCherry,12,488nm Binned,-945.9,0.0,-0.004146940067400437,0.0037178642436521154,0.6701882845188284,0.9999999999999805,True,phase_cross_correlation_on_stable_channel,G,09,"{'y_start': 812, 'y_stop': 1899, 'x_start': 0, 'x_stop': 1684}"
G09,PLD3_only_no_mCherry,16,488nm Binned,94.8,0.0,0.006392923718982441,-0.0012887719339811008,0.9669456066945606,0.9999999999999866,True,phase_cross_correlation_on_stable_channel,G,09,"{'y_start': 812, 'y_stop': 1899, 'x_start': 0, 'x_stop': 1684}"
G09,PLD3_only_no_mCherry,20,488nm Binned,-968.8,0.0,-0.003980707260458946,0.007136136115383007,0.6622036262203627,0.999999999999979,True,phase_cross_correlation_on_stable_channel,G,09,"{'y_start': 812, 'y_stop': 1899, 'x_start': 0, 'x_stop': 1684}"
G09,PLD3_only_no_mCherry,25,488nm Binned,0.0,-547.5,0.004302794884796265,0.004247385984764184,0.8091004184100419,0.9999999999999764,True,phase_cross_correlation_on_stable_channel,G,09,"{'y_start': 812, 'y_stop': 1899, 'x_start': 0, 'x_stop': 1684}"
G09,PLD3_only_no_mCherry,29,488nm Binned,0.0,-1183.1,0.01250437429414512,-0.001998014787115772,0.5874825662482567,0.9999999999999869,True,phase_cross_correlation_on_stable_channel,G,09,"{'y_start': 812, 'y_stop': 1899, 'x_start': 0, 'x_stop': 1684}"
G09,PLD3_only_no_mCherry,32,488nm Binned,812.0,0.0,-0.009348270658590369,0.0025368598320661523,0.7168758716875872,0.9999999999999855,True,phase_cross_correlation_on_stable_channel,G,09,"{'y_start': 812, 'y_stop': 1899, 'x_start': 0, 'x_stop': 1684}"
G09,PLD3_only_no_mCherry,36,488nm Binned,-536.9,0.0,0.004107852090487726,0.0061923674131021495,0.8127963737796373,0.9999999999999793,True,phase_cross_correlation_on_stable_channel,G,09,"{'y_start': 812, 'y_stop': 1899, 'x_start': 0, 'x_stop': 1684}"
G09,PLD3_only_no_mCherry,39,488nm Binned,-549.8,0.0,0.005521702448199308,0.0019915605113728155,0.8082984658298465,0.9999999999999899,True,phase_cross_correlation_on_stable_channel,G,09,"{'y_start': 812, 'y_stop': 1899, 'x_start': 0, 'x_stop': 1684}"
G11,PLD3_only_no_mCherry,8,488nm Binned,0.0,0.0,1.0,1.0,1.0,0.0,True,reference_timepoint,G,11,"{'y_start': 1197, 'y_stop': 2825, 'x_start': 1430, 'x_stop': 2868}"
G11,PLD3_only_no_mCherry,12,488nm Binned,0.0,1047.6,0.0038247312600261964,0.0034460499126681625,0.6347280334728034,0.9999999999999766,True,phase_cross_correlation_on_stable_channel,G,11,"{'y_start': 1197, 'y_stop': 2825, 'x_start': 1430, 'x_stop': 2868}"
G11,PLD3_only_no_mCherry,16,488nm Binned,17.8,0.0,0.0018328118543594854,0.002232430158671397,0.9937935843793584,0.9999999999999868,True,phase_cross_correlation_on_stable_channel,G,11,"{'y_start': 1197, 'y_stop': 2825, 'x_start': 1430, 'x_stop': 2868}"
G11,PLD3_only_no_mCherry,20,488nm Binned,0.0,1430.0,0.006133611099357223,0.009536121188595191,0.50139470013947,0.9999999999999831,True,phase_cross_correlation_on_stable_channel,G,11,"{'y_start': 1197, 'y_stop': 2825, 'x_start': 1430, 'x_stop': 2868}"
G11,PLD3_only_no_mCherry,25,488nm Binned,-42.7,0.0,0.002176271005906715,0.011767896379433516,0.9851115760111576,0.9999999999999896,True,phase_cross_correlation_on_stable_channel,G,11,"{'y_start': 1197, 'y_stop': 2825, 'x_start': 1430, 'x_stop': 2868}"
G11,PLD3_only_no_mCherry,29,488nm Binned,0.0,638.3,0.012268908879445994,0.004651282813137959,0.7774407252440725,0.9999999999999879,True,phase_cross_correlation_on_stable_channel,G,11,"{'y_start': 1197, 'y_stop': 2825, 'x_start': 1430, 'x_stop': 2868}"
G11,PLD3_only_no_mCherry,32,488nm Binned,0.0,803.8,0.004012456361978081,0.008028551574947397,0.7197350069735007,0.9999999999999798,True,phase_cross_correlation_on_stable_channel,G,11,"{'y_start': 1197, 'y_stop': 2825, 'x_start': 1430, 'x_stop': 2868}"
G11,PLD3_only_no_mCherry,36,488nm Binned,1196.2,0.0,0.0011088326238230803,-0.000914042210325409,0.5829149232914923,0.999999999999991,True,phase_cross_correlation_on_stable_channel,G,11,"{'y_start': 1197, 'y_stop': 2825, 'x_start': 1430, 'x_stop': 2868}"
G11,PLD3_only_no_mCherry,39,488nm Binned,-10.9,0.0,-0.0038330627969076787,-0.00258185550230945,0.9961994421199442,0.9999999999999879,True,phase_cross_correlation_on_stable_channel,G,11,"{'y_start': 1197, 'y_stop': 2825, 'x_start': 1430, 'x_stop': 2868}"
G10,PLD3_only_no_mCherry,8,488nm Binned,0.0,0.0,1.0,1.0,1.0,0.0,True,reference_timepoint,G,10,"{'y_start': 0, 'y_stop': 2129, 'x_start': 1050, 'x_stop': 1986}"
G10,PLD3_only_no_mCherry,12,488nm Binned,0.0,985.5,-0.000622821491067524,0.0011840412315766258,0.6563807531380753,0.9999999999999893,True,phase_cross_correlation_on_stable_channel,G,10,"{'y_start': 0, 'y_stop': 2129, 'x_start': 1050, 'x_stop': 1986}"
G10,PLD3_only_no_mCherry,16,488nm Binned,0.0,-881.6,0.007611609822978309,0.012590496733351605,0.692608089260809,0.9999999999999941,True,phase_cross_correlation_on_stable_channel,G,10,"{'y_start': 0, 'y_stop': 2129, 'x_start': 1050, 'x_stop': 1986}"
G10,PLD3_only_no_mCherry,20,488nm Binned,-738.4,-0.1,0.002194877476068481,0.006940453656215876,0.7425124637951794,0.9999999999999974,True,phase_cross_correlation_on_stable_channel,G,10,"{'y_start': 0, 'y_stop': 2129, 'x_start': 1050, 'x_stop': 1986}"
G10,PLD3_only_no_mCherry,25,488nm Binned,0.0,-598.6,0.004271674699656762,0.0072626196191294,0.7912831241283125,0.9999999999999881,True,phase_cross_correlation_on_stable_channel,G,10,"{'y_start': 0, 'y_stop': 2129, 'x_start': 1050, 'x_stop': 1986}"
G10,PLD3_only_no_mCherry,29,488nm Binned,0.0,1049.9,0.01859861704367485,0.006728927316638815,0.633926080892608,0.9999999999999903,True,phase_cross_correlation_on_stable_channel,G,10,"{'y_start': 0, 'y_stop': 2129, 'x_start': 1050, 'x_stop': 1986}"
G10,PLD3_only_no_mCherry,32,488nm Binned,0.0,-252.2,-0.0007466511814750582,0.0003117497656303842,0.9120641562064157,0.9999999999999948,True,phase_cross_correlation_on_stable_channel,G,10,"{'y_start': 0, 'y_stop': 2129, 'x_start': 1050, 'x_stop': 1986}"
G10,PLD3_only_no_mCherry,36,488nm Binned,0.0,-208.0,0.0014106593204898665,-0.0010331158971701529,0.9274755927475593,0.9999999999999925,True,phase_cross_correlation_on_stable_channel,G,10,"{'y_start': 0, 'y_stop': 2129, 'x_start': 1050, 'x_stop': 1986}"
G10,PLD3_only_no_mCherry,39,488nm Binned,0.0,-568.0,-0.0006255593925382252,0.0012747017674146935,0.8019525801952581,0.9999999999999929,True,phase_cross_correlation_on_stable_channel,G,10,"{'y_start': 0, 'y_stop': 2129, 'x_start': 1050, 'x_stop': 1986}"
G12,PLD3_only_no_mCherry,8,488nm Binned,0.0,0.0,1.0,1.0,1.0,0.0,True,reference_timepoint,G,12,"{'y_start': 0, 'y_stop': 2868, 'x_start': 1402, 'x_stop': 2024}"
G12,PLD3_only_no_mCherry,12,488nm Binned,0.0,-347.1,0.001483007317602135,0.003186727707738477,0.8789748953974895,0.9999999999999944,True,phase_cross_correlation_on_stable_channel,G,12,"{'y_start': 0, 'y_stop': 2868, 'x_start': 1402, 'x_stop': 2024}"
G12,PLD3_only_no_mCherry,16,488nm Binned,0.0,-843.5,0.006964568559280526,0.0021525696205868935,0.7058926080892608,0.9999999999999933,True,phase_cross_correlation_on_stable_channel,G,12,"{'y_start': 0, 'y_stop': 2868, 'x_start': 1402, 'x_stop': 2024}"
G12,PLD3_only_no_mCherry,20,488nm Binned,0.0,1148.7,0.004948117436951437,-0.0020306900691011544,0.5994769874476987,0.999999999999995,True,phase_cross_correlation_on_stable_channel,G,12,"{'y_start': 0, 'y_stop': 2868, 'x_start': 1402, 'x_stop': 2024}"
G12,PLD3_only_no_mCherry,25,488nm Binned,0.0,-556.3,8.807330073645922e-05,0.0014007246116467915,0.8060320781032078,0.9999999999999925,True,phase_cross_correlation_on_stable_channel,G,12,"{'y_start': 0, 'y_stop': 2868, 'x_start': 1402, 'x_stop': 2024}"
G12,PLD3_only_no_mCherry,29,488nm Binned,0.0,380.6,0.0045573465160011935,-0.004785800570003738,0.8672942817294282,0.999999999999994,True,phase_cross_correlation_on_stable_channel,G,12,"{'y_start': 0, 'y_stop': 2868, 'x_start': 1402, 'x_stop': 2024}"
G12,PLD3_only_no_mCherry,32,488nm Binned,0.0,0.2,0.006900691975636374,0.006840381755056233,0.9999302649930265,0.9999999999999909,True,phase_cross_correlation_on_stable_channel,G,12,"{'y_start': 0, 'y_stop': 2868, 'x_start': 1402, 'x_stop': 2024}"
G12,PLD3_only_no_mCherry,36,488nm Binned,0.0,-549.8,0.007323178143786873,0.0002461936849810751,0.8082984658298465,0.9999999999999938,True,phase_cross_correlation_on_stable_channel,G,12,"{'y_start': 0, 'y_stop': 2868, 'x_start': 1402, 'x_stop': 2024}"
G12,PLD3_only_no_mCherry,39,488nm Binned,0.0,1402.0,-0.0035326827463388025,-0.004536396574224711,0.5111576011157601,0.9999999999999957,True,phase_cross_correlation_on_stable_channel,G,12,"{'y_start': 0, 'y_stop': 2868, 'x_start': 1402, 'x_stop': 2024}"
G14,PLD3_only_no_mCherry,8,488nm Binned,0.0,0.0,1.0,1.0,1.0,0.0,True,reference_timepoint,G,14,"{'y_start': 1304, 'y_stop': 2143, 'x_start': 0, 'x_stop': 1756}"
G14,PLD3_only_no_mCherry,12,488nm Binned,0.0,-1112.0,0.0022027024976570644,0.009177520453861162,0.6122733612273361,0.9999999999999877,True,phase_cross_correlation_on_stable_channel,G,14,"{'y_start': 1304, 'y_stop': 2143, 'x_start': 0, 'x_stop': 1756}"
G14,PLD3_only_no_mCherry,16,488nm Binned,-60.9,0.0,0.006148016902259874,0.015094723060291462,0.978765690376569,0.999999999999986,True,phase_cross_correlation_on_stable_channel,G,14,"{'y_start': 1304, 'y_stop': 2143, 'x_start': 0, 'x_stop': 1756}"
G14,PLD3_only_no_mCherry,20,488nm Binned,-246.4,0.0,0.0032800490724839617,0.011544284845371646,0.9140864714086471,0.9999999999999807,True,phase_cross_correlation_on_stable_channel,G,14,"{'y_start': 1304, 'y_stop': 2143, 'x_start': 0, 'x_stop': 1756}"
G14,PLD3_only_no_mCherry,25,488nm Binned,1303.6,0.0,0.0037393281692016038,-0.0005876810407488732,0.5454672245467225,0.9999999999999789,True,phase_cross_correlation_on_stable_channel,G,14,"{'y_start': 1304, 'y_stop': 2143, 'x_start': 0, 'x_stop': 1756}"
G14,PLD3_only_no_mCherry,29,488nm Binned,-616.0,0.0,0.003974801376440698,0.0032105852442746437,0.7852161785216178,0.999999999999955,True,phase_cross_correlation_on_stable_channel,G,14,"{'y_start': 1304, 'y_stop': 2143, 'x_start': 0, 'x_stop': 1756}"
G14,PLD3_only_no_mCherry,32,488nm Binned,-543.7,0.0,0.004657557200989797,0.0029500644859847,0.8104253835425383,0.9999999999999813,True,phase_cross_correlation_on_stable_channel,G,14,"{'y_start': 1304, 'y_stop': 2143, 'x_start': 0, 'x_stop': 1756}"
G14,PLD3_only_no_mCherry,36,488nm Binned,-724.8,0.0,-0.0039561402786728525,-0.0014311139213442035,0.7472803347280335,0.9999999999999759,True,phase_cross_correlation_on_stable_channel,G,14,"{'y_start': 1304, 'y_stop': 2143, 'x_start': 0, 'x_stop': 1756}"
G14,PLD3_only_no_mCherry,39,488nm Binned,1229.1,0.0,0.000583241520578167,-0.0035017111620600175,0.5714435146443515,0.9999999999999873,True,phase_cross_correlation_on_stable_channel,G,14,"{'y_start': 1304, 'y_stop': 2143, 'x_start': 0, 'x_stop': 1756}"
G13,PLD3_only_no_mCherry,8,488nm Binned,0.0,0.0,1.0,1.0,1.0,0.0,True,reference_timepoint,G,13,"{'y_start': 0, 'y_stop': 2168, 'x_start': 268, 'x_stop': 1858}"
G13,PLD3_only_no_mCherry,12,488nm Binned,0.0,235.8,-0.00438139266260596,-0.006166501097390986,0.9177824267782426,0.9999999999999916,True,phase_cross_correlation_on_stable_channel,G,13,"{'y_start': 0, 'y_stop': 2168, 'x_start': 268, 'x_stop': 1858}"
G13,PLD3_only_no_mCherry,16,488nm Binned,-699.2,0.0,0.002111755051496578,-0.003140248557587177,0.7562064156206416,0.9999999999999912,True,phase_cross_correlation_on_stable_channel,G,13,"{'y_start': 0, 'y_stop': 2168, 'x_start': 268, 'x_stop': 1858}"
G13,PLD3_only_no_mCherry,20,488nm Binned,0.0,-1009.4,-0.007029868261170437,0.008598448965274993,0.648047419804742,0.9999999999999883,True,phase_cross_correlation_on_stable_channel,G,13,"{'y_start': 0, 'y_stop': 2168, 'x_start': 268, 'x_stop': 1858}"
G13,PLD3_only_no_mCherry,25,488nm Binned,0.0,103.1,0.00848513427046165,-0.0031353846397536027,0.9640516039051604,0.9999999999999923,True,phase_cross_correlation_on_stable_channel,G,13,"{'y_start': 0, 'y_stop': 2168, 'x_start': 268, 'x_stop': 1858}"
G13,PLD3_only_no_mCherry,29,488nm Binned,0.0,-664.8,0.010307518751583866,0.003441790503519179,0.7682008368200837,0.9999999999999895,True,phase_cross_correlation_on_stable_channel,G,13,"{'y_start': 0, 'y_stop': 2168, 'x_start': 268, 'x_stop': 1858}"
G13,PLD3_only_no_mCherry,32,488nm Binned,0.0,-890.3,0.001052799196580463,0.000384778160365237,0.6895746164574618,0.9999999999999952,True,phase_cross_correlation_on_stable_channel,G,13,"{'y_start': 0, 'y_stop': 2168, 'x_start': 268, 'x_stop': 1858}"
G13,PLD3_only_no_mCherry,36,488nm Binned,0.0,267.4,0.004566209144495199,0.0027642042533896913,0.9067642956764296,0.9999999999999915,True,phase_cross_correlation_on_stable_channel,G,13,"{'y_start': 0, 'y_stop': 2168, 'x_start': 268, 'x_stop': 1858}"
G13,PLD3_only_no_mCherry,39,488nm Binned,0.0,263.8,0.0005501255370503932,-0.008506058197214741,0.9080195258019526,0.9999999999999946,True,phase_cross_correlation_on_stable_channel,G,13,"{'y_start': 0, 'y_stop': 2168, 'x_start': 268, 'x_stop': 1858}"
G15,PLD3_only_no_mCherry,8,488nm Binned,0.0,0.0,1.0,1.0,1.0,0.0,True,reference_timepoint,G,15,"{'y_start': 1241, 'y_stop': 2868, 'x_start': 449, 'x_stop': 1972}"
G15,PLD3_only_no_mCherry,12,488nm Binned,0.0,-675.4,-0.0005831252346521257,0.003208487889224462,0.7645048814504881,0.9999999999999861,True,phase_cross_correlation_on_stable_channel,G,15,"{'y_start': 1241, 'y_stop': 2868, 'x_start': 449, 'x_stop': 1972}"
G15,PLD3_only_no_mCherry,16,488nm Binned,0.0,448.1,0.009520801696021843,-0.009087548083736496,0.8437587168758717,0.9999999999999825,True,phase_cross_correlation_on_stable_channel,G,15,"{'y_start': 1241, 'y_stop': 2868, 'x_start': 449, 'x_stop': 1972}"
G15,PLD3_only_no_mCherry,20,488nm Binned,0.0,-895.9,0.00481913682227182,0.004767104208182672,0.6876220362622036,0.9999999999999827,True,phase_cross_correlation_on_stable_channel,G,15,"{'y_start': 1241, 'y_stop': 2868, 'x_start': 449, 'x_stop': 1972}"
G15,PLD3_only_no_mCherry,25,488nm Binned,179.1,0.0,0.010595492436978307,0.005793422833372667,0.9375523012552301,0.9999999999999898,True,phase_cross_correlation_on_stable_channel,G,15,"{'y_start': 1241, 'y_stop': 2868, 'x_start': 449, 'x_stop': 1972}"
G15,PLD3_only_no_mCherry,29,488nm Binned,0.0,-852.5,0.011297277764450428,0.0011482233655690976,0.7027545327754533,0.999999999999984,True,phase_cross_correlation_on_stable_channel,G,15,"{'y_start': 1241, 'y_stop': 2868, 'x_start': 449, 'x_stop': 1972}"
G15,PLD3_only_no_mCherry,32,488nm Binned,216.8,0.0,0.0040484497253446775,0.01117926918462377,0.9244072524407252,0.9999999999999805,True,phase_cross_correlation_on_stable_channel,G,15,"{'y_start': 1241, 'y_stop': 2868, 'x_start': 449, 'x_stop': 1972}"
G15,PLD3_only_no_mCherry,36,488nm Binned,1240.9,0.0,0.00551938158707797,0.0022869136090615107,0.5673291492329149,0.9999999999999867,True,phase_cross_correlation_on_stable_channel,G,15,"{'y_start': 1241, 'y_stop': 2868, 'x_start': 449, 'x_stop': 1972}"
G15,PLD3_only_no_mCherry,39,488nm Binned,0.0,-670.0,0.0013872412559035223,0.001960546365557947,0.7663877266387726,0.9999999999999906,True,phase_cross_correlation_on_stable_channel,G,15,"{'y_start': 1241, 'y_stop': 2868, 'x_start': 449, 'x_stop': 1972}"
G16,PLD3_only_no_mCherry,8,488nm Binned,0.0,0.0,1.0,1.0,1.0,0.0,True,reference_timepoint,G,16,"{'y_start': 127, 'y_stop': 1806, 'x_start': 0, 'x_stop': 2868}"
G16,PLD3_only_no_mCherry,12,488nm Binned,-0.2,0.0,0.004954526196875635,0.005076395126472406,0.9999302649930265,0.9999999999999838,True,phase_cross_correlation_on_stable_channel,G,16,"{'y_start': 127, 'y_stop': 1806, 'x_start': 0, 'x_stop': 2868}"
G16,PLD3_only_no_mCherry,16,488nm Binned,-964.8,0.0,0.002096896808016984,0.003460822333937645,0.6635983263598327,0.9999999999999818,True,phase_cross_correlation_on_stable_channel,G,16,"{'y_start': 127, 'y_stop': 1806, 'x_start': 0, 'x_stop': 2868}"
G16,PLD3_only_no_mCherry,20,488nm Binned,-736.3,0.0,0.005010709291292018,0.009837827787380201,0.7432705718270571,0.9999999999999867,True,phase_cross_correlation_on_stable_channel,G,16,"{'y_start': 127, 'y_stop': 1806, 'x_start': 0, 'x_stop': 2868}"
G16,PLD3_only_no_mCherry,25,488nm Binned,-375.6,0.0,0.01016988527407297,0.008460566140519654,0.8690376569037657,0.9999999999999862,True,phase_cross_correlation_on_stable_channel,G,16,"{'y_start': 127, 'y_stop': 1806, 'x_start': 0, 'x_stop': 2868}"
G16,PLD3_only_no_mCherry,29,488nm Binned,-1061.8,0.0,0.011030938458552778,0.008381244369415468,0.6297768479776849,0.9999999999999929,True,phase_cross_correlation_on_stable_channel,G,16,"{'y_start': 127, 'y_stop': 1806, 'x_start': 0, 'x_stop': 2868}"
G16,PLD3_only_no_mCherry,32,488nm Binned,-151.8,0.0,-0.003748066796668783,0.00492059844524737,0.9470711297071129,0.9999999999999885,True,phase_cross_correlation_on_stable_channel,G,16,"{'y_start': 127, 'y_stop': 1806, 'x_start': 0, 'x_stop': 2868}"
G16,PLD3_only_no_mCherry,36,488nm Binned,126.6,0.0,0.009388986566888802,-0.0006792426803949285,0.9558577405857741,0.9999999999999902,True,phase_cross_correlation_on_stable_channel,G,16,"{'y_start': 127, 'y_stop': 1806, 'x_start': 0, 'x_stop': 2868}"
G16,PLD3_only_no_mCherry,39,488nm Binned,-250.0,0.0,0.0019083138943091272,0.006428218178915038,0.9128312412831241,0.9999999999999922,True,phase_cross_correlation_on_stable_channel,G,16,"{'y_start': 127, 'y_stop': 1806, 'x_start': 0, 'x_stop': 2868}"
G17,PLD3_only_no_mCherry,8,488nm Binned,0.0,0.0,1.0,1.0,1.0,0.0,True,reference_timepoint,G,17,"{'y_start': 1173, 'y_stop': 1611, 'x_start': 376, 'x_stop': 2726}"
G17,PLD3_only_no_mCherry,12,488nm Binned,-1092.9,0.0,0.005819140311226188,-0.010645231260528059,0.6189330543933054,0.9999999999999791,True,phase_cross_correlation_on_stable_channel,G,17,"{'y_start': 1173, 'y_stop': 1611, 'x_start': 376, 'x_stop': 2726}"
G17,PLD3_only_no_mCherry,16,488nm Binned,0.0,170.0,0.010385430616708219,0.001259904534020235,0.9407252440725244,0.9999999999999916,True,phase_cross_correlation_on_stable_channel,G,17,"{'y_start': 1173, 'y_stop': 1611, 'x_start': 376, 'x_stop': 2726}"
G17,PLD3_only_no_mCherry,20,488nm Binned,0.0,-121.7,0.005880546831290206,0.00509589708090095,0.9575662482566248,0.999999999999993,True,phase_cross_correlation_on_stable_channel,G,17,"{'y_start': 1173, 'y_stop': 1611, 'x_start': 376, 'x_stop': 2726}"
G17,PLD3_only_no_mCherry,25,488nm Binned,89.4,0.0,0.0037043078768102633,0.11946860333382041,0.9688284518828452,0.9999999999999752,True,phase_cross_correlation_on_stable_channel,G,17,"{'y_start': 1173, 'y_stop': 1611, 'x_start': 376, 'x_stop': 2726}"
G17,PLD3_only_no_mCherry,29,488nm Binned,1172.3,0.0,0.012165913165117663,0.008972615249543531,0.5912482566248257,0.9999999999999667,True,phase_cross_correlation_on_stable_channel,G,17,"{'y_start': 1173, 'y_stop': 1611, 'x_start': 376, 'x_stop': 2726}"
G17,PLD3_only_no_mCherry,32,488nm Binned,0.0,375.9,0.005219457459643208,0.0006481099579955785,0.8689330543933054,0.9999999999999872,True,phase_cross_correlation_on_stable_channel,G,17,"{'y_start': 1173, 'y_stop': 1611, 'x_start': 376, 'x_stop': 2726}"
G17,PLD3_only_no_mCherry,36,488nm Binned,0.0,-141.4,-0.0038253714766009785,0.0018089680680180734,0.950697350069735,0.9999999999999923,True,phase_cross_correlation_on_stable_channel,G,17,"{'y_start': 1173, 'y_stop': 1611, 'x_start': 376, 'x_stop': 2726}"
G17,PLD3_only_no_mCherry,39,488nm Binned,-1256.9,0.0,-0.004396573511551952,-0.003281183757171202,0.5617503486750348,0.9999999999999859,True,phase_cross_correlation_on_stable_channel,G,17,"{'y_start': 1173, 'y_stop': 1611, 'x_start': 376, 'x_stop': 2726}"
G18,PLD3_only_no_mCherry,8,488nm Binned,0.0,0.0,1.0,1.0,1.0,0.0,True,reference_timepoint,G,18,"{'y_start': 1377, 'y_stop': 1936, 'x_start': 173, 'x_stop': 1785}"
G18,PLD3_only_no_mCherry,12,488nm Binned,1376.9,0.0,0.0022343548300370135,-0.009361009855179233,0.5199093444909344,0.999999999999992,True,phase_cross_correlation_on_stable_channel,G,18,"{'y_start': 1377, 'y_stop': 1936, 'x_start': 173, 'x_stop': 1785}"
G18,PLD3_only_no_mCherry,16,488nm Binned,-136.9,0.0,0.0009063893874159665,-0.0014204890221549845,0.9522663877266387,0.999999999999985,True,phase_cross_correlation_on_stable_channel,G,18,"{'y_start': 1377, 'y_stop': 1936, 'x_start': 173, 'x_stop': 1785}"
G18,PLD3_only_no_mCherry,20,488nm Binned,1199.1,0.0,0.005206513978818853,-0.006709307307460517,0.5819037656903766,0.9999999999999898,True,phase_cross_correlation_on_stable_channel,G,18,"{'y_start': 1377, 'y_stop': 1936, 'x_start': 173, 'x_stop': 1785}"
G18,PLD3_only_no_mCherry,25,488nm Binned,0.0,-973.9,0.009821316950910786,0.010186421277163368,0.6604253835425383,0.999999999999991,True,phase_cross_correlation_on_stable_channel,G,18,"{'y_start': 1377, 'y_stop': 1936, 'x_start': 173, 'x_stop': 1785}"
G18,PLD3_only_no_mCherry,29,488nm Binned,0.0,-564.7,0.0025812569449496755,0.003643073597016228,0.8031032078103209,0.9999999999999883,True,phase_cross_correlation_on_stable_channel,G,18,"{'y_start': 1377, 'y_stop': 1936, 'x_start': 173, 'x_stop': 1785}"
G18,PLD3_only_no_mCherry,32,488nm Binned,-931.2,0.0,0.00904813382987183,0.007779749512494792,0.6753138075313807,0.9999999999999851,True,phase_cross_correlation_on_stable_channel,G,18,"{'y_start': 1377, 'y_stop': 1936, 'x_start': 173, 'x_stop': 1785}"
G18,PLD3_only_no_mCherry,36,488nm Binned,0.0,-1083.0,0.0026330500019411344,-0.0003825941988463916,0.6223849372384938,0.9999999999999932,True,phase_cross_correlation_on_stable_channel,G,18,"{'y_start': 1377, 'y_stop': 1936, 'x_start': 173, 'x_stop': 1785}"
G18,PLD3_only_no_mCherry,39,488nm Binned,0.0,172.7,2.260938699368855e-05,0.003970074961065734,0.9397838214783822,0.9999999999999929,True,phase_cross_correlation_on_stable_channel,G,18,"{'y_start': 1377, 'y_stop': 1936, 'x_start': 173, 'x_stop': 1785}"
G19,PLD3_only_no_mCherry,8,488nm Binned,0.0,0.0,1.0,1.0,1.0,0.0,True,reference_timepoint,G,19,"{'y_start': 0, 'y_stop': 1770, 'x_start': 1240, 'x_stop': 1958}"
G19,PLD3_only_no_mCherry,12,488nm Binned,-1084.2,0.0,0.0017965895063692806,0.0062867312626962045,0.6219665271966527,0.9999999999999809,True,phase_cross_correlation_on_stable_channel,G,19,"{'y_start': 0, 'y_stop': 1770, 'x_start': 1240, 'x_stop': 1958}"
G19,PLD3_only_no_mCherry,16,488nm Binned,0.0,1239.5,0.00334499704092227,0.008699897231425693,0.5678172942817294,0.9999999999999858,True,phase_cross_correlation_on_stable_channel,G,19,"{'y_start': 0, 'y_stop': 1770, 'x_start': 1240, 'x_stop': 1958}"
G19,PLD3_only_no_mCherry,20,488nm Binned,-1097.4,0.0,0.003118142757564986,0.0023513766502976097,0.6173640167364016,0.9999999999999848,True,phase_cross_correlation_on_stable_channel,G,19,"{'y_start': 0, 'y_stop': 1770, 'x_start': 1240, 'x_stop': 1958}"
G19,PLD3_only_no_mCherry,25,488nm Binned,-919.7,0.0,0.0017114692344104231,0.005522515623943723,0.679323570432357,0.9999999999999888,True,phase_cross_correlation_on_stable_channel,G,19,"{'y_start': 0, 'y_stop': 1770, 'x_start': 1240, 'x_stop': 1958}"
G19,PLD3_only_no_mCherry,29,488nm Binned,0.0,-909.2,0.016337713581325068,-0.0059950553226801396,0.6829846582984658,0.9999999999999942,True,phase_cross_correlation_on_stable_channel,G,19,"{'y_start': 0, 'y_stop': 1770, 'x_start': 1240, 'x_stop': 1958}"
G19,PLD3_only_no_mCherry,32,488nm Binned,0.0,-0.1,-0.00043842417483773416,-0.00043926195735209884,0.9999651324965133,0.9999999999999882,True,phase_cross_correlation_on_stable_channel,G,19,"{'y_start': 0, 'y_stop': 1770, 'x_start': 1240, 'x_stop': 1958}"
G19,PLD3_only_no_mCherry,36,488nm Binned,-1091.8,-0.1,0.0029858492486756795,0.006715502351166944,0.6192950029080568,0.9999999999999931,True,phase_cross_correlation_on_stable_channel,G,19,"{'y_start': 0, 'y_stop': 1770, 'x_start': 1240, 'x_stop': 1958}"
G19,PLD3_only_no_mCherry,39,488nm Binned,0.0,859.5,-0.00147345640132577,0.006697240862243407,0.7003138075313807,0.9999999999999885,True,phase_cross_correlation_on_stable_channel,G,19,"{'y_start': 0, 'y_stop': 1770, 'x_start': 1240, 'x_stop': 1958}"
H06,PLD3_TMEM106B_no_mCherry,8,488nm Binned,0.0,0.0,1.0,1.0,1.0,0.0,True,reference_timepoint,H,06,"{'y_start': 0, 'y_stop': 1840, 'x_start': 1297, 'x_stop': 1860}"
H06,PLD3_TMEM106B_no_mCherry,12,488nm Binned,-883.0,0.0,0.0016978365879413387,0.007884273870290543,0.6921199442119944,0.9999999999999821,True,phase_cross_correlation_on_stable_channel,H,06,"{'y_start': 0, 'y_stop': 1840, 'x_start': 1297, 'x_stop': 1860}"
H06,PLD3_TMEM106B_no_mCherry,16,488nm Binned,0.0,1296.3,0.013173250829365372,-0.005391968814361529,0.5480125523012553,0.9999999999999809,True,phase_cross_correlation_on_stable_channel,H,06,"{'y_start': 0, 'y_stop': 1840, 'x_start': 1297, 'x_stop': 1860}"
H06,PLD3_TMEM106B_no_mCherry,20,488nm Binned,0.0,1112.9,-0.0005866908006581263,-0.005050188166001141,0.6119595536959553,0.9999999999999735,True,phase_cross_correlation_on_stable_channel,H,06,"{'y_start': 0, 'y_stop': 1840, 'x_start': 1297, 'x_stop': 1860}"
H06,PLD3_TMEM106B_no_mCherry,25,488nm Binned,0.0,-969.6,0.010138451859803948,0.0038264774613023067,0.6619246861924687,0.9999999999999867,True,phase_cross_correlation_on_stable_channel,H,06,"{'y_start': 0, 'y_stop': 1840, 'x_start': 1297, 'x_stop': 1860}"
H06,PLD3_TMEM106B_no_mCherry,29,488nm Binned,0.0,-1007.6,0.006974539567416401,-0.0018446748031398284,0.6486750348675036,0.999999999999974,True,phase_cross_correlation_on_stable_channel,H,06,"{'y_start': 0, 'y_stop': 1840, 'x_start': 1297, 'x_stop': 1860}"
H06,PLD3_TMEM106B_no_mCherry,32,488nm Binned,-744.6,0.0,0.006277444010201304,0.004697091593472366,0.7403765690376569,0.9999999999999803,True,phase_cross_correlation_on_stable_channel,H,06,"{'y_start': 0, 'y_stop': 1840, 'x_start': 1297, 'x_stop': 1860}"
H06,PLD3_TMEM106B_no_mCherry,36,488nm Binned,0.0,-464.7,0.01119695237149162,0.0020444312812618326,0.8379707112970711,0.9999999999999897,True,phase_cross_correlation_on_stable_channel,H,06,"{'y_start': 0, 'y_stop': 1840, 'x_start': 1297, 'x_stop': 1860}"
H06,PLD3_TMEM106B_no_mCherry,39,488nm Binned,-1027.8,0.0,0.0016731369692324224,0.0008112202972519888,0.64163179916318,0.9999999999999837,True,phase_cross_correlation_on_stable_channel,H,06,"{'y_start': 0, 'y_stop': 1840, 'x_start': 1297, 'x_stop': 1860}"
G20,PLD3_only_no_mCherry,8,488nm Binned,0.0,0.0,1.0,1.0,1.0,0.0,True,reference_timepoint,G,20,"{'y_start': 23, 'y_stop': 1456, 'x_start': 104, 'x_stop': 2667}"
G20,PLD3_only_no_mCherry,12,488nm Binned,0.0,-200.2,0.014935261913174593,0.011881795037844959,0.9301952580195259,0.99999999999999,True,phase_cross_correlation_on_stable_channel,G,20,"{'y_start': 23, 'y_stop': 1456, 'x_start': 104, 'x_stop': 2667}"
G20,PLD3_only_no_mCherry,16,488nm Binned,-735.1,0.0,0.01090934960020227,0.006011128814485517,0.7436889818688982,0.9999999999999687,True,phase_cross_correlation_on_stable_channel,G,20,"{'y_start': 23, 'y_stop': 1456, 'x_start': 104, 'x_stop': 2667}"
G20,PLD3_only_no_mCherry,20,488nm Binned,22.8,0.0,0.013012349418720072,0.005104378949799944,0.9920502092050208,0.9999999999999405,True,phase_cross_correlation_on_stable_channel,G,20,"{'y_start': 23, 'y_stop': 1456, 'x_start': 104, 'x_stop': 2667}"
G20,PLD3_only_no_mCherry,25,488nm Binned,-1411.9,0.0,0.012823351957705585,0.014678065325003773,0.5077057182705718,0.9999999999999784,True,phase_cross_correlation_on_stable_channel,G,20,"{'y_start': 23, 'y_stop': 1456, 'x_start': 104, 'x_stop': 2667}"
G20,PLD3_only_no_mCherry,29,488nm Binned,0.0,2.1,0.008489881338640782,0.007782919227056375,0.9992677824267783,0.9999999999999462,True,phase_cross_correlation_on_stable_channel,G,20,"{'y_start': 23, 'y_stop': 1456, 'x_start': 104, 'x_stop': 2667}"
G20,PLD3_only_no_mCherry,32,488nm Binned,0.0,103.4,0.006883838698534992,0.005232213339525014,0.9639470013947001,0.999999999999981,True,phase_cross_correlation_on_stable_channel,G,20,"{'y_start': 23, 'y_stop': 1456, 'x_start': 104, 'x_stop': 2667}"
G20,PLD3_only_no_mCherry,36,488nm Binned,-881.9,0.0,0.002641983528327924,0.012969606990592627,0.6925034867503487,0.9999999999999881,True,phase_cross_correlation_on_stable_channel,G,20,"{'y_start': 23, 'y_stop': 1456, 'x_start': 104, 'x_stop': 2667}"
G20,PLD3_only_no_mCherry,39,488nm Binned,0.0,53.9,-0.0011264401431628863,0.0004819758640795477,0.9812064156206416,0.9999999999999847,True,phase_cross_correlation_on_stable_channel,G,20,"{'y_start': 23, 'y_stop': 1456, 'x_start': 104, 'x_stop': 2667}"
H05,PLD3_TMEM106B_no_mCherry,8,488nm Binned,0.0,0.0,1.0,1.0,1.0,0.0,True,reference_timepoint,H,05,"{'y_start': 76, 'y_stop': 2678, 'x_start': 1065, 'x_stop': 2372}"
H05,PLD3_TMEM106B_no_mCherry,12,488nm Binned,58.0,0.0,0.006964471255069925,0.0028108025340591743,0.9797768479776848,0.9999999999999879,True,phase_cross_correlation_on_stable_channel,H,05,"{'y_start': 76, 'y_stop': 2678, 'x_start': 1065, 'x_stop': 2372}"
H05,PLD3_TMEM106B_no_mCherry,16,488nm Binned,0.0,-2.2,0.01833030847427731,0.019720962963749956,0.9992329149232916,0.9999999999999837,True,phase_cross_correlation_on_stable_channel,H,05,"{'y_start': 76, 'y_stop': 2678, 'x_start': 1065, 'x_stop': 2372}"
H05,PLD3_TMEM106B_no_mCherry,20,488nm Binned,-173.2,0.0,0.002535080003522351,0.00692126580251585,0.9396094839609485,0.9999999999999915,True,phase_cross_correlation_on_stable_channel,H,05,"{'y_start': 76, 'y_stop': 2678, 'x_start': 1065, 'x_stop': 2372}"
H05,PLD3_TMEM106B_no_mCherry,25,488nm Binned,75.6,0.0,0.014481342174587871,0.11716347726091546,0.9736401673640167,0.99999999999998,True,phase_cross_correlation_on_stable_channel,H,05,"{'y_start': 76, 'y_stop': 2678, 'x_start': 1065, 'x_stop': 2372}"
H05,PLD3_TMEM106B_no_mCherry,29,488nm Binned,-97.6,0.0,0.011280716205410933,0.0016813270824170556,0.9659693165969316,0.999999999999973,True,phase_cross_correlation_on_stable_channel,H,05,"{'y_start': 76, 'y_stop': 2678, 'x_start': 1065, 'x_stop': 2372}"
H05,PLD3_TMEM106B_no_mCherry,32,488nm Binned,0.0,-495.6,0.010281366755024161,0.0034762831523196427,0.8271966527196652,0.9999999999999929,True,phase_cross_correlation_on_stable_channel,H,05,"{'y_start': 76, 'y_stop': 2678, 'x_start': 1065, 'x_stop': 2372}"
H05,PLD3_TMEM106B_no_mCherry,36,488nm Binned,0.0,1064.4,0.0022324563779328346,0.011530283122278925,0.6288702928870292,0.9999999999999795,True,phase_cross_correlation_on_stable_channel,H,05,"{'y_start': 76, 'y_stop': 2678, 'x_start': 1065, 'x_stop': 2372}"
H05,PLD3_TMEM106B_no_mCherry,39,488nm Binned,-189.6,0.0,-0.0024814805142107355,0.006442462892563087,0.9338912133891214,0.9999999999999877,True,phase_cross_correlation_on_stable_channel,H,05,"{'y_start': 76, 'y_stop': 2678, 'x_start': 1065, 'x_stop': 2372}"
H08,PLD3_TMEM106B_no_mCherry,8,488nm Binned,0.0,0.0,1.0,1.0,1.0,0.0,True,reference_timepoint,H,08,"{'y_start': 848, 'y_stop': 1677, 'x_start': 0, 'x_stop': 1835}"
H08,PLD3_TMEM106B_no_mCherry,12,488nm Binned,-1190.4,0.0,0.005793258274019516,0.0074605184775813,0.5849372384937238,0.9999999999999866,True,phase_cross_correlation_on_stable_channel,H,08,"{'y_start': 848, 'y_stop': 1677, 'x_start': 0, 'x_stop': 1835}"
H08,PLD3_TMEM106B_no_mCherry,16,488nm Binned,0.0,-978.3,0.016127224286374,-0.0025371775864994808,0.6588912133891214,0.9999999999999934,True,phase_cross_correlation_on_stable_channel,H,08,"{'y_start': 848, 'y_stop': 1677, 'x_start': 0, 'x_stop': 1835}"
H08,PLD3_TMEM106B_no_mCherry,20,488nm Binned,42.1,0.0,-0.004858175429659318,0.0015998848833852796,0.9853207810320781,0.9999999999999871,True,phase_cross_correlation_on_stable_channel,H,08,"{'y_start': 848, 'y_stop': 1677, 'x_start': 0, 'x_stop': 1835}"
H08,PLD3_TMEM106B_no_mCherry,25,488nm Binned,65.8,0.0,0.0023218168553080826,0.07141586551733864,0.9770571827057182,0.9999999999999876,True,phase_cross_correlation_on_stable_channel,H,08,"{'y_start': 848, 'y_stop': 1677, 'x_start': 0, 'x_stop': 1835}"
H08,PLD3_TMEM106B_no_mCherry,29,488nm Binned,0.0,-951.5,0.013869825118365682,-0.0013644820911633234,0.6682357043235704,0.9999999999999897,True,phase_cross_correlation_on_stable_channel,H,08,"{'y_start': 848, 'y_stop': 1677, 'x_start': 0, 'x_stop': 1835}"
H08,PLD3_TMEM106B_no_mCherry,32,488nm Binned,0.0,-1032.9,0.004413740344175647,0.0019572439794917746,0.6398535564853556,0.999999999999993,True,phase_cross_correlation_on_stable_channel,H,08,"{'y_start': 848, 'y_stop': 1677, 'x_start': 0, 'x_stop': 1835}"
H08,PLD3_TMEM106B_no_mCherry,36,488nm Binned,108.9,0.0,0.001912400380074876,-0.0024958079849276456,0.9620292887029288,0.999999999999981,True,phase_cross_correlation_on_stable_channel,H,08,"{'y_start': 848, 'y_stop': 1677, 'x_start': 0, 'x_stop': 1835}"
H08,PLD3_TMEM106B_no_mCherry,39,488nm Binned,847.5,0.0,-0.0035458915039593237,0.018693925995708353,0.7044979079497908,0.999999999999983,True,phase_cross_correlation_on_stable_channel,H,08,"{'y_start': 848, 'y_stop': 1677, 'x_start': 0, 'x_stop': 1835}"
H07,PLD3_TMEM106B_no_mCherry,8,488nm Binned,0.0,0.0,1.0,1.0,1.0,0.0,True,reference_timepoint,H,07,"{'y_start': 357, 'y_stop': 2834, 'x_start': 1023, 'x_stop': 2391}"
H07,PLD3_TMEM106B_no_mCherry,12,488nm Binned,-34.0,0.0,0.0008234715414053257,0.0034004482888817227,0.9881450488145049,0.9999999999999892,True,phase_cross_correlation_on_stable_channel,H,07,"{'y_start': 357, 'y_stop': 2834, 'x_start': 1023, 'x_stop': 2391}"
H07,PLD3_TMEM106B_no_mCherry,16,488nm Binned,203.8,0.0,0.015695098822968937,0.006336159870117833,0.9289400278940028,0.9999999999999831,True,phase_cross_correlation_on_stable_channel,H,07,"{'y_start': 357, 'y_stop': 2834, 'x_start': 1023, 'x_stop': 2391}"
H07,PLD3_TMEM106B_no_mCherry,20,488nm Binned,0.0,1022.4,0.0008230288837763829,0.004436775288894997,0.6435146443514644,0.9999999999999906,True,phase_cross_correlation_on_stable_channel,H,07,"{'y_start': 357, 'y_stop': 2834, 'x_start': 1023, 'x_stop': 2391}"
H07,PLD3_TMEM106B_no_mCherry,25,488nm Binned,0.0,-424.9,0.021268816988521757,0.007758778694991522,0.8518479776847977,0.9999999999999886,True,phase_cross_correlation_on_stable_channel,H,07,"{'y_start': 357, 'y_stop': 2834, 'x_start': 1023, 'x_stop': 2391}"
H07,PLD3_TMEM106B_no_mCherry,29,488nm Binned,0.0,0.0,0.014027386169128759,0.014027386169128759,1.0,0.9999999999999651,True,phase_cross_correlation_on_stable_channel,H,07,"{'y_start': 357, 'y_stop': 2834, 'x_start': 1023, 'x_stop': 2391}"
H07,PLD3_TMEM106B_no_mCherry,32,488nm Binned,0.0,-234.9,-0.0004102591701319137,0.0036864410733593134,0.9180962343096234,0.9999999999999846,True,phase_cross_correlation_on_stable_channel,H,07,"{'y_start': 357, 'y_stop': 2834, 'x_start': 1023, 'x_stop': 2391}"
H07,PLD3_TMEM106B_no_mCherry,36,488nm Binned,0.0,-476.9,-0.0038716631238140506,0.004835076784629389,0.8337168758716875,0.9999999999999858,True,phase_cross_correlation_on_stable_channel,H,07,"{'y_start': 357, 'y_stop': 2834, 'x_start': 1023, 'x_stop': 2391}"
H07,PLD3_TMEM106B_no_mCherry,39,488nm Binned,356.7,0.0,0.0028682238501075256,-0.0046849189093819835,0.8756276150627615,0.9999999999999906,True,phase_cross_correlation_on_stable_channel,H,07,"{'y_start': 357, 'y_stop': 2834, 'x_start': 1023, 'x_stop': 2391}"
H09,PLD3_TMEM106B_no_mCherry,8,488nm Binned,0.0,0.0,1.0,1.0,1.0,0.0,True,reference_timepoint,H,09,"{'y_start': 1335, 'y_stop': 2851, 'x_start': 1275, 'x_stop': 1439}"
H09,PLD3_TMEM106B_no_mCherry,12,488nm Binned,288.0,0.0,-0.0009759337060211287,-0.00656448807814666,0.899581589958159,0.9999999999999838,True,phase_cross_correlation_on_stable_channel,H,09,"{'y_start': 1335, 'y_stop': 2851, 'x_start': 1275, 'x_stop': 1439}"
H09,PLD3_TMEM106B_no_mCherry,16,488nm Binned,282.8,0.0,0.01855847873300994,-0.0024061449452540086,0.90139470013947,0.9999999999999905,True,phase_cross_correlation_on_stable_channel,H,09,"{'y_start': 1335, 'y_stop': 2851, 'x_start': 1275, 'x_stop': 1439}"
H09,PLD3_TMEM106B_no_mCherry,20,488nm Binned,732.2,0.0,0.004026501879368418,0.009887579377827771,0.744700139470014,0.9999999999999841,True,phase_cross_correlation_on_stable_channel,H,09,"{'y_start': 1335, 'y_stop': 2851, 'x_start': 1275, 'x_stop': 1439}"
H09,PLD3_TMEM106B_no_mCherry,25,488nm Binned,0.0,1274.9,0.0019296726918994762,-0.0068892639763725805,0.5554741980474198,0.9999999999999917,True,phase_cross_correlation_on_stable_channel,H,09,"{'y_start': 1335, 'y_stop': 2851, 'x_start': 1275, 'x_stop': 1439}"
H09,PLD3_TMEM106B_no_mCherry,29,488nm Binned,0.0,-1190.5,0.005879255687974368,0.006804444110325115,0.5849023709902371,0.9999999999999859,True,phase_cross_correlation_on_stable_channel,H,09,"{'y_start': 1335, 'y_stop': 2851, 'x_start': 1275, 'x_stop': 1439}"
H09,PLD3_TMEM106B_no_mCherry,32,488nm Binned,-16.8,0.0,-0.0005007807447587484,-0.00017960338548169417,0.9941422594142258,0.9999999999999878,True,phase_cross_correlation_on_stable_channel,H,09,"{'y_start': 1335, 'y_stop': 2851, 'x_start': 1275, 'x_stop': 1439}"
H09,PLD3_TMEM106B_no_mCherry,36,488nm Binned,0.0,-1428.1,-0.0004295897174609083,0.001724144039800116,0.5020571827057183,0.9999999999999951,True,phase_cross_correlation_on_stable_channel,H,09,"{'y_start': 1335, 'y_stop': 2851, 'x_start': 1275, 'x_stop': 1439}"
H09,PLD3_TMEM106B_no_mCherry,39,488nm Binned,1334.7,0.0,0.0074770150525787,-0.008792913566602,0.534623430962343,0.9999999999999926,True,phase_cross_correlation_on_stable_channel,H,09,"{'y_start': 1335, 'y_stop': 2851, 'x_start': 1275, 'x_stop': 1439}"
H10,PLD3_TMEM106B_no_mCherry,8,488nm Binned,0.0,0.0,1.0,1.0,1.0,0.0,True,reference_timepoint,H,10,"{'y_start': 1342, 'y_stop': 2410, 'x_start': 0, 'x_stop': 2868}"
H10,PLD3_TMEM106B_no_mCherry,12,488nm Binned,-424.3,0.0,0.012277625210380097,0.0003553186290827518,0.8520571827057182,0.9999999999999775,True,phase_cross_correlation_on_stable_channel,H,10,"{'y_start': 1342, 'y_stop': 2410, 'x_start': 0, 'x_stop': 2868}"
H10,PLD3_TMEM106B_no_mCherry,16,488nm Binned,206.0,0.0,0.00509813526063655,-0.0011057109364350898,0.9281729428172942,0.9999999999999897,True,phase_cross_correlation_on_stable_channel,H,10,"{'y_start': 1342, 'y_stop': 2410, 'x_start': 0, 'x_stop': 2868}"
H10,PLD3_TMEM106B_no_mCherry,20,488nm Binned,-457.7,0.0,0.01208321737761664,0.0100087932680517,0.8404114365411437,0.9999999999999825,True,phase_cross_correlation_on_stable_channel,H,10,"{'y_start': 1342, 'y_stop': 2410, 'x_start': 0, 'x_stop': 2868}"
H10,PLD3_TMEM106B_no_mCherry,25,488nm Binned,89.1,0.0,0.005896742575559138,0.09917764139168056,0.9689330543933055,0.9999999999999892,True,phase_cross_correlation_on_stable_channel,H,10,"{'y_start': 1342, 'y_stop': 2410, 'x_start': 0, 'x_stop': 2868}"
H10,PLD3_TMEM106B_no_mCherry,29,488nm Binned,-224.5,0.0,0.011734456358336184,0.003740176659231882,0.9217224546722455,0.9999999999999807,True,phase_cross_correlation_on_stable_channel,H,10,"{'y_start': 1342, 'y_stop': 2410, 'x_start': 0, 'x_stop': 2868}"
H10,PLD3_TMEM106B_no_mCherry,32,488nm Binned,-344.1,0.0,0.0009520738934367951,0.008191288099590643,0.880020920502092,0.9999999999999829,True,phase_cross_correlation_on_stable_channel,H,10,"{'y_start': 1342, 'y_stop': 2410, 'x_start': 0, 'x_stop': 2868}"
H10,PLD3_TMEM106B_no_mCherry,36,488nm Binned,-336.8,0.0,0.00850772951020417,0.009338151897279514,0.8825662482566248,0.9999999999999847,True,phase_cross_correlation_on_stable_channel,H,10,"{'y_start': 1342, 'y_stop': 2410, 'x_start': 0, 'x_stop': 2868}"
H10,PLD3_TMEM106B_no_mCherry,39,488nm Binned,1341.2,0.0,0.00821326658926314,-0.004652072530324077,0.5323570432357042,0.9999999999999862,True,phase_cross_correlation_on_stable_channel,H,10,"{'y_start': 1342, 'y_stop': 2410, 'x_start': 0, 'x_stop': 2868}"
H11,PLD3_TMEM106B_no_mCherry,8,488nm Binned,0.0,0.0,1.0,1.0,1.0,0.0,True,reference_timepoint,H,11,"{'y_start': 0, 'y_stop': 2868, 'x_start': 587, 'x_stop': 1970}"
H11,PLD3_TMEM106B_no_mCherry,12,488nm Binned,0.0,-165.0,0.001634840147366371,-0.006724862302296201,0.9424686192468619,0.9999999999999882,True,phase_cross_correlation_on_stable_channel,H,11,"{'y_start': 0, 'y_stop': 2868, 'x_start': 587, 'x_stop': 1970}"
H11,PLD3_TMEM106B_no_mCherry,16,488nm Binned,0.0,0.1,0.0038410546331601437,0.003896474618822683,0.9999651324965133,0.9999999999999962,True,phase_cross_correlation_on_stable_channel,H,11,"{'y_start': 0, 'y_stop': 2868, 'x_start': 587, 'x_stop': 1970}"
H11,PLD3_TMEM106B_no_mCherry,20,488nm Binned,0.0,-274.0,-0.004006938000885857,-0.005186753162323073,0.904463040446304,0.9999999999999871,True,phase_cross_correlation_on_stable_channel,H,11,"{'y_start': 0, 'y_stop': 2868, 'x_start': 587, 'x_stop': 1970}"
H11,PLD3_TMEM106B_no_mCherry,25,488nm Binned,0.0,406.0,0.0019151642700979473,-0.0022819200709470193,0.8584379358437936,0.999999999999987,True,phase_cross_correlation_on_stable_channel,H,11,"{'y_start': 0, 'y_stop': 2868, 'x_start': 587, 'x_stop': 1970}"
H11,PLD3_TMEM106B_no_mCherry,29,488nm Binned,0.0,-384.2,0.007256359555457828,-0.004777570639787569,0.8660390516039052,0.9999999999999919,True,phase_cross_correlation_on_stable_channel,H,11,"{'y_start': 0, 'y_stop': 2868, 'x_start': 587, 'x_stop': 1970}"
H11,PLD3_TMEM106B_no_mCherry,32,488nm Binned,0.0,-897.2,0.0008351438539152676,-0.0012816307430975145,0.6871687587168758,0.9999999999999911,True,phase_cross_correlation_on_stable_channel,H,11,"{'y_start': 0, 'y_stop': 2868, 'x_start': 587, 'x_stop': 1970}"
H11,PLD3_TMEM106B_no_mCherry,36,488nm Binned,0.0,586.6,0.00012875378483916206,-0.003503151867943705,0.7954672245467225,0.9999999999999901,True,phase_cross_correlation_on_stable_channel,H,11,"{'y_start': 0, 'y_stop': 2868, 'x_start': 587, 'x_stop': 1970}"
H11,PLD3_TMEM106B_no_mCherry,39,488nm Binned,0.0,200.5,0.0037490264414134266,-0.002368366880604387,0.9300906555090656,0.9999999999999889,True,phase_cross_correlation_on_stable_channel,H,11,"{'y_start': 0, 'y_stop': 2868, 'x_start': 587, 'x_stop': 1970}"
H12,PLD3_TMEM106B_no_mCherry,8,488nm Binned,0.0,0.0,1.0,1.0,1.0,0.0,True,reference_timepoint,H,12,"{'y_start': 680, 'y_stop': 2868, 'x_start': 350, 'x_stop': 1718}"
H12,PLD3_TMEM106B_no_mCherry,12,488nm Binned,0.0,350.0,0.00227474786093185,-0.0003737540234884589,0.8779637377963738,0.9999999999999968,True,phase_cross_correlation_on_stable_channel,H,12,"{'y_start': 680, 'y_stop': 2868, 'x_start': 350, 'x_stop': 1718}"
H12,PLD3_TMEM106B_no_mCherry,16,488nm Binned,0.0,-1149.1,0.011345614416867603,-0.004763052215086965,0.5993375174337517,0.9999999999999848,True,phase_cross_correlation_on_stable_channel,H,12,"{'y_start': 680, 'y_stop': 2868, 'x_start': 350, 'x_stop': 1718}"
H12,PLD3_TMEM106B_no_mCherry,20,488nm Binned,0.0,-292.5,0.005704147673019342,-0.0037547592906660705,0.8980125523012552,0.9999999999999916,True,phase_cross_correlation_on_stable_channel,H,12,"{'y_start': 680, 'y_stop': 2868, 'x_start': 350, 'x_stop': 1718}"
H12,PLD3_TMEM106B_no_mCherry,25,488nm Binned,0.0,27.1,0.01101785167978913,0.010669968425689798,0.9905509065550907,0.9999999999999946,True,phase_cross_correlation_on_stable_channel,H,12,"{'y_start': 680, 'y_stop': 2868, 'x_start': 350, 'x_stop': 1718}"
H12,PLD3_TMEM106B_no_mCherry,29,488nm Binned,0.0,17.2,0.013219133963398206,0.010460217783721418,0.994002789400279,0.9999999999999921,True,phase_cross_correlation_on_stable_channel,H,12,"{'y_start': 680, 'y_stop': 2868, 'x_start': 350, 'x_stop': 1718}"
H12,PLD3_TMEM106B_no_mCherry,32,488nm Binned,0.0,274.2,-0.0023759492453864555,0.0034978811685321284,0.9043933054393306,0.9999999999999896,True,phase_cross_correlation_on_stable_channel,H,12,"{'y_start': 680, 'y_stop': 2868, 'x_start': 350, 'x_stop': 1718}"
H12,PLD3_TMEM106B_no_mCherry,36,488nm Binned,0.0,-1108.5,0.004982462718523531,-0.005277029502077502,0.6134937238493724,0.9999999999999902,True,phase_cross_correlation_on_stable_channel,H,12,"{'y_start': 680, 'y_stop': 2868, 'x_start': 350, 'x_stop': 1718}"
H12,PLD3_TMEM106B_no_mCherry,39,488nm Binned,680.0,0.0,0.0029090502030192852,0.014175917312418561,0.7629009762900977,0.9999999999999946,True,phase_cross_correlation_on_stable_channel,H,12,"{'y_start': 680, 'y_stop': 2868, 'x_start': 350, 'x_stop': 1718}"
H13,PLD3_TMEM106B_no_mCherry,8,488nm Binned,0.0,0.0,1.0,1.0,1.0,0.0,True,reference_timepoint,H,13,"{'y_start': 692, 'y_stop': 2355, 'x_start': 584, 'x_stop': 1794}"
H13,PLD3_TMEM106B_no_mCherry,12,488nm Binned,0.0,0.0,0.00313276047087654,0.00313276047087654,1.0,0.9999999999999875,True,phase_cross_correlation_on_stable_channel,H,13,"{'y_start': 692, 'y_stop': 2355, 'x_start': 584, 'x_stop': 1794}"
H13,PLD3_TMEM106B_no_mCherry,16,488nm Binned,0.0,159.1,0.0003696049481691825,0.003838863056209964,0.9445258019525802,0.9999999999999902,True,phase_cross_correlation_on_stable_channel,H,13,"{'y_start': 692, 'y_stop': 2355, 'x_start': 584, 'x_stop': 1794}"
H13,PLD3_TMEM106B_no_mCherry,20,488nm Binned,495.9,0.0,0.004094843022518588,0.0032209603987068754,0.827092050209205,0.9999999999999698,True,phase_cross_correlation_on_stable_channel,H,13,"{'y_start': 692, 'y_stop': 2355, 'x_start': 584, 'x_stop': 1794}"
H13,PLD3_TMEM106B_no_mCherry,25,488nm Binned,-512.6,0.0,0.006424872135533436,0.003542935964702793,0.8212691771269177,0.9999999999999735,True,phase_cross_correlation_on_stable_channel,H,13,"{'y_start': 692, 'y_stop': 2355, 'x_start': 584, 'x_stop': 1794}"
H13,PLD3_TMEM106B_no_mCherry,29,488nm Binned,0.0,528.0,0.015520897972859892,0.0037446129763902096,0.8158995815899581,0.9999999999999869,True,phase_cross_correlation_on_stable_channel,H,13,"{'y_start': 692, 'y_stop': 2355, 'x_start': 584, 'x_stop': 1794}"
H13,PLD3_TMEM106B_no_mCherry,32,488nm Binned,0.0,583.3,0.00401389735502008,0.011023049405713492,0.7966178521617852,0.9999999999999841,True,phase_cross_correlation_on_stable_channel,H,13,"{'y_start': 692, 'y_stop': 2355, 'x_start': 584, 'x_stop': 1794}"
H13,PLD3_TMEM106B_no_mCherry,36,488nm Binned,691.7,0.0,0.004817259422380884,-0.0014887402576389537,0.7588214783821479,0.9999999999999687,True,phase_cross_correlation_on_stable_channel,H,13,"{'y_start': 692, 'y_stop': 2355, 'x_start': 584, 'x_stop': 1794}"
H13,PLD3_TMEM106B_no_mCherry,39,488nm Binned,0.0,-1073.5,0.0019434861928449348,-0.010201864826150953,0.625697350069735,0.9999999999999923,True,phase_cross_correlation_on_stable_channel,H,13,"{'y_start': 692, 'y_stop': 2355, 'x_start': 584, 'x_stop': 1794}"
H14,PLD3_TMEM106B_no_mCherry,8,488nm Binned,0.0,0.0,1.0,1.0,1.0,0.0,True,reference_timepoint,H,14,"{'y_start': 627, 'y_stop': 2091, 'x_start': 840, 'x_stop': 1662}"
H14,PLD3_TMEM106B_no_mCherry,12,488nm Binned,626.7,0.0,0.011246954844011744,-0.00821325361481659,0.7814853556485356,0.9999999999999697,True,phase_cross_correlation_on_stable_channel,H,14,"{'y_start': 627, 'y_stop': 2091, 'x_start': 840, 'x_stop': 1662}"
H14,PLD3_TMEM106B_no_mCherry,16,488nm Binned,0.0,775.6,0.013798749824864988,0.001535115959626132,0.7295676429567644,0.9999999999999777,True,phase_cross_correlation_on_stable_channel,H,14,"{'y_start': 627, 'y_stop': 2091, 'x_start': 840, 'x_stop': 1662}"
H14,PLD3_TMEM106B_no_mCherry,20,488nm Binned,0.0,-519.7,0.0033002212600178474,0.0064782159371391404,0.8187935843793585,0.999999999999974,True,phase_cross_correlation_on_stable_channel,H,14,"{'y_start': 627, 'y_stop': 2091, 'x_start': 840, 'x_stop': 1662}"
H14,PLD3_TMEM106B_no_mCherry,25,488nm Binned,352.9,0.0,0.005253754118725463,0.0019562704900482905,0.876952580195258,0.9999999999999696,True,phase_cross_correlation_on_stable_channel,H,14,"{'y_start': 627, 'y_stop': 2091, 'x_start': 840, 'x_stop': 1662}"
H14,PLD3_TMEM106B_no_mCherry,29,488nm Binned,0.0,-1205.4,0.007453635948535609,-0.003924543468794914,0.5797071129707113,0.9999999999999805,True,phase_cross_correlation_on_stable_channel,H,14,"{'y_start': 627, 'y_stop': 2091, 'x_start': 840, 'x_stop': 1662}"
H14,PLD3_TMEM106B_no_mCherry,32,488nm Binned,-601.0,0.0,0.0173705436586042,0.014057656986333596,0.7904463040446305,0.9999999999999843,True,phase_cross_correlation_on_stable_channel,H,14,"{'y_start': 627, 'y_stop': 2091, 'x_start': 840, 'x_stop': 1662}"
H14,PLD3_TMEM106B_no_mCherry,36,488nm Binned,-776.3,0.0,0.006362794285563314,0.021097889993896578,0.729323570432357,0.9999999999999862,True,phase_cross_correlation_on_stable_channel,H,14,"{'y_start': 627, 'y_stop': 2091, 'x_start': 840, 'x_stop': 1662}"
H14,PLD3_TMEM106B_no_mCherry,39,488nm Binned,0.0,840.0,0.006777852605003673,0.00852437518636824,0.7071129707112971,0.9999999999999912,True,phase_cross_correlation_on_stable_channel,H,14,"{'y_start': 627, 'y_stop': 2091, 'x_start': 840, 'x_stop': 1662}"
H15,PLD3_TMEM106B_no_mCherry,8,488nm Binned,0.0,0.0,1.0,1.0,1.0,0.0,True,reference_timepoint,H,15,"{'y_start': 1185, 'y_stop': 2723, 'x_start': 43, 'x_stop': 1710}"
H15,PLD3_TMEM106B_no_mCherry,12,488nm Binned,0.0,-56.8,0.004012247049897349,-0.003190461803581089,0.9801952580195258,0.9999999999999827,True,phase_cross_correlation_on_stable_channel,H,15,"{'y_start': 1185, 'y_stop': 2723, 'x_start': 43, 'x_stop': 1710}"
H15,PLD3_TMEM106B_no_mCherry,16,488nm Binned,0.0,-1157.3,0.010332924699317299,0.005451638178109975,0.5964783821478383,0.9999999999999671,True,phase_cross_correlation_on_stable_channel,H,15,"{'y_start': 1185, 'y_stop': 2723, 'x_start': 43, 'x_stop': 1710}"
H15,PLD3_TMEM106B_no_mCherry,20,488nm Binned,0.0,-346.2,0.003389442660934917,0.0015455450280231987,0.8792887029288703,0.9999999999999918,True,phase_cross_correlation_on_stable_channel,H,15,"{'y_start': 1185, 'y_stop': 2723, 'x_start': 43, 'x_stop': 1710}"
H15,PLD3_TMEM106B_no_mCherry,25,488nm Binned,-105.5,0.0,0.01658551297571768,0.004336864784114314,0.9632147838214784,0.9999999999999901,True,phase_cross_correlation_on_stable_channel,H,15,"{'y_start': 1185, 'y_stop': 2723, 'x_start': 43, 'x_stop': 1710}"
H15,PLD3_TMEM106B_no_mCherry,29,488nm Binned,-144.3,0.0,0.0107295734298001,0.002985778018447396,0.9496861924686192,0.9999999999999847,True,phase_cross_correlation_on_stable_channel,H,15,"{'y_start': 1185, 'y_stop': 2723, 'x_start': 43, 'x_stop': 1710}"
H15,PLD3_TMEM106B_no_mCherry,32,488nm Binned,1184.9,0.0,-0.0028506101928588087,-0.012055890638450474,0.5868549511854951,0.9999999999999846,True,phase_cross_correlation_on_stable_channel,H,15,"{'y_start': 1185, 'y_stop': 2723, 'x_start': 43, 'x_stop': 1710}"
H15,PLD3_TMEM106B_no_mCherry,36,488nm Binned,0.0,42.5,0.0047445427242152555,0.004612556239178984,0.9851813110181311,0.9999999999999863,True,phase_cross_correlation_on_stable_channel,H,15,"{'y_start': 1185, 'y_stop': 2723, 'x_start': 43, 'x_stop': 1710}"
H15,PLD3_TMEM106B_no_mCherry,39,488nm Binned,10.4,0.0,-2.5694665397440646e-05,0.0038690056516356044,0.9963737796373779,0.9999999999999795,True,phase_cross_correlation_on_stable_channel,H,15,"{'y_start': 1185, 'y_stop': 2723, 'x_start': 43, 'x_stop': 1710}"
H16,PLD3_TMEM106B_no_mCherry,8,488nm Binned,0.0,0.0,1.0,1.0,1.0,0.0,True,reference_timepoint,H,16,"{'y_start': 200, 'y_stop': 1660, 'x_start': 0, 'x_stop': 2868}"
H16,PLD3_TMEM106B_no_mCherry,12,488nm Binned,-208.5,0.0,-0.0023258809628039657,0.0011835381970720176,0.9273012552301255,0.9999999999999747,True,phase_cross_correlation_on_stable_channel,H,16,"{'y_start': 200, 'y_stop': 1660, 'x_start': 0, 'x_stop': 2868}"
H16,PLD3_TMEM106B_no_mCherry,16,488nm Binned,-537.3,0.0,0.004106920482594685,0.007662307773603401,0.8126569037656903,0.9999999999999755,True,phase_cross_correlation_on_stable_channel,H,16,"{'y_start': 200, 'y_stop': 1660, 'x_start': 0, 'x_stop': 2868}"
H16,PLD3_TMEM106B_no_mCherry,20,488nm Binned,-207.1,0.0,-0.00012901801143058963,0.0018599376436453964,0.9277894002789401,0.999999999999968,True,phase_cross_correlation_on_stable_channel,H,16,"{'y_start': 200, 'y_stop': 1660, 'x_start': 0, 'x_stop': 2868}"
H16,PLD3_TMEM106B_no_mCherry,25,488nm Binned,-370.0,0.0,0.007491790541215666,0.0024763296966114306,0.8709902370990237,0.9999999999999862,True,phase_cross_correlation_on_stable_channel,H,16,"{'y_start': 200, 'y_stop': 1660, 'x_start': 0, 'x_stop': 2868}"
H16,PLD3_TMEM106B_no_mCherry,29,488nm Binned,199.5,0.0,0.01766479585126533,0.005286696317299791,0.930439330543933,0.999999999999972,True,phase_cross_correlation_on_stable_channel,H,16,"{'y_start': 200, 'y_stop': 1660, 'x_start': 0, 'x_stop': 2868}"
H16,PLD3_TMEM106B_no_mCherry,32,488nm Binned,-90.8,0.0,-0.005102994451359531,0.003887681558790122,0.9683403068340306,0.9999999999999795,True,phase_cross_correlation_on_stable_channel,H,16,"{'y_start': 200, 'y_stop': 1660, 'x_start': 0, 'x_stop': 2868}"
H16,PLD3_TMEM106B_no_mCherry,36,488nm Binned,-149.4,0.0,-0.007450081930055131,0.008630140354717328,0.947907949790795,0.9999999999999779,True,phase_cross_correlation_on_stable_channel,H,16,"{'y_start': 200, 'y_stop': 1660, 'x_start': 0, 'x_stop': 2868}"
H16,PLD3_TMEM106B_no_mCherry,39,488nm Binned,-1208.0,0.0,0.0018177671843199543,0.014005640769859579,0.5788005578800558,0.9999999999999866,True,phase_cross_correlation_on_stable_channel,H,16,"{'y_start': 200, 'y_stop': 1660, 'x_start': 0, 'x_stop': 2868}"
H17,PLD3_TMEM106B_no_mCherry,8,488nm Binned,0.0,0.0,1.0,1.0,1.0,0.0,True,reference_timepoint,H,17,"{'y_start': 1295, 'y_stop': 2598, 'x_start': 0, 'x_stop': 2271}"
H17,PLD3_TMEM106B_no_mCherry,12,488nm Binned,0.0,-579.3,-0.000980116983297443,-0.00036654179374271756,0.7980125523012552,0.9999999999999869,True,phase_cross_correlation_on_stable_channel,H,17,"{'y_start': 1295, 'y_stop': 2598, 'x_start': 0, 'x_stop': 2271}"
H17,PLD3_TMEM106B_no_mCherry,16,488nm Binned,0.0,-596.5,0.0049912813217975,-0.006371030588076307,0.7920153417015342,0.999999999999992,True,phase_cross_correlation_on_stable_channel,H,17,"{'y_start': 1295, 'y_stop': 2598, 'x_start': 0, 'x_stop': 2271}"
H17,PLD3_TMEM106B_no_mCherry,20,488nm Binned,-269.2,0.0,0.004727144813135057,0.010508379198013163,0.9061366806136681,0.9999999999999659,True,phase_cross_correlation_on_stable_channel,H,17,"{'y_start': 1295, 'y_stop': 2598, 'x_start': 0, 'x_stop': 2271}"
H17,PLD3_TMEM106B_no_mCherry,25,488nm Binned,68.5,0.0,0.0072174151455061866,0.03236834159908382,0.976115760111576,0.9999999999999675,True,phase_cross_correlation_on_stable_channel,H,17,"{'y_start': 1295, 'y_stop': 2598, 'x_start': 0, 'x_stop': 2271}"
H17,PLD3_TMEM106B_no_mCherry,29,488nm Binned,113.1,0.0,0.008304255492674772,0.001909967171407508,0.9605648535564854,0.9999999999999486,True,phase_cross_correlation_on_stable_channel,H,17,"{'y_start': 1295, 'y_stop': 2598, 'x_start': 0, 'x_stop': 2271}"
H17,PLD3_TMEM106B_no_mCherry,32,488nm Binned,837.3,0.0,0.004914343518401682,0.010797998777050245,0.7080543933054394,0.9999999999999675,True,phase_cross_correlation_on_stable_channel,H,17,"{'y_start': 1295, 'y_stop': 2598, 'x_start': 0, 'x_stop': 2271}"
H17,PLD3_TMEM106B_no_mCherry,36,488nm Binned,1294.2,0.0,0.006864543630789898,-0.0018754731740414287,0.548744769874477,0.9999999999999604,True,phase_cross_correlation_on_stable_channel,H,17,"{'y_start': 1295, 'y_stop': 2598, 'x_start': 0, 'x_stop': 2271}"
H17,PLD3_TMEM106B_no_mCherry,39,488nm Binned,1026.8,0.0,-0.0012271622939332393,0.005291476700585117,0.6419804741980475,0.9999999999999819,True,phase_cross_correlation_on_stable_channel,H,17,"{'y_start': 1295, 'y_stop': 2598, 'x_start': 0, 'x_stop': 2271}"
H19,PLD3_TMEM106B_no_mCherry,8,488nm Binned,0.0,0.0,1.0,1.0,1.0,0.0,True,reference_timepoint,H,19,"{'y_start': 1402, 'y_stop': 1560, 'x_start': 1335, 'x_stop': 2420}"
H19,PLD3_TMEM106B_no_mCherry,12,488nm Binned,-1232.9,0.0,-0.003271995005218866,0.0018468279477434886,0.5701185495118549,0.99999999999998,True,phase_cross_correlation_on_stable_channel,H,19,"{'y_start': 1402, 'y_stop': 1560, 'x_start': 1335, 'x_stop': 2420}"
H19,PLD3_TMEM106B_no_mCherry,16,488nm Binned,-846.3,0.0,0.0018024674330307782,0.005091022432361621,0.7049163179916319,0.9999999999999553,True,phase_cross_correlation_on_stable_channel,H,19,"{'y_start': 1402, 'y_stop': 1560, 'x_start': 1335, 'x_stop': 2420}"
H19,PLD3_TMEM106B_no_mCherry,20,488nm Binned,0.0,-447.3,0.0057985794519240155,6.878793865002213e-05,0.8440376569037656,0.99999999999999,True,phase_cross_correlation_on_stable_channel,H,19,"{'y_start': 1402, 'y_stop': 1560, 'x_start': 1335, 'x_stop': 2420}"
H19,PLD3_TMEM106B_no_mCherry,25,488nm Binned,-655.7,0.0,0.009261710141474424,0.005519386687434103,0.771373779637378,0.9999999999999839,True,phase_cross_correlation_on_stable_channel,H,19,"{'y_start': 1402, 'y_stop': 1560, 'x_start': 1335, 'x_stop': 2420}"
H19,PLD3_TMEM106B_no_mCherry,29,488nm Binned,771.6,0.0,0.008254641598180752,-0.0058120880308743855,0.7309623430962343,0.9999999999999731,True,phase_cross_correlation_on_stable_channel,H,19,"{'y_start': 1402, 'y_stop': 1560, 'x_start': 1335, 'x_stop': 2420}"
H19,PLD3_TMEM106B_no_mCherry,32,488nm Binned,0.0,1334.9,0.006579290123064904,0.00331368309319354,0.5345536959553696,0.9999999999999911,True,phase_cross_correlation_on_stable_channel,H,19,"{'y_start': 1402, 'y_stop': 1560, 'x_start': 1335, 'x_stop': 2420}"
H19,PLD3_TMEM106B_no_mCherry,36,488nm Binned,-1307.1,0.0,-0.0014369488343149313,0.006853729698310895,0.5442468619246862,0.9999999999999838,True,phase_cross_correlation_on_stable_channel,H,19,"{'y_start': 1402, 'y_stop': 1560, 'x_start': 1335, 'x_stop': 2420}"
H19,PLD3_TMEM106B_no_mCherry,39,488nm Binned,1401.8,0.0,-0.004318919222776432,-0.010608807113322773,0.5112273361227336,0.9999999999999811,True,phase_cross_correlation_on_stable_channel,H,19,"{'y_start': 1402, 'y_stop': 1560, 'x_start': 1335, 'x_stop': 2420}"
H18,PLD3_TMEM106B_no_mCherry,8,488nm Binned,0.0,0.0,1.0,1.0,1.0,0.0,True,reference_timepoint,H,18,"{'y_start': 344, 'y_stop': 1542, 'x_start': 726, 'x_stop': 2375}"
H18,PLD3_TMEM106B_no_mCherry,12,488nm Binned,0.0,-493.0,0.009442269795292441,-0.0019927960161652087,0.8281032078103208,0.9999999999999863,True,phase_cross_correlation_on_stable_channel,H,18,"{'y_start': 344, 'y_stop': 1542, 'x_start': 726, 'x_stop': 2375}"
H18,PLD3_TMEM106B_no_mCherry,16,488nm Binned,344.0,0.0,0.008902536503446957,0.0014957587487712848,0.8800557880055788,0.9999999999999792,True,phase_cross_correlation_on_stable_channel,H,18,"{'y_start': 344, 'y_stop': 1542, 'x_start': 726, 'x_stop': 2375}"
H18,PLD3_TMEM106B_no_mCherry,20,488nm Binned,116.5,0.0,0.002184269164946132,0.001622203354662346,0.9593793584379359,0.9999999999999661,True,phase_cross_correlation_on_stable_channel,H,18,"{'y_start': 344, 'y_stop': 1542, 'x_start': 726, 'x_stop': 2375}"
H18,PLD3_TMEM106B_no_mCherry,25,488nm Binned,0.0,725.8,0.002161903821144347,0.008979800286192132,0.7469316596931659,0.9999999999999871,True,phase_cross_correlation_on_stable_channel,H,18,"{'y_start': 344, 'y_stop': 1542, 'x_start': 726, 'x_stop': 2375}"
H18,PLD3_TMEM106B_no_mCherry,29,488nm Binned,69.8,0.0,0.016754330776488652,0.05196863541494427,0.9756624825662482,0.9999999999999855,True,phase_cross_correlation_on_stable_channel,H,18,"{'y_start': 344, 'y_stop': 1542, 'x_start': 726, 'x_stop': 2375}"
H18,PLD3_TMEM106B_no_mCherry,32,488nm Binned,-200.9,0.0,0.0022626381839744134,0.00773537134299914,0.9299511854951186,0.9999999999999725,True,phase_cross_correlation_on_stable_channel,H,18,"{'y_start': 344, 'y_stop': 1542, 'x_start': 726, 'x_stop': 2375}"
H18,PLD3_TMEM106B_no_mCherry,36,488nm Binned,-1326.0,0.0,0.004084674411262737,-0.002872591967953942,0.5376569037656904,0.9999999999999832,True,phase_cross_correlation_on_stable_channel,H,18,"{'y_start': 344, 'y_stop': 1542, 'x_start': 726, 'x_stop': 2375}"
H18,PLD3_TMEM106B_no_mCherry,39,488nm Binned,-243.5,0.0,0.00026492271029090753,0.0029535065299713826,0.9150976290097629,0.9999999999999755,True,phase_cross_correlation_on_stable_channel,H,18,"{'y_start': 344, 'y_stop': 1542, 'x_start': 726, 'x_stop': 2375}"
H20,PLD3_TMEM106B_no_mCherry,8,488nm Binned,0.0,0.0,1.0,1.0,1.0,0.0,True,reference_timepoint,H,20,"{'y_start': 0, 'y_stop': 2868, 'x_start': 1256, 'x_stop': 1601}"
H20,PLD3_TMEM106B_no_mCherry,12,488nm Binned,0.0,700.8,-0.002460291990441875,0.008800478989939482,0.7556485355648536,0.9999999999999929,True,phase_cross_correlation_on_stable_channel,H,20,"{'y_start': 0, 'y_stop': 2868, 'x_start': 1256, 'x_stop': 1601}"
H20,PLD3_TMEM106B_no_mCherry,16,488nm Binned,0.0,-1121.7,0.00146916208949704,0.003882983994646978,0.6088912133891212,0.9999999999999942,True,phase_cross_correlation_on_stable_channel,H,20,"{'y_start': 0, 'y_stop': 2868, 'x_start': 1256, 'x_stop': 1601}"
H20,PLD3_TMEM106B_no_mCherry,20,488nm Binned,0.0,1255.4,0.00583036433280731,0.0026286879321947673,0.5622733612273361,0.9999999999999875,True,phase_cross_correlation_on_stable_channel,H,20,"{'y_start': 0, 'y_stop': 2868, 'x_start': 1256, 'x_stop': 1601}"
H20,PLD3_TMEM106B_no_mCherry,25,488nm Binned,0.0,0.0,-3.555186981735165e-05,-3.555186981735165e-05,1.0,0.9999999999999901,True,phase_cross_correlation_on_stable_channel,H,20,"{'y_start': 0, 'y_stop': 2868, 'x_start': 1256, 'x_stop': 1601}"
H20,PLD3_TMEM106B_no_mCherry,29,488nm Binned,0.0,-1266.5,0.006032443475022388,0.00567061482421565,0.5584030683403068,0.9999999999999917,True,phase_cross_correlation_on_stable_channel,H,20,"{'y_start': 0, 'y_stop': 2868, 'x_start': 1256, 'x_stop': 1601}"
H20,PLD3_TMEM106B_no_mCherry,32,488nm Binned,0.0,-393.1,0.007641497855676995,-0.006721050208323103,0.8629358437935845,0.9999999999999927,True,phase_cross_correlation_on_stable_channel,H,20,"{'y_start': 0, 'y_stop': 2868, 'x_start': 1256, 'x_stop': 1601}"
H20,PLD3_TMEM106B_no_mCherry,36,488nm Binned,0.0,-843.3,0.00493369725628338,0.0016615629874029648,0.7059623430962344,0.9999999999999811,True,phase_cross_correlation_on_stable_channel,H,20,"{'y_start': 0, 'y_stop': 2868, 'x_start': 1256, 'x_stop': 1601}"
H20,PLD3_TMEM106B_no_mCherry,39,488nm Binned,0.0,971.6,-0.0016036517099591435,0.004119030680991191,0.6612273361227337,0.9999999999999928,True,phase_cross_correlation_on_stable_channel,H,20,"{'y_start': 0, 'y_stop': 2868, 'x_start': 1256, 'x_stop': 1601}"
I06,PLD3_mCherry_reporter_control,8,488nm Binned,0.0,0.0,1.0,1.0,1.0,0.0,True,reference_timepoint,I,06,"{'y_start': 1219, 'y_stop': 2868, 'x_start': 1317, 'x_stop': 1937}"
I06,PLD3_mCherry_reporter_control,12,488nm Binned,36.6,0.0,0.00384920871139102,0.0004606859933390482,0.9872384937238494,0.9999999999999818,True,phase_cross_correlation_on_stable_channel,I,06,"{'y_start': 1219, 'y_stop': 2868, 'x_start': 1317, 'x_stop': 1937}"
I06,PLD3_mCherry_reporter_control,16,488nm Binned,0.0,-930.2,0.017057353011227072,-0.002343486005149,0.6756624825662482,0.9999999999999915,True,phase_cross_correlation_on_stable_channel,I,06,"{'y_start': 1219, 'y_stop': 2868, 'x_start': 1317, 'x_stop': 1937}"
I06,PLD3_mCherry_reporter_control,20,488nm Binned,1218.1,0.0,0.00037822935243911576,-0.0066979881463707395,0.575278940027894,0.9999999999999828,True,phase_cross_correlation_on_stable_channel,I,06,"{'y_start': 1219, 'y_stop': 2868, 'x_start': 1317, 'x_stop': 1937}"
I06,PLD3_mCherry_reporter_control,25,488nm Binned,0.0,170.1,0.004579207678001326,0.004003615978682182,0.9406903765690376,0.9999999999999838,True,phase_cross_correlation_on_stable_channel,I,06,"{'y_start': 1219, 'y_stop': 2868, 'x_start': 1317, 'x_stop': 1937}"
I06,PLD3_mCherry_reporter_control,29,488nm Binned,0.0,1256.9,0.012242699079557096,0.0002462154852581877,0.5617503486750348,0.9999999999999883,True,phase_cross_correlation_on_stable_channel,I,06,"{'y_start': 1219, 'y_stop': 2868, 'x_start': 1317, 'x_stop': 1937}"
I06,PLD3_mCherry_reporter_control,32,488nm Binned,0.0,1232.7,0.002991237220420502,-0.005435139025530822,0.5701882845188284,0.9999999999999961,True,phase_cross_correlation_on_stable_channel,I,06,"{'y_start': 1219, 'y_stop': 2868, 'x_start': 1317, 'x_stop': 1937}"
I06,PLD3_mCherry_reporter_control,36,488nm Binned,0.0,723.9,2.589611225488429e-05,-0.0038809229615228273,0.7475941422594142,0.999999999999996,True,phase_cross_correlation_on_stable_channel,I,06,"{'y_start': 1219, 'y_stop': 2868, 'x_start': 1317, 'x_stop': 1937}"
I06,PLD3_mCherry_reporter_control,39,488nm Binned,0.0,1316.8,0.003970534681167705,0.002006081174832319,0.5408647140864715,0.9999999999999821,True,phase_cross_correlation_on_stable_channel,I,06,"{'y_start': 1219, 'y_stop': 2868, 'x_start': 1317, 'x_stop': 1937}"
I05,PLD3_mCherry_reporter_control,8,488nm Binned,0.0,0.0,1.0,1.0,1.0,0.0,True,reference_timepoint,I,05,"{'y_start': 1193, 'y_stop': 2321, 'x_start': 0, 'x_stop': 1484}"
I05,PLD3_mCherry_reporter_control,12,488nm Binned,-546.3,0.0,-0.0008895264792627005,0.0042000148161969245,0.8095188284518828,0.999999999999979,True,phase_cross_correlation_on_stable_channel,I,05,"{'y_start': 1193, 'y_stop': 2321, 'x_start': 0, 'x_stop': 1484}"
I05,PLD3_mCherry_reporter_control,16,488nm Binned,1089.5,0.0,0.01425318724450998,-0.0037562215862423165,0.620118549511855,0.9999999999999812,True,phase_cross_correlation_on_stable_channel,I,05,"{'y_start': 1193, 'y_stop': 2321, 'x_start': 0, 'x_stop': 1484}"
I05,PLD3_mCherry_reporter_control,20,488nm Binned,4.6,0.0,0.0005947151420346419,0.00025538811062803993,0.9983960948396096,0.9999999999999762,True,phase_cross_correlation_on_stable_channel,I,05,"{'y_start': 1193, 'y_stop': 2321, 'x_start': 0, 'x_stop': 1484}"
I05,PLD3_mCherry_reporter_control,25,488nm Binned,844.0,0.0,0.0011489393816670602,0.0007145397796888037,0.705718270571827,0.9999999999999851,True,phase_cross_correlation_on_stable_channel,I,05,"{'y_start': 1193, 'y_stop': 2321, 'x_start': 0, 'x_stop': 1484}"
I05,PLD3_mCherry_reporter_control,29,488nm Binned,0.0,-276.3,0.014139627451886294,0.0045817224342710105,0.9036610878661088,0.999999999999979,True,phase_cross_correlation_on_stable_channel,I,05,"{'y_start': 1193, 'y_stop': 2321, 'x_start': 0, 'x_stop': 1484}"
I05,PLD3_mCherry_reporter_control,32,488nm Binned,0.0,-1383.5,0.001767537489010348,0.0036610323518438456,0.5176080892608089,0.9999999999999856,True,phase_cross_correlation_on_stable_channel,I,05,"{'y_start': 1193, 'y_stop': 2321, 'x_start': 0, 'x_stop': 1484}"
I05,PLD3_mCherry_reporter_control,36,488nm Binned,-116.1,0.0,0.0004218130223861116,0.0031653356073032945,0.9595188284518829,0.9999999999999605,True,phase_cross_correlation_on_stable_channel,I,05,"{'y_start': 1193, 'y_stop': 2321, 'x_start': 0, 'x_stop': 1484}"
I05,PLD3_mCherry_reporter_control,39,488nm Binned,1192.4,0.0,0.005444666815420827,0.0028653711840260824,0.5842398884239888,0.9999999999999869,True,phase_cross_correlation_on_stable_channel,I,05,"{'y_start': 1193, 'y_stop': 2321, 'x_start': 0, 'x_stop': 1484}"
I07,PLD3_mCherry_reporter_control,8,488nm Binned,0.0,0.0,1.0,1.0,1.0,0.0,True,reference_timepoint,I,07,"{'y_start': 0, 'y_stop': 2868, 'x_start': 1033, 'x_stop': 1648}"
I07,PLD3_mCherry_reporter_control,12,488nm Binned,0.0,-258.8,0.014526460764880645,-0.003467851149679177,0.9097629009762901,0.9999999999999915,True,phase_cross_correlation_on_stable_channel,I,07,"{'y_start': 0, 'y_stop': 2868, 'x_start': 1033, 'x_stop': 1648}"
I07,PLD3_mCherry_reporter_control,16,488nm Binned,0.0,530.6,0.012576617485599519,0.008133878693898974,0.8149930264993027,0.999999999999993,True,phase_cross_correlation_on_stable_channel,I,07,"{'y_start': 0, 'y_stop': 2868, 'x_start': 1033, 'x_stop': 1648}"
I07,PLD3_mCherry_reporter_control,20,488nm Binned,0.0,-905.8,-0.002588382723964139,-0.0033661663966660827,0.6841701534170154,0.9999999999999882,True,phase_cross_correlation_on_stable_channel,I,07,"{'y_start': 0, 'y_stop': 2868, 'x_start': 1033, 'x_stop': 1648}"
I07,PLD3_mCherry_reporter_control,25,488nm Binned,0.0,1032.2,0.005164798046679449,-0.004192497512270239,0.6400976290097629,0.9999999999999907,True,phase_cross_correlation_on_stable_channel,I,07,"{'y_start': 0, 'y_stop': 2868, 'x_start': 1033, 'x_stop': 1648}"
I07,PLD3_mCherry_reporter_control,29,488nm Binned,0.0,-902.7,0.0066251608944560185,0.0035361090725172734,0.6852510460251046,0.9999999999999861,True,phase_cross_correlation_on_stable_channel,I,07,"{'y_start': 0, 'y_stop': 2868, 'x_start': 1033, 'x_stop': 1648}"
I07,PLD3_mCherry_reporter_control,32,488nm Binned,0.0,-1085.8,-0.004179274278466664,-0.004839688433724783,0.6214086471408647,0.9999999999999934,True,phase_cross_correlation_on_stable_channel,I,07,"{'y_start': 0, 'y_stop': 2868, 'x_start': 1033, 'x_stop': 1648}"
I07,PLD3_mCherry_reporter_control,36,488nm Binned,0.0,-679.2,0.0028189663129557733,-1.2525895577471618e-05,0.7631799163179916,0.9999999999999917,True,phase_cross_correlation_on_stable_channel,I,07,"{'y_start': 0, 'y_stop': 2868, 'x_start': 1033, 'x_stop': 1648}"
I07,PLD3_mCherry_reporter_control,39,488nm Binned,0.0,-1219.1,0.010301497496597369,-0.007667789396493909,0.5749302649930266,0.9999999999999942,True,phase_cross_correlation_on_stable_channel,I,07,"{'y_start': 0, 'y_stop': 2868, 'x_start': 1033, 'x_stop': 1648}"
I10,PLD3_mCherry_reporter_control,8,488nm Binned,0.0,0.0,1.0,1.0,1.0,0.0,True,reference_timepoint,I,10,"{'y_start': 1115, 'y_stop': 1844, 'x_start': 932, 'x_stop': 1775}"
I10,PLD3_mCherry_reporter_control,12,488nm Binned,0.0,509.9,0.004410718695254086,0.007997582936575924,0.8222105997210599,0.9999999999999859,True,phase_cross_correlation_on_stable_channel,I,10,"{'y_start': 1115, 'y_stop': 1844, 'x_start': 932, 'x_stop': 1775}"
I10,PLD3_mCherry_reporter_control,16,488nm Binned,0.0,-75.1,0.007459609715876379,0.01209642976825692,0.9738145048814505,0.9999999999999806,True,phase_cross_correlation_on_stable_channel,I,10,"{'y_start': 1115, 'y_stop': 1844, 'x_start': 932, 'x_stop': 1775}"
I10,PLD3_mCherry_reporter_control,20,488nm Binned,1114.5,0.0,0.011177466971008262,0.01133428015865532,0.6114016736401674,0.9999999999999752,True,phase_cross_correlation_on_stable_channel,I,10,"{'y_start': 1115, 'y_stop': 1844, 'x_start': 932, 'x_stop': 1775}"
I10,PLD3_mCherry_reporter_control,25,488nm Binned,0.0,-1092.5,0.0033078055281788275,-0.0031317546643976043,0.6190725244072525,0.9999999999999817,True,phase_cross_correlation_on_stable_channel,I,10,"{'y_start': 1115, 'y_stop': 1844, 'x_start': 932, 'x_stop': 1775}"
I10,PLD3_mCherry_reporter_control,29,488nm Binned,-728.0,0.0,0.014409381238472593,-0.004660598872258376,0.7461645746164575,0.999999999999983,True,phase_cross_correlation_on_stable_channel,I,10,"{'y_start': 1115, 'y_stop': 1844, 'x_start': 932, 'x_stop': 1775}"
I10,PLD3_mCherry_reporter_control,32,488nm Binned,-1023.1,0.0,0.00743502756058268,-0.008481803233676892,0.6432705718270572,0.9999999999999816,True,phase_cross_correlation_on_stable_channel,I,10,"{'y_start': 1115, 'y_stop': 1844, 'x_start': 932, 'x_stop': 1775}"
I10,PLD3_mCherry_reporter_control,36,488nm Binned,0.0,-304.0,-0.002336131383281334,-0.0016409065346801668,0.8940027894002789,0.999999999999987,True,phase_cross_correlation_on_stable_channel,I,10,"{'y_start': 1115, 'y_stop': 1844, 'x_start': 932, 'x_stop': 1775}"
I10,PLD3_mCherry_reporter_control,39,488nm Binned,0.0,931.8,0.004080824290016982,0.0045072083714405445,0.6751046025104603,0.9999999999999886,True,phase_cross_correlation_on_stable_channel,I,10,"{'y_start': 1115, 'y_stop': 1844, 'x_start': 932, 'x_stop': 1775}"
I08,PLD3_mCherry_reporter_control,8,488nm Binned,0.0,0.0,1.0,1.0,1.0,0.0,True,reference_timepoint,I,08,"{'y_start': 728, 'y_stop': 1514, 'x_start': 0, 'x_stop': 2811}"
I08,PLD3_mCherry_reporter_control,12,488nm Binned,615.6,0.0,0.010032487585704561,-0.005691702402129758,0.7853556485355648,0.9999999999999782,True,phase_cross_correlation_on_stable_channel,I,08,"{'y_start': 728, 'y_stop': 1514, 'x_start': 0, 'x_stop': 2811}"
I08,PLD3_mCherry_reporter_control,16,488nm Binned,524.5,0.0,0.015468086418717004,-0.0051501435521253,0.8171199442119944,0.999999999999989,True,phase_cross_correlation_on_stable_channel,I,08,"{'y_start': 728, 'y_stop': 1514, 'x_start': 0, 'x_stop': 2811}"
I08,PLD3_mCherry_reporter_control,20,488nm Binned,-1353.3,0.0,0.012379933925067301,0.005723731649488877,0.5281380753138076,0.9999999999999891,True,phase_cross_correlation_on_stable_channel,I,08,"{'y_start': 728, 'y_stop': 1514, 'x_start': 0, 'x_stop': 2811}"
I08,PLD3_mCherry_reporter_control,25,488nm Binned,-49.1,0.0,0.002651459362592721,0.005426619543236268,0.9828800557880056,0.9999999999999902,True,phase_cross_correlation_on_stable_channel,I,08,"{'y_start': 728, 'y_stop': 1514, 'x_start': 0, 'x_stop': 2811}"
I08,PLD3_mCherry_reporter_control,29,488nm Binned,98.1,0.0,0.023016140277969586,0.019081819134673134,0.965794979079498,0.9999999999999564,True,phase_cross_correlation_on_stable_channel,I,08,"{'y_start': 728, 'y_stop': 1514, 'x_start': 0, 'x_stop': 2811}"
I08,PLD3_mCherry_reporter_control,32,488nm Binned,0.0,-56.9,0.014194399806728158,0.01759288205473714,0.980160390516039,0.9999999999999787,True,phase_cross_correlation_on_stable_channel,I,08,"{'y_start': 728, 'y_stop': 1514, 'x_start': 0, 'x_stop': 2811}"
I08,PLD3_mCherry_reporter_control,36,488nm Binned,0.0,-24.4,0.017457230790575595,0.009130907273477096,0.9914923291492329,0.9999999999999927,True,phase_cross_correlation_on_stable_channel,I,08,"{'y_start': 728, 'y_stop': 1514, 'x_start': 0, 'x_stop': 2811}"
I08,PLD3_mCherry_reporter_control,39,488nm Binned,728.0,0.0,0.010592390999659789,0.01141241139471597,0.7461645746164575,0.9999999999999768,True,phase_cross_correlation_on_stable_channel,I,08,"{'y_start': 728, 'y_stop': 1514, 'x_start': 0, 'x_stop': 2811}"
I12,PLD3_mCherry_reporter_control,8,488nm Binned,0.0,0.0,1.0,1.0,1.0,0.0,True,reference_timepoint,I,12,"{'y_start': 1209, 'y_stop': 2868, 'x_start': 991, 'x_stop': 1464}"
I12,PLD3_mCherry_reporter_control,12,488nm Binned,0.0,-1403.9,0.004157350734631547,0.0032175717431518983,0.5104951185495118,0.9999999999999876,True,phase_cross_correlation_on_stable_channel,I,12,"{'y_start': 1209, 'y_stop': 2868, 'x_start': 991, 'x_stop': 1464}"
I12,PLD3_mCherry_reporter_control,16,488nm Binned,0.0,990.5,0.011350248873254998,-0.001432391370331241,0.6546373779637378,0.9999999999999799,True,phase_cross_correlation_on_stable_channel,I,12,"{'y_start': 1209, 'y_stop': 2868, 'x_start': 991, 'x_stop': 1464}"
I12,PLD3_mCherry_reporter_control,20,488nm Binned,0.0,178.4,0.0025803232925696255,-0.001762221169843769,0.9377963737796373,0.9999999999999875,True,phase_cross_correlation_on_stable_channel,I,12,"{'y_start': 1209, 'y_stop': 2868, 'x_start': 991, 'x_stop': 1464}"
I12,PLD3_mCherry_reporter_control,25,488nm Binned,1208.4,1.1,0.0020130889825390624,-0.005041604535578914,0.5784391467236218,0.9999999999999946,True,phase_cross_correlation_on_stable_channel,I,12,"{'y_start': 1209, 'y_stop': 2868, 'x_start': 991, 'x_stop': 1464}"
I12,PLD3_mCherry_reporter_control,29,488nm Binned,0.0,-384.2,0.006728181100511069,-0.005833036109250402,0.8660390516039052,0.9999999999999855,True,phase_cross_correlation_on_stable_channel,I,12,"{'y_start': 1209, 'y_stop': 2868, 'x_start': 991, 'x_stop': 1464}"
I12,PLD3_mCherry_reporter_control,32,488nm Binned,0.0,-713.5,0.0016318298183993958,-0.002626875403824692,0.7512203626220363,0.9999999999999873,True,phase_cross_correlation_on_stable_channel,I,12,"{'y_start': 1209, 'y_stop': 2868, 'x_start': 991, 'x_stop': 1464}"
I12,PLD3_mCherry_reporter_control,36,488nm Binned,0.0,-1336.3,-0.0035706234263571572,-0.00027071371224400266,0.5340655509065552,0.9999999999999907,True,phase_cross_correlation_on_stable_channel,I,12,"{'y_start': 1209, 'y_stop': 2868, 'x_start': 991, 'x_stop': 1464}"
I12,PLD3_mCherry_reporter_control,39,488nm Binned,0.0,-401.1,-0.0023236175241480262,0.012088401509964125,0.8601464435146444,0.9999999999999937,True,phase_cross_correlation_on_stable_channel,I,12,"{'y_start': 1209, 'y_stop': 2868, 'x_start': 991, 'x_stop': 1464}"
I09,PLD3_mCherry_reporter_control,8,488nm Binned,0.0,0.0,1.0,1.0,1.0,0.0,True,reference_timepoint,I,09,"{'y_start': 711, 'y_stop': 1679, 'x_start': 122, 'x_stop': 2752}"
I09,PLD3_mCherry_reporter_control,12,488nm Binned,0.0,121.3,-0.0025483156507614254,0.0015521413924196711,0.9577057182705718,0.9999999999999929,True,phase_cross_correlation_on_stable_channel,I,09,"{'y_start': 711, 'y_stop': 1679, 'x_start': 122, 'x_stop': 2752}"
I09,PLD3_mCherry_reporter_control,16,488nm Binned,0.0,-115.3,0.01396488377831608,-0.0011178109067504548,0.9597977684797768,0.999999999999989,True,phase_cross_correlation_on_stable_channel,I,09,"{'y_start': 711, 'y_stop': 1679, 'x_start': 122, 'x_stop': 2752}"
I09,PLD3_mCherry_reporter_control,20,488nm Binned,-699.8,0.0,0.010166697301120341,0.0038388398406969592,0.755997210599721,0.9999999999999789,True,phase_cross_correlation_on_stable_channel,I,09,"{'y_start': 711, 'y_stop': 1679, 'x_start': 122, 'x_stop': 2752}"
I09,PLD3_mCherry_reporter_control,25,488nm Binned,-799.7,0.0,0.010826372139250003,0.006653191646581596,0.7211645746164576,0.9999999999999875,True,phase_cross_correlation_on_stable_channel,I,09,"{'y_start': 711, 'y_stop': 1679, 'x_start': 122, 'x_stop': 2752}"
I09,PLD3_mCherry_reporter_control,29,488nm Binned,48.6,0.0,0.014466330914222933,0.0600298728570739,0.9830543933054393,0.9999999999999812,True,phase_cross_correlation_on_stable_channel,I,09,"{'y_start': 711, 'y_stop': 1679, 'x_start': 122, 'x_stop': 2752}"
I09,PLD3_mCherry_reporter_control,32,488nm Binned,710.9,0.0,0.0009919489051786279,-0.002270061745102311,0.7521269177126918,0.9999999999999796,True,phase_cross_correlation_on_stable_channel,I,09,"{'y_start': 711, 'y_stop': 1679, 'x_start': 122, 'x_stop': 2752}"
I09,PLD3_mCherry_reporter_control,36,488nm Binned,-1188.8,0.0,0.017682145313806436,0.0024400891837374154,0.585495118549512,0.9999999999999732,True,phase_cross_correlation_on_stable_channel,I,09,"{'y_start': 711, 'y_stop': 1679, 'x_start': 122, 'x_stop': 2752}"
I09,PLD3_mCherry_reporter_control,39,488nm Binned,-507.5,0.0,-0.0009684012158029277,-0.0009574037158601032,0.8230474198047419,0.9999999999999906,True,phase_cross_correlation_on_stable_channel,I,09,"{'y_start': 711, 'y_stop': 1679, 'x_start': 122, 'x_stop': 2752}"
I13,PLD3_mCherry_reporter_control,8,488nm Binned,0.0,0.0,1.0,1.0,1.0,0.0,True,reference_timepoint,I,13,"{'y_start': 550, 'y_stop': 2058, 'x_start': 1301, 'x_stop': 2428}"
I13,PLD3_mCherry_reporter_control,12,488nm Binned,154.8,0.0,0.0021841116781434653,0.0029346817061368415,0.9460251046025104,0.9999999999999853,True,phase_cross_correlation_on_stable_channel,I,13,"{'y_start': 550, 'y_stop': 2058, 'x_start': 1301, 'x_stop': 2428}"
I13,PLD3_mCherry_reporter_control,16,488nm Binned,0.0,-439.1,0.009744308312956149,-0.00046945458492442504,0.8468967921896793,0.9999999999999899,True,phase_cross_correlation_on_stable_channel,I,13,"{'y_start': 550, 'y_stop': 2058, 'x_start': 1301, 'x_stop': 2428}"
I13,PLD3_mCherry_reporter_control,20,488nm Binned,-809.7,0.0,0.005570510486089091,0.007432231570019302,0.7176778242677825,0.9999999999999792,True,phase_cross_correlation_on_stable_channel,I,13,"{'y_start': 550, 'y_stop': 2058, 'x_start': 1301, 'x_stop': 2428}"
I13,PLD3_mCherry_reporter_control,25,488nm Binned,0.0,1300.5,-0.004113842780630576,0.004360293818235952,0.5465481171548117,0.999999999999993,True,phase_cross_correlation_on_stable_channel,I,13,"{'y_start': 550, 'y_stop': 2058, 'x_start': 1301, 'x_stop': 2428}"
I13,PLD3_mCherry_reporter_control,29,488nm Binned,48.2,0.0,0.007436984212618554,0.052773746870170155,0.9831938633193864,0.9999999999999917,True,phase_cross_correlation_on_stable_channel,I,13,"{'y_start': 550, 'y_stop': 2058, 'x_start': 1301, 'x_stop': 2428}"
I13,PLD3_mCherry_reporter_control,32,488nm Binned,550.0,0.0,0.006340490933356599,0.0033749705574390447,0.808228730822873,0.9999999999999678,True,phase_cross_correlation_on_stable_channel,I,13,"{'y_start': 550, 'y_stop': 2058, 'x_start': 1301, 'x_stop': 2428}"
I13,PLD3_mCherry_reporter_control,36,488nm Binned,-463.1,0.0,-0.0029616613300592442,0.002281715235682534,0.8385285913528592,0.9999999999999896,True,phase_cross_correlation_on_stable_channel,I,13,"{'y_start': 550, 'y_stop': 2058, 'x_start': 1301, 'x_stop': 2428}"
I13,PLD3_mCherry_reporter_control,39,488nm Binned,192.6,0.0,0.006275375315144287,0.00280652038849909,0.9328451882845189,0.9999999999999856,True,phase_cross_correlation_on_stable_channel,I,13,"{'y_start': 550, 'y_stop': 2058, 'x_start': 1301, 'x_stop': 2428}"
I14,PLD3_mCherry_reporter_control,8,488nm Binned,0.0,0.0,1.0,1.0,1.0,0.0,True,reference_timepoint,I,14,"{'y_start': 956, 'y_stop': 2244, 'x_start': 0, 'x_stop': 1813}"
I14,PLD3_mCherry_reporter_control,12,488nm Binned,480.4,0.0,-0.002310669543593475,0.0039632495794149685,0.8324965132496513,0.9999999999999809,True,phase_cross_correlation_on_stable_channel,I,14,"{'y_start': 956, 'y_stop': 2244, 'x_start': 0, 'x_stop': 1813}"
I14,PLD3_mCherry_reporter_control,16,488nm Binned,107.6,0.0,0.00768115588970602,0.0048021526903792135,0.9624825662482567,0.9999999999999367,True,phase_cross_correlation_on_stable_channel,I,14,"{'y_start': 956, 'y_stop': 2244, 'x_start': 0, 'x_stop': 1813}"
I14,PLD3_mCherry_reporter_control,20,488nm Binned,442.4,0.0,0.0013871783201962339,0.0021731959163496907,0.8457461645746165,0.999999999999953,True,phase_cross_correlation_on_stable_channel,I,14,"{'y_start': 956, 'y_stop': 2244, 'x_start': 0, 'x_stop': 1813}"
I14,PLD3_mCherry_reporter_control,25,488nm Binned,-623.2,0.0,0.006503721012487899,0.0005152296812656227,0.7827057182705719,0.9999999999999739,True,phase_cross_correlation_on_stable_channel,I,14,"{'y_start': 956, 'y_stop': 2244, 'x_start': 0, 'x_stop': 1813}"
I14,PLD3_mCherry_reporter_control,29,488nm Binned,0.0,-416.0,0.01164828559729048,0.0021430377536742332,0.8549511854951185,0.9999999999999856,True,phase_cross_correlation_on_stable_channel,I,14,"{'y_start': 956, 'y_stop': 2244, 'x_start': 0, 'x_stop': 1813}"
I14,PLD3_mCherry_reporter_control,32,488nm Binned,955.5,0.0,-0.0019252837701065474,0.002592737254277743,0.6668410041841004,0.999999999999965,True,phase_cross_correlation_on_stable_channel,I,14,"{'y_start': 956, 'y_stop': 2244, 'x_start': 0, 'x_stop': 1813}"
I14,PLD3_mCherry_reporter_control,36,488nm Binned,303.0,0.0,-0.0017553247164798327,0.005186367191298297,0.8943514644351465,0.9999999999999883,True,phase_cross_correlation_on_stable_channel,I,14,"{'y_start': 956, 'y_stop': 2244, 'x_start': 0, 'x_stop': 1813}"
I14,PLD3_mCherry_reporter_control,39,488nm Binned,0.0,-1054.8,0.00791960724311876,-0.009298956519390862,0.6322175732217574,0.9999999999999922,True,phase_cross_correlation_on_stable_channel,I,14,"{'y_start': 956, 'y_stop': 2244, 'x_start': 0, 'x_stop': 1813}"
I15,PLD3_mCherry_reporter_control,8,488nm Binned,0.0,0.0,1.0,1.0,1.0,0.0,True,reference_timepoint,I,15,"{'y_start': 0, 'y_stop': 2868, 'x_start': 1325, 'x_stop': 1814}"
I15,PLD3_mCherry_reporter_control,12,488nm Binned,0.0,31.1,0.004177258758717632,-0.0005631189012048409,0.9891562064156206,0.9999999999999846,True,phase_cross_correlation_on_stable_channel,I,15,"{'y_start': 0, 'y_stop': 2868, 'x_start': 1325, 'x_stop': 1814}"
I15,PLD3_mCherry_reporter_control,16,488nm Binned,0.0,22.5,0.00577550846565492,0.0010086371384490371,0.9921548117154811,0.9999999999999838,True,phase_cross_correlation_on_stable_channel,I,15,"{'y_start': 0, 'y_stop': 2868, 'x_start': 1325, 'x_stop': 1814}"
I15,PLD3_mCherry_reporter_control,20,488nm Binned,0.0,1325.0,0.0013477260861977111,0.002265035591888056,0.5380055788005579,0.9999999999999845,True,phase_cross_correlation_on_stable_channel,I,15,"{'y_start': 0, 'y_stop': 2868, 'x_start': 1325, 'x_stop': 1814}"
I15,PLD3_mCherry_reporter_control,25,488nm Binned,0.0,675.9,0.01988165500502033,-0.0032470406543988967,0.7643305439330543,0.9999999999999923,True,phase_cross_correlation_on_stable_channel,I,15,"{'y_start': 0, 'y_stop': 2868, 'x_start': 1325, 'x_stop': 1814}"
I15,PLD3_mCherry_reporter_control,29,488nm Binned,0.0,920.7,0.01651843247557864,0.010075897725335597,0.6789748953974895,0.9999999999999961,True,phase_cross_correlation_on_stable_channel,I,15,"{'y_start': 0, 'y_stop': 2868, 'x_start': 1325, 'x_stop': 1814}"
I15,PLD3_mCherry_reporter_control,32,488nm Binned,0.0,139.7,0.0015178103971074904,0.0023899377094232484,0.9512900976290098,0.9999999999999875,True,phase_cross_correlation_on_stable_channel,I,15,"{'y_start': 0, 'y_stop': 2868, 'x_start': 1325, 'x_stop': 1814}"
I15,PLD3_mCherry_reporter_control,36,488nm Binned,0.0,-7.8,0.00527918357022021,0.007817225639352285,0.9972803347280335,0.9999999999999898,True,phase_cross_correlation_on_stable_channel,I,15,"{'y_start': 0, 'y_stop': 2868, 'x_start': 1325, 'x_stop': 1814}"
I15,PLD3_mCherry_reporter_control,39,488nm Binned,0.0,-1053.7,0.0005997019480304161,-0.00017800571368873432,0.6326011157601115,0.9999999999999857,True,phase_cross_correlation_on_stable_channel,I,15,"{'y_start': 0, 'y_stop': 2868, 'x_start': 1325, 'x_stop': 1814}"
I16,PLD3_mCherry_reporter_control,8,488nm Binned,0.0,0.0,1.0,1.0,1.0,0.0,True,reference_timepoint,I,16,"{'y_start': 888, 'y_stop': 1547, 'x_start': 430, 'x_stop': 2828}"
I16,PLD3_mCherry_reporter_control,12,488nm Binned,-960.0,0.0,0.002665638560794783,0.0184726210997879,0.6652719665271967,0.9999999999999748,True,phase_cross_correlation_on_stable_channel,I,16,"{'y_start': 888, 'y_stop': 1547, 'x_start': 430, 'x_stop': 2828}"
I16,PLD3_mCherry_reporter_control,16,488nm Binned,215.1,0.0,0.011515364179741612,-0.003730854259254398,0.925,0.9999999999999534,True,phase_cross_correlation_on_stable_channel,I,16,"{'y_start': 888, 'y_stop': 1547, 'x_start': 430, 'x_stop': 2828}"
I16,PLD3_mCherry_reporter_control,20,488nm Binned,0.0,-39.5,0.004823476867805889,0.0026329881306776932,0.9862273361227336,0.9999999999999737,True,phase_cross_correlation_on_stable_channel,I,16,"{'y_start': 888, 'y_stop': 1547, 'x_start': 430, 'x_stop': 2828}"
I16,PLD3_mCherry_reporter_control,25,488nm Binned,887.7,0.0,0.002795620258102399,-0.014422187448887885,0.6904811715481171,0.9999999999999729,True,phase_cross_correlation_on_stable_channel,I,16,"{'y_start': 888, 'y_stop': 1547, 'x_start': 430, 'x_stop': 2828}"
I16,PLD3_mCherry_reporter_control,29,488nm Binned,0.0,429.9,0.011453263751309898,0.01640046600274845,0.8501046025104603,0.9999999999999776,True,phase_cross_correlation_on_stable_channel,I,16,"{'y_start': 888, 'y_stop': 1547, 'x_start': 430, 'x_stop': 2828}"
I16,PLD3_mCherry_reporter_control,32,488nm Binned,-1320.9,0.0,0.005496831746162878,0.02406777920776158,0.5394351464435146,0.9999999999999776,True,phase_cross_correlation_on_stable_channel,I,16,"{'y_start': 888, 'y_stop': 1547, 'x_start': 430, 'x_stop': 2828}"
I16,PLD3_mCherry_reporter_control,36,488nm Binned,-0.3,0.1,0.0052937224363584535,0.0051771159641532255,0.9998605336332814,0.9999999999999845,True,phase_cross_correlation_on_stable_channel,I,16,"{'y_start': 888, 'y_stop': 1547, 'x_start': 430, 'x_stop': 2828}"
I16,PLD3_mCherry_reporter_control,39,488nm Binned,-189.2,0.0,-0.001954127389545518,0.022364812716027065,0.9340306834030684,0.9999999999999827,True,phase_cross_correlation_on_stable_channel,I,16,"{'y_start': 888, 'y_stop': 1547, 'x_start': 430, 'x_stop': 2828}"
I17,PLD3_mCherry_reporter_control,8,488nm Binned,0.0,0.0,1.0,1.0,1.0,0.0,True,reference_timepoint,I,17,"{'y_start': 466, 'y_stop': 2054, 'x_start': 684, 'x_stop': 1933}"
I17,PLD3_mCherry_reporter_control,12,488nm Binned,0.0,328.3,-0.00745894634461937,-0.0015499515788601234,0.8855299860529986,0.9999999999999885,True,phase_cross_correlation_on_stable_channel,I,17,"{'y_start': 466, 'y_stop': 2054, 'x_start': 684, 'x_stop': 1933}"
I17,PLD3_mCherry_reporter_control,16,488nm Binned,-813.3,0.0,-4.605246234992745e-05,-0.0023139186567240904,0.7164225941422594,0.9999999999999789,True,phase_cross_correlation_on_stable_channel,I,17,"{'y_start': 466, 'y_stop': 2054, 'x_start': 684, 'x_stop': 1933}"
I17,PLD3_mCherry_reporter_control,20,488nm Binned,0.0,-934.4,-0.006925078046829268,-0.0009132779098463328,0.6741980474198047,0.999999999999961,True,phase_cross_correlation_on_stable_channel,I,17,"{'y_start': 466, 'y_stop': 2054, 'x_start': 684, 'x_stop': 1933}"
I17,PLD3_mCherry_reporter_control,25,488nm Binned,92.8,0.0,0.006500379441280659,0.11744629885336742,0.9676429567642957,0.9999999999999764,True,phase_cross_correlation_on_stable_channel,I,17,"{'y_start': 466, 'y_stop': 2054, 'x_start': 684, 'x_stop': 1933}"
I17,PLD3_mCherry_reporter_control,29,488nm Binned,0.0,164.2,0.0011214646190098518,-0.0007458839288646438,0.942747559274756,0.999999999999984,True,phase_cross_correlation_on_stable_channel,I,17,"{'y_start': 466, 'y_stop': 2054, 'x_start': 684, 'x_stop': 1933}"
I17,PLD3_mCherry_reporter_control,32,488nm Binned,0.0,683.1,0.006027008904762481,-0.0013939592734638806,0.7618200836820084,0.9999999999999857,True,phase_cross_correlation_on_stable_channel,I,17,"{'y_start': 466, 'y_stop': 2054, 'x_start': 684, 'x_stop': 1933}"
I17,PLD3_mCherry_reporter_control,36,488nm Binned,465.9,0.0,-0.005496677439804773,-0.004325933481450765,0.8375523012552301,0.999999999999964,True,phase_cross_correlation_on_stable_channel,I,17,"{'y_start': 466, 'y_stop': 2054, 'x_start': 684, 'x_stop': 1933}"
I17,PLD3_mCherry_reporter_control,39,488nm Binned,-763.0,0.0,0.007246074237239497,0.005103890647282184,0.7339609483960948,0.9999999999999857,True,phase_cross_correlation_on_stable_channel,I,17,"{'y_start': 466, 'y_stop': 2054, 'x_start': 684, 'x_stop': 1933}"
I18,PLD3_mCherry_reporter_control,8,488nm Binned,0.0,0.0,1.0,1.0,1.0,0.0,True,reference_timepoint,I,18,"{'y_start': 0, 'y_stop': 2868, 'x_start': 757, 'x_stop': 1543}"
I18,PLD3_mCherry_reporter_control,12,488nm Binned,0.0,756.4,0.0034957371765162288,0.004338842764484123,0.7362622036262203,0.9999999999999862,True,phase_cross_correlation_on_stable_channel,I,18,"{'y_start': 0, 'y_stop': 2868, 'x_start': 757, 'x_stop': 1543}"
I18,PLD3_mCherry_reporter_control,16,488nm Binned,0.0,-1325.0,0.004926783096517463,0.007134240238945728,0.5380055788005579,0.9999999999999467,True,phase_cross_correlation_on_stable_channel,I,18,"{'y_start': 0, 'y_stop': 2868, 'x_start': 757, 'x_stop': 1543}"
I18,PLD3_mCherry_reporter_control,20,488nm Binned,0.0,747.4,0.00536220534791387,-0.0014184848265454226,0.7394002789400279,0.9999999999999787,True,phase_cross_correlation_on_stable_channel,I,18,"{'y_start': 0, 'y_stop': 2868, 'x_start': 757, 'x_stop': 1543}"
I18,PLD3_mCherry_reporter_control,25,488nm Binned,0.0,-427.2,0.011792047129381552,-0.005065441226458041,0.8510460251046026,0.9999999999999869,True,phase_cross_correlation_on_stable_channel,I,18,"{'y_start': 0, 'y_stop': 2868, 'x_start': 757, 'x_stop': 1543}"
I18,PLD3_mCherry_reporter_control,29,488nm Binned,0.0,-370.4,0.01167059935075942,-0.0020796189889669783,0.8708507670850767,0.9999999999999688,True,phase_cross_correlation_on_stable_channel,I,18,"{'y_start': 0, 'y_stop': 2868, 'x_start': 757, 'x_stop': 1543}"
I18,PLD3_mCherry_reporter_control,32,488nm Binned,0.0,118.0,0.0010441235558193564,0.00968873925884679,0.9588563458856346,0.9999999999999706,True,phase_cross_correlation_on_stable_channel,I,18,"{'y_start': 0, 'y_stop': 2868, 'x_start': 757, 'x_stop': 1543}"
I18,PLD3_mCherry_reporter_control,36,488nm Binned,0.0,-635.2,0.006510897349997975,-0.005384710857787535,0.7785216178521618,0.9999999999999731,True,phase_cross_correlation_on_stable_channel,I,18,"{'y_start': 0, 'y_stop': 2868, 'x_start': 757, 'x_stop': 1543}"
I18,PLD3_mCherry_reporter_control,39,488nm Binned,0.0,-187.1,0.0012189845687065057,-0.007856720150403335,0.9347629009762901,0.9999999999999875,True,phase_cross_correlation_on_stable_channel,I,18,"{'y_start': 0, 'y_stop': 2868, 'x_start': 757, 'x_stop': 1543}"
I11,PLD3_mCherry_reporter_control,8,488nm Binned,0.0,0.0,1.0,1.0,1.0,0.0,True,reference_timepoint,I,11,"{'y_start': 4, 'y_stop': 2276, 'x_start': 0, 'x_stop': 2552}"
I11,PLD3_mCherry_reporter_control,12,488nm Binned,0.0,-315.4,-0.0004667336763834384,0.0035125147547724945,0.8900278940027894,0.9999999999999922,True,phase_cross_correlation_on_stable_channel,I,11,"{'y_start': 4, 'y_stop': 2276, 'x_start': 0, 'x_stop': 2552}"
I11,PLD3_mCherry_reporter_control,16,488nm Binned,-237.6,0.0,0.012303663171186665,-0.0008707347791867802,0.9171548117154812,0.9999999999999638,True,phase_cross_correlation_on_stable_channel,I,11,"{'y_start': 4, 'y_stop': 2276, 'x_start': 0, 'x_stop': 2552}"
I11,PLD3_mCherry_reporter_control,20,488nm Binned,-591.2,0.0,-0.0016255191830860812,0.0011243631525931755,0.793863319386332,0.9999999999999701,True,phase_cross_correlation_on_stable_channel,I,11,"{'y_start': 4, 'y_stop': 2276, 'x_start': 0, 'x_stop': 2552}"
I11,PLD3_mCherry_reporter_control,25,488nm Binned,-79.9,0.0,0.006731615684764961,-0.001347926785142683,0.9721408647140865,0.9999999999999724,True,phase_cross_correlation_on_stable_channel,I,11,"{'y_start': 4, 'y_stop': 2276, 'x_start': 0, 'x_stop': 2552}"
I11,PLD3_mCherry_reporter_control,29,488nm Binned,-494.8,0.0,0.005290561361482374,-0.0036608469706868405,0.8274755927475592,0.9999999999999841,True,phase_cross_correlation_on_stable_channel,I,11,"{'y_start': 4, 'y_stop': 2276, 'x_start': 0, 'x_stop': 2552}"
I11,PLD3_mCherry_reporter_control,32,488nm Binned,4.0,0.0,-0.0055136171854349905,-0.0029630279100883437,0.99860529986053,0.9999999999999556,True,phase_cross_correlation_on_stable_channel,I,11,"{'y_start': 4, 'y_stop': 2276, 'x_start': 0, 'x_stop': 2552}"
I11,PLD3_mCherry_reporter_control,36,488nm Binned,0.0,-107.8,-0.00016352637756777242,-0.009666607710964881,0.9624128312412831,0.9999999999999803,True,phase_cross_correlation_on_stable_channel,I,11,"{'y_start': 4, 'y_stop': 2276, 'x_start': 0, 'x_stop': 2552}"
I11,PLD3_mCherry_reporter_control,39,488nm Binned,-332.6,0.0,0.0013200553660920947,-0.0023987389660343047,0.8840306834030683,0.999999999999987,True,phase_cross_correlation_on_stable_channel,I,11,"{'y_start': 4, 'y_stop': 2276, 'x_start': 0, 'x_stop': 2552}"
J05,PLD3_TMEM106B_mCherry_primary,8,488nm Binned,0.0,0.0,1.0,1.0,1.0,0.0,True,reference_timepoint,J,05,"{'y_start': 0, 'y_stop': 1929, 'x_start': 919, 'x_stop': 1903}"
J05,PLD3_TMEM106B_mCherry_primary,12,488nm Binned,0.0,363.0,0.0008419845541105228,-0.003635620597594638,0.8734309623430963,0.9999999999999853,True,phase_cross_correlation_on_stable_channel,J,05,"{'y_start': 0, 'y_stop': 1929, 'x_start': 919, 'x_stop': 1903}"
J05,PLD3_TMEM106B_mCherry_primary,16,488nm Binned,0.0,701.2,0.01872548124510136,-0.002651841149920443,0.7555090655509066,0.9999999999999878,True,phase_cross_correlation_on_stable_channel,J,05,"{'y_start': 0, 'y_stop': 1929, 'x_start': 919, 'x_stop': 1903}"
J05,PLD3_TMEM106B_mCherry_primary,20,488nm Binned,0.0,671.1,0.005333222339931088,0.0009219180357811721,0.7660041841004185,0.9999999999999808,True,phase_cross_correlation_on_stable_channel,J,05,"{'y_start': 0, 'y_stop': 1929, 'x_start': 919, 'x_stop': 1903}"
J05,PLD3_TMEM106B_mCherry_primary,25,488nm Binned,0.0,918.5,0.0023822618522874876,-0.010819769272950048,0.6797419804741981,0.999999999999991,True,phase_cross_correlation_on_stable_channel,J,05,"{'y_start': 0, 'y_stop': 1929, 'x_start': 919, 'x_stop': 1903}"
J05,PLD3_TMEM106B_mCherry_primary,29,488nm Binned,0.0,-512.0,0.010429050172442979,0.00199485692873807,0.8214783821478382,0.999999999999985,True,phase_cross_correlation_on_stable_channel,J,05,"{'y_start': 0, 'y_stop': 1929, 'x_start': 919, 'x_stop': 1903}"
J05,PLD3_TMEM106B_mCherry_primary,32,488nm Binned,0.0,-964.8,-0.011100893727994669,-0.002069306823682706,0.6635983263598327,0.9999999999999896,True,phase_cross_correlation_on_stable_channel,J,05,"{'y_start': 0, 'y_stop': 1929, 'x_start': 919, 'x_stop': 1903}"
J05,PLD3_TMEM106B_mCherry_primary,36,488nm Binned,-939.0,0.0,0.0022650221214229093,-0.0012467159846299193,0.6725941422594143,0.9999999999999888,True,phase_cross_correlation_on_stable_channel,J,05,"{'y_start': 0, 'y_stop': 1929, 'x_start': 919, 'x_stop': 1903}"
J05,PLD3_TMEM106B_mCherry_primary,39,488nm Binned,-662.6,0.0,-0.001943408343238135,-7.560102031904305e-05,0.7689679218967922,0.999999999999986,True,phase_cross_correlation_on_stable_channel,J,05,"{'y_start': 0, 'y_stop': 1929, 'x_start': 919, 'x_stop': 1903}"
I19,PLD3_mCherry_reporter_control,8,488nm Binned,0.0,0.0,1.0,1.0,1.0,0.0,True,reference_timepoint,I,19,"{'y_start': 793, 'y_stop': 2122, 'x_start': 393, 'x_stop': 2511}"
I19,PLD3_mCherry_reporter_control,12,488nm Binned,-744.5,0.0,-0.005094790153669682,-0.0029119342167039292,0.7404114365411436,0.9999999999999718,True,phase_cross_correlation_on_stable_channel,I,19,"{'y_start': 793, 'y_stop': 2122, 'x_start': 393, 'x_stop': 2511}"
I19,PLD3_mCherry_reporter_control,16,488nm Binned,0.0,67.0,0.01053603388777619,0.00071406755540528,0.9766387726638772,0.999999999999958,True,phase_cross_correlation_on_stable_channel,I,19,"{'y_start': 793, 'y_stop': 2122, 'x_start': 393, 'x_stop': 2511}"
I19,PLD3_mCherry_reporter_control,20,488nm Binned,792.4,0.0,-0.006589363706048928,-0.005883354249996425,0.7237099023709902,0.9999999999999775,True,phase_cross_correlation_on_stable_channel,I,19,"{'y_start': 793, 'y_stop': 2122, 'x_start': 393, 'x_stop': 2511}"
I19,PLD3_mCherry_reporter_control,25,488nm Binned,0.0,-356.8,0.0009652086123717875,0.0035639775266278055,0.8755927475592747,0.9999999999999868,True,phase_cross_correlation_on_stable_channel,I,19,"{'y_start': 793, 'y_stop': 2122, 'x_start': 393, 'x_stop': 2511}"
I19,PLD3_mCherry_reporter_control,29,488nm Binned,0.0,197.8,0.009014949286668319,-0.0020975292660571306,0.9310320781032078,0.9999999999999682,True,phase_cross_correlation_on_stable_channel,I,19,"{'y_start': 793, 'y_stop': 2122, 'x_start': 393, 'x_stop': 2511}"
I19,PLD3_mCherry_reporter_control,32,488nm Binned,0.0,392.7,-0.0047909183971919,0.0025063028239026286,0.8630753138075314,0.9999999999999681,True,phase_cross_correlation_on_stable_channel,I,19,"{'y_start': 793, 'y_stop': 2122, 'x_start': 393, 'x_stop': 2511}"
I19,PLD3_mCherry_reporter_control,36,488nm Binned,0.0,-333.9,-0.004893128185567047,0.003227266090219371,0.8835774058577406,0.9999999999999807,True,phase_cross_correlation_on_stable_channel,I,19,"{'y_start': 793, 'y_stop': 2122, 'x_start': 393, 'x_stop': 2511}"
I19,PLD3_mCherry_reporter_control,39,488nm Binned,-746.0,0.0,-0.0013173730507588996,0.003953361981207792,0.7398884239888424,0.9999999999999867,True,phase_cross_correlation_on_stable_channel,I,19,"{'y_start': 793, 'y_stop': 2122, 'x_start': 393, 'x_stop': 2511}"
J06,PLD3_TMEM106B_mCherry_primary,8,488nm Binned,0.0,0.0,1.0,1.0,1.0,0.0,True,reference_timepoint,J,06,"{'y_start': 912, 'y_stop': 1441, 'x_start': 179, 'x_stop': 2866}"
J06,PLD3_TMEM106B_mCherry_primary,12,488nm Binned,0.0,178.9,0.009159284736861393,0.007011082007393047,0.9376220362622036,0.9999999999999916,True,phase_cross_correlation_on_stable_channel,J,06,"{'y_start': 912, 'y_stop': 1441, 'x_start': 179, 'x_stop': 2866}"
J06,PLD3_TMEM106B_mCherry_primary,16,488nm Binned,0.0,-1.2,0.017469987482723374,0.017716307563720297,0.999581589958159,0.9999999999999862,True,phase_cross_correlation_on_stable_channel,J,06,"{'y_start': 912, 'y_stop': 1441, 'x_start': 179, 'x_stop': 2866}"
J06,PLD3_TMEM106B_mCherry_primary,20,488nm Binned,-1426.2,0.0,0.0031983641159828253,-0.002890646726327812,0.5027196652719665,0.9999999999999782,True,phase_cross_correlation_on_stable_channel,J,06,"{'y_start': 912, 'y_stop': 1441, 'x_start': 179, 'x_stop': 2866}"
J06,PLD3_TMEM106B_mCherry_primary,25,488nm Binned,770.8,0.0,0.004477405925681991,-0.008584427495160502,0.7312412831241283,0.9999999999999757,True,phase_cross_correlation_on_stable_channel,J,06,"{'y_start': 912, 'y_stop': 1441, 'x_start': 179, 'x_stop': 2866}"
J06,PLD3_TMEM106B_mCherry_primary,29,488nm Binned,-972.7,-1.1,0.019376700549269973,0.00010304920726801613,0.6605903318783324,0.9999999999999931,True,phase_cross_correlation_on_stable_channel,J,06,"{'y_start': 912, 'y_stop': 1441, 'x_start': 179, 'x_stop': 2866}"
J06,PLD3_TMEM106B_mCherry_primary,32,488nm Binned,911.3,0.0,-0.00016391758176248242,-0.003078121239174658,0.6822524407252442,0.9999999999999764,True,phase_cross_correlation_on_stable_channel,J,06,"{'y_start': 912, 'y_stop': 1441, 'x_start': 179, 'x_stop': 2866}"
J06,PLD3_TMEM106B_mCherry_primary,36,488nm Binned,764.3,0.0,-0.00084844242155079,0.014680529788728958,0.7335076708507671,0.9999999999999782,True,phase_cross_correlation_on_stable_channel,J,06,"{'y_start': 912, 'y_stop': 1441, 'x_start': 179, 'x_stop': 2866}"
J06,PLD3_TMEM106B_mCherry_primary,39,488nm Binned,-230.5,0.0,0.009106190993370079,0.0007564334618905301,0.9196304044630405,0.9999999999999742,True,phase_cross_correlation_on_stable_channel,J,06,"{'y_start': 912, 'y_stop': 1441, 'x_start': 179, 'x_stop': 2866}"
J08,PLD3_TMEM106B_mCherry_primary,8,488nm Binned,0.0,0.0,1.0,1.0,1.0,0.0,True,reference_timepoint,J,08,"{'y_start': 1313, 'y_stop': 1563, 'x_start': 1263, 'x_stop': 1845}"
J08,PLD3_TMEM106B_mCherry_primary,12,488nm Binned,-480.1,0.0,-0.008736091864569587,-0.004111601153586283,0.8326011157601116,0.9999999999999877,True,phase_cross_correlation_on_stable_channel,J,08,"{'y_start': 1313, 'y_stop': 1563, 'x_start': 1263, 'x_stop': 1845}"
J08,PLD3_TMEM106B_mCherry_primary,16,488nm Binned,0.0,-1022.5,0.011007614050386971,0.0004622264706547069,0.6434797768479776,0.9999999999999848,True,phase_cross_correlation_on_stable_channel,J,08,"{'y_start': 1313, 'y_stop': 1563, 'x_start': 1263, 'x_stop': 1845}"
J08,PLD3_TMEM106B_mCherry_primary,20,488nm Binned,-372.4,0.0,0.0019094561570905987,-0.00031061848912934903,0.8701534170153417,0.9999999999999669,True,phase_cross_correlation_on_stable_channel,J,08,"{'y_start': 1313, 'y_stop': 1563, 'x_start': 1263, 'x_stop': 1845}"
J08,PLD3_TMEM106B_mCherry_primary,25,488nm Binned,1312.3,0.0,0.0016638978267888927,0.0016337154561084383,0.5424337517433753,0.9999999999999815,True,phase_cross_correlation_on_stable_channel,J,08,"{'y_start': 1313, 'y_stop': 1563, 'x_start': 1263, 'x_stop': 1845}"
J08,PLD3_TMEM106B_mCherry_primary,29,488nm Binned,-441.2,0.0,0.008408395537184482,-0.004014694641696508,0.8461645746164576,0.9999999999999888,True,phase_cross_correlation_on_stable_channel,J,08,"{'y_start': 1313, 'y_stop': 1563, 'x_start': 1263, 'x_stop': 1845}"
J08,PLD3_TMEM106B_mCherry_primary,32,488nm Binned,0.0,1262.4,-0.0016167001924655316,0.0021922247710737743,0.5598326359832636,0.9999999999999926,True,phase_cross_correlation_on_stable_channel,J,08,"{'y_start': 1313, 'y_stop': 1563, 'x_start': 1263, 'x_stop': 1845}"
J08,PLD3_TMEM106B_mCherry_primary,36,488nm Binned,-1304.1,0.0,0.00024326355207304927,0.0056843791750356455,0.5452928870292887,0.9999999999999808,True,phase_cross_correlation_on_stable_channel,J,08,"{'y_start': 1313, 'y_stop': 1563, 'x_start': 1263, 'x_stop': 1845}"
J08,PLD3_TMEM106B_mCherry_primary,39,488nm Binned,0.0,-243.0,0.0012659395593016074,-0.003053578919408919,0.9152719665271967,0.9999999999999908,True,phase_cross_correlation_on_stable_channel,J,08,"{'y_start': 1313, 'y_stop': 1563, 'x_start': 1263, 'x_stop': 1845}"
I20,PLD3_mCherry_reporter_control,8,488nm Binned,0.0,0.0,1.0,1.0,1.0,0.0,True,reference_timepoint,I,20,"{'y_start': 486, 'y_stop': 1908, 'x_start': 0, 'x_stop': 2868}"
I20,PLD3_mCherry_reporter_control,12,488nm Binned,52.5,0.0,0.004234336671722273,-0.0042415489232636135,0.981694560669456,0.9999999999999611,True,phase_cross_correlation_on_stable_channel,I,20,"{'y_start': 486, 'y_stop': 1908, 'x_start': 0, 'x_stop': 2868}"
I20,PLD3_mCherry_reporter_control,16,488nm Binned,486.0,0.0,0.013361971375025861,0.0035629044748593545,0.8305439330543933,0.999999999999951,True,phase_cross_correlation_on_stable_channel,I,20,"{'y_start': 486, 'y_stop': 1908, 'x_start': 0, 'x_stop': 2868}"
I20,PLD3_mCherry_reporter_control,20,488nm Binned,-187.5,0.0,0.0024643970468901416,0.0016750187193531733,0.9346234309623431,0.9999999999999489,True,phase_cross_correlation_on_stable_channel,I,20,"{'y_start': 486, 'y_stop': 1908, 'x_start': 0, 'x_stop': 2868}"
I20,PLD3_mCherry_reporter_control,25,488nm Binned,-161.1,0.0,0.0011592946439827085,0.003148512030621604,0.9438284518828453,0.9999999999999714,True,phase_cross_correlation_on_stable_channel,I,20,"{'y_start': 486, 'y_stop': 1908, 'x_start': 0, 'x_stop': 2868}"
I20,PLD3_mCherry_reporter_control,29,488nm Binned,446.4,0.0,0.02230413126877399,0.004103108888993144,0.8443514644351464,0.9999999999999871,True,phase_cross_correlation_on_stable_channel,I,20,"{'y_start': 486, 'y_stop': 1908, 'x_start': 0, 'x_stop': 2868}"
I20,PLD3_mCherry_reporter_control,32,488nm Binned,-266.2,0.0,-0.0025500697304617396,0.00975950155047549,0.9071827057182706,0.9999999999999608,True,phase_cross_correlation_on_stable_channel,I,20,"{'y_start': 486, 'y_stop': 1908, 'x_start': 0, 'x_stop': 2868}"
I20,PLD3_mCherry_reporter_control,36,488nm Binned,-166.7,0.0,0.0018729962653774208,0.006313583873739508,0.9418758716875872,0.9999999999999685,True,phase_cross_correlation_on_stable_channel,I,20,"{'y_start': 486, 'y_stop': 1908, 'x_start': 0, 'x_stop': 2868}"
I20,PLD3_mCherry_reporter_control,39,488nm Binned,-959.4,0.0,0.0017107497589278749,0.0007348920145510962,0.6654811715481171,0.999999999999959,True,phase_cross_correlation_on_stable_channel,I,20,"{'y_start': 486, 'y_stop': 1908, 'x_start': 0, 'x_stop': 2868}"
J09,PLD3_TMEM106B_mCherry_primary,8,488nm Binned,0.0,0.0,1.0,1.0,1.0,0.0,True,reference_timepoint,J,09,"{'y_start': 282, 'y_stop': 1827, 'x_start': 976, 'x_stop': 1642}"
J09,PLD3_TMEM106B_mCherry_primary,12,488nm Binned,0.0,-225.9,0.003414403029133666,-0.0027733987256926807,0.9212343096234309,0.9999999999999887,True,phase_cross_correlation_on_stable_channel,J,09,"{'y_start': 282, 'y_stop': 1827, 'x_start': 976, 'x_stop': 1642}"
J09,PLD3_TMEM106B_mCherry_primary,16,488nm Binned,0.0,0.0,0.011986699599584498,0.011986699599584498,1.0,0.9999999999999769,True,phase_cross_correlation_on_stable_channel,J,09,"{'y_start': 282, 'y_stop': 1827, 'x_start': 976, 'x_stop': 1642}"
J09,PLD3_TMEM106B_mCherry_primary,20,488nm Binned,281.2,0.0,0.006890185905978453,0.0026351357799333512,0.901952580195258,0.9999999999999868,True,phase_cross_correlation_on_stable_channel,J,09,"{'y_start': 282, 'y_stop': 1827, 'x_start': 976, 'x_stop': 1642}"
J09,PLD3_TMEM106B_mCherry_primary,25,488nm Binned,-558.8,0.0,0.004478695640155415,-0.00203459911710242,0.805160390516039,0.9999999999999871,True,phase_cross_correlation_on_stable_channel,J,09,"{'y_start': 282, 'y_stop': 1827, 'x_start': 976, 'x_stop': 1642}"
J09,PLD3_TMEM106B_mCherry_primary,29,488nm Binned,0.0,-223.7,0.007315673400985503,0.005673093652240885,0.9220013947001395,0.9999999999999855,True,phase_cross_correlation_on_stable_channel,J,09,"{'y_start': 282, 'y_stop': 1827, 'x_start': 976, 'x_stop': 1642}"
J09,PLD3_TMEM106B_mCherry_primary,32,488nm Binned,-1041.0,0.0,0.0006315556002212871,-0.008397801443710036,0.6370292887029289,0.99999999999999,True,phase_cross_correlation_on_stable_channel,J,09,"{'y_start': 282, 'y_stop': 1827, 'x_start': 976, 'x_stop': 1642}"
J09,PLD3_TMEM106B_mCherry_primary,36,488nm Binned,0.0,-1225.9,0.002260655740829334,0.0004063366844202942,0.5725592747559275,0.9999999999999927,True,phase_cross_correlation_on_stable_channel,J,09,"{'y_start': 282, 'y_stop': 1827, 'x_start': 976, 'x_stop': 1642}"
J09,PLD3_TMEM106B_mCherry_primary,39,488nm Binned,0.0,975.9,-0.0013365142505296834,0.015669335146750608,0.6597280334728033,0.9999999999999921,True,phase_cross_correlation_on_stable_channel,J,09,"{'y_start': 282, 'y_stop': 1827, 'x_start': 976, 'x_stop': 1642}"
J10,PLD3_TMEM106B_mCherry_primary,8,488nm Binned,0.0,0.0,1.0,1.0,1.0,0.0,True,reference_timepoint,J,10,"{'y_start': 0, 'y_stop': 2868, 'x_start': 1290, 'x_stop': 1535}"
J10,PLD3_TMEM106B_mCherry_primary,12,488nm Binned,0.0,1289.1,-0.0026061675952646812,-0.0015164528739651038,0.5505230125523013,0.9999999999999853,True,phase_cross_correlation_on_stable_channel,J,10,"{'y_start': 0, 'y_stop': 2868, 'x_start': 1290, 'x_stop': 1535}"
J10,PLD3_TMEM106B_mCherry_primary,16,488nm Binned,0.0,-28.1,0.012100237612777533,0.01816041894260714,0.9902022315202231,0.9999999999999863,True,phase_cross_correlation_on_stable_channel,J,10,"{'y_start': 0, 'y_stop': 2868, 'x_start': 1290, 'x_stop': 1535}"
J10,PLD3_TMEM106B_mCherry_primary,20,488nm Binned,0.0,1106.0,-0.001954548726426937,-0.00011122716383626449,0.6143654114365411,0.9999999999999835,True,phase_cross_correlation_on_stable_channel,J,10,"{'y_start': 0, 'y_stop': 2868, 'x_start': 1290, 'x_stop': 1535}"
J10,PLD3_TMEM106B_mCherry_primary,25,488nm Binned,0.0,-702.7,0.007613683485700235,0.002905794549585536,0.7549860529986053,0.9999999999999879,True,phase_cross_correlation_on_stable_channel,J,10,"{'y_start': 0, 'y_stop': 2868, 'x_start': 1290, 'x_stop': 1535}"
J10,PLD3_TMEM106B_mCherry_primary,29,488nm Binned,0.0,-720.6,0.021912959055916545,4.6713769110864336e-05,0.748744769874477,0.9999999999999887,True,phase_cross_correlation_on_stable_channel,J,10,"{'y_start': 0, 'y_stop': 2868, 'x_start': 1290, 'x_stop': 1535}"
J10,PLD3_TMEM106B_mCherry_primary,32,488nm Binned,0.0,-1332.7,0.0006013097575857812,-0.0037492284865468027,0.535320781032078,0.9999999999999925,True,phase_cross_correlation_on_stable_channel,J,10,"{'y_start': 0, 'y_stop': 2868, 'x_start': 1290, 'x_stop': 1535}"
J10,PLD3_TMEM106B_mCherry_primary,36,488nm Binned,0.0,558.9,-0.0004990045082173941,0.008126516300875035,0.8051255230125522,0.9999999999999851,True,phase_cross_correlation_on_stable_channel,J,10,"{'y_start': 0, 'y_stop': 2868, 'x_start': 1290, 'x_stop': 1535}"
J10,PLD3_TMEM106B_mCherry_primary,39,488nm Binned,0.0,499.5,-0.0009835534628559177,-0.013117942529799035,0.825836820083682,0.9999999999999934,True,phase_cross_correlation_on_stable_channel,J,10,"{'y_start': 0, 'y_stop': 2868, 'x_start': 1290, 'x_stop': 1535}"
J07,PLD3_TMEM106B_mCherry_primary,8,488nm Binned,0.0,0.0,1.0,1.0,1.0,0.0,True,reference_timepoint,J,07,"{'y_start': 799, 'y_stop': 2791, 'x_start': 0, 'x_stop': 1671}"
J07,PLD3_TMEM106B_mCherry_primary,12,488nm Binned,-76.4,0.0,0.004405019462711163,0.0029280259191401584,0.9733612273361227,0.9999999999999623,True,phase_cross_correlation_on_stable_channel,J,07,"{'y_start': 799, 'y_stop': 2791, 'x_start': 0, 'x_stop': 1671}"
J07,PLD3_TMEM106B_mCherry_primary,16,488nm Binned,295.9,0.0,0.01291647988134181,0.0012405224424537088,0.8968270571827057,0.9999999999999651,True,phase_cross_correlation_on_stable_channel,J,07,"{'y_start': 799, 'y_stop': 2791, 'x_start': 0, 'x_stop': 1671}"
J07,PLD3_TMEM106B_mCherry_primary,20,488nm Binned,-0.7,0.0,0.0034665069086004334,0.003274923853382426,0.9997559274755928,0.9999999999999356,True,phase_cross_correlation_on_stable_channel,J,07,"{'y_start': 799, 'y_stop': 2791, 'x_start': 0, 'x_stop': 1671}"
J07,PLD3_TMEM106B_mCherry_primary,25,488nm Binned,0.0,-1190.4,0.007124440402474551,0.0037905848134478226,0.5849372384937238,0.9999999999999921,True,phase_cross_correlation_on_stable_channel,J,07,"{'y_start': 799, 'y_stop': 2791, 'x_start': 0, 'x_stop': 1671}"
J07,PLD3_TMEM106B_mCherry_primary,29,488nm Binned,46.8,0.0,0.010121341536920327,0.061707487523420534,0.9836820083682007,0.9999999999999649,True,phase_cross_correlation_on_stable_channel,J,07,"{'y_start': 799, 'y_stop': 2791, 'x_start': 0, 'x_stop': 1671}"
J07,PLD3_TMEM106B_mCherry_primary,32,488nm Binned,0.0,-1196.1,-0.00042267546713992143,-0.006751461680973388,0.5829497907949791,0.9999999999999905,True,phase_cross_correlation_on_stable_channel,J,07,"{'y_start': 799, 'y_stop': 2791, 'x_start': 0, 'x_stop': 1671}"
J07,PLD3_TMEM106B_mCherry_primary,36,488nm Binned,579.8,0.0,0.006892469792706403,-0.002335455774668999,0.7978382147838214,0.9999999999999772,True,phase_cross_correlation_on_stable_channel,J,07,"{'y_start': 799, 'y_stop': 2791, 'x_start': 0, 'x_stop': 1671}"
J07,PLD3_TMEM106B_mCherry_primary,39,488nm Binned,798.7,0.0,-0.005911941257884827,0.008375074771918031,0.721513249651325,0.9999999999999692,True,phase_cross_correlation_on_stable_channel,J,07,"{'y_start': 799, 'y_stop': 2791, 'x_start': 0, 'x_stop': 1671}"
J11,PLD3_TMEM106B_mCherry_primary,8,488nm Binned,0.0,0.0,1.0,1.0,1.0,0.0,True,reference_timepoint,J,11,"{'y_start': 1419, 'y_stop': 2466, 'x_start': 1102, 'x_stop': 2363}"
J11,PLD3_TMEM106B_mCherry_primary,12,488nm Binned,-9.5,0.0,0.005356841238351298,0.013966070637891084,0.9966875871687587,0.9999999999999492,True,phase_cross_correlation_on_stable_channel,J,11,"{'y_start': 1419, 'y_stop': 2466, 'x_start': 1102, 'x_stop': 2363}"
J11,PLD3_TMEM106B_mCherry_primary,16,488nm Binned,0.0,1101.1,0.009899017961054503,0.0034032167426908144,0.616073919107392,0.9999999999999932,True,phase_cross_correlation_on_stable_channel,J,11,"{'y_start': 1419, 'y_stop': 2466, 'x_start': 1102, 'x_stop': 2363}"
J11,PLD3_TMEM106B_mCherry_primary,20,488nm Binned,1418.2,0.0,0.008059624510532028,-0.001984866751002,0.5055090655509066,0.9999999999999512,True,phase_cross_correlation_on_stable_channel,J,11,"{'y_start': 1419, 'y_stop': 2466, 'x_start': 1102, 'x_stop': 2363}"
J11,PLD3_TMEM106B_mCherry_primary,25,488nm Binned,0.0,654.4,0.003119426326713886,0.00352593201911359,0.7718270571827057,0.9999999999999922,True,phase_cross_correlation_on_stable_channel,J,11,"{'y_start': 1419, 'y_stop': 2466, 'x_start': 1102, 'x_stop': 2363}"
J11,PLD3_TMEM106B_mCherry_primary,29,488nm Binned,0.0,-504.5,0.013610850645908326,-0.0008699075437497227,0.8240934449093444,0.9999999999999905,True,phase_cross_correlation_on_stable_channel,J,11,"{'y_start': 1419, 'y_stop': 2466, 'x_start': 1102, 'x_stop': 2363}"
J11,PLD3_TMEM106B_mCherry_primary,32,488nm Binned,0.0,995.9,-0.0016843728953006652,-0.002746443999808773,0.6527545327754533,0.9999999999999871,True,phase_cross_correlation_on_stable_channel,J,11,"{'y_start': 1419, 'y_stop': 2466, 'x_start': 1102, 'x_stop': 2363}"
J11,PLD3_TMEM106B_mCherry_primary,36,488nm Binned,-401.5,0.0,0.0030373477270758576,0.006871734749809606,0.8600069735006973,0.9999999999999754,True,phase_cross_correlation_on_stable_channel,J,11,"{'y_start': 1419, 'y_stop': 2466, 'x_start': 1102, 'x_stop': 2363}"
J11,PLD3_TMEM106B_mCherry_primary,39,488nm Binned,520.1,1.1,-0.0009298904404961492,-0.004453119703143026,0.8183401256883537,0.9999999999999922,True,phase_cross_correlation_on_stable_channel,J,11,"{'y_start': 1419, 'y_stop': 2466, 'x_start': 1102, 'x_stop': 2363}"
J12,PLD3_TMEM106B_mCherry_primary,8,488nm Binned,0.0,0.0,1.0,1.0,1.0,0.0,True,reference_timepoint,J,12,"{'y_start': 759, 'y_stop': 1637, 'x_start': 812, 'x_stop': 2175}"
J12,PLD3_TMEM106B_mCherry_primary,12,488nm Binned,0.0,320.2,0.003872656868900367,-0.0001344960023433992,0.8883542538354254,0.9999999999999862,True,phase_cross_correlation_on_stable_channel,J,12,"{'y_start': 759, 'y_stop': 1637, 'x_start': 812, 'x_stop': 2175}"
J12,PLD3_TMEM106B_mCherry_primary,16,488nm Binned,0.0,-692.3,0.008340150063883514,-0.0018005111542073538,0.7586122733612273,0.9999999999999827,True,phase_cross_correlation_on_stable_channel,J,12,"{'y_start': 759, 'y_stop': 1637, 'x_start': 812, 'x_stop': 2175}"
J12,PLD3_TMEM106B_mCherry_primary,20,488nm Binned,0.0,811.8,0.008000259379159678,0.00660873081530666,0.7169456066945606,0.9999999999999797,True,phase_cross_correlation_on_stable_channel,J,12,"{'y_start': 759, 'y_stop': 1637, 'x_start': 812, 'x_stop': 2175}"
J12,PLD3_TMEM106B_mCherry_primary,25,488nm Binned,758.7,0.0,0.005088290522338964,0.0024203319261063725,0.7354602510460252,0.9999999999999852,True,phase_cross_correlation_on_stable_channel,J,12,"{'y_start': 759, 'y_stop': 1637, 'x_start': 812, 'x_stop': 2175}"
J12,PLD3_TMEM106B_mCherry_primary,29,488nm Binned,0.0,0.0,0.009477507964932835,0.009477507964932835,1.0,0.9999999999999801,True,phase_cross_correlation_on_stable_channel,J,12,"{'y_start': 759, 'y_stop': 1637, 'x_start': 812, 'x_stop': 2175}"
J12,PLD3_TMEM106B_mCherry_primary,32,488nm Binned,-1225.9,0.0,-0.0025647124626630327,-0.007508166035581093,0.5725592747559275,0.9999999999999869,True,phase_cross_correlation_on_stable_channel,J,12,"{'y_start': 759, 'y_stop': 1637, 'x_start': 812, 'x_stop': 2175}"
J12,PLD3_TMEM106B_mCherry_primary,36,488nm Binned,-1230.7,0.0,0.00018101846702031364,0.004575548394413657,0.5708856345885633,0.9999999999999777,True,phase_cross_correlation_on_stable_channel,J,12,"{'y_start': 759, 'y_stop': 1637, 'x_start': 812, 'x_stop': 2175}"
J12,PLD3_TMEM106B_mCherry_primary,39,488nm Binned,0.0,126.6,0.002748957739849279,-0.002672874766222706,0.9558577405857741,0.9999999999999952,True,phase_cross_correlation_on_stable_channel,J,12,"{'y_start': 759, 'y_stop': 1637, 'x_start': 812, 'x_stop': 2175}"
J18,PLD3_TMEM106B_mCherry_primary,8,488nm Binned,0.0,0.0,1.0,1.0,1.0,0.0,True,reference_timepoint,J,18,"{'y_start': 0, 'y_stop': 2868, 'x_start': 1423, 'x_stop': 1519}"
J18,PLD3_TMEM106B_mCherry_primary,12,488nm Binned,0.0,-913.3,0.0033885986624046047,0.012820264889679975,0.6815550906555091,0.9999999999999893,True,phase_cross_correlation_on_stable_channel,J,18,"{'y_start': 0, 'y_stop': 2868, 'x_start': 1423, 'x_stop': 1519}"
J18,PLD3_TMEM106B_mCherry_primary,16,488nm Binned,0.0,-1327.1,0.0028807375717363505,0.0019654459860347254,0.5372733612273362,0.9999999999999862,True,phase_cross_correlation_on_stable_channel,J,18,"{'y_start': 0, 'y_stop': 2868, 'x_start': 1423, 'x_stop': 1519}"
J18,PLD3_TMEM106B_mCherry_primary,20,488nm Binned,0.0,1423.0,0.00018096651435608126,-0.005314807069563527,0.5038354253835425,0.9999999999999865,True,phase_cross_correlation_on_stable_channel,J,18,"{'y_start': 0, 'y_stop': 2868, 'x_start': 1423, 'x_stop': 1519}"
J18,PLD3_TMEM106B_mCherry_primary,25,488nm Binned,0.0,725.9,0.003642569804942579,-0.0006113365985070289,0.7468967921896792,0.9999999999999881,True,phase_cross_correlation_on_stable_channel,J,18,"{'y_start': 0, 'y_stop': 2868, 'x_start': 1423, 'x_stop': 1519}"
J18,PLD3_TMEM106B_mCherry_primary,29,488nm Binned,0.0,-144.3,0.01296607376569058,0.007271828162843779,0.9496861924686192,0.9999999999999877,True,phase_cross_correlation_on_stable_channel,J,18,"{'y_start': 0, 'y_stop': 2868, 'x_start': 1423, 'x_stop': 1519}"
J18,PLD3_TMEM106B_mCherry_primary,32,488nm Binned,0.0,-112.9,0.0022305093631702863,0.0015238113420272125,0.9606345885634588,0.999999999999993,True,phase_cross_correlation_on_stable_channel,J,18,"{'y_start': 0, 'y_stop': 2868, 'x_start': 1423, 'x_stop': 1519}"
J18,PLD3_TMEM106B_mCherry_primary,36,488nm Binned,0.0,-1151.8,-0.0010520175300993888,0.0022405757512556604,0.5983960948396095,0.9999999999999897,True,phase_cross_correlation_on_stable_channel,J,18,"{'y_start': 0, 'y_stop': 2868, 'x_start': 1423, 'x_stop': 1519}"
J18,PLD3_TMEM106B_mCherry_primary,39,488nm Binned,0.0,-1348.3,0.0026349048609021434,0.008813022625462729,0.5298814504881452,0.9999999999999882,True,phase_cross_correlation_on_stable_channel,J,18,"{'y_start': 0, 'y_stop': 2868, 'x_start': 1423, 'x_stop': 1519}"
J13,PLD3_TMEM106B_mCherry_primary,8,488nm Binned,0.0,0.0,1.0,1.0,1.0,0.0,True,reference_timepoint,J,13,"{'y_start': 469, 'y_stop': 2713, 'x_start': 1165, 'x_stop': 2702}"
J13,PLD3_TMEM106B_mCherry_primary,12,488nm Binned,0.0,-165.6,0.0038161260827294444,0.008826631065757116,0.9422594142259414,0.999999999999975,True,phase_cross_correlation_on_stable_channel,J,13,"{'y_start': 469, 'y_stop': 2713, 'x_start': 1165, 'x_stop': 2702}"
J13,PLD3_TMEM106B_mCherry_primary,16,488nm Binned,-62.6,0.0,0.006291790718630182,0.04525908830155257,0.9781729428172943,0.9999999999999817,True,phase_cross_correlation_on_stable_channel,J,13,"{'y_start': 469, 'y_stop': 2713, 'x_start': 1165, 'x_stop': 2702}"
J13,PLD3_TMEM106B_mCherry_primary,20,488nm Binned,0.0,209.3,-0.004174315769707349,0.013114053127553003,0.9270223152022314,0.999999999999981,True,phase_cross_correlation_on_stable_channel,J,13,"{'y_start': 469, 'y_stop': 2713, 'x_start': 1165, 'x_stop': 2702}"
J13,PLD3_TMEM106B_mCherry_primary,25,488nm Binned,-154.3,0.0,-0.0022921613473943156,-0.0034100302173785953,0.9461994421199441,0.9999999999999851,True,phase_cross_correlation_on_stable_channel,J,13,"{'y_start': 469, 'y_stop': 2713, 'x_start': 1165, 'x_stop': 2702}"
J13,PLD3_TMEM106B_mCherry_primary,29,488nm Binned,469.0,0.0,0.008810650808373118,-0.007838617773551167,0.8364714086471409,0.9999999999999781,True,phase_cross_correlation_on_stable_channel,J,13,"{'y_start': 469, 'y_stop': 2713, 'x_start': 1165, 'x_stop': 2702}"
J13,PLD3_TMEM106B_mCherry_primary,32,488nm Binned,0.0,1165.0,-0.0030425951296117605,0.002389950293471569,0.5937935843793585,0.9999999999999938,True,phase_cross_correlation_on_stable_channel,J,13,"{'y_start': 469, 'y_stop': 2713, 'x_start': 1165, 'x_stop': 2702}"
J13,PLD3_TMEM106B_mCherry_primary,36,488nm Binned,0.0,241.8,-0.009662819497740264,-0.0008566924612445547,0.9156903765690376,0.9999999999999808,True,phase_cross_correlation_on_stable_channel,J,13,"{'y_start': 469, 'y_stop': 2713, 'x_start': 1165, 'x_stop': 2702}"
J13,PLD3_TMEM106B_mCherry_primary,39,488nm Binned,31.4,0.0,-0.0001961126030768676,-0.0018158970143356996,0.9890516039051603,0.9999999999999887,True,phase_cross_correlation_on_stable_channel,J,13,"{'y_start': 469, 'y_stop': 2713, 'x_start': 1165, 'x_stop': 2702}"
J15,PLD3_TMEM106B_mCherry_primary,8,488nm Binned,0.0,0.0,1.0,1.0,1.0,0.0,True,reference_timepoint,J,15,"{'y_start': 1042, 'y_stop': 2868, 'x_start': 101, 'x_stop': 1906}"
J15,PLD3_TMEM106B_mCherry_primary,12,488nm Binned,0.0,-470.2,-0.006465904035679456,0.0021537289846437695,0.8360529986052999,0.9999999999999839,True,phase_cross_correlation_on_stable_channel,J,15,"{'y_start': 1042, 'y_stop': 2868, 'x_start': 101, 'x_stop': 1906}"
J15,PLD3_TMEM106B_mCherry_primary,16,488nm Binned,541.2,0.0,0.006365764777086979,0.0025470044007497947,0.8112970711297072,0.9999999999999751,True,phase_cross_correlation_on_stable_channel,J,15,"{'y_start': 1042, 'y_stop': 2868, 'x_start': 101, 'x_stop': 1906}"
J15,PLD3_TMEM106B_mCherry_primary,20,488nm Binned,0.0,-961.7,-0.006982613587496327,0.003344222695224204,0.6646792189679218,0.999999999999965,True,phase_cross_correlation_on_stable_channel,J,15,"{'y_start': 1042, 'y_stop': 2868, 'x_start': 101, 'x_stop': 1906}"
J15,PLD3_TMEM106B_mCherry_primary,25,488nm Binned,0.0,-662.2,0.0061023798616227365,0.01064390242890092,0.7691073919107393,0.9999999999999923,True,phase_cross_correlation_on_stable_channel,J,15,"{'y_start': 1042, 'y_stop': 2868, 'x_start': 101, 'x_stop': 1906}"
J15,PLD3_TMEM106B_mCherry_primary,29,488nm Binned,0.0,-338.0,0.010347918079006663,0.00535083687057013,0.8821478382147838,0.9999999999999806,True,phase_cross_correlation_on_stable_channel,J,15,"{'y_start': 1042, 'y_stop': 2868, 'x_start': 101, 'x_stop': 1906}"
J15,PLD3_TMEM106B_mCherry_primary,32,488nm Binned,110.9,0.0,-0.0007252662269834053,0.00043307908295619167,0.9613319386331939,0.999999999999984,True,phase_cross_correlation_on_stable_channel,J,15,"{'y_start': 1042, 'y_stop': 2868, 'x_start': 101, 'x_stop': 1906}"
J15,PLD3_TMEM106B_mCherry_primary,36,488nm Binned,0.0,100.1,0.0006798274211907828,-0.0035910283775166378,0.9650976290097629,0.9999999999999938,True,phase_cross_correlation_on_stable_channel,J,15,"{'y_start': 1042, 'y_stop': 2868, 'x_start': 101, 'x_stop': 1906}"
J15,PLD3_TMEM106B_mCherry_primary,39,488nm Binned,1041.5,0.0,0.0018295278193074197,0.0024797631979371773,0.6368549511854951,0.999999999999987,True,phase_cross_correlation_on_stable_channel,J,15,"{'y_start': 1042, 'y_stop': 2868, 'x_start': 101, 'x_stop': 1906}"
J16,PLD3_TMEM106B_mCherry_primary,8,488nm Binned,0.0,0.0,1.0,1.0,1.0,0.0,True,reference_timepoint,J,16,"{'y_start': 1236, 'y_stop': 2868, 'x_start': 966, 'x_stop': 2824}"
J16,PLD3_TMEM106B_mCherry_primary,12,488nm Binned,0.0,965.7,0.0017751184075576441,0.0027831998935075857,0.6632845188284519,0.999999999999994,True,phase_cross_correlation_on_stable_channel,J,16,"{'y_start': 1236, 'y_stop': 2868, 'x_start': 966, 'x_stop': 2824}"
J16,PLD3_TMEM106B_mCherry_primary,16,488nm Binned,675.2,0.0,0.007845451408781203,0.0014753684469076154,0.7645746164574617,0.9999999999999825,True,phase_cross_correlation_on_stable_channel,J,16,"{'y_start': 1236, 'y_stop': 2868, 'x_start': 966, 'x_stop': 2824}"
J16,PLD3_TMEM106B_mCherry_primary,20,488nm Binned,405.5,0.0,0.0002300557505174239,-0.006682584540132474,0.8586122733612274,0.9999999999999778,True,phase_cross_correlation_on_stable_channel,J,16,"{'y_start': 1236, 'y_stop': 2868, 'x_start': 966, 'x_stop': 2824}"
J16,PLD3_TMEM106B_mCherry_primary,25,488nm Binned,0.0,1.3,-0.0029508971886152485,-0.002937439725624814,0.9995467224546722,0.9999999999999762,True,phase_cross_correlation_on_stable_channel,J,16,"{'y_start': 1236, 'y_stop': 2868, 'x_start': 966, 'x_stop': 2824}"
J16,PLD3_TMEM106B_mCherry_primary,29,488nm Binned,50.0,0.0,0.011258579917868949,0.04837580856653332,0.9825662482566249,0.9999999999999823,True,phase_cross_correlation_on_stable_channel,J,16,"{'y_start': 1236, 'y_stop': 2868, 'x_start': 966, 'x_stop': 2824}"
J16,PLD3_TMEM106B_mCherry_primary,32,488nm Binned,1235.9,0.0,0.0006974293291585879,0.0019231601599030822,0.5690725244072524,0.9999999999999812,True,phase_cross_correlation_on_stable_channel,J,16,"{'y_start': 1236, 'y_stop': 2868, 'x_start': 966, 'x_stop': 2824}"
J16,PLD3_TMEM106B_mCherry_primary,36,488nm Binned,0.0,-43.3,-0.0033982388921889838,-0.004693532776904567,0.984902370990237,0.999999999999987,True,phase_cross_correlation_on_stable_channel,J,16,"{'y_start': 1236, 'y_stop': 2868, 'x_start': 966, 'x_stop': 2824}"
J16,PLD3_TMEM106B_mCherry_primary,39,488nm Binned,1226.4,0.0,0.0023564383504935493,0.008351446379762288,0.5723849372384937,0.9999999999999881,True,phase_cross_correlation_on_stable_channel,J,16,"{'y_start': 1236, 'y_stop': 2868, 'x_start': 966, 'x_stop': 2824}"
J14,PLD3_TMEM106B_mCherry_primary,8,488nm Binned,0.0,0.0,1.0,1.0,1.0,0.0,True,reference_timepoint,J,14,"{'y_start': 911, 'y_stop': 2720, 'x_start': 0, 'x_stop': 1827}"
J14,PLD3_TMEM106B_mCherry_primary,12,488nm Binned,0.0,-391.3,-0.0030820993634211166,-0.004479008778221572,0.8635634588563459,0.9999999999999898,True,phase_cross_correlation_on_stable_channel,J,14,"{'y_start': 911, 'y_stop': 2720, 'x_start': 0, 'x_stop': 1827}"
J14,PLD3_TMEM106B_mCherry_primary,16,488nm Binned,-49.9,0.0,0.00261324899584448,0.048271351540159047,0.9826011157601116,0.9999999999999851,True,phase_cross_correlation_on_stable_channel,J,14,"{'y_start': 911, 'y_stop': 2720, 'x_start': 0, 'x_stop': 1827}"
J14,PLD3_TMEM106B_mCherry_primary,20,488nm Binned,0.0,-1040.6,0.004909033985078744,0.009796189891230982,0.637168758716876,0.9999999999999909,True,phase_cross_correlation_on_stable_channel,J,14,"{'y_start': 911, 'y_stop': 2720, 'x_start': 0, 'x_stop': 1827}"
J14,PLD3_TMEM106B_mCherry_primary,25,488nm Binned,910.5,-1.1,0.003136782594990854,-0.0039603104978557305,0.6822696009348576,0.9999999999999948,True,phase_cross_correlation_on_stable_channel,J,14,"{'y_start': 911, 'y_stop': 2720, 'x_start': 0, 'x_stop': 1827}"
J14,PLD3_TMEM106B_mCherry_primary,29,488nm Binned,63.6,0.0,0.014201419471937685,0.0464476800429633,0.9778242677824268,0.9999999999999564,True,phase_cross_correlation_on_stable_channel,J,14,"{'y_start': 911, 'y_stop': 2720, 'x_start': 0, 'x_stop': 1827}"
J14,PLD3_TMEM106B_mCherry_primary,32,488nm Binned,-147.2,0.0,0.0015706366835854684,-0.003571150992948379,0.9486750348675035,0.9999999999999772,True,phase_cross_correlation_on_stable_channel,J,14,"{'y_start': 911, 'y_stop': 2720, 'x_start': 0, 'x_stop': 1827}"
J14,PLD3_TMEM106B_mCherry_primary,36,488nm Binned,-68.7,0.0,0.004989906597342779,-0.010714754603638764,0.9760460251046026,0.9999999999999515,True,phase_cross_correlation_on_stable_channel,J,14,"{'y_start': 911, 'y_stop': 2720, 'x_start': 0, 'x_stop': 1827}"
J14,PLD3_TMEM106B_mCherry_primary,39,488nm Binned,0.0,-419.2,0.005843860512730587,0.0044375684373072774,0.8538354253835426,0.9999999999999943,True,phase_cross_correlation_on_stable_channel,J,14,"{'y_start': 911, 'y_stop': 2720, 'x_start': 0, 'x_stop': 1827}"
J20,PLD3_TMEM106B_mCherry_primary,8,488nm Binned,0.0,0.0,1.0,1.0,1.0,0.0,True,reference_timepoint,J,20,"{'y_start': 0, 'y_stop': 2868, 'x_start': 1183, 'x_stop': 2020}"
J20,PLD3_TMEM106B_mCherry_primary,12,488nm Binned,0.0,289.9,0.0007683796297891758,-0.0033885300615976856,0.8989191073919107,0.9999999999999868,True,phase_cross_correlation_on_stable_channel,J,20,"{'y_start': 0, 'y_stop': 2868, 'x_start': 1183, 'x_stop': 2020}"
J20,PLD3_TMEM106B_mCherry_primary,16,488nm Binned,0.0,17.4,0.006199018322306076,0.006643935633916383,0.9939330543933054,0.9999999999999879,True,phase_cross_correlation_on_stable_channel,J,20,"{'y_start': 0, 'y_stop': 2868, 'x_start': 1183, 'x_stop': 2020}"
J20,PLD3_TMEM106B_mCherry_primary,20,488nm Binned,0.0,-627.4,0.00019731703557604395,0.0014294398371959569,0.7812412831241283,0.999999999999986,True,phase_cross_correlation_on_stable_channel,J,20,"{'y_start': 0, 'y_stop': 2868, 'x_start': 1183, 'x_stop': 2020}"
J20,PLD3_TMEM106B_mCherry_primary,25,488nm Binned,0.0,543.9,0.012590753831681623,0.008205146665914822,0.8103556485355649,0.9999999999999899,True,phase_cross_correlation_on_stable_channel,J,20,"{'y_start': 0, 'y_stop': 2868, 'x_start': 1183, 'x_stop': 2020}"
J20,PLD3_TMEM106B_mCherry_primary,29,488nm Binned,0.0,1138.0,0.006561090810113963,7.637992945275147e-06,0.6032078103207811,0.9999999999999863,True,phase_cross_correlation_on_stable_channel,J,20,"{'y_start': 0, 'y_stop': 2868, 'x_start': 1183, 'x_stop': 2020}"
J20,PLD3_TMEM106B_mCherry_primary,32,488nm Binned,0.0,1182.5,0.004513201083627132,0.0019726688467171425,0.5876917712691772,0.99999999999999,True,phase_cross_correlation_on_stable_channel,J,20,"{'y_start': 0, 'y_stop': 2868, 'x_start': 1183, 'x_stop': 2020}"
J20,PLD3_TMEM106B_mCherry_primary,36,488nm Binned,0.0,-847.2,0.0007109546171661591,-0.0007357501343399022,0.704602510460251,0.9999999999999949,True,phase_cross_correlation_on_stable_channel,J,20,"{'y_start': 0, 'y_stop': 2868, 'x_start': 1183, 'x_stop': 2020}"
J20,PLD3_TMEM106B_mCherry_primary,39,488nm Binned,0.0,214.7,-0.003921431410321341,0.002272261682240529,0.925139470013947,0.9999999999999882,True,phase_cross_correlation_on_stable_channel,J,20,"{'y_start': 0, 'y_stop': 2868, 'x_start': 1183, 'x_stop': 2020}"
K05,PLD3_only_no_mCherry,8,488nm Binned,0.0,0.0,1.0,1.0,1.0,0.0,True,reference_timepoint,K,05,"{'y_start': 0, 'y_stop': 1587, 'x_start': 0, 'x_stop': 1527}"
K05,PLD3_only_no_mCherry,12,488nm Binned,0.0,-92.8,0.007427135711331149,0.009657978611921074,0.9676429567642957,0.9999999999999902,True,phase_cross_correlation_on_stable_channel,K,05,"{'y_start': 0, 'y_stop': 1587, 'x_start': 0, 'x_stop': 1527}"
K05,PLD3_only_no_mCherry,16,488nm Binned,0.0,-833.8,0.018723256902397463,0.010511274819328235,0.7092747559274757,0.9999999999999868,True,phase_cross_correlation_on_stable_channel,K,05,"{'y_start': 0, 'y_stop': 1587, 'x_start': 0, 'x_stop': 1527}"
K05,PLD3_only_no_mCherry,20,488nm Binned,-1280.7,0.0,0.009008963688116984,-0.00578268793029607,0.5534518828451882,0.9999999999999825,True,phase_cross_correlation_on_stable_channel,K,05,"{'y_start': 0, 'y_stop': 1587, 'x_start': 0, 'x_stop': 1527}"
K05,PLD3_only_no_mCherry,25,488nm Binned,-170.8,0.0,0.0075810348145999625,0.0025476016157157224,0.9404463040446304,0.9999999999999858,True,phase_cross_correlation_on_stable_channel,K,05,"{'y_start': 0, 'y_stop': 1587, 'x_start': 0, 'x_stop': 1527}"
K05,PLD3_only_no_mCherry,29,488nm Binned,-906.3,0.0,0.019293178552359312,-0.006676704203800461,0.6839958158995817,0.999999999999989,True,phase_cross_correlation_on_stable_channel,K,05,"{'y_start': 0, 'y_stop': 1587, 'x_start': 0, 'x_stop': 1527}"
K05,PLD3_only_no_mCherry,32,488nm Binned,0.0,-1340.3,-0.0007325318579895605,0.0187309680182186,0.5326708507670851,0.9999999999999915,True,phase_cross_correlation_on_stable_channel,K,05,"{'y_start': 0, 'y_stop': 1587, 'x_start': 0, 'x_stop': 1527}"
K05,PLD3_only_no_mCherry,36,488nm Binned,-232.7,0.0,0.0069950145350861385,-0.002536564321226347,0.918863319386332,0.99999999999999,True,phase_cross_correlation_on_stable_channel,K,05,"{'y_start': 0, 'y_stop': 1587, 'x_start': 0, 'x_stop': 1527}"
K05,PLD3_only_no_mCherry,39,488nm Binned,-85.7,0.0,0.003459525038935805,0.0020436389422970186,0.9701185495118549,0.9999999999999913,True,phase_cross_correlation_on_stable_channel,K,05,"{'y_start': 0, 'y_stop': 1587, 'x_start': 0, 'x_stop': 1527}"
K06,PLD3_only_no_mCherry,8,488nm Binned,0.0,0.0,1.0,1.0,1.0,0.0,True,reference_timepoint,K,06,"{'y_start': 0, 'y_stop': 2868, 'x_start': 698, 'x_stop': 1446}"
K06,PLD3_only_no_mCherry,12,488nm Binned,0.0,697.2,0.002398802873796727,-0.0034788330016210915,0.7569037656903767,0.9999999999999881,True,phase_cross_correlation_on_stable_channel,K,06,"{'y_start': 0, 'y_stop': 2868, 'x_start': 698, 'x_stop': 1446}"
K06,PLD3_only_no_mCherry,16,488nm Binned,0.0,399.1,0.020470511335968996,-0.0004701504066517965,0.8608437935843793,0.9999999999999918,True,phase_cross_correlation_on_stable_channel,K,06,"{'y_start': 0, 'y_stop': 2868, 'x_start': 698, 'x_stop': 1446}"
K06,PLD3_only_no_mCherry,20,488nm Binned,0.0,-250.8,0.006063268652054496,0.0019832082566221434,0.9125523012552301,0.9999999999999839,True,phase_cross_correlation_on_stable_channel,K,06,"{'y_start': 0, 'y_stop': 2868, 'x_start': 698, 'x_stop': 1446}"
K06,PLD3_only_no_mCherry,25,488nm Binned,0.0,421.3,0.009379232440557009,-0.010434484933605154,0.8531032078103208,0.9999999999999906,True,phase_cross_correlation_on_stable_channel,K,06,"{'y_start': 0, 'y_stop': 2868, 'x_start': 698, 'x_stop': 1446}"
K06,PLD3_only_no_mCherry,29,488nm Binned,0.0,-616.6,0.011667335207924274,0.011467611399495009,0.7850069735006974,0.9999999999999936,True,phase_cross_correlation_on_stable_channel,K,06,"{'y_start': 0, 'y_stop': 2868, 'x_start': 698, 'x_stop': 1446}"
K06,PLD3_only_no_mCherry,32,488nm Binned,0.0,-1421.6,0.002729032458083905,0.023914731164779417,0.5043235704323571,0.9999999999999921,True,phase_cross_correlation_on_stable_channel,K,06,"{'y_start': 0, 'y_stop': 2868, 'x_start': 698, 'x_stop': 1446}"
K06,PLD3_only_no_mCherry,36,488nm Binned,0.0,630.1,0.003113618304489495,-0.0021307102721971507,0.7802998605299861,0.9999999999999886,True,phase_cross_correlation_on_stable_channel,K,06,"{'y_start': 0, 'y_stop': 2868, 'x_start': 698, 'x_stop': 1446}"
K06,PLD3_only_no_mCherry,39,488nm Binned,0.0,16.2,0.005405295625920781,0.004489421445370382,0.9943514644351464,0.9999999999999939,True,phase_cross_correlation_on_stable_channel,K,06,"{'y_start': 0, 'y_stop': 2868, 'x_start': 698, 'x_stop': 1446}"
J17,PLD3_TMEM106B_mCherry_primary,8,488nm Binned,0.0,0.0,1.0,1.0,1.0,0.0,True,reference_timepoint,J,17,"{'y_start': 263, 'y_stop': 1765, 'x_start': 0, 'x_stop': 2868}"
J17,PLD3_TMEM106B_mCherry_primary,12,488nm Binned,258.1,0.0,0.005637048666884193,0.0024276083497289094,0.9100069735006974,0.999999999999981,True,phase_cross_correlation_on_stable_channel,J,17,"{'y_start': 263, 'y_stop': 1765, 'x_start': 0, 'x_stop': 2868}"
J17,PLD3_TMEM106B_mCherry_primary,16,488nm Binned,-212.3,0.0,-0.0004572613763737305,0.0024260770454493943,0.9259762900976289,0.9999999999999803,True,phase_cross_correlation_on_stable_channel,J,17,"{'y_start': 263, 'y_stop': 1765, 'x_start': 0, 'x_stop': 2868}"
J17,PLD3_TMEM106B_mCherry_primary,20,488nm Binned,263.0,0.0,-0.003429661566405958,-0.0017232105890256652,0.9082984658298466,0.9999999999999749,True,phase_cross_correlation_on_stable_channel,J,17,"{'y_start': 263, 'y_stop': 1765, 'x_start': 0, 'x_stop': 2868}"
J17,PLD3_TMEM106B_mCherry_primary,25,488nm Binned,39.9,0.0,0.003179656177894785,0.005277338714473204,0.9860878661087866,0.999999999999961,True,phase_cross_correlation_on_stable_channel,J,17,"{'y_start': 263, 'y_stop': 1765, 'x_start': 0, 'x_stop': 2868}"
J17,PLD3_TMEM106B_mCherry_primary,29,488nm Binned,-6.5,0.0,0.005342833916588424,0.0030839957179828043,0.9977336122733612,0.9999999999999738,True,phase_cross_correlation_on_stable_channel,J,17,"{'y_start': 263, 'y_stop': 1765, 'x_start': 0, 'x_stop': 2868}"
J17,PLD3_TMEM106B_mCherry_primary,32,488nm Binned,-162.4,0.0,0.0004603931281344462,-0.000250474961052898,0.9433751743375174,0.9999999999999777,True,phase_cross_correlation_on_stable_channel,J,17,"{'y_start': 263, 'y_stop': 1765, 'x_start': 0, 'x_stop': 2868}"
J17,PLD3_TMEM106B_mCherry_primary,36,488nm Binned,-969.7,0.0,0.0001224630070519661,0.0014324875143775753,0.6618898186889818,0.9999999999999721,True,phase_cross_correlation_on_stable_channel,J,17,"{'y_start': 263, 'y_stop': 1765, 'x_start': 0, 'x_stop': 2868}"
J17,PLD3_TMEM106B_mCherry_primary,39,488nm Binned,-1102.3,0.0,-0.005217133772733935,-0.0009650565384262323,0.615655509065551,0.9999999999999852,True,phase_cross_correlation_on_stable_channel,J,17,"{'y_start': 263, 'y_stop': 1765, 'x_start': 0, 'x_stop': 2868}"
K07,PLD3_only_no_mCherry,8,488nm Binned,0.0,0.0,1.0,1.0,1.0,0.0,True,reference_timepoint,K,07,"{'y_start': 0, 'y_stop': 2812, 'x_start': 780, 'x_stop': 1830}"
K07,PLD3_only_no_mCherry,12,488nm Binned,0.0,678.2,0.009414302555148704,-0.004426514147592346,0.7635285913528592,0.9999999999999863,True,phase_cross_correlation_on_stable_channel,K,07,"{'y_start': 0, 'y_stop': 2812, 'x_start': 780, 'x_stop': 1830}"
K07,PLD3_only_no_mCherry,16,488nm Binned,-55.9,1.1,0.014395515559977595,0.0421324056920174,0.9801329986150258,0.9999999999999903,True,phase_cross_correlation_on_stable_channel,K,07,"{'y_start': 0, 'y_stop': 2812, 'x_start': 780, 'x_stop': 1830}"
K07,PLD3_only_no_mCherry,20,488nm Binned,0.0,-455.8,0.012348242560189644,0.005456165843514867,0.8410739191073918,0.9999999999999868,True,phase_cross_correlation_on_stable_channel,K,07,"{'y_start': 0, 'y_stop': 2812, 'x_start': 780, 'x_stop': 1830}"
K07,PLD3_only_no_mCherry,25,488nm Binned,0.0,-1037.4,0.0033631434417656075,0.013865753686446262,0.6382845188284518,0.9999999999999944,True,phase_cross_correlation_on_stable_channel,K,07,"{'y_start': 0, 'y_stop': 2812, 'x_start': 780, 'x_stop': 1830}"
K07,PLD3_only_no_mCherry,29,488nm Binned,0.0,779.1,0.0050323829823998795,-0.005590571100629855,0.7283472803347281,0.9999999999999876,True,phase_cross_correlation_on_stable_channel,K,07,"{'y_start': 0, 'y_stop': 2812, 'x_start': 780, 'x_stop': 1830}"
K07,PLD3_only_no_mCherry,32,488nm Binned,-33.1,1.1,0.0018883244613129065,-0.005763101423599409,0.988079740327064,0.9999999999999893,True,phase_cross_correlation_on_stable_channel,K,07,"{'y_start': 0, 'y_stop': 2812, 'x_start': 780, 'x_stop': 1830}"
K07,PLD3_only_no_mCherry,36,488nm Binned,0.0,0.0,0.004628851784513993,0.004628851784513993,1.0,0.999999999999975,True,phase_cross_correlation_on_stable_channel,K,07,"{'y_start': 0, 'y_stop': 2812, 'x_start': 780, 'x_stop': 1830}"
K07,PLD3_only_no_mCherry,39,488nm Binned,0.0,56.0,-0.000717976508993864,0.005669295074484157,0.9804741980474198,0.9999999999999948,True,phase_cross_correlation_on_stable_channel,K,07,"{'y_start': 0, 'y_stop': 2812, 'x_start': 780, 'x_stop': 1830}"
J19,PLD3_TMEM106B_mCherry_primary,8,488nm Binned,0.0,0.0,1.0,1.0,1.0,0.0,True,reference_timepoint,J,19,"{'y_start': 312, 'y_stop': 2686, 'x_start': 0, 'x_stop': 2082}"
J19,PLD3_TMEM106B_mCherry_primary,12,488nm Binned,-59.7,0.0,-0.0037520586396318956,-0.0009798599823466524,0.9791841004184101,0.9999999999999728,True,phase_cross_correlation_on_stable_channel,J,19,"{'y_start': 312, 'y_stop': 2686, 'x_start': 0, 'x_stop': 2082}"
J19,PLD3_TMEM106B_mCherry_primary,16,488nm Binned,197.9,0.0,-0.0005831792890687454,-0.005509932363266383,0.9309972105997211,0.9999999999999815,True,phase_cross_correlation_on_stable_channel,J,19,"{'y_start': 312, 'y_stop': 2686, 'x_start': 0, 'x_stop': 2082}"
J19,PLD3_TMEM106B_mCherry_primary,20,488nm Binned,-1.1,0.0,0.00161904947800209,0.0012167814894996408,0.9996164574616457,0.9999999999998834,True,phase_cross_correlation_on_stable_channel,J,19,"{'y_start': 312, 'y_stop': 2686, 'x_start': 0, 'x_stop': 2082}"
J19,PLD3_TMEM106B_mCherry_primary,25,488nm Binned,146.7,0.0,0.011084395660609307,0.017534840911813315,0.9488493723849373,0.9999999999999768,True,phase_cross_correlation_on_stable_channel,J,19,"{'y_start': 312, 'y_stop': 2686, 'x_start': 0, 'x_stop': 2082}"
J19,PLD3_TMEM106B_mCherry_primary,29,488nm Binned,-181.7,0.0,0.016201819736840737,0.0034044149470959114,0.9366457461645746,0.9999999999999608,True,phase_cross_correlation_on_stable_channel,J,19,"{'y_start': 312, 'y_stop': 2686, 'x_start': 0, 'x_stop': 2082}"
J19,PLD3_TMEM106B_mCherry_primary,32,488nm Binned,0.0,-786.0,-0.002903841888206176,0.0035249003913454605,0.7259414225941423,0.9999999999999832,True,phase_cross_correlation_on_stable_channel,J,19,"{'y_start': 312, 'y_stop': 2686, 'x_start': 0, 'x_stop': 2082}"
J19,PLD3_TMEM106B_mCherry_primary,36,488nm Binned,311.7,0.0,-0.0007230408704574436,0.002206424673583497,0.8913179916317993,0.9999999999999795,True,phase_cross_correlation_on_stable_channel,J,19,"{'y_start': 312, 'y_stop': 2686, 'x_start': 0, 'x_stop': 2082}"
J19,PLD3_TMEM106B_mCherry_primary,39,488nm Binned,-66.6,0.0,-0.005586716507288017,-0.010811406182000712,0.9767782426778243,0.999999999999989,True,phase_cross_correlation_on_stable_channel,J,19,"{'y_start': 312, 'y_stop': 2686, 'x_start': 0, 'x_stop': 2082}"
K08,PLD3_only_no_mCherry,8,488nm Binned,0.0,0.0,1.0,1.0,1.0,0.0,True,reference_timepoint,K,08,"{'y_start': 82, 'y_stop': 2568, 'x_start': 1018, 'x_stop': 1514}"
K08,PLD3_only_no_mCherry,12,488nm Binned,0.0,-259.2,-0.0032808919444473066,-0.0016030662772171082,0.9096234309623431,0.9999999999999851,True,phase_cross_correlation_on_stable_channel,K,08,"{'y_start': 82, 'y_stop': 2568, 'x_start': 1018, 'x_stop': 1514}"
K08,PLD3_only_no_mCherry,16,488nm Binned,0.0,1017.1,0.00606455470663082,0.0005803000572678832,0.6453626220362623,0.9999999999999928,True,phase_cross_correlation_on_stable_channel,K,08,"{'y_start': 82, 'y_stop': 2568, 'x_start': 1018, 'x_stop': 1514}"
K08,PLD3_only_no_mCherry,20,488nm Binned,-299.1,0.0,0.004813358737122795,0.002077635143359852,0.8957112970711297,0.9999999999999839,True,phase_cross_correlation_on_stable_channel,K,08,"{'y_start': 82, 'y_stop': 2568, 'x_start': 1018, 'x_stop': 1514}"
K08,PLD3_only_no_mCherry,25,488nm Binned,0.0,593.9,0.001055980817912654,0.008514276169094536,0.7929218967921896,0.9999999999999888,True,phase_cross_correlation_on_stable_channel,K,08,"{'y_start': 82, 'y_stop': 2568, 'x_start': 1018, 'x_stop': 1514}"
K08,PLD3_only_no_mCherry,29,488nm Binned,0.1,0.0,0.009689569509598664,0.009651823368652746,0.9999651324965133,0.9999999999999922,True,phase_cross_correlation_on_stable_channel,K,08,"{'y_start': 82, 'y_stop': 2568, 'x_start': 1018, 'x_stop': 1514}"
K08,PLD3_only_no_mCherry,32,488nm Binned,0.0,0.0,-0.0023281940851478575,-0.0023281940851478575,1.0,0.9999999999999905,True,phase_cross_correlation_on_stable_channel,K,08,"{'y_start': 82, 'y_stop': 2568, 'x_start': 1018, 'x_stop': 1514}"
K08,PLD3_only_no_mCherry,36,488nm Binned,0.0,-1353.5,0.004974908000880025,-0.008950144918996542,0.528068340306834,0.999999999999989,True,phase_cross_correlation_on_stable_channel,K,08,"{'y_start': 82, 'y_stop': 2568, 'x_start': 1018, 'x_stop': 1514}"
K08,PLD3_only_no_mCherry,39,488nm Binned,81.8,0.0,-0.004674490544763124,0.0036174246169801295,0.9714783821478382,0.9999999999999852,True,phase_cross_correlation_on_stable_channel,K,08,"{'y_start': 82, 'y_stop': 2568, 'x_start': 1018, 'x_stop': 1514}"
K09,PLD3_only_no_mCherry,8,488nm Binned,0.0,0.0,1.0,1.0,1.0,0.0,True,reference_timepoint,K,09,"{'y_start': 1401, 'y_stop': 2107, 'x_start': 2, 'x_stop': 1471}"
K09,PLD3_only_no_mCherry,12,488nm Binned,0.0,0.0,0.003964462367270949,0.003964462367270949,1.0,0.9999999999999899,True,phase_cross_correlation_on_stable_channel,K,09,"{'y_start': 1401, 'y_stop': 2107, 'x_start': 2, 'x_stop': 1471}"
K09,PLD3_only_no_mCherry,16,488nm Binned,1400.1,0.0,0.012965070293883996,-0.01037668635731853,0.5118200836820084,0.9999999999999769,True,phase_cross_correlation_on_stable_channel,K,09,"{'y_start': 1401, 'y_stop': 2107, 'x_start': 2, 'x_stop': 1471}"
K09,PLD3_only_no_mCherry,20,488nm Binned,-760.7,0.0,0.0011804275983372285,0.01089901411545279,0.7347629009762902,0.9999999999999868,True,phase_cross_correlation_on_stable_channel,K,09,"{'y_start': 1401, 'y_stop': 2107, 'x_start': 2, 'x_stop': 1471}"
K09,PLD3_only_no_mCherry,25,488nm Binned,0.0,-1396.5,0.006316769294255624,0.003991862063919943,0.5130753138075314,0.9999999999999898,True,phase_cross_correlation_on_stable_channel,K,09,"{'y_start': 1401, 'y_stop': 2107, 'x_start': 2, 'x_stop': 1471}"
K09,PLD3_only_no_mCherry,29,488nm Binned,-33.3,0.0,0.007906091481067197,0.00198887905838089,0.9883891213389121,0.9999999999999897,True,phase_cross_correlation_on_stable_channel,K,09,"{'y_start': 1401, 'y_stop': 2107, 'x_start': 2, 'x_stop': 1471}"
K09,PLD3_only_no_mCherry,32,488nm Binned,0.0,-513.2,-0.000792672632507684,0.0012484654169748171,0.8210599721059972,0.9999999999999785,True,phase_cross_correlation_on_stable_channel,K,09,"{'y_start': 1401, 'y_stop': 2107, 'x_start': 2, 'x_stop': 1471}"
K09,PLD3_only_no_mCherry,36,488nm Binned,0.0,1.1,0.0002385158081649057,0.0005129793689960413,0.9996164574616457,0.9999999999999875,True,phase_cross_correlation_on_stable_channel,K,09,"{'y_start': 1401, 'y_stop': 2107, 'x_start': 2, 'x_stop': 1471}"
K09,PLD3_only_no_mCherry,39,488nm Binned,-113.2,0.0,-0.008132292190667021,0.004582047917195631,0.9605299860529987,0.9999999999999845,True,phase_cross_correlation_on_stable_channel,K,09,"{'y_start': 1401, 'y_stop': 2107, 'x_start': 2, 'x_stop': 1471}"
K10,PLD3_only_no_mCherry,8,488nm Binned,0.0,0.0,1.0,1.0,1.0,0.0,True,reference_timepoint,K,10,"{'y_start': 1181, 'y_stop': 1634, 'x_start': 0, 'x_stop': 2019}"
K10,PLD3_only_no_mCherry,12,488nm Binned,913.6,0.0,0.0001847911224409271,0.0025613368954346297,0.6814504881450488,0.9999999999999829,True,phase_cross_correlation_on_stable_channel,K,10,"{'y_start': 1181, 'y_stop': 1634, 'x_start': 0, 'x_stop': 2019}"
K10,PLD3_only_no_mCherry,16,488nm Binned,443.2,0.0,0.006800048721643771,0.0010618695319612938,0.8454672245467225,0.9999999999999846,True,phase_cross_correlation_on_stable_channel,K,10,"{'y_start': 1181, 'y_stop': 1634, 'x_start': 0, 'x_stop': 2019}"
K10,PLD3_only_no_mCherry,20,488nm Binned,-1233.2,0.0,-0.00196421254213127,-0.0023259158192701725,0.5700139470013946,0.999999999999989,True,phase_cross_correlation_on_stable_channel,K,10,"{'y_start': 1181, 'y_stop': 1634, 'x_start': 0, 'x_stop': 2019}"
K10,PLD3_only_no_mCherry,25,488nm Binned,70.0,0.0,0.0019699881949162496,0.06759847459924571,0.9755927475592747,0.9999999999999788,True,phase_cross_correlation_on_stable_channel,K,10,"{'y_start': 1181, 'y_stop': 1634, 'x_start': 0, 'x_stop': 2019}"
K10,PLD3_only_no_mCherry,29,488nm Binned,1135.1,0.0,0.010776576613789354,-0.00032146563127064323,0.6042189679218968,0.9999999999999888,True,phase_cross_correlation_on_stable_channel,K,10,"{'y_start': 1181, 'y_stop': 1634, 'x_start': 0, 'x_stop': 2019}"
K10,PLD3_only_no_mCherry,32,488nm Binned,0.0,-849.0,0.0010289777381783393,0.00130327118078197,0.7039748953974896,0.9999999999999929,True,phase_cross_correlation_on_stable_channel,K,10,"{'y_start': 1181, 'y_stop': 1634, 'x_start': 0, 'x_stop': 2019}"
K10,PLD3_only_no_mCherry,36,488nm Binned,1180.7,0.0,1.947362451485295e-05,0.0053817394153207725,0.5883193863319386,0.9999999999999749,True,phase_cross_correlation_on_stable_channel,K,10,"{'y_start': 1181, 'y_stop': 1634, 'x_start': 0, 'x_stop': 2019}"
K10,PLD3_only_no_mCherry,39,488nm Binned,0.0,-0.1,0.0006326959417529231,0.0006713819186215047,0.9999651324965133,0.9999999999999878,True,phase_cross_correlation_on_stable_channel,K,10,"{'y_start': 1181, 'y_stop': 1634, 'x_start': 0, 'x_stop': 2019}"
K11,PLD3_only_no_mCherry,8,488nm Binned,0.0,0.0,1.0,1.0,1.0,0.0,True,reference_timepoint,K,11,"{'y_start': 0, 'y_stop': 2868, 'x_start': 876, 'x_stop': 1850}"
K11,PLD3_only_no_mCherry,12,488nm Binned,0.0,-834.0,0.002664974577166309,0.0012980146914189582,0.7092050209205021,0.9999999999999931,True,phase_cross_correlation_on_stable_channel,K,11,"{'y_start': 0, 'y_stop': 2868, 'x_start': 876, 'x_stop': 1850}"
K11,PLD3_only_no_mCherry,16,488nm Binned,0.0,-1017.7,0.005113694557961972,0.012599173381719229,0.6451534170153417,0.9999999999999902,True,phase_cross_correlation_on_stable_channel,K,11,"{'y_start': 0, 'y_stop': 2868, 'x_start': 876, 'x_stop': 1850}"
K11,PLD3_only_no_mCherry,20,488nm Binned,0.0,875.9,0.0037562778865365964,0.0024435143992000315,0.6945955369595537,0.999999999999994,True,phase_cross_correlation_on_stable_channel,K,11,"{'y_start': 0, 'y_stop': 2868, 'x_start': 876, 'x_stop': 1850}"
K11,PLD3_only_no_mCherry,25,488nm Binned,0.0,-1.1,0.0003491087439090304,-0.00033330570164949056,0.9996164574616457,0.999999999999988,True,phase_cross_correlation_on_stable_channel,K,11,"{'y_start': 0, 'y_stop': 2868, 'x_start': 876, 'x_stop': 1850}"
K11,PLD3_only_no_mCherry,29,488nm Binned,0.0,-458.7,0.015760745697086635,0.002079239190926992,0.8400627615062762,0.99999999999999,True,phase_cross_correlation_on_stable_channel,K,11,"{'y_start': 0, 'y_stop': 2868, 'x_start': 876, 'x_stop': 1850}"
K11,PLD3_only_no_mCherry,32,488nm Binned,0.0,130.0,-0.002617423594499136,0.0016659069372684054,0.9546722454672245,0.9999999999999902,True,phase_cross_correlation_on_stable_channel,K,11,"{'y_start': 0, 'y_stop': 2868, 'x_start': 876, 'x_stop': 1850}"
K11,PLD3_only_no_mCherry,36,488nm Binned,0.0,0.1,0.012269174972068041,0.01235303800933549,0.9999651324965133,0.99999999999998,True,phase_cross_correlation_on_stable_channel,K,11,"{'y_start': 0, 'y_stop': 2868, 'x_start': 876, 'x_stop': 1850}"
K11,PLD3_only_no_mCherry,39,488nm Binned,0.0,816.9,0.0009478194028604461,-0.0031673637815805367,0.7151673640167364,0.999999999999996,True,phase_cross_correlation_on_stable_channel,K,11,"{'y_start': 0, 'y_stop': 2868, 'x_start': 876, 'x_stop': 1850}"
K12,PLD3_only_no_mCherry,8,488nm Binned,0.0,0.0,1.0,1.0,1.0,0.0,True,reference_timepoint,K,12,"{'y_start': 0, 'y_stop': 2868, 'x_start': 1147, 'x_stop': 1900}"
K12,PLD3_only_no_mCherry,12,488nm Binned,0.0,1146.9,-8.603135665270986e-05,0.006472467209202979,0.6001046025104603,0.9999999999999948,True,phase_cross_correlation_on_stable_channel,K,12,"{'y_start': 0, 'y_stop': 2868, 'x_start': 1147, 'x_stop': 1900}"
K12,PLD3_only_no_mCherry,16,488nm Binned,0.0,-321.0,0.013355480687667504,-0.0032391864811777108,0.8880753138075314,0.9999999999999862,True,phase_cross_correlation_on_stable_channel,K,12,"{'y_start': 0, 'y_stop': 2868, 'x_start': 1147, 'x_stop': 1900}"
K12,PLD3_only_no_mCherry,20,488nm Binned,0.0,910.9,0.00269286900127425,-0.0005831557942077726,0.682391910739191,0.9999999999999918,True,phase_cross_correlation_on_stable_channel,K,12,"{'y_start': 0, 'y_stop': 2868, 'x_start': 1147, 'x_stop': 1900}"
K12,PLD3_only_no_mCherry,25,488nm Binned,0.0,711.2,0.004843008572137068,-0.0006762320396302534,0.7520223152022316,0.9999999999999823,True,phase_cross_correlation_on_stable_channel,K,12,"{'y_start': 0, 'y_stop': 2868, 'x_start': 1147, 'x_stop': 1900}"
K12,PLD3_only_no_mCherry,29,488nm Binned,0.0,720.8,0.01070858891419642,0.008226303297489872,0.7486750348675034,0.9999999999999908,True,phase_cross_correlation_on_stable_channel,K,12,"{'y_start': 0, 'y_stop': 2868, 'x_start': 1147, 'x_stop': 1900}"
K12,PLD3_only_no_mCherry,32,488nm Binned,0.0,-967.1,-0.0069009827045450126,-0.009321229854792341,0.6627963737796374,0.9999999999999907,True,phase_cross_correlation_on_stable_channel,K,12,"{'y_start': 0, 'y_stop': 2868, 'x_start': 1147, 'x_stop': 1900}"
K12,PLD3_only_no_mCherry,36,488nm Binned,0.0,935.0,-0.004951047567910727,-0.0015137548258188813,0.6739888423988842,0.9999999999999917,True,phase_cross_correlation_on_stable_channel,K,12,"{'y_start': 0, 'y_stop': 2868, 'x_start': 1147, 'x_stop': 1900}"
K12,PLD3_only_no_mCherry,39,488nm Binned,0.0,-546.2,0.004067045873621527,-0.009643765681701041,0.8095536959553696,0.9999999999999905,True,phase_cross_correlation_on_stable_channel,K,12,"{'y_start': 0, 'y_stop': 2868, 'x_start': 1147, 'x_stop': 1900}"
K13,PLD3_only_no_mCherry,8,488nm Binned,0.0,0.0,1.0,1.0,1.0,0.0,True,reference_timepoint,K,13,"{'y_start': 345, 'y_stop': 1853, 'x_start': 1276, 'x_stop': 1873}"
K13,PLD3_only_no_mCherry,12,488nm Binned,0.0,1275.2,0.0031924060946003667,-0.01044842198216057,0.5553695955369595,0.999999999999988,True,phase_cross_correlation_on_stable_channel,K,13,"{'y_start': 345, 'y_stop': 1853, 'x_start': 1276, 'x_stop': 1873}"
K13,PLD3_only_no_mCherry,16,488nm Binned,-1014.8,0.0,0.009266164514075928,0.0011217552635748365,0.6461645746164575,0.9999999999999651,True,phase_cross_correlation_on_stable_channel,K,13,"{'y_start': 345, 'y_stop': 1853, 'x_start': 1276, 'x_stop': 1873}"
K13,PLD3_only_no_mCherry,20,488nm Binned,0.0,-995.0,-5.8425624195966836e-05,0.013534514854058597,0.653068340306834,0.9999999999999857,True,phase_cross_correlation_on_stable_channel,K,13,"{'y_start': 345, 'y_stop': 1853, 'x_start': 1276, 'x_stop': 1873}"
K13,PLD3_only_no_mCherry,25,488nm Binned,-247.0,0.0,0.002154685750285216,0.0012076022884024945,0.9138772663877266,0.9999999999999786,True,phase_cross_correlation_on_stable_channel,K,13,"{'y_start': 345, 'y_stop': 1853, 'x_start': 1276, 'x_stop': 1873}"
K13,PLD3_only_no_mCherry,29,488nm Binned,0.0,510.9,0.0019203062239041562,-0.0035945824699240856,0.8218619246861925,0.999999999999992,True,phase_cross_correlation_on_stable_channel,K,13,"{'y_start': 345, 'y_stop': 1853, 'x_start': 1276, 'x_stop': 1873}"
K13,PLD3_only_no_mCherry,32,488nm Binned,-778.1,0.0,0.00259863772266605,0.007991483381848572,0.7286959553695955,0.9999999999999807,True,phase_cross_correlation_on_stable_channel,K,13,"{'y_start': 345, 'y_stop': 1853, 'x_start': 1276, 'x_stop': 1873}"
K13,PLD3_only_no_mCherry,36,488nm Binned,344.2,0.0,-0.0076114827245981394,0.0029483117469409808,0.8799860529986053,0.9999999999999859,True,phase_cross_correlation_on_stable_channel,K,13,"{'y_start': 345, 'y_stop': 1853, 'x_start': 1276, 'x_stop': 1873}"
K13,PLD3_only_no_mCherry,39,488nm Binned,0.1,0.0,0.00019242771388374192,0.00015292816218105476,0.9999651324965133,0.999999999999976,True,phase_cross_correlation_on_stable_channel,K,13,"{'y_start': 345, 'y_stop': 1853, 'x_start': 1276, 'x_stop': 1873}"
K14,PLD3_only_no_mCherry,8,488nm Binned,0.0,0.0,1.0,1.0,1.0,0.0,True,reference_timepoint,K,14,"{'y_start': 1269, 'y_stop': 2567, 'x_start': 2, 'x_stop': 2866}"
K14,PLD3_only_no_mCherry,12,488nm Binned,1268.1,0.0,0.002606206497390515,-0.0046692531453297135,0.5578451882845189,0.9999999999999734,True,phase_cross_correlation_on_stable_channel,K,14,"{'y_start': 1269, 'y_stop': 2567, 'x_start': 2, 'x_stop': 2866}"
K14,PLD3_only_no_mCherry,16,488nm Binned,482.7,0.0,0.015430603151018638,-0.000398992836717066,0.8316945606694561,0.9999999999998852,True,phase_cross_correlation_on_stable_channel,K,14,"{'y_start': 1269, 'y_stop': 2567, 'x_start': 2, 'x_stop': 2866}"
K14,PLD3_only_no_mCherry,20,488nm Binned,-193.8,0.0,0.004170400756812795,0.010027246155620704,0.9324267782426778,0.9999999999999833,True,phase_cross_correlation_on_stable_channel,K,14,"{'y_start': 1269, 'y_stop': 2567, 'x_start': 2, 'x_stop': 2866}"
K14,PLD3_only_no_mCherry,25,488nm Binned,694.9,0.0,0.007463305822209641,0.006593055621692002,0.7577057182705718,0.9999999999999583,True,phase_cross_correlation_on_stable_channel,K,14,"{'y_start': 1269, 'y_stop': 2567, 'x_start': 2, 'x_stop': 2866}"
K14,PLD3_only_no_mCherry,29,488nm Binned,734.8,1.1,0.011675691106041785,-0.0014223157873279816,0.743508307899994,0.9999999999999908,True,phase_cross_correlation_on_stable_channel,K,14,"{'y_start': 1269, 'y_stop': 2567, 'x_start': 2, 'x_stop': 2866}"
K14,PLD3_only_no_mCherry,32,488nm Binned,831.2,0.0,-0.0027438951354044126,0.005842822787588212,0.710181311018131,0.9999999999999742,True,phase_cross_correlation_on_stable_channel,K,14,"{'y_start': 1269, 'y_stop': 2567, 'x_start': 2, 'x_stop': 2866}"
K14,PLD3_only_no_mCherry,36,488nm Binned,-300.7,-1.1,0.003268832969606222,0.005246499960798787,0.8948100876015633,0.9999999999999929,True,phase_cross_correlation_on_stable_channel,K,14,"{'y_start': 1269, 'y_stop': 2567, 'x_start': 2, 'x_stop': 2866}"
K14,PLD3_only_no_mCherry,39,488nm Binned,741.0,0.0,0.004206554486247538,0.003988070369699711,0.7416317991631799,0.9999999999999875,True,phase_cross_correlation_on_stable_channel,K,14,"{'y_start': 1269, 'y_stop': 2567, 'x_start': 2, 'x_stop': 2866}"
K15,PLD3_only_no_mCherry,8,488nm Binned,0.0,0.0,1.0,1.0,1.0,0.0,True,reference_timepoint,K,15,"{'y_start': 1136, 'y_stop': 2660, 'x_start': 1010, 'x_stop': 2099}"
K15,PLD3_only_no_mCherry,12,488nm Binned,0.0,496.1,0.0008467058308344096,0.004173167368364428,0.8270223152022316,0.9999999999999817,True,phase_cross_correlation_on_stable_channel,K,15,"{'y_start': 1136, 'y_stop': 2660, 'x_start': 1010, 'x_stop': 2099}"
K15,PLD3_only_no_mCherry,16,488nm Binned,0.0,1009.8,0.006244595835673307,0.008652298479484285,0.647907949790795,0.9999999999999775,True,phase_cross_correlation_on_stable_channel,K,15,"{'y_start': 1136, 'y_stop': 2660, 'x_start': 1010, 'x_stop': 2099}"
K15,PLD3_only_no_mCherry,20,488nm Binned,1135.9,0.0,0.004187947246580323,-0.007688696308320602,0.6039400278940028,0.9999999999999675,True,phase_cross_correlation_on_stable_channel,K,15,"{'y_start': 1136, 'y_stop': 2660, 'x_start': 1010, 'x_stop': 2099}"
K15,PLD3_only_no_mCherry,25,488nm Binned,423.5,0.0,0.0013949262011835664,0.0006314850627769507,0.8523361227336123,0.9999999999999878,True,phase_cross_correlation_on_stable_channel,K,15,"{'y_start': 1136, 'y_stop': 2660, 'x_start': 1010, 'x_stop': 2099}"
K15,PLD3_only_no_mCherry,29,488nm Binned,398.4,0.0,0.017074191585817803,0.0021348618925877798,0.8610878661087866,0.9999999999999869,True,phase_cross_correlation_on_stable_channel,K,15,"{'y_start': 1136, 'y_stop': 2660, 'x_start': 1010, 'x_stop': 2099}"
K15,PLD3_only_no_mCherry,32,488nm Binned,673.5,0.0,-0.005035989730211876,-0.0032973742657641104,0.7651673640167364,0.99999999999996,True,phase_cross_correlation_on_stable_channel,K,15,"{'y_start': 1136, 'y_stop': 2660, 'x_start': 1010, 'x_stop': 2099}"
K15,PLD3_only_no_mCherry,36,488nm Binned,-207.8,0.0,0.007465231006692402,0.005287308297941854,0.9275453277545327,0.999999999999987,True,phase_cross_correlation_on_stable_channel,K,15,"{'y_start': 1136, 'y_stop': 2660, 'x_start': 1010, 'x_stop': 2099}"
K15,PLD3_only_no_mCherry,39,488nm Binned,0.0,-769.0,0.003706032499812413,-0.009507446517394047,0.7318688981868898,0.9999999999999902,True,phase_cross_correlation_on_stable_channel,K,15,"{'y_start': 1136, 'y_stop': 2660, 'x_start': 1010, 'x_stop': 2099}"
K16,PLD3_only_no_mCherry,8,488nm Binned,0.0,0.0,1.0,1.0,1.0,0.0,True,reference_timepoint,K,16,"{'y_start': 1349, 'y_stop': 2721, 'x_start': 1401, 'x_stop': 2868}"
K16,PLD3_only_no_mCherry,12,488nm Binned,-146.3,0.0,0.005863728638111331,0.01862700810792208,0.9489888423988841,0.9999999999999675,True,phase_cross_correlation_on_stable_channel,K,16,"{'y_start': 1349, 'y_stop': 2721, 'x_start': 1401, 'x_stop': 2868}"
K16,PLD3_only_no_mCherry,16,488nm Binned,545.4,0.0,0.009926043318971626,-0.007262738590879934,0.8098326359832636,0.9999999999999709,True,phase_cross_correlation_on_stable_channel,K,16,"{'y_start': 1349, 'y_stop': 2721, 'x_start': 1401, 'x_stop': 2868}"
K16,PLD3_only_no_mCherry,20,488nm Binned,0.0,1400.4,0.006192875542950773,0.008026783551192766,0.5117154811715481,0.9999999999999842,True,phase_cross_correlation_on_stable_channel,K,16,"{'y_start': 1349, 'y_stop': 2721, 'x_start': 1401, 'x_stop': 2868}"
K16,PLD3_only_no_mCherry,25,488nm Binned,0.0,689.8,0.012329705226588676,0.010037092334623084,0.7594839609483961,0.9999999999999974,True,phase_cross_correlation_on_stable_channel,K,16,"{'y_start': 1349, 'y_stop': 2721, 'x_start': 1401, 'x_stop': 2868}"
K16,PLD3_only_no_mCherry,29,488nm Binned,56.8,0.0,0.019117861205804304,0.053171603073570224,0.9801952580195258,0.9999999999999718,True,phase_cross_correlation_on_stable_channel,K,16,"{'y_start': 1349, 'y_stop': 2721, 'x_start': 1401, 'x_stop': 2868}"
K16,PLD3_only_no_mCherry,32,488nm Binned,1348.3,0.0,0.016681389764138268,-0.022088783323636785,0.5298814504881452,0.9999999999999851,True,phase_cross_correlation_on_stable_channel,K,16,"{'y_start': 1349, 'y_stop': 2721, 'x_start': 1401, 'x_stop': 2868}"
K16,PLD3_only_no_mCherry,36,488nm Binned,977.3,0.0,0.0046274608159826815,-0.010153738534556329,0.659239888423989,0.9999999999999849,True,phase_cross_correlation_on_stable_channel,K,16,"{'y_start': 1349, 'y_stop': 2721, 'x_start': 1401, 'x_stop': 2868}"
K16,PLD3_only_no_mCherry,39,488nm Binned,857.5,0.0,0.008186171596210566,-0.013922331065773019,0.7010111576011158,0.999999999999973,True,phase_cross_correlation_on_stable_channel,K,16,"{'y_start': 1349, 'y_stop': 2721, 'x_start': 1401, 'x_stop': 2868}"
K17,PLD3_only_no_mCherry,8,488nm Binned,0.0,0.0,1.0,1.0,1.0,0.0,True,reference_timepoint,K,17,"{'y_start': 550, 'y_stop': 2179, 'x_start': 741, 'x_stop': 2007}"
K17,PLD3_only_no_mCherry,12,488nm Binned,549.6,0.0,0.005241009157734414,-0.003997331795314369,0.8083682008368201,0.9999999999999861,True,phase_cross_correlation_on_stable_channel,K,17,"{'y_start': 550, 'y_stop': 2179, 'x_start': 741, 'x_stop': 2007}"
K17,PLD3_only_no_mCherry,16,488nm Binned,0.0,740.9,0.005847643635142426,-0.001092610684366237,0.7416666666666667,0.9999999999999923,True,phase_cross_correlation_on_stable_channel,K,17,"{'y_start': 550, 'y_stop': 2179, 'x_start': 741, 'x_stop': 2007}"
K17,PLD3_only_no_mCherry,20,488nm Binned,-139.9,0.0,0.0011006238451876816,0.012004244539859321,0.9512203626220362,0.9999999999999847,True,phase_cross_correlation_on_stable_channel,K,17,"{'y_start': 550, 'y_stop': 2179, 'x_start': 741, 'x_stop': 2007}"
K17,PLD3_only_no_mCherry,25,488nm Binned,-539.0,0.0,0.007772481656255318,0.003836554709829039,0.8120641562064156,0.9999999999999856,True,phase_cross_correlation_on_stable_channel,K,17,"{'y_start': 550, 'y_stop': 2179, 'x_start': 741, 'x_stop': 2007}"
K17,PLD3_only_no_mCherry,29,488nm Binned,-688.1,0.0,0.018363842729739,0.004714538951452075,0.7600767085076708,0.9999999999999891,True,phase_cross_correlation_on_stable_channel,K,17,"{'y_start': 550, 'y_stop': 2179, 'x_start': 741, 'x_stop': 2007}"
K17,PLD3_only_no_mCherry,32,488nm Binned,0.0,-860.2,0.0022256990839139203,0.0012786743515348711,0.7000697350069734,0.9999999999999842,True,phase_cross_correlation_on_stable_channel,K,17,"{'y_start': 550, 'y_stop': 2179, 'x_start': 741, 'x_stop': 2007}"
K17,PLD3_only_no_mCherry,36,488nm Binned,-138.7,0.0,0.009137109413805432,0.012183570554795525,0.9516387726638773,0.999999999999986,True,phase_cross_correlation_on_stable_channel,K,17,"{'y_start': 550, 'y_stop': 2179, 'x_start': 741, 'x_stop': 2007}"
K17,PLD3_only_no_mCherry,39,488nm Binned,0.0,241.2,0.004331715571654266,0.006109095270359075,0.9158995815899582,0.9999999999999918,True,phase_cross_correlation_on_stable_channel,K,17,"{'y_start': 550, 'y_stop': 2179, 'x_start': 741, 'x_stop': 2007}"
K19,PLD3_only_no_mCherry,8,488nm Binned,0.0,0.0,1.0,1.0,1.0,0.0,True,reference_timepoint,K,19,"{'y_start': 55, 'y_stop': 1976, 'x_start': 1018, 'x_stop': 1520}"
K19,PLD3_only_no_mCherry,12,488nm Binned,-57.0,0.0,0.0038145928071099486,0.00820414323289281,0.9801255230125523,0.9999999999999823,True,phase_cross_correlation_on_stable_channel,K,19,"{'y_start': 55, 'y_stop': 1976, 'x_start': 1018, 'x_stop': 1520}"
K19,PLD3_only_no_mCherry,16,488nm Binned,0.0,-1135.2,0.017672476760632858,0.001777036273208974,0.60418410041841,0.9999999999999893,True,phase_cross_correlation_on_stable_channel,K,19,"{'y_start': 55, 'y_stop': 1976, 'x_start': 1018, 'x_stop': 1520}"
K19,PLD3_only_no_mCherry,20,488nm Binned,-891.1,0.0,0.01331699177995609,0.010578181598871604,0.6892956764295677,0.9999999999999897,True,phase_cross_correlation_on_stable_channel,K,19,"{'y_start': 55, 'y_stop': 1976, 'x_start': 1018, 'x_stop': 1520}"
K19,PLD3_only_no_mCherry,25,488nm Binned,0.0,1017.4,0.002630031243599588,0.000653980420801955,0.645258019525802,0.9999999999999889,True,phase_cross_correlation_on_stable_channel,K,19,"{'y_start': 55, 'y_stop': 1976, 'x_start': 1018, 'x_stop': 1520}"
K19,PLD3_only_no_mCherry,29,488nm Binned,54.5,0.0,0.010063828788922211,0.07254078765755771,0.9809972105997211,0.9999999999999859,True,phase_cross_correlation_on_stable_channel,K,19,"{'y_start': 55, 'y_stop': 1976, 'x_start': 1018, 'x_stop': 1520}"
K19,PLD3_only_no_mCherry,32,488nm Binned,-164.1,0.0,0.016539341694109998,0.005179922913187478,0.9427824267782428,0.9999999999999901,True,phase_cross_correlation_on_stable_channel,K,19,"{'y_start': 55, 'y_stop': 1976, 'x_start': 1018, 'x_stop': 1520}"
K19,PLD3_only_no_mCherry,36,488nm Binned,0.0,887.3,0.0029334066972122254,0.004107598214580363,0.6906206415620643,0.9999999999999855,True,phase_cross_correlation_on_stable_channel,K,19,"{'y_start': 55, 'y_stop': 1976, 'x_start': 1018, 'x_stop': 1520}"
K19,PLD3_only_no_mCherry,39,488nm Binned,0.0,-1347.1,0.001402489714267108,0.010983651693759457,0.5302998605299861,0.9999999999999902,True,phase_cross_correlation_on_stable_channel,K,19,"{'y_start': 55, 'y_stop': 1976, 'x_start': 1018, 'x_stop': 1520}"
K20,PLD3_only_no_mCherry,8,488nm Binned,0.0,0.0,1.0,1.0,1.0,0.0,True,reference_timepoint,K,20,"{'y_start': 1115, 'y_stop': 2134, 'x_start': 143, 'x_stop': 1436}"
K20,PLD3_only_no_mCherry,12,488nm Binned,0.0,142.1,0.0032724171525752807,0.001133971088172166,0.9504532775453278,0.9999999999999921,True,phase_cross_correlation_on_stable_channel,K,20,"{'y_start': 1115, 'y_stop': 2134, 'x_start': 143, 'x_stop': 1436}"
K20,PLD3_only_no_mCherry,16,488nm Binned,-701.6,0.0,0.007443140887756925,-0.0026456653349147072,0.7553695955369596,0.9999999999999866,True,phase_cross_correlation_on_stable_channel,K,20,"{'y_start': 1115, 'y_stop': 2134, 'x_start': 143, 'x_stop': 1436}"
K20,PLD3_only_no_mCherry,20,488nm Binned,-733.4,0.0,0.0004861091249979267,0.006068479362967431,0.744281729428173,0.9999999999999774,True,phase_cross_correlation_on_stable_channel,K,20,"{'y_start': 1115, 'y_stop': 2134, 'x_start': 143, 'x_stop': 1436}"
K20,PLD3_only_no_mCherry,25,488nm Binned,0.0,-1431.3,0.010973145976182598,-0.004914745889651786,0.5009414225941423,0.999999999999995,True,phase_cross_correlation_on_stable_channel,K,20,"{'y_start': 1115, 'y_stop': 2134, 'x_start': 143, 'x_stop': 1436}"
K20,PLD3_only_no_mCherry,29,488nm Binned,0.0,-1087.9,0.002575935430807859,-0.00010520375568098254,0.6206764295676429,0.9999999999999855,True,phase_cross_correlation_on_stable_channel,K,20,"{'y_start': 1115, 'y_stop': 2134, 'x_start': 143, 'x_stop': 1436}"
K20,PLD3_only_no_mCherry,32,488nm Binned,1114.2,0.0,-0.0012908674186251367,-0.005756304795156596,0.6115062761506276,0.9999999999999724,True,phase_cross_correlation_on_stable_channel,K,20,"{'y_start': 1115, 'y_stop': 2134, 'x_start': 143, 'x_stop': 1436}"
K20,PLD3_only_no_mCherry,36,488nm Binned,-482.5,0.0,-0.0064111015226842195,0.006203811488507174,0.8317642956764296,0.9999999999999911,True,phase_cross_correlation_on_stable_channel,K,20,"{'y_start': 1115, 'y_stop': 2134, 'x_start': 143, 'x_stop': 1436}"
K20,PLD3_only_no_mCherry,39,488nm Binned,0.0,-552.1,-0.00013134206147729928,0.0009211535553484526,0.8074965132496513,0.9999999999999916,True,phase_cross_correlation_on_stable_channel,K,20,"{'y_start': 1115, 'y_stop': 2134, 'x_start': 143, 'x_stop': 1436}"
K18,PLD3_only_no_mCherry,8,488nm Binned,0.0,0.0,1.0,1.0,1.0,0.0,True,reference_timepoint,K,18,"{'y_start': 775, 'y_stop': 2868, 'x_start': 852, 'x_stop': 1611}"
K18,PLD3_only_no_mCherry,12,488nm Binned,0.0,-1256.6,0.00596869111098835,0.006765516340896732,0.5618549511854951,0.9999999999999926,True,phase_cross_correlation_on_stable_channel,K,18,"{'y_start': 775, 'y_stop': 2868, 'x_start': 852, 'x_stop': 1611}"
K18,PLD3_only_no_mCherry,16,488nm Binned,0.0,272.8,0.008371163477291495,0.006773293530906652,0.9048814504881451,0.9999999999999932,True,phase_cross_correlation_on_stable_channel,K,18,"{'y_start': 775, 'y_stop': 2868, 'x_start': 852, 'x_stop': 1611}"
K18,PLD3_only_no_mCherry,20,488nm Binned,144.2,0.0,0.008095868045569148,0.003822084248333719,0.9497210599721061,0.9999999999999751,True,phase_cross_correlation_on_stable_channel,K,18,"{'y_start': 775, 'y_stop': 2868, 'x_start': 852, 'x_stop': 1611}"
K18,PLD3_only_no_mCherry,25,488nm Binned,0.0,135.0,0.0069798176082321115,-0.0019919134162765828,0.952928870292887,0.9999999999999865,True,phase_cross_correlation_on_stable_channel,K,18,"{'y_start': 775, 'y_stop': 2868, 'x_start': 852, 'x_stop': 1611}"
K18,PLD3_only_no_mCherry,29,488nm Binned,774.7,0.0,0.012013613664422353,-0.0016542160128411646,0.7298814504881451,0.9999999999999812,True,phase_cross_correlation_on_stable_channel,K,18,"{'y_start': 775, 'y_stop': 2868, 'x_start': 852, 'x_stop': 1611}"
K18,PLD3_only_no_mCherry,32,488nm Binned,714.5,0.0,-0.0037297861750431064,-0.0059085372868235946,0.7508716875871687,0.9999999999999866,True,phase_cross_correlation_on_stable_channel,K,18,"{'y_start': 775, 'y_stop': 2868, 'x_start': 852, 'x_stop': 1611}"
K18,PLD3_only_no_mCherry,36,488nm Binned,0.0,212.0,0.010748358539043091,0.006360700637900427,0.9260808926080892,0.9999999999999876,True,phase_cross_correlation_on_stable_channel,K,18,"{'y_start': 775, 'y_stop': 2868, 'x_start': 852, 'x_stop': 1611}"
K18,PLD3_only_no_mCherry,39,488nm Binned,0.0,852.0,0.0016932132846239525,-0.011283737647900013,0.702928870292887,0.9999999999999938,True,phase_cross_correlation_on_stable_channel,K,18,"{'y_start': 775, 'y_stop': 2868, 'x_start': 852, 'x_stop': 1611}"
L05,PLD3_TMEM106B_no_mCherry,8,488nm Binned,0.0,0.0,1.0,1.0,1.0,0.0,True,reference_timepoint,L,05,"{'y_start': 799, 'y_stop': 1806, 'x_start': 265, 'x_stop': 2868}"
L05,PLD3_TMEM106B_no_mCherry,12,488nm Binned,706.5,0.0,0.006992711236764793,0.006212989285444551,0.7536610878661087,0.9999999999999674,True,phase_cross_correlation_on_stable_channel,L,05,"{'y_start': 799, 'y_stop': 1806, 'x_start': 265, 'x_stop': 2868}"
L05,PLD3_TMEM106B_no_mCherry,16,488nm Binned,-40.2,0.0,0.027925503352143444,0.09521988498455025,0.9859832635983264,0.9999999999999614,True,phase_cross_correlation_on_stable_channel,L,05,"{'y_start': 799, 'y_stop': 1806, 'x_start': 265, 'x_stop': 2868}"
L05,PLD3_TMEM106B_no_mCherry,20,488nm Binned,-1061.5,0.0,0.010218762582898172,0.005498905940964813,0.629881450488145,0.9999999999999705,True,phase_cross_correlation_on_stable_channel,L,05,"{'y_start': 799, 'y_stop': 1806, 'x_start': 265, 'x_stop': 2868}"
L05,PLD3_TMEM106B_no_mCherry,25,488nm Binned,798.4,0.0,0.006458243704971112,0.004522504224738852,0.7216178521617852,0.999999999999983,True,phase_cross_correlation_on_stable_channel,L,05,"{'y_start': 799, 'y_stop': 1806, 'x_start': 265, 'x_stop': 2868}"
L05,PLD3_TMEM106B_no_mCherry,29,488nm Binned,-701.1,0.0,0.016639891636322325,0.006383234403611892,0.7555439330543934,0.9999999999999722,True,phase_cross_correlation_on_stable_channel,L,05,"{'y_start': 799, 'y_stop': 1806, 'x_start': 265, 'x_stop': 2868}"
L05,PLD3_TMEM106B_no_mCherry,32,488nm Binned,-869.4,0.0,0.0066410995060276375,-0.002127869613154273,0.6968619246861925,0.9999999999999689,True,phase_cross_correlation_on_stable_channel,L,05,"{'y_start': 799, 'y_stop': 1806, 'x_start': 265, 'x_stop': 2868}"
L05,PLD3_TMEM106B_no_mCherry,36,488nm Binned,0.0,265.0,0.009858653562893336,0.009771731728373353,0.9076011157601116,0.9999999999999902,True,phase_cross_correlation_on_stable_channel,L,05,"{'y_start': 799, 'y_stop': 1806, 'x_start': 265, 'x_stop': 2868}"
L05,PLD3_TMEM106B_no_mCherry,39,488nm Binned,209.9,0.0,0.003034803600964137,0.006272136508330749,0.926813110181311,0.999999999999974,True,phase_cross_correlation_on_stable_channel,L,05,"{'y_start': 799, 'y_stop': 1806, 'x_start': 265, 'x_stop': 2868}"
L06,PLD3_TMEM106B_no_mCherry,8,488nm Binned,0.0,0.0,1.0,1.0,1.0,0.0,True,reference_timepoint,L,06,"{'y_start': 0, 'y_stop': 2868, 'x_start': 951, 'x_stop': 2169}"
L06,PLD3_TMEM106B_no_mCherry,12,488nm Binned,0.0,950.2,0.008420364862464405,-0.00958713063090665,0.6686889818688981,0.9999999999999926,True,phase_cross_correlation_on_stable_channel,L,06,"{'y_start': 0, 'y_stop': 2868, 'x_start': 951, 'x_stop': 2169}"
L06,PLD3_TMEM106B_no_mCherry,16,488nm Binned,0.0,0.2,0.02771284026291619,0.027801846688948192,0.9999302649930265,0.9999999999999918,True,phase_cross_correlation_on_stable_channel,L,06,"{'y_start': 0, 'y_stop': 2868, 'x_start': 951, 'x_stop': 2169}"
L06,PLD3_TMEM106B_no_mCherry,20,488nm Binned,0.0,200.8,0.005962922731583992,0.004990252303303165,0.9299860529986053,0.999999999999992,True,phase_cross_correlation_on_stable_channel,L,06,"{'y_start': 0, 'y_stop': 2868, 'x_start': 951, 'x_stop': 2169}"
L06,PLD3_TMEM106B_no_mCherry,25,488nm Binned,0.0,893.1,0.007270987483900924,-0.01037347998888077,0.6885983263598326,0.999999999999991,True,phase_cross_correlation_on_stable_channel,L,06,"{'y_start': 0, 'y_stop': 2868, 'x_start': 951, 'x_stop': 2169}"
L06,PLD3_TMEM106B_no_mCherry,29,488nm Binned,0.0,-698.7,0.018481626859359588,0.00979487067951621,0.7563807531380754,0.9999999999999913,True,phase_cross_correlation_on_stable_channel,L,06,"{'y_start': 0, 'y_stop': 2868, 'x_start': 951, 'x_stop': 2169}"
L06,PLD3_TMEM106B_no_mCherry,32,488nm Binned,0.0,4.0,0.012261307629594239,0.011160223807643197,0.99860529986053,0.9999999999999876,True,phase_cross_correlation_on_stable_channel,L,06,"{'y_start': 0, 'y_stop': 2868, 'x_start': 951, 'x_stop': 2169}"
L06,PLD3_TMEM106B_no_mCherry,36,488nm Binned,0.0,748.8,0.00040205024145295294,-0.006035450210129683,0.7389121338912134,0.9999999999999936,True,phase_cross_correlation_on_stable_channel,L,06,"{'y_start': 0, 'y_stop': 2868, 'x_start': 951, 'x_stop': 2169}"
L06,PLD3_TMEM106B_no_mCherry,39,488nm Binned,0.0,498.5,-0.0044613512195985,-0.0033239454835258795,0.8261854951185496,0.999999999999992,True,phase_cross_correlation_on_stable_channel,L,06,"{'y_start': 0, 'y_stop': 2868, 'x_start': 951, 'x_stop': 2169}"
L07,PLD3_TMEM106B_no_mCherry,8,488nm Binned,0.0,0.0,1.0,1.0,1.0,0.0,True,reference_timepoint,L,07,"{'y_start': 1083, 'y_stop': 1578, 'x_start': 0, 'x_stop': 1646}"
L07,PLD3_TMEM106B_no_mCherry,12,488nm Binned,-103.8,0.0,0.0034470887568981284,0.007006766543256203,0.9638075313807531,0.9999999999999757,True,phase_cross_correlation_on_stable_channel,L,07,"{'y_start': 1083, 'y_stop': 1578, 'x_start': 0, 'x_stop': 1646}"
L07,PLD3_TMEM106B_no_mCherry,16,488nm Binned,-596.6,0.0,0.019133402616565116,0.0016751433489932542,0.7919804741980474,0.9999999999999714,True,phase_cross_correlation_on_stable_channel,L,07,"{'y_start': 1083, 'y_stop': 1578, 'x_start': 0, 'x_stop': 1646}"
L07,PLD3_TMEM106B_no_mCherry,20,488nm Binned,1082.2,0.0,0.006064262596032422,-0.0006197873877785272,0.6226638772663876,0.9999999999999774,True,phase_cross_correlation_on_stable_channel,L,07,"{'y_start': 1083, 'y_stop': 1578, 'x_start': 0, 'x_stop': 1646}"
L07,PLD3_TMEM106B_no_mCherry,25,488nm Binned,-474.2,0.0,0.003338329921825152,0.00032976921714475486,0.8346582984658298,0.9999999999999694,True,phase_cross_correlation_on_stable_channel,L,07,"{'y_start': 1083, 'y_stop': 1578, 'x_start': 0, 'x_stop': 1646}"
L07,PLD3_TMEM106B_no_mCherry,29,488nm Binned,-841.1,0.0,0.002787216871845053,-0.0010368693134935004,0.7067294281729428,0.9999999999999918,True,phase_cross_correlation_on_stable_channel,L,07,"{'y_start': 1083, 'y_stop': 1578, 'x_start': 0, 'x_stop': 1646}"
L07,PLD3_TMEM106B_no_mCherry,32,488nm Binned,-1289.8,0.0,0.0012503422192452149,-0.0007780514646722783,0.5502789400278941,0.9999999999999865,True,phase_cross_correlation_on_stable_channel,L,07,"{'y_start': 1083, 'y_stop': 1578, 'x_start': 0, 'x_stop': 1646}"
L07,PLD3_TMEM106B_no_mCherry,36,488nm Binned,-89.5,0.0,0.0035189903625626093,0.007326803583690542,0.9687935843793585,0.9999999999999765,True,phase_cross_correlation_on_stable_channel,L,07,"{'y_start': 1083, 'y_stop': 1578, 'x_start': 0, 'x_stop': 1646}"
L07,PLD3_TMEM106B_no_mCherry,39,488nm Binned,0.0,-1221.9,-0.0011768643979318074,0.014038200757779905,0.5739539748953975,0.9999999999999953,True,phase_cross_correlation_on_stable_channel,L,07,"{'y_start': 1083, 'y_stop': 1578, 'x_start': 0, 'x_stop': 1646}"
L08,PLD3_TMEM106B_no_mCherry,8,488nm Binned,0.0,0.0,1.0,1.0,1.0,0.0,True,reference_timepoint,L,08,"{'y_start': 0, 'y_stop': 2868, 'x_start': 1398, 'x_stop': 1591}"
L08,PLD3_TMEM106B_no_mCherry,12,488nm Binned,0.0,-315.1,-0.0027417413271456394,-0.001386917227948652,0.8901324965132497,0.9999999999999882,True,phase_cross_correlation_on_stable_channel,L,08,"{'y_start': 0, 'y_stop': 2868, 'x_start': 1398, 'x_stop': 1591}"
L08,PLD3_TMEM106B_no_mCherry,16,488nm Binned,0.0,687.5,0.01807150229762402,-0.0018123464715196545,0.7602859135285913,0.9999999999999866,True,phase_cross_correlation_on_stable_channel,L,08,"{'y_start': 0, 'y_stop': 2868, 'x_start': 1398, 'x_stop': 1591}"
L08,PLD3_TMEM106B_no_mCherry,20,488nm Binned,0.0,213.8,0.003746032757278327,0.0006500621766470237,0.9254532775453277,0.9999999999999813,True,phase_cross_correlation_on_stable_channel,L,08,"{'y_start': 0, 'y_stop': 2868, 'x_start': 1398, 'x_stop': 1591}"
L08,PLD3_TMEM106B_no_mCherry,25,488nm Binned,0.0,-653.2,0.004601936058838288,0.014989448302686588,0.7722454672245468,0.9999999999999907,True,phase_cross_correlation_on_stable_channel,L,08,"{'y_start': 0, 'y_stop': 2868, 'x_start': 1398, 'x_stop': 1591}"
L08,PLD3_TMEM106B_no_mCherry,29,488nm Binned,0.0,645.7,-0.00031221746366850777,-0.005099098260057092,0.774860529986053,0.9999999999999928,True,phase_cross_correlation_on_stable_channel,L,08,"{'y_start': 0, 'y_stop': 2868, 'x_start': 1398, 'x_stop': 1591}"
L08,PLD3_TMEM106B_no_mCherry,32,488nm Binned,0.0,-1085.0,0.0017726155784681449,0.008987482377736902,0.6216875871687587,0.999999999999987,True,phase_cross_correlation_on_stable_channel,L,08,"{'y_start': 0, 'y_stop': 2868, 'x_start': 1398, 'x_stop': 1591}"
L08,PLD3_TMEM106B_no_mCherry,36,488nm Binned,0.0,-1277.0,0.0017759003544353797,0.01745384175244732,0.5547419804741981,0.9999999999999856,True,phase_cross_correlation_on_stable_channel,L,08,"{'y_start': 0, 'y_stop': 2868, 'x_start': 1398, 'x_stop': 1591}"
L08,PLD3_TMEM106B_no_mCherry,39,488nm Binned,0.0,1397.9,-0.0012421785225845427,-0.009642627571457011,0.5125871687587169,0.9999999999999916,True,phase_cross_correlation_on_stable_channel,L,08,"{'y_start': 0, 'y_stop': 2868, 'x_start': 1398, 'x_stop': 1591}"
L09,PLD3_TMEM106B_no_mCherry,8,488nm Binned,0.0,0.0,1.0,1.0,1.0,0.0,True,reference_timepoint,L,09,"{'y_start': 780, 'y_stop': 2201, 'x_start': 1207, 'x_stop': 2868}"
L09,PLD3_TMEM106B_no_mCherry,12,488nm Binned,382.6,0.0,0.007127359583393829,-0.0014733155189012533,0.8665969316596932,0.9999999999999875,True,phase_cross_correlation_on_stable_channel,L,09,"{'y_start': 780, 'y_stop': 2201, 'x_start': 1207, 'x_stop': 2868}"
L09,PLD3_TMEM106B_no_mCherry,16,488nm Binned,779.8,0.0,0.014435344248881009,0.0009743643012307853,0.7281032078103208,0.9999999999999843,True,phase_cross_correlation_on_stable_channel,L,09,"{'y_start': 780, 'y_stop': 2201, 'x_start': 1207, 'x_stop': 2868}"
L09,PLD3_TMEM106B_no_mCherry,20,488nm Binned,-485.7,0.0,0.0021767101181644107,0.0007341695719714474,0.8306485355648536,0.9999999999999871,True,phase_cross_correlation_on_stable_channel,L,09,"{'y_start': 780, 'y_stop': 2201, 'x_start': 1207, 'x_stop': 2868}"
L09,PLD3_TMEM106B_no_mCherry,25,488nm Binned,-666.1,0.0,0.009614073369733737,-0.001975391544834442,0.7677475592747559,0.9999999999999871,True,phase_cross_correlation_on_stable_channel,L,09,"{'y_start': 780, 'y_stop': 2201, 'x_start': 1207, 'x_stop': 2868}"
L09,PLD3_TMEM106B_no_mCherry,29,488nm Binned,2.0,0.0,0.009998758153222207,0.01129415116361509,0.999302649930265,0.9999999999999858,True,phase_cross_correlation_on_stable_channel,L,09,"{'y_start': 780, 'y_stop': 2201, 'x_start': 1207, 'x_stop': 2868}"
L09,PLD3_TMEM106B_no_mCherry,32,488nm Binned,-482.4,0.0,0.004917376896359635,-0.002607655480696226,0.8317991631799163,0.9999999999999769,True,phase_cross_correlation_on_stable_channel,L,09,"{'y_start': 780, 'y_stop': 2201, 'x_start': 1207, 'x_stop': 2868}"
L09,PLD3_TMEM106B_no_mCherry,36,488nm Binned,-641.5,0.0,0.008786563093286775,-5.5877617124602926e-05,0.7763249651324965,0.9999999999999831,True,phase_cross_correlation_on_stable_channel,L,09,"{'y_start': 780, 'y_stop': 2201, 'x_start': 1207, 'x_stop': 2868}"
L09,PLD3_TMEM106B_no_mCherry,39,488nm Binned,0.0,1206.8,0.00772771712705116,0.0043367605454453576,0.5792189679218969,0.9999999999999928,True,phase_cross_correlation_on_stable_channel,L,09,"{'y_start': 780, 'y_stop': 2201, 'x_start': 1207, 'x_stop': 2868}"
L10,PLD3_TMEM106B_no_mCherry,8,488nm Binned,0.0,0.0,1.0,1.0,1.0,0.0,True,reference_timepoint,L,10,"{'y_start': 340, 'y_stop': 1485, 'x_start': 1214, 'x_stop': 1679}"
L10,PLD3_TMEM106B_no_mCherry,12,488nm Binned,0.0,1.1,0.012730363786012628,0.01333037271782046,0.9996164574616457,0.9999999999999941,True,phase_cross_correlation_on_stable_channel,L,10,"{'y_start': 340, 'y_stop': 1485, 'x_start': 1214, 'x_stop': 1679}"
L10,PLD3_TMEM106B_no_mCherry,16,488nm Binned,0.0,1213.9,0.015803723839196662,0.013296207952874029,0.5767433751743375,0.9999999999999912,True,phase_cross_correlation_on_stable_channel,L,10,"{'y_start': 340, 'y_stop': 1485, 'x_start': 1214, 'x_stop': 1679}"
L10,PLD3_TMEM106B_no_mCherry,20,488nm Binned,0.0,0.0,0.0074032183943256065,0.0074032183943256065,1.0,0.9999999999999903,True,phase_cross_correlation_on_stable_channel,L,10,"{'y_start': 340, 'y_stop': 1485, 'x_start': 1214, 'x_stop': 1679}"
L10,PLD3_TMEM106B_no_mCherry,25,488nm Binned,339.5,0.0,0.005966667800164603,-0.0021582437178649873,0.8816248256624826,0.9999999999999883,True,phase_cross_correlation_on_stable_channel,L,10,"{'y_start': 340, 'y_stop': 1485, 'x_start': 1214, 'x_stop': 1679}"
L10,PLD3_TMEM106B_no_mCherry,29,488nm Binned,-1382.6,0.0,0.01121064650777561,0.011544456677056995,0.5179218967921897,0.9999999999999887,True,phase_cross_correlation_on_stable_channel,L,10,"{'y_start': 340, 'y_stop': 1485, 'x_start': 1214, 'x_stop': 1679}"
L10,PLD3_TMEM106B_no_mCherry,32,488nm Binned,-412.2,0.0,0.009610040798079944,0.006275476805718783,0.8562761506276151,0.9999999999999811,True,phase_cross_correlation_on_stable_channel,L,10,"{'y_start': 340, 'y_stop': 1485, 'x_start': 1214, 'x_stop': 1679}"
L10,PLD3_TMEM106B_no_mCherry,36,488nm Binned,-202.7,0.0,0.00678881518358425,0.0026590095488107438,0.9293235704323571,0.9999999999999777,True,phase_cross_correlation_on_stable_channel,L,10,"{'y_start': 340, 'y_stop': 1485, 'x_start': 1214, 'x_stop': 1679}"
L10,PLD3_TMEM106B_no_mCherry,39,488nm Binned,0.0,-1188.2,0.0037138237481858793,-0.009342227946586708,0.5857043235704323,0.9999999999999933,True,phase_cross_correlation_on_stable_channel,L,10,"{'y_start': 340, 'y_stop': 1485, 'x_start': 1214, 'x_stop': 1679}"
L12,PLD3_TMEM106B_no_mCherry,8,488nm Binned,0.0,0.0,1.0,1.0,1.0,0.0,True,reference_timepoint,L,12,"{'y_start': 1, 'y_stop': 2868, 'x_start': 1427, 'x_stop': 1543}"
L12,PLD3_TMEM106B_no_mCherry,12,488nm Binned,0.0,8.3,0.013852182993365027,0.0167139325648681,0.9971059972105997,0.9999999999999933,True,phase_cross_correlation_on_stable_channel,L,12,"{'y_start': 1, 'y_stop': 2868, 'x_start': 1427, 'x_stop': 1543}"
L12,PLD3_TMEM106B_no_mCherry,16,488nm Binned,0.0,1002.0,0.01728769268148474,0.005365160801237047,0.6506276150627615,0.9999999999999919,True,phase_cross_correlation_on_stable_channel,L,12,"{'y_start': 1, 'y_stop': 2868, 'x_start': 1427, 'x_stop': 1543}"
L12,PLD3_TMEM106B_no_mCherry,20,488nm Binned,0.0,542.7,0.011261693176121614,0.00500954006467494,0.8107740585774059,0.9999999999999911,True,phase_cross_correlation_on_stable_channel,L,12,"{'y_start': 1, 'y_stop': 2868, 'x_start': 1427, 'x_stop': 1543}"
L12,PLD3_TMEM106B_no_mCherry,25,488nm Binned,0.0,629.1,0.014148637278946528,0.0059645070713571875,0.7806485355648536,0.9999999999999937,True,phase_cross_correlation_on_stable_channel,L,12,"{'y_start': 1, 'y_stop': 2868, 'x_start': 1427, 'x_stop': 1543}"
L12,PLD3_TMEM106B_no_mCherry,29,488nm Binned,0.1,0.0,0.027633497821266322,0.02763953299564513,0.9999651324965133,0.999999999999992,True,phase_cross_correlation_on_stable_channel,L,12,"{'y_start': 1, 'y_stop': 2868, 'x_start': 1427, 'x_stop': 1543}"
L12,PLD3_TMEM106B_no_mCherry,32,488nm Binned,0.0,-1325.0,0.006815466367408327,0.002570574330527141,0.5380055788005579,0.9999999999999871,True,phase_cross_correlation_on_stable_channel,L,12,"{'y_start': 1, 'y_stop': 2868, 'x_start': 1427, 'x_stop': 1543}"
L12,PLD3_TMEM106B_no_mCherry,36,488nm Binned,0.0,-2.2,0.007492343170722903,0.008323094840091848,0.9992329149232916,0.9999999999999921,True,phase_cross_correlation_on_stable_channel,L,12,"{'y_start': 1, 'y_stop': 2868, 'x_start': 1427, 'x_stop': 1543}"
L12,PLD3_TMEM106B_no_mCherry,39,488nm Binned,0.0,1427.0,0.009167158788785167,0.0053715600539006834,0.5024407252440726,0.9999999999999903,True,phase_cross_correlation_on_stable_channel,L,12,"{'y_start': 1, 'y_stop': 2868, 'x_start': 1427, 'x_stop': 1543}"
L11,PLD3_TMEM106B_no_mCherry,8,488nm Binned,0.0,0.0,1.0,1.0,1.0,0.0,True,reference_timepoint,L,11,"{'y_start': 1111, 'y_stop': 2360, 'x_start': 0, 'x_stop': 2868}"
L11,PLD3_TMEM106B_no_mCherry,12,488nm Binned,914.8,0.0,0.0052631194988059194,0.0023604422117465967,0.6810320781032079,0.9999999999999849,True,phase_cross_correlation_on_stable_channel,L,11,"{'y_start': 1111, 'y_stop': 2360, 'x_start': 0, 'x_stop': 2868}"
L11,PLD3_TMEM106B_no_mCherry,16,488nm Binned,302.7,0.0,0.012490484009817698,0.004148488397240636,0.8944560669456068,0.9999999999999806,True,phase_cross_correlation_on_stable_channel,L,11,"{'y_start': 1111, 'y_stop': 2360, 'x_start': 0, 'x_stop': 2868}"
L11,PLD3_TMEM106B_no_mCherry,20,488nm Binned,98.4,0.0,0.003922867080394692,0.0057504109976551435,0.9656903765690377,0.9999999999999751,True,phase_cross_correlation_on_stable_channel,L,11,"{'y_start': 1111, 'y_stop': 2360, 'x_start': 0, 'x_stop': 2868}"
L11,PLD3_TMEM106B_no_mCherry,25,488nm Binned,352.4,0.0,0.006415884677382841,-0.00304588293528755,0.8771269177126918,0.9999999999999881,True,phase_cross_correlation_on_stable_channel,L,11,"{'y_start': 1111, 'y_stop': 2360, 'x_start': 0, 'x_stop': 2868}"
L11,PLD3_TMEM106B_no_mCherry,29,488nm Binned,-507.4,0.0,0.007846097070341462,0.0031057854134457674,0.8230822873082287,0.9999999999999759,True,phase_cross_correlation_on_stable_channel,L,11,"{'y_start': 1111, 'y_stop': 2360, 'x_start': 0, 'x_stop': 2868}"
L11,PLD3_TMEM106B_no_mCherry,32,488nm Binned,-145.4,0.0,0.004190742477270505,0.005423357148436376,0.9493026499302649,0.9999999999999831,True,phase_cross_correlation_on_stable_channel,L,11,"{'y_start': 1111, 'y_stop': 2360, 'x_start': 0, 'x_stop': 2868}"
L11,PLD3_TMEM106B_no_mCherry,36,488nm Binned,1110.1,0.0,0.009717755802120248,-0.0033964165138300347,0.6129358437935845,0.999999999999968,True,phase_cross_correlation_on_stable_channel,L,11,"{'y_start': 1111, 'y_stop': 2360, 'x_start': 0, 'x_stop': 2868}"
L11,PLD3_TMEM106B_no_mCherry,39,488nm Binned,-203.5,0.0,-0.001216300459257759,-0.0038014266094339583,0.9290446304044631,0.9999999999999873,True,phase_cross_correlation_on_stable_channel,L,11,"{'y_start': 1111, 'y_stop': 2360, 'x_start': 0, 'x_stop': 2868}"
L15,PLD3_TMEM106B_no_mCherry,8,488nm Binned,0.0,0.0,1.0,1.0,1.0,0.0,True,reference_timepoint,L,15,"{'y_start': 837, 'y_stop': 2284, 'x_start': 1356, 'x_stop': 1720}"
L15,PLD3_TMEM106B_no_mCherry,12,488nm Binned,0.0,1355.6,0.004548630868836408,-0.000998362972214181,0.5273361227336123,0.9999999999999934,True,phase_cross_correlation_on_stable_channel,L,15,"{'y_start': 837, 'y_stop': 2284, 'x_start': 1356, 'x_stop': 1720}"
L15,PLD3_TMEM106B_no_mCherry,16,488nm Binned,836.2,0.0,0.00381601129544178,0.0062129355536171185,0.7084379358437936,0.9999999999999856,True,phase_cross_correlation_on_stable_channel,L,15,"{'y_start': 837, 'y_stop': 2284, 'x_start': 1356, 'x_stop': 1720}"
L15,PLD3_TMEM106B_no_mCherry,20,488nm Binned,0.0,-1148.0,-0.0014038476300728103,-0.000966285473220443,0.599721059972106,0.9999999999999906,True,phase_cross_correlation_on_stable_channel,L,15,"{'y_start': 837, 'y_stop': 2284, 'x_start': 1356, 'x_stop': 1720}"
L15,PLD3_TMEM106B_no_mCherry,25,488nm Binned,102.2,0.0,0.00357724240714045,0.07205736164101516,0.9643654114365412,0.9999999999999853,True,phase_cross_correlation_on_stable_channel,L,15,"{'y_start': 837, 'y_stop': 2284, 'x_start': 1356, 'x_stop': 1720}"
L15,PLD3_TMEM106B_no_mCherry,29,488nm Binned,0.0,-1141.1,0.006671050269112373,0.00526159996113064,0.6021269177126918,0.9999999999999887,True,phase_cross_correlation_on_stable_channel,L,15,"{'y_start': 837, 'y_stop': 2284, 'x_start': 1356, 'x_stop': 1720}"
L15,PLD3_TMEM106B_no_mCherry,32,488nm Binned,-180.9,0.0,0.006182852550150913,-0.0016733298431204418,0.9369246861924686,0.9999999999999863,True,phase_cross_correlation_on_stable_channel,L,15,"{'y_start': 837, 'y_stop': 2284, 'x_start': 1356, 'x_stop': 1720}"
L15,PLD3_TMEM106B_no_mCherry,36,488nm Binned,-583.5,0.0,0.004095461096669637,-0.004435223198392709,0.7965481171548117,0.9999999999999889,True,phase_cross_correlation_on_stable_channel,L,15,"{'y_start': 837, 'y_stop': 2284, 'x_start': 1356, 'x_stop': 1720}"
L15,PLD3_TMEM106B_no_mCherry,39,488nm Binned,380.5,0.0,0.0013833036854798229,0.005166361177667331,0.8673291492329149,0.9999999999999915,True,phase_cross_correlation_on_stable_channel,L,15,"{'y_start': 837, 'y_stop': 2284, 'x_start': 1356, 'x_stop': 1720}"
L14,PLD3_TMEM106B_no_mCherry,8,488nm Binned,0.0,0.0,1.0,1.0,1.0,0.0,True,reference_timepoint,L,14,"{'y_start': 674, 'y_stop': 2223, 'x_start': 1295, 'x_stop': 2203}"
L14,PLD3_TMEM106B_no_mCherry,12,488nm Binned,0.0,1294.4,0.009894328883183024,-0.015140311082481825,0.5486750348675035,0.999999999999988,True,phase_cross_correlation_on_stable_channel,L,14,"{'y_start': 674, 'y_stop': 2223, 'x_start': 1295, 'x_stop': 2203}"
L14,PLD3_TMEM106B_no_mCherry,16,488nm Binned,0.0,-144.9,0.006921946208156154,0.011237273007139012,0.9494769874476987,0.9999999999999928,True,phase_cross_correlation_on_stable_channel,L,14,"{'y_start': 674, 'y_stop': 2223, 'x_start': 1295, 'x_stop': 2203}"
L14,PLD3_TMEM106B_no_mCherry,20,488nm Binned,673.6,0.0,0.014224430146877992,0.000669948030439718,0.7651324965132497,0.9999999999999728,True,phase_cross_correlation_on_stable_channel,L,14,"{'y_start': 674, 'y_stop': 2223, 'x_start': 1295, 'x_stop': 2203}"
L14,PLD3_TMEM106B_no_mCherry,25,488nm Binned,0.0,398.6,0.013942653966333634,-0.004149360902694578,0.8610181311018131,0.9999999999999821,True,phase_cross_correlation_on_stable_channel,L,14,"{'y_start': 674, 'y_stop': 2223, 'x_start': 1295, 'x_stop': 2203}"
L14,PLD3_TMEM106B_no_mCherry,29,488nm Binned,-148.4,0.0,0.0062721348641618995,0.007482035074646729,0.9482566248256624,0.9999999999999667,True,phase_cross_correlation_on_stable_channel,L,14,"{'y_start': 674, 'y_stop': 2223, 'x_start': 1295, 'x_stop': 2203}"
L14,PLD3_TMEM106B_no_mCherry,32,488nm Binned,-644.2,0.0,-0.0038699672574869885,0.005677202807933431,0.7753835425383543,0.9999999999999655,True,phase_cross_correlation_on_stable_channel,L,14,"{'y_start': 674, 'y_stop': 2223, 'x_start': 1295, 'x_stop': 2203}"
L14,PLD3_TMEM106B_no_mCherry,36,488nm Binned,0.0,-664.6,0.003977186709007015,0.007008525677321783,0.7682705718270572,0.9999999999999825,True,phase_cross_correlation_on_stable_channel,L,14,"{'y_start': 674, 'y_stop': 2223, 'x_start': 1295, 'x_stop': 2203}"
L14,PLD3_TMEM106B_no_mCherry,39,488nm Binned,640.7,0.0,-0.0049602467733572304,-0.0008470618503668093,0.7766039051603906,0.9999999999999898,True,phase_cross_correlation_on_stable_channel,L,14,"{'y_start': 674, 'y_stop': 2223, 'x_start': 1295, 'x_stop': 2203}"
L13,PLD3_TMEM106B_no_mCherry,8,488nm Binned,0.0,0.0,1.0,1.0,1.0,0.0,True,reference_timepoint,L,13,"{'y_start': 885, 'y_stop': 2210, 'x_start': 0, 'x_stop': 2298}"
L13,PLD3_TMEM106B_no_mCherry,12,488nm Binned,342.0,0.0,0.004802471458951126,0.0038282208827591802,0.8807531380753139,0.9999999999999382,True,phase_cross_correlation_on_stable_channel,L,13,"{'y_start': 885, 'y_stop': 2210, 'x_start': 0, 'x_stop': 2298}"
L13,PLD3_TMEM106B_no_mCherry,16,488nm Binned,37.5,0.0,0.004254340680185612,0.00675600580963065,0.9869246861924686,0.9999999999999263,True,phase_cross_correlation_on_stable_channel,L,13,"{'y_start': 885, 'y_stop': 2210, 'x_start': 0, 'x_stop': 2298}"
L13,PLD3_TMEM106B_no_mCherry,20,488nm Binned,884.2,0.0,0.007756328166160496,0.0023532689173132205,0.6917015341701533,0.9999999999999893,True,phase_cross_correlation_on_stable_channel,L,13,"{'y_start': 885, 'y_stop': 2210, 'x_start': 0, 'x_stop': 2298}"
L13,PLD3_TMEM106B_no_mCherry,25,488nm Binned,0.0,-256.2,0.0007988480857794003,0.00023332233189537118,0.9106694560669456,0.9999999999999917,True,phase_cross_correlation_on_stable_channel,L,13,"{'y_start': 885, 'y_stop': 2210, 'x_start': 0, 'x_stop': 2298}"
L13,PLD3_TMEM106B_no_mCherry,29,488nm Binned,164.8,0.0,0.017316176885582863,0.0019130021757165047,0.9425383542538354,0.9999999999999846,True,phase_cross_correlation_on_stable_channel,L,13,"{'y_start': 885, 'y_stop': 2210, 'x_start': 0, 'x_stop': 2298}"
L13,PLD3_TMEM106B_no_mCherry,32,488nm Binned,-394.8,0.0,-0.002957394182506958,-0.0054764456497114955,0.8623430962343096,0.9999999999999754,True,phase_cross_correlation_on_stable_channel,L,13,"{'y_start': 885, 'y_stop': 2210, 'x_start': 0, 'x_stop': 2298}"
L13,PLD3_TMEM106B_no_mCherry,36,488nm Binned,0.0,-569.8,0.005879035883760822,-0.006156940703140202,0.8013249651324965,0.999999999999993,True,phase_cross_correlation_on_stable_channel,L,13,"{'y_start': 885, 'y_stop': 2210, 'x_start': 0, 'x_stop': 2298}"
L13,PLD3_TMEM106B_no_mCherry,39,488nm Binned,-657.3,0.0,0.003650567201620181,-0.0012523540243899204,0.7708158995815899,0.9999999999999798,True,phase_cross_correlation_on_stable_channel,L,13,"{'y_start': 885, 'y_stop': 2210, 'x_start': 0, 'x_stop': 2298}"
L16,PLD3_TMEM106B_no_mCherry,8,488nm Binned,0.0,0.0,1.0,1.0,1.0,0.0,True,reference_timepoint,L,16,"{'y_start': 243, 'y_stop': 1447, 'x_start': 407, 'x_stop': 1917}"
L16,PLD3_TMEM106B_no_mCherry,12,488nm Binned,0.0,-735.4,-0.002272682325335404,0.003935618568456696,0.7435843793584379,0.9999999999999915,True,phase_cross_correlation_on_stable_channel,L,16,"{'y_start': 243, 'y_stop': 1447, 'x_start': 407, 'x_stop': 1917}"
L16,PLD3_TMEM106B_no_mCherry,16,488nm Binned,-187.5,0.0,0.008157887615398792,0.0008161845721700215,0.9346234309623431,0.9999999999999117,True,phase_cross_correlation_on_stable_channel,L,16,"{'y_start': 243, 'y_stop': 1447, 'x_start': 407, 'x_stop': 1917}"
L16,PLD3_TMEM106B_no_mCherry,20,488nm Binned,0.0,-384.6,-0.00729561559973795,0.006072336178122736,0.8658995815899582,0.9999999999999929,True,phase_cross_correlation_on_stable_channel,L,16,"{'y_start': 243, 'y_stop': 1447, 'x_start': 407, 'x_stop': 1917}"
L16,PLD3_TMEM106B_no_mCherry,25,488nm Binned,0.0,-950.2,0.003595526176985036,0.005538039024439414,0.6686889818688981,0.9999999999999948,True,phase_cross_correlation_on_stable_channel,L,16,"{'y_start': 243, 'y_stop': 1447, 'x_start': 407, 'x_stop': 1917}"
L16,PLD3_TMEM106B_no_mCherry,29,488nm Binned,0.0,406.7,0.008333484843181313,0.0012501368630469204,0.8581938633193864,0.999999999999991,True,phase_cross_correlation_on_stable_channel,L,16,"{'y_start': 243, 'y_stop': 1447, 'x_start': 407, 'x_stop': 1917}"
L16,PLD3_TMEM106B_no_mCherry,32,488nm Binned,-1420.5,0.0,0.0008854856455322024,-0.0004911591478140668,0.5047071129707112,0.9999999999999497,True,phase_cross_correlation_on_stable_channel,L,16,"{'y_start': 243, 'y_stop': 1447, 'x_start': 407, 'x_stop': 1917}"
L16,PLD3_TMEM106B_no_mCherry,36,488nm Binned,242.9,0.0,-0.004189247990729453,-0.007943257427110752,0.9153068340306834,0.9999999999999651,True,phase_cross_correlation_on_stable_channel,L,16,"{'y_start': 243, 'y_stop': 1447, 'x_start': 407, 'x_stop': 1917}"
L16,PLD3_TMEM106B_no_mCherry,39,488nm Binned,-343.2,0.0,-0.006844157514747908,0.005253602454370084,0.8803347280334729,0.999999999999973,True,phase_cross_correlation_on_stable_channel,L,16,"{'y_start': 243, 'y_stop': 1447, 'x_start': 407, 'x_stop': 1917}"
L17,PLD3_TMEM106B_no_mCherry,8,488nm Binned,0.0,0.0,1.0,1.0,1.0,0.0,True,reference_timepoint,L,17,"{'y_start': 110, 'y_stop': 1737, 'x_start': 0, 'x_stop': 1653}"
L17,PLD3_TMEM106B_no_mCherry,12,488nm Binned,0.0,-700.2,0.00875267219857772,-0.010216744440437596,0.7558577405857742,0.999999999999988,True,phase_cross_correlation_on_stable_channel,L,17,"{'y_start': 110, 'y_stop': 1737, 'x_start': 0, 'x_stop': 1653}"
L17,PLD3_TMEM106B_no_mCherry,16,488nm Binned,0.0,-340.9,0.011436284148089608,-0.007648504961934133,0.881136680613668,0.9999999999999913,True,phase_cross_correlation_on_stable_channel,L,17,"{'y_start': 110, 'y_stop': 1737, 'x_start': 0, 'x_stop': 1653}"
L17,PLD3_TMEM106B_no_mCherry,20,488nm Binned,109.1,0.0,0.004123504971754192,-0.00030833025902180563,0.9619595536959554,0.9999999999999822,True,phase_cross_correlation_on_stable_channel,L,17,"{'y_start': 110, 'y_stop': 1737, 'x_start': 0, 'x_stop': 1653}"
L17,PLD3_TMEM106B_no_mCherry,25,488nm Binned,103.4,0.0,0.0034242574062054534,0.07922608835326514,0.9639470013947001,0.9999999999999765,True,phase_cross_correlation_on_stable_channel,L,17,"{'y_start': 110, 'y_stop': 1737, 'x_start': 0, 'x_stop': 1653}"
L17,PLD3_TMEM106B_no_mCherry,29,488nm Binned,-1130.7,0.0,0.01736178684312883,0.010844629206037584,0.6057531380753137,0.9999999999999739,True,phase_cross_correlation_on_stable_channel,L,17,"{'y_start': 110, 'y_stop': 1737, 'x_start': 0, 'x_stop': 1653}"
L17,PLD3_TMEM106B_no_mCherry,32,488nm Binned,-789.8,0.0,0.0052585411298607,0.004812810924550871,0.7246164574616457,0.9999999999999806,True,phase_cross_correlation_on_stable_channel,L,17,"{'y_start': 110, 'y_stop': 1737, 'x_start': 0, 'x_stop': 1653}"
L17,PLD3_TMEM106B_no_mCherry,36,488nm Binned,0.0,-1214.6,-0.00016968252563764975,-0.006981659238696502,0.5764993026499303,0.9999999999999872,True,phase_cross_correlation_on_stable_channel,L,17,"{'y_start': 110, 'y_stop': 1737, 'x_start': 0, 'x_stop': 1653}"
L17,PLD3_TMEM106B_no_mCherry,39,488nm Binned,0.0,-509.3,0.010058438602118802,-0.004949350291854147,0.8224198047419804,0.9999999999999909,True,phase_cross_correlation_on_stable_channel,L,17,"{'y_start': 110, 'y_stop': 1737, 'x_start': 0, 'x_stop': 1653}"
L18,PLD3_TMEM106B_no_mCherry,8,488nm Binned,0.0,0.0,1.0,1.0,1.0,0.0,True,reference_timepoint,L,18,"{'y_start': 985, 'y_stop': 1502, 'x_start': 575, 'x_stop': 2322}"
L18,PLD3_TMEM106B_no_mCherry,12,488nm Binned,0.0,-545.2,-0.0016929321550501091,-0.0008019828977368041,0.8099023709902371,0.9999999999999929,True,phase_cross_correlation_on_stable_channel,L,18,"{'y_start': 985, 'y_stop': 1502, 'x_start': 575, 'x_stop': 2322}"
L18,PLD3_TMEM106B_no_mCherry,16,488nm Binned,355.1,0.0,0.004904514220588296,0.003141749007092362,0.8761854951185495,0.999999999999982,True,phase_cross_correlation_on_stable_channel,L,18,"{'y_start': 985, 'y_stop': 1502, 'x_start': 575, 'x_stop': 2322}"
L18,PLD3_TMEM106B_no_mCherry,20,488nm Binned,0.0,268.9,-0.005248152885232072,0.003917056223990903,0.9062412831241283,0.9999999999999896,True,phase_cross_correlation_on_stable_channel,L,18,"{'y_start': 985, 'y_stop': 1502, 'x_start': 575, 'x_stop': 2322}"
L18,PLD3_TMEM106B_no_mCherry,25,488nm Binned,0.0,574.1,0.0002733180562712139,0.0011414426297963747,0.7998256624825663,0.9999999999999857,True,phase_cross_correlation_on_stable_channel,L,18,"{'y_start': 985, 'y_stop': 1502, 'x_start': 575, 'x_stop': 2322}"
L18,PLD3_TMEM106B_no_mCherry,29,488nm Binned,-1366.0,0.0,0.0114090874657003,0.0010653512898263773,0.5237099023709902,0.999999999999988,True,phase_cross_correlation_on_stable_channel,L,18,"{'y_start': 985, 'y_stop': 1502, 'x_start': 575, 'x_stop': 2322}"
L18,PLD3_TMEM106B_no_mCherry,32,488nm Binned,0.0,-156.7,-0.007844922088211498,0.00018026961867401026,0.9453626220362622,0.9999999999999868,True,phase_cross_correlation_on_stable_channel,L,18,"{'y_start': 985, 'y_stop': 1502, 'x_start': 575, 'x_stop': 2322}"
L18,PLD3_TMEM106B_no_mCherry,36,488nm Binned,984.1,0.0,0.007170573397120267,0.0010328482404293226,0.6568688981868899,0.9999999999999869,True,phase_cross_correlation_on_stable_channel,L,18,"{'y_start': 985, 'y_stop': 1502, 'x_start': 575, 'x_stop': 2322}"
L18,PLD3_TMEM106B_no_mCherry,39,488nm Binned,0.0,362.8,0.004033868533599914,0.0011909197727021338,0.8735006973500697,0.9999999999999838,True,phase_cross_correlation_on_stable_channel,L,18,"{'y_start': 985, 'y_stop': 1502, 'x_start': 575, 'x_stop': 2322}"
L19,PLD3_TMEM106B_no_mCherry,8,488nm Binned,0.0,0.0,1.0,1.0,1.0,0.0,True,reference_timepoint,L,19,"{'y_start': 1046, 'y_stop': 2868, 'x_start': 1398, 'x_stop': 1437}"
L19,PLD3_TMEM106B_no_mCherry,12,488nm Binned,0.0,151.8,-0.001016218184790828,0.003509227260349113,0.9470711297071129,0.999999999999989,True,phase_cross_correlation_on_stable_channel,L,19,"{'y_start': 1046, 'y_stop': 2868, 'x_start': 1398, 'x_stop': 1437}"
L19,PLD3_TMEM106B_no_mCherry,16,488nm Binned,0.0,1397.7,0.0019537440900542023,0.00035799650579123655,0.5126569037656903,0.9999999999999832,True,phase_cross_correlation_on_stable_channel,L,19,"{'y_start': 1046, 'y_stop': 2868, 'x_start': 1398, 'x_stop': 1437}"
L19,PLD3_TMEM106B_no_mCherry,20,488nm Binned,0.0,-1430.6,0.00025448506623747936,-0.0025566140159086256,0.5011854951185495,0.9999999999999919,True,phase_cross_correlation_on_stable_channel,L,19,"{'y_start': 1046, 'y_stop': 2868, 'x_start': 1398, 'x_stop': 1437}"
L19,PLD3_TMEM106B_no_mCherry,25,488nm Binned,0.0,395.9,0.0016500816124248201,0.010246984036649847,0.8619595536959553,0.9999999999999842,True,phase_cross_correlation_on_stable_channel,L,19,"{'y_start': 1046, 'y_stop': 2868, 'x_start': 1398, 'x_stop': 1437}"
L19,PLD3_TMEM106B_no_mCherry,29,488nm Binned,1045.4,0.0,0.011331680409077604,-0.0010570339329597808,0.6354951185495118,0.9999999999999847,True,phase_cross_correlation_on_stable_channel,L,19,"{'y_start': 1046, 'y_stop': 2868, 'x_start': 1398, 'x_stop': 1437}"
L19,PLD3_TMEM106B_no_mCherry,32,488nm Binned,507.8,0.0,-0.00566587900999055,-0.004544408140045681,0.8229428172942816,0.9999999999999823,True,phase_cross_correlation_on_stable_channel,L,19,"{'y_start': 1046, 'y_stop': 2868, 'x_start': 1398, 'x_stop': 1437}"
L19,PLD3_TMEM106B_no_mCherry,36,488nm Binned,465.8,0.0,0.0013645778406161035,-0.0021040016863390597,0.8375871687587169,0.9999999999999852,True,phase_cross_correlation_on_stable_channel,L,19,"{'y_start': 1046, 'y_stop': 2868, 'x_start': 1398, 'x_stop': 1437}"
L19,PLD3_TMEM106B_no_mCherry,39,488nm Binned,0.0,267.1,-0.007571957024970113,0.004884471882396009,0.9068688981868899,0.9999999999999922,True,phase_cross_correlation_on_stable_channel,L,19,"{'y_start': 1046, 'y_stop': 2868, 'x_start': 1398, 'x_stop': 1437}"
L20,PLD3_TMEM106B_no_mCherry,8,488nm Binned,0.0,0.0,1.0,1.0,1.0,0.0,True,reference_timepoint,L,20,"{'y_start': 0, 'y_stop': 2868, 'x_start': 1393, 'x_stop': 1488}"
L20,PLD3_TMEM106B_no_mCherry,12,488nm Binned,0.0,966.3,-0.0006847660050700605,-0.003106355891655632,0.6630753138075315,0.9999999999999913,True,phase_cross_correlation_on_stable_channel,L,20,"{'y_start': 0, 'y_stop': 2868, 'x_start': 1393, 'x_stop': 1488}"
L20,PLD3_TMEM106B_no_mCherry,16,488nm Binned,0.0,-1162.9,0.006056560390053732,0.009543332424874188,0.5945258019525802,0.9999999999999881,True,phase_cross_correlation_on_stable_channel,L,20,"{'y_start': 0, 'y_stop': 2868, 'x_start': 1393, 'x_stop': 1488}"
L20,PLD3_TMEM106B_no_mCherry,20,488nm Binned,0.0,1303.2,-0.0011392496313334791,0.005201035219292331,0.5456066945606693,0.9999999999999883,True,phase_cross_correlation_on_stable_channel,L,20,"{'y_start': 0, 'y_stop': 2868, 'x_start': 1393, 'x_stop': 1488}"
L20,PLD3_TMEM106B_no_mCherry,25,488nm Binned,0.0,-332.2,0.0031753009309886315,0.0028100334426911892,0.8841701534170154,0.9999999999999917,True,phase_cross_correlation_on_stable_channel,L,20,"{'y_start': 0, 'y_stop': 2868, 'x_start': 1393, 'x_stop': 1488}"
L20,PLD3_TMEM106B_no_mCherry,29,488nm Binned,0.0,-1379.3,0.01227929654479008,0.009731959075109488,0.5190725244072525,0.9999999999999918,True,phase_cross_correlation_on_stable_channel,L,20,"{'y_start': 0, 'y_stop': 2868, 'x_start': 1393, 'x_stop': 1488}"
L20,PLD3_TMEM106B_no_mCherry,32,488nm Binned,0.0,-66.6,0.003072503193054651,0.005494335756967542,0.9767782426778243,0.9999999999999926,True,phase_cross_correlation_on_stable_channel,L,20,"{'y_start': 0, 'y_stop': 2868, 'x_start': 1393, 'x_stop': 1488}"
L20,PLD3_TMEM106B_no_mCherry,36,488nm Binned,0.0,1393.0,0.0066091494301829,-0.00041574239811021063,0.5142956764295676,0.9999999999999939,True,phase_cross_correlation_on_stable_channel,L,20,"{'y_start': 0, 'y_stop': 2868, 'x_start': 1393, 'x_stop': 1488}"
L20,PLD3_TMEM106B_no_mCherry,39,488nm Binned,0.0,577.6,0.009131153940607087,-0.004013469400835961,0.79860529986053,0.9999999999999923,True,phase_cross_correlation_on_stable_channel,L,20,"{'y_start': 0, 'y_stop': 2868, 'x_start': 1393, 'x_stop': 1488}"
M09,PLD3_mCherry_reporter_control,8,488nm Binned,0.0,0.0,1.0,1.0,1.0,0.0,True,reference_timepoint,M,09,"{'y_start': 1056, 'y_stop': 2868, 'x_start': 1062, 'x_stop': 1526}"
M09,PLD3_mCherry_reporter_control,12,488nm Binned,0.0,505.8,0.003579848072076422,0.00618256350839218,0.8236401673640167,0.9999999999999883,True,phase_cross_correlation_on_stable_channel,M,09,"{'y_start': 1056, 'y_stop': 2868, 'x_start': 1062, 'x_stop': 1526}"
M09,PLD3_mCherry_reporter_control,16,488nm Binned,0.0,-803.7,0.016235714966343608,0.005612462577684863,0.7197698744769875,0.9999999999999836,True,phase_cross_correlation_on_stable_channel,M,09,"{'y_start': 1056, 'y_stop': 2868, 'x_start': 1062, 'x_stop': 1526}"
M09,PLD3_mCherry_reporter_control,20,488nm Binned,409.0,0.0,0.00804447252322479,0.0014471696969169743,0.8573919107391911,0.9999999999999853,True,phase_cross_correlation_on_stable_channel,M,09,"{'y_start': 1056, 'y_stop': 2868, 'x_start': 1062, 'x_stop': 1526}"
M09,PLD3_mCherry_reporter_control,25,488nm Binned,257.3,0.0,0.008282867004040672,0.0004042675217221885,0.9102859135285913,0.9999999999999736,True,phase_cross_correlation_on_stable_channel,M,09,"{'y_start': 1056, 'y_stop': 2868, 'x_start': 1062, 'x_stop': 1526}"
M09,PLD3_mCherry_reporter_control,29,488nm Binned,0.0,-1341.4,0.0138462504379611,-0.0007192939680066132,0.5322873082287308,0.9999999999999893,True,phase_cross_correlation_on_stable_channel,M,09,"{'y_start': 1056, 'y_stop': 2868, 'x_start': 1062, 'x_stop': 1526}"
M09,PLD3_mCherry_reporter_control,32,488nm Binned,0.0,357.4,0.003940230298230052,-0.00036118985468942176,0.8753835425383543,0.9999999999999911,True,phase_cross_correlation_on_stable_channel,M,09,"{'y_start': 1056, 'y_stop': 2868, 'x_start': 1062, 'x_stop': 1526}"
M09,PLD3_mCherry_reporter_control,36,488nm Binned,1056.0,0.0,0.0076182529611388316,0.0041594779006911145,0.6317991631799164,0.9999999999999699,True,phase_cross_correlation_on_stable_channel,M,09,"{'y_start': 1056, 'y_stop': 2868, 'x_start': 1062, 'x_stop': 1526}"
M09,PLD3_mCherry_reporter_control,39,488nm Binned,0.0,1061.2,0.0018491492018692785,-0.006824562705391443,0.6299860529986052,0.9999999999999905,True,phase_cross_correlation_on_stable_channel,M,09,"{'y_start': 1056, 'y_stop': 2868, 'x_start': 1062, 'x_stop': 1526}"
M07,PLD3_mCherry_reporter_control,8,488nm Binned,0.0,0.0,1.0,1.0,1.0,0.0,True,reference_timepoint,M,07,"{'y_start': 703, 'y_stop': 2758, 'x_start': 1130, 'x_stop': 1820}"
M07,PLD3_mCherry_reporter_control,12,488nm Binned,-109.6,0.0,0.009170522797052957,0.007111459624817787,0.9617852161785216,0.9999999999999862,True,phase_cross_correlation_on_stable_channel,M,07,"{'y_start': 703, 'y_stop': 2758, 'x_start': 1130, 'x_stop': 1820}"
M07,PLD3_mCherry_reporter_control,16,488nm Binned,147.6,0.0,0.01857024094931497,-0.0011278592869433627,0.9485355648535565,0.9999999999999875,True,phase_cross_correlation_on_stable_channel,M,07,"{'y_start': 703, 'y_stop': 2758, 'x_start': 1130, 'x_stop': 1820}"
M07,PLD3_mCherry_reporter_control,20,488nm Binned,702.4,0.0,0.014326611902059633,0.0029533050333947646,0.7550906555090655,0.9999999999999793,True,phase_cross_correlation_on_stable_channel,M,07,"{'y_start': 703, 'y_stop': 2758, 'x_start': 1130, 'x_stop': 1820}"
M07,PLD3_mCherry_reporter_control,25,488nm Binned,43.9,0.0,0.004887589404255898,0.019585943901273193,0.9846931659693166,0.9999999999999739,True,phase_cross_correlation_on_stable_channel,M,07,"{'y_start': 703, 'y_stop': 2758, 'x_start': 1130, 'x_stop': 1820}"
M07,PLD3_mCherry_reporter_control,29,488nm Binned,0.0,-1047.4,0.009908271240733181,0.010200552156278091,0.6347977684797769,0.999999999999954,True,phase_cross_correlation_on_stable_channel,M,07,"{'y_start': 703, 'y_stop': 2758, 'x_start': 1130, 'x_stop': 1820}"
M07,PLD3_mCherry_reporter_control,32,488nm Binned,229.1,0.0,0.007563354463178536,0.0010987752011905492,0.920118549511855,0.999999999999979,True,phase_cross_correlation_on_stable_channel,M,07,"{'y_start': 703, 'y_stop': 2758, 'x_start': 1130, 'x_stop': 1820}"
M07,PLD3_mCherry_reporter_control,36,488nm Binned,0.0,825.4,0.009021528608827259,-0.002008950371138704,0.7122036262203626,0.9999999999999821,True,phase_cross_correlation_on_stable_channel,M,07,"{'y_start': 703, 'y_stop': 2758, 'x_start': 1130, 'x_stop': 1820}"
M07,PLD3_mCherry_reporter_control,39,488nm Binned,0.0,1129.7,-0.004157898103393327,-0.010427142066682694,0.6061018131101813,0.9999999999999897,True,phase_cross_correlation_on_stable_channel,M,07,"{'y_start': 703, 'y_stop': 2758, 'x_start': 1130, 'x_stop': 1820}"
M08,PLD3_mCherry_reporter_control,8,488nm Binned,0.0,0.0,1.0,1.0,1.0,0.0,True,reference_timepoint,M,08,"{'y_start': 1196, 'y_stop': 2525, 'x_start': 0, 'x_stop': 1741}"
M08,PLD3_mCherry_reporter_control,12,488nm Binned,322.6,0.0,0.005437625734222635,-0.002059837913024797,0.8875174337517434,0.9999999999999758,True,phase_cross_correlation_on_stable_channel,M,08,"{'y_start': 1196, 'y_stop': 2525, 'x_start': 0, 'x_stop': 1741}"
M08,PLD3_mCherry_reporter_control,16,488nm Binned,296.0,0.0,0.010652619985187323,-0.0003854152883890571,0.8967921896792189,0.9999999999999671,True,phase_cross_correlation_on_stable_channel,M,08,"{'y_start': 1196, 'y_stop': 2525, 'x_start': 0, 'x_stop': 1741}"
M08,PLD3_mCherry_reporter_control,20,488nm Binned,1181.6,0.0,0.010847564210518,0.0011345950844713329,0.5880055788005579,0.9999999999999659,True,phase_cross_correlation_on_stable_channel,M,08,"{'y_start': 1196, 'y_stop': 2525, 'x_start': 0, 'x_stop': 1741}"
M08,PLD3_mCherry_reporter_control,25,488nm Binned,1195.5,0.0,0.0033747366354529595,-0.010334230474097506,0.5831589958158996,0.9999999999999737,True,phase_cross_correlation_on_stable_channel,M,08,"{'y_start': 1196, 'y_stop': 2525, 'x_start': 0, 'x_stop': 1741}"
M08,PLD3_mCherry_reporter_control,29,488nm Binned,333.8,0.0,0.008587373777336139,0.004010710203281174,0.8836122733612273,0.999999999999966,True,phase_cross_correlation_on_stable_channel,M,08,"{'y_start': 1196, 'y_stop': 2525, 'x_start': 0, 'x_stop': 1741}"
M08,PLD3_mCherry_reporter_control,32,488nm Binned,0.0,-1126.3,-0.005360951609920226,-0.006485507259691373,0.6072873082287309,0.9999999999999876,True,phase_cross_correlation_on_stable_channel,M,08,"{'y_start': 1196, 'y_stop': 2525, 'x_start': 0, 'x_stop': 1741}"
M08,PLD3_mCherry_reporter_control,36,488nm Binned,-342.2,0.0,-0.001844406023559967,-0.0025702768738938044,0.8806834030683404,0.9999999999999862,True,phase_cross_correlation_on_stable_channel,M,08,"{'y_start': 1196, 'y_stop': 2525, 'x_start': 0, 'x_stop': 1741}"
M08,PLD3_mCherry_reporter_control,39,488nm Binned,-46.3,0.0,0.0020820753712258227,-0.0019528404118742185,0.9838563458856345,0.9999999999999728,True,phase_cross_correlation_on_stable_channel,M,08,"{'y_start': 1196, 'y_stop': 2525, 'x_start': 0, 'x_stop': 1741}"
M11,PLD3_mCherry_reporter_control,8,488nm Binned,0.0,0.0,1.0,1.0,1.0,0.0,True,reference_timepoint,M,11,"{'y_start': 674, 'y_stop': 2004, 'x_start': 1007, 'x_stop': 1759}"
M11,PLD3_mCherry_reporter_control,12,488nm Binned,285.6,0.0,0.0074461779035154205,0.003529410255119041,0.900418410041841,0.9999999999999245,True,phase_cross_correlation_on_stable_channel,M,11,"{'y_start': 674, 'y_stop': 2004, 'x_start': 1007, 'x_stop': 1759}"
M11,PLD3_mCherry_reporter_control,16,488nm Binned,-863.4,0.0,0.0028722082676869384,0.001198049110692406,0.6989539748953975,0.999999999999912,True,phase_cross_correlation_on_stable_channel,M,11,"{'y_start': 674, 'y_stop': 2004, 'x_start': 1007, 'x_stop': 1759}"
M11,PLD3_mCherry_reporter_control,20,488nm Binned,312.2,0.0,0.012841759179429743,0.005625780543035143,0.8911436541143655,0.9999999999999551,True,phase_cross_correlation_on_stable_channel,M,11,"{'y_start': 674, 'y_stop': 2004, 'x_start': 1007, 'x_stop': 1759}"
M11,PLD3_mCherry_reporter_control,25,488nm Binned,673.4,1.1,0.006258895554593399,-0.0020281984675647392,0.7649087439139916,0.9999999999999932,True,phase_cross_correlation_on_stable_channel,M,11,"{'y_start': 674, 'y_stop': 2004, 'x_start': 1007, 'x_stop': 1759}"
M11,PLD3_mCherry_reporter_control,29,488nm Binned,0.0,1006.7,0.008276380338664817,0.012176195262487836,0.6489888423988842,0.9999999999999898,True,phase_cross_correlation_on_stable_channel,M,11,"{'y_start': 674, 'y_stop': 2004, 'x_start': 1007, 'x_stop': 1759}"
M11,PLD3_mCherry_reporter_control,32,488nm Binned,0.0,-770.0,0.0072940749522341225,-0.005265057350957443,0.7315202231520224,0.9999999999999905,True,phase_cross_correlation_on_stable_channel,M,11,"{'y_start': 674, 'y_stop': 2004, 'x_start': 1007, 'x_stop': 1759}"
M11,PLD3_mCherry_reporter_control,36,488nm Binned,0.0,-1108.8,0.008078322819047896,-0.01021232687330647,0.6133891213389122,0.9999999999999896,True,phase_cross_correlation_on_stable_channel,M,11,"{'y_start': 674, 'y_stop': 2004, 'x_start': 1007, 'x_stop': 1759}"
M11,PLD3_mCherry_reporter_control,39,488nm Binned,0.0,340.9,0.009238824208808432,0.0059631449221050885,0.881136680613668,0.9999999999999913,True,phase_cross_correlation_on_stable_channel,M,11,"{'y_start': 674, 'y_stop': 2004, 'x_start': 1007, 'x_stop': 1759}"
M12,PLD3_mCherry_reporter_control,8,488nm Binned,0.0,0.0,1.0,1.0,1.0,0.0,True,reference_timepoint,M,12,"{'y_start': 1293, 'y_stop': 2868, 'x_start': 1342, 'x_stop': 2059}"
M12,PLD3_mCherry_reporter_control,12,488nm Binned,0.0,0.0,0.0002444578306554509,0.0002444578306554509,1.0,0.9999999999999919,True,phase_cross_correlation_on_stable_channel,M,12,"{'y_start': 1293, 'y_stop': 2868, 'x_start': 1342, 'x_stop': 2059}"
M12,PLD3_mCherry_reporter_control,16,488nm Binned,1062.4,0.0,0.009378471628793279,0.005637900796314893,0.6295676429567643,0.9999999999999506,True,phase_cross_correlation_on_stable_channel,M,12,"{'y_start': 1293, 'y_stop': 2868, 'x_start': 1342, 'x_stop': 2059}"
M12,PLD3_mCherry_reporter_control,20,488nm Binned,0.0,-808.8,0.006792692249155805,-0.006673332941488582,0.7179916317991631,0.9999999999999879,True,phase_cross_correlation_on_stable_channel,M,12,"{'y_start': 1293, 'y_stop': 2868, 'x_start': 1342, 'x_stop': 2059}"
M12,PLD3_mCherry_reporter_control,25,488nm Binned,0.0,-412.9,0.005163799387034191,0.0019049394981867245,0.8560320781032078,0.9999999999999895,True,phase_cross_correlation_on_stable_channel,M,12,"{'y_start': 1293, 'y_stop': 2868, 'x_start': 1342, 'x_stop': 2059}"
M12,PLD3_mCherry_reporter_control,29,488nm Binned,0.0,1341.7,0.016396602549618975,0.01326871518574739,0.5321827057182705,0.9999999999999852,True,phase_cross_correlation_on_stable_channel,M,12,"{'y_start': 1293, 'y_stop': 2868, 'x_start': 1342, 'x_stop': 2059}"
M12,PLD3_mCherry_reporter_control,32,488nm Binned,0.0,1050.8,0.0041832265421630705,0.0058803922592085365,0.6336122733612274,0.9999999999999888,True,phase_cross_correlation_on_stable_channel,M,12,"{'y_start': 1293, 'y_stop': 2868, 'x_start': 1342, 'x_stop': 2059}"
M12,PLD3_mCherry_reporter_control,36,488nm Binned,1293.0,0.0,-0.0003930673020125774,0.0020196459651800115,0.549163179916318,0.9999999999999732,True,phase_cross_correlation_on_stable_channel,M,12,"{'y_start': 1293, 'y_stop': 2868, 'x_start': 1342, 'x_stop': 2059}"
M12,PLD3_mCherry_reporter_control,39,488nm Binned,0.0,-656.1,0.003159224635531257,0.0010396756941933511,0.771234309623431,0.999999999999992,True,phase_cross_correlation_on_stable_channel,M,12,"{'y_start': 1293, 'y_stop': 2868, 'x_start': 1342, 'x_stop': 2059}"
M13,PLD3_mCherry_reporter_control,8,488nm Binned,0.0,0.0,1.0,1.0,1.0,0.0,True,reference_timepoint,M,13,"{'y_start': 0, 'y_stop': 1540, 'x_start': 1309, 'x_stop': 2267}"
M13,PLD3_mCherry_reporter_control,12,488nm Binned,-1157.6,0.0,-0.003929877029779219,0.022072069871791753,0.596373779637378,0.9999999999999881,True,phase_cross_correlation_on_stable_channel,M,13,"{'y_start': 0, 'y_stop': 1540, 'x_start': 1309, 'x_stop': 2267}"
M13,PLD3_mCherry_reporter_control,16,488nm Binned,-1327.1,0.0,0.016123707264703555,0.01779543973627263,0.5372733612273362,0.9999999999999846,True,phase_cross_correlation_on_stable_channel,M,13,"{'y_start': 0, 'y_stop': 1540, 'x_start': 1309, 'x_stop': 2267}"
M13,PLD3_mCherry_reporter_control,20,488nm Binned,0.0,-388.2,0.0035159602344896697,0.0008113923685286547,0.8646443514644352,0.999999999999984,True,phase_cross_correlation_on_stable_channel,M,13,"{'y_start': 0, 'y_stop': 1540, 'x_start': 1309, 'x_stop': 2267}"
M13,PLD3_mCherry_reporter_control,25,488nm Binned,0.0,1308.2,0.006121109368866625,0.003673352985263809,0.5438633193863319,0.9999999999999856,True,phase_cross_correlation_on_stable_channel,M,13,"{'y_start': 0, 'y_stop': 1540, 'x_start': 1309, 'x_stop': 2267}"
M13,PLD3_mCherry_reporter_control,29,488nm Binned,0.0,-600.6,0.00551956455274644,-0.00382895656889595,0.7905857740585774,0.9999999999999839,True,phase_cross_correlation_on_stable_channel,M,13,"{'y_start': 0, 'y_stop': 1540, 'x_start': 1309, 'x_stop': 2267}"
M13,PLD3_mCherry_reporter_control,32,488nm Binned,0.0,929.4,0.004847120070445347,0.0021855538696394896,0.6759414225941422,0.9999999999999692,True,phase_cross_correlation_on_stable_channel,M,13,"{'y_start': 0, 'y_stop': 1540, 'x_start': 1309, 'x_stop': 2267}"
M13,PLD3_mCherry_reporter_control,36,488nm Binned,0.0,148.2,0.012133227754345444,0.015535449298426676,0.948326359832636,0.9999999999999851,True,phase_cross_correlation_on_stable_channel,M,13,"{'y_start': 0, 'y_stop': 1540, 'x_start': 1309, 'x_stop': 2267}"
M13,PLD3_mCherry_reporter_control,39,488nm Binned,0.0,290.8,0.012576883483763072,-0.0012404123495865997,0.89860529986053,0.999999999999991,True,phase_cross_correlation_on_stable_channel,M,13,"{'y_start': 0, 'y_stop': 1540, 'x_start': 1309, 'x_stop': 2267}"
M10,PLD3_mCherry_reporter_control,8,488nm Binned,0.0,0.0,1.0,1.0,1.0,0.0,True,reference_timepoint,M,10,"{'y_start': 0, 'y_stop': 1982, 'x_start': 1198, 'x_stop': 2471}"
M10,PLD3_mCherry_reporter_control,12,488nm Binned,0.0,379.3,0.007303500127850282,0.0033125918775419524,0.8677475592747559,0.9999999999999922,True,phase_cross_correlation_on_stable_channel,M,10,"{'y_start': 0, 'y_stop': 1982, 'x_start': 1198, 'x_stop': 2471}"
M10,PLD3_mCherry_reporter_control,16,488nm Binned,0.0,191.8,0.010659686985307887,0.0042822007913845455,0.9331241283124128,0.9999999999999831,True,phase_cross_correlation_on_stable_channel,M,10,"{'y_start': 0, 'y_stop': 1982, 'x_start': 1198, 'x_stop': 2471}"
M10,PLD3_mCherry_reporter_control,20,488nm Binned,0.0,1197.9,0.008527360470802903,0.0055192694578945125,0.5823221757322176,0.9999999999999881,True,phase_cross_correlation_on_stable_channel,M,10,"{'y_start': 0, 'y_stop': 1982, 'x_start': 1198, 'x_stop': 2471}"
M10,PLD3_mCherry_reporter_control,25,488nm Binned,0.0,81.9,0.002376260660883489,0.004151356413297084,0.9714435146443514,0.9999999999999815,True,phase_cross_correlation_on_stable_channel,M,10,"{'y_start': 0, 'y_stop': 1982, 'x_start': 1198, 'x_stop': 2471}"
M10,PLD3_mCherry_reporter_control,29,488nm Binned,0.0,-135.9,0.006700628481987531,-0.003428820217854672,0.9526150627615062,0.9999999999999886,True,phase_cross_correlation_on_stable_channel,M,10,"{'y_start': 0, 'y_stop': 1982, 'x_start': 1198, 'x_stop': 2471}"
M10,PLD3_mCherry_reporter_control,32,488nm Binned,0.0,-396.8,0.0015907884170643489,-0.0013417407951076066,0.8616457461645746,0.9999999999999889,True,phase_cross_correlation_on_stable_channel,M,10,"{'y_start': 0, 'y_stop': 1982, 'x_start': 1198, 'x_stop': 2471}"
M10,PLD3_mCherry_reporter_control,36,488nm Binned,0.0,412.3,0.012214173670960787,-0.0020742662496960355,0.8562412831241283,0.9999999999999911,True,phase_cross_correlation_on_stable_channel,M,10,"{'y_start': 0, 'y_stop': 1982, 'x_start': 1198, 'x_stop': 2471}"
M10,PLD3_mCherry_reporter_control,39,488nm Binned,-885.7,0.0,0.0033974059983611546,-0.005429517596290318,0.6911785216178521,0.9999999999999774,True,phase_cross_correlation_on_stable_channel,M,10,"{'y_start': 0, 'y_stop': 1982, 'x_start': 1198, 'x_stop': 2471}"
M06,PLD3_mCherry_reporter_control,8,488nm Binned,0.0,0.0,1.0,1.0,1.0,0.0,True,reference_timepoint,M,06,"{'y_start': 0, 'y_stop': 2868, 'x_start': 945, 'x_stop': 2306}"
M06,PLD3_mCherry_reporter_control,12,488nm Binned,0.0,944.4,0.009059135936168585,-0.00693553377311547,0.6707112970711296,0.999999999999965,True,phase_cross_correlation_on_stable_channel,M,06,"{'y_start': 0, 'y_stop': 2868, 'x_start': 945, 'x_stop': 2306}"
M06,PLD3_mCherry_reporter_control,16,488nm Binned,0.0,-16.8,0.02181306787656979,0.028830299505820424,0.9941422594142258,0.9999999999999645,True,phase_cross_correlation_on_stable_channel,M,06,"{'y_start': 0, 'y_stop': 2868, 'x_start': 945, 'x_stop': 2306}"
M06,PLD3_mCherry_reporter_control,20,488nm Binned,0.0,607.1,0.014870631671928227,0.007891731042174123,0.7883193863319387,0.9999999999999659,True,phase_cross_correlation_on_stable_channel,M,06,"{'y_start': 0, 'y_stop': 2868, 'x_start': 945, 'x_stop': 2306}"
M06,PLD3_mCherry_reporter_control,25,488nm Binned,0.0,-139.3,0.012439451255501123,0.00036919112954874656,0.9514295676429567,0.9999999999999878,True,phase_cross_correlation_on_stable_channel,M,06,"{'y_start': 0, 'y_stop': 2868, 'x_start': 945, 'x_stop': 2306}"
M06,PLD3_mCherry_reporter_control,29,488nm Binned,0.0,-156.1,0.013647778588297238,-4.880842959538457e-05,0.9455718270571827,0.9999999999999856,True,phase_cross_correlation_on_stable_channel,M,06,"{'y_start': 0, 'y_stop': 2868, 'x_start': 945, 'x_stop': 2306}"
M06,PLD3_mCherry_reporter_control,32,488nm Binned,0.0,-562.0,-0.0007390332891214466,0.00046572665092418274,0.8040446304044631,0.9999999999999649,True,phase_cross_correlation_on_stable_channel,M,06,"{'y_start': 0, 'y_stop': 2868, 'x_start': 945, 'x_stop': 2306}"
M06,PLD3_mCherry_reporter_control,36,488nm Binned,0.0,-80.1,0.00551673055938414,0.013388265883890506,0.972071129707113,0.9999999999999811,True,phase_cross_correlation_on_stable_channel,M,06,"{'y_start': 0, 'y_stop': 2868, 'x_start': 945, 'x_stop': 2306}"
M06,PLD3_mCherry_reporter_control,39,488nm Binned,0.0,-310.4,-0.0015280064016716952,0.002799506824940057,0.8917712691771269,0.9999999999999878,True,phase_cross_correlation_on_stable_channel,M,06,"{'y_start': 0, 'y_stop': 2868, 'x_start': 945, 'x_stop': 2306}"
M05,PLD3_mCherry_reporter_control,8,488nm Binned,0.0,0.0,1.0,1.0,1.0,0.0,True,reference_timepoint,M,05,"{'y_start': 0, 'y_stop': 2868, 'x_start': 126, 'x_stop': 1722}"
M05,PLD3_mCherry_reporter_control,12,488nm Binned,0.0,-451.6,0.007587333939499167,-0.00336000462739964,0.8425383542538355,0.9999999999999859,True,phase_cross_correlation_on_stable_channel,M,05,"{'y_start': 0, 'y_stop': 2868, 'x_start': 126, 'x_stop': 1722}"
M05,PLD3_mCherry_reporter_control,16,488nm Binned,0.0,-111.6,0.016779948822746294,0.007316258756556667,0.9610878661087866,0.999999999999993,True,phase_cross_correlation_on_stable_channel,M,05,"{'y_start': 0, 'y_stop': 2868, 'x_start': 126, 'x_stop': 1722}"
M05,PLD3_mCherry_reporter_control,20,488nm Binned,0.0,-42.1,0.020696857404244515,0.08984573821699225,0.9853207810320781,0.9999999999999896,True,phase_cross_correlation_on_stable_channel,M,05,"{'y_start': 0, 'y_stop': 2868, 'x_start': 126, 'x_stop': 1722}"
M05,PLD3_mCherry_reporter_control,25,488nm Binned,0.0,-530.2,0.001559219706420065,0.0073612028173242515,0.8151324965132497,0.9999999999999913,True,phase_cross_correlation_on_stable_channel,M,05,"{'y_start': 0, 'y_stop': 2868, 'x_start': 126, 'x_stop': 1722}"
M05,PLD3_mCherry_reporter_control,29,488nm Binned,0.0,-1146.0,0.003408711333100048,-9.91844607040424e-05,0.600418410041841,0.9999999999999891,True,phase_cross_correlation_on_stable_channel,M,05,"{'y_start': 0, 'y_stop': 2868, 'x_start': 126, 'x_stop': 1722}"
M05,PLD3_mCherry_reporter_control,32,488nm Binned,0.0,125.3,0.005927168579402051,0.011195138364191675,0.9563110181311018,0.9999999999999863,True,phase_cross_correlation_on_stable_channel,M,05,"{'y_start': 0, 'y_stop': 2868, 'x_start': 126, 'x_stop': 1722}"
M05,PLD3_mCherry_reporter_control,36,488nm Binned,0.0,-1132.0,0.013361822787861815,-0.012927525874480617,0.6052998605299861,0.9999999999999942,True,phase_cross_correlation_on_stable_channel,M,05,"{'y_start': 0, 'y_stop': 2868, 'x_start': 126, 'x_stop': 1722}"
M05,PLD3_mCherry_reporter_control,39,488nm Binned,0.0,-279.9,0.0010100017516469241,0.0022753372267789473,0.9024058577405858,0.9999999999999895,True,phase_cross_correlation_on_stable_channel,M,05,"{'y_start': 0, 'y_stop': 2868, 'x_start': 126, 'x_stop': 1722}"
M14,PLD3_mCherry_reporter_control,8,488nm Binned,0.0,0.0,1.0,1.0,1.0,0.0,True,reference_timepoint,M,14,"{'y_start': 0, 'y_stop': 2868, 'x_start': 1348, 'x_stop': 2395}"
M14,PLD3_mCherry_reporter_control,12,488nm Binned,0.0,562.4,0.003925752119819546,0.0071536691576480965,0.8039051603905161,0.9999999999999909,True,phase_cross_correlation_on_stable_channel,M,14,"{'y_start': 0, 'y_stop': 2868, 'x_start': 1348, 'x_stop': 2395}"
M14,PLD3_mCherry_reporter_control,16,488nm Binned,0.0,543.1,0.0014542084205880212,0.007890127810903437,0.8106345885634588,0.9999999999999913,True,phase_cross_correlation_on_stable_channel,M,14,"{'y_start': 0, 'y_stop': 2868, 'x_start': 1348, 'x_stop': 2395}"
M14,PLD3_mCherry_reporter_control,20,488nm Binned,0.0,990.9,0.0022852273367988244,0.012665367102144873,0.6544979079497908,0.9999999999999899,True,phase_cross_correlation_on_stable_channel,M,14,"{'y_start': 0, 'y_stop': 2868, 'x_start': 1348, 'x_stop': 2395}"
M14,PLD3_mCherry_reporter_control,25,488nm Binned,0.0,-472.5,0.007691515585428493,0.00650571005916338,0.8352510460251046,0.9999999999999926,True,phase_cross_correlation_on_stable_channel,M,14,"{'y_start': 0, 'y_stop': 2868, 'x_start': 1348, 'x_stop': 2395}"
M14,PLD3_mCherry_reporter_control,29,488nm Binned,0.0,1232.0,0.008133955659981873,0.011483474656893025,0.5704323570432357,0.9999999999999908,True,phase_cross_correlation_on_stable_channel,M,14,"{'y_start': 0, 'y_stop': 2868, 'x_start': 1348, 'x_stop': 2395}"
M14,PLD3_mCherry_reporter_control,32,488nm Binned,0.0,746.0,-0.002866584954493566,0.011789661831356905,0.7398884239888424,0.9999999999999868,True,phase_cross_correlation_on_stable_channel,M,14,"{'y_start': 0, 'y_stop': 2868, 'x_start': 1348, 'x_stop': 2395}"
M14,PLD3_mCherry_reporter_control,36,488nm Binned,0.0,1348.0,0.002742413004081648,0.008166635715308249,0.5299860529986054,0.9999999999999882,True,phase_cross_correlation_on_stable_channel,M,14,"{'y_start': 0, 'y_stop': 2868, 'x_start': 1348, 'x_stop': 2395}"
M14,PLD3_mCherry_reporter_control,39,488nm Binned,0.0,556.5,0.00195481491192584,-0.004856057257195719,0.8059623430962343,0.9999999999999912,True,phase_cross_correlation_on_stable_channel,M,14,"{'y_start': 0, 'y_stop': 2868, 'x_start': 1348, 'x_stop': 2395}"
M16,PLD3_mCherry_reporter_control,8,488nm Binned,0.0,0.0,1.0,1.0,1.0,0.0,True,reference_timepoint,M,16,"{'y_start': 177, 'y_stop': 2278, 'x_start': 984, 'x_stop': 1479}"
M16,PLD3_mCherry_reporter_control,12,488nm Binned,-146.8,0.0,0.0026697872724983315,0.010003507328269266,0.9488145048814505,0.9999999999999757,True,phase_cross_correlation_on_stable_channel,M,16,"{'y_start': 177, 'y_stop': 2278, 'x_start': 984, 'x_stop': 1479}"
M16,PLD3_mCherry_reporter_control,16,488nm Binned,0.0,924.8,0.00294645845851164,-0.0020258225283836203,0.6775453277545328,0.9999999999999771,True,phase_cross_correlation_on_stable_channel,M,16,"{'y_start': 177, 'y_stop': 2278, 'x_start': 984, 'x_stop': 1479}"
M16,PLD3_mCherry_reporter_control,20,488nm Binned,0.0,-1388.3,0.010985782103070543,0.004851219219442215,0.515934449093445,0.999999999999977,True,phase_cross_correlation_on_stable_channel,M,16,"{'y_start': 177, 'y_stop': 2278, 'x_start': 984, 'x_stop': 1479}"
M16,PLD3_mCherry_reporter_control,25,488nm Binned,-589.5,0.0,0.004514113175125179,0.00941386391938446,0.7944560669456067,0.9999999999999882,True,phase_cross_correlation_on_stable_channel,M,16,"{'y_start': 177, 'y_stop': 2278, 'x_start': 984, 'x_stop': 1479}"
M16,PLD3_mCherry_reporter_control,29,488nm Binned,0.0,983.8,0.0074357496013600895,-0.006509924141690996,0.6569735006973502,0.9999999999999839,True,phase_cross_correlation_on_stable_channel,M,16,"{'y_start': 177, 'y_stop': 2278, 'x_start': 984, 'x_stop': 1479}"
M16,PLD3_mCherry_reporter_control,32,488nm Binned,0.0,595.2,0.00354747318218617,-0.003603407188123057,0.792468619246862,0.9999999999999836,True,phase_cross_correlation_on_stable_channel,M,16,"{'y_start': 177, 'y_stop': 2278, 'x_start': 984, 'x_stop': 1479}"
M16,PLD3_mCherry_reporter_control,36,488nm Binned,176.2,0.0,0.003198598127193437,-0.0004948436170097798,0.938563458856346,0.9999999999999853,True,phase_cross_correlation_on_stable_channel,M,16,"{'y_start': 177, 'y_stop': 2278, 'x_start': 984, 'x_stop': 1479}"
M16,PLD3_mCherry_reporter_control,39,488nm Binned,-150.1,0.0,-0.0014156512112254178,0.00401025139126445,0.9476638772663878,0.9999999999999909,True,phase_cross_correlation_on_stable_channel,M,16,"{'y_start': 177, 'y_stop': 2278, 'x_start': 984, 'x_stop': 1479}"
M15,PLD3_mCherry_reporter_control,8,488nm Binned,0.0,0.0,1.0,1.0,1.0,0.0,True,reference_timepoint,M,15,"{'y_start': 235, 'y_stop': 1865, 'x_start': 0, 'x_stop': 1537}"
M15,PLD3_mCherry_reporter_control,12,488nm Binned,0.0,-1157.1,0.009824235595516399,-0.008821301049582248,0.5965481171548117,0.9999999999999707,True,phase_cross_correlation_on_stable_channel,M,15,"{'y_start': 235, 'y_stop': 1865, 'x_start': 0, 'x_stop': 1537}"
M15,PLD3_mCherry_reporter_control,16,488nm Binned,80.7,0.0,0.0036382914425472485,0.0017545008352329336,0.9718619246861925,0.9999999999999766,True,phase_cross_correlation_on_stable_channel,M,15,"{'y_start': 235, 'y_stop': 1865, 'x_start': 0, 'x_stop': 1537}"
M15,PLD3_mCherry_reporter_control,20,488nm Binned,-766.4,0.0,0.007827065453248933,0.007061703520456142,0.7327754532775453,0.9999999999999709,True,phase_cross_correlation_on_stable_channel,M,15,"{'y_start': 235, 'y_stop': 1865, 'x_start': 0, 'x_stop': 1537}"
M15,PLD3_mCherry_reporter_control,25,488nm Binned,234.3,0.0,0.008282511239459146,-0.0012569268861251824,0.9183054393305439,0.9999999999999585,True,phase_cross_correlation_on_stable_channel,M,15,"{'y_start': 235, 'y_stop': 1865, 'x_start': 0, 'x_stop': 1537}"
M15,PLD3_mCherry_reporter_control,29,488nm Binned,-1003.0,0.0,0.009311404233644273,0.013749372008732922,0.650278940027894,0.9999999999999766,True,phase_cross_correlation_on_stable_channel,M,15,"{'y_start': 235, 'y_stop': 1865, 'x_start': 0, 'x_stop': 1537}"
M15,PLD3_mCherry_reporter_control,32,488nm Binned,-956.2,0.0,0.013405332082168445,0.0034477973308656745,0.6665969316596931,0.999999999999979,True,phase_cross_correlation_on_stable_channel,M,15,"{'y_start': 235, 'y_stop': 1865, 'x_start': 0, 'x_stop': 1537}"
M15,PLD3_mCherry_reporter_control,36,488nm Binned,0.0,-1330.1,-0.0030382584650588003,-0.008398511812333864,0.5362273361227337,0.9999999999999823,True,phase_cross_correlation_on_stable_channel,M,15,"{'y_start': 235, 'y_stop': 1865, 'x_start': 0, 'x_stop': 1537}"
M15,PLD3_mCherry_reporter_control,39,488nm Binned,-521.3,0.0,0.0035449842588113063,0.004254142574207752,0.8182357043235704,0.9999999999999801,True,phase_cross_correlation_on_stable_channel,M,15,"{'y_start': 235, 'y_stop': 1865, 'x_start': 0, 'x_stop': 1537}"
M18,PLD3_mCherry_reporter_control,8,488nm Binned,0.0,0.0,1.0,1.0,1.0,0.0,True,reference_timepoint,M,18,"{'y_start': 1239, 'y_stop': 1869, 'x_start': 0, 'x_stop': 2571}"
M18,PLD3_mCherry_reporter_control,12,488nm Binned,-522.5,0.0,-0.004622594600110682,8.360895547168902e-05,0.8178172942817294,0.9999999999999033,True,phase_cross_correlation_on_stable_channel,M,18,"{'y_start': 1239, 'y_stop': 1869, 'x_start': 0, 'x_stop': 2571}"
M18,PLD3_mCherry_reporter_control,16,488nm Binned,1238.4,0.0,0.004509920492049756,0.0017524744482181778,0.5682008368200837,0.9999999999999636,True,phase_cross_correlation_on_stable_channel,M,18,"{'y_start': 1239, 'y_stop': 1869, 'x_start': 0, 'x_stop': 2571}"
M18,PLD3_mCherry_reporter_control,20,488nm Binned,188.4,0.0,-0.00022883629118085276,0.0010445538503734784,0.9343096234309624,0.999999999999993,True,phase_cross_correlation_on_stable_channel,M,18,"{'y_start': 1239, 'y_stop': 1869, 'x_start': 0, 'x_stop': 2571}"
M18,PLD3_mCherry_reporter_control,25,488nm Binned,-955.2,0.0,0.005306729246883653,0.0028036697722650652,0.6669456066945606,0.9999999999999246,True,phase_cross_correlation_on_stable_channel,M,18,"{'y_start': 1239, 'y_stop': 1869, 'x_start': 0, 'x_stop': 2571}"
M18,PLD3_mCherry_reporter_control,29,488nm Binned,-998.6,0.0,0.01115896193906737,0.0015874602734755247,0.651813110181311,0.9999999999999263,True,phase_cross_correlation_on_stable_channel,M,18,"{'y_start': 1239, 'y_stop': 1869, 'x_start': 0, 'x_stop': 2571}"
M18,PLD3_mCherry_reporter_control,32,488nm Binned,-962.9,0.0,9.041200770734987e-05,0.0008967743833049648,0.6642608089260809,0.9999999999999624,True,phase_cross_correlation_on_stable_channel,M,18,"{'y_start': 1239, 'y_stop': 1869, 'x_start': 0, 'x_stop': 2571}"
M18,PLD3_mCherry_reporter_control,36,488nm Binned,-780.2,0.0,0.010583676352560191,0.003654697533566515,0.7279637377963738,0.9999999999999658,True,phase_cross_correlation_on_stable_channel,M,18,"{'y_start': 1239, 'y_stop': 1869, 'x_start': 0, 'x_stop': 2571}"
M18,PLD3_mCherry_reporter_control,39,488nm Binned,0.0,-296.9,-0.004758067995701798,-0.004906798295271624,0.8964783821478381,0.9999999999999855,True,phase_cross_correlation_on_stable_channel,M,18,"{'y_start': 1239, 'y_stop': 1869, 'x_start': 0, 'x_stop': 2571}"
M20,PLD3_mCherry_reporter_control,8,488nm Binned,0.0,0.0,1.0,1.0,1.0,0.0,True,reference_timepoint,M,20,"{'y_start': 1271, 'y_stop': 1633, 'x_start': 0, 'x_stop': 2624}"
M20,PLD3_mCherry_reporter_control,12,488nm Binned,-979.8,0.0,0.004905908726887171,-0.0076420820903780285,0.6583682008368201,0.9999999999999879,True,phase_cross_correlation_on_stable_channel,M,20,"{'y_start': 1271, 'y_stop': 1633, 'x_start': 0, 'x_stop': 2624}"
M20,PLD3_mCherry_reporter_control,16,488nm Binned,0.0,-243.2,0.004101817835377948,-0.0016821294653417392,0.9152022315202232,0.9999999999999831,True,phase_cross_correlation_on_stable_channel,M,20,"{'y_start': 1271, 'y_stop': 1633, 'x_start': 0, 'x_stop': 2624}"
M20,PLD3_mCherry_reporter_control,20,488nm Binned,1271.0,0.0,-0.003979424728017504,0.01021861757486011,0.5568340306834031,0.9999999999999694,True,phase_cross_correlation_on_stable_channel,M,20,"{'y_start': 1271, 'y_stop': 1633, 'x_start': 0, 'x_stop': 2624}"
M20,PLD3_mCherry_reporter_control,25,488nm Binned,27.3,0.0,-0.0004141379272859979,0.014130645795238863,0.9904811715481171,0.999999999999987,True,phase_cross_correlation_on_stable_channel,M,20,"{'y_start': 1271, 'y_stop': 1633, 'x_start': 0, 'x_stop': 2624}"
M20,PLD3_mCherry_reporter_control,29,488nm Binned,-312.9,0.0,0.02185800739427062,-0.0002768371568771754,0.8908995815899582,0.999999999999971,True,phase_cross_correlation_on_stable_channel,M,20,"{'y_start': 1271, 'y_stop': 1633, 'x_start': 0, 'x_stop': 2624}"
M20,PLD3_mCherry_reporter_control,32,488nm Binned,-352.5,0.0,0.003064131182674014,-0.0005476249484978776,0.877092050209205,0.9999999999999898,True,phase_cross_correlation_on_stable_channel,M,20,"{'y_start': 1271, 'y_stop': 1633, 'x_start': 0, 'x_stop': 2624}"
M20,PLD3_mCherry_reporter_control,36,488nm Binned,-1234.2,0.0,0.0053013883119154386,-0.006192945401150809,0.5696652719665272,0.9999999999999781,True,phase_cross_correlation_on_stable_channel,M,20,"{'y_start': 1271, 'y_stop': 1633, 'x_start': 0, 'x_stop': 2624}"
M20,PLD3_mCherry_reporter_control,39,488nm Binned,-44.1,0.0,-0.00164063446297757,-0.000528214260146427,0.9846234309623432,0.9999999999999832,True,phase_cross_correlation_on_stable_channel,M,20,"{'y_start': 1271, 'y_stop': 1633, 'x_start': 0, 'x_stop': 2624}"
M17,PLD3_mCherry_reporter_control,8,488nm Binned,0.0,0.0,1.0,1.0,1.0,0.0,True,reference_timepoint,M,17,"{'y_start': 685, 'y_stop': 1740, 'x_start': 605, 'x_stop': 2868}"
M17,PLD3_mCherry_reporter_control,12,488nm Binned,-1127.8,0.0,0.004612842413653169,0.014963644877230026,0.6067642956764296,0.9999999999999809,True,phase_cross_correlation_on_stable_channel,M,17,"{'y_start': 685, 'y_stop': 1740, 'x_start': 605, 'x_stop': 2868}"
M17,PLD3_mCherry_reporter_control,16,488nm Binned,0.0,604.1,0.008266783288736599,0.00025010691718761556,0.7893654114365412,0.999999999999964,True,phase_cross_correlation_on_stable_channel,M,17,"{'y_start': 685, 'y_stop': 1740, 'x_start': 605, 'x_stop': 2868}"
M17,PLD3_mCherry_reporter_control,20,488nm Binned,0.0,0.0,0.0015900638549164433,0.0015900638549164433,1.0,0.9999999999999295,True,phase_cross_correlation_on_stable_channel,M,17,"{'y_start': 685, 'y_stop': 1740, 'x_start': 605, 'x_stop': 2868}"
M17,PLD3_mCherry_reporter_control,25,488nm Binned,-584.2,0.0,0.006113998110884723,0.007937095827644323,0.7963040446304045,0.9999999999999809,True,phase_cross_correlation_on_stable_channel,M,17,"{'y_start': 685, 'y_stop': 1740, 'x_start': 605, 'x_stop': 2868}"
M17,PLD3_mCherry_reporter_control,29,488nm Binned,0.0,0.0,0.00900425950850166,0.00900425950850166,1.0,0.9999999999999072,True,phase_cross_correlation_on_stable_channel,M,17,"{'y_start': 685, 'y_stop': 1740, 'x_start': 605, 'x_stop': 2868}"
M17,PLD3_mCherry_reporter_control,32,488nm Binned,684.1,0.0,0.004178440990159548,-0.004518647253480003,0.7614714086471409,0.9999999999999356,True,phase_cross_correlation_on_stable_channel,M,17,"{'y_start': 685, 'y_stop': 1740, 'x_start': 605, 'x_stop': 2868}"
M17,PLD3_mCherry_reporter_control,36,488nm Binned,-417.1,0.0,0.0012053140381552186,0.008132304640437833,0.8545676429567644,0.9999999999999714,True,phase_cross_correlation_on_stable_channel,M,17,"{'y_start': 685, 'y_stop': 1740, 'x_start': 605, 'x_stop': 2868}"
M17,PLD3_mCherry_reporter_control,39,488nm Binned,-126.0,0.0,-0.002934638778417031,0.0019700640605087444,0.9560669456066946,0.9999999999999888,True,phase_cross_correlation_on_stable_channel,M,17,"{'y_start': 685, 'y_stop': 1740, 'x_start': 605, 'x_stop': 2868}"
N05,PLD3_TMEM106B_mCherry_primary,8,488nm Binned,0.0,0.0,1.0,1.0,1.0,0.0,True,reference_timepoint,N,05,"{'y_start': 908, 'y_stop': 1900, 'x_start': 1288, 'x_stop': 2645}"
N05,PLD3_TMEM106B_mCherry_primary,12,488nm Binned,907.7,0.0,0.012634313913525923,0.0016455040472967042,0.683507670850767,0.9999999999999746,True,phase_cross_correlation_on_stable_channel,N,05,"{'y_start': 908, 'y_stop': 1900, 'x_start': 1288, 'x_stop': 2645}"
N05,PLD3_TMEM106B_mCherry_primary,16,488nm Binned,0.0,-222.1,0.022248580665366027,0.003939075470375928,0.9225592747559275,0.9999999999999698,True,phase_cross_correlation_on_stable_channel,N,05,"{'y_start': 908, 'y_stop': 1900, 'x_start': 1288, 'x_stop': 2645}"
N05,PLD3_TMEM106B_mCherry_primary,20,488nm Binned,-487.1,0.0,0.04683988067871938,0.004128627203809688,0.8301603905160391,0.9999999999999822,True,phase_cross_correlation_on_stable_channel,N,05,"{'y_start': 908, 'y_stop': 1900, 'x_start': 1288, 'x_stop': 2645}"
N05,PLD3_TMEM106B_mCherry_primary,25,488nm Binned,-951.8,0.0,0.014397056275954731,-0.009484525233981562,0.6681311018131102,0.9999999999999809,True,phase_cross_correlation_on_stable_channel,N,05,"{'y_start': 908, 'y_stop': 1900, 'x_start': 1288, 'x_stop': 2645}"
N05,PLD3_TMEM106B_mCherry_primary,29,488nm Binned,0.0,1287.2,0.010934915131737966,0.001962370149033839,0.5511854951185494,0.9999999999999838,True,phase_cross_correlation_on_stable_channel,N,05,"{'y_start': 908, 'y_stop': 1900, 'x_start': 1288, 'x_stop': 2645}"
N05,PLD3_TMEM106B_mCherry_primary,32,488nm Binned,-795.4,0.0,-0.0048617191739544425,-0.003656044016166781,0.7226638772663877,0.9999999999999865,True,phase_cross_correlation_on_stable_channel,N,05,"{'y_start': 908, 'y_stop': 1900, 'x_start': 1288, 'x_stop': 2645}"
N05,PLD3_TMEM106B_mCherry_primary,36,488nm Binned,-968.0,0.0,0.012262457767429659,0.0008900896981531355,0.6624825662482566,0.9999999999999822,True,phase_cross_correlation_on_stable_channel,N,05,"{'y_start': 908, 'y_stop': 1900, 'x_start': 1288, 'x_stop': 2645}"
N05,PLD3_TMEM106B_mCherry_primary,39,488nm Binned,176.4,0.0,0.0019022010639373997,0.00575525635616318,0.9384937238493724,0.9999999999999899,True,phase_cross_correlation_on_stable_channel,N,05,"{'y_start': 908, 'y_stop': 1900, 'x_start': 1288, 'x_stop': 2645}"
N07,PLD3_TMEM106B_mCherry_primary,8,488nm Binned,0.0,0.0,1.0,1.0,1.0,0.0,True,reference_timepoint,N,07,"{'y_start': 99, 'y_stop': 1473, 'x_start': 217, 'x_stop': 1672}"
N07,PLD3_TMEM106B_mCherry_primary,12,488nm Binned,-1394.4,0.0,0.008580170559149152,-0.004692230916943261,0.5138075313807531,0.999999999999968,True,phase_cross_correlation_on_stable_channel,N,07,"{'y_start': 99, 'y_stop': 1473, 'x_start': 217, 'x_stop': 1672}"
N07,PLD3_TMEM106B_mCherry_primary,16,488nm Binned,0.0,216.2,0.01353192291099037,-0.0051248978026030645,0.9246164574616458,0.9999999999999848,True,phase_cross_correlation_on_stable_channel,N,07,"{'y_start': 99, 'y_stop': 1473, 'x_start': 217, 'x_stop': 1672}"
N07,PLD3_TMEM106B_mCherry_primary,20,488nm Binned,0.0,-563.9,0.009598190377368455,-0.005516027662878498,0.8033821478382147,0.9999999999999829,True,phase_cross_correlation_on_stable_channel,N,07,"{'y_start': 99, 'y_stop': 1473, 'x_start': 217, 'x_stop': 1672}"
N07,PLD3_TMEM106B_mCherry_primary,25,488nm Binned,0.0,-427.4,0.0021611771778789405,0.001925603456093272,0.850976290097629,0.9999999999999812,True,phase_cross_correlation_on_stable_channel,N,07,"{'y_start': 99, 'y_stop': 1473, 'x_start': 217, 'x_stop': 1672}"
N07,PLD3_TMEM106B_mCherry_primary,29,488nm Binned,98.1,0.0,0.005996749090914393,0.021306569711009426,0.965794979079498,0.9999999999999604,True,phase_cross_correlation_on_stable_channel,N,07,"{'y_start': 99, 'y_stop': 1473, 'x_start': 217, 'x_stop': 1672}"
N07,PLD3_TMEM106B_mCherry_primary,32,488nm Binned,-137.8,0.0,-0.005862774469333837,0.0005356680543402559,0.951952580195258,0.9999999999999792,True,phase_cross_correlation_on_stable_channel,N,07,"{'y_start': 99, 'y_stop': 1473, 'x_start': 217, 'x_stop': 1672}"
N07,PLD3_TMEM106B_mCherry_primary,36,488nm Binned,0.0,-1195.2,0.0028391860971353293,-0.0006629804728185429,0.5832635983263598,0.9999999999999928,True,phase_cross_correlation_on_stable_channel,N,07,"{'y_start': 99, 'y_stop': 1473, 'x_start': 217, 'x_stop': 1672}"
N07,PLD3_TMEM106B_mCherry_primary,39,488nm Binned,0.0,-532.9,0.005406647524303462,-0.0005854796538661665,0.8141910739191074,0.9999999999999881,True,phase_cross_correlation_on_stable_channel,N,07,"{'y_start': 99, 'y_stop': 1473, 'x_start': 217, 'x_stop': 1672}"
M19,PLD3_mCherry_reporter_control,8,488nm Binned,0.0,0.0,1.0,1.0,1.0,0.0,True,reference_timepoint,M,19,"{'y_start': 758, 'y_stop': 2410, 'x_start': 50, 'x_stop': 2336}"
M19,PLD3_mCherry_reporter_control,12,488nm Binned,-457.8,0.0,-0.004912834286264631,0.010073844665780195,0.8403765690376569,0.9999999999999832,True,phase_cross_correlation_on_stable_channel,M,19,"{'y_start': 758, 'y_stop': 2410, 'x_start': 50, 'x_stop': 2336}"
M19,PLD3_mCherry_reporter_control,16,488nm Binned,0.0,50.0,0.007845572745797438,0.0029239272736901528,0.9825662482566249,0.9999999999999833,True,phase_cross_correlation_on_stable_channel,M,19,"{'y_start': 758, 'y_stop': 2410, 'x_start': 50, 'x_stop': 2336}"
M19,PLD3_mCherry_reporter_control,20,488nm Binned,-288.8,0.0,0.0006361629561691521,0.007223802222281725,0.899302649930265,0.9999999999999757,True,phase_cross_correlation_on_stable_channel,M,19,"{'y_start': 758, 'y_stop': 2410, 'x_start': 50, 'x_stop': 2336}"
M19,PLD3_mCherry_reporter_control,25,488nm Binned,0.0,-248.3,-0.0003432973370832752,0.01001313983137922,0.9134239888423988,0.9999999999999857,True,phase_cross_correlation_on_stable_channel,M,19,"{'y_start': 758, 'y_stop': 2410, 'x_start': 50, 'x_stop': 2336}"
M19,PLD3_mCherry_reporter_control,29,488nm Binned,0.0,-531.8,0.01336911300807321,-0.001188255812532221,0.8145746164574617,0.9999999999999623,True,phase_cross_correlation_on_stable_channel,M,19,"{'y_start': 758, 'y_stop': 2410, 'x_start': 50, 'x_stop': 2336}"
M19,PLD3_mCherry_reporter_control,32,488nm Binned,334.3,0.0,0.011670460740353512,0.007289754526519185,0.8834379358437935,0.999999999999985,True,phase_cross_correlation_on_stable_channel,M,19,"{'y_start': 758, 'y_stop': 2410, 'x_start': 50, 'x_stop': 2336}"
M19,PLD3_mCherry_reporter_control,36,488nm Binned,-174.2,0.0,0.0027740699924450538,0.0113087940045826,0.939260808926081,0.9999999999999737,True,phase_cross_correlation_on_stable_channel,M,19,"{'y_start': 758, 'y_stop': 2410, 'x_start': 50, 'x_stop': 2336}"
M19,PLD3_mCherry_reporter_control,39,488nm Binned,757.2,0.0,7.814487831444249e-05,-0.004687637345400145,0.7359832635983264,0.9999999999999827,True,phase_cross_correlation_on_stable_channel,M,19,"{'y_start': 758, 'y_stop': 2410, 'x_start': 50, 'x_stop': 2336}"
N10,PLD3_TMEM106B_mCherry_primary,8,488nm Binned,0.0,0.0,1.0,1.0,1.0,0.0,True,reference_timepoint,N,10,"{'y_start': 1344, 'y_stop': 2329, 'x_start': 1252, 'x_stop': 1572}"
N10,PLD3_TMEM106B_mCherry_primary,12,488nm Binned,0.0,-483.9,0.00116849516761365,-0.0013620951903375682,0.8312761506276151,0.999999999999987,True,phase_cross_correlation_on_stable_channel,N,10,"{'y_start': 1344, 'y_stop': 2329, 'x_start': 1252, 'x_stop': 1572}"
N10,PLD3_TMEM106B_mCherry_primary,16,488nm Binned,-538.1,0.0,0.007618079152464183,-0.000887569073385037,0.8123779637377964,0.9999999999999848,True,phase_cross_correlation_on_stable_channel,N,10,"{'y_start': 1344, 'y_stop': 2329, 'x_start': 1252, 'x_stop': 1572}"
N10,PLD3_TMEM106B_mCherry_primary,20,488nm Binned,0.0,1103.6,0.0054025811658490715,-0.0070935598470811085,0.6152022315202231,0.9999999999999847,True,phase_cross_correlation_on_stable_channel,N,10,"{'y_start': 1344, 'y_stop': 2329, 'x_start': 1252, 'x_stop': 1572}"
N10,PLD3_TMEM106B_mCherry_primary,25,488nm Binned,0.0,1235.4,0.008001927355304417,0.0010710632502520493,0.5692468619246862,0.9999999999999923,True,phase_cross_correlation_on_stable_channel,N,10,"{'y_start': 1344, 'y_stop': 2329, 'x_start': 1252, 'x_stop': 1572}"
N10,PLD3_TMEM106B_mCherry_primary,29,488nm Binned,1343.3,0.0,0.01809281925483795,-0.0016076276685832163,0.5316248256624826,0.9999999999999908,True,phase_cross_correlation_on_stable_channel,N,10,"{'y_start': 1344, 'y_stop': 2329, 'x_start': 1252, 'x_stop': 1572}"
N10,PLD3_TMEM106B_mCherry_primary,32,488nm Binned,177.7,0.0,-2.0420783939960864e-05,-0.013482573246045815,0.9380404463040447,0.999999999999986,True,phase_cross_correlation_on_stable_channel,N,10,"{'y_start': 1344, 'y_stop': 2329, 'x_start': 1252, 'x_stop': 1572}"
N10,PLD3_TMEM106B_mCherry_primary,36,488nm Binned,0.0,1251.1,-0.0036438957271554833,0.0010047546770181378,0.5637726638772664,0.9999999999999896,True,phase_cross_correlation_on_stable_channel,N,10,"{'y_start': 1344, 'y_stop': 2329, 'x_start': 1252, 'x_stop': 1572}"
N10,PLD3_TMEM106B_mCherry_primary,39,488nm Binned,0.0,-1295.4,-0.004578185873497615,-0.0018080619107163466,0.548326359832636,0.9999999999999906,True,phase_cross_correlation_on_stable_channel,N,10,"{'y_start': 1344, 'y_stop': 2329, 'x_start': 1252, 'x_stop': 1572}"
N08,PLD3_TMEM106B_mCherry_primary,8,488nm Binned,0.0,0.0,1.0,1.0,1.0,0.0,True,reference_timepoint,N,08,"{'y_start': 392, 'y_stop': 2108, 'x_start': 0, 'x_stop': 1957}"
N08,PLD3_TMEM106B_mCherry_primary,12,488nm Binned,0.0,-910.7,0.0066208960257565,0.0053712236446353985,0.6824616457461645,0.9999999999999877,True,phase_cross_correlation_on_stable_channel,N,08,"{'y_start': 392, 'y_stop': 2108, 'x_start': 0, 'x_stop': 1957}"
N08,PLD3_TMEM106B_mCherry_primary,16,488nm Binned,161.0,0.0,0.005153420117199172,-0.0017182205100274546,0.943863319386332,0.9999999999999877,True,phase_cross_correlation_on_stable_channel,N,08,"{'y_start': 392, 'y_stop': 2108, 'x_start': 0, 'x_stop': 1957}"
N08,PLD3_TMEM106B_mCherry_primary,20,488nm Binned,-759.4,0.0,0.01465705838094083,-0.0014871718713665091,0.7352161785216178,0.9999999999999692,True,phase_cross_correlation_on_stable_channel,N,08,"{'y_start': 392, 'y_stop': 2108, 'x_start': 0, 'x_stop': 1957}"
N08,PLD3_TMEM106B_mCherry_primary,25,488nm Binned,279.5,0.0,0.002478609234913184,0.003918006391544078,0.9025453277545328,0.9999999999999845,True,phase_cross_correlation_on_stable_channel,N,08,"{'y_start': 392, 'y_stop': 2108, 'x_start': 0, 'x_stop': 1957}"
N08,PLD3_TMEM106B_mCherry_primary,29,488nm Binned,-286.4,0.0,0.008498325161541649,0.0011201662833217794,0.900139470013947,0.999999999999984,True,phase_cross_correlation_on_stable_channel,N,08,"{'y_start': 392, 'y_stop': 2108, 'x_start': 0, 'x_stop': 1957}"
N08,PLD3_TMEM106B_mCherry_primary,32,488nm Binned,391.3,0.0,0.001990780975040468,0.003409358682046512,0.8635634588563459,0.9999999999999737,True,phase_cross_correlation_on_stable_channel,N,08,"{'y_start': 392, 'y_stop': 2108, 'x_start': 0, 'x_stop': 1957}"
N08,PLD3_TMEM106B_mCherry_primary,36,488nm Binned,0.0,-52.7,0.009957015352491761,0.008788097473843652,0.9816248256624827,0.999999999999973,True,phase_cross_correlation_on_stable_channel,N,08,"{'y_start': 392, 'y_stop': 2108, 'x_start': 0, 'x_stop': 1957}"
N08,PLD3_TMEM106B_mCherry_primary,39,488nm Binned,54.3,0.0,0.0022274986940916683,0.0034682562441321545,0.9810669456066945,0.999999999999986,True,phase_cross_correlation_on_stable_channel,N,08,"{'y_start': 392, 'y_stop': 2108, 'x_start': 0, 'x_stop': 1957}"
N09,PLD3_TMEM106B_mCherry_primary,8,488nm Binned,0.0,0.0,1.0,1.0,1.0,0.0,True,reference_timepoint,N,09,"{'y_start': 829, 'y_stop': 2452, 'x_start': 736, 'x_stop': 2491}"
N09,PLD3_TMEM106B_mCherry_primary,12,488nm Binned,0.0,659.5,0.00299177141942588,0.008296895912863946,0.7700488145048815,0.9999999999999748,True,phase_cross_correlation_on_stable_channel,N,09,"{'y_start': 829, 'y_stop': 2452, 'x_start': 736, 'x_stop': 2491}"
N09,PLD3_TMEM106B_mCherry_primary,16,488nm Binned,-415.5,0.0,0.01611428595903376,0.0018111887820889887,0.8551255230125523,0.9999999999999656,True,phase_cross_correlation_on_stable_channel,N,09,"{'y_start': 829, 'y_stop': 2452, 'x_start': 736, 'x_stop': 2491}"
N09,PLD3_TMEM106B_mCherry_primary,20,488nm Binned,829.0,0.0,0.00414609962405613,0.00037985279866432084,0.7109483960948396,0.9999999999999696,True,phase_cross_correlation_on_stable_channel,N,09,"{'y_start': 829, 'y_stop': 2452, 'x_start': 736, 'x_stop': 2491}"
N09,PLD3_TMEM106B_mCherry_primary,25,488nm Binned,0.0,735.8,0.007830969894173753,0.005356281720564579,0.7434449093444909,0.9999999999999859,True,phase_cross_correlation_on_stable_channel,N,09,"{'y_start': 829, 'y_stop': 2452, 'x_start': 736, 'x_stop': 2491}"
N09,PLD3_TMEM106B_mCherry_primary,29,488nm Binned,0.0,158.0,0.012373146495075446,-0.008949589034359898,0.9449093444909344,0.9999999999999806,True,phase_cross_correlation_on_stable_channel,N,09,"{'y_start': 829, 'y_stop': 2452, 'x_start': 736, 'x_stop': 2491}"
N09,PLD3_TMEM106B_mCherry_primary,32,488nm Binned,362.5,0.0,-0.0015467300321494015,0.010520655506650038,0.87360529986053,0.9999999999999559,True,phase_cross_correlation_on_stable_channel,N,09,"{'y_start': 829, 'y_stop': 2452, 'x_start': 736, 'x_stop': 2491}"
N09,PLD3_TMEM106B_mCherry_primary,36,488nm Binned,0.0,-376.5,-0.001663446955539965,-0.0024875352393923336,0.8687238493723849,0.9999999999999902,True,phase_cross_correlation_on_stable_channel,N,09,"{'y_start': 829, 'y_stop': 2452, 'x_start': 736, 'x_stop': 2491}"
N09,PLD3_TMEM106B_mCherry_primary,39,488nm Binned,593.3,0.0,-0.003986735616229771,-0.006735241735814618,0.7931311018131101,0.9999999999999839,True,phase_cross_correlation_on_stable_channel,N,09,"{'y_start': 829, 'y_stop': 2452, 'x_start': 736, 'x_stop': 2491}"
N11,PLD3_TMEM106B_mCherry_primary,8,488nm Binned,0.0,0.0,1.0,1.0,1.0,0.0,True,reference_timepoint,N,11,"{'y_start': 1431, 'y_stop': 2264, 'x_start': 717, 'x_stop': 2868}"
N11,PLD3_TMEM106B_mCherry_primary,12,488nm Binned,-604.0,0.0,0.0009997642276979369,0.0006941341880478989,0.7894002789400278,0.9999999999999891,True,phase_cross_correlation_on_stable_channel,N,11,"{'y_start': 1431, 'y_stop': 2264, 'x_start': 717, 'x_stop': 2868}"
N11,PLD3_TMEM106B_mCherry_primary,16,488nm Binned,23.5,0.0,0.007736391838061817,0.0027775995126546557,0.9918061366806137,0.9999999999999453,True,phase_cross_correlation_on_stable_channel,N,11,"{'y_start': 1431, 'y_stop': 2264, 'x_start': 717, 'x_stop': 2868}"
N11,PLD3_TMEM106B_mCherry_primary,20,488nm Binned,946.7,0.0,0.005399263256147114,0.002407184476916009,0.6699093444909344,0.9999999999999741,True,phase_cross_correlation_on_stable_channel,N,11,"{'y_start': 1431, 'y_stop': 2264, 'x_start': 717, 'x_stop': 2868}"
N11,PLD3_TMEM106B_mCherry_primary,25,488nm Binned,1065.6,0.0,0.0011739452977977442,0.0049734788319628605,0.6284518828451883,0.9999999999999866,True,phase_cross_correlation_on_stable_channel,N,11,"{'y_start': 1431, 'y_stop': 2264, 'x_start': 717, 'x_stop': 2868}"
N11,PLD3_TMEM106B_mCherry_primary,29,488nm Binned,0.0,716.2,0.017556421961630844,-0.0014781826808904395,0.7502789400278941,0.9999999999999879,True,phase_cross_correlation_on_stable_channel,N,11,"{'y_start': 1431, 'y_stop': 2264, 'x_start': 717, 'x_stop': 2868}"
N11,PLD3_TMEM106B_mCherry_primary,32,488nm Binned,1430.9,0.0,-0.0004135190015690351,0.0008303795376868802,0.5010808926080892,0.9999999999999879,True,phase_cross_correlation_on_stable_channel,N,11,"{'y_start': 1431, 'y_stop': 2264, 'x_start': 717, 'x_stop': 2868}"
N11,PLD3_TMEM106B_mCherry_primary,36,488nm Binned,-47.5,0.0,-0.007685508982109431,0.002455885519039232,0.9834379358437936,0.999999999999989,True,phase_cross_correlation_on_stable_channel,N,11,"{'y_start': 1431, 'y_stop': 2264, 'x_start': 717, 'x_stop': 2868}"
N11,PLD3_TMEM106B_mCherry_primary,39,488nm Binned,826.1,0.0,-0.0053864533587248175,0.0017427929509154592,0.7119595536959554,0.9999999999999793,True,phase_cross_correlation_on_stable_channel,N,11,"{'y_start': 1431, 'y_stop': 2264, 'x_start': 717, 'x_stop': 2868}"
N14,PLD3_TMEM106B_mCherry_primary,8,488nm Binned,0.0,0.0,1.0,1.0,1.0,0.0,True,reference_timepoint,N,14,"{'y_start': 0, 'y_stop': 2868, 'x_start': 856, 'x_stop': 1547}"
N14,PLD3_TMEM106B_mCherry_primary,12,488nm Binned,0.0,216.2,0.0079550822819999,-0.001170604849497187,0.9246164574616458,0.9999999999999772,True,phase_cross_correlation_on_stable_channel,N,14,"{'y_start': 0, 'y_stop': 2868, 'x_start': 856, 'x_stop': 1547}"
N14,PLD3_TMEM106B_mCherry_primary,16,488nm Binned,0.0,-652.1,0.00385903495431637,0.007243220237109356,0.772629009762901,0.9999999999999887,True,phase_cross_correlation_on_stable_channel,N,14,"{'y_start': 0, 'y_stop': 2868, 'x_start': 856, 'x_stop': 1547}"
N14,PLD3_TMEM106B_mCherry_primary,20,488nm Binned,0.0,-1303.7,-0.0006789959514459724,0.01038206150098007,0.5454323570432357,0.9999999999999842,True,phase_cross_correlation_on_stable_channel,N,14,"{'y_start': 0, 'y_stop': 2868, 'x_start': 856, 'x_stop': 1547}"
N14,PLD3_TMEM106B_mCherry_primary,25,488nm Binned,0.0,350.0,0.0062563954308787004,0.0034066434313197655,0.8779637377963738,0.9999999999999927,True,phase_cross_correlation_on_stable_channel,N,14,"{'y_start': 0, 'y_stop': 2868, 'x_start': 856, 'x_stop': 1547}"
N14,PLD3_TMEM106B_mCherry_primary,29,488nm Binned,0.0,44.4,0.017904694176043654,0.0004534146588240395,0.9845188284518829,0.9999999999999749,True,phase_cross_correlation_on_stable_channel,N,14,"{'y_start': 0, 'y_stop': 2868, 'x_start': 856, 'x_stop': 1547}"
N14,PLD3_TMEM106B_mCherry_primary,32,488nm Binned,0.0,856.0,0.003698678966317363,0.000100373076317972,0.701534170153417,0.9999999999999754,True,phase_cross_correlation_on_stable_channel,N,14,"{'y_start': 0, 'y_stop': 2868, 'x_start': 856, 'x_stop': 1547}"
N14,PLD3_TMEM106B_mCherry_primary,36,488nm Binned,0.0,-549.5,-1.6187240617585335e-05,0.0015933473832598628,0.8084030683403068,0.9999999999999866,True,phase_cross_correlation_on_stable_channel,N,14,"{'y_start': 0, 'y_stop': 2868, 'x_start': 856, 'x_stop': 1547}"
N14,PLD3_TMEM106B_mCherry_primary,39,488nm Binned,0.0,-1320.8,0.0005508459175279203,0.0025331977265473085,0.5394700139470014,0.9999999999999837,True,phase_cross_correlation_on_stable_channel,N,14,"{'y_start': 0, 'y_stop': 2868, 'x_start': 856, 'x_stop': 1547}"
N06,PLD3_TMEM106B_mCherry_primary,8,488nm Binned,0.0,0.0,1.0,1.0,1.0,0.0,True,reference_timepoint,N,06,"{'y_start': 0, 'y_stop': 2868, 'x_start': 0, 'x_stop': 1909}"
N06,PLD3_TMEM106B_mCherry_primary,12,488nm Binned,0.0,-876.7,0.007636943692272225,-0.0032362796221682964,0.6943165969316596,0.9999999999999554,True,phase_cross_correlation_on_stable_channel,N,06,"{'y_start': 0, 'y_stop': 2868, 'x_start': 0, 'x_stop': 1909}"
N06,PLD3_TMEM106B_mCherry_primary,16,488nm Binned,0.0,-751.0,0.01691978974098262,-0.0031226575391150894,0.7381450488145049,0.9999999999999767,True,phase_cross_correlation_on_stable_channel,N,06,"{'y_start': 0, 'y_stop': 2868, 'x_start': 0, 'x_stop': 1909}"
N06,PLD3_TMEM106B_mCherry_primary,20,488nm Binned,0.0,-814.2,0.020860292903517343,-0.0006736336328951014,0.7161087866108787,0.9999999999999862,True,phase_cross_correlation_on_stable_channel,N,06,"{'y_start': 0, 'y_stop': 2868, 'x_start': 0, 'x_stop': 1909}"
N06,PLD3_TMEM106B_mCherry_primary,25,488nm Binned,0.0,-582.4,0.005420252765369514,0.003021327474185325,0.7969316596931659,0.9999999999999688,True,phase_cross_correlation_on_stable_channel,N,06,"{'y_start': 0, 'y_stop': 2868, 'x_start': 0, 'x_stop': 1909}"
N06,PLD3_TMEM106B_mCherry_primary,29,488nm Binned,0.0,-307.0,0.009694268449760504,0.0018019537932910312,0.8929567642956764,0.9999999999999567,True,phase_cross_correlation_on_stable_channel,N,06,"{'y_start': 0, 'y_stop': 2868, 'x_start': 0, 'x_stop': 1909}"
N06,PLD3_TMEM106B_mCherry_primary,32,488nm Binned,0.0,-509.7,0.0018612386827298521,0.0005996811289953467,0.8222803347280335,0.9999999999999777,True,phase_cross_correlation_on_stable_channel,N,06,"{'y_start': 0, 'y_stop': 2868, 'x_start': 0, 'x_stop': 1909}"
N06,PLD3_TMEM106B_mCherry_primary,36,488nm Binned,0.0,-241.3,0.009602832279144288,-0.00040466004107788685,0.9158647140864714,0.9999999999999839,True,phase_cross_correlation_on_stable_channel,N,06,"{'y_start': 0, 'y_stop': 2868, 'x_start': 0, 'x_stop': 1909}"
N06,PLD3_TMEM106B_mCherry_primary,39,488nm Binned,0.0,-958.7,0.0018325461628696793,0.003230784260963364,0.6657252440725243,0.9999999999999852,True,phase_cross_correlation_on_stable_channel,N,06,"{'y_start': 0, 'y_stop': 2868, 'x_start': 0, 'x_stop': 1909}"
N15,PLD3_TMEM106B_mCherry_primary,8,488nm Binned,0.0,0.0,1.0,1.0,1.0,0.0,True,reference_timepoint,N,15,"{'y_start': 0, 'y_stop': 2866, 'x_start': 1019, 'x_stop': 1522}"
N15,PLD3_TMEM106B_mCherry_primary,12,488nm Binned,0.0,-764.3,0.001187903653908115,0.0001524432096960345,0.7335076708507671,0.9999999999999832,True,phase_cross_correlation_on_stable_channel,N,15,"{'y_start': 0, 'y_stop': 2866, 'x_start': 1019, 'x_stop': 1522}"
N15,PLD3_TMEM106B_mCherry_primary,16,488nm Binned,-1.1,0.0,0.006736219376644835,0.006354755756338197,0.9996164574616457,0.9999999999999837,True,phase_cross_correlation_on_stable_channel,N,15,"{'y_start': 0, 'y_stop': 2866, 'x_start': 1019, 'x_stop': 1522}"
N15,PLD3_TMEM106B_mCherry_primary,20,488nm Binned,0.0,161.7,-0.00031174530167738077,0.0018193578869186635,0.9436192468619248,0.9999999999999886,True,phase_cross_correlation_on_stable_channel,N,15,"{'y_start': 0, 'y_stop': 2866, 'x_start': 1019, 'x_stop': 1522}"
N15,PLD3_TMEM106B_mCherry_primary,25,488nm Binned,0.0,-522.0,0.00229863440502611,-0.0034377693637720422,0.8179916317991632,0.9999999999999891,True,phase_cross_correlation_on_stable_channel,N,15,"{'y_start': 0, 'y_stop': 2866, 'x_start': 1019, 'x_stop': 1522}"
N15,PLD3_TMEM106B_mCherry_primary,29,488nm Binned,0.0,0.1,0.00742530319465565,0.00744434797853902,0.9999651324965133,0.9999999999999826,True,phase_cross_correlation_on_stable_channel,N,15,"{'y_start': 0, 'y_stop': 2866, 'x_start': 1019, 'x_stop': 1522}"
N15,PLD3_TMEM106B_mCherry_primary,32,488nm Binned,0.0,-363.9,0.0036353533927927922,-0.007467967106418532,0.8731171548117155,0.9999999999999813,True,phase_cross_correlation_on_stable_channel,N,15,"{'y_start': 0, 'y_stop': 2866, 'x_start': 1019, 'x_stop': 1522}"
N15,PLD3_TMEM106B_mCherry_primary,36,488nm Binned,0.0,1018.1,0.009685288607100115,-0.0006482506059943115,0.6450139470013947,0.999999999999993,True,phase_cross_correlation_on_stable_channel,N,15,"{'y_start': 0, 'y_stop': 2866, 'x_start': 1019, 'x_stop': 1522}"
N15,PLD3_TMEM106B_mCherry_primary,39,488nm Binned,0.0,-1345.1,0.003727337372769126,-0.0034763099571798735,0.530997210599721,0.9999999999999928,True,phase_cross_correlation_on_stable_channel,N,15,"{'y_start': 0, 'y_stop': 2866, 'x_start': 1019, 'x_stop': 1522}"
N13,PLD3_TMEM106B_mCherry_primary,8,488nm Binned,0.0,0.0,1.0,1.0,1.0,0.0,True,reference_timepoint,N,13,"{'y_start': 852, 'y_stop': 2708, 'x_start': 352, 'x_stop': 2581}"
N13,PLD3_TMEM106B_mCherry_primary,12,488nm Binned,716.4,0.0,0.0013731526979091954,-0.0030482742075988297,0.7502092050209205,0.9999999999999662,True,phase_cross_correlation_on_stable_channel,N,13,"{'y_start': 852, 'y_stop': 2708, 'x_start': 352, 'x_stop': 2581}"
N13,PLD3_TMEM106B_mCherry_primary,16,488nm Binned,851.9,0.0,0.001785484647935599,-0.0035107706564196793,0.7029637377963738,0.9999999999999842,True,phase_cross_correlation_on_stable_channel,N,13,"{'y_start': 852, 'y_stop': 2708, 'x_start': 352, 'x_stop': 2581}"
N13,PLD3_TMEM106B_mCherry_primary,20,488nm Binned,744.8,0.0,0.005900936631687064,-0.0049817432103545535,0.7403068340306833,0.9999999999999715,True,phase_cross_correlation_on_stable_channel,N,13,"{'y_start': 852, 'y_stop': 2708, 'x_start': 352, 'x_stop': 2581}"
N13,PLD3_TMEM106B_mCherry_primary,25,488nm Binned,-159.2,0.0,0.0006879877810958742,-0.0010469759185853856,0.9444909344490935,0.999999999999948,True,phase_cross_correlation_on_stable_channel,N,13,"{'y_start': 852, 'y_stop': 2708, 'x_start': 352, 'x_stop': 2581}"
N13,PLD3_TMEM106B_mCherry_primary,29,488nm Binned,0.0,351.5,0.014542639970592613,-0.002170808192417337,0.8774407252440726,0.9999999999999903,True,phase_cross_correlation_on_stable_channel,N,13,"{'y_start': 852, 'y_stop': 2708, 'x_start': 352, 'x_stop': 2581}"
N13,PLD3_TMEM106B_mCherry_primary,32,488nm Binned,-90.8,0.0,-0.00028653350674317493,0.0010001176233548786,0.9683403068340306,0.9999999999999636,True,phase_cross_correlation_on_stable_channel,N,13,"{'y_start': 852, 'y_stop': 2708, 'x_start': 352, 'x_stop': 2581}"
N13,PLD3_TMEM106B_mCherry_primary,36,488nm Binned,0.0,-286.4,0.0028272804442654354,-0.0005763486109945635,0.900139470013947,0.9999999999999913,True,phase_cross_correlation_on_stable_channel,N,13,"{'y_start': 852, 'y_stop': 2708, 'x_start': 352, 'x_stop': 2581}"
N13,PLD3_TMEM106B_mCherry_primary,39,488nm Binned,519.9,0.0,0.0003712974949358263,0.0008277136055503695,0.818723849372385,0.9999999999999313,True,phase_cross_correlation_on_stable_channel,N,13,"{'y_start': 852, 'y_stop': 2708, 'x_start': 352, 'x_stop': 2581}"
N16,PLD3_TMEM106B_mCherry_primary,8,488nm Binned,0.0,0.0,1.0,1.0,1.0,0.0,True,reference_timepoint,N,16,"{'y_start': 589, 'y_stop': 1752, 'x_start': 983, 'x_stop': 2712}"
N16,PLD3_TMEM106B_mCherry_primary,12,488nm Binned,68.7,0.0,0.0029229008287867514,-0.0009793567111846704,0.9760460251046026,0.9999999999999871,True,phase_cross_correlation_on_stable_channel,N,16,"{'y_start': 589, 'y_stop': 1752, 'x_start': 983, 'x_stop': 2712}"
N16,PLD3_TMEM106B_mCherry_primary,16,488nm Binned,0.0,-155.5,0.004689109485612458,-0.0020963709443401393,0.9457810320781032,0.9999999999999902,True,phase_cross_correlation_on_stable_channel,N,16,"{'y_start': 589, 'y_stop': 1752, 'x_start': 983, 'x_stop': 2712}"
N16,PLD3_TMEM106B_mCherry_primary,20,488nm Binned,0.0,274.3,0.005946774595102938,-0.009561409888923249,0.9043584379358437,0.9999999999999917,True,phase_cross_correlation_on_stable_channel,N,16,"{'y_start': 589, 'y_stop': 1752, 'x_start': 983, 'x_stop': 2712}"
N16,PLD3_TMEM106B_mCherry_primary,25,488nm Binned,0.0,982.2,0.00023548519459635966,-0.0015320208969498536,0.657531380753138,0.9999999999999933,True,phase_cross_correlation_on_stable_channel,N,16,"{'y_start': 589, 'y_stop': 1752, 'x_start': 983, 'x_stop': 2712}"
N16,PLD3_TMEM106B_mCherry_primary,29,488nm Binned,-1115.9,0.0,0.007060057945121471,0.0037434968196567607,0.6109135285913528,0.9999999999999879,True,phase_cross_correlation_on_stable_channel,N,16,"{'y_start': 589, 'y_stop': 1752, 'x_start': 983, 'x_stop': 2712}"
N16,PLD3_TMEM106B_mCherry_primary,32,488nm Binned,588.8,0.0,0.002038222855043324,-0.0010040106669253696,0.7947001394700139,0.9999999999999792,True,phase_cross_correlation_on_stable_channel,N,16,"{'y_start': 589, 'y_stop': 1752, 'x_start': 983, 'x_stop': 2712}"
N16,PLD3_TMEM106B_mCherry_primary,36,488nm Binned,-7.1,0.0,0.0013635830825958007,3.715159464814191e-05,0.9975244072524407,0.9999999999999893,True,phase_cross_correlation_on_stable_channel,N,16,"{'y_start': 589, 'y_stop': 1752, 'x_start': 983, 'x_stop': 2712}"
N16,PLD3_TMEM106B_mCherry_primary,39,488nm Binned,301.3,0.0,0.006546547842114607,0.007622953651511672,0.8949442119944212,0.9999999999999877,True,phase_cross_correlation_on_stable_channel,N,16,"{'y_start': 589, 'y_stop': 1752, 'x_start': 983, 'x_stop': 2712}"
N12,PLD3_TMEM106B_mCherry_primary,8,488nm Binned,0.0,0.0,1.0,1.0,1.0,0.0,True,reference_timepoint,N,12,"{'y_start': 0, 'y_stop': 2868, 'x_start': 454, 'x_stop': 1964}"
N12,PLD3_TMEM106B_mCherry_primary,12,488nm Binned,0.0,-339.9,0.004429612861123389,0.0011092335787732028,0.8814853556485356,0.9999999999999889,True,phase_cross_correlation_on_stable_channel,N,12,"{'y_start': 0, 'y_stop': 2868, 'x_start': 454, 'x_stop': 1964}"
N12,PLD3_TMEM106B_mCherry_primary,16,488nm Binned,0.0,-116.2,0.004689573813440181,0.0028714070624524172,0.9594839609483962,0.9999999999999801,True,phase_cross_correlation_on_stable_channel,N,12,"{'y_start': 0, 'y_stop': 2868, 'x_start': 454, 'x_stop': 1964}"
N12,PLD3_TMEM106B_mCherry_primary,20,488nm Binned,0.0,-399.7,0.004287075870528349,5.446621334384231e-05,0.8606345885634589,0.9999999999999885,True,phase_cross_correlation_on_stable_channel,N,12,"{'y_start': 0, 'y_stop': 2868, 'x_start': 454, 'x_stop': 1964}"
N12,PLD3_TMEM106B_mCherry_primary,25,488nm Binned,0.0,-721.1,0.003367209081893198,-0.00030882489317340364,0.7485704323570432,0.9999999999999817,True,phase_cross_correlation_on_stable_channel,N,12,"{'y_start': 0, 'y_stop': 2868, 'x_start': 454, 'x_stop': 1964}"
N12,PLD3_TMEM106B_mCherry_primary,29,488nm Binned,0.0,453.1,0.010271113228871304,0.0069992834337632885,0.8420153417015342,0.999999999999988,True,phase_cross_correlation_on_stable_channel,N,12,"{'y_start': 0, 'y_stop': 2868, 'x_start': 454, 'x_stop': 1964}"
N12,PLD3_TMEM106B_mCherry_primary,32,488nm Binned,0.0,256.0,0.0025027075439207373,0.011046818125026864,0.9107391910739191,0.99999999999996,True,phase_cross_correlation_on_stable_channel,N,12,"{'y_start': 0, 'y_stop': 2868, 'x_start': 454, 'x_stop': 1964}"
N12,PLD3_TMEM106B_mCherry_primary,36,488nm Binned,0.0,-903.2,0.0033883985643075247,-0.00024523032304601527,0.6850767085076708,0.9999999999999762,True,phase_cross_correlation_on_stable_channel,N,12,"{'y_start': 0, 'y_stop': 2868, 'x_start': 454, 'x_stop': 1964}"
N12,PLD3_TMEM106B_mCherry_primary,39,488nm Binned,0.0,-36.5,0.003086666431269681,-0.005680912400010186,0.9872733612273361,0.9999999999999896,True,phase_cross_correlation_on_stable_channel,N,12,"{'y_start': 0, 'y_stop': 2868, 'x_start': 454, 'x_stop': 1964}"
N18,PLD3_TMEM106B_mCherry_primary,8,488nm Binned,0.0,0.0,1.0,1.0,1.0,0.0,True,reference_timepoint,N,18,"{'y_start': 1077, 'y_stop': 1614, 'x_start': 365, 'x_stop': 2868}"
N18,PLD3_TMEM106B_mCherry_primary,12,488nm Binned,0.0,364.4,-0.004139855065891109,0.0010532419496679702,0.8729428172942817,0.9999999999999921,True,phase_cross_correlation_on_stable_channel,N,18,"{'y_start': 1077, 'y_stop': 1614, 'x_start': 365, 'x_stop': 2868}"
N18,PLD3_TMEM106B_mCherry_primary,16,488nm Binned,634.2,0.0,0.002963603062468539,-0.00550687456551551,0.7788702928870294,0.9999999999999803,True,phase_cross_correlation_on_stable_channel,N,18,"{'y_start': 1077, 'y_stop': 1614, 'x_start': 365, 'x_stop': 2868}"
N18,PLD3_TMEM106B_mCherry_primary,20,488nm Binned,229.9,0.0,-0.0006147874390390651,-0.003193266857909509,0.9198396094839609,0.99999999999999,True,phase_cross_correlation_on_stable_channel,N,18,"{'y_start': 1077, 'y_stop': 1614, 'x_start': 365, 'x_stop': 2868}"
N18,PLD3_TMEM106B_mCherry_primary,25,488nm Binned,1076.1,0.0,-0.0031560236419531443,-0.0045693644120045505,0.6247907949790795,0.9999999999999806,True,phase_cross_correlation_on_stable_channel,N,18,"{'y_start': 1077, 'y_stop': 1614, 'x_start': 365, 'x_stop': 2868}"
N18,PLD3_TMEM106B_mCherry_primary,29,488nm Binned,777.3,0.0,0.007816881249342551,-0.005525357086713399,0.7289748953974895,0.9999999999999577,True,phase_cross_correlation_on_stable_channel,N,18,"{'y_start': 1077, 'y_stop': 1614, 'x_start': 365, 'x_stop': 2868}"
N18,PLD3_TMEM106B_mCherry_primary,32,488nm Binned,-1253.5,0.0,-0.0030961250071396985,0.006405371791433281,0.5629358437935844,0.9999999999999776,True,phase_cross_correlation_on_stable_channel,N,18,"{'y_start': 1077, 'y_stop': 1614, 'x_start': 365, 'x_stop': 2868}"
N18,PLD3_TMEM106B_mCherry_primary,36,488nm Binned,0.0,270.6,-0.007302916725978727,0.0019006223073687767,0.9056485355648536,0.9999999999999909,True,phase_cross_correlation_on_stable_channel,N,18,"{'y_start': 1077, 'y_stop': 1614, 'x_start': 365, 'x_stop': 2868}"
N18,PLD3_TMEM106B_mCherry_primary,39,488nm Binned,627.3,0.0,-0.00584305472667732,0.005229107756200651,0.781276150627615,0.999999999999991,True,phase_cross_correlation_on_stable_channel,N,18,"{'y_start': 1077, 'y_stop': 1614, 'x_start': 365, 'x_stop': 2868}"
N17,PLD3_TMEM106B_mCherry_primary,8,488nm Binned,0.0,0.0,1.0,1.0,1.0,0.0,True,reference_timepoint,N,17,"{'y_start': 1412, 'y_stop': 2868, 'x_start': 1218, 'x_stop': 2868}"
N17,PLD3_TMEM106B_mCherry_primary,12,488nm Binned,270.8,0.0,2.3957690048790255e-05,-0.005166563992180782,0.90557880055788,0.9999999999999895,True,phase_cross_correlation_on_stable_channel,N,17,"{'y_start': 1412, 'y_stop': 2868, 'x_start': 1218, 'x_stop': 2868}"
N17,PLD3_TMEM106B_mCherry_primary,16,488nm Binned,0.0,952.4,-0.0008158405031931188,-0.004952893080977424,0.6679218967921896,0.9999999999999877,True,phase_cross_correlation_on_stable_channel,N,17,"{'y_start': 1412, 'y_stop': 2868, 'x_start': 1218, 'x_stop': 2868}"
N17,PLD3_TMEM106B_mCherry_primary,20,488nm Binned,1411.6,0.0,0.0005269863927068591,0.008394714704081244,0.507810320781032,0.9999999999999745,True,phase_cross_correlation_on_stable_channel,N,17,"{'y_start': 1412, 'y_stop': 2868, 'x_start': 1218, 'x_stop': 2868}"
N17,PLD3_TMEM106B_mCherry_primary,25,488nm Binned,0.0,1217.8,0.0006865303944039874,-0.0035128303547864352,0.5753835425383543,0.9999999999999908,True,phase_cross_correlation_on_stable_channel,N,17,"{'y_start': 1412, 'y_stop': 2868, 'x_start': 1218, 'x_stop': 2868}"
N17,PLD3_TMEM106B_mCherry_primary,29,488nm Binned,1101.7,0.0,0.0007490630794226567,-0.0005582656470366691,0.6158647140864714,0.9999999999999892,True,phase_cross_correlation_on_stable_channel,N,17,"{'y_start': 1412, 'y_stop': 2868, 'x_start': 1218, 'x_stop': 2868}"
N17,PLD3_TMEM106B_mCherry_primary,32,488nm Binned,0.0,471.1,-0.007249162590510584,0.000980198948437928,0.8357391910739191,0.9999999999999822,True,phase_cross_correlation_on_stable_channel,N,17,"{'y_start': 1412, 'y_stop': 2868, 'x_start': 1218, 'x_stop': 2868}"
N17,PLD3_TMEM106B_mCherry_primary,36,488nm Binned,410.1,0.0,-0.005754180705605745,-0.0005935076069647613,0.8570083682008368,0.9999999999999879,True,phase_cross_correlation_on_stable_channel,N,17,"{'y_start': 1412, 'y_stop': 2868, 'x_start': 1218, 'x_stop': 2868}"
N17,PLD3_TMEM106B_mCherry_primary,39,488nm Binned,0.0,0.0,-0.0036580944842552598,-0.0036580944842552598,1.0,0.9999999999999887,True,phase_cross_correlation_on_stable_channel,N,17,"{'y_start': 1412, 'y_stop': 2868, 'x_start': 1218, 'x_stop': 2868}"
N20,PLD3_TMEM106B_mCherry_primary,8,488nm Binned,0.0,0.0,1.0,1.0,1.0,0.0,True,reference_timepoint,N,20,"{'y_start': 747, 'y_stop': 2868, 'x_start': 749, 'x_stop': 1694}"
N20,PLD3_TMEM106B_mCherry_primary,12,488nm Binned,0.0,748.5,0.005026922486495605,-0.001976039986759271,0.7390167364016736,0.9999999999999839,True,phase_cross_correlation_on_stable_channel,N,20,"{'y_start': 747, 'y_stop': 2868, 'x_start': 749, 'x_stop': 1694}"
N20,PLD3_TMEM106B_mCherry_primary,16,488nm Binned,746.1,0.0,0.006938638078896173,-0.013252322704452178,0.7398535564853557,0.9999999999999961,True,phase_cross_correlation_on_stable_channel,N,20,"{'y_start': 747, 'y_stop': 2868, 'x_start': 749, 'x_stop': 1694}"
N20,PLD3_TMEM106B_mCherry_primary,20,488nm Binned,0.8,-0.1,0.001300902596755632,0.0013989739274961842,0.9996862021945616,0.9999999999999946,True,phase_cross_correlation_on_stable_channel,N,20,"{'y_start': 747, 'y_stop': 2868, 'x_start': 749, 'x_stop': 1694}"
N20,PLD3_TMEM106B_mCherry_primary,25,488nm Binned,0.0,689.5,0.015551720801125688,0.0017183046546278774,0.7595885634588564,0.9999999999999943,True,phase_cross_correlation_on_stable_channel,N,20,"{'y_start': 747, 'y_stop': 2868, 'x_start': 749, 'x_stop': 1694}"
N20,PLD3_TMEM106B_mCherry_primary,29,488nm Binned,0.0,59.7,0.006491825019688921,0.008996738475071148,0.9791841004184101,0.9999999999999805,True,phase_cross_correlation_on_stable_channel,N,20,"{'y_start': 747, 'y_stop': 2868, 'x_start': 749, 'x_stop': 1694}"
N20,PLD3_TMEM106B_mCherry_primary,32,488nm Binned,0.1,-920.0,0.004891060699346143,-0.0032600846318281743,0.6791952852521645,0.9999999999999974,True,phase_cross_correlation_on_stable_channel,N,20,"{'y_start': 747, 'y_stop': 2868, 'x_start': 749, 'x_stop': 1694}"
N20,PLD3_TMEM106B_mCherry_primary,36,488nm Binned,0.0,-920.1,-0.006581413953272338,0.0037135736934951007,0.67918410041841,0.9999999999999972,True,phase_cross_correlation_on_stable_channel,N,20,"{'y_start': 747, 'y_stop': 2868, 'x_start': 749, 'x_stop': 1694}"
N20,PLD3_TMEM106B_mCherry_primary,39,488nm Binned,0.0,-1173.2,0.008853974141758697,-0.010427160106866682,0.5909344490934448,0.9999999999999913,True,phase_cross_correlation_on_stable_channel,N,20,"{'y_start': 747, 'y_stop': 2868, 'x_start': 749, 'x_stop': 1694}"
N19,PLD3_TMEM106B_mCherry_primary,8,488nm Binned,0.0,0.0,1.0,1.0,1.0,0.0,True,reference_timepoint,N,19,"{'y_start': 185, 'y_stop': 2312, 'x_start': 0, 'x_stop': 1948}"
N19,PLD3_TMEM106B_mCherry_primary,12,488nm Binned,184.1,0.0,0.0057107036697922825,-0.00572781751550898,0.9358089260808926,0.9999999999999793,True,phase_cross_correlation_on_stable_channel,N,19,"{'y_start': 185, 'y_stop': 2312, 'x_start': 0, 'x_stop': 1948}"
N19,PLD3_TMEM106B_mCherry_primary,16,488nm Binned,-555.7,0.0,-0.0035535452070822,0.005464391554792567,0.8062412831241283,0.9999999999999852,True,phase_cross_correlation_on_stable_channel,N,19,"{'y_start': 185, 'y_stop': 2312, 'x_start': 0, 'x_stop': 1948}"
N19,PLD3_TMEM106B_mCherry_primary,20,488nm Binned,-38.6,0.0,0.013696809775714237,-0.004270059160932615,0.9865411436541144,0.9999999999999774,True,phase_cross_correlation_on_stable_channel,N,19,"{'y_start': 185, 'y_stop': 2312, 'x_start': 0, 'x_stop': 1948}"
N19,PLD3_TMEM106B_mCherry_primary,25,488nm Binned,-360.7,0.0,0.008486907598154696,0.00020124200662309107,0.8742329149232916,0.9999999999999852,True,phase_cross_correlation_on_stable_channel,N,19,"{'y_start': 185, 'y_stop': 2312, 'x_start': 0, 'x_stop': 1948}"
N19,PLD3_TMEM106B_mCherry_primary,29,488nm Binned,0.0,-919.7,0.018386223262081204,-0.003962431963683792,0.679323570432357,0.99999999999999,True,phase_cross_correlation_on_stable_channel,N,19,"{'y_start': 185, 'y_stop': 2312, 'x_start': 0, 'x_stop': 1948}"
N19,PLD3_TMEM106B_mCherry_primary,32,488nm Binned,-211.9,0.0,0.008433056608385675,-0.0008604600543130437,0.926115760111576,0.9999999999999845,True,phase_cross_correlation_on_stable_channel,N,19,"{'y_start': 185, 'y_stop': 2312, 'x_start': 0, 'x_stop': 1948}"
N19,PLD3_TMEM106B_mCherry_primary,36,488nm Binned,-49.2,0.0,0.006648227599662033,0.009766503881606112,0.9828451882845188,0.9999999999999848,True,phase_cross_correlation_on_stable_channel,N,19,"{'y_start': 185, 'y_stop': 2312, 'x_start': 0, 'x_stop': 1948}"
N19,PLD3_TMEM106B_mCherry_primary,39,488nm Binned,0.0,-481.1,-0.005165968385143714,0.0030268282430637047,0.8322524407252441,0.9999999999999876,True,phase_cross_correlation_on_stable_channel,N,19,"{'y_start': 185, 'y_stop': 2312, 'x_start': 0, 'x_stop': 1948}"
