well,row,column,condition,site_fov,timepoint_day,file_name,mcherry_channel,registration_channel,time_index,cell_roi_id,mask_source,cell_roi_area,total_mcherry_intensity,diffuse_mcherry_integrated_intensity,diffuse_mcherry_mean_intensity,punctate_mcherry_integrated_intensity,puncta_count,puncta_density_per_area,mean_puncta_intensity,median_puncta_area,diffuse_to_punctate_ratio,rupture_like_score,mcherry_metric_interpretation
E07,E,07,PLD3_mCherry_reporter_control,site0,8,"260216_Day8_iNeurons_WellE07_Channel405nm Binned,561nm Binned,488nm Binned_Seq0034.nd2",561nm Binned,488nm Binned,0,whole_field_foreground,stable_channel,403533,7389350.0,5498898.0,13.961129188537598,1890452.0,468,0.0011597564511423855,170.68779878534824,17.0,2.9087741979151502,2.9087741979151502,screening metric for punctate-to-diffuse reporter redistribution; not rupture proof
E07,E,07,PLD3_mCherry_reporter_control,site0,12,"260220_Day12_WellE07_Channel405nm Binned,561nm Binned,488nm Binned_Seq0034.nd2",561nm Binned,488nm Binned,1,whole_field_foreground,stable_channel,234763,4113731.0,3078281.0,13.425683975219727,1035450.0,216,0.0009200768434509694,147.99546003341675,17.0,2.9728919793297863,2.9728919793297863,screening metric for punctate-to-diffuse reporter redistribution; not rupture proof
E07,E,07,PLD3_mCherry_reporter_control,site0,16,"260224_day16_WellE07_Channel405nm Binned,561nm Binned,488nm Binned_Seq0034.nd2",561nm Binned,488nm Binned,2,whole_field_foreground,stable_channel,315377,6118786.0,4299007.0,13.965160369873047,1819779.0,234,0.00074196913534994,189.55112933297443,19.0,2.3623786185012783,2.3623786185012783,screening metric for punctate-to-diffuse reporter redistribution; not rupture proof
E07,E,07,PLD3_mCherry_reporter_control,site0,20,"260228_day20_WellE07_Channel405nm Binned,561nm Binned,488nm Binned_Seq0034.nd2",561nm Binned,488nm Binned,3,whole_field_foreground,stable_channel,316979,6118550.0,4242708.0,13.718060493469238,1875842.0,253,0.0007981601304793119,202.10427165879562,20.0,2.2617619181134327,2.2617619181134327,screening metric for punctate-to-diffuse reporter redistribution; not rupture proof
E07,E,07,PLD3_mCherry_reporter_control,site0,25,"260305_day25_iNeurons_WellE07_Channel405nm Binned,561nm Binned,488nm Binned_Seq0034.nd2",561nm Binned,488nm Binned,4,whole_field_foreground,stable_channel,92337,2151384.0,1738623.0,19.25129508972168,412761.0,123,0.0013320770655172675,179.26110163742933,12.0,4.212178476153968,4.212178476153968,screening metric for punctate-to-diffuse reporter redistribution; not rupture proof
E07,E,07,PLD3_mCherry_reporter_control,site0,29,"260309_Day29_WellE07_Channel405nm Binned,561nm Binned,488nm Binned_Seq0034.nd2",561nm Binned,488nm Binned,5,whole_field_foreground,stable_channel,185856,5349123.0,4068175.0,22.389638900756836,1280948.0,233,0.0012536587465497284,280.0409689317957,15.0,3.175909560729104,3.175909560729104,screening metric for punctate-to-diffuse reporter redistribution; not rupture proof
E07,E,07,PLD3_mCherry_reporter_control,site0,32,"260312_Day32_WellE07_Channel405nm Binned,561 nm,488nm Binned_Seq0034.nd2",561nm Binned,488nm Binned,6,whole_field_foreground,stable_channel,263919,6850493.0,5150986.0,19.97977638244629,1699507.0,321,0.0012162822684186577,250.05083177988402,15.0,3.030870717212091,3.030870717212091,screening metric for punctate-to-diffuse reporter redistribution; not rupture proof
E07,E,07,PLD3_mCherry_reporter_control,site0,36,"260316_Day36_WellE07_Channel405nm Binned,561nm Binned,488nm Binned_Seq0034.nd2",561nm Binned,488nm Binned,7,whole_field_foreground,stable_channel,329927,9401982.0,7097399.0,22.024648666381836,2304583.0,373,0.0011305531223539432,262.27270767580086,16.0,3.0796890370175087,3.0796890370175087,screening metric for punctate-to-diffuse reporter redistribution; not rupture proof
E07,E,07,PLD3_mCherry_reporter_control,site0,39,"260319_Day39_WellE07_Channel405nm Binned,561nm Binned,488nm Binned_Seq0034.nd2",561nm Binned,488nm Binned,8,whole_field_foreground,stable_channel,355217,11195698.0,8592576.0,24.78139305114746,2603122.0,369,0.0010388016339278841,268.68279748105095,16.0,3.3008733359391913,3.3008733359391913,screening metric for punctate-to-diffuse reporter redistribution; not rupture proof
E06,E,06,PLD3_mCherry_reporter_control,site0,8,"260216_Day8_iNeurons_WellE06_Channel405nm Binned,561nm Binned,488nm Binned_Seq0033.nd2",561nm Binned,488nm Binned,0,whole_field_foreground,stable_channel,807986,19047474.0,13420733.0,17.015817642211914,5626741.0,906,0.0011213065572904465,271.8663927882449,18.0,2.3851698523172855,2.3851698523172855,screening metric for punctate-to-diffuse reporter redistribution; not rupture proof
E06,E,06,PLD3_mCherry_reporter_control,site0,12,"260220_Day12_WellE06_Channel405nm Binned,561nm Binned,488nm Binned_Seq0033.nd2",561nm Binned,488nm Binned,1,whole_field_foreground,stable_channel,749309,18999732.0,14251660.0,19.476638793945312,4748073.0,773,0.001031617129914319,237.55813856235915,18.0,3.001567162088072,3.001567162088072,screening metric for punctate-to-diffuse reporter redistribution; not rupture proof
E06,E,06,PLD3_mCherry_reporter_control,site0,16,"260224_day16_WellE06_Channel405nm Binned,561nm Binned,488nm Binned_Seq0033.nd2",561nm Binned,488nm Binned,2,whole_field_foreground,stable_channel,754445,27882888.0,20794252.0,28.222728729248047,7088636.0,817,0.0010829152555837961,369.1724857998011,17.0,2.9334630809082403,2.9334630809082403,screening metric for punctate-to-diffuse reporter redistribution; not rupture proof
E06,E,06,PLD3_mCherry_reporter_control,site0,20,"260228_day20_WellE06_Channel405nm Binned,561nm Binned,488nm Binned_Seq0033.nd2",561nm Binned,488nm Binned,3,whole_field_foreground,stable_channel,760306,29387272.0,22553116.0,30.351879119873047,6834158.0,991,0.0013034225693322116,367.9797227784435,13.0,3.3000577393728237,3.3000577393728237,screening metric for punctate-to-diffuse reporter redistribution; not rupture proof
E06,E,06,PLD3_mCherry_reporter_control,site0,25,"260305_day25_iNeurons_WellE06_Channel405nm Binned,561nm Binned,488nm Binned_Seq0033.nd2",561nm Binned,488nm Binned,4,whole_field_foreground,stable_channel,545983,15545998.0,12541058.0,23.477785110473633,3004940.0,854,0.0015641512647801045,234.98568785441844,12.0,4.173480335712469,4.173480335712469,screening metric for punctate-to-diffuse reporter redistribution; not rupture proof
E06,E,06,PLD3_mCherry_reporter_control,site0,29,"260309_Day29_WellE06_Channel405nm Binned,561nm Binned,488nm Binned_Seq0033.nd2",561nm Binned,488nm Binned,5,whole_field_foreground,stable_channel,746184,31180084.0,24706144.0,33.85200881958008,6473939.0,1153,0.0015451952869512812,362.5837118474691,12.0,3.816246028885379,3.816246028885379,screening metric for punctate-to-diffuse reporter redistribution; not rupture proof
E06,E,06,PLD3_mCherry_reporter_control,site0,32,"260312_Day32_WellE06_Channel405nm Binned,561 nm,488nm Binned_Seq0033.nd2",561nm Binned,488nm Binned,6,whole_field_foreground,stable_channel,830660,34060864.0,26713736.0,32.88840103149414,7347124.0,1187,0.0014289841812517407,363.6022723229271,13.0,3.6359446226845176,3.6359446226845176,screening metric for punctate-to-diffuse reporter redistribution; not rupture proof
E06,E,06,PLD3_mCherry_reporter_control,site0,36,"260316_Day36_WellE06_Channel405nm Binned,561nm Binned,488nm Binned_Seq0033.nd2",561nm Binned,488nm Binned,7,whole_field_foreground,stable_channel,896123,39406512.0,30697982.0,35.043399810791016,8708528.0,1261,0.001407172899254447,389.43075116223326,13.0,3.525048320450537,3.525048320450537,screening metric for punctate-to-diffuse reporter redistribution; not rupture proof
E06,E,06,PLD3_mCherry_reporter_control,site0,39,"260319_Day39_WellE06_Channel405nm Binned,561nm Binned,488nm Binned_Seq0033.nd2",561nm Binned,488nm Binned,8,whole_field_foreground,stable_channel,871620,41225976.0,32837392.0,38.53950500488281,8388586.0,1185,0.0013595374130913017,385.2581001507079,13.0,3.914532437289918,3.914532437289918,screening metric for punctate-to-diffuse reporter redistribution; not rupture proof
E11,E,11,PLD3_mCherry_reporter_control,site0,8,"260216_Day8_iNeurons_WellE11_Channel405nm Binned,561nm Binned,488nm Binned_Seq0038.nd2",561nm Binned,488nm Binned,0,whole_field_foreground,stable_channel,647288,15883210.0,11340695.0,17.943796157836914,4542515.0,723,0.0011169680265953996,272.2679778715057,17.0,2.496567430156533,2.496567430156533,screening metric for punctate-to-diffuse reporter redistribution; not rupture proof
E11,E,11,PLD3_mCherry_reporter_control,site0,12,"260220_Day12_WellE11_Channel405nm Binned,561nm Binned,488nm Binned_Seq0038.nd2",561nm Binned,488nm Binned,1,whole_field_foreground,stable_channel,582990,15219475.0,11457835.0,20.120384216308594,3761640.0,645,0.0011063654608121814,244.20067635469658,15.0,3.045967982049573,3.045967982049573,screening metric for punctate-to-diffuse reporter redistribution; not rupture proof
E11,E,11,PLD3_mCherry_reporter_control,site0,16,"260224_day16_WellE11_Channel405nm Binned,561nm Binned,488nm Binned_Seq0038.nd2",561nm Binned,488nm Binned,2,whole_field_foreground,stable_channel,636852,23298672.0,17288496.0,27.79661750793457,6010175.0,723,0.0011352716172656515,369.243236156585,16.0,2.876537871192956,2.876537871192956,screening metric for punctate-to-diffuse reporter redistribution; not rupture proof
E11,E,11,PLD3_mCherry_reporter_control,site0,20,"260228_day20_WellE11_Channel405nm Binned,561nm Binned,488nm Binned_Seq0038.nd2",561nm Binned,488nm Binned,3,whole_field_foreground,stable_channel,624721,24919548.0,19090982.0,31.268600463867188,5828565.0,788,0.001261363072473534,382.02929048489796,14.0,3.2754171910233008,3.2754171910233008,screening metric for punctate-to-diffuse reporter redistribution; not rupture proof
E11,E,11,PLD3_mCherry_reporter_control,site0,25,"260305_day25_iNeurons_WellE11_Channel405nm Binned,561nm Binned,488nm Binned_Seq0038.nd2",561nm Binned,488nm Binned,4,whole_field_foreground,stable_channel,411508,13881358.0,11250389.0,27.94315528869629,2630969.0,648,0.0015746959961857978,271.7456707660063,11.0,4.276138943482696,4.276138943482696,screening metric for punctate-to-diffuse reporter redistribution; not rupture proof
E11,E,11,PLD3_mCherry_reporter_control,site0,29,"260309_Day29_WellE11_Channel405nm Binned,561nm Binned,488nm Binned_Seq0038.nd2",561nm Binned,488nm Binned,5,whole_field_foreground,stable_channel,597364,27038656.0,21415928.0,36.65711212158203,5622729.0,923,0.0015451215674169433,390.4174045385028,11.0,3.808813833993456,3.808813833993456,screening metric for punctate-to-diffuse reporter redistribution; not rupture proof
E11,E,11,PLD3_mCherry_reporter_control,site0,32,"260312_Day32_WellE11_Channel405nm Binned,561 nm,488nm Binned_Seq0038.nd2",561nm Binned,488nm Binned,6,whole_field_foreground,stable_channel,669889,32013140.0,24932068.0,38.06998062133789,7081072.0,986,0.0014718856407532116,426.1444102784441,12.0,3.520945416173777,3.520945416173777,screening metric for punctate-to-diffuse reporter redistribution; not rupture proof
E11,E,11,PLD3_mCherry_reporter_control,site0,36,"260316_Day36_WellE11_Channel405nm Binned,561nm Binned,488nm Binned_Seq0038.nd2",561nm Binned,488nm Binned,7,whole_field_foreground,stable_channel,709337,37437056.0,29218272.0,42.12656784057617,8218783.0,997,0.0014055378473117777,468.4847497815713,12.0,3.5550606458397116,3.5550606458397116,screening metric for punctate-to-diffuse reporter redistribution; not rupture proof
E11,E,11,PLD3_mCherry_reporter_control,site0,39,"260319_Day39_WellE11_Channel405nm Binned,561nm Binned,488nm Binned_Seq0038.nd2",561nm Binned,488nm Binned,8,whole_field_foreground,stable_channel,717520,36625016.0,28705116.0,40.93935012817383,7919901.0,976,0.0013602408295220198,434.57724827625714,13.0,3.6244286386908593,3.6244286386908593,screening metric for punctate-to-diffuse reporter redistribution; not rupture proof
E05,E,05,PLD3_mCherry_reporter_control,site0,8,"260216_Day8_iNeurons_WellE05_Channel405nm Binned,561nm Binned,488nm Binned_Seq0032.nd2",561nm Binned,488nm Binned,0,whole_field_foreground,stable_channel,814737,19404640.0,13898656.0,17.470521926879883,5505985.0,946,0.0011611108860881964,262.20668661266757,16.0,2.524281486418411,2.524281486418411,screening metric for punctate-to-diffuse reporter redistribution; not rupture proof
E05,E,05,PLD3_mCherry_reporter_control,site0,12,"260220_Day12_WellE05_Channel405nm Binned,561nm Binned,488nm Binned_Seq0032.nd2",561nm Binned,488nm Binned,1,whole_field_foreground,stable_channel,777410,19862978.0,14924523.0,19.655271530151367,4938455.0,855,0.001099805765296176,240.91829749213323,16.0,3.0221036741241902,3.0221036741241902,screening metric for punctate-to-diffuse reporter redistribution; not rupture proof
E05,E,05,PLD3_mCherry_reporter_control,site0,16,"260224_day16_WellE05_Channel405nm Binned,561nm Binned,488nm Binned_Seq0032.nd2",561nm Binned,488nm Binned,2,whole_field_foreground,stable_channel,777945,29544272.0,22300204.0,29.35032844543457,7244068.0,865,0.0011119037978248951,366.98108458767047,16.0,3.0784089823558975,3.0784089823558975,screening metric for punctate-to-diffuse reporter redistribution; not rupture proof
E05,E,05,PLD3_mCherry_reporter_control,site0,20,"260228_day20_WellE05_Channel405nm Binned,561nm Binned,488nm Binned_Seq0032.nd2",561nm Binned,488nm Binned,3,whole_field_foreground,stable_channel,883422,32705442.0,25148284.0,29.132976531982422,7557158.0,1097,0.00124176214764717,343.2869824641601,14.0,3.327743577677835,3.327743577677835,screening metric for punctate-to-diffuse reporter redistribution; not rupture proof
E05,E,05,PLD3_mCherry_reporter_control,site0,25,"260305_day25_iNeurons_WellE05_Channel405nm Binned,561nm Binned,488nm Binned_Seq0032.nd2",561nm Binned,488nm Binned,4,whole_field_foreground,stable_channel,583741,17308716.0,13980059.0,24.478235244750977,3328658.0,931,0.0015948854029413817,243.53228154986553,11.0,4.199908491649127,4.199908491649127,screening metric for punctate-to-diffuse reporter redistribution; not rupture proof
E05,E,05,PLD3_mCherry_reporter_control,site0,29,"260309_Day29_WellE05_Channel405nm Binned,561nm Binned,488nm Binned_Seq0032.nd2",561nm Binned,488nm Binned,5,whole_field_foreground,stable_channel,761608,33115284.0,26405524.0,35.43885040283203,6709759.0,1184,0.0015546055188475508,371.70207234975453,12.0,3.9353908240215576,3.9353908240215576,screening metric for punctate-to-diffuse reporter redistribution; not rupture proof
E05,E,05,PLD3_mCherry_reporter_control,site0,32,"260312_Day32_WellE05_Channel405nm Binned,561 nm,488nm Binned_Seq0032.nd2",561nm Binned,488nm Binned,6,whole_field_foreground,stable_channel,822480,37141000.0,29400166.0,36.54823303222656,7740833.0,1199,0.001457786207565585,387.86479948042233,12.0,3.7980623015631783,3.7980623015631783,screening metric for punctate-to-diffuse reporter redistribution; not rupture proof
E05,E,05,PLD3_mCherry_reporter_control,site0,36,"260316_Day36_WellE05_Channel405nm Binned,561nm Binned,488nm Binned_Seq0032.nd2",561nm Binned,488nm Binned,7,whole_field_foreground,stable_channel,920465,44310824.0,34784364.0,38.65066909790039,9526458.0,1333,0.0014481810823861328,418.4769789630635,12.0,3.651342818075338,3.651342818075338,screening metric for punctate-to-diffuse reporter redistribution; not rupture proof
E05,E,05,PLD3_mCherry_reporter_control,site0,39,"260319_Day39_WellE05_Channel405nm Binned,561nm Binned,488nm Binned_Seq0032.nd2",561nm Binned,488nm Binned,8,whole_field_foreground,stable_channel,871402,43663536.0,34990460.0,41.076473236083984,8673077.0,1195,0.0013713532904430202,400.9052783662804,13.0,4.034376726967369,4.034376726967369,screening metric for punctate-to-diffuse reporter redistribution; not rupture proof
E10,E,10,PLD3_mCherry_reporter_control,site0,8,"260216_Day8_iNeurons_WellE10_Channel405nm Binned,561nm Binned,488nm Binned_Seq0037.nd2",561nm Binned,488nm Binned,0,whole_field_foreground,stable_channel,731185,18450680.0,13145217.0,18.415800094604492,5305463.0,840,0.0011488200660555827,281.81242099943614,17.0,2.477675746678004,2.477675746678004,screening metric for punctate-to-diffuse reporter redistribution; not rupture proof
E10,E,10,PLD3_mCherry_reporter_control,site0,12,"260220_Day12_WellE10_Channel405nm Binned,561nm Binned,488nm Binned_Seq0037.nd2",561nm Binned,488nm Binned,1,whole_field_foreground,stable_channel,635649,18180852.0,13756311.0,22.15636444091797,4424541.0,720,0.0011327005941940715,269.03473903867933,16.0,3.109093350021367,3.109093350021367,screening metric for punctate-to-diffuse reporter redistribution; not rupture proof
E10,E,10,PLD3_mCherry_reporter_control,site0,16,"260224_day16_WellE10_Channel405nm Binned,561nm Binned,488nm Binned_Seq0037.nd2",561nm Binned,488nm Binned,2,whole_field_foreground,stable_channel,682402,27142904.0,20682520.0,31.0201358795166,6460383.0,793,0.001162071623469506,378.0652211443022,14.0,3.201438676313277,3.201438676313277,screening metric for punctate-to-diffuse reporter redistribution; not rupture proof
E10,E,10,PLD3_mCherry_reporter_control,site0,20,"260228_day20_WellE10_Channel405nm Binned,561nm Binned,488nm Binned_Seq0037.nd2",561nm Binned,488nm Binned,3,whole_field_foreground,stable_channel,702702,30343014.0,23475500.0,34.18491744995117,6867513.0,946,0.0013462321154609689,397.87739362978783,13.0,3.4183408171191787,3.4183408171191787,screening metric for punctate-to-diffuse reporter redistribution; not rupture proof
E10,E,10,PLD3_mCherry_reporter_control,site0,25,"260305_day25_iNeurons_WellE10_Channel405nm Binned,561nm Binned,488nm Binned_Seq0037.nd2",561nm Binned,488nm Binned,4,whole_field_foreground,stable_channel,490092,15953305.0,12861431.0,26.820127487182617,3091874.0,762,0.0015548101172809293,266.1922038521354,11.0,4.15975262898677,4.15975262898677,screening metric for punctate-to-diffuse reporter redistribution; not rupture proof
E10,E,10,PLD3_mCherry_reporter_control,site0,29,"260309_Day29_WellE10_Channel405nm Binned,561nm Binned,488nm Binned_Seq0037.nd2",561nm Binned,488nm Binned,5,whole_field_foreground,stable_channel,643806,30594832.0,24353076.0,38.674583435058594,6241757.0,993,0.0015423900988783229,407.49530327404136,12.0,3.9016379522618547,3.9016379522618547,screening metric for punctate-to-diffuse reporter redistribution; not rupture proof
E10,E,10,PLD3_mCherry_reporter_control,site0,32,"260312_Day32_WellE10_Channel405nm Binned,561 nm,488nm Binned_Seq0037.nd2",561nm Binned,488nm Binned,6,whole_field_foreground,stable_channel,732476,35923036.0,28333324.0,39.5550537109375,7589714.0,1121,0.0015304255702555027,428.9493549221015,12.0,3.7331214325067146,3.7331214325067146,screening metric for punctate-to-diffuse reporter redistribution; not rupture proof
E10,E,10,PLD3_mCherry_reporter_control,site0,36,"260316_Day36_WellE10_Channel405nm Binned,561nm Binned,488nm Binned_Seq0037.nd2",561nm Binned,488nm Binned,7,whole_field_foreground,stable_channel,775919,43838104.0,34375556.0,45.31679916381836,9462547.0,1136,0.0014640703475472775,499.0907362951359,12.0,3.6328016125041565,3.6328016125041565,screening metric for punctate-to-diffuse reporter redistribution; not rupture proof
E10,E,10,PLD3_mCherry_reporter_control,site0,39,"260319_Day39_WellE10_Channel405nm Binned,561nm Binned,488nm Binned_Seq0037.nd2",561nm Binned,488nm Binned,8,whole_field_foreground,stable_channel,766665,43100520.0,33823484.0,45.13203811645508,9277037.0,1070,0.0013956552079442837,487.59967876683885,12.0,3.64593608929191,3.64593608929191,screening metric for punctate-to-diffuse reporter redistribution; not rupture proof
E09,E,09,PLD3_mCherry_reporter_control,site0,8,"260216_Day8_iNeurons_WellE09_Channel405nm Binned,561nm Binned,488nm Binned_Seq0036.nd2",561nm Binned,488nm Binned,0,whole_field_foreground,stable_channel,767593,18553238.0,13158124.0,17.55755615234375,5395114.0,863,0.0011242937337871447,272.5844972329786,17.0,2.4388963792048806,2.4388963792048806,screening metric for punctate-to-diffuse reporter redistribution; not rupture proof
E09,E,09,PLD3_mCherry_reporter_control,site0,12,"260220_Day12_WellE09_Channel405nm Binned,561nm Binned,488nm Binned_Seq0036.nd2",561nm Binned,488nm Binned,1,whole_field_foreground,stable_channel,697049,19133464.0,14348721.0,21.079669952392578,4784743.0,766,0.0010989184404523943,263.1912380049185,17.0,2.9988488409925047,2.9988488409925047,screening metric for punctate-to-diffuse reporter redistribution; not rupture proof
E09,E,09,PLD3_mCherry_reporter_control,site0,16,"260224_day16_WellE09_Channel405nm Binned,561nm Binned,488nm Binned_Seq0036.nd2",561nm Binned,488nm Binned,2,whole_field_foreground,stable_channel,717875,27553276.0,20792752.0,29.65643882751465,6760525.0,835,0.0011631551453927728,369.7373969346463,15.0,3.075612027171991,3.075612027171991,screening metric for punctate-to-diffuse reporter redistribution; not rupture proof
E09,E,09,PLD3_mCherry_reporter_control,site0,20,"260228_day20_WellE09_Channel405nm Binned,561nm Binned,488nm Binned_Seq0036.nd2",561nm Binned,488nm Binned,3,whole_field_foreground,stable_channel,738425,30870082.0,23867254.0,33.073123931884766,7002828.0,999,0.0013528794393454272,386.71173783035965,13.0,3.4082307890464527,3.4082307890464527,screening metric for punctate-to-diffuse reporter redistribution; not rupture proof
E09,E,09,PLD3_mCherry_reporter_control,site0,25,"260305_day25_iNeurons_WellE09_Channel405nm Binned,561nm Binned,488nm Binned_Seq0036.nd2",561nm Binned,488nm Binned,4,whole_field_foreground,stable_channel,506540,16378485.0,13240734.0,26.717544555664062,3137751.0,787,0.0015536778931544326,261.1297036235184,11.0,4.219816677612654,4.219816677612654,screening metric for punctate-to-diffuse reporter redistribution; not rupture proof
E09,E,09,PLD3_mCherry_reporter_control,site0,29,"260309_Day29_WellE09_Channel405nm Binned,561nm Binned,488nm Binned_Seq0036.nd2",561nm Binned,488nm Binned,5,whole_field_foreground,stable_channel,705065,31299934.0,24642190.0,35.73320388793945,6657744.0,1059,0.0015019891783005794,388.2728364132169,12.0,3.701282296224712,3.701282296224712,screening metric for punctate-to-diffuse reporter redistribution; not rupture proof
E09,E,09,PLD3_mCherry_reporter_control,site0,32,"260312_Day32_WellE09_Channel405nm Binned,561 nm,488nm Binned_Seq0036.nd2",561nm Binned,488nm Binned,6,whole_field_foreground,stable_channel,754678,35279168.0,27491204.0,37.25443649291992,7787961.0,1120,0.001484076652557138,421.15869992119923,12.0,3.5299616934389464,3.5299616934389464,screening metric for punctate-to-diffuse reporter redistribution; not rupture proof
E09,E,09,PLD3_mCherry_reporter_control,site0,36,"260316_Day36_WellE09_Channel405nm Binned,561nm Binned,488nm Binned_Seq0036.nd2",561nm Binned,488nm Binned,7,whole_field_foreground,stable_channel,821129,40666348.0,31617116.0,39.388999938964844,9049231.0,1167,0.0014212139627251977,447.8097490769936,13.0,3.4939008629569193,3.4939008629569193,screening metric for punctate-to-diffuse reporter redistribution; not rupture proof
E09,E,09,PLD3_mCherry_reporter_control,site0,39,"260319_Day39_WellE09_Channel405nm Binned,561nm Binned,488nm Binned_Seq0036.nd2",561nm Binned,488nm Binned,8,whole_field_foreground,stable_channel,788323,39110432.0,30783172.0,39.94924545288086,8327260.0,1084,0.0013750708783057514,420.9114571039967,13.0,3.6966747765767254,3.6966747765767254,screening metric for punctate-to-diffuse reporter redistribution; not rupture proof
E08,E,08,PLD3_mCherry_reporter_control,site0,8,"260216_Day8_iNeurons_WellE08_Channel405nm Binned,561nm Binned,488nm Binned_Seq0035.nd2",561nm Binned,488nm Binned,0,whole_field_foreground,stable_channel,822814,20048408.0,14331138.0,17.837310791015625,5717271.0,919,0.0011168988374029647,269.67057750481905,17.0,2.5066396187967115,2.5066396187967115,screening metric for punctate-to-diffuse reporter redistribution; not rupture proof
E08,E,08,PLD3_mCherry_reporter_control,site0,12,"260220_Day12_WellE08_Channel405nm Binned,561nm Binned,488nm Binned_Seq0035.nd2",561nm Binned,488nm Binned,1,whole_field_foreground,stable_channel,762889,20734448.0,15643178.0,20.9953556060791,5091270.0,816,0.0010696182537681502,252.39629948372934,17.0,3.072549285344703,3.072549285344703,screening metric for punctate-to-diffuse reporter redistribution; not rupture proof
E08,E,08,PLD3_mCherry_reporter_control,site0,16,"260224_day16_WellE08_Channel405nm Binned,561nm Binned,488nm Binned_Seq0035.nd2",561nm Binned,488nm Binned,2,whole_field_foreground,stable_channel,788035,31723944.0,23727874.0,30.82682991027832,7996069.0,911,0.0011560400236015455,396.2594463461448,15.0,2.967442376997626,2.967442376997626,screening metric for punctate-to-diffuse reporter redistribution; not rupture proof
E08,E,08,PLD3_mCherry_reporter_control,site0,20,"260228_day20_WellE08_Channel405nm Binned,561nm Binned,488nm Binned_Seq0035.nd2",561nm Binned,488nm Binned,3,whole_field_foreground,stable_channel,817273,33585320.0,25897012.0,32.423465728759766,7688310.0,1063,0.0013006669741918544,389.01776741724024,13.0,3.3683620977817794,3.3683620977817794,screening metric for punctate-to-diffuse reporter redistribution; not rupture proof
E08,E,08,PLD3_mCherry_reporter_control,site0,25,"260305_day25_iNeurons_WellE08_Channel405nm Binned,561nm Binned,488nm Binned_Seq0035.nd2",561nm Binned,488nm Binned,4,whole_field_foreground,stable_channel,549634,17248204.0,13913820.0,25.871929168701172,3334383.0,850,0.0015464836600327736,256.555297016817,11.0,4.172831975209755,4.172831975209755,screening metric for punctate-to-diffuse reporter redistribution; not rupture proof
E08,E,08,PLD3_mCherry_reporter_control,site0,29,"260309_Day29_WellE08_Channel405nm Binned,561nm Binned,488nm Binned_Seq0035.nd2",561nm Binned,488nm Binned,5,whole_field_foreground,stable_channel,732211,35394728.0,27970854.0,39.0556755065918,7423874.0,1130,0.0015432709970192428,422.1031555445848,12.0,3.767689753354681,3.767689753354681,screening metric for punctate-to-diffuse reporter redistribution; not rupture proof
E08,E,08,PLD3_mCherry_reporter_control,site0,32,"260312_Day32_WellE08_Channel405nm Binned,561 nm,488nm Binned_Seq0035.nd2",561nm Binned,488nm Binned,6,whole_field_foreground,stable_channel,814324,37912328.0,29443044.0,36.977970123291016,8469286.0,1193,0.0014650188377089892,422.4164392642383,12.0,3.476449372473255,3.476449372473255,screening metric for punctate-to-diffuse reporter redistribution; not rupture proof
E08,E,08,PLD3_mCherry_reporter_control,site0,36,"260316_Day36_WellE08_Channel405nm Binned,561nm Binned,488nm Binned_Seq0035.nd2",561nm Binned,488nm Binned,7,whole_field_foreground,stable_channel,896242,46585200.0,35885508.0,40.956634521484375,10699695.0,1279,0.0014270699208456788,483.4272675085478,13.0,3.3538813956843296,3.3538813956843296,screening metric for punctate-to-diffuse reporter redistribution; not rupture proof
E08,E,08,PLD3_mCherry_reporter_control,site0,39,"260319_Day39_WellE08_Channel405nm Binned,561nm Binned,488nm Binned_Seq0035.nd2",561nm Binned,488nm Binned,8,whole_field_foreground,stable_channel,865512,43081568.0,33751840.0,39.90187454223633,9329732.0,1189,0.0013737533390624581,422.96989327984966,13.0,3.617664473105592,3.617664473105592,screening metric for punctate-to-diffuse reporter redistribution; not rupture proof
E12,E,12,PLD3_mCherry_reporter_control,site0,8,"260216_Day8_iNeurons_WellE12_Channel405nm Binned,561nm Binned,488nm Binned_Seq0039.nd2",561nm Binned,488nm Binned,0,whole_field_foreground,stable_channel,772605,18504608.0,13062153.0,17.31889533996582,5442456.0,844,0.0010924081516414047,271.2851993144971,18.0,2.4000475153124987,2.4000475153124987,screening metric for punctate-to-diffuse reporter redistribution; not rupture proof
E12,E,12,PLD3_mCherry_reporter_control,site0,12,"260220_Day12_WellE12_Channel405nm Binned,561nm Binned,488nm Binned_Seq0039.nd2",561nm Binned,488nm Binned,1,whole_field_foreground,stable_channel,677494,17639048.0,13106283.0,19.808961868286133,4532764.0,717,0.0010583119555286713,251.81394596711695,18.0,2.8914549709618917,2.8914549709618917,screening metric for punctate-to-diffuse reporter redistribution; not rupture proof
E12,E,12,PLD3_mCherry_reporter_control,site0,16,"260224_day16_WellE12_Channel405nm Binned,561nm Binned,488nm Binned_Seq0039.nd2",561nm Binned,488nm Binned,2,whole_field_foreground,stable_channel,712989,26930780.0,20098288.0,28.86577796936035,6832493.0,789,0.0011066089378642494,373.8299958551791,15.0,2.941574619980885,2.941574619980885,screening metric for punctate-to-diffuse reporter redistribution; not rupture proof
E12,E,12,PLD3_mCherry_reporter_control,site0,20,"260228_day20_WellE12_Channel405nm Binned,561nm Binned,488nm Binned_Seq0039.nd2",561nm Binned,488nm Binned,3,whole_field_foreground,stable_channel,748996,29106484.0,22495078.0,30.73198890686035,6611405.0,975,0.0013017425994246942,357.44930599897333,13.0,3.402465587873772,3.402465587873772,screening metric for punctate-to-diffuse reporter redistribution; not rupture proof
E12,E,12,PLD3_mCherry_reporter_control,site0,25,"260305_day25_iNeurons_WellE12_Channel405nm Binned,561nm Binned,488nm Binned_Seq0039.nd2",561nm Binned,488nm Binned,4,whole_field_foreground,stable_channel,498628,15547657.0,12546292.0,25.712722778320312,3001365.0,763,0.0015301988656843775,259.68139314464,12.0,4.180195344450215,4.180195344450215,screening metric for punctate-to-diffuse reporter redistribution; not rupture proof
E12,E,12,PLD3_mCherry_reporter_control,site0,29,"260309_Day29_WellE12_Channel405nm Binned,561nm Binned,488nm Binned_Seq0039.nd2",561nm Binned,488nm Binned,5,whole_field_foreground,stable_channel,668880,29747916.0,23588288.0,36.05134582519531,6159628.0,1025,0.001532412390860046,387.09247905452077,12.0,3.829498794407092,3.829498794407092,screening metric for punctate-to-diffuse reporter redistribution; not rupture proof
E12,E,12,PLD3_mCherry_reporter_control,site0,32,"260312_Day32_WellE12_Channel405nm Binned,561 nm,488nm Binned_Seq0039.nd2",561nm Binned,488nm Binned,6,whole_field_foreground,stable_channel,748718,34906416.0,27055656.0,36.95729064941406,7850762.0,1093,0.001459828667133073,421.94969795694726,12.0,3.4462458548605284,3.4462458548605284,screening metric for punctate-to-diffuse reporter redistribution; not rupture proof
E12,E,12,PLD3_mCherry_reporter_control,site0,36,"260316_Day36_WellE12_Channel405nm Binned,561nm Binned,488nm Binned_Seq0039.nd2",561nm Binned,488nm Binned,7,whole_field_foreground,stable_channel,808231,41881656.0,32345340.0,40.94217300415039,9536319.0,1149,0.001421623273542562,467.85423104839805,13.0,3.3918055803289096,3.3918055803289096,screening metric for punctate-to-diffuse reporter redistribution; not rupture proof
E12,E,12,PLD3_mCherry_reporter_control,site0,39,"260319_Day39_WellE12_Channel405nm Binned,561nm Binned,488nm Binned_Seq0039.nd2",561nm Binned,488nm Binned,8,whole_field_foreground,stable_channel,838557,43376244.0,33938272.0,41.412376403808594,9437970.0,1164,0.0013880988412220182,449.13822634195543,13.0,3.5959292093529016,3.5959292093529016,screening metric for punctate-to-diffuse reporter redistribution; not rupture proof
E13,E,13,PLD3_mCherry_reporter_control,site0,8,"260216_Day8_iNeurons_WellE13_Channel405nm Binned,561nm Binned,488nm Binned_Seq0040.nd2",561nm Binned,488nm Binned,0,whole_field_foreground,stable_channel,720811,17296874.0,12174724.0,17.300792694091797,5122150.0,815,0.0011306708693386606,271.2446518412397,17.0,2.376877678318211,2.376877678318211,screening metric for punctate-to-diffuse reporter redistribution; not rupture proof
E13,E,13,PLD3_mCherry_reporter_control,site0,12,"260220_Day12_WellE13_Channel405nm Binned,561nm Binned,488nm Binned_Seq0040.nd2",561nm Binned,488nm Binned,1,whole_field_foreground,stable_channel,623765,16225268.0,12289168.0,20.172632217407227,3936100.0,705,0.001130233341080166,237.2771590212558,16.0,3.122168644088534,3.122168644088534,screening metric for punctate-to-diffuse reporter redistribution; not rupture proof
E13,E,13,PLD3_mCherry_reporter_control,site0,16,"260224_day16_WellE13_Channel405nm Binned,561nm Binned,488nm Binned_Seq0040.nd2",561nm Binned,488nm Binned,2,whole_field_foreground,stable_channel,656538,24911428.0,18831278.0,29.36536979675293,6080150.0,751,0.001143878952930152,362.37851925378794,15.0,3.0971732605276023,3.0971732605276023,screening metric for punctate-to-diffuse reporter redistribution; not rupture proof
E13,E,13,PLD3_mCherry_reporter_control,site0,20,"260228_day20_WellE13_Channel405nm Binned,561nm Binned,488nm Binned_Seq0040.nd2",561nm Binned,488nm Binned,3,whole_field_foreground,stable_channel,678760,27146864.0,20974652.0,31.619712829589844,6172213.0,861,0.001268489598678077,371.66299346321273,13.0,3.3982385248202873,3.3982385248202873,screening metric for punctate-to-diffuse reporter redistribution; not rupture proof
E13,E,13,PLD3_mCherry_reporter_control,site0,25,"260305_day25_iNeurons_WellE13_Channel405nm Binned,561nm Binned,488nm Binned_Seq0040.nd2",561nm Binned,488nm Binned,4,whole_field_foreground,stable_channel,460589,14431651.0,11812557.0,26.205169677734375,2619094.0,697,0.001513279735292173,245.4553886862362,11.0,4.5101691653661495,4.5101691653661495,screening metric for punctate-to-diffuse reporter redistribution; not rupture proof
E13,E,13,PLD3_mCherry_reporter_control,site0,29,"260309_Day29_WellE13_Channel405nm Binned,561nm Binned,488nm Binned_Seq0040.nd2",561nm Binned,488nm Binned,5,whole_field_foreground,stable_channel,653776,29391240.0,23274864.0,36.40309524536133,6116376.0,997,0.0015249871515602821,385.16259294240143,11.0,3.8053357085954485,3.8053357085954485,screening metric for punctate-to-diffuse reporter redistribution; not rupture proof
E13,E,13,PLD3_mCherry_reporter_control,site0,32,"260312_Day32_WellE13_Channel405nm Binned,561 nm,488nm Binned_Seq0040.nd2",561nm Binned,488nm Binned,6,whole_field_foreground,stable_channel,716834,33550652.0,26263166.0,37.478118896484375,7287484.0,1056,0.0014731444100008187,414.2893466804967,12.0,3.6038728867187078,3.6038728867187078,screening metric for punctate-to-diffuse reporter redistribution; not rupture proof
E13,E,13,PLD3_mCherry_reporter_control,site0,36,"260316_Day36_WellE13_Channel405nm Binned,561nm Binned,488nm Binned_Seq0040.nd2",561nm Binned,488nm Binned,7,whole_field_foreground,stable_channel,774692,39198376.0,30682472.0,40.504966735839844,8515906.0,1117,0.001441863346979907,447.35456202002433,12.0,3.6029603896516,3.6029603896516,screening metric for punctate-to-diffuse reporter redistribution; not rupture proof
E13,E,13,PLD3_mCherry_reporter_control,site0,39,"260319_Day39_WellE13_Channel405nm Binned,561nm Binned,488nm Binned_Seq0040.nd2",561nm Binned,488nm Binned,8,whole_field_foreground,stable_channel,750055,40459576.0,31963672.0,43.588924407958984,8495903.0,1034,0.0013785655718562258,458.7376609521862,13.0,3.7622454022834577,3.7622454022834577,screening metric for punctate-to-diffuse reporter redistribution; not rupture proof
E14,E,14,PLD3_mCherry_reporter_control,site0,8,"260216_Day8_iNeurons_WellE14_Channel405nm Binned,561nm Binned,488nm Binned_Seq0041.nd2",561nm Binned,488nm Binned,0,whole_field_foreground,stable_channel,800228,18942654.0,13516427.0,17.30350685119629,5426227.0,858,0.0010721944245876522,260.1260855436881,19.0,2.4909438915838775,2.4909438915838775,screening metric for punctate-to-diffuse reporter redistribution; not rupture proof
E14,E,14,PLD3_mCherry_reporter_control,site0,12,"260220_Day12_WellE14_Channel405nm Binned,561nm Binned,488nm Binned_Seq0041.nd2",561nm Binned,488nm Binned,1,whole_field_foreground,stable_channel,711502,17881432.0,13307320.0,19.155574798583984,4574113.0,726,0.0010203766117298048,235.10789854401727,18.0,2.9092678733553567,2.9092678733553567,screening metric for punctate-to-diffuse reporter redistribution; not rupture proof
E14,E,14,PLD3_mCherry_reporter_control,site0,16,"260224_day16_WellE14_Channel405nm Binned,561nm Binned,488nm Binned_Seq0041.nd2",561nm Binned,488nm Binned,2,whole_field_foreground,stable_channel,795442,28242448.0,20886810.0,26.88962173461914,7355637.0,826,0.0010384163773084166,356.54253647922025,17.0,2.8395650845735263,2.8395650845735263,screening metric for punctate-to-diffuse reporter redistribution; not rupture proof
E14,E,14,PLD3_mCherry_reporter_control,site0,20,"260228_day20_WellE14_Channel405nm Binned,561nm Binned,488nm Binned_Seq0041.nd2",561nm Binned,488nm Binned,3,whole_field_foreground,stable_channel,818714,30053608.0,22781818.0,28.483219146728516,7271789.0,1018,0.0012434134508494499,357.1982861951667,14.0,3.132904158797356,3.132904158797356,screening metric for punctate-to-diffuse reporter redistribution; not rupture proof
E14,E,14,PLD3_mCherry_reporter_control,site0,25,"260305_day25_iNeurons_WellE14_Channel405nm Binned,561nm Binned,488nm Binned_Seq0041.nd2",561nm Binned,488nm Binned,4,whole_field_foreground,stable_channel,509607,15315658.0,12448617.0,24.965438842773438,2867041.0,782,0.0015345158131628205,242.39011693305676,11.5,4.341973832950299,4.341973832950299,screening metric for punctate-to-diffuse reporter redistribution; not rupture proof
E14,E,14,PLD3_mCherry_reporter_control,site0,29,"260309_Day29_WellE14_Channel405nm Binned,561nm Binned,488nm Binned_Seq0041.nd2",561nm Binned,488nm Binned,5,whole_field_foreground,stable_channel,742366,31548316.0,24720924.0,34.046966552734375,6827393.0,1122,0.0015113838726429937,380.8023690888376,12.0,3.6208438565051666,3.6208438565051666,screening metric for punctate-to-diffuse reporter redistribution; not rupture proof
E14,E,14,PLD3_mCherry_reporter_control,site0,32,"260312_Day32_WellE14_Channel405nm Binned,561 nm,488nm Binned_Seq0041.nd2",561nm Binned,488nm Binned,6,whole_field_foreground,stable_channel,827368,36803320.0,28139430.0,34.792396545410156,8663891.0,1190,0.0014382958973498633,422.37656198709954,13.0,3.247897509328863,3.247897509328863,screening metric for punctate-to-diffuse reporter redistribution; not rupture proof
E14,E,14,PLD3_mCherry_reporter_control,site0,36,"260316_Day36_WellE14_Channel405nm Binned,561nm Binned,488nm Binned_Seq0041.nd2",561nm Binned,488nm Binned,7,whole_field_foreground,stable_channel,887267,43691152.0,33256712.0,38.349884033203125,10434440.0,1196,0.001347959520638829,466.02809934073866,13.0,3.1872062132703634,3.1872062132703634,screening metric for punctate-to-diffuse reporter redistribution; not rupture proof
E14,E,14,PLD3_mCherry_reporter_control,site0,39,"260319_Day39_WellE14_Channel405nm Binned,561nm Binned,488nm Binned_Seq0041.nd2",561nm Binned,488nm Binned,8,whole_field_foreground,stable_channel,908002,45768092.0,35083264.0,39.537567138671875,10684829.0,1235,0.0013601291627095974,458.0938195232438,13.0,3.2834651822688707,3.2834651822688707,screening metric for punctate-to-diffuse reporter redistribution; not rupture proof
E15,E,15,PLD3_mCherry_reporter_control,site0,8,"260216_Day8_iNeurons_WellE15_Channel405nm Binned,561nm Binned,488nm Binned_Seq0042.nd2",561nm Binned,488nm Binned,0,whole_field_foreground,stable_channel,695088,16084530.0,11433973.0,16.84933090209961,4650557.0,759,0.0010919480698831055,256.4722065479545,18.0,2.4586244185368638,2.4586244185368638,screening metric for punctate-to-diffuse reporter redistribution; not rupture proof
E15,E,15,PLD3_mCherry_reporter_control,site0,12,"260220_Day12_WellE15_Channel405nm Binned,561nm Binned,488nm Binned_Seq0042.nd2",561nm Binned,488nm Binned,1,whole_field_foreground,stable_channel,613976,15320044.0,11604013.0,19.352245330810547,3716031.0,664,0.0010814754974118183,228.26785857418935,16.0,3.1226900421435877,3.1226900421435877,screening metric for punctate-to-diffuse reporter redistribution; not rupture proof
E15,E,15,PLD3_mCherry_reporter_control,site0,16,"260224_day16_WellE15_Channel405nm Binned,561nm Binned,488nm Binned_Seq0042.nd2",561nm Binned,488nm Binned,2,whole_field_foreground,stable_channel,637047,23827692.0,17962924.0,28.85934829711914,5864768.0,675,0.0010595764519712681,365.4185489456742,15.0,3.0628532961571433,3.0628532961571433,screening metric for punctate-to-diffuse reporter redistribution; not rupture proof
E15,E,15,PLD3_mCherry_reporter_control,site0,20,"260228_day20_WellE15_Channel405nm Binned,561nm Binned,488nm Binned_Seq0042.nd2",561nm Binned,488nm Binned,3,whole_field_foreground,stable_channel,665614,26842568.0,20672306.0,31.782033920288086,6170262.0,845,0.0012695045476788806,373.76174905088527,13.0,3.350312515092009,3.350312515092009,screening metric for punctate-to-diffuse reporter redistribution; not rupture proof
E15,E,15,PLD3_mCherry_reporter_control,site0,25,"260305_day25_iNeurons_WellE15_Channel405nm Binned,561nm Binned,488nm Binned_Seq0042.nd2",561nm Binned,488nm Binned,4,whole_field_foreground,stable_channel,474004,15177474.0,12190804.0,26.2918701171875,2986670.0,719,0.0015168648365804574,265.2357440784014,12.0,4.08173785520192,4.08173785520192,screening metric for punctate-to-diffuse reporter redistribution; not rupture proof
E15,E,15,PLD3_mCherry_reporter_control,site0,29,"260309_Day29_WellE15_Channel405nm Binned,561nm Binned,488nm Binned_Seq0042.nd2",561nm Binned,488nm Binned,5,whole_field_foreground,stable_channel,626998,27443538.0,21753870.0,35.47088623046875,5689668.0,972,0.0015502441794047984,378.6516572143806,11.0,3.823398834518319,3.823398834518319,screening metric for punctate-to-diffuse reporter redistribution; not rupture proof
E15,E,15,PLD3_mCherry_reporter_control,site0,32,"260312_Day32_WellE15_Channel405nm Binned,561 nm,488nm Binned_Seq0042.nd2",561nm Binned,488nm Binned,6,whole_field_foreground,stable_channel,668589,30637898.0,24202412.0,37.01200866699219,6435486.0,966,0.0014448338216730386,400.71527366559206,12.0,3.760774555332144,3.760774555332144,screening metric for punctate-to-diffuse reporter redistribution; not rupture proof
E15,E,15,PLD3_mCherry_reporter_control,site0,36,"260316_Day36_WellE15_Channel405nm Binned,561nm Binned,488nm Binned_Seq0042.nd2",561nm Binned,488nm Binned,7,whole_field_foreground,stable_channel,740584,36714888.0,28551576.0,39.435115814208984,8163313.0,1052,0.0014205005779203703,446.64478407885184,13.0,3.497547625577569,3.497547625577569,screening metric for punctate-to-diffuse reporter redistribution; not rupture proof
E15,E,15,PLD3_mCherry_reporter_control,site0,39,"260319_Day39_WellE15_Channel405nm Binned,561nm Binned,488nm Binned_Seq0042.nd2",561nm Binned,488nm Binned,8,whole_field_foreground,stable_channel,695134,35845400.0,28008300.0,41.21916580200195,7837100.0,938,0.0013493801195145836,455.29217984783116,13.0,3.573809189623257,3.573809189623257,screening metric for punctate-to-diffuse reporter redistribution; not rupture proof
E16,E,16,PLD3_mCherry_reporter_control,site0,8,"260216_Day8_iNeurons_WellE16_Channel405nm Binned,561nm Binned,488nm Binned_Seq0043.nd2",561nm Binned,488nm Binned,0,whole_field_foreground,stable_channel,794167,19447380.0,13966410.0,18.012969970703125,5480970.0,892,0.00112318945511319,265.62951028935043,17.0,2.5481639198896273,2.5481639198896273,screening metric for punctate-to-diffuse reporter redistribution; not rupture proof
E16,E,16,PLD3_mCherry_reporter_control,site0,12,"260220_Day12_WellE16_Channel405nm Binned,561nm Binned,488nm Binned_Seq0043.nd2",561nm Binned,488nm Binned,1,whole_field_foreground,stable_channel,701080,19051408.0,14484728.0,21.154821395874023,4566680.0,752,0.0010726307981955374,248.5249159183908,17.0,3.171828987359926,3.171828987359926,screening metric for punctate-to-diffuse reporter redistribution; not rupture proof
E16,E,16,PLD3_mCherry_reporter_control,site0,16,"260224_day16_WellE16_Channel405nm Binned,561nm Binned,488nm Binned_Seq0043.nd2",561nm Binned,488nm Binned,2,whole_field_foreground,stable_channel,760224,29265416.0,22081052.0,29.736787796020508,7184363.0,838,0.0011023066885535021,371.3271114558764,16.0,3.073487795646869,3.073487795646869,screening metric for punctate-to-diffuse reporter redistribution; not rupture proof
E16,E,16,PLD3_mCherry_reporter_control,site0,20,"260228_day20_WellE16_Channel405nm Binned,561nm Binned,488nm Binned_Seq0043.nd2",561nm Binned,488nm Binned,3,whole_field_foreground,stable_channel,776726,32063836.0,24773212.0,32.63519287109375,7290622.0,954,0.0012282323496300778,381.4327514456503,14.0,3.397955894572041,3.397955894572041,screening metric for punctate-to-diffuse reporter redistribution; not rupture proof
E16,E,16,PLD3_mCherry_reporter_control,site0,25,"260305_day25_iNeurons_WellE16_Channel405nm Binned,561nm Binned,488nm Binned_Seq0043.nd2",561nm Binned,488nm Binned,4,whole_field_foreground,stable_channel,525554,16962840.0,13782121.0,26.801420211791992,3180718.0,817,0.0015545500557477357,257.7337020817994,11.0,4.333021978055165,4.333021978055165,screening metric for punctate-to-diffuse reporter redistribution; not rupture proof
E16,E,16,PLD3_mCherry_reporter_control,site0,29,"260309_Day29_WellE16_Channel405nm Binned,561nm Binned,488nm Binned_Seq0043.nd2",561nm Binned,488nm Binned,5,whole_field_foreground,stable_channel,691709,33970188.0,27069996.0,40.005313873291016,6900190.0,1072,0.0015497846637797833,418.43708663200266,11.0,3.9230797992513358,3.9230797992513358,screening metric for punctate-to-diffuse reporter redistribution; not rupture proof
E16,E,16,PLD3_mCherry_reporter_control,site0,32,"260312_Day32_WellE16_Channel405nm Binned,561 nm,488nm Binned_Seq0043.nd2",561nm Binned,488nm Binned,6,whole_field_foreground,stable_channel,796748,38298048.0,30175216.0,38.73439407348633,8122833.0,1185,0.0014872958576595268,417.9940795383373,12.0,3.714863521138042,3.714863521138042,screening metric for punctate-to-diffuse reporter redistribution; not rupture proof
E16,E,16,PLD3_mCherry_reporter_control,site0,36,"260316_Day36_WellE16_Channel405nm Binned,561nm Binned,488nm Binned_Seq0043.nd2",561nm Binned,488nm Binned,7,whole_field_foreground,stable_channel,853723,44845232.0,35276888.0,42.257991790771484,9568345.0,1224,0.001433720305062141,459.15360243803536,13.0,3.6868327803811747,3.6868327803811747,screening metric for punctate-to-diffuse reporter redistribution; not rupture proof
E16,E,16,PLD3_mCherry_reporter_control,site0,39,"260319_Day39_WellE16_Channel405nm Binned,561nm Binned,488nm Binned_Seq0043.nd2",561nm Binned,488nm Binned,8,whole_field_foreground,stable_channel,818419,45118440.0,35736704.0,44.666133880615234,9381737.0,1113,0.0013599391020964078,460.44518305392063,13.0,3.8091777674002363,3.8091777674002363,screening metric for punctate-to-diffuse reporter redistribution; not rupture proof
E20,E,20,PLD3_mCherry_reporter_control,site0,8,"260216_Day8_iNeurons_WellE20_Channel405nm Binned,561nm Binned,488nm Binned_Seq0047.nd2",561nm Binned,488nm Binned,0,whole_field_foreground,stable_channel,678696,16622161.0,11907103.0,17.967859268188477,4715058.0,754,0.0011109539469790436,272.37771482998875,18.0,2.525335425353723,2.525335425353723,screening metric for punctate-to-diffuse reporter redistribution; not rupture proof
E20,E,20,PLD3_mCherry_reporter_control,site0,12,"260220_Day12_WellE20_Channel405nm Binned,561nm Binned,488nm Binned_Seq0047.nd2",561nm Binned,488nm Binned,1,whole_field_foreground,stable_channel,607053,16006723.0,11958057.0,20.172466278076172,4048666.0,653,0.0010756886136777586,254.1287762348356,17.0,2.953579524711855,2.953579524711855,screening metric for punctate-to-diffuse reporter redistribution; not rupture proof
E20,E,20,PLD3_mCherry_reporter_control,site0,16,"260224_day16_WellE20_Channel405nm Binned,561nm Binned,488nm Binned_Seq0047.nd2",561nm Binned,488nm Binned,2,whole_field_foreground,stable_channel,655162,24054680.0,17930400.0,28.023693084716797,6124279.0,724,0.001105070196377224,367.521415204633,16.0,2.927756883707792,2.927756883707792,screening metric for punctate-to-diffuse reporter redistribution; not rupture proof
E20,E,20,PLD3_mCherry_reporter_control,site0,20,"260228_day20_WellE20_Channel405nm Binned,561nm Binned,488nm Binned_Seq0047.nd2",561nm Binned,488nm Binned,3,whole_field_foreground,stable_channel,668827,25302798.0,19565308.0,29.932254791259766,5737490.0,853,0.0012753671726750335,346.79170060688836,13.0,3.4100814119060057,3.4100814119060057,screening metric for punctate-to-diffuse reporter redistribution; not rupture proof
E20,E,20,PLD3_mCherry_reporter_control,site0,25,"260305_day25_iNeurons_WellE20_Channel405nm Binned,561nm Binned,488nm Binned_Seq0047.nd2",561nm Binned,488nm Binned,4,whole_field_foreground,stable_channel,456404,13964734.0,11493698.0,25.7263240814209,2471036.0,682,0.0014942901464459245,236.61086928739576,12.0,4.651368090143304,4.651368090143304,screening metric for punctate-to-diffuse reporter redistribution; not rupture proof
E20,E,20,PLD3_mCherry_reporter_control,site0,29,"260309_Day29_WellE20_Channel405nm Binned,561nm Binned,488nm Binned_Seq0047.nd2",561nm Binned,488nm Binned,5,whole_field_foreground,stable_channel,616328,25625896.0,20527960.0,34.051918029785156,5097936.0,933,0.0015138043379474666,343.5823701979135,12.0,4.026719833280757,4.026719833280757,screening metric for punctate-to-diffuse reporter redistribution; not rupture proof
E20,E,20,PLD3_mCherry_reporter_control,site0,32,"260312_Day32_WellE20_Channel405nm Binned,561 nm,488nm Binned_Seq0047.nd2",561nm Binned,488nm Binned,6,whole_field_foreground,stable_channel,659703,28766400.0,22989960.0,35.63174819946289,5776438.0,983,0.0014900644684024628,361.6899485156349,12.0,3.979954428662788,3.979954428662788,screening metric for punctate-to-diffuse reporter redistribution; not rupture proof
E20,E,20,PLD3_mCherry_reporter_control,site0,36,"260316_Day36_WellE20_Channel405nm Binned,561nm Binned,488nm Binned_Seq0047.nd2",561nm Binned,488nm Binned,7,whole_field_foreground,stable_channel,759673,34592688.0,27160490.0,36.570526123046875,7432200.0,1059,0.0013940208484421665,388.0853183447358,12.0,3.6544347568682682,3.6544347568682682,screening metric for punctate-to-diffuse reporter redistribution; not rupture proof
E20,E,20,PLD3_mCherry_reporter_control,site0,39,"260319_Day39_WellE20_Channel405nm Binned,561nm Binned,488nm Binned_Seq0047.nd2",561nm Binned,488nm Binned,8,whole_field_foreground,stable_channel,766448,35340884.0,27929050.0,37.28123474121094,7411832.0,1025,0.0013373379537798555,385.21092401271915,13.0,3.7681709461299486,3.7681709461299486,screening metric for punctate-to-diffuse reporter redistribution; not rupture proof
E17,E,17,PLD3_mCherry_reporter_control,site0,8,"260216_Day8_iNeurons_WellE17_Channel405nm Binned,561nm Binned,488nm Binned_Seq0044.nd2",561nm Binned,488nm Binned,0,whole_field_foreground,stable_channel,854733,20619400.0,14457502.0,17.327177047729492,6161899.0,893,0.0010447707061725185,273.1883339534815,18.0,2.346273770472001,2.346273770472001,screening metric for punctate-to-diffuse reporter redistribution; not rupture proof
E17,E,17,PLD3_mCherry_reporter_control,site0,12,"260220_Day12_WellE17_Channel405nm Binned,561nm Binned,488nm Binned_Seq0044.nd2",561nm Binned,488nm Binned,1,whole_field_foreground,stable_channel,768147,19290272.0,14351171.0,19.135175704956055,4939100.0,781,0.0010167324743818348,238.19345892834144,17.0,2.9056247089544844,2.9056247089544844,screening metric for punctate-to-diffuse reporter redistribution; not rupture proof
E17,E,17,PLD3_mCherry_reporter_control,site0,16,"260224_day16_WellE17_Channel405nm Binned,561nm Binned,488nm Binned_Seq0044.nd2",561nm Binned,488nm Binned,2,whole_field_foreground,stable_channel,849172,28582352.0,20872268.0,25.171571731567383,7710085.0,811,0.0009550479761450506,349.1320104446129,18.0,2.7071385075517704,2.7071385075517704,screening metric for punctate-to-diffuse reporter redistribution; not rupture proof
E17,E,17,PLD3_mCherry_reporter_control,site0,20,"260228_day20_WellE17_Channel405nm Binned,561nm Binned,488nm Binned_Seq0044.nd2",561nm Binned,488nm Binned,3,whole_field_foreground,stable_channel,864022,29577128.0,22046210.0,26.12302017211914,7530919.0,997,0.0011539058033231168,336.8056191891103,15.0,2.9274262543518357,2.9274262543518357,screening metric for punctate-to-diffuse reporter redistribution; not rupture proof
E17,E,17,PLD3_mCherry_reporter_control,site0,25,"260305_day25_iNeurons_WellE17_Channel405nm Binned,561nm Binned,488nm Binned_Seq0044.nd2",561nm Binned,488nm Binned,4,whole_field_foreground,stable_channel,534761,16206698.0,12882599.0,24.629953384399414,3324099.0,808,0.001510955361364215,258.31994158678714,12.0,3.8755160420902404,3.8755160420902404,screening metric for punctate-to-diffuse reporter redistribution; not rupture proof
E17,E,17,PLD3_mCherry_reporter_control,site0,29,"260309_Day29_WellE17_Channel405nm Binned,561nm Binned,488nm Binned_Seq0044.nd2",561nm Binned,488nm Binned,5,whole_field_foreground,stable_channel,736287,29829204.0,23150252.0,32.158756256103516,6678951.0,1121,0.0015225041322181126,368.36128903200967,12.0,3.4661508970490327,3.4661508970490327,screening metric for punctate-to-diffuse reporter redistribution; not rupture proof
E17,E,17,PLD3_mCherry_reporter_control,site0,32,"260312_Day32_WellE17_Channel405nm Binned,561 nm,488nm Binned_Seq0044.nd2",561nm Binned,488nm Binned,6,whole_field_foreground,stable_channel,831712,34623868.0,26391024.0,32.46619415283203,8232844.0,1164,0.001399522911775471,390.6039825911374,13.0,3.2055780481200413,3.2055780481200413,screening metric for punctate-to-diffuse reporter redistribution; not rupture proof
E17,E,17,PLD3_mCherry_reporter_control,site0,36,"260316_Day36_WellE17_Channel405nm Binned,561nm Binned,488nm Binned_Seq0044.nd2",561nm Binned,488nm Binned,7,whole_field_foreground,stable_channel,918967,40429624.0,30476116.0,33.930023193359375,9953508.0,1198,0.0013036376714274792,426.5824086057125,13.0,3.0618467378533216,3.0618467378533216,screening metric for punctate-to-diffuse reporter redistribution; not rupture proof
E17,E,17,PLD3_mCherry_reporter_control,site0,39,"260319_Day39_WellE17_Channel405nm Binned,561nm Binned,488nm Binned_Seq0044.nd2",561nm Binned,488nm Binned,8,whole_field_foreground,stable_channel,917093,39901224.0,30284416.0,33.7988166809082,9616808.0,1214,0.001323747973213923,403.18861648081946,13.0,3.149113094490069,3.149113094490069,screening metric for punctate-to-diffuse reporter redistribution; not rupture proof
E19,E,19,PLD3_mCherry_reporter_control,site0,8,"260216_Day8_iNeurons_WellE19_Channel405nm Binned,561nm Binned,488nm Binned_Seq0046.nd2",561nm Binned,488nm Binned,0,whole_field_foreground,stable_channel,781835,19635854.0,14177919.0,18.573530197143555,5457935.0,875,0.0011191619715142976,271.90221834891184,18.0,2.5976709139990493,2.5976709139990493,screening metric for punctate-to-diffuse reporter redistribution; not rupture proof
E19,E,19,PLD3_mCherry_reporter_control,site0,12,"260220_Day12_WellE19_Channel405nm Binned,561nm Binned,488nm Binned_Seq0046.nd2",561nm Binned,488nm Binned,1,whole_field_foreground,stable_channel,698208,19526312.0,14937642.0,21.905141830444336,4588671.0,749,0.0010727462303481588,250.35984219600743,17.0,3.2553307918560175,3.2553307918560175,screening metric for punctate-to-diffuse reporter redistribution; not rupture proof
E19,E,19,PLD3_mCherry_reporter_control,site0,16,"260224_day16_WellE19_Channel405nm Binned,561nm Binned,488nm Binned_Seq0046.nd2",561nm Binned,488nm Binned,2,whole_field_foreground,stable_channel,756314,28972644.0,22109146.0,29.92996597290039,6863499.0,833,0.0011013943943902912,355.41149503014094,16.0,3.221264547426433,3.221264547426433,screening metric for punctate-to-diffuse reporter redistribution; not rupture proof
E19,E,19,PLD3_mCherry_reporter_control,site0,20,"260228_day20_WellE19_Channel405nm Binned,561nm Binned,488nm Binned_Seq0046.nd2",561nm Binned,488nm Binned,3,whole_field_foreground,stable_channel,782394,31090884.0,24273316.0,31.745676040649414,6817568.0,1001,0.001279406539414567,354.32252035988915,14.0,3.5604068782293683,3.5604068782293683,screening metric for punctate-to-diffuse reporter redistribution; not rupture proof
E19,E,19,PLD3_mCherry_reporter_control,site0,25,"260305_day25_iNeurons_WellE19_Channel405nm Binned,561nm Binned,488nm Binned_Seq0046.nd2",561nm Binned,488nm Binned,4,whole_field_foreground,stable_channel,511417,16042368.0,13058215.0,26.088462829589844,2984153.0,784,0.0015329955789472524,249.28699606292102,11.0,4.3758530477477615,4.3758530477477615,screening metric for punctate-to-diffuse reporter redistribution; not rupture proof
E19,E,19,PLD3_mCherry_reporter_control,site0,29,"260309_Day29_WellE19_Channel405nm Binned,561nm Binned,488nm Binned_Seq0046.nd2",561nm Binned,488nm Binned,5,whole_field_foreground,stable_channel,736343,32334970.0,25908774.0,35.9694709777832,6426196.0,1114,0.0015128819042192119,367.6613648995035,11.0,4.031743507355824,4.031743507355824,screening metric for punctate-to-diffuse reporter redistribution; not rupture proof
E19,E,19,PLD3_mCherry_reporter_control,site0,32,"260312_Day32_WellE19_Channel405nm Binned,561 nm,488nm Binned_Seq0046.nd2",561nm Binned,488nm Binned,6,whole_field_foreground,stable_channel,821267,38943188.0,30571548.0,38.07005310058594,8371640.0,1215,0.0014794214305439285,418.22036792142893,12.0,3.651799169576851,3.651799169576851,screening metric for punctate-to-diffuse reporter redistribution; not rupture proof
E19,E,19,PLD3_mCherry_reporter_control,site0,36,"260316_Day36_WellE19_Channel405nm Binned,561nm Binned,488nm Binned_Seq0046.nd2",561nm Binned,488nm Binned,7,whole_field_foreground,stable_channel,873420,44536860.0,35111512.0,41.1132698059082,9425348.0,1270,0.0014540541778280162,441.60165957953984,12.0,3.725221816743135,3.725221816743135,screening metric for punctate-to-diffuse reporter redistribution; not rupture proof
E19,E,19,PLD3_mCherry_reporter_control,site0,39,"260319_Day39_WellE19_Channel405nm Binned,561nm Binned,488nm Binned_Seq0046.nd2",561nm Binned,488nm Binned,8,whole_field_foreground,stable_channel,867460,45123752.0,35679828.0,42.0697135925293,9443922.0,1213,0.00139833536992899,439.08286553970174,13.0,3.778073135292331,3.778073135292331,screening metric for punctate-to-diffuse reporter redistribution; not rupture proof
F05,F,05,PLD3_TMEM106B_mCherry_primary,site0,8,"260216_Day8_iNeurons_WellF05_Channel405nm Binned,561nm Binned,488nm Binned_Seq0048.nd2",561nm Binned,488nm Binned,0,whole_field_foreground,stable_channel,821551,16967708.0,12815772.0,15.97984504699707,4151936.0,882,0.001073579120467173,193.50945354643324,19.0,3.0866978681744888,3.0866978681744888,screening metric for punctate-to-diffuse reporter redistribution; not rupture proof
F05,F,05,PLD3_TMEM106B_mCherry_primary,site0,12,"260220_Day12_WellF05_Channel405nm Binned,561nm Binned,488nm Binned_Seq0048.nd2",561nm Binned,488nm Binned,1,whole_field_foreground,stable_channel,741056,14103472.0,11570909.0,15.988101959228516,2532563.0,802,0.0010822393989103627,126.48821694238525,16.0,4.568853371069321,4.568853371069321,screening metric for punctate-to-diffuse reporter redistribution; not rupture proof
F05,F,05,PLD3_TMEM106B_mCherry_primary,site0,16,"260224_day16_WellF05_Channel405nm Binned,561nm Binned,488nm Binned_Seq0048.nd2",561nm Binned,488nm Binned,2,whole_field_foreground,stable_channel,760479,15397702.0,12640502.0,17.019065856933594,2757200.0,805,0.0010585433654301322,140.45955922381478,17.0,4.584543014650884,4.584543014650884,screening metric for punctate-to-diffuse reporter redistribution; not rupture proof
F05,F,05,PLD3_TMEM106B_mCherry_primary,site0,20,"260228_day20_WellF05_Channel405nm Binned,561nm Binned,488nm Binned_Seq0048.nd2",561nm Binned,488nm Binned,3,whole_field_foreground,stable_channel,778912,14878622.0,12419430.0,16.31887435913086,2459192.0,874,0.0011220779754309573,126.05006855194301,14.0,5.0502075478429305,5.0502075478429305,screening metric for punctate-to-diffuse reporter redistribution; not rupture proof
F05,F,05,PLD3_TMEM106B_mCherry_primary,site0,25,"260305_day25_iNeurons_WellF05_Channel405nm Binned,561nm Binned,488nm Binned_Seq0048.nd2",561nm Binned,488nm Binned,4,whole_field_foreground,stable_channel,507224,8126004.0,7087563.0,14.272924423217773,1038441.0,725,0.0014293487689828767,86.25627185163827,11.0,6.825195653863026,6.825195653863026,screening metric for punctate-to-diffuse reporter redistribution; not rupture proof
F05,F,05,PLD3_TMEM106B_mCherry_primary,site0,29,"260309_Day29_WellF05_Channel405nm Binned,561nm Binned,488nm Binned_Seq0048.nd2",561nm Binned,488nm Binned,5,whole_field_foreground,stable_channel,742064,14562475.0,12499563.0,17.21055793762207,2062912.0,1083,0.001459442851288488,119.57658247802397,12.0,6.0591838139455,6.0591838139455,screening metric for punctate-to-diffuse reporter redistribution; not rupture proof
F05,F,05,PLD3_TMEM106B_mCherry_primary,site0,32,"260312_Day32_WellF05_Channel405nm Binned,561 nm,488nm Binned_Seq0048.nd2",561nm Binned,488nm Binned,6,whole_field_foreground,stable_channel,816435,16220209.0,13902530.0,17.407058715820312,2317679.0,1144,0.0014012138137127865,118.08102723435088,11.0,5.998470884015433,5.998470884015433,screening metric for punctate-to-diffuse reporter redistribution; not rupture proof
F05,F,05,PLD3_TMEM106B_mCherry_primary,site0,36,"260316_Day36_WellF05_Channel405nm Binned,561nm Binned,488nm Binned_Seq0048.nd2",561nm Binned,488nm Binned,7,whole_field_foreground,stable_channel,888015,18711934.0,16076393.0,18.50609588623047,2635541.0,1202,0.0013535807390625682,122.75549576008775,12.0,6.099845534557763,6.099845534557763,screening metric for punctate-to-diffuse reporter redistribution; not rupture proof
F05,F,05,PLD3_TMEM106B_mCherry_primary,site0,39,"260319_Day39_WellF05_Channel405nm Binned,561nm Binned,488nm Binned_Seq0048.nd2",561nm Binned,488nm Binned,8,whole_field_foreground,stable_channel,841046,21432812.0,18759328.0,22.803035736083984,2673484.0,1134,0.0013483210193005516,129.0282809410566,12.0,7.0168095264430175,7.0168095264430175,screening metric for punctate-to-diffuse reporter redistribution; not rupture proof
E18,E,18,PLD3_mCherry_reporter_control,site0,8,"260216_Day8_iNeurons_WellE18_Channel405nm Binned,561nm Binned,488nm Binned_Seq0045.nd2",561nm Binned,488nm Binned,0,whole_field_foreground,stable_channel,829051,21442444.0,15287247.0,18.88827896118164,6155197.0,938,0.0011314141108313826,286.70920565997613,17.0,2.483632449131606,2.483632449131606,screening metric for punctate-to-diffuse reporter redistribution; not rupture proof
E18,E,18,PLD3_mCherry_reporter_control,site0,12,"260220_Day12_WellE18_Channel405nm Binned,561nm Binned,488nm Binned_Seq0045.nd2",561nm Binned,488nm Binned,1,whole_field_foreground,stable_channel,782127,22435176.0,16982760.0,22.234039306640625,5452416.0,874,0.0011174655778395102,269.4439874819269,16.5,3.1147219874633345,3.1147219874633345,screening metric for punctate-to-diffuse reporter redistribution; not rupture proof
E18,E,18,PLD3_mCherry_reporter_control,site0,16,"260224_day16_WellE18_Channel405nm Binned,561nm Binned,488nm Binned_Seq0045.nd2",561nm Binned,488nm Binned,2,whole_field_foreground,stable_channel,820307,33478792.0,25425012.0,31.72538948059082,8053779.0,932,0.0011361599986332725,388.9128409618983,15.0,3.156904603416215,3.156904603416215,screening metric for punctate-to-diffuse reporter redistribution; not rupture proof
E18,E,18,PLD3_mCherry_reporter_control,site0,20,"260228_day20_WellE18_Channel405nm Binned,561nm Binned,488nm Binned_Seq0045.nd2",561nm Binned,488nm Binned,3,whole_field_foreground,stable_channel,822060,34976928.0,27268616.0,33.93606948852539,7708312.0,1129,0.001373379072085525,384.0165039143592,13.0,3.537559974219578,3.537559974219578,screening metric for punctate-to-diffuse reporter redistribution; not rupture proof
E18,E,18,PLD3_mCherry_reporter_control,site0,25,"260305_day25_iNeurons_WellE18_Channel405nm Binned,561nm Binned,488nm Binned_Seq0045.nd2",561nm Binned,488nm Binned,4,whole_field_foreground,stable_channel,605641,19237676.0,15687153.0,26.4719181060791,3550523.0,966,0.0015950043012253215,251.63499205847953,11.0,4.418265421740848,4.418265421740848,screening metric for punctate-to-diffuse reporter redistribution; not rupture proof
E18,E,18,PLD3_mCherry_reporter_control,site0,29,"260309_Day29_WellE18_Channel405nm Binned,561nm Binned,488nm Binned_Seq0045.nd2",561nm Binned,488nm Binned,5,whole_field_foreground,stable_channel,800975,37194008.0,29648680.0,37.842002868652344,7545327.0,1255,0.0015668404132443998,397.17747070798833,11.0,3.929409553753743,3.929409553753743,screening metric for punctate-to-diffuse reporter redistribution; not rupture proof
E18,E,18,PLD3_mCherry_reporter_control,site0,32,"260312_Day32_WellE18_Channel405nm Binned,561 nm,488nm Binned_Seq0045.nd2",561nm Binned,488nm Binned,6,whole_field_foreground,stable_channel,906124,42966176.0,33885280.0,38.234493255615234,9080897.0,1364,0.0015053127386522095,416.4302019024175,12.0,3.7314904023243813,3.7314904023243813,screening metric for punctate-to-diffuse reporter redistribution; not rupture proof
E18,E,18,PLD3_mCherry_reporter_control,site0,36,"260316_Day36_WellE18_Channel405nm Binned,561nm Binned,488nm Binned_Seq0045.nd2",561nm Binned,488nm Binned,7,whole_field_foreground,stable_channel,934573,50113988.0,39216484.0,42.91939926147461,10897502.0,1348,0.0014423699379273289,470.6807012812674,12.0,3.5986672909072555,3.5986672909072555,screening metric for punctate-to-diffuse reporter redistribution; not rupture proof
E18,E,18,PLD3_mCherry_reporter_control,site0,39,"260319_Day39_WellE18_Channel405nm Binned,561nm Binned,488nm Binned_Seq0045.nd2",561nm Binned,488nm Binned,8,whole_field_foreground,stable_channel,937772,49193160.0,38690640.0,42.199623107910156,10502519.0,1337,0.0014257196845273417,450.28314886899165,13.0,3.683939062618817,3.683939062618817,screening metric for punctate-to-diffuse reporter redistribution; not rupture proof
F06,F,06,PLD3_TMEM106B_mCherry_primary,site0,8,"260216_Day8_iNeurons_WellF06_Channel405nm Binned,561nm Binned,488nm Binned_Seq0049.nd2",561nm Binned,488nm Binned,0,whole_field_foreground,stable_channel,797908,16424488.0,12411414.0,15.932393074035645,4013074.0,831,0.0010414734530784983,194.348616130659,20.0,3.092744863413161,3.092744863413161,screening metric for punctate-to-diffuse reporter redistribution; not rupture proof
F06,F,06,PLD3_TMEM106B_mCherry_primary,site0,12,"260220_Day12_WellF06_Channel405nm Binned,561nm Binned,488nm Binned_Seq0049.nd2",561nm Binned,488nm Binned,1,whole_field_foreground,stable_channel,713662,13499780.0,11094682.0,15.915938377380371,2405098.0,764,0.0010705347909779831,127.13276644901455,17.0,4.612985416808541,4.612985416808541,screening metric for punctate-to-diffuse reporter redistribution; not rupture proof
F06,F,06,PLD3_TMEM106B_mCherry_primary,site0,16,"260224_day16_WellF06_Channel405nm Binned,561nm Binned,488nm Binned_Seq0049.nd2",561nm Binned,488nm Binned,2,whole_field_foreground,stable_channel,746652,15329194.0,12607643.0,17.288150787353516,2721551.0,772,0.001033948881137352,141.4489570578145,17.0,4.632521308619743,4.632521308619743,screening metric for punctate-to-diffuse reporter redistribution; not rupture proof
F06,F,06,PLD3_TMEM106B_mCherry_primary,site0,20,"260228_day20_WellF06_Channel405nm Binned,561nm Binned,488nm Binned_Seq0049.nd2",561nm Binned,488nm Binned,3,whole_field_foreground,stable_channel,755309,14593856.0,12154627.0,16.47024154663086,2439229.0,845,0.0011187474265484474,127.71906162239391,15.0,4.98297904788563,4.98297904788563,screening metric for punctate-to-diffuse reporter redistribution; not rupture proof
F06,F,06,PLD3_TMEM106B_mCherry_primary,site0,25,"260305_day25_iNeurons_WellF06_Channel405nm Binned,561nm Binned,488nm Binned_Seq0049.nd2",561nm Binned,488nm Binned,4,whole_field_foreground,stable_channel,527779,8080539.0,7035208.0,13.626729965209961,1045331.0,733,0.0013888388890020466,81.13446568987379,11.0,6.730124716470926,6.730124716470926,screening metric for punctate-to-diffuse reporter redistribution; not rupture proof
F06,F,06,PLD3_TMEM106B_mCherry_primary,site0,29,"260309_Day29_WellF06_Channel405nm Binned,561nm Binned,488nm Binned_Seq0049.nd2",561nm Binned,488nm Binned,5,whole_field_foreground,stable_channel,731898,14249970.0,12176326.0,17.00665855407715,2073644.0,1058,0.0014455566212758532,119.05557870053615,12.0,5.871946197126473,5.871946197126473,screening metric for punctate-to-diffuse reporter redistribution; not rupture proof
F06,F,06,PLD3_TMEM106B_mCherry_primary,site0,32,"260312_Day32_WellF06_Channel405nm Binned,561 nm,488nm Binned_Seq0049.nd2",561nm Binned,488nm Binned,6,whole_field_foreground,stable_channel,788629,16124518.0,13700030.0,17.762489318847656,2424488.0,1144,0.001450618732000154,127.64342420084493,12.0,5.650689960104711,5.650689960104711,screening metric for punctate-to-diffuse reporter redistribution; not rupture proof
F06,F,06,PLD3_TMEM106B_mCherry_primary,site0,36,"260316_Day36_WellF06_Channel405nm Binned,561nm Binned,488nm Binned_Seq0049.nd2",561nm Binned,488nm Binned,7,whole_field_foreground,stable_channel,892316,18872080.0,15982871.0,18.316482543945312,2889208.0,1224,0.001371711366823668,129.53936209398157,12.0,5.531921204701935,5.531921204701935,screening metric for punctate-to-diffuse reporter redistribution; not rupture proof
F06,F,06,PLD3_TMEM106B_mCherry_primary,site0,39,"260319_Day39_WellF06_Channel405nm Binned,561nm Binned,488nm Binned_Seq0049.nd2",561nm Binned,488nm Binned,8,whole_field_foreground,stable_channel,860686,22267788.0,19262206.0,22.887357711791992,3005581.0,1134,0.0013175536723017249,138.6979104770344,12.0,6.408812805242511,6.408812805242511,screening metric for punctate-to-diffuse reporter redistribution; not rupture proof
F07,F,07,PLD3_TMEM106B_mCherry_primary,site0,8,"260216_Day8_iNeurons_WellF07_Channel405nm Binned,561nm Binned,488nm Binned_Seq0050.nd2",561nm Binned,488nm Binned,0,whole_field_foreground,stable_channel,797830,16011693.0,12169983.0,15.623434066772461,3841710.0,859,0.0010766704686448532,186.33588880154807,19.0,3.1678557204986406,3.1678557204986406,screening metric for punctate-to-diffuse reporter redistribution; not rupture proof
F07,F,07,PLD3_TMEM106B_mCherry_primary,site0,12,"260220_Day12_WellF07_Channel405nm Binned,561nm Binned,488nm Binned_Seq0050.nd2",561nm Binned,488nm Binned,1,whole_field_foreground,stable_channel,716139,13142944.0,10786589.0,15.420008659362793,2356355.0,774,0.0010807957673006486,121.57905702812727,16.0,4.577658714410784,4.577658714410784,screening metric for punctate-to-diffuse reporter redistribution; not rupture proof
F07,F,07,PLD3_TMEM106B_mCherry_primary,site0,16,"260224_day16_WellF07_Channel405nm Binned,561nm Binned,488nm Binned_Seq0050.nd2",561nm Binned,488nm Binned,2,whole_field_foreground,stable_channel,734308,15380192.0,12716644.0,17.729698181152344,2663548.0,778,0.0010595009178695322,142.08304604773042,16.0,4.774325073171283,4.774325073171283,screening metric for punctate-to-diffuse reporter redistribution; not rupture proof
F07,F,07,PLD3_TMEM106B_mCherry_primary,site0,20,"260228_day20_WellF07_Channel405nm Binned,561nm Binned,488nm Binned_Seq0050.nd2",561nm Binned,488nm Binned,3,whole_field_foreground,stable_channel,746625,14288596.0,11938765.0,16.365480422973633,2349831.0,864,0.0011572074334489774,125.20414408047994,14.0,5.080690909258973,5.080690909258973,screening metric for punctate-to-diffuse reporter redistribution; not rupture proof
F07,F,07,PLD3_TMEM106B_mCherry_primary,site0,25,"260305_day25_iNeurons_WellF07_Channel405nm Binned,561nm Binned,488nm Binned_Seq0050.nd2",561nm Binned,488nm Binned,4,whole_field_foreground,stable_channel,477399,7766682.0,6779440.0,14.512092590332031,987242.0,666,0.0013950594785464674,86.24801121388111,12.0,6.867049821617327,6.867049821617327,screening metric for punctate-to-diffuse reporter redistribution; not rupture proof
F07,F,07,PLD3_TMEM106B_mCherry_primary,site0,29,"260309_Day29_WellF07_Channel405nm Binned,561nm Binned,488nm Binned_Seq0050.nd2",561nm Binned,488nm Binned,5,whole_field_foreground,stable_channel,679171,13528806.0,11540392.0,17.36559295654297,1988414.0,992,0.001460604177738065,124.78525738177761,12.0,5.803817514860686,5.803817514860686,screening metric for punctate-to-diffuse reporter redistribution; not rupture proof
F07,F,07,PLD3_TMEM106B_mCherry_primary,site0,32,"260312_Day32_WellF07_Channel405nm Binned,561 nm,488nm Binned_Seq0050.nd2",561nm Binned,488nm Binned,6,whole_field_foreground,stable_channel,772331,15350643.0,13168855.0,17.426128387451172,2181788.0,1092,0.0014139015525708356,119.27190012460227,12.0,6.035808703684302,6.035808703684302,screening metric for punctate-to-diffuse reporter redistribution; not rupture proof
F07,F,07,PLD3_TMEM106B_mCherry_primary,site0,36,"260316_Day36_WellF07_Channel405nm Binned,561nm Binned,488nm Binned_Seq0050.nd2",561nm Binned,488nm Binned,7,whole_field_foreground,stable_channel,824294,18353282.0,15736640.0,19.51531219482422,2616642.0,1113,0.0013502463926689382,130.94986874973677,12.0,6.014059240810927,6.014059240810927,screening metric for punctate-to-diffuse reporter redistribution; not rupture proof
F07,F,07,PLD3_TMEM106B_mCherry_primary,site0,39,"260319_Day39_WellF07_Channel405nm Binned,561nm Binned,488nm Binned_Seq0050.nd2",561nm Binned,488nm Binned,8,whole_field_foreground,stable_channel,834400,21573836.0,18772326.0,23.003807067871094,2801509.0,1112,0.0013326941514845007,134.2231008337556,12.0,6.700790895190164,6.700790895190164,screening metric for punctate-to-diffuse reporter redistribution; not rupture proof
F08,F,08,PLD3_TMEM106B_mCherry_primary,site0,8,"260216_Day8_iNeurons_WellF08_Channel405nm Binned,561nm Binned,488nm Binned_Seq0051.nd2",561nm Binned,488nm Binned,0,whole_field_foreground,stable_channel,801308,16952244.0,12755805.0,16.307497024536133,4196440.0,870,0.0010857248398854302,199.94317068341135,19.0,3.0396729132304907,3.0396729132304907,screening metric for punctate-to-diffuse reporter redistribution; not rupture proof
F08,F,08,PLD3_TMEM106B_mCherry_primary,site0,12,"260220_Day12_WellF08_Channel405nm Binned,561nm Binned,488nm Binned_Seq0051.nd2",561nm Binned,488nm Binned,1,whole_field_foreground,stable_channel,728877,13709435.0,11272410.0,15.834816932678223,2437025.0,805,0.0011044387461792533,127.55236835361268,17.0,4.625479837094562,4.625479837094562,screening metric for punctate-to-diffuse reporter redistribution; not rupture proof
F08,F,08,PLD3_TMEM106B_mCherry_primary,site0,16,"260224_day16_WellF08_Channel405nm Binned,561nm Binned,488nm Binned_Seq0051.nd2",561nm Binned,488nm Binned,2,whole_field_foreground,stable_channel,749752,15587237.0,12852273.0,17.550989151000977,2734964.0,778,0.00103767645834751,141.06492718694142,17.0,4.699247595213429,4.699247595213429,screening metric for punctate-to-diffuse reporter redistribution; not rupture proof
F08,F,08,PLD3_TMEM106B_mCherry_primary,site0,20,"260228_day20_WellF08_Channel405nm Binned,561nm Binned,488nm Binned_Seq0051.nd2",561nm Binned,488nm Binned,3,whole_field_foreground,stable_channel,755746,14299837.0,11904512.0,16.12112045288086,2395325.0,847,0.0011207469176136946,124.14825648428277,15.0,4.969894273217635,4.969894273217635,screening metric for punctate-to-diffuse reporter redistribution; not rupture proof
F08,F,08,PLD3_TMEM106B_mCherry_primary,site0,25,"260305_day25_iNeurons_WellF08_Channel405nm Binned,561nm Binned,488nm Binned_Seq0051.nd2",561nm Binned,488nm Binned,4,whole_field_foreground,stable_channel,490976,7697071.0,6740828.0,14.027844429016113,956243.0,673,0.001370739099260716,80.20916939065148,11.0,7.04928349801562,7.04928349801562,screening metric for punctate-to-diffuse reporter redistribution; not rupture proof
F08,F,08,PLD3_TMEM106B_mCherry_primary,site0,29,"260309_Day29_WellF08_Channel405nm Binned,561nm Binned,488nm Binned_Seq0051.nd2",561nm Binned,488nm Binned,5,whole_field_foreground,stable_channel,732837,14524948.0,12397270.0,17.291584014892578,2127678.0,1045,0.0014259651191173125,120.28815019233375,12.0,5.826666441065883,5.826666441065883,screening metric for punctate-to-diffuse reporter redistribution; not rupture proof
F08,F,08,PLD3_TMEM106B_mCherry_primary,site0,32,"260312_Day32_WellF08_Channel405nm Binned,561 nm,488nm Binned_Seq0051.nd2",561nm Binned,488nm Binned,6,whole_field_foreground,stable_channel,770775,15561689.0,13237939.0,17.556621551513672,2323750.0,1099,0.0014258376309540062,121.67307568898084,11.0,5.696799999997549,5.696799999997549,screening metric for punctate-to-diffuse reporter redistribution; not rupture proof
F08,F,08,PLD3_TMEM106B_mCherry_primary,site0,36,"260316_Day36_WellF08_Channel405nm Binned,561nm Binned,488nm Binned_Seq0051.nd2",561nm Binned,488nm Binned,7,whole_field_foreground,stable_channel,889550,18916652.0,16078171.0,18.480253219604492,2838480.0,1191,0.001338879208587107,128.14209417732297,12.0,5.6643594458986275,5.6643594458986275,screening metric for punctate-to-diffuse reporter redistribution; not rupture proof
F08,F,08,PLD3_TMEM106B_mCherry_primary,site0,39,"260319_Day39_WellF08_Channel405nm Binned,561nm Binned,488nm Binned_Seq0051.nd2",561nm Binned,488nm Binned,8,whole_field_foreground,stable_channel,866648,20902836.0,18134780.0,21.39408302307129,2768057.0,1154,0.001331567141444587,127.70206067632348,12.0,6.551447459352698,6.551447459352698,screening metric for punctate-to-diffuse reporter redistribution; not rupture proof
F09,F,09,PLD3_TMEM106B_mCherry_primary,site0,8,"260216_Day8_iNeurons_WellF09_Channel405nm Binned,561nm Binned,488nm Binned_Seq0052.nd2",561nm Binned,488nm Binned,0,whole_field_foreground,stable_channel,791166,15959607.0,12096782.0,15.66226577758789,3862825.0,849,0.0010730997034742733,187.54447140822842,19.0,3.1315894455474607,3.1315894455474607,screening metric for punctate-to-diffuse reporter redistribution; not rupture proof
F09,F,09,PLD3_TMEM106B_mCherry_primary,site0,12,"260220_Day12_WellF09_Channel405nm Binned,561nm Binned,488nm Binned_Seq0052.nd2",561nm Binned,488nm Binned,1,whole_field_foreground,stable_channel,755294,13954055.0,11570832.0,15.685860633850098,2383223.0,823,0.0010896419142729988,117.55464667856765,16.0,4.8551193069197245,4.8551193069197245,screening metric for punctate-to-diffuse reporter redistribution; not rupture proof
F09,F,09,PLD3_TMEM106B_mCherry_primary,site0,16,"260224_day16_WellF09_Channel405nm Binned,561nm Binned,488nm Binned_Seq0052.nd2",561nm Binned,488nm Binned,2,whole_field_foreground,stable_channel,773519,15062302.0,12422368.0,16.44103240966797,2639934.0,791,0.0010225993155940287,131.52454254690525,17.0,4.705560063242223,4.705560063242223,screening metric for punctate-to-diffuse reporter redistribution; not rupture proof
F09,F,09,PLD3_TMEM106B_mCherry_primary,site0,20,"260228_day20_WellF09_Channel405nm Binned,561nm Binned,488nm Binned_Seq0052.nd2",561nm Binned,488nm Binned,3,whole_field_foreground,stable_channel,770705,14196903.0,11900704.0,15.804534912109375,2296199.0,879,0.001140514204525544,117.9147364992873,15.0,5.182784244743082,5.182784244743082,screening metric for punctate-to-diffuse reporter redistribution; not rupture proof
F09,F,09,PLD3_TMEM106B_mCherry_primary,site0,25,"260305_day25_iNeurons_WellF09_Channel405nm Binned,561nm Binned,488nm Binned_Seq0052.nd2",561nm Binned,488nm Binned,4,whole_field_foreground,stable_channel,517790,8271098.0,7224399.0,14.262670516967773,1046699.0,725,0.001400181540776376,83.23066748257341,12.0,6.9020788211253645,6.9020788211253645,screening metric for punctate-to-diffuse reporter redistribution; not rupture proof
F09,F,09,PLD3_TMEM106B_mCherry_primary,site0,29,"260309_Day29_WellF09_Channel405nm Binned,561nm Binned,488nm Binned_Seq0052.nd2",561nm Binned,488nm Binned,5,whole_field_foreground,stable_channel,722646,13739986.0,11788092.0,16.670944213867188,1951894.0,1076,0.001488972470612874,113.08694442763205,11.0,6.039309511681454,6.039309511681454,screening metric for punctate-to-diffuse reporter redistribution; not rupture proof
F09,F,09,PLD3_TMEM106B_mCherry_primary,site0,32,"260312_Day32_WellF09_Channel405nm Binned,561 nm,488nm Binned_Seq0052.nd2",561nm Binned,488nm Binned,6,whole_field_foreground,stable_channel,790937,15777624.0,13397011.0,17.310701370239258,2380613.0,1086,0.0013730549967932047,124.54367212256894,12.0,5.627546770514306,5.627546770514306,screening metric for punctate-to-diffuse reporter redistribution; not rupture proof
F09,F,09,PLD3_TMEM106B_mCherry_primary,site0,36,"260316_Day36_WellF09_Channel405nm Binned,561nm Binned,488nm Binned_Seq0052.nd2",561nm Binned,488nm Binned,7,whole_field_foreground,stable_channel,845957,18536608.0,15776978.0,19.066986083984375,2759629.0,1180,0.001394869952017189,131.4303441872031,12.0,5.717064866325975,5.717064866325975,screening metric for punctate-to-diffuse reporter redistribution; not rupture proof
F09,F,09,PLD3_TMEM106B_mCherry_primary,site0,39,"260319_Day39_WellF09_Channel405nm Binned,561nm Binned,488nm Binned_Seq0052.nd2",561nm Binned,488nm Binned,8,whole_field_foreground,stable_channel,856619,21360056.0,18511590.0,22.094764709472656,2848467.0,1131,0.001320306927582367,134.60923576186337,12.0,6.498790401992897,6.498790401992897,screening metric for punctate-to-diffuse reporter redistribution; not rupture proof
F11,F,11,PLD3_TMEM106B_mCherry_primary,site0,8,"260216_Day8_iNeurons_WellF11_Channel405nm Binned,561nm Binned,488nm Binned_Seq0054.nd2",561nm Binned,488nm Binned,0,whole_field_foreground,stable_channel,763438,15719161.0,11924720.0,16.000600814819336,3794441.0,860,0.0011264830935830722,191.7007511937341,19.0,3.1426816229312453,3.1426816229312453,screening metric for punctate-to-diffuse reporter redistribution; not rupture proof
F11,F,11,PLD3_TMEM106B_mCherry_primary,site0,12,"260220_Day12_WellF11_Channel405nm Binned,561nm Binned,488nm Binned_Seq0054.nd2",561nm Binned,488nm Binned,1,whole_field_foreground,stable_channel,711227,13604735.0,11183498.0,16.097501754760742,2421237.0,761,0.0010699818763895775,127.52224763025592,16.0,4.618919172305471,4.618919172305471,screening metric for punctate-to-diffuse reporter redistribution; not rupture proof
F11,F,11,PLD3_TMEM106B_mCherry_primary,site0,16,"260224_day16_WellF11_Channel405nm Binned,561nm Binned,488nm Binned_Seq0054.nd2",561nm Binned,488nm Binned,2,whole_field_foreground,stable_channel,738816,15397669.0,12738255.0,17.651838302612305,2659414.0,774,0.0010476221413707233,141.43986442230778,18.0,4.789872881768394,4.789872881768394,screening metric for punctate-to-diffuse reporter redistribution; not rupture proof
F11,F,11,PLD3_TMEM106B_mCherry_primary,site0,20,"260228_day20_WellF11_Channel405nm Binned,561nm Binned,488nm Binned_Seq0054.nd2",561nm Binned,488nm Binned,3,whole_field_foreground,stable_channel,729344,15350536.0,12844432.0,18.024869918823242,2506104.0,826,0.0011325245700230173,135.85873305018242,15.0,5.1252589677024085,5.1252589677024085,screening metric for punctate-to-diffuse reporter redistribution; not rupture proof
F11,F,11,PLD3_TMEM106B_mCherry_primary,site0,25,"260305_day25_iNeurons_WellF11_Channel405nm Binned,561nm Binned,488nm Binned_Seq0054.nd2",561nm Binned,488nm Binned,4,whole_field_foreground,stable_channel,511886,7995099.0,6946595.0,13.865791320800781,1048504.0,729,0.0014241452198313215,85.65349943058972,11.0,6.625244157383639,6.625244157383639,screening metric for punctate-to-diffuse reporter redistribution; not rupture proof
F11,F,11,PLD3_TMEM106B_mCherry_primary,site0,29,"260309_Day29_WellF11_Channel405nm Binned,561nm Binned,488nm Binned_Seq0054.nd2",561nm Binned,488nm Binned,5,whole_field_foreground,stable_channel,716235,14939854.0,12741739.0,18.177244186401367,2198115.0,1046,0.0014604145287489994,131.4200651413168,11.0,5.796666234475541,5.796666234475541,screening metric for punctate-to-diffuse reporter redistribution; not rupture proof
F11,F,11,PLD3_TMEM106B_mCherry_primary,site0,32,"260312_Day32_WellF11_Channel405nm Binned,561 nm,488nm Binned_Seq0054.nd2",561nm Binned,488nm Binned,6,whole_field_foreground,stable_channel,761521,16895520.0,14379591.0,19.298303604125977,2515928.0,1124,0.0014759934394435925,138.03505387085613,11.0,5.715422301430838,5.715422301430838,screening metric for punctate-to-diffuse reporter redistribution; not rupture proof
F11,F,11,PLD3_TMEM106B_mCherry_primary,site0,36,"260316_Day36_WellF11_Channel405nm Binned,561nm Binned,488nm Binned_Seq0054.nd2",561nm Binned,488nm Binned,7,whole_field_foreground,stable_channel,831910,19466496.0,16481558.0,20.252639770507812,2984937.0,1196,0.001437655515618952,147.23057376899848,11.0,5.521576502282788,5.521576502282788,screening metric for punctate-to-diffuse reporter redistribution; not rupture proof
F11,F,11,PLD3_TMEM106B_mCherry_primary,site0,39,"260319_Day39_WellF11_Channel405nm Binned,561nm Binned,488nm Binned_Seq0054.nd2",561nm Binned,488nm Binned,8,whole_field_foreground,stable_channel,801386,20520124.0,17759162.0,22.6567325592041,2760961.0,1156,0.0014425008672456937,140.3364782300375,12.0,6.4322393543384235,6.4322393543384235,screening metric for punctate-to-diffuse reporter redistribution; not rupture proof
F10,F,10,PLD3_TMEM106B_mCherry_primary,site0,8,"260216_Day8_iNeurons_WellF10_Channel405nm Binned,561nm Binned,488nm Binned_Seq0053.nd2",561nm Binned,488nm Binned,0,whole_field_foreground,stable_channel,843154,17094492.0,12906873.0,15.681131362915039,4187620.0,908,0.0010769088446463198,188.97706702312183,19.0,3.082150004058849,3.082150004058849,screening metric for punctate-to-diffuse reporter redistribution; not rupture proof
F10,F,10,PLD3_TMEM106B_mCherry_primary,site0,12,"260220_Day12_WellF10_Channel405nm Binned,561nm Binned,488nm Binned_Seq0053.nd2",561nm Binned,488nm Binned,1,whole_field_foreground,stable_channel,739799,13938276.0,11472518.0,15.875138282775879,2465758.0,769,0.0010394715321309714,124.26874957934157,17.0,4.652734777701359,4.652734777701359,screening metric for punctate-to-diffuse reporter redistribution; not rupture proof
F10,F,10,PLD3_TMEM106B_mCherry_primary,site0,16,"260224_day16_WellF10_Channel405nm Binned,561nm Binned,488nm Binned_Seq0053.nd2",561nm Binned,488nm Binned,2,whole_field_foreground,stable_channel,792913,16700603.0,13637542.0,17.610097885131836,3063061.0,816,0.001029116687453694,148.2780438591452,17.0,4.4522593575497025,4.4522593575497025,screening metric for punctate-to-diffuse reporter redistribution; not rupture proof
F10,F,10,PLD3_TMEM106B_mCherry_primary,site0,20,"260228_day20_WellF10_Channel405nm Binned,561nm Binned,488nm Binned_Seq0053.nd2",561nm Binned,488nm Binned,3,whole_field_foreground,stable_channel,780671,16147074.0,13518747.0,17.723529815673828,2628327.0,919,0.0011771924408602635,133.69350126181385,14.0,5.143479863804944,5.143479863804944,screening metric for punctate-to-diffuse reporter redistribution; not rupture proof
F10,F,10,PLD3_TMEM106B_mCherry_primary,site0,25,"260305_day25_iNeurons_WellF10_Channel405nm Binned,561nm Binned,488nm Binned_Seq0053.nd2",561nm Binned,488nm Binned,4,whole_field_foreground,stable_channel,534580,8480366.0,7353639.0,14.057592391967773,1126727.0,797,0.0014908900445181434,87.72927105950292,10.0,6.526549022073203,6.526549022073203,screening metric for punctate-to-diffuse reporter redistribution; not rupture proof
F10,F,10,PLD3_TMEM106B_mCherry_primary,site0,29,"260309_Day29_WellF10_Channel405nm Binned,561nm Binned,488nm Binned_Seq0053.nd2",561nm Binned,488nm Binned,5,whole_field_foreground,stable_channel,711535,14924053.0,12704113.0,18.248106002807617,2219940.0,1036,0.0014560070832756562,129.68978869684875,12.0,5.72272809174765,5.72272809174765,screening metric for punctate-to-diffuse reporter redistribution; not rupture proof
F10,F,10,PLD3_TMEM106B_mCherry_primary,site0,32,"260312_Day32_WellF10_Channel405nm Binned,561 nm,488nm Binned_Seq0053.nd2",561nm Binned,488nm Binned,6,whole_field_foreground,stable_channel,819544,17285856.0,14611784.0,18.223726272583008,2674071.0,1161,0.0014166414493896403,134.29085077487838,12.0,5.464246835627976,5.464246835627976,screening metric for punctate-to-diffuse reporter redistribution; not rupture proof
F10,F,10,PLD3_TMEM106B_mCherry_primary,site0,36,"260316_Day36_WellF10_Channel405nm Binned,561nm Binned,488nm Binned_Seq0053.nd2",561nm Binned,488nm Binned,7,whole_field_foreground,stable_channel,868664,20482624.0,17329218.0,20.3937931060791,3153405.0,1219,0.0014033043846626507,148.46484000727816,11.0,5.495398783218301,5.495398783218301,screening metric for punctate-to-diffuse reporter redistribution; not rupture proof
F10,F,10,PLD3_TMEM106B_mCherry_primary,site0,39,"260319_Day39_WellF10_Channel405nm Binned,561nm Binned,488nm Binned_Seq0053.nd2",561nm Binned,488nm Binned,8,whole_field_foreground,stable_channel,870707,21745564.0,18707364.0,21.96563720703125,3038202.0,1171,0.0013448840999310389,140.67511493868548,12.0,6.1573799240451565,6.1573799240451565,screening metric for punctate-to-diffuse reporter redistribution; not rupture proof
F12,F,12,PLD3_TMEM106B_mCherry_primary,site0,8,"260216_Day8_iNeurons_WellF12_Channel405nm Binned,561nm Binned,488nm Binned_Seq0055.nd2",561nm Binned,488nm Binned,0,whole_field_foreground,stable_channel,824246,17112020.0,12918664.0,16.05652618408203,4193356.0,892,0.0010822011875082412,196.03298285616887,19.0,3.0807458274463033,3.0807458274463033,screening metric for punctate-to-diffuse reporter redistribution; not rupture proof
F12,F,12,PLD3_TMEM106B_mCherry_primary,site0,12,"260220_Day12_WellF12_Channel405nm Binned,561nm Binned,488nm Binned_Seq0055.nd2",561nm Binned,488nm Binned,1,whole_field_foreground,stable_channel,704193,13889998.0,11304505.0,16.432924270629883,2585493.0,729,0.0010352275583525607,136.95523058730387,17.0,4.372282191441101,4.372282191441101,screening metric for punctate-to-diffuse reporter redistribution; not rupture proof
F12,F,12,PLD3_TMEM106B_mCherry_primary,site0,16,"260224_day16_WellF12_Channel405nm Binned,561nm Binned,488nm Binned_Seq0055.nd2",561nm Binned,488nm Binned,2,whole_field_foreground,stable_channel,742992,15645363.0,12810282.0,17.653820037841797,2835081.0,795,0.001069998061888863,148.50728568790845,17.0,4.518488889733832,4.518488889733832,screening metric for punctate-to-diffuse reporter redistribution; not rupture proof
F12,F,12,PLD3_TMEM106B_mCherry_primary,site0,20,"260228_day20_WellF12_Channel405nm Binned,561nm Binned,488nm Binned_Seq0055.nd2",561nm Binned,488nm Binned,3,whole_field_foreground,stable_channel,748231,15293474.0,12651114.0,17.305850982666016,2642360.0,837,0.0011186384953294924,139.906132222931,15.0,4.787808625620738,4.787808625620738,screening metric for punctate-to-diffuse reporter redistribution; not rupture proof
F12,F,12,PLD3_TMEM106B_mCherry_primary,site0,25,"260305_day25_iNeurons_WellF12_Channel405nm Binned,561nm Binned,488nm Binned_Seq0055.nd2",561nm Binned,488nm Binned,4,whole_field_foreground,stable_channel,519559,8671048.0,7584387.0,14.913074493408203,1086661.0,753,0.0014493060460862976,88.20911574142072,11.0,6.979533635598425,6.979533635598425,screening metric for punctate-to-diffuse reporter redistribution; not rupture proof
F12,F,12,PLD3_TMEM106B_mCherry_primary,site0,29,"260309_Day29_WellF12_Channel405nm Binned,561nm Binned,488nm Binned_Seq0055.nd2",561nm Binned,488nm Binned,5,whole_field_foreground,stable_channel,701642,15036336.0,12880730.0,18.76191520690918,2155606.0,1054,0.0015021905758185767,132.19305836860323,12.0,5.975456553745919,5.975456553745919,screening metric for punctate-to-diffuse reporter redistribution; not rupture proof
F12,F,12,PLD3_TMEM106B_mCherry_primary,site0,32,"260312_Day32_WellF12_Channel405nm Binned,561 nm,488nm Binned_Seq0055.nd2",561nm Binned,488nm Binned,6,whole_field_foreground,stable_channel,769792,16504602.0,14040482.0,18.64323616027832,2464120.0,1101,0.001430256484866782,134.1387803842543,12.0,5.697970066390559,5.697970066390559,screening metric for punctate-to-diffuse reporter redistribution; not rupture proof
F12,F,12,PLD3_TMEM106B_mCherry_primary,site0,36,"260316_Day36_WellF12_Channel405nm Binned,561nm Binned,488nm Binned_Seq0055.nd2",561nm Binned,488nm Binned,7,whole_field_foreground,stable_channel,853895,19457608.0,16465550.0,19.715797424316406,2992059.0,1172,0.0013725340937687039,142.7667053535123,12.0,5.50308332823467,5.50308332823467,screening metric for punctate-to-diffuse reporter redistribution; not rupture proof
F12,F,12,PLD3_TMEM106B_mCherry_primary,site0,39,"260319_Day39_WellF12_Channel405nm Binned,561nm Binned,488nm Binned_Seq0055.nd2",561nm Binned,488nm Binned,8,whole_field_foreground,stable_channel,820630,20747980.0,17898582.0,22.302583694458008,2849397.0,1140,0.0013891766082139464,141.93918318497506,12.0,6.281533250717159,6.281533250717159,screening metric for punctate-to-diffuse reporter redistribution; not rupture proof
F14,F,14,PLD3_TMEM106B_mCherry_primary,site0,8,"260216_Day8_iNeurons_WellF14_Channel405nm Binned,561nm Binned,488nm Binned_Seq0057.nd2",561nm Binned,488nm Binned,0,whole_field_foreground,stable_channel,658244,13865776.0,10524782.0,16.3781795501709,3340994.0,728,0.0011059728611258045,197.09309378823082,19.0,3.1501948222585407,3.1501948222585407,screening metric for punctate-to-diffuse reporter redistribution; not rupture proof
F14,F,14,PLD3_TMEM106B_mCherry_primary,site0,12,"260220_Day12_WellF14_Channel405nm Binned,561nm Binned,488nm Binned_Seq0057.nd2",561nm Binned,488nm Binned,1,whole_field_foreground,stable_channel,595084,11104978.0,9083144.0,15.6266450881958,2021834.0,644,0.0010822001599755963,127.25072877303414,16.0,4.492527081845249,4.492527081845249,screening metric for punctate-to-diffuse reporter redistribution; not rupture proof
F14,F,14,PLD3_TMEM106B_mCherry_primary,site0,16,"260224_day16_WellF14_Channel405nm Binned,561nm Binned,488nm Binned_Seq0057.nd2",561nm Binned,488nm Binned,2,whole_field_foreground,stable_channel,629463,13118478.0,10713770.0,17.427791595458984,2404708.0,667,0.0010596333700295972,146.88077437645313,16.0,4.455330959100043,4.455330959100043,screening metric for punctate-to-diffuse reporter redistribution; not rupture proof
F14,F,14,PLD3_TMEM106B_mCherry_primary,site0,20,"260228_day20_WellF14_Channel405nm Binned,561nm Binned,488nm Binned_Seq0057.nd2",561nm Binned,488nm Binned,3,whole_field_foreground,stable_channel,638093,12394923.0,10285731.0,16.49903678894043,2109192.0,736,0.001153436881455911,129.75473642349243,15.0,4.8766214740029,4.8766214740029,screening metric for punctate-to-diffuse reporter redistribution; not rupture proof
F14,F,14,PLD3_TMEM106B_mCherry_primary,site0,25,"260305_day25_iNeurons_WellF14_Channel405nm Binned,561nm Binned,488nm Binned_Seq0057.nd2",561nm Binned,488nm Binned,4,whole_field_foreground,stable_channel,1065863,12997012.0,11082389.0,10.64330005645752,1914623.0,1090,0.0010226454994675463,63.027163393563086,14.0,5.788287824806352,5.788287824806352,screening metric for punctate-to-diffuse reporter redistribution; not rupture proof
F14,F,14,PLD3_TMEM106B_mCherry_primary,site0,29,"260309_Day29_WellF14_Channel405nm Binned,561nm Binned,488nm Binned_Seq0057.nd2",561nm Binned,488nm Binned,5,whole_field_foreground,stable_channel,584745,12010400.0,10330649.0,18.053253173828125,1679751.0,882,0.0015083497934971512,122.69859538002619,11.0,6.150107367100153,6.150107367100153,screening metric for punctate-to-diffuse reporter redistribution; not rupture proof
F14,F,14,PLD3_TMEM106B_mCherry_primary,site0,32,"260312_Day32_WellF14_Channel405nm Binned,561 nm,488nm Binned_Seq0057.nd2",561nm Binned,488nm Binned,6,whole_field_foreground,stable_channel,637234,13721831.0,11741827.0,18.832815170288086,1980004.0,930,0.0014594324847678256,129.939023376793,12.0,5.930203676353214,5.930203676353214,screening metric for punctate-to-diffuse reporter redistribution; not rupture proof
F14,F,14,PLD3_TMEM106B_mCherry_primary,site0,36,"260316_Day36_WellF14_Channel405nm Binned,561nm Binned,488nm Binned_Seq0057.nd2",561nm Binned,488nm Binned,7,whole_field_foreground,stable_channel,709890,15788292.0,13416617.0,19.32578468322754,2371675.0,984,0.0013861302455290452,133.1436712063425,12.0,5.65702172514967,5.65702172514967,screening metric for punctate-to-diffuse reporter redistribution; not rupture proof
F14,F,14,PLD3_TMEM106B_mCherry_primary,site0,39,"260319_Day39_WellF14_Channel405nm Binned,561nm Binned,488nm Binned_Seq0057.nd2",561nm Binned,488nm Binned,8,whole_field_foreground,stable_channel,666717,15791306.0,13551533.0,20.785261154174805,2239773.0,878,0.0013169005740046873,133.60182753890956,13.0,6.050404661541125,6.050404661541125,screening metric for punctate-to-diffuse reporter redistribution; not rupture proof
F13,F,13,PLD3_TMEM106B_mCherry_primary,site0,8,"260216_Day8_iNeurons_WellF13_Channel405nm Binned,561nm Binned,488nm Binned_Seq0056.nd2",561nm Binned,488nm Binned,0,whole_field_foreground,stable_channel,809313,17235536.0,13019254.0,16.478336334228516,4216281.0,902,0.001114525529676263,198.5068119666529,18.0,3.0878525411368245,3.0878525411368245,screening metric for punctate-to-diffuse reporter redistribution; not rupture proof
F13,F,13,PLD3_TMEM106B_mCherry_primary,site0,12,"260220_Day12_WellF13_Channel405nm Binned,561nm Binned,488nm Binned_Seq0056.nd2",561nm Binned,488nm Binned,1,whole_field_foreground,stable_channel,696502,13170994.0,10798361.0,15.872309684753418,2372633.0,784,0.0011256249084695728,127.21536059282263,15.0,4.551214199581414,4.551214199581414,screening metric for punctate-to-diffuse reporter redistribution; not rupture proof
F13,F,13,PLD3_TMEM106B_mCherry_primary,site0,16,"260224_day16_WellF13_Channel405nm Binned,561nm Binned,488nm Binned_Seq0056.nd2",561nm Binned,488nm Binned,2,whole_field_foreground,stable_channel,744207,16078758.0,13288734.0,18.282535552978516,2790024.0,795,0.0010682511720515014,146.30056997815018,17.0,4.762946125192915,4.762946125192915,screening metric for punctate-to-diffuse reporter redistribution; not rupture proof
F13,F,13,PLD3_TMEM106B_mCherry_primary,site0,20,"260228_day20_WellF13_Channel405nm Binned,561nm Binned,488nm Binned_Seq0056.nd2",561nm Binned,488nm Binned,3,whole_field_foreground,stable_channel,763040,14984538.0,12488204.0,16.750368118286133,2496334.0,835,0.001094306982594498,128.52572868484222,15.0,5.0026174382093895,5.0026174382093895,screening metric for punctate-to-diffuse reporter redistribution; not rupture proof
F13,F,13,PLD3_TMEM106B_mCherry_primary,site0,25,"260305_day25_iNeurons_WellF13_Channel405nm Binned,561nm Binned,488nm Binned_Seq0056.nd2",561nm Binned,488nm Binned,4,whole_field_foreground,stable_channel,501820,8528304.0,7443875.0,15.15610408782959,1084429.0,709,0.001412857199789939,89.60706444486073,11.0,6.864326756286613,6.864326756286613,screening metric for punctate-to-diffuse reporter redistribution; not rupture proof
F13,F,13,PLD3_TMEM106B_mCherry_primary,site0,29,"260309_Day29_WellF13_Channel405nm Binned,561nm Binned,488nm Binned_Seq0056.nd2",561nm Binned,488nm Binned,5,whole_field_foreground,stable_channel,706361,15222223.0,13055802.0,18.886608123779297,2166421.0,1019,0.0014426051268381995,130.26690999518667,12.0,6.026438074591215,6.026438074591215,screening metric for punctate-to-diffuse reporter redistribution; not rupture proof
F13,F,13,PLD3_TMEM106B_mCherry_primary,site0,32,"260312_Day32_WellF13_Channel405nm Binned,561 nm,488nm Binned_Seq0056.nd2",561nm Binned,488nm Binned,6,whole_field_foreground,stable_channel,774384,16379581.0,14079584.0,18.58021354675293,2299997.0,1114,0.0014385627802208742,125.65672172806636,11.0,6.121566245518529,6.121566245518529,screening metric for punctate-to-diffuse reporter redistribution; not rupture proof
F13,F,13,PLD3_TMEM106B_mCherry_primary,site0,36,"260316_Day36_WellF13_Channel405nm Binned,561nm Binned,488nm Binned_Seq0056.nd2",561nm Binned,488nm Binned,7,whole_field_foreground,stable_channel,828459,18988340.0,16254794.0,20.054771423339844,2733546.0,1147,0.0013844982069101978,137.84852685903402,12.0,5.946413193702998,5.946413193702998,screening metric for punctate-to-diffuse reporter redistribution; not rupture proof
F13,F,13,PLD3_TMEM106B_mCherry_primary,site0,39,"260319_Day39_WellF13_Channel405nm Binned,561nm Binned,488nm Binned_Seq0056.nd2",561nm Binned,488nm Binned,8,whole_field_foreground,stable_channel,819017,19904308.0,17109196.0,21.360729217529297,2795111.0,1100,0.001343073464895914,136.5094999070601,12.0,6.121115046949434,6.121115046949434,screening metric for punctate-to-diffuse reporter redistribution; not rupture proof
F16,F,16,PLD3_TMEM106B_mCherry_primary,site0,8,"260216_Day8_iNeurons_WellF16_Channel405nm Binned,561nm Binned,488nm Binned_Seq0059.nd2",561nm Binned,488nm Binned,0,whole_field_foreground,stable_channel,818425,17149068.0,12945781.0,16.20450782775879,4203287.0,896,0.0010947857164662679,196.25585741656167,19.0,3.07991840671287,3.07991840671287,screening metric for punctate-to-diffuse reporter redistribution; not rupture proof
F16,F,16,PLD3_TMEM106B_mCherry_primary,site0,12,"260220_Day12_WellF16_Channel405nm Binned,561nm Binned,488nm Binned_Seq0059.nd2",561nm Binned,488nm Binned,1,whole_field_foreground,stable_channel,717108,13568884.0,11174538.0,15.95323371887207,2394346.0,799,0.001114197582510425,125.94185074100805,15.0,4.667052297368607,4.667052297368607,screening metric for punctate-to-diffuse reporter redistribution; not rupture proof
F16,F,16,PLD3_TMEM106B_mCherry_primary,site0,16,"260224_day16_WellF16_Channel405nm Binned,561nm Binned,488nm Binned_Seq0059.nd2",561nm Binned,488nm Binned,2,whole_field_foreground,stable_channel,787663,17048244.0,14011256.0,18.215171813964844,3036988.0,815,0.0010347064671045426,148.26777364344684,17.0,4.613536833202959,4.613536833202959,screening metric for punctate-to-diffuse reporter redistribution; not rupture proof
F16,F,16,PLD3_TMEM106B_mCherry_primary,site0,20,"260228_day20_WellF16_Channel405nm Binned,561nm Binned,488nm Binned_Seq0059.nd2",561nm Binned,488nm Binned,3,whole_field_foreground,stable_channel,803915,16178592.0,13499968.0,17.18565559387207,2678624.0,941,0.0011705217591397466,131.91439580968031,14.0,5.039889137107322,5.039889137107322,screening metric for punctate-to-diffuse reporter redistribution; not rupture proof
F16,F,16,PLD3_TMEM106B_mCherry_primary,site0,25,"260305_day25_iNeurons_WellF16_Channel405nm Binned,561nm Binned,488nm Binned_Seq0059.nd2",561nm Binned,488nm Binned,4,whole_field_foreground,stable_channel,526121,8897748.0,7764439.0,15.077049255371094,1133309.0,741,0.0014084212567044303,90.49233334395889,11.0,6.851122685863387,6.851122685863387,screening metric for punctate-to-diffuse reporter redistribution; not rupture proof
F16,F,16,PLD3_TMEM106B_mCherry_primary,site0,29,"260309_Day29_WellF16_Channel405nm Binned,561nm Binned,488nm Binned_Seq0059.nd2",561nm Binned,488nm Binned,5,whole_field_foreground,stable_channel,739184,15564990.0,13373235.0,18.48444175720215,2191755.0,1048,0.001417779605617251,126.57561702582673,12.0,6.101610353344192,6.101610353344192,screening metric for punctate-to-diffuse reporter redistribution; not rupture proof
F16,F,16,PLD3_TMEM106B_mCherry_primary,site0,32,"260312_Day32_WellF16_Channel405nm Binned,561 nm,488nm Binned_Seq0059.nd2",561nm Binned,488nm Binned,6,whole_field_foreground,stable_channel,803763,17269256.0,14695157.0,18.691444396972656,2574100.0,1136,0.0014133519457832553,133.11291748369243,12.0,5.708852414433896,5.708852414433896,screening metric for punctate-to-diffuse reporter redistribution; not rupture proof
F16,F,16,PLD3_TMEM106B_mCherry_primary,site0,36,"260316_Day36_WellF16_Channel405nm Binned,561nm Binned,488nm Binned_Seq0059.nd2",561nm Binned,488nm Binned,7,whole_field_foreground,stable_channel,882760,20191692.0,17198536.0,19.91382598876953,2993158.0,1202,0.0013616384974383053,140.91653317976713,12.0,5.7459499298046595,5.7459499298046595,screening metric for punctate-to-diffuse reporter redistribution; not rupture proof
F16,F,16,PLD3_TMEM106B_mCherry_primary,site0,39,"260319_Day39_WellF16_Channel405nm Binned,561nm Binned,488nm Binned_Seq0059.nd2",561nm Binned,488nm Binned,8,whole_field_foreground,stable_channel,891276,20584640.0,17663654.0,20.261642456054688,2920986.0,1177,0.00132057858620526,133.72870742940458,12.0,6.0471546251827135,6.0471546251827135,screening metric for punctate-to-diffuse reporter redistribution; not rupture proof
F15,F,15,PLD3_TMEM106B_mCherry_primary,site0,8,"260216_Day8_iNeurons_WellF15_Channel405nm Binned,561nm Binned,488nm Binned_Seq0058.nd2",561nm Binned,488nm Binned,0,whole_field_foreground,stable_channel,802259,16986664.0,12884273.0,16.45160675048828,4102392.0,883,0.001100642061976119,196.2204843350472,19.0,3.1406732949939595,3.1406732949939595,screening metric for punctate-to-diffuse reporter redistribution; not rupture proof
F15,F,15,PLD3_TMEM106B_mCherry_primary,site0,12,"260220_Day12_WellF15_Channel405nm Binned,561nm Binned,488nm Binned_Seq0058.nd2",561nm Binned,488nm Binned,1,whole_field_foreground,stable_channel,731036,14110553.0,11572122.0,16.20547866821289,2538431.0,803,0.0010984411164414634,130.73045003280544,16.0,4.558769570650312,4.558769570650312,screening metric for punctate-to-diffuse reporter redistribution; not rupture proof
F15,F,15,PLD3_TMEM106B_mCherry_primary,site0,16,"260224_day16_WellF15_Channel405nm Binned,561nm Binned,488nm Binned_Seq0058.nd2",561nm Binned,488nm Binned,2,whole_field_foreground,stable_channel,787395,16523321.0,13579434.0,17.657093048095703,2943887.0,829,0.0010528387912025693,144.05947486684175,16.0,4.612756535830142,4.612756535830142,screening metric for punctate-to-diffuse reporter redistribution; not rupture proof
F15,F,15,PLD3_TMEM106B_mCherry_primary,site0,20,"260228_day20_WellF15_Channel405nm Binned,561nm Binned,488nm Binned_Seq0058.nd2",561nm Binned,488nm Binned,3,whole_field_foreground,stable_channel,960259,15896410.0,12979922.0,13.840673446655273,2916488.0,954,0.0009934819668433272,117.47446963072323,18.0,4.450531598276951,4.450531598276951,screening metric for punctate-to-diffuse reporter redistribution; not rupture proof
F15,F,15,PLD3_TMEM106B_mCherry_primary,site0,25,"260305_day25_iNeurons_WellF15_Channel405nm Binned,561nm Binned,488nm Binned_Seq0058.nd2",561nm Binned,488nm Binned,4,whole_field_foreground,stable_channel,544118,8781404.0,7621906.0,14.312148094177246,1159498.0,787,0.0014463774401849482,89.23735926626901,11.0,6.5734533392842645,6.5734533392842645,screening metric for punctate-to-diffuse reporter redistribution; not rupture proof
F15,F,15,PLD3_TMEM106B_mCherry_primary,site0,29,"260309_Day29_WellF15_Channel405nm Binned,561nm Binned,488nm Binned_Seq0058.nd2",561nm Binned,488nm Binned,5,whole_field_foreground,stable_channel,754500,15761358.0,13358736.0,18.098007202148438,2402622.0,1126,0.0014923790589774786,132.73405133343928,11.0,5.5600656282987675,5.5600656282987675,screening metric for punctate-to-diffuse reporter redistribution; not rupture proof
F15,F,15,PLD3_TMEM106B_mCherry_primary,site0,32,"260312_Day32_WellF15_Channel405nm Binned,561 nm,488nm Binned_Seq0058.nd2",561nm Binned,488nm Binned,6,whole_field_foreground,stable_channel,830778,17838234.0,15135278.0,18.621707916259766,2702956.0,1171,0.001409522158745887,135.31527429803836,12.0,5.599528072227,5.599528072227,screening metric for punctate-to-diffuse reporter redistribution; not rupture proof
F15,F,15,PLD3_TMEM106B_mCherry_primary,site0,36,"260316_Day36_WellF15_Channel405nm Binned,561nm Binned,488nm Binned_Seq0058.nd2",561nm Binned,488nm Binned,7,whole_field_foreground,stable_channel,873715,19990258.0,16842784.0,19.710643768310547,3147473.0,1187,0.001358566580634007,145.05434449861906,12.0,5.351208413859197,5.351208413859197,screening metric for punctate-to-diffuse reporter redistribution; not rupture proof
F15,F,15,PLD3_TMEM106B_mCherry_primary,site0,39,"260319_Day39_WellF15_Channel405nm Binned,561nm Binned,488nm Binned_Seq0058.nd2",561nm Binned,488nm Binned,8,whole_field_foreground,stable_channel,865794,21695554.0,18565636.0,21.928321838378906,3129917.0,1156,0.001335190588059821,145.1091685179608,12.0,5.931670392535671,5.931670392535671,screening metric for punctate-to-diffuse reporter redistribution; not rupture proof
F17,F,17,PLD3_TMEM106B_mCherry_primary,site0,8,"260216_Day8_iNeurons_WellF17_Channel405nm Binned,561nm Binned,488nm Binned_Seq0060.nd2",561nm Binned,488nm Binned,0,whole_field_foreground,stable_channel,818161,16764005.0,12603277.0,15.781734466552734,4160728.0,887,0.001084138696416617,192.9369238043853,18.0,3.029103801064855,3.029103801064855,screening metric for punctate-to-diffuse reporter redistribution; not rupture proof
F17,F,17,PLD3_TMEM106B_mCherry_primary,site0,12,"260220_Day12_WellF17_Channel405nm Binned,561nm Binned,488nm Binned_Seq0060.nd2",561nm Binned,488nm Binned,1,whole_field_foreground,stable_channel,701870,13413401.0,11006477.0,16.055614471435547,2406924.0,768,0.0010942197272983682,128.94308533271155,16.0,4.572839441542578,4.572839441542578,screening metric for punctate-to-diffuse reporter redistribution; not rupture proof
F17,F,17,PLD3_TMEM106B_mCherry_primary,site0,16,"260224_day16_WellF17_Channel405nm Binned,561nm Binned,488nm Binned_Seq0060.nd2",561nm Binned,488nm Binned,2,whole_field_foreground,stable_channel,760507,16133119.0,13275343.0,17.87400245666504,2857776.0,798,0.0010493000064416905,144.96418731612968,17.0,4.645340642511994,4.645340642511994,screening metric for punctate-to-diffuse reporter redistribution; not rupture proof
F17,F,17,PLD3_TMEM106B_mCherry_primary,site0,20,"260228_day20_WellF17_Channel405nm Binned,561nm Binned,488nm Binned_Seq0060.nd2",561nm Binned,488nm Binned,3,whole_field_foreground,stable_channel,778393,15763731.0,13177442.0,17.321577072143555,2586289.0,907,0.0011652211671981053,132.43669016542614,14.0,5.095115820387786,5.095115820387786,screening metric for punctate-to-diffuse reporter redistribution; not rupture proof
F17,F,17,PLD3_TMEM106B_mCherry_primary,site0,25,"260305_day25_iNeurons_WellF17_Channel405nm Binned,561nm Binned,488nm Binned_Seq0060.nd2",561nm Binned,488nm Binned,4,whole_field_foreground,stable_channel,534653,8613360.0,7516457.0,14.363544464111328,1096903.0,774,0.0014476679266712284,85.99374114635378,11.0,6.852435447795427,6.852435447795427,screening metric for punctate-to-diffuse reporter redistribution; not rupture proof
F17,F,17,PLD3_TMEM106B_mCherry_primary,site0,29,"260309_Day29_WellF17_Channel405nm Binned,561nm Binned,488nm Binned_Seq0060.nd2",561nm Binned,488nm Binned,5,whole_field_foreground,stable_channel,725203,14945031.0,12861213.0,18.121889114379883,2083818.0,1029,0.001418913049171861,120.67924983670575,12.0,6.1719463983869165,6.1719463983869165,screening metric for punctate-to-diffuse reporter redistribution; not rupture proof
F17,F,17,PLD3_TMEM106B_mCherry_primary,site0,32,"260312_Day32_WellF17_Channel405nm Binned,561 nm,488nm Binned_Seq0060.nd2",561nm Binned,488nm Binned,6,whole_field_foreground,stable_channel,796483,17217264.0,14772052.0,18.952110290527344,2445213.0,1163,0.0014601692691476652,129.00002003454077,11.0,6.041212769600833,6.041212769600833,screening metric for punctate-to-diffuse reporter redistribution; not rupture proof
F17,F,17,PLD3_TMEM106B_mCherry_primary,site0,36,"260316_Day36_WellF17_Channel405nm Binned,561nm Binned,488nm Binned_Seq0060.nd2",561nm Binned,488nm Binned,7,whole_field_foreground,stable_channel,846944,18903420.0,16066915.0,19.392658233642578,2836504.0,1145,0.0013519193712909568,137.47613997147073,12.0,5.664337155877212,5.664337155877212,screening metric for punctate-to-diffuse reporter redistribution; not rupture proof
F17,F,17,PLD3_TMEM106B_mCherry_primary,site0,39,"260319_Day39_WellF17_Channel405nm Binned,561nm Binned,488nm Binned_Seq0060.nd2",561nm Binned,488nm Binned,8,whole_field_foreground,stable_channel,886382,20666128.0,17846326.0,20.587440490722656,2819802.0,1179,0.0013301262886641085,129.66692502423805,13.0,6.328928768755278,6.328928768755278,screening metric for punctate-to-diffuse reporter redistribution; not rupture proof
F18,F,18,PLD3_TMEM106B_mCherry_primary,site0,8,"260216_Day8_iNeurons_WellF18_Channel405nm Binned,561nm Binned,488nm Binned_Seq0061.nd2",561nm Binned,488nm Binned,0,whole_field_foreground,stable_channel,848515,17539754.0,13431131.0,16.21629524230957,4108623.0,934,0.0011007465984677928,181.63119483147238,18.0,3.269010322922481,3.269010322922481,screening metric for punctate-to-diffuse reporter redistribution; not rupture proof
F18,F,18,PLD3_TMEM106B_mCherry_primary,site0,12,"260220_Day12_WellF18_Channel405nm Binned,561nm Binned,488nm Binned_Seq0061.nd2",561nm Binned,488nm Binned,1,whole_field_foreground,stable_channel,751762,14228448.0,11706099.0,15.941391944885254,2522349.0,790,0.0010508645023277966,124.979153582416,16.0,4.64095135129808,4.64095135129808,screening metric for punctate-to-diffuse reporter redistribution; not rupture proof
F18,F,18,PLD3_TMEM106B_mCherry_primary,site0,16,"260224_day16_WellF18_Channel405nm Binned,561nm Binned,488nm Binned_Seq0061.nd2",561nm Binned,488nm Binned,2,whole_field_foreground,stable_channel,783539,15738931.0,12923091.0,16.88723373413086,2815840.0,801,0.0010222847873545258,137.8388970859637,18.0,4.589426600941606,4.589426600941606,screening metric for punctate-to-diffuse reporter redistribution; not rupture proof
F18,F,18,PLD3_TMEM106B_mCherry_primary,site0,20,"260228_day20_WellF18_Channel405nm Binned,561nm Binned,488nm Binned_Seq0061.nd2",561nm Binned,488nm Binned,3,whole_field_foreground,stable_channel,794334,15436485.0,12794189.0,16.487314224243164,2642296.0,867,0.0010914804100024783,129.58354672758637,16.0,4.8420725762727415,4.8420725762727415,screening metric for punctate-to-diffuse reporter redistribution; not rupture proof
F18,F,18,PLD3_TMEM106B_mCherry_primary,site0,25,"260305_day25_iNeurons_WellF18_Channel405nm Binned,561nm Binned,488nm Binned_Seq0061.nd2",561nm Binned,488nm Binned,4,whole_field_foreground,stable_channel,532076,8374764.0,7278853.0,13.984320640563965,1095911.0,740,0.001390778760926276,84.01599549989443,12.0,6.641828579139509,6.641828579139509,screening metric for punctate-to-diffuse reporter redistribution; not rupture proof
F18,F,18,PLD3_TMEM106B_mCherry_primary,site0,29,"260309_Day29_WellF18_Channel405nm Binned,561nm Binned,488nm Binned_Seq0061.nd2",561nm Binned,488nm Binned,5,whole_field_foreground,stable_channel,739767,15111390.0,12915253.0,17.840595245361328,2196137.0,1067,0.0014423460359796498,125.94632123895303,11.0,5.880895863962094,5.880895863962094,screening metric for punctate-to-diffuse reporter redistribution; not rupture proof
F18,F,18,PLD3_TMEM106B_mCherry_primary,site0,32,"260312_Day32_WellF18_Channel405nm Binned,561 nm,488nm Binned_Seq0061.nd2",561nm Binned,488nm Binned,6,whole_field_foreground,stable_channel,822742,17144548.0,14614060.0,18.154359817504883,2530487.0,1182,0.0014366593658747984,128.8977469946124,11.0,5.775196632108455,5.775196632108455,screening metric for punctate-to-diffuse reporter redistribution; not rupture proof
F18,F,18,PLD3_TMEM106B_mCherry_primary,site0,36,"260316_Day36_WellF18_Channel405nm Binned,561nm Binned,488nm Binned_Seq0061.nd2",561nm Binned,488nm Binned,7,whole_field_foreground,stable_channel,895552,20146540.0,17126972.0,19.552833557128906,3019568.0,1246,0.0013913206603286114,138.02243175475976,12.0,5.6719941395571585,5.6719941395571585,screening metric for punctate-to-diffuse reporter redistribution; not rupture proof
F18,F,18,PLD3_TMEM106B_mCherry_primary,site0,39,"260319_Day39_WellF18_Channel405nm Binned,561nm Binned,488nm Binned_Seq0061.nd2",561nm Binned,488nm Binned,8,whole_field_foreground,stable_channel,903797,21402696.0,18291308.0,20.69061279296875,3111388.0,1211,0.0013399026551301455,139.88431268088783,12.0,5.87882578450329,5.87882578450329,screening metric for punctate-to-diffuse reporter redistribution; not rupture proof
F19,F,19,PLD3_TMEM106B_mCherry_primary,site0,8,"260216_Day8_iNeurons_WellF19_Channel405nm Binned,561nm Binned,488nm Binned_Seq0062.nd2",561nm Binned,488nm Binned,0,whole_field_foreground,stable_channel,861420,17163732.0,12952105.0,15.404263496398926,4211628.0,923,0.0010714866151226214,187.45086054941427,20.0,3.075320279948021,3.075320279948021,screening metric for punctate-to-diffuse reporter redistribution; not rupture proof
F19,F,19,PLD3_TMEM106B_mCherry_primary,site0,12,"260220_Day12_WellF19_Channel405nm Binned,561nm Binned,488nm Binned_Seq0062.nd2",561nm Binned,488nm Binned,1,whole_field_foreground,stable_channel,742115,13698481.0,11320840.0,15.616933822631836,2377641.0,821,0.001106297541484667,122.47659492260355,17.0,4.761374824876943,4.761374824876943,screening metric for punctate-to-diffuse reporter redistribution; not rupture proof
F19,F,19,PLD3_TMEM106B_mCherry_primary,site0,16,"260224_day16_WellF19_Channel405nm Binned,561nm Binned,488nm Binned_Seq0062.nd2",561nm Binned,488nm Binned,2,whole_field_foreground,stable_channel,796385,16041531.0,13266922.0,17.056392669677734,2774609.0,814,0.0010221186988692377,134.19811335008325,17.0,4.781546517003015,4.781546517003015,screening metric for punctate-to-diffuse reporter redistribution; not rupture proof
F19,F,19,PLD3_TMEM106B_mCherry_primary,site0,20,"260228_day20_WellF19_Channel405nm Binned,561nm Binned,488nm Binned_Seq0062.nd2",561nm Binned,488nm Binned,3,whole_field_foreground,stable_channel,799589,15758920.0,13230158.0,16.931936264038086,2528762.0,937,0.001171852038983563,126.74859583721344,14.0,5.2318715640280775,5.2318715640280775,screening metric for punctate-to-diffuse reporter redistribution; not rupture proof
F19,F,19,PLD3_TMEM106B_mCherry_primary,site0,25,"260305_day25_iNeurons_WellF19_Channel405nm Binned,561nm Binned,488nm Binned_Seq0062.nd2",561nm Binned,488nm Binned,4,whole_field_foreground,stable_channel,557380,8515481.0,7412662.0,13.587925910949707,1102819.0,775,0.0013904338153478946,81.66927269228043,11.0,6.721558116058282,6.721558116058282,screening metric for punctate-to-diffuse reporter redistribution; not rupture proof
F19,F,19,PLD3_TMEM106B_mCherry_primary,site0,29,"260309_Day29_WellF19_Channel405nm Binned,561nm Binned,488nm Binned_Seq0062.nd2",561nm Binned,488nm Binned,5,whole_field_foreground,stable_channel,766501,15447827.0,13272527.0,17.696041107177734,2175300.0,1137,0.0014833640138741068,121.21119162862303,12.0,6.101469682339861,6.101469682339861,screening metric for punctate-to-diffuse reporter redistribution; not rupture proof
F19,F,19,PLD3_TMEM106B_mCherry_primary,site0,32,"260312_Day32_WellF19_Channel405nm Binned,561 nm,488nm Binned_Seq0062.nd2",561nm Binned,488nm Binned,6,whole_field_foreground,stable_channel,829077,17029264.0,14454639.0,17.82404327392578,2574625.0,1219,0.001470309754098268,127.98466488256916,12.0,5.614269650917857,5.614269650917857,screening metric for punctate-to-diffuse reporter redistribution; not rupture proof
F19,F,19,PLD3_TMEM106B_mCherry_primary,site0,36,"260316_Day36_WellF19_Channel405nm Binned,561nm Binned,488nm Binned_Seq0062.nd2",561nm Binned,488nm Binned,7,whole_field_foreground,stable_channel,921031,20263574.0,17189996.0,19.083393096923828,3073578.0,1260,0.001368032129210235,135.61777699182903,12.0,5.592828943984635,5.592828943984635,screening metric for punctate-to-diffuse reporter redistribution; not rupture proof
F19,F,19,PLD3_TMEM106B_mCherry_primary,site0,39,"260319_Day39_WellF19_Channel405nm Binned,561nm Binned,488nm Binned_Seq0062.nd2",561nm Binned,488nm Binned,8,whole_field_foreground,stable_channel,908552,20398004.0,17563942.0,19.76556968688965,2834063.0,1253,0.0013791175408767147,125.5409559446245,12.0,6.197442329261489,6.197442329261489,screening metric for punctate-to-diffuse reporter redistribution; not rupture proof
F20,F,20,PLD3_TMEM106B_mCherry_primary,site0,8,"260216_Day8_iNeurons_WellF20_Channel405nm Binned,561nm Binned,488nm Binned_Seq0063.nd2",561nm Binned,488nm Binned,0,whole_field_foreground,stable_channel,732789,14906448.0,11421191.0,15.964204788208008,3485257.0,781,0.0010657911076707403,181.0050235020519,19.0,3.277001093462182,3.277001093462182,screening metric for punctate-to-diffuse reporter redistribution; not rupture proof
F20,F,20,PLD3_TMEM106B_mCherry_primary,site0,12,"260220_Day12_WellF20_Channel405nm Binned,561nm Binned,488nm Binned_Seq0063.nd2",561nm Binned,488nm Binned,1,whole_field_foreground,stable_channel,605959,10842321.0,8896315.0,15.033831596374512,1946006.0,659,0.001087532324792457,118.2232200495209,16.0,4.57157634662762,4.57157634662762,screening metric for punctate-to-diffuse reporter redistribution; not rupture proof
F20,F,20,PLD3_TMEM106B_mCherry_primary,site0,16,"260224_day16_WellF20_Channel405nm Binned,561nm Binned,488nm Binned_Seq0063.nd2",561nm Binned,488nm Binned,2,whole_field_foreground,stable_channel,646682,13186347.0,10909759.0,17.272361755371094,2276588.0,642,0.0009927599654838194,134.6334356622904,18.0,4.792153433117986,4.792153433117986,screening metric for punctate-to-diffuse reporter redistribution; not rupture proof
F20,F,20,PLD3_TMEM106B_mCherry_primary,site0,20,"260228_day20_WellF20_Channel405nm Binned,561nm Binned,488nm Binned_Seq0063.nd2",561nm Binned,488nm Binned,3,whole_field_foreground,stable_channel,649512,11922498.0,9944184.0,15.670422554016113,1978314.0,722,0.0011116037886888747,119.04953822931094,14.0,5.026595373633798,5.026595373633798,screening metric for punctate-to-diffuse reporter redistribution; not rupture proof
F20,F,20,PLD3_TMEM106B_mCherry_primary,site0,25,"260305_day25_iNeurons_WellF20_Channel405nm Binned,561nm Binned,488nm Binned_Seq0063.nd2",561nm Binned,488nm Binned,4,whole_field_foreground,stable_channel,417830,6136915.0,5348532.0,13.084613800048828,788383.0,607,0.0014527439389190515,78.43373737618008,12.0,6.7841797704836555,6.7841797704836555,screening metric for punctate-to-diffuse reporter redistribution; not rupture proof
F20,F,20,PLD3_TMEM106B_mCherry_primary,site0,29,"260309_Day29_WellF20_Channel405nm Binned,561nm Binned,488nm Binned_Seq0063.nd2",561nm Binned,488nm Binned,5,whole_field_foreground,stable_channel,585417,11159473.0,9591779.0,16.747411727905273,1567694.0,871,0.0014878283343300795,112.88309989429916,11.0,6.118400019387637,6.118400019387637,screening metric for punctate-to-diffuse reporter redistribution; not rupture proof
F20,F,20,PLD3_TMEM106B_mCherry_primary,site0,32,"260312_Day32_WellF20_Channel405nm Binned,561 nm,488nm Binned_Seq0063.nd2",561nm Binned,488nm Binned,6,whole_field_foreground,stable_channel,646106,12781818.0,10969911.0,17.356273651123047,1811907.0,925,0.0014316536295879752,117.43347486753721,12.0,6.054345504484472,6.054345504484472,screening metric for punctate-to-diffuse reporter redistribution; not rupture proof
F20,F,20,PLD3_TMEM106B_mCherry_primary,site0,36,"260316_Day36_WellF20_Channel405nm Binned,561nm Binned,488nm Binned_Seq0063.nd2",561nm Binned,488nm Binned,7,whole_field_foreground,stable_channel,717634,15263191.0,13127533.0,18.69978904724121,2135658.0,995,0.0013865006395998706,122.43498900140351,12.0,6.14683296669872,6.14683296669872,screening metric for punctate-to-diffuse reporter redistribution; not rupture proof
F20,F,20,PLD3_TMEM106B_mCherry_primary,site0,39,"260319_Day39_WellF20_Channel405nm Binned,561nm Binned,488nm Binned_Seq0063.nd2",561nm Binned,488nm Binned,8,whole_field_foreground,stable_channel,745486,16162437.0,13936794.0,19.119443893432617,2225643.0,989,0.0013266513388563612,120.89875158188437,12.0,6.261918016498486,6.261918016498486,screening metric for punctate-to-diffuse reporter redistribution; not rupture proof
I05,I,05,PLD3_mCherry_reporter_control,site0,8,"260216_Day8_iNeurons_WellI05_Channel405nm Binned,561nm Binned,488nm Binned_Seq0096.nd2",561nm Binned,488nm Binned,0,whole_field_foreground,stable_channel,738929,17891738.0,12752849.0,17.67855453491211,5138889.0,811,0.001097534404521818,269.34030243559624,18.0,2.481635427423616,2.481635427423616,screening metric for punctate-to-diffuse reporter redistribution; not rupture proof
I05,I,05,PLD3_mCherry_reporter_control,site0,12,"260220_Day12_WellI05_Channel405nm Binned,561nm Binned,488nm Binned_Seq0096.nd2",561nm Binned,488nm Binned,1,whole_field_foreground,stable_channel,677805,17557104.0,13158881.0,19.881187438964844,4398222.0,790,0.0011655269583417567,242.40748758436757,15.0,2.9918637576723066,2.9918637576723066,screening metric for punctate-to-diffuse reporter redistribution; not rupture proof
I05,I,05,PLD3_mCherry_reporter_control,site0,16,"260224_day16_WellI05_Channel405nm Binned,561nm Binned,488nm Binned_Seq0096.nd2",561nm Binned,488nm Binned,2,whole_field_foreground,stable_channel,671791,25321976.0,19184008.0,29.236026763916016,6137967.0,790,0.001175960975956546,358.0694753139834,14.0,3.125466135610842,3.125466135610842,screening metric for punctate-to-diffuse reporter redistribution; not rupture proof
I05,I,05,PLD3_mCherry_reporter_control,site0,20,"260228_day20_WellI05_Channel405nm Binned,561nm Binned,488nm Binned_Seq0096.nd2",561nm Binned,488nm Binned,3,whole_field_foreground,stable_channel,711363,27056680.0,20813648.0,29.9384765625,6243033.0,932,0.0013101609164360387,357.81169473869096,13.0,3.333900045057693,3.333900045057693,screening metric for punctate-to-diffuse reporter redistribution; not rupture proof
I05,I,05,PLD3_mCherry_reporter_control,site0,25,"260305_day25_iNeurons_WellI05_Channel405nm Binned,561nm Binned,488nm Binned_Seq0096.nd2",561nm Binned,488nm Binned,4,whole_field_foreground,stable_channel,473206,14921902.0,12211427.0,26.369047164916992,2710475.0,746,0.0015764804334653904,249.24393859945098,11.0,4.505271954176111,4.505271954176111,screening metric for punctate-to-diffuse reporter redistribution; not rupture proof
I05,I,05,PLD3_mCherry_reporter_control,site0,29,"260309_Day29_WellI05_Channel405nm Binned,561nm Binned,488nm Binned_Seq0096.nd2",561nm Binned,488nm Binned,5,whole_field_foreground,stable_channel,666789,28383848.0,22658400.0,34.74164962768555,5725449.0,1005,0.0015072234244993435,357.72041390642005,12.0,3.9574887489166426,3.9574887489166426,screening metric for punctate-to-diffuse reporter redistribution; not rupture proof
I05,I,05,PLD3_mCherry_reporter_control,site0,32,"260312_Day32_WellI05_Channel405nm Binned,561 nm,488nm Binned_Seq0096.nd2",561nm Binned,488nm Binned,6,whole_field_foreground,stable_channel,705286,31802732.0,25208552.0,36.55103302001953,6594180.0,1043,0.0014788327004910365,381.5358312941466,12.0,3.82284863318808,3.82284863318808,screening metric for punctate-to-diffuse reporter redistribution; not rupture proof
I05,I,05,PLD3_mCherry_reporter_control,site0,36,"260316_Day36_WellI05_Channel405nm Binned,561nm Binned,488nm Binned_Seq0096.nd2",561nm Binned,488nm Binned,7,whole_field_foreground,stable_channel,764758,35161752.0,27896798.0,37.315738677978516,7264953.0,1107,0.001447516730780917,384.03074360669143,12.0,3.8399144495492483,3.8399144495492483,screening metric for punctate-to-diffuse reporter redistribution; not rupture proof
I05,I,05,PLD3_mCherry_reporter_control,site0,39,"260319_Day39_WellI05_Channel405nm Binned,561nm Binned,488nm Binned_Seq0096.nd2",561nm Binned,488nm Binned,8,whole_field_foreground,stable_channel,741639,36813272.0,29397248.0,40.55458450317383,7416022.0,982,0.0013240943370004489,394.6961124365781,13.0,3.964018445467939,3.964018445467939,screening metric for punctate-to-diffuse reporter redistribution; not rupture proof
I06,I,06,PLD3_mCherry_reporter_control,site0,8,"260216_Day8_iNeurons_WellI06_Channel405nm Binned,561nm Binned,488nm Binned_Seq0097.nd2",561nm Binned,488nm Binned,0,whole_field_foreground,stable_channel,684448,16373236.0,11565402.0,17.3055477142334,4807834.0,773,0.0011293772499866618,273.6817845471618,18.0,2.4055327201391714,2.4055327201391714,screening metric for punctate-to-diffuse reporter redistribution; not rupture proof
I06,I,06,PLD3_mCherry_reporter_control,site0,12,"260220_Day12_WellI06_Channel405nm Binned,561nm Binned,488nm Binned_Seq0097.nd2",561nm Binned,488nm Binned,1,whole_field_foreground,stable_channel,654986,16943894.0,12745420.0,19.926549911499023,4198474.0,676,0.0010320831284927738,243.368897658128,17.0,3.03572679025688,3.03572679025688,screening metric for punctate-to-diffuse reporter redistribution; not rupture proof
I06,I,06,PLD3_mCherry_reporter_control,site0,16,"260224_day16_WellI06_Channel405nm Binned,561nm Binned,488nm Binned_Seq0097.nd2",561nm Binned,488nm Binned,2,whole_field_foreground,stable_channel,675636,25329760.0,18781272.0,28.462984085083008,6548488.0,739,0.001093784227008191,374.08728260664884,16.0,2.868031826583042,2.868031826583042,screening metric for punctate-to-diffuse reporter redistribution; not rupture proof
I06,I,06,PLD3_mCherry_reporter_control,site0,20,"260228_day20_WellI06_Channel405nm Binned,561nm Binned,488nm Binned_Seq0097.nd2",561nm Binned,488nm Binned,3,whole_field_foreground,stable_channel,684730,26154426.0,20010670.0,29.907739639282227,6143756.0,846,0.0012355234910092511,361.4112635042087,14.0,3.2570743369360278,3.2570743369360278,screening metric for punctate-to-diffuse reporter redistribution; not rupture proof
I06,I,06,PLD3_mCherry_reporter_control,site0,25,"260305_day25_iNeurons_WellI06_Channel405nm Binned,561nm Binned,488nm Binned_Seq0097.nd2",561nm Binned,488nm Binned,4,whole_field_foreground,stable_channel,450604,14142600.0,11416744.0,25.896177291870117,2725856.0,704,0.001562347427005614,255.40076502886686,11.0,4.188315156778573,4.188315156778573,screening metric for punctate-to-diffuse reporter redistribution; not rupture proof
I06,I,06,PLD3_mCherry_reporter_control,site0,29,"260309_Day29_WellI06_Channel405nm Binned,561nm Binned,488nm Binned_Seq0097.nd2",561nm Binned,488nm Binned,5,whole_field_foreground,stable_channel,656532,27205830.0,21331840.0,33.222713470458984,5873990.0,997,0.0015185855373363087,369.89817484068413,12.0,3.6315758113303507,3.6315758113303507,screening metric for punctate-to-diffuse reporter redistribution; not rupture proof
I06,I,06,PLD3_mCherry_reporter_control,site0,32,"260312_Day32_WellI06_Channel405nm Binned,561 nm,488nm Binned_Seq0097.nd2",561nm Binned,488nm Binned,6,whole_field_foreground,stable_channel,676521,31253540.0,24239150.0,36.644920349121094,7014389.0,1001,0.0014796288659162397,417.54100268322986,12.0,3.4556324150252493,3.4556324150252493,screening metric for punctate-to-diffuse reporter redistribution; not rupture proof
I06,I,06,PLD3_mCherry_reporter_control,site0,36,"260316_Day36_WellI06_Channel405nm Binned,561nm Binned,488nm Binned_Seq0097.nd2",561nm Binned,488nm Binned,7,whole_field_foreground,stable_channel,736842,36245816.0,28157132.0,39.08622741699219,8088683.0,1020,0.001384285912038966,437.9679687350404,12.0,3.4810527251465433,3.4810527251465433,screening metric for punctate-to-diffuse reporter redistribution; not rupture proof
I06,I,06,PLD3_mCherry_reporter_control,site0,39,"260319_Day39_WellI06_Channel405nm Binned,561nm Binned,488nm Binned_Seq0097.nd2",561nm Binned,488nm Binned,8,whole_field_foreground,stable_channel,723528,36672188.0,28984388.0,40.983436584472656,7687800.0,998,0.001379352284913121,424.1411726192864,13.0,3.770179765342,3.770179765342,screening metric for punctate-to-diffuse reporter redistribution; not rupture proof
I07,I,07,PLD3_mCherry_reporter_control,site0,8,"260216_Day8_iNeurons_WellI07_Channel405nm Binned,561nm Binned,488nm Binned_Seq0098.nd2",561nm Binned,488nm Binned,0,whole_field_foreground,stable_channel,778976,18442772.0,13052486.0,17.164363861083984,5390285.0,847,0.0010873248983266656,263.80430361625014,17.0,2.421483465159556,2.421483465159556,screening metric for punctate-to-diffuse reporter redistribution; not rupture proof
I07,I,07,PLD3_mCherry_reporter_control,site0,12,"260220_Day12_WellI07_Channel405nm Binned,561nm Binned,488nm Binned_Seq0098.nd2",561nm Binned,488nm Binned,1,whole_field_foreground,stable_channel,746603,19293208.0,14413792.0,19.77208709716797,4879417.0,787,0.0010541077386495177,245.61378757229602,17.0,2.953998807643832,2.953998807643832,screening metric for punctate-to-diffuse reporter redistribution; not rupture proof
I07,I,07,PLD3_mCherry_reporter_control,site0,16,"260224_day16_WellI07_Channel405nm Binned,561nm Binned,488nm Binned_Seq0098.nd2",561nm Binned,488nm Binned,2,whole_field_foreground,stable_channel,763125,27826798.0,20821308.0,27.936403274536133,7005490.0,834,0.0010928746928732607,357.1993772840614,16.0,2.972141563259248,2.972141563259248,screening metric for punctate-to-diffuse reporter redistribution; not rupture proof
I07,I,07,PLD3_mCherry_reporter_control,site0,20,"260228_day20_WellI07_Channel405nm Binned,561nm Binned,488nm Binned_Seq0098.nd2",561nm Binned,488nm Binned,3,whole_field_foreground,stable_channel,776278,28432898.0,21653296.0,28.548425674438477,6779601.0,1017,0.0013100976711934254,349.5216241197014,13.0,3.1938894339057424,3.1938894339057424,screening metric for punctate-to-diffuse reporter redistribution; not rupture proof
I07,I,07,PLD3_mCherry_reporter_control,site0,25,"260305_day25_iNeurons_WellI07_Channel405nm Binned,561nm Binned,488nm Binned_Seq0098.nd2",561nm Binned,488nm Binned,4,whole_field_foreground,stable_channel,529978,15770786.0,12652456.0,24.4057559967041,3118330.0,808,0.0015245915868177082,242.1564433881552,11.0,4.057446133025031,4.057446133025031,screening metric for punctate-to-diffuse reporter redistribution; not rupture proof
I07,I,07,PLD3_mCherry_reporter_control,site0,29,"260309_Day29_WellI07_Channel405nm Binned,561nm Binned,488nm Binned_Seq0098.nd2",561nm Binned,488nm Binned,5,whole_field_foreground,stable_channel,746219,30989208.0,24198680.0,33.159095764160156,6790530.0,1127,0.0015102804940620512,377.5342251795419,12.0,3.5635922380132974,3.5635922380132974,screening metric for punctate-to-diffuse reporter redistribution; not rupture proof
I07,I,07,PLD3_mCherry_reporter_control,site0,32,"260312_Day32_WellI07_Channel405nm Binned,561 nm,488nm Binned_Seq0098.nd2",561nm Binned,488nm Binned,6,whole_field_foreground,stable_channel,819545,34962840.0,27027410.0,33.73210525512695,7935432.0,1209,0.0014752088048838377,393.20433492479094,12.0,3.4059153931375876,3.4059153931375876,screening metric for punctate-to-diffuse reporter redistribution; not rupture proof
I07,I,07,PLD3_mCherry_reporter_control,site0,36,"260316_Day36_WellI07_Channel405nm Binned,561nm Binned,488nm Binned_Seq0098.nd2",561nm Binned,488nm Binned,7,whole_field_foreground,stable_channel,892499,40833996.0,31354500.0,35.93861389160156,9479495.0,1208,0.0013535029170885866,423.39316018211923,13.0,3.3076129055394503,3.3076129055394503,screening metric for punctate-to-diffuse reporter redistribution; not rupture proof
I07,I,07,PLD3_mCherry_reporter_control,site0,39,"260319_Day39_WellI07_Channel405nm Binned,561nm Binned,488nm Binned_Seq0098.nd2",561nm Binned,488nm Binned,8,whole_field_foreground,stable_channel,843567,41445204.0,32505722.0,39.42959976196289,8939483.0,1150,0.001363258638612744,412.95783838686737,13.0,3.636197082090358,3.636197082090358,screening metric for punctate-to-diffuse reporter redistribution; not rupture proof
I08,I,08,PLD3_mCherry_reporter_control,site0,8,"260216_Day8_iNeurons_WellI08_Channel405nm Binned,561nm Binned,488nm Binned_Seq0099.nd2",561nm Binned,488nm Binned,0,whole_field_foreground,stable_channel,655893,15691163.0,11339791.0,17.71086883544922,4351372.0,728,0.0011099371391353316,253.16885313096938,18.0,2.6060265589789595,2.6060265589789595,screening metric for punctate-to-diffuse reporter redistribution; not rupture proof
I08,I,08,PLD3_mCherry_reporter_control,site0,12,"260220_Day12_WellI08_Channel405nm Binned,561nm Binned,488nm Binned_Seq0099.nd2",561nm Binned,488nm Binned,1,whole_field_foreground,stable_channel,554043,14380190.0,10800672.0,19.9622802734375,3579518.0,568,0.001025191185519851,243.88879232003654,17.0,3.0173537330995357,3.0173537330995357,screening metric for punctate-to-diffuse reporter redistribution; not rupture proof
I08,I,08,PLD3_mCherry_reporter_control,site0,16,"260224_day16_WellI08_Channel405nm Binned,561nm Binned,488nm Binned_Seq0099.nd2",561nm Binned,488nm Binned,2,whole_field_foreground,stable_channel,656123,22616484.0,16426900.0,25.642351150512695,6189584.0,672,0.0010241982067371144,358.5391102972485,17.0,2.6539586505324664,2.6539586505324664,screening metric for punctate-to-diffuse reporter redistribution; not rupture proof
I08,I,08,PLD3_mCherry_reporter_control,site0,20,"260228_day20_WellI08_Channel405nm Binned,561nm Binned,488nm Binned_Seq0099.nd2",561nm Binned,488nm Binned,3,whole_field_foreground,stable_channel,650117,23120552.0,17513060.0,27.570894241333008,5607493.0,806,0.0012397768401668627,344.6928515943049,14.0,3.1231532522638683,3.1231532522638683,screening metric for punctate-to-diffuse reporter redistribution; not rupture proof
I08,I,08,PLD3_mCherry_reporter_control,site0,25,"260305_day25_iNeurons_WellI08_Channel405nm Binned,561nm Binned,488nm Binned_Seq0099.nd2",561nm Binned,488nm Binned,4,whole_field_foreground,stable_channel,387544,11829123.0,9584036.0,25.275623321533203,2245087.0,596,0.0015378898912083844,239.3539758720654,11.0,4.268892920406083,4.268892920406083,screening metric for punctate-to-diffuse reporter redistribution; not rupture proof
I08,I,08,PLD3_mCherry_reporter_control,site0,29,"260309_Day29_WellI08_Channel405nm Binned,561nm Binned,488nm Binned_Seq0099.nd2",561nm Binned,488nm Binned,5,whole_field_foreground,stable_channel,565770,23661796.0,18683992.0,33.76596450805664,4977802.0,873,0.0015430298531177986,358.65706198431235,11.0,3.753462271098016,3.753462271098016,screening metric for punctate-to-diffuse reporter redistribution; not rupture proof
I08,I,08,PLD3_mCherry_reporter_control,site0,32,"260312_Day32_WellI08_Channel405nm Binned,561 nm,488nm Binned_Seq0099.nd2",561nm Binned,488nm Binned,6,whole_field_foreground,stable_channel,656937,27664392.0,21552686.0,33.5479621887207,6111707.0,905,0.0013776054629266162,374.51595705148264,12.0,3.5264593017951404,3.5264593017951404,screening metric for punctate-to-diffuse reporter redistribution; not rupture proof
I08,I,08,PLD3_mCherry_reporter_control,site0,36,"260316_Day36_WellI08_Channel405nm Binned,561nm Binned,488nm Binned_Seq0099.nd2",561nm Binned,488nm Binned,7,whole_field_foreground,stable_channel,700494,31432748.0,24154080.0,35.27785873413086,7278669.0,944,0.0013476203936060157,406.2987037917315,13.0,3.318474847530047,3.318474847530047,screening metric for punctate-to-diffuse reporter redistribution; not rupture proof
I08,I,08,PLD3_mCherry_reporter_control,site0,39,"260319_Day39_WellI08_Channel405nm Binned,561nm Binned,488nm Binned_Seq0099.nd2",561nm Binned,488nm Binned,8,whole_field_foreground,stable_channel,690020,31854574.0,24848972.0,36.84287643432617,7005603.0,890,0.001289817686442002,394.47578593050497,14.0,3.547014011498575,3.547014011498575,screening metric for punctate-to-diffuse reporter redistribution; not rupture proof
I09,I,09,PLD3_mCherry_reporter_control,site0,8,"260216_Day8_iNeurons_WellI09_Channel405nm Binned,561nm Binned,488nm Binned_Seq0100.nd2",561nm Binned,488nm Binned,0,whole_field_foreground,stable_channel,668159,16653586.0,11854641.0,18.173686981201172,4798945.0,781,0.0011688834543856046,277.32563621530767,16.0,2.470259817521878,2.470259817521878,screening metric for punctate-to-diffuse reporter redistribution; not rupture proof
I09,I,09,PLD3_mCherry_reporter_control,site0,12,"260220_Day12_WellI09_Channel405nm Binned,561nm Binned,488nm Binned_Seq0100.nd2",561nm Binned,488nm Binned,1,whole_field_foreground,stable_channel,617135,17285622.0,12945798.0,21.48031234741211,4339824.0,675,0.0010937639252333869,271.16236004864726,17.0,2.983023735524071,2.983023735524071,screening metric for punctate-to-diffuse reporter redistribution; not rupture proof
I09,I,09,PLD3_mCherry_reporter_control,site0,16,"260224_day16_WellI09_Channel405nm Binned,561nm Binned,488nm Binned_Seq0100.nd2",561nm Binned,488nm Binned,2,whole_field_foreground,stable_channel,658733,26422256.0,19793344.0,30.76519775390625,6628910.0,749,0.0011370312402731652,399.10195578561127,15.0,2.985912314392112,2.985912314392112,screening metric for punctate-to-diffuse reporter redistribution; not rupture proof
I09,I,09,PLD3_mCherry_reporter_control,site0,20,"260228_day20_WellI09_Channel405nm Binned,561nm Binned,488nm Binned_Seq0100.nd2",561nm Binned,488nm Binned,3,whole_field_foreground,stable_channel,677760,27235880.0,20982260.0,31.673343658447266,6253619.0,907,0.0013382318224720575,380.2043154883674,13.0,3.355218794108922,3.355218794108922,screening metric for punctate-to-diffuse reporter redistribution; not rupture proof
I09,I,09,PLD3_mCherry_reporter_control,site0,25,"260305_day25_iNeurons_WellI09_Channel405nm Binned,561nm Binned,488nm Binned_Seq0100.nd2",561nm Binned,488nm Binned,4,whole_field_foreground,stable_channel,445382,14241363.0,11466181.0,26.310226440429688,2775182.0,677,0.0015200434683002007,263.7339533435365,11.0,4.131686138060808,4.131686138060808,screening metric for punctate-to-diffuse reporter redistribution; not rupture proof
I09,I,09,PLD3_mCherry_reporter_control,site0,29,"260309_Day29_WellI09_Channel405nm Binned,561nm Binned,488nm Binned_Seq0100.nd2",561nm Binned,488nm Binned,5,whole_field_foreground,stable_channel,601176,26257076.0,20804258.0,35.37958526611328,5452818.0,945,0.0015719190386815642,385.15814480251737,12.0,3.8153222792317996,3.8153222792317996,screening metric for punctate-to-diffuse reporter redistribution; not rupture proof
I09,I,09,PLD3_mCherry_reporter_control,site0,32,"260312_Day32_WellI09_Channel405nm Binned,561 nm,488nm Binned_Seq0100.nd2",561nm Binned,488nm Binned,6,whole_field_foreground,stable_channel,671422,30888458.0,23997372.0,36.554447174072266,6891087.0,972,0.001447673743187671,415.3719304245686,12.0,3.4823783243480335,3.4823783243480335,screening metric for punctate-to-diffuse reporter redistribution; not rupture proof
I09,I,09,PLD3_mCherry_reporter_control,site0,36,"260316_Day36_WellI09_Channel405nm Binned,561nm Binned,488nm Binned_Seq0100.nd2",561nm Binned,488nm Binned,7,whole_field_foreground,stable_channel,720093,35234172.0,27501484.0,39.06827163696289,7732688.0,1077,0.0014956401464790024,433.9003592290143,12.0,3.5565231650360705,3.5565231650360705,screening metric for punctate-to-diffuse reporter redistribution; not rupture proof
I09,I,09,PLD3_mCherry_reporter_control,site0,39,"260319_Day39_WellI09_Channel405nm Binned,561nm Binned,488nm Binned_Seq0100.nd2",561nm Binned,488nm Binned,8,whole_field_foreground,stable_channel,715807,36402560.0,28464968.0,40.69278335571289,7937591.0,968,0.0013523198292258215,439.5803844042061,13.0,3.586096587742605,3.586096587742605,screening metric for punctate-to-diffuse reporter redistribution; not rupture proof
I10,I,10,PLD3_mCherry_reporter_control,site0,8,"260216_Day8_iNeurons_WellI10_Channel405nm Binned,561nm Binned,488nm Binned_Seq0101.nd2",561nm Binned,488nm Binned,0,whole_field_foreground,stable_channel,733122,17994820.0,12826151.0,17.920326232910156,5168669.0,842,0.0011485127986867827,274.1033567487486,17.0,2.4815191299728263,2.4815191299728263,screening metric for punctate-to-diffuse reporter redistribution; not rupture proof
I10,I,10,PLD3_mCherry_reporter_control,site0,12,"260220_Day12_WellI10_Channel405nm Binned,561nm Binned,488nm Binned_Seq0101.nd2",561nm Binned,488nm Binned,1,whole_field_foreground,stable_channel,652656,18255896.0,13839531.0,21.710533142089844,4416366.0,693,0.0010618151062718158,255.57971055992755,15.0,3.1336920445445116,3.1336920445445116,screening metric for punctate-to-diffuse reporter redistribution; not rupture proof
I10,I,10,PLD3_mCherry_reporter_control,site0,16,"260224_day16_WellI10_Channel405nm Binned,561nm Binned,488nm Binned_Seq0101.nd2",561nm Binned,488nm Binned,2,whole_field_foreground,stable_channel,665503,26310056.0,19727192.0,30.3441104888916,6582865.0,762,0.0011449985950459352,391.6117486027595,16.0,2.996748680095521,2.996748680095521,screening metric for punctate-to-diffuse reporter redistribution; not rupture proof
I10,I,10,PLD3_mCherry_reporter_control,site0,20,"260228_day20_WellI10_Channel405nm Binned,561nm Binned,488nm Binned_Seq0101.nd2",561nm Binned,488nm Binned,3,whole_field_foreground,stable_channel,670786,28781936.0,22179392.0,33.82902526855469,6602545.0,876,0.0013059306544839847,400.08481212946924,13.0,3.359218604340696,3.359218604340696,screening metric for punctate-to-diffuse reporter redistribution; not rupture proof
I10,I,10,PLD3_mCherry_reporter_control,site0,25,"260305_day25_iNeurons_WellI10_Channel405nm Binned,561nm Binned,488nm Binned_Seq0101.nd2",561nm Binned,488nm Binned,4,whole_field_foreground,stable_channel,463710,15811538.0,12871210.0,28.36330223083496,2940328.0,718,0.0015483815315573345,273.49743563086207,11.0,4.377474213759697,4.377474213759697,screening metric for punctate-to-diffuse reporter redistribution; not rupture proof
I10,I,10,PLD3_mCherry_reporter_control,site0,29,"260309_Day29_WellI10_Channel405nm Binned,561nm Binned,488nm Binned_Seq0101.nd2",561nm Binned,488nm Binned,5,whole_field_foreground,stable_channel,648283,30554466.0,24010624.0,37.86967468261719,6543842.0,974,0.0015024302657920964,419.52669606610243,12.0,3.669193724420047,3.669193724420047,screening metric for punctate-to-diffuse reporter redistribution; not rupture proof
I10,I,10,PLD3_mCherry_reporter_control,site0,32,"260312_Day32_WellI10_Channel405nm Binned,561 nm,488nm Binned_Seq0101.nd2",561nm Binned,488nm Binned,6,whole_field_foreground,stable_channel,686289,33430072.0,25944292.0,38.663787841796875,7485780.0,1011,0.0014731403242635782,438.65133725853985,12.0,3.465810109300104,3.465810109300104,screening metric for punctate-to-diffuse reporter redistribution; not rupture proof
I10,I,10,PLD3_mCherry_reporter_control,site0,36,"260316_Day36_WellI10_Channel405nm Binned,561nm Binned,488nm Binned_Seq0101.nd2",561nm Binned,488nm Binned,7,whole_field_foreground,stable_channel,731363,38782976.0,29966436.0,41.901371002197266,8816543.0,1027,0.0014042274492948041,482.98711039423364,12.0,3.3988872963015777,3.3988872963015777,screening metric for punctate-to-diffuse reporter redistribution; not rupture proof
I10,I,10,PLD3_mCherry_reporter_control,site0,39,"260319_Day39_WellI10_Channel405nm Binned,561nm Binned,488nm Binned_Seq0101.nd2",561nm Binned,488nm Binned,8,whole_field_foreground,stable_channel,731006,40230856.0,31438344.0,43.996971130371094,8792512.0,1023,0.0013994413178532057,475.4557073598733,13.0,3.5755815857853164,3.5755815857853164,screening metric for punctate-to-diffuse reporter redistribution; not rupture proof
I11,I,11,PLD3_mCherry_reporter_control,site0,8,"260216_Day8_iNeurons_WellI11_Channel405nm Binned,561nm Binned,488nm Binned_Seq0102.nd2",561nm Binned,488nm Binned,0,whole_field_foreground,stable_channel,772203,18536472.0,13257025.0,17.586437225341797,5279446.0,862,0.0011162867795111956,264.5373428061501,18.0,2.511063660845757,2.511063660845757,screening metric for punctate-to-diffuse reporter redistribution; not rupture proof
I11,I,11,PLD3_mCherry_reporter_control,site0,12,"260220_Day12_WellI11_Channel405nm Binned,561nm Binned,488nm Binned_Seq0102.nd2",561nm Binned,488nm Binned,1,whole_field_foreground,stable_channel,668541,17659528.0,13397806.0,20.516592025756836,4261722.0,717,0.0010724847092383675,243.26035606777984,17.0,3.1437540975213434,3.1437540975213434,screening metric for punctate-to-diffuse reporter redistribution; not rupture proof
I11,I,11,PLD3_mCherry_reporter_control,site0,16,"260224_day16_WellI11_Channel405nm Binned,561nm Binned,488nm Binned_Seq0102.nd2",561nm Binned,488nm Binned,2,whole_field_foreground,stable_channel,703330,26996856.0,20070844.0,29.21788215637207,6926013.0,769,0.0010933701107572642,382.40966025006475,16.0,2.897892914725557,2.897892914725557,screening metric for punctate-to-diffuse reporter redistribution; not rupture proof
I11,I,11,PLD3_mCherry_reporter_control,site0,20,"260228_day20_WellI11_Channel405nm Binned,561nm Binned,488nm Binned_Seq0102.nd2",561nm Binned,488nm Binned,3,whole_field_foreground,stable_channel,695203,28474604.0,21872196.0,32.191978454589844,6602407.0,891,0.0012816400389508078,385.2163660668096,13.0,3.3127609370335223,3.3127609370335223,screening metric for punctate-to-diffuse reporter redistribution; not rupture proof
I11,I,11,PLD3_mCherry_reporter_control,site0,25,"260305_day25_iNeurons_WellI11_Channel405nm Binned,561nm Binned,488nm Binned_Seq0102.nd2",561nm Binned,488nm Binned,4,whole_field_foreground,stable_channel,480640,15955419.0,12854249.0,27.336320877075195,3101170.0,743,0.0015458555259621632,270.3436226928218,11.0,4.144967544506059,4.144967544506059,screening metric for punctate-to-diffuse reporter redistribution; not rupture proof
I11,I,11,PLD3_mCherry_reporter_control,site0,29,"260309_Day29_WellI11_Channel405nm Binned,561nm Binned,488nm Binned_Seq0102.nd2",561nm Binned,488nm Binned,5,whole_field_foreground,stable_channel,668366,29112350.0,22988014.0,35.16971206665039,6124336.0,1013,0.001515636642196767,381.7885803945679,12.0,3.753552058540917,3.753552058540917,screening metric for punctate-to-diffuse reporter redistribution; not rupture proof
I11,I,11,PLD3_mCherry_reporter_control,site0,32,"260312_Day32_WellI11_Channel405nm Binned,561 nm,488nm Binned_Seq0102.nd2",561nm Binned,488nm Binned,6,whole_field_foreground,stable_channel,746729,33381392.0,26307072.0,36.034122467041016,7074319.0,1096,0.0014677346132245196,390.1094252871771,12.0,3.718672002209157,3.718672002209157,screening metric for punctate-to-diffuse reporter redistribution; not rupture proof
I11,I,11,PLD3_mCherry_reporter_control,site0,36,"260316_Day36_WellI11_Channel405nm Binned,561nm Binned,488nm Binned_Seq0102.nd2",561nm Binned,488nm Binned,7,whole_field_foreground,stable_channel,793678,38620584.0,30092464.0,38.78909683227539,8528121.0,1115,0.001404851841677097,431.32611606751857,13.0,3.528615975312319,3.528615975312319,screening metric for punctate-to-diffuse reporter redistribution; not rupture proof
I11,I,11,PLD3_mCherry_reporter_control,site0,39,"260319_Day39_WellI11_Channel405nm Binned,561nm Binned,488nm Binned_Seq0102.nd2",561nm Binned,488nm Binned,8,whole_field_foreground,stable_channel,802459,39285616.0,31041576.0,39.573402404785156,8244039.0,1067,0.0013296629485103541,409.25524484764895,13.0,3.765335899065523,3.765335899065523,screening metric for punctate-to-diffuse reporter redistribution; not rupture proof
I12,I,12,PLD3_mCherry_reporter_control,site0,8,"260216_Day8_iNeurons_WellI12_Channel405nm Binned,561nm Binned,488nm Binned_Seq0103.nd2",561nm Binned,488nm Binned,0,whole_field_foreground,stable_channel,775058,18988564.0,13570605.0,17.934001922607422,5417959.0,862,0.0011121748307854223,270.523922683468,18.0,2.504744867947043,2.504744867947043,screening metric for punctate-to-diffuse reporter redistribution; not rupture proof
I12,I,12,PLD3_mCherry_reporter_control,site0,12,"260220_Day12_WellI12_Channel405nm Binned,561nm Binned,488nm Binned_Seq0103.nd2",561nm Binned,488nm Binned,1,whole_field_foreground,stable_channel,689250,19056828.0,14293296.0,21.234962463378906,4763532.0,765,0.0011099020674630253,262.23978127872243,16.0,3.0005668063103172,3.0005668063103172,screening metric for punctate-to-diffuse reporter redistribution; not rupture proof
I12,I,12,PLD3_mCherry_reporter_control,site0,16,"260224_day16_WellI12_Channel405nm Binned,561nm Binned,488nm Binned_Seq0103.nd2",561nm Binned,488nm Binned,2,whole_field_foreground,stable_channel,763319,29131946.0,21524896.0,28.873371124267578,7607050.0,829,0.0010860465938865847,388.0594092025113,16.0,2.829598333124821,2.829598333124821,screening metric for punctate-to-diffuse reporter redistribution; not rupture proof
I12,I,12,PLD3_mCherry_reporter_control,site0,20,"260228_day20_WellI12_Channel405nm Binned,561nm Binned,488nm Binned_Seq0103.nd2",561nm Binned,488nm Binned,3,whole_field_foreground,stable_channel,749100,29671996.0,22679296.0,30.978708267211914,6992700.0,973,0.0012988920037360849,378.01580213054723,13.0,3.24328170806652,3.24328170806652,screening metric for punctate-to-diffuse reporter redistribution; not rupture proof
I12,I,12,PLD3_mCherry_reporter_control,site0,25,"260305_day25_iNeurons_WellI12_Channel405nm Binned,561nm Binned,488nm Binned_Seq0103.nd2",561nm Binned,488nm Binned,4,whole_field_foreground,stable_channel,499600,15548833.0,12434930.0,25.438772201538086,3113903.0,784,0.0015692554043203178,266.16356382564624,11.0,3.9933581746110933,3.9933581746110933,screening metric for punctate-to-diffuse reporter redistribution; not rupture proof
I12,I,12,PLD3_mCherry_reporter_control,site0,29,"260309_Day29_WellI12_Channel405nm Binned,561nm Binned,488nm Binned_Seq0103.nd2",561nm Binned,488nm Binned,5,whole_field_foreground,stable_channel,701929,31910828.0,25141914.0,36.61687469482422,6768915.0,1085,0.0015457403811474583,404.019518944525,12.0,3.714319650933168,3.714319650933168,screening metric for punctate-to-diffuse reporter redistribution; not rupture proof
I12,I,12,PLD3_mCherry_reporter_control,site0,32,"260312_Day32_WellI12_Channel405nm Binned,561 nm,488nm Binned_Seq0103.nd2",561nm Binned,488nm Binned,6,whole_field_foreground,stable_channel,749984,35275312.0,27386940.0,37.35103988647461,7888372.0,1112,0.0014826982975617044,428.8127803665271,12.0,3.4718114206577133,3.4718114206577133,screening metric for punctate-to-diffuse reporter redistribution; not rupture proof
I12,I,12,PLD3_mCherry_reporter_control,site0,36,"260316_Day36_WellI12_Channel405nm Binned,561nm Binned,488nm Binned_Seq0103.nd2",561nm Binned,488nm Binned,7,whole_field_foreground,stable_channel,834130,42257220.0,32589864.0,39.970298767089844,9667353.0,1215,0.0014566074832442705,468.7317000024113,12.0,3.3711258914406694,3.3711258914406694,screening metric for punctate-to-diffuse reporter redistribution; not rupture proof
I12,I,12,PLD3_mCherry_reporter_control,site0,39,"260319_Day39_WellI12_Channel405nm Binned,561nm Binned,488nm Binned_Seq0103.nd2",561nm Binned,488nm Binned,8,whole_field_foreground,stable_channel,807609,41917208.0,32807562.0,41.564022064208984,9109645.0,1109,0.0013731892537089444,449.0618110980076,13.0,3.601409495100676,3.601409495100676,screening metric for punctate-to-diffuse reporter redistribution; not rupture proof
I14,I,14,PLD3_mCherry_reporter_control,site0,8,"260216_Day8_iNeurons_WellI14_Channel405nm Binned,561nm Binned,488nm Binned_Seq0105.nd2",561nm Binned,488nm Binned,0,whole_field_foreground,stable_channel,779589,18383072.0,12974914.0,17.04639434814453,5408159.0,864,0.0011082762840405544,268.24415274019594,18.0,2.3991369336584962,2.3991369336584962,screening metric for punctate-to-diffuse reporter redistribution; not rupture proof
I14,I,14,PLD3_mCherry_reporter_control,site0,12,"260220_Day12_WellI14_Channel405nm Binned,561nm Binned,488nm Binned_Seq0105.nd2",561nm Binned,488nm Binned,1,whole_field_foreground,stable_channel,677629,18477706.0,13777127.0,20.823165893554688,4700579.0,706,0.0010418680428360624,258.78052637462235,17.0,2.930942549842704,2.930942549842704,screening metric for punctate-to-diffuse reporter redistribution; not rupture proof
I14,I,14,PLD3_mCherry_reporter_control,site0,16,"260224_day16_WellI14_Channel405nm Binned,561nm Binned,488nm Binned_Seq0105.nd2",561nm Binned,488nm Binned,2,whole_field_foreground,stable_channel,754791,29826252.0,22106544.0,29.989084243774414,7719706.0,849,0.0011248146837983962,398.91912685434727,16.0,2.8636510250516194,2.8636510250516194,screening metric for punctate-to-diffuse reporter redistribution; not rupture proof
I14,I,14,PLD3_mCherry_reporter_control,site0,20,"260228_day20_WellI14_Channel405nm Binned,561nm Binned,488nm Binned_Seq0105.nd2",561nm Binned,488nm Binned,3,whole_field_foreground,stable_channel,762352,31636020.0,24273244.0,32.583065032958984,7362774.0,991,0.0012999244443494607,392.81835903625796,13.0,3.2967525554901864,3.2967525554901864,screening metric for punctate-to-diffuse reporter redistribution; not rupture proof
I14,I,14,PLD3_mCherry_reporter_control,site0,25,"260305_day25_iNeurons_WellI14_Channel405nm Binned,561nm Binned,488nm Binned_Seq0105.nd2",561nm Binned,488nm Binned,4,whole_field_foreground,stable_channel,532226,17442196.0,13971439.0,26.830949783325195,3470757.0,840,0.0015782768974052783,276.5419251578195,11.0,4.025473117246749,4.025473117246749,screening metric for punctate-to-diffuse reporter redistribution; not rupture proof
I14,I,14,PLD3_mCherry_reporter_control,site0,29,"260309_Day29_WellI14_Channel405nm Binned,561nm Binned,488nm Binned_Seq0105.nd2",561nm Binned,488nm Binned,5,whole_field_foreground,stable_channel,741024,33024036.0,26178296.0,36.11402130126953,6845740.0,1162,0.001568100358420823,388.5960640439478,11.0,3.8240272052394886,3.8240272052394886,screening metric for punctate-to-diffuse reporter redistribution; not rupture proof
I14,I,14,PLD3_mCherry_reporter_control,site0,32,"260312_Day32_WellI14_Channel405nm Binned,561 nm,488nm Binned_Seq0105.nd2",561nm Binned,488nm Binned,6,whole_field_foreground,stable_channel,806206,39138160.0,30535668.0,38.73177719116211,8602491.0,1192,0.001478530301186696,439.22262377386926,12.0,3.5496309150450083,3.5496309150450083,screening metric for punctate-to-diffuse reporter redistribution; not rupture proof
I14,I,14,PLD3_mCherry_reporter_control,site0,36,"260316_Day36_WellI14_Channel405nm Binned,561nm Binned,488nm Binned_Seq0105.nd2",561nm Binned,488nm Binned,7,whole_field_foreground,stable_channel,884614,45604112.0,35447492.0,40.978668212890625,10156620.0,1258,0.0014220891823988517,469.8509976215696,12.0,3.490087450352234,3.490087450352234,screening metric for punctate-to-diffuse reporter redistribution; not rupture proof
I14,I,14,PLD3_mCherry_reporter_control,site0,39,"260319_Day39_WellI14_Channel405nm Binned,561nm Binned,488nm Binned_Seq0105.nd2",561nm Binned,488nm Binned,8,whole_field_foreground,stable_channel,840613,46177884.0,36210008.0,44.069332122802734,9967876.0,1190,0.001415633591199023,472.26554844960447,12.0,3.632670390361634,3.632670390361634,screening metric for punctate-to-diffuse reporter redistribution; not rupture proof
I13,I,13,PLD3_mCherry_reporter_control,site0,8,"260216_Day8_iNeurons_WellI13_Channel405nm Binned,561nm Binned,488nm Binned_Seq0104.nd2",561nm Binned,488nm Binned,0,whole_field_foreground,stable_channel,888917,21712600.0,15433904.0,17.78626251220703,6278697.0,986,0.001109214921076873,273.4982177007029,18.0,2.4581380499803607,2.4581380499803607,screening metric for punctate-to-diffuse reporter redistribution; not rupture proof
I13,I,13,PLD3_mCherry_reporter_control,site0,12,"260220_Day12_WellI13_Channel405nm Binned,561nm Binned,488nm Binned_Seq0104.nd2",561nm Binned,488nm Binned,1,whole_field_foreground,stable_channel,811349,22657172.0,17034852.0,21.49999237060547,5622322.0,886,0.0010920084944936249,260.34197496883485,17.0,3.0298606163071002,3.0298606163071002,screening metric for punctate-to-diffuse reporter redistribution; not rupture proof
I13,I,13,PLD3_mCherry_reporter_control,site0,16,"260224_day16_WellI13_Channel405nm Binned,561nm Binned,488nm Binned_Seq0104.nd2",561nm Binned,488nm Binned,2,whole_field_foreground,stable_channel,819340,32813862.0,24800112.0,30.984182357788086,8013750.0,922,0.001125295969925641,386.8166876604655,15.0,3.094694992980428,3.094694992980428,screening metric for punctate-to-diffuse reporter redistribution; not rupture proof
I13,I,13,PLD3_mCherry_reporter_control,site0,20,"260228_day20_WellI13_Channel405nm Binned,561nm Binned,488nm Binned_Seq0104.nd2",561nm Binned,488nm Binned,3,whole_field_foreground,stable_channel,873808,34588936.0,26613088.0,31.160531997680664,7975850.0,1159,0.0013263783348271857,372.19316378865807,13.0,3.336708689355575,3.336708689355575,screening metric for punctate-to-diffuse reporter redistribution; not rupture proof
I13,I,13,PLD3_mCherry_reporter_control,site0,25,"260305_day25_iNeurons_WellI13_Channel405nm Binned,561nm Binned,488nm Binned_Seq0104.nd2",561nm Binned,488nm Binned,4,whole_field_foreground,stable_channel,594005,19937504.0,16023589.0,27.56751251220703,3913915.0,897,0.0015100882989175005,281.7670434039572,12.0,4.094005362915625,4.094005362915625,screening metric for punctate-to-diffuse reporter redistribution; not rupture proof
I13,I,13,PLD3_mCherry_reporter_control,site0,29,"260309_Day29_WellI13_Channel405nm Binned,561nm Binned,488nm Binned_Seq0104.nd2",561nm Binned,488nm Binned,5,whole_field_foreground,stable_channel,819650,35830424.0,28220154.0,35.20236587524414,7610272.0,1270,0.0015494418349276528,388.09156466506596,12.0,3.708166278418996,3.708166278418996,screening metric for punctate-to-diffuse reporter redistribution; not rupture proof
I13,I,13,PLD3_mCherry_reporter_control,site0,32,"260312_Day32_WellI13_Channel405nm Binned,561 nm,488nm Binned_Seq0104.nd2",561nm Binned,488nm Binned,6,whole_field_foreground,stable_channel,849823,40974660.0,32077264.0,38.60344696044922,8897396.0,1262,0.0014850151149104166,429.1881641321439,12.0,3.6052418033317157,3.6052418033317157,screening metric for punctate-to-diffuse reporter redistribution; not rupture proof
I13,I,13,PLD3_mCherry_reporter_control,site0,36,"260316_Day36_WellI13_Channel405nm Binned,561nm Binned,488nm Binned_Seq0104.nd2",561nm Binned,488nm Binned,7,whole_field_foreground,stable_channel,903329,48128992.0,37378528.0,42.32640075683594,10750466.0,1298,0.0014369072619151639,477.110906298245,12.0,3.476921651582036,3.476921651582036,screening metric for punctate-to-diffuse reporter redistribution; not rupture proof
I13,I,13,PLD3_mCherry_reporter_control,site0,39,"260319_Day39_WellI13_Channel405nm Binned,561nm Binned,488nm Binned_Seq0104.nd2",561nm Binned,488nm Binned,8,whole_field_foreground,stable_channel,905554,47017332.0,36769168.0,41.54267120361328,10248164.0,1246,0.0013759532838446124,450.3846906046615,13.0,3.587878570248916,3.587878570248916,screening metric for punctate-to-diffuse reporter redistribution; not rupture proof
I15,I,15,PLD3_mCherry_reporter_control,site0,8,"260216_Day8_iNeurons_WellI15_Channel405nm Binned,561nm Binned,488nm Binned_Seq0106.nd2",561nm Binned,488nm Binned,0,whole_field_foreground,stable_channel,739278,18129880.0,12864283.0,17.82341766357422,5265597.0,799,0.0010807842246068722,277.5160061832662,19.0,2.4430815727062964,2.4430815727062964,screening metric for punctate-to-diffuse reporter redistribution; not rupture proof
I15,I,15,PLD3_mCherry_reporter_control,site0,12,"260220_Day12_WellI15_Channel405nm Binned,561nm Binned,488nm Binned_Seq0106.nd2",561nm Binned,488nm Binned,1,whole_field_foreground,stable_channel,668461,17568600.0,13177526.0,20.182666778564453,4391075.0,711,0.001063637220419645,252.58824355156278,17.0,3.000979486799246,3.000979486799246,screening metric for punctate-to-diffuse reporter redistribution; not rupture proof
I15,I,15,PLD3_mCherry_reporter_control,site0,16,"260224_day16_WellI15_Channel405nm Binned,561nm Binned,488nm Binned_Seq0106.nd2",561nm Binned,488nm Binned,2,whole_field_foreground,stable_channel,724903,27832348.0,20734180.0,29.286806106567383,7098169.0,809,0.001116011383590472,383.41019832955305,16.0,2.921060346688995,2.921060346688995,screening metric for punctate-to-diffuse reporter redistribution; not rupture proof
I15,I,15,PLD3_mCherry_reporter_control,site0,20,"260228_day20_WellI15_Channel405nm Binned,561nm Binned,488nm Binned_Seq0106.nd2",561nm Binned,488nm Binned,3,whole_field_foreground,stable_channel,694532,29112210.0,22333100.0,32.90206527709961,6779109.0,901,0.0012972764393846543,394.17346150761307,13.0,3.2944004883232743,3.2944004883232743,screening metric for punctate-to-diffuse reporter redistribution; not rupture proof
I15,I,15,PLD3_mCherry_reporter_control,site0,25,"260305_day25_iNeurons_WellI15_Channel405nm Binned,561nm Binned,488nm Binned_Seq0106.nd2",561nm Binned,488nm Binned,4,whole_field_foreground,stable_channel,499353,16074056.0,12969249.0,26.545377731323242,3104807.0,789,0.0015800445776803583,267.58759349441044,11.0,4.17715143002313,4.17715143002313,screening metric for punctate-to-diffuse reporter redistribution; not rupture proof
I15,I,15,PLD3_mCherry_reporter_control,site0,29,"260309_Day29_WellI15_Channel405nm Binned,561nm Binned,488nm Binned_Seq0106.nd2",561nm Binned,488nm Binned,5,whole_field_foreground,stable_channel,664044,30928224.0,24507964.0,37.734283447265625,6420259.0,1021,0.0015375487166489907,400.9816371607617,11.0,3.8172858758495853,3.8172858758495853,screening metric for punctate-to-diffuse reporter redistribution; not rupture proof
I15,I,15,PLD3_mCherry_reporter_control,site0,32,"260312_Day32_WellI15_Channel405nm Binned,561 nm,488nm Binned_Seq0106.nd2",561nm Binned,488nm Binned,6,whole_field_foreground,stable_channel,759664,34594144.0,27061652.0,36.43082046508789,7532489.0,1090,0.0014348448787866283,404.53049179217135,12.0,3.5926573540295124,3.5926573540295124,screening metric for punctate-to-diffuse reporter redistribution; not rupture proof
I15,I,15,PLD3_mCherry_reporter_control,site0,36,"260316_Day36_WellI15_Channel405nm Binned,561nm Binned,488nm Binned_Seq0106.nd2",561nm Binned,488nm Binned,7,whole_field_foreground,stable_channel,830361,40622840.0,31449786.0,38.750064849853516,9173053.0,1160,0.0013969827580999144,440.7818150224357,13.0,3.428497142663034,3.428497142663034,screening metric for punctate-to-diffuse reporter redistribution; not rupture proof
I15,I,15,PLD3_mCherry_reporter_control,site0,39,"260319_Day39_WellI15_Channel405nm Binned,561nm Binned,488nm Binned_Seq0106.nd2",561nm Binned,488nm Binned,8,whole_field_foreground,stable_channel,836595,43480316.0,34245996.0,41.872074127197266,9234319.0,1167,0.0013949402040397147,440.9122926635219,13.0,3.7085567435992077,3.7085567435992077,screening metric for punctate-to-diffuse reporter redistribution; not rupture proof
I16,I,16,PLD3_mCherry_reporter_control,site0,8,"260216_Day8_iNeurons_WellI16_Channel405nm Binned,561nm Binned,488nm Binned_Seq0107.nd2",561nm Binned,488nm Binned,0,whole_field_foreground,stable_channel,678203,17191656.0,12256903.0,18.51087760925293,4934753.0,714,0.0010527821316021122,277.8177663124576,18.5,2.4837926031956443,2.4837926031956443,screening metric for punctate-to-diffuse reporter redistribution; not rupture proof
I16,I,16,PLD3_mCherry_reporter_control,site0,12,"260220_Day12_WellI16_Channel405nm Binned,561nm Binned,488nm Binned_Seq0107.nd2",561nm Binned,488nm Binned,1,whole_field_foreground,stable_channel,606579,16474786.0,12305550.0,20.768510818481445,4169236.0,658,0.0010847721401481343,261.25517167436317,16.0,2.951511979652159,2.951511979652159,screening metric for punctate-to-diffuse reporter redistribution; not rupture proof
I16,I,16,PLD3_mCherry_reporter_control,site0,16,"260224_day16_WellI16_Channel405nm Binned,561nm Binned,488nm Binned_Seq0107.nd2",561nm Binned,488nm Binned,2,whole_field_foreground,stable_channel,637400,24746486.0,18457212.0,29.651330947875977,6289273.0,709,0.0011123313460917597,384.50650463453974,15.0,2.9347131218500238,2.9347131218500238,screening metric for punctate-to-diffuse reporter redistribution; not rupture proof
I16,I,16,PLD3_mCherry_reporter_control,site0,20,"260228_day20_WellI16_Channel405nm Binned,561nm Binned,488nm Binned_Seq0107.nd2",561nm Binned,488nm Binned,3,whole_field_foreground,stable_channel,621312,25596320.0,19690838.0,32.432762145996094,5905482.0,811,0.0013053023279748254,387.5785824626353,14.0,3.334332066374373,3.334332066374373,screening metric for punctate-to-diffuse reporter redistribution; not rupture proof
I16,I,16,PLD3_mCherry_reporter_control,site0,25,"260305_day25_iNeurons_WellI16_Channel405nm Binned,561nm Binned,488nm Binned_Seq0107.nd2",561nm Binned,488nm Binned,4,whole_field_foreground,stable_channel,423667,13643793.0,10825659.0,26.12659454345703,2818134.0,654,0.0015436651898742557,274.22833765245724,11.0,3.841428051326218,3.841428051326218,screening metric for punctate-to-diffuse reporter redistribution; not rupture proof
I16,I,16,PLD3_mCherry_reporter_control,site0,29,"260309_Day29_WellI16_Channel405nm Binned,561nm Binned,488nm Binned_Seq0107.nd2",561nm Binned,488nm Binned,5,whole_field_foreground,stable_channel,592319,26545612.0,20737232.0,35.80329513549805,5808380.0,898,0.0015160749528522366,403.1678459150489,12.0,3.5702264658986547,3.5702264658986547,screening metric for punctate-to-diffuse reporter redistribution; not rupture proof
I16,I,16,PLD3_mCherry_reporter_control,site0,32,"260312_Day32_WellI16_Channel405nm Binned,561 nm,488nm Binned_Seq0107.nd2",561nm Binned,488nm Binned,6,whole_field_foreground,stable_channel,631088,30142416.0,23526548.0,38.121280670166016,6615868.0,917,0.0014530461678855357,425.53078251862604,12.0,3.5560788093106517,3.5560788093106517,screening metric for punctate-to-diffuse reporter redistribution; not rupture proof
I16,I,16,PLD3_mCherry_reporter_control,site0,36,"260316_Day36_WellI16_Channel405nm Binned,561nm Binned,488nm Binned_Seq0107.nd2",561nm Binned,488nm Binned,7,whole_field_foreground,stable_channel,700908,35580260.0,27756428.0,40.50945281982422,7823833.0,990,0.001412453560236989,445.7652924662889,12.0,3.5476764394123,3.5476764394123,screening metric for punctate-to-diffuse reporter redistribution; not rupture proof
I16,I,16,PLD3_mCherry_reporter_control,site0,39,"260319_Day39_WellI16_Channel405nm Binned,561nm Binned,488nm Binned_Seq0107.nd2",561nm Binned,488nm Binned,8,whole_field_foreground,stable_channel,677393,34768592.0,27210924.0,41.096168518066406,7557668.0,937,0.001383244290978231,447.1548012944143,13.0,3.6004391830914506,3.6004391830914506,screening metric for punctate-to-diffuse reporter redistribution; not rupture proof
I17,I,17,PLD3_mCherry_reporter_control,site0,8,"260216_Day8_iNeurons_WellI17_Channel405nm Binned,561nm Binned,488nm Binned_Seq0108.nd2",561nm Binned,488nm Binned,0,whole_field_foreground,stable_channel,762191,18725208.0,13328070.0,17.913856506347656,5397139.0,829,0.001087653882030767,270.24180597505466,19.0,2.4694694726219817,2.4694694726219817,screening metric for punctate-to-diffuse reporter redistribution; not rupture proof
I17,I,17,PLD3_mCherry_reporter_control,site0,12,"260220_Day12_WellI17_Channel405nm Binned,561nm Binned,488nm Binned_Seq0108.nd2",561nm Binned,488nm Binned,1,whole_field_foreground,stable_channel,655316,17377878.0,12939254.0,20.220617294311523,4438624.0,687,0.001048349193364654,257.25164050861565,18.0,2.915149830216996,2.915149830216996,screening metric for punctate-to-diffuse reporter redistribution; not rupture proof
I17,I,17,PLD3_mCherry_reporter_control,site0,16,"260224_day16_WellI17_Channel405nm Binned,561nm Binned,488nm Binned_Seq0108.nd2",561nm Binned,488nm Binned,2,whole_field_foreground,stable_channel,707536,27647944.0,20751412.0,30.029508590698242,6896532.0,798,0.0011278578051136226,386.0400988738937,16.0,3.008963345634732,3.008963345634732,screening metric for punctate-to-diffuse reporter redistribution; not rupture proof
I17,I,17,PLD3_mCherry_reporter_control,site0,20,"260228_day20_WellI17_Channel405nm Binned,561nm Binned,488nm Binned_Seq0108.nd2",561nm Binned,488nm Binned,3,whole_field_foreground,stable_channel,708189,28471566.0,22017840.0,31.805875778198242,6453727.0,894,0.0012623748745020575,372.59376491742916,13.0,3.411647254368923,3.411647254368923,screening metric for punctate-to-diffuse reporter redistribution; not rupture proof
I17,I,17,PLD3_mCherry_reporter_control,site0,25,"260305_day25_iNeurons_WellI17_Channel405nm Binned,561nm Binned,488nm Binned_Seq0108.nd2",561nm Binned,488nm Binned,4,whole_field_foreground,stable_channel,459819,15165239.0,12197886.0,27.108701705932617,2967353.0,715,0.001554959668909821,273.37785973182093,11.0,4.110695963707685,4.110695963707685,screening metric for punctate-to-diffuse reporter redistribution; not rupture proof
I17,I,17,PLD3_mCherry_reporter_control,site0,29,"260309_Day29_WellI17_Channel405nm Binned,561nm Binned,488nm Binned_Seq0108.nd2",561nm Binned,488nm Binned,5,whole_field_foreground,stable_channel,666093,30420126.0,24136220.0,37.033565521240234,6283906.0,982,0.0014742686081350889,395.55864595929864,12.0,3.8409581556433463,3.8409581556433463,screening metric for punctate-to-diffuse reporter redistribution; not rupture proof
I17,I,17,PLD3_mCherry_reporter_control,site0,32,"260312_Day32_WellI17_Channel405nm Binned,561 nm,488nm Binned_Seq0108.nd2",561nm Binned,488nm Binned,6,whole_field_foreground,stable_channel,740303,34686056.0,27177708.0,37.547760009765625,7508349.0,1065,0.0014386001407512348,411.5020830897658,12.0,3.619664988933836,3.619664988933836,screening metric for punctate-to-diffuse reporter redistribution; not rupture proof
I17,I,17,PLD3_mCherry_reporter_control,site0,36,"260316_Day36_WellI17_Channel405nm Binned,561nm Binned,488nm Binned_Seq0108.nd2",561nm Binned,488nm Binned,7,whole_field_foreground,stable_channel,815216,40958712.0,31873282.0,39.99654006958008,9085429.0,1172,0.0014376557869307796,439.4791707894908,12.0,3.508175783443632,3.508175783443632,screening metric for punctate-to-diffuse reporter redistribution; not rupture proof
I17,I,17,PLD3_mCherry_reporter_control,site0,39,"260319_Day39_WellI17_Channel405nm Binned,561nm Binned,488nm Binned_Seq0108.nd2",561nm Binned,488nm Binned,8,whole_field_foreground,stable_channel,806254,40443520.0,31822514.0,40.378929138183594,8621005.0,1100,0.0013643343164792183,424.38309833873404,13.0,3.6912765971016497,3.6912765971016497,screening metric for punctate-to-diffuse reporter redistribution; not rupture proof
I18,I,18,PLD3_mCherry_reporter_control,site0,8,"260216_Day8_iNeurons_WellI18_Channel405nm Binned,561nm Binned,488nm Binned_Seq0109.nd2",561nm Binned,488nm Binned,0,whole_field_foreground,stable_channel,799456,18746488.0,13375213.0,17.137514114379883,5371276.0,860,0.0010757314974168988,254.06246808961382,18.0,2.4901369804861098,2.4901369804861098,screening metric for punctate-to-diffuse reporter redistribution; not rupture proof
I18,I,18,PLD3_mCherry_reporter_control,site0,12,"260220_Day12_WellI18_Channel405nm Binned,561nm Binned,488nm Binned_Seq0109.nd2",561nm Binned,488nm Binned,1,whole_field_foreground,stable_channel,701548,18436326.0,13823681.0,20.175960540771484,4612645.0,757,0.0010790423463525247,245.5764464928893,16.0,2.996909799040898,2.996909799040898,screening metric for punctate-to-diffuse reporter redistribution; not rupture proof
I18,I,18,PLD3_mCherry_reporter_control,site0,16,"260224_day16_WellI18_Channel405nm Binned,561nm Binned,488nm Binned_Seq0109.nd2",561nm Binned,488nm Binned,2,whole_field_foreground,stable_channel,760151,27639872.0,20329064.0,27.38644027709961,7310809.0,806,0.0010603156478106845,364.70383680547144,16.0,2.7806859678589904,2.7806859678589904,screening metric for punctate-to-diffuse reporter redistribution; not rupture proof
I18,I,18,PLD3_mCherry_reporter_control,site0,20,"260228_day20_WellI18_Channel405nm Binned,561nm Binned,488nm Binned_Seq0109.nd2",561nm Binned,488nm Binned,3,whole_field_foreground,stable_channel,766769,28329464.0,21356738.0,28.510738372802734,6972725.0,939,0.001224619148659864,357.06358672153203,14.0,3.062896930539629,3.062896930539629,screening metric for punctate-to-diffuse reporter redistribution; not rupture proof
I18,I,18,PLD3_mCherry_reporter_control,site0,25,"260305_day25_iNeurons_WellI18_Channel405nm Binned,561nm Binned,488nm Binned_Seq0109.nd2",561nm Binned,488nm Binned,4,whole_field_foreground,stable_channel,512257,16353705.0,13076017.0,26.097333908081055,3277688.0,800,0.0015617160917243459,268.70176942825316,11.0,3.9894025910934814,3.9894025910934814,screening metric for punctate-to-diffuse reporter redistribution; not rupture proof
I18,I,18,PLD3_mCherry_reporter_control,site0,29,"260309_Day29_WellI18_Channel405nm Binned,561nm Binned,488nm Binned_Seq0109.nd2",561nm Binned,488nm Binned,5,whole_field_foreground,stable_channel,685919,30687304.0,23770608.0,35.43916702270508,6916694.0,1025,0.0014943455422557264,414.5173469952839,12.0,3.43670082845888,3.43670082845888,screening metric for punctate-to-diffuse reporter redistribution; not rupture proof
I18,I,18,PLD3_mCherry_reporter_control,site0,32,"260312_Day32_WellI18_Channel405nm Binned,561 nm,488nm Binned_Seq0109.nd2",561nm Binned,488nm Binned,6,whole_field_foreground,stable_channel,763724,35758552.0,27495984.0,36.826934814453125,8262566.0,1104,0.0014455483918255213,436.47368279056275,13.0,3.3277778356017573,3.3277778356017573,screening metric for punctate-to-diffuse reporter redistribution; not rupture proof
I18,I,18,PLD3_mCherry_reporter_control,site0,36,"260316_Day36_WellI18_Channel405nm Binned,561nm Binned,488nm Binned_Seq0109.nd2",561nm Binned,488nm Binned,7,whole_field_foreground,stable_channel,831460,39785016.0,30573836.0,37.61868667602539,9211179.0,1114,0.00133981189714317,438.7529544522133,13.0,3.319209842735298,3.319209842735298,screening metric for punctate-to-diffuse reporter redistribution; not rupture proof
I18,I,18,PLD3_mCherry_reporter_control,site0,39,"260319_Day39_WellI18_Channel405nm Binned,561nm Binned,488nm Binned_Seq0109.nd2",561nm Binned,488nm Binned,8,whole_field_foreground,stable_channel,855271,42398720.0,32657330.0,39.067108154296875,9741390.0,1153,0.0013481107157832452,444.7344877668184,13.0,3.3524301973328905,3.3524301973328905,screening metric for punctate-to-diffuse reporter redistribution; not rupture proof
I20,I,20,PLD3_mCherry_reporter_control,site0,8,"260216_Day8_iNeurons_WellI20_Channel405nm Binned,561nm Binned,488nm Binned_Seq0111.nd2",561nm Binned,488nm Binned,0,whole_field_foreground,stable_channel,615372,14595387.0,10514969.0,17.501670837402344,4080418.0,671,0.0010903973531439675,257.803278347419,18.0,2.5769342748702275,2.5769342748702275,screening metric for punctate-to-diffuse reporter redistribution; not rupture proof
I20,I,20,PLD3_mCherry_reporter_control,site0,12,"260220_Day12_WellI20_Channel405nm Binned,561nm Binned,488nm Binned_Seq0111.nd2",561nm Binned,488nm Binned,1,whole_field_foreground,stable_channel,556537,13591507.0,10309708.0,18.96812629699707,3281799.0,609,0.0010942668681487586,223.05255631821106,16.0,3.14148063302989,3.14148063302989,screening metric for punctate-to-diffuse reporter redistribution; not rupture proof
I20,I,20,PLD3_mCherry_reporter_control,site0,16,"260224_day16_WellI20_Channel405nm Binned,561nm Binned,488nm Binned_Seq0111.nd2",561nm Binned,488nm Binned,2,whole_field_foreground,stable_channel,584380,21198796.0,15896914.0,27.853553771972656,5301883.0,635,0.001086621718742793,347.7830268919937,15.0,2.998352472130562,2.998352472130562,screening metric for punctate-to-diffuse reporter redistribution; not rupture proof
I20,I,20,PLD3_mCherry_reporter_control,site0,20,"260228_day20_WellI20_Channel405nm Binned,561nm Binned,488nm Binned_Seq0111.nd2",561nm Binned,488nm Binned,3,whole_field_foreground,stable_channel,616429,22901102.0,17360120.0,28.822566986083984,5540982.0,782,0.001268597032259565,357.8680031232517,14.0,3.133040316679763,3.133040316679763,screening metric for punctate-to-diffuse reporter redistribution; not rupture proof
I20,I,20,PLD3_mCherry_reporter_control,site0,25,"260305_day25_iNeurons_WellI20_Channel405nm Binned,561nm Binned,488nm Binned_Seq0111.nd2",561nm Binned,488nm Binned,4,whole_field_foreground,stable_channel,377938,10968540.0,8965922.0,24.234121322631836,2002618.0,567,0.0015002460721030956,230.4480564581654,11.0,4.477100475475364,4.477100475475364,screening metric for punctate-to-diffuse reporter redistribution; not rupture proof
I20,I,20,PLD3_mCherry_reporter_control,site0,29,"260309_Day29_WellI20_Channel405nm Binned,561nm Binned,488nm Binned_Seq0111.nd2",561nm Binned,488nm Binned,5,whole_field_foreground,stable_channel,563211,22910060.0,18163076.0,32.974971771240234,4746982.0,861,0.001528734346450036,350.5605849953894,12.0,3.826236543554657,3.826236543554657,screening metric for punctate-to-diffuse reporter redistribution; not rupture proof
I20,I,20,PLD3_mCherry_reporter_control,site0,32,"260312_Day32_WellI20_Channel405nm Binned,561 nm,488nm Binned_Seq0111.nd2",561nm Binned,488nm Binned,6,whole_field_foreground,stable_channel,639755,26750592.0,20994156.0,33.56288528442383,5756436.0,896,0.0014005361427399544,370.705229980605,13.0,3.647075377889436,3.647075377889436,screening metric for punctate-to-diffuse reporter redistribution; not rupture proof
I20,I,20,PLD3_mCherry_reporter_control,site0,36,"260316_Day36_WellI20_Channel405nm Binned,561nm Binned,488nm Binned_Seq0111.nd2",561nm Binned,488nm Binned,7,whole_field_foreground,stable_channel,688342,32539030.0,25604686.0,38.05045700073242,6934344.0,969,0.0014077304595660185,404.3983792992937,12.0,3.6924453127788737,3.6924453127788737,screening metric for punctate-to-diffuse reporter redistribution; not rupture proof
I20,I,20,PLD3_mCherry_reporter_control,site0,39,"260319_Day39_WellI20_Channel405nm Binned,561nm Binned,488nm Binned_Seq0111.nd2",561nm Binned,488nm Binned,8,whole_field_foreground,stable_channel,724299,33093656.0,26069412.0,36.819278717041016,7024245.0,962,0.0013281807651241708,387.86352225004265,13.0,3.7113471981681,3.7113471981681,screening metric for punctate-to-diffuse reporter redistribution; not rupture proof
I19,I,19,PLD3_mCherry_reporter_control,site0,8,"260216_Day8_iNeurons_WellI19_Channel405nm Binned,561nm Binned,488nm Binned_Seq0110.nd2",561nm Binned,488nm Binned,0,whole_field_foreground,stable_channel,726470,17158640.0,12201615.0,17.20442008972168,4957026.0,782,0.0010764381185718937,261.60940275655685,18.0,2.4614789190126376,2.4614789190126376,screening metric for punctate-to-diffuse reporter redistribution; not rupture proof
I19,I,19,PLD3_mCherry_reporter_control,site0,12,"260220_Day12_WellI19_Channel405nm Binned,561nm Binned,488nm Binned_Seq0110.nd2",561nm Binned,488nm Binned,1,whole_field_foreground,stable_channel,700345,17024724.0,12689631.0,18.555591583251953,4335092.0,717,0.0010237811364384357,230.6410432759688,17.0,2.9271883964624217,2.9271883964624217,screening metric for punctate-to-diffuse reporter redistribution; not rupture proof
I19,I,19,PLD3_mCherry_reporter_control,site0,16,"260224_day16_WellI19_Channel405nm Binned,561nm Binned,488nm Binned_Seq0110.nd2",561nm Binned,488nm Binned,2,whole_field_foreground,stable_channel,727250,24430864.0,17954932.0,25.282939910888672,6475933.0,730,0.001003781368166375,341.95147159524157,18.0,2.772562965058043,2.772562965058043,screening metric for punctate-to-diffuse reporter redistribution; not rupture proof
I19,I,19,PLD3_mCherry_reporter_control,site0,20,"260228_day20_WellI19_Channel405nm Binned,561nm Binned,488nm Binned_Seq0110.nd2",561nm Binned,488nm Binned,3,whole_field_foreground,stable_channel,733860,25948856.0,19676182.0,27.43893051147461,6272673.0,911,0.0012413811898710362,344.0403447575156,14.0,3.1368097779043898,3.1368097779043898,screening metric for punctate-to-diffuse reporter redistribution; not rupture proof
I19,I,19,PLD3_mCherry_reporter_control,site0,25,"260305_day25_iNeurons_WellI19_Channel405nm Binned,561nm Binned,488nm Binned_Seq0110.nd2",561nm Binned,488nm Binned,4,whole_field_foreground,stable_channel,483327,14237380.0,11242915.0,23.782197952270508,2994465.0,718,0.0014855367070296392,255.57986165421255,12.0,3.754565506691929,3.754565506691929,screening metric for punctate-to-diffuse reporter redistribution; not rupture proof
I19,I,19,PLD3_mCherry_reporter_control,site0,29,"260309_Day29_WellI19_Channel405nm Binned,561nm Binned,488nm Binned_Seq0110.nd2",561nm Binned,488nm Binned,5,whole_field_foreground,stable_channel,679465,27100496.0,21030316.0,31.65390396118164,6070180.0,1029,0.0015144267916647443,362.4656233866314,12.0,3.464529223185562,3.464529223185562,screening metric for punctate-to-diffuse reporter redistribution; not rupture proof
I19,I,19,PLD3_mCherry_reporter_control,site0,32,"260312_Day32_WellI19_Channel405nm Binned,561 nm,488nm Binned_Seq0110.nd2",561nm Binned,488nm Binned,6,whole_field_foreground,stable_channel,767956,31691712.0,24436082.0,32.54529571533203,7255629.0,1105,0.0014388845194237185,376.5683518905985,12.0,3.3678792010998126,3.3678792010998126,screening metric for punctate-to-diffuse reporter redistribution; not rupture proof
I19,I,19,PLD3_mCherry_reporter_control,site0,36,"260316_Day36_WellI19_Channel405nm Binned,561nm Binned,488nm Binned_Seq0110.nd2",561nm Binned,488nm Binned,7,whole_field_foreground,stable_channel,812387,37986456.0,29625676.0,37.30319595336914,8360782.0,1200,0.001477128511409615,412.5005755106608,12.0,3.5434096954084504,3.5434096954084504,screening metric for punctate-to-diffuse reporter redistribution; not rupture proof
I19,I,19,PLD3_mCherry_reporter_control,site0,39,"260319_Day39_WellI19_Channel405nm Binned,561nm Binned,488nm Binned_Seq0110.nd2",561nm Binned,488nm Binned,8,whole_field_foreground,stable_channel,847124,39051888.0,30305484.0,36.61055374145508,8746407.0,1154,0.0013622562930558427,409.32305319800946,14.0,3.464906675392139,3.464906675392139,screening metric for punctate-to-diffuse reporter redistribution; not rupture proof
J05,J,05,PLD3_TMEM106B_mCherry_primary,site0,8,"260216_Day8_iNeurons_WellJ05_Channel405nm Binned,561nm Binned,488nm Binned_Seq0112.nd2",561nm Binned,488nm Binned,0,whole_field_foreground,stable_channel,772220,15946773.0,11981471.0,15.897038459777832,3965302.0,833,0.001078708140165913,194.47309489897032,19.0,3.0215784321085706,3.0215784321085706,screening metric for punctate-to-diffuse reporter redistribution; not rupture proof
J05,J,05,PLD3_TMEM106B_mCherry_primary,site0,12,"260220_Day12_WellJ05_Channel405nm Binned,561nm Binned,488nm Binned_Seq0112.nd2",561nm Binned,488nm Binned,1,whole_field_foreground,stable_channel,673062,12295900.0,10137623.0,15.422636985778809,2158277.0,723,0.001074195245012979,119.73660436078886,17.0,4.6970907812089475,4.6970907812089475,screening metric for punctate-to-diffuse reporter redistribution; not rupture proof
J05,J,05,PLD3_TMEM106B_mCherry_primary,site0,16,"260224_day16_WellJ05_Channel405nm Binned,561nm Binned,488nm Binned_Seq0112.nd2",561nm Binned,488nm Binned,2,whole_field_foreground,stable_channel,702061,14391752.0,11911509.0,17.37460708618164,2480243.0,737,0.0010497663308444,136.00933960043753,17.0,4.802557249428866,4.802557249428866,screening metric for punctate-to-diffuse reporter redistribution; not rupture proof
J05,J,05,PLD3_TMEM106B_mCherry_primary,site0,20,"260228_day20_WellJ05_Channel405nm Binned,561nm Binned,488nm Binned_Seq0112.nd2",561nm Binned,488nm Binned,3,whole_field_foreground,stable_channel,750445,14415510.0,12048609.0,16.429502487182617,2366901.0,851,0.001133993830325828,125.4791214805092,14.0,5.090457522302332,5.090457522302332,screening metric for punctate-to-diffuse reporter redistribution; not rupture proof
J05,J,05,PLD3_TMEM106B_mCherry_primary,site0,25,"260305_day25_iNeurons_WellJ05_Channel405nm Binned,561nm Binned,488nm Binned_Seq0112.nd2",561nm Binned,488nm Binned,4,whole_field_foreground,stable_channel,484461,7812030.0,6793560.0,14.328656196594238,1018470.0,661,0.0013644029137508192,86.86575212925898,12.0,6.6703584788882635,6.6703584788882635,screening metric for punctate-to-diffuse reporter redistribution; not rupture proof
J05,J,05,PLD3_TMEM106B_mCherry_primary,site0,29,"260309_Day29_WellJ05_Channel405nm Binned,561nm Binned,488nm Binned_Seq0112.nd2",561nm Binned,488nm Binned,5,whole_field_foreground,stable_channel,704187,13673428.0,11646148.0,16.900495529174805,2027280.0,997,0.0014158171053975494,120.87651440803123,12.0,5.744716072764618,5.744716072764618,screening metric for punctate-to-diffuse reporter redistribution; not rupture proof
J05,J,05,PLD3_TMEM106B_mCherry_primary,site0,32,"260312_Day32_WellJ05_Channel405nm Binned,561 nm,488nm Binned_Seq0112.nd2",561nm Binned,488nm Binned,6,whole_field_foreground,stable_channel,755119,15613903.0,13373248.0,18.098712921142578,2240655.0,1077,0.0014262652641485298,125.10391550940723,11.0,5.968454759877818,5.968454759877818,screening metric for punctate-to-diffuse reporter redistribution; not rupture proof
J05,J,05,PLD3_TMEM106B_mCherry_primary,site0,36,"260316_Day36_WellJ05_Channel405nm Binned,561nm Binned,488nm Binned_Seq0112.nd2",561nm Binned,488nm Binned,7,whole_field_foreground,stable_channel,853116,18411186.0,15777969.0,18.903989791870117,2633217.0,1173,0.001374959560011329,126.86985432136191,11.0,5.991898502855636,5.991898502855636,screening metric for punctate-to-diffuse reporter redistribution; not rupture proof
J05,J,05,PLD3_TMEM106B_mCherry_primary,site0,39,"260319_Day39_WellJ05_Channel405nm Binned,561nm Binned,488nm Binned_Seq0112.nd2",561nm Binned,488nm Binned,8,whole_field_foreground,stable_channel,810093,20772084.0,18052384.0,22.784582138061523,2719700.0,1112,0.0013726819019527724,136.09164873301555,12.0,6.63763797477419,6.63763797477419,screening metric for punctate-to-diffuse reporter redistribution; not rupture proof
J06,J,06,PLD3_TMEM106B_mCherry_primary,site0,8,"260216_Day8_iNeurons_WellJ06_Channel405nm Binned,561nm Binned,488nm Binned_Seq0113.nd2",561nm Binned,488nm Binned,0,whole_field_foreground,stable_channel,833032,17841036.0,13582192.0,16.701744079589844,4258845.0,910,0.0010923950100343175,198.68981428879957,19.0,3.1891726512697245,3.1891726512697245,screening metric for punctate-to-diffuse reporter redistribution; not rupture proof
J06,J,06,PLD3_TMEM106B_mCherry_primary,site0,12,"260220_Day12_WellJ06_Channel405nm Binned,561nm Binned,488nm Binned_Seq0113.nd2",561nm Binned,488nm Binned,1,whole_field_foreground,stable_channel,722173,13597005.0,11196661.0,15.871410369873047,2400344.0,802,0.001110537225843239,125.68194043547138,16.0,4.66460682302009,4.66460682302009,screening metric for punctate-to-diffuse reporter redistribution; not rupture proof
J06,J,06,PLD3_TMEM106B_mCherry_primary,site0,16,"260224_day16_WellJ06_Channel405nm Binned,561nm Binned,488nm Binned_Seq0113.nd2",561nm Binned,488nm Binned,2,whole_field_foreground,stable_channel,777809,16520151.0,13654782.0,17.973251342773438,2865369.0,834,0.001072242671399955,141.30017481376228,16.0,4.765453245287164,4.765453245287164,screening metric for punctate-to-diffuse reporter redistribution; not rupture proof
J06,J,06,PLD3_TMEM106B_mCherry_primary,site0,20,"260228_day20_WellJ06_Channel405nm Binned,561nm Binned,488nm Binned_Seq0113.nd2",561nm Binned,488nm Binned,3,whole_field_foreground,stable_channel,782823,15077929.0,12633089.0,16.513626098632812,2444840.0,916,0.0011701240254806385,123.94383658696471,14.0,5.167245709328559,5.167245709328559,screening metric for punctate-to-diffuse reporter redistribution; not rupture proof
J06,J,06,PLD3_TMEM106B_mCherry_primary,site0,25,"260305_day25_iNeurons_WellJ06_Channel405nm Binned,561nm Binned,488nm Binned_Seq0113.nd2",561nm Binned,488nm Binned,4,whole_field_foreground,stable_channel,546083,8720027.0,7614471.0,14.252609252929688,1105556.0,741,0.0013569365828979168,81.95500224804589,12.0,6.8874584371964085,6.8874584371964085,screening metric for punctate-to-diffuse reporter redistribution; not rupture proof
J06,J,06,PLD3_TMEM106B_mCherry_primary,site0,29,"260309_Day29_WellJ06_Channel405nm Binned,561nm Binned,488nm Binned_Seq0113.nd2",561nm Binned,488nm Binned,5,whole_field_foreground,stable_channel,748180,15309378.0,13165306.0,17.98330307006836,2144072.0,1099,0.001468897858802068,120.77424188046373,11.0,6.140328309867328,6.140328309867328,screening metric for punctate-to-diffuse reporter redistribution; not rupture proof
J06,J,06,PLD3_TMEM106B_mCherry_primary,site0,32,"260312_Day32_WellJ06_Channel405nm Binned,561 nm,488nm Binned_Seq0113.nd2",561nm Binned,488nm Binned,6,whole_field_foreground,stable_channel,827771,16833676.0,14414395.0,17.795703887939453,2419281.0,1195,0.0014436359814472316,122.53363552332922,11.0,5.95813177551266,5.95813177551266,screening metric for punctate-to-diffuse reporter redistribution; not rupture proof
J06,J,06,PLD3_TMEM106B_mCherry_primary,site0,36,"260316_Day36_WellJ06_Channel405nm Binned,561nm Binned,488nm Binned_Seq0113.nd2",561nm Binned,488nm Binned,7,whole_field_foreground,stable_channel,878936,20055768.0,17124126.0,19.918073654174805,2931642.0,1229,0.0013982815586101852,134.9497175410669,12.0,5.841138174440863,5.841138174440863,screening metric for punctate-to-diffuse reporter redistribution; not rupture proof
J06,J,06,PLD3_TMEM106B_mCherry_primary,site0,39,"260319_Day39_WellJ06_Channel405nm Binned,561nm Binned,488nm Binned_Seq0113.nd2",561nm Binned,488nm Binned,8,whole_field_foreground,stable_channel,861715,21782576.0,18999320.0,22.54526138305664,2783255.0,1163,0.001349634159784442,130.8506248323239,12.0,6.826295111297087,6.826295111297087,screening metric for punctate-to-diffuse reporter redistribution; not rupture proof
J07,J,07,PLD3_TMEM106B_mCherry_primary,site0,8,"260216_Day8_iNeurons_WellJ07_Channel405nm Binned,561nm Binned,488nm Binned_Seq0114.nd2",561nm Binned,488nm Binned,0,whole_field_foreground,stable_channel,756645,16259940.0,12366278.0,16.7426815032959,3893662.0,867,0.001145847788591551,196.14167672127587,17.0,3.1760019231245096,3.1760019231245096,screening metric for punctate-to-diffuse reporter redistribution; not rupture proof
J07,J,07,PLD3_TMEM106B_mCherry_primary,site0,12,"260220_Day12_WellJ07_Channel405nm Binned,561nm Binned,488nm Binned_Seq0114.nd2",561nm Binned,488nm Binned,1,whole_field_foreground,stable_channel,699824,12479394.0,10234790.0,14.972578048706055,2244604.0,740,0.0010574087199052085,119.22318928177292,16.0,4.559730803293339,4.559730803293339,screening metric for punctate-to-diffuse reporter redistribution; not rupture proof
J07,J,07,PLD3_TMEM106B_mCherry_primary,site0,16,"260224_day16_WellJ07_Channel405nm Binned,561nm Binned,488nm Binned_Seq0114.nd2",561nm Binned,488nm Binned,2,whole_field_foreground,stable_channel,708570,14788546.0,12140655.0,17.542726516723633,2647891.0,720,0.0010161310809080031,145.02597695456612,17.0,4.585028235677155,4.585028235677155,screening metric for punctate-to-diffuse reporter redistribution; not rupture proof
J07,J,07,PLD3_TMEM106B_mCherry_primary,site0,20,"260228_day20_WellJ07_Channel405nm Binned,561nm Binned,488nm Binned_Seq0114.nd2",561nm Binned,488nm Binned,3,whole_field_foreground,stable_channel,737116,14216399.0,11843881.0,16.445676803588867,2372518.0,843,0.0011436463188953384,126.6893345707252,15.0,4.992114285326817,4.992114285326817,screening metric for punctate-to-diffuse reporter redistribution; not rupture proof
J07,J,07,PLD3_TMEM106B_mCherry_primary,site0,25,"260305_day25_iNeurons_WellJ07_Channel405nm Binned,561nm Binned,488nm Binned_Seq0114.nd2",561nm Binned,488nm Binned,4,whole_field_foreground,stable_channel,493104,8099624.0,7068247.0,14.645544052124023,1031377.0,681,0.0013810474058182838,87.99496758526817,12.0,6.8532137133106,6.8532137133106,screening metric for punctate-to-diffuse reporter redistribution; not rupture proof
J07,J,07,PLD3_TMEM106B_mCherry_primary,site0,29,"260309_Day29_WellJ07_Channel405nm Binned,561nm Binned,488nm Binned_Seq0114.nd2",561nm Binned,488nm Binned,5,whole_field_foreground,stable_channel,676576,14013592.0,11973323.0,18.08129119873047,2040269.0,986,0.0014573381260915886,127.57256016915034,11.0,5.868502143587013,5.868502143587013,screening metric for punctate-to-diffuse reporter redistribution; not rupture proof
J07,J,07,PLD3_TMEM106B_mCherry_primary,site0,32,"260312_Day32_WellJ07_Channel405nm Binned,561 nm,488nm Binned_Seq0114.nd2",561nm Binned,488nm Binned,6,whole_field_foreground,stable_channel,759174,16234785.0,13780387.0,18.556419372558594,2454398.0,1089,0.001434453761586363,133.96565895325773,12.0,5.614569030774303,5.614569030774303,screening metric for punctate-to-diffuse reporter redistribution; not rupture proof
J07,J,07,PLD3_TMEM106B_mCherry_primary,site0,36,"260316_Day36_WellJ07_Channel405nm Binned,561nm Binned,488nm Binned_Seq0114.nd2",561nm Binned,488nm Binned,7,whole_field_foreground,stable_channel,843702,18933228.0,16063345.0,19.46378517150879,2869884.0,1167,0.001383189799240273,139.98600268915564,12.0,5.597210549274606,5.597210549274606,screening metric for punctate-to-diffuse reporter redistribution; not rupture proof
J07,J,07,PLD3_TMEM106B_mCherry_primary,site0,39,"260319_Day39_WellJ07_Channel405nm Binned,561nm Binned,488nm Binned_Seq0114.nd2",561nm Binned,488nm Binned,8,whole_field_foreground,stable_channel,794258,20613380.0,17833064.0,22.957765579223633,2780316.0,1048,0.0013194704995085735,140.9326897541075,12.0,6.414042144847416,6.414042144847416,screening metric for punctate-to-diffuse reporter redistribution; not rupture proof
J08,J,08,PLD3_TMEM106B_mCherry_primary,site0,8,"260216_Day8_iNeurons_WellJ08_Channel405nm Binned,561nm Binned,488nm Binned_Seq0115.nd2",561nm Binned,488nm Binned,0,whole_field_foreground,stable_channel,805044,17412988.0,13287777.0,16.907461166381836,4125211.0,880,0.001093107954346479,199.80772453654896,19.0,3.2211145078389394,3.2211145078389394,screening metric for punctate-to-diffuse reporter redistribution; not rupture proof
J08,J,08,PLD3_TMEM106B_mCherry_primary,site0,12,"260220_Day12_WellJ08_Channel405nm Binned,561nm Binned,488nm Binned_Seq0115.nd2",561nm Binned,488nm Binned,1,whole_field_foreground,stable_channel,760036,14560966.0,12018134.0,16.18619155883789,2542832.0,855,0.0011249467130489542,125.31352920532227,15.0,4.7262792036576835,4.7262792036576835,screening metric for punctate-to-diffuse reporter redistribution; not rupture proof
J08,J,08,PLD3_TMEM106B_mCherry_primary,site0,16,"260224_day16_WellJ08_Channel405nm Binned,561nm Binned,488nm Binned_Seq0115.nd2",561nm Binned,488nm Binned,2,whole_field_foreground,stable_channel,759007,15918654.0,13181223.0,17.78240203857422,2737431.0,811,0.0010685013445184714,138.13868829089822,16.0,4.815179999055752,4.815179999055752,screening metric for punctate-to-diffuse reporter redistribution; not rupture proof
J08,J,08,PLD3_TMEM106B_mCherry_primary,site0,20,"260228_day20_WellJ08_Channel405nm Binned,561nm Binned,488nm Binned_Seq0115.nd2",561nm Binned,488nm Binned,3,whole_field_foreground,stable_channel,798379,15160581.0,12617400.0,16.17221450805664,2543181.0,864,0.0010821927931457588,125.79202739397685,15.0,4.961267011665721,4.961267011665721,screening metric for punctate-to-diffuse reporter redistribution; not rupture proof
J08,J,08,PLD3_TMEM106B_mCherry_primary,site0,25,"260305_day25_iNeurons_WellJ08_Channel405nm Binned,561nm Binned,488nm Binned_Seq0115.nd2",561nm Binned,488nm Binned,4,whole_field_foreground,stable_channel,510566,8211248.0,7144944.0,14.296950340270996,1066304.0,728,0.001425868545885496,88.64601770338122,11.0,6.700663225490385,6.700663225490385,screening metric for punctate-to-diffuse reporter redistribution; not rupture proof
J08,J,08,PLD3_TMEM106B_mCherry_primary,site0,29,"260309_Day29_WellJ08_Channel405nm Binned,561nm Binned,488nm Binned_Seq0115.nd2",561nm Binned,488nm Binned,5,whole_field_foreground,stable_channel,742023,15482320.0,13117453.0,18.070829391479492,2364867.0,1088,0.0014662618274615931,131.18981383127326,11.0,5.546803689169181,5.546803689169181,screening metric for punctate-to-diffuse reporter redistribution; not rupture proof
J08,J,08,PLD3_TMEM106B_mCherry_primary,site0,32,"260312_Day32_WellJ08_Channel405nm Binned,561 nm,488nm Binned_Seq0115.nd2",561nm Binned,488nm Binned,6,whole_field_foreground,stable_channel,794576,16846920.0,14240866.0,18.3192195892334,2606053.0,1120,0.0014095567950688046,136.9491909299578,12.0,5.464534297650331,5.464534297650331,screening metric for punctate-to-diffuse reporter redistribution; not rupture proof
J08,J,08,PLD3_TMEM106B_mCherry_primary,site0,36,"260316_Day36_WellJ08_Channel405nm Binned,561nm Binned,488nm Binned_Seq0115.nd2",561nm Binned,488nm Binned,7,whole_field_foreground,stable_channel,884862,19370456.0,16460717.0,19.015684127807617,2909740.0,1253,0.0014160400152776183,136.07302405257656,11.0,5.657109226251948,5.657109226251948,screening metric for punctate-to-diffuse reporter redistribution; not rupture proof
J08,J,08,PLD3_TMEM106B_mCherry_primary,site0,39,"260319_Day39_WellJ08_Channel405nm Binned,561nm Binned,488nm Binned_Seq0115.nd2",561nm Binned,488nm Binned,8,whole_field_foreground,stable_channel,849620,21533828.0,18596900.0,22.38570213317871,2936930.0,1105,0.0013005814364053334,137.65225959190957,12.0,6.332088269040688,6.332088269040688,screening metric for punctate-to-diffuse reporter redistribution; not rupture proof
J09,J,09,PLD3_TMEM106B_mCherry_primary,site0,8,"260216_Day8_iNeurons_WellJ09_Channel405nm Binned,561nm Binned,488nm Binned_Seq0116.nd2",561nm Binned,488nm Binned,0,whole_field_foreground,stable_channel,758573,15392612.0,11553636.0,15.602226257324219,3838976.0,806,0.001062521339408254,194.45407813476865,20.0,3.009561924845842,3.009561924845842,screening metric for punctate-to-diffuse reporter redistribution; not rupture proof
J09,J,09,PLD3_TMEM106B_mCherry_primary,site0,12,"260220_Day12_WellJ09_Channel405nm Binned,561nm Binned,488nm Binned_Seq0116.nd2",561nm Binned,488nm Binned,1,whole_field_foreground,stable_channel,688466,12510500.0,10276338.0,15.28098201751709,2234162.0,747,0.0010850209015389504,123.53753482353895,17.0,4.599638701220145,4.599638701220145,screening metric for punctate-to-diffuse reporter redistribution; not rupture proof
J09,J,09,PLD3_TMEM106B_mCherry_primary,site0,16,"260224_day16_WellJ09_Channel405nm Binned,561nm Binned,488nm Binned_Seq0116.nd2",561nm Binned,488nm Binned,2,whole_field_foreground,stable_channel,736503,14963232.0,12208217.0,16.974599838256836,2755015.0,769,0.0010441233776358764,142.31638865973147,17.0,4.431270610140261,4.431270610140261,screening metric for punctate-to-diffuse reporter redistribution; not rupture proof
J09,J,09,PLD3_TMEM106B_mCherry_primary,site0,20,"260228_day20_WellJ09_Channel405nm Binned,561nm Binned,488nm Binned_Seq0116.nd2",561nm Binned,488nm Binned,3,whole_field_foreground,stable_channel,747869,14374773.0,11916283.0,16.310224533081055,2458490.0,836,0.001117842830761647,127.94646761405981,15.0,4.846992666228113,4.846992666228113,screening metric for punctate-to-diffuse reporter redistribution; not rupture proof
J09,J,09,PLD3_TMEM106B_mCherry_primary,site0,25,"260305_day25_iNeurons_WellJ09_Channel405nm Binned,561nm Binned,488nm Binned_Seq0116.nd2",561nm Binned,488nm Binned,4,whole_field_foreground,stable_channel,645299,8952301.0,7748815.0,12.280486106872559,1203486.0,875,0.001355960570214186,75.28981353759765,12.0,6.438641579539405,6.438641579539405,screening metric for punctate-to-diffuse reporter redistribution; not rupture proof
J09,J,09,PLD3_TMEM106B_mCherry_primary,site0,29,"260309_Day29_WellJ09_Channel405nm Binned,561nm Binned,488nm Binned_Seq0116.nd2",561nm Binned,488nm Binned,5,whole_field_foreground,stable_channel,794459,14625647.0,12393746.0,15.94900131225586,2231901.0,1083,0.0013631918072532841,115.74675822235982,12.0,5.5529998866412305,5.5529998866412305,screening metric for punctate-to-diffuse reporter redistribution; not rupture proof
J09,J,09,PLD3_TMEM106B_mCherry_primary,site0,32,"260312_Day32_WellJ09_Channel405nm Binned,561 nm,488nm Binned_Seq0116.nd2",561nm Binned,488nm Binned,6,whole_field_foreground,stable_channel,863080,16085100.0,13440571.0,15.926828384399414,2644529.0,1146,0.0013278027529298236,121.10608993317236,12.0,5.082406356668775,5.082406356668775,screening metric for punctate-to-diffuse reporter redistribution; not rupture proof
J09,J,09,PLD3_TMEM106B_mCherry_primary,site0,36,"260316_Day36_WellJ09_Channel405nm Binned,561nm Binned,488nm Binned_Seq0116.nd2",561nm Binned,488nm Binned,7,whole_field_foreground,stable_channel,934596,18596760.0,15605069.0,17.0728759765625,2991692.0,1249,0.0013364063188785996,127.39073421517976,12.0,5.216134882867215,5.216134882867215,screening metric for punctate-to-diffuse reporter redistribution; not rupture proof
J09,J,09,PLD3_TMEM106B_mCherry_primary,site0,39,"260319_Day39_WellJ09_Channel405nm Binned,561nm Binned,488nm Binned_Seq0116.nd2",561nm Binned,488nm Binned,8,whole_field_foreground,stable_channel,934205,21350710.0,18303732.0,20.043947219848633,3046978.0,1175,0.0012577539191063441,125.38234071772149,13.0,6.007175634347867,6.007175634347867,screening metric for punctate-to-diffuse reporter redistribution; not rupture proof
J10,J,10,PLD3_TMEM106B_mCherry_primary,site0,8,"260216_Day8_iNeurons_WellJ10_Channel405nm Binned,561nm Binned,488nm Binned_Seq0117.nd2",561nm Binned,488nm Binned,0,whole_field_foreground,stable_channel,838329,17416576.0,13334110.0,16.2956485748291,4082467.0,896,0.0010687928009157875,185.03600286585944,20.0,3.266189291915093,3.266189291915093,screening metric for punctate-to-diffuse reporter redistribution; not rupture proof
J10,J,10,PLD3_TMEM106B_mCherry_primary,site0,12,"260220_Day12_WellJ10_Channel405nm Binned,561nm Binned,488nm Binned_Seq0117.nd2",561nm Binned,488nm Binned,1,whole_field_foreground,stable_channel,787281,14118389.0,11688472.0,15.197320938110352,2429917.0,828,0.0010517210500430574,116.66511552690883,17.0,4.810235082101649,4.810235082101649,screening metric for punctate-to-diffuse reporter redistribution; not rupture proof
J10,J,10,PLD3_TMEM106B_mCherry_primary,site0,16,"260224_day16_WellJ10_Channel405nm Binned,561nm Binned,488nm Binned_Seq0117.nd2",561nm Binned,488nm Binned,2,whole_field_foreground,stable_channel,881434,17592676.0,14453885.0,16.790969848632812,3138790.0,871,0.0009881624716076437,135.0406566054895,18.0,4.604922597560014,4.604922597560014,screening metric for punctate-to-diffuse reporter redistribution; not rupture proof
J10,J,10,PLD3_TMEM106B_mCherry_primary,site0,20,"260228_day20_WellJ10_Channel405nm Binned,561nm Binned,488nm Binned_Seq0117.nd2",561nm Binned,488nm Binned,3,whole_field_foreground,stable_channel,895350,16678293.0,13770166.0,15.743450164794922,2908127.0,953,0.0010643882280660475,125.5468922201759,15.0,4.73506349619369,4.73506349619369,screening metric for punctate-to-diffuse reporter redistribution; not rupture proof
J10,J,10,PLD3_TMEM106B_mCherry_primary,site0,25,"260305_day25_iNeurons_WellJ10_Channel405nm Binned,561nm Binned,488nm Binned_Seq0117.nd2",561nm Binned,488nm Binned,4,whole_field_foreground,stable_channel,569298,9112309.0,7918078.0,14.21494197845459,1194231.0,780,0.0013701084493510074,86.63794372265156,12.0,6.630273372566421,6.630273372566421,screening metric for punctate-to-diffuse reporter redistribution; not rupture proof
J10,J,10,PLD3_TMEM106B_mCherry_primary,site0,29,"260309_Day29_WellJ10_Channel405nm Binned,561nm Binned,488nm Binned_Seq0117.nd2",561nm Binned,488nm Binned,5,whole_field_foreground,stable_channel,858483,16034505.0,13525196.0,16.10470199584961,2509309.0,1210,0.0014094629713093801,119.74339623884721,12.0,5.3900081655924446,5.3900081655924446,screening metric for punctate-to-diffuse reporter redistribution; not rupture proof
J10,J,10,PLD3_TMEM106B_mCherry_primary,site0,32,"260312_Day32_WellJ10_Channel405nm Binned,561 nm,488nm Binned_Seq0117.nd2",561nm Binned,488nm Binned,6,whole_field_foreground,stable_channel,903338,17449824.0,14767852.0,16.70987319946289,2681972.0,1251,0.0013848636944295658,122.30645348528306,12.0,5.506340856651186,5.506340856651186,screening metric for punctate-to-diffuse reporter redistribution; not rupture proof
J10,J,10,PLD3_TMEM106B_mCherry_primary,site0,36,"260316_Day36_WellJ10_Channel405nm Binned,561nm Binned,488nm Binned_Seq0117.nd2",561nm Binned,488nm Binned,7,whole_field_foreground,stable_channel,993316,20141752.0,16938164.0,17.4361572265625,3203588.0,1343,0.001352037015409646,128.51774634093556,12.0,5.287247923264388,5.287247923264388,screening metric for punctate-to-diffuse reporter redistribution; not rupture proof
J10,J,10,PLD3_TMEM106B_mCherry_primary,site0,39,"260319_Day39_WellJ10_Channel405nm Binned,561nm Binned,488nm Binned_Seq0117.nd2",561nm Binned,488nm Binned,8,whole_field_foreground,stable_channel,997412,23797416.0,20525080.0,21.044198989868164,3272336.0,1322,0.0013254302133909302,129.4595381149546,12.0,6.272302110783773,6.272302110783773,screening metric for punctate-to-diffuse reporter redistribution; not rupture proof
J11,J,11,PLD3_TMEM106B_mCherry_primary,site0,8,"260216_Day8_iNeurons_WellJ11_Channel405nm Binned,561nm Binned,488nm Binned_Seq0118.nd2",561nm Binned,488nm Binned,0,whole_field_foreground,stable_channel,824999,16834344.0,12599627.0,15.644150733947754,4234718.0,855,0.00103636489256225,195.69344320018388,20.0,2.97531665626779,2.97531665626779,screening metric for punctate-to-diffuse reporter redistribution; not rupture proof
J11,J,11,PLD3_TMEM106B_mCherry_primary,site0,12,"260220_Day12_WellJ11_Channel405nm Binned,561nm Binned,488nm Binned_Seq0118.nd2",561nm Binned,488nm Binned,1,whole_field_foreground,stable_channel,710880,13464798.0,11011912.0,15.858579635620117,2452886.0,742,0.0010437767274349486,129.05620304015127,17.0,4.489369664956102,4.489369664956102,screening metric for punctate-to-diffuse reporter redistribution; not rupture proof
J11,J,11,PLD3_TMEM106B_mCherry_primary,site0,16,"260224_day16_WellJ11_Channel405nm Binned,561nm Binned,488nm Binned_Seq0118.nd2",561nm Binned,488nm Binned,2,whole_field_foreground,stable_channel,770876,16052577.0,13212550.0,17.5499267578125,2840027.0,780,0.0010118358854069762,141.52039208045372,17.0,4.652262108774089,4.652262108774089,screening metric for punctate-to-diffuse reporter redistribution; not rupture proof
J11,J,11,PLD3_TMEM106B_mCherry_primary,site0,20,"260228_day20_WellJ11_Channel405nm Binned,561nm Binned,488nm Binned_Seq0118.nd2",561nm Binned,488nm Binned,3,whole_field_foreground,stable_channel,783932,15610507.0,13008460.0,16.98301124572754,2602047.0,877,0.0011187194807698642,130.9471833371518,14.0,4.9993178447564555,4.9993178447564555,screening metric for punctate-to-diffuse reporter redistribution; not rupture proof
J11,J,11,PLD3_TMEM106B_mCherry_primary,site0,25,"260305_day25_iNeurons_WellJ11_Channel405nm Binned,561nm Binned,488nm Binned_Seq0118.nd2",561nm Binned,488nm Binned,4,whole_field_foreground,stable_channel,513541,8526888.0,7493552.0,14.908239364624023,1033336.0,780,0.0015188660691132375,86.92114244607778,11.0,7.251805801784461,7.251805801784461,screening metric for punctate-to-diffuse reporter redistribution; not rupture proof
J11,J,11,PLD3_TMEM106B_mCherry_primary,site0,29,"260309_Day29_WellJ11_Channel405nm Binned,561nm Binned,488nm Binned_Seq0118.nd2",561nm Binned,488nm Binned,5,whole_field_foreground,stable_channel,729485,15022431.0,12837593.0,17.986825942993164,2184838.0,1078,0.0014777548544500877,126.2333547914183,11.0,5.875764244302839,5.875764244302839,screening metric for punctate-to-diffuse reporter redistribution; not rupture proof
J11,J,11,PLD3_TMEM106B_mCherry_primary,site0,32,"260312_Day32_WellJ11_Channel405nm Binned,561 nm,488nm Binned_Seq0118.nd2",561nm Binned,488nm Binned,6,whole_field_foreground,stable_channel,783049,16568808.0,14090634.0,18.395204544067383,2478174.0,1109,0.0014162587526433004,132.32553797481938,12.0,5.685893726588333,5.685893726588333,screening metric for punctate-to-diffuse reporter redistribution; not rupture proof
J11,J,11,PLD3_TMEM106B_mCherry_primary,site0,36,"260316_Day36_WellJ11_Channel405nm Binned,561nm Binned,488nm Binned_Seq0118.nd2",561nm Binned,488nm Binned,7,whole_field_foreground,stable_channel,849132,19251840.0,16406183.0,19.755393981933594,2845658.0,1205,0.0014190962064774156,137.5938671761034,12.0,5.765338983108383,5.765338983108383,screening metric for punctate-to-diffuse reporter redistribution; not rupture proof
J11,J,11,PLD3_TMEM106B_mCherry_primary,site0,39,"260319_Day39_WellJ11_Channel405nm Binned,561nm Binned,488nm Binned_Seq0118.nd2",561nm Binned,488nm Binned,8,whole_field_foreground,stable_channel,827530,21629094.0,18650012.0,23.04510498046875,2979082.0,1116,0.0013485915918439832,147.72179063503032,12.0,6.260321803828743,6.260321803828743,screening metric for punctate-to-diffuse reporter redistribution; not rupture proof
J12,J,12,PLD3_TMEM106B_mCherry_primary,site0,8,"260216_Day8_iNeurons_WellJ12_Channel405nm Binned,561nm Binned,488nm Binned_Seq0119.nd2",561nm Binned,488nm Binned,0,whole_field_foreground,stable_channel,852702,17847048.0,13410239.0,16.10845375061035,4436810.0,909,0.0010660230655011177,200.20532588308268,19.0,3.022495666931191,3.022495666931191,screening metric for punctate-to-diffuse reporter redistribution; not rupture proof
J12,J,12,PLD3_TMEM106B_mCherry_primary,site0,12,"260220_Day12_WellJ12_Channel405nm Binned,561nm Binned,488nm Binned_Seq0119.nd2",561nm Binned,488nm Binned,1,whole_field_foreground,stable_channel,762426,14926616.0,12218912.0,16.40781021118164,2707704.0,822,0.0010781374192366496,133.0450599837477,16.0,4.512646877205,4.512646877205,screening metric for punctate-to-diffuse reporter redistribution; not rupture proof
J12,J,12,PLD3_TMEM106B_mCherry_primary,site0,16,"260224_day16_WellJ12_Channel405nm Binned,561nm Binned,488nm Binned_Seq0119.nd2",561nm Binned,488nm Binned,2,whole_field_foreground,stable_channel,796448,16940146.0,13981263.0,17.972393035888672,2958883.0,836,0.0010496604925857688,145.9264905464136,17.0,4.725182780121848,4.725182780121848,screening metric for punctate-to-diffuse reporter redistribution; not rupture proof
J12,J,12,PLD3_TMEM106B_mCherry_primary,site0,20,"260228_day20_WellJ12_Channel405nm Binned,561nm Binned,488nm Binned_Seq0119.nd2",561nm Binned,488nm Binned,3,whole_field_foreground,stable_channel,759098,15325878.0,12861965.0,17.336286544799805,2463913.0,896,0.0011803482554279153,130.7167320081166,15.0,5.22013764284485,5.22013764284485,screening metric for punctate-to-diffuse reporter redistribution; not rupture proof
J12,J,12,PLD3_TMEM106B_mCherry_primary,site0,25,"260305_day25_iNeurons_WellJ12_Channel405nm Binned,561nm Binned,488nm Binned_Seq0119.nd2",561nm Binned,488nm Binned,4,whole_field_foreground,stable_channel,551560,9072221.0,7900968.0,14.640450477600098,1171253.0,829,0.0015030096453667724,88.83684932308404,11.0,6.74573981880367,6.74573981880367,screening metric for punctate-to-diffuse reporter redistribution; not rupture proof
J12,J,12,PLD3_TMEM106B_mCherry_primary,site0,29,"260309_Day29_WellJ12_Channel405nm Binned,561nm Binned,488nm Binned_Seq0119.nd2",561nm Binned,488nm Binned,5,whole_field_foreground,stable_channel,783536,15525618.0,13297150.0,17.34405517578125,2228468.0,1147,0.0014638765800148762,120.23314030854308,11.0,5.9669467993231375,5.9669467993231375,screening metric for punctate-to-diffuse reporter redistribution; not rupture proof
J12,J,12,PLD3_TMEM106B_mCherry_primary,site0,32,"260312_Day32_WellJ12_Channel405nm Binned,561 nm,488nm Binned_Seq0119.nd2",561nm Binned,488nm Binned,6,whole_field_foreground,stable_channel,819508,17403936.0,14891135.0,18.5722713470459,2512800.0,1188,0.0014496502779698921,128.3526983871203,12.0,5.9261123049960505,5.9261123049960505,screening metric for punctate-to-diffuse reporter redistribution; not rupture proof
J12,J,12,PLD3_TMEM106B_mCherry_primary,site0,36,"260316_Day36_WellJ12_Channel405nm Binned,561nm Binned,488nm Binned_Seq0119.nd2",561nm Binned,488nm Binned,7,whole_field_foreground,stable_channel,893962,20233196.0,17280100.0,19.75785255432129,2953095.0,1252,0.0014005069566699697,134.87585907165234,12.0,5.851521877892228,5.851521877892228,screening metric for punctate-to-diffuse reporter redistribution; not rupture proof
J12,J,12,PLD3_TMEM106B_mCherry_primary,site0,39,"260319_Day39_WellJ12_Channel405nm Binned,561nm Binned,488nm Binned_Seq0119.nd2",561nm Binned,488nm Binned,8,whole_field_foreground,stable_channel,898281,21426762.0,18589196.0,21.157915115356445,2837567.0,1214,0.0013514701969635876,127.11550543532144,12.0,6.551103815343726,6.551103815343726,screening metric for punctate-to-diffuse reporter redistribution; not rupture proof
J13,J,13,PLD3_TMEM106B_mCherry_primary,site0,8,"260216_Day8_iNeurons_WellJ13_Channel405nm Binned,561nm Binned,488nm Binned_Seq0120.nd2",561nm Binned,488nm Binned,0,whole_field_foreground,stable_channel,804335,16702738.0,12530888.0,15.959113121032715,4171850.0,892,0.0011089906568766633,198.50659678335148,18.0,3.003676546375588,3.003676546375588,screening metric for punctate-to-diffuse reporter redistribution; not rupture proof
J13,J,13,PLD3_TMEM106B_mCherry_primary,site0,12,"260220_Day12_WellJ13_Channel405nm Binned,561nm Binned,488nm Binned_Seq0120.nd2",561nm Binned,488nm Binned,1,whole_field_foreground,stable_channel,739250,13480309.0,11080231.0,15.342351913452148,2400078.0,800,0.0010821778829880526,121.6663742351532,16.0,4.616612876746249,4.616612876746249,screening metric for punctate-to-diffuse reporter redistribution; not rupture proof
J13,J,13,PLD3_TMEM106B_mCherry_primary,site0,16,"260224_day16_WellJ13_Channel405nm Binned,561nm Binned,488nm Binned_Seq0120.nd2",561nm Binned,488nm Binned,2,whole_field_foreground,stable_channel,756689,15931278.0,13052674.0,17.662235260009766,2878604.0,812,0.0010730960804226398,148.6141332335073,17.0,4.534376385218483,4.534376385218483,screening metric for punctate-to-diffuse reporter redistribution; not rupture proof
J13,J,13,PLD3_TMEM106B_mCherry_primary,site0,20,"260228_day20_WellJ13_Channel405nm Binned,561nm Binned,488nm Binned_Seq0120.nd2",561nm Binned,488nm Binned,3,whole_field_foreground,stable_channel,791929,15294297.0,12760362.0,16.488449096679688,2533935.0,932,0.001176873179286051,127.71562618861383,14.0,5.035789000110486,5.035789000110486,screening metric for punctate-to-diffuse reporter redistribution; not rupture proof
J13,J,13,PLD3_TMEM106B_mCherry_primary,site0,25,"260305_day25_iNeurons_WellJ13_Channel405nm Binned,561nm Binned,488nm Binned_Seq0120.nd2",561nm Binned,488nm Binned,4,whole_field_foreground,stable_channel,538280,8860772.0,7698724.0,14.615074157714844,1162048.0,769,0.0014286245076885105,89.74182503927203,11.0,6.6251342457397415,6.6251342457397415,screening metric for punctate-to-diffuse reporter redistribution; not rupture proof
J13,J,13,PLD3_TMEM106B_mCherry_primary,site0,29,"260309_Day29_WellJ13_Channel405nm Binned,561nm Binned,488nm Binned_Seq0120.nd2",561nm Binned,488nm Binned,5,whole_field_foreground,stable_channel,751584,15233790.0,13007824.0,17.688453674316406,2225966.0,1106,0.001471558734617193,124.46482248289028,11.0,5.84367595910906,5.84367595910906,screening metric for punctate-to-diffuse reporter redistribution; not rupture proof
J13,J,13,PLD3_TMEM106B_mCherry_primary,site0,32,"260312_Day32_WellJ13_Channel405nm Binned,561 nm,488nm Binned_Seq0120.nd2",561nm Binned,488nm Binned,6,whole_field_foreground,stable_channel,803762,17320092.0,14734513.0,18.73561668395996,2585579.0,1133,0.001409621256041702,134.0795890222265,12.0,5.6987286019859775,5.6987286019859775,screening metric for punctate-to-diffuse reporter redistribution; not rupture proof
J13,J,13,PLD3_TMEM106B_mCherry_primary,site0,36,"260316_Day36_WellJ13_Channel405nm Binned,561nm Binned,488nm Binned_Seq0120.nd2",561nm Binned,488nm Binned,7,whole_field_foreground,stable_channel,874936,20016740.0,16935760.0,19.79010772705078,3080980.0,1202,0.0013738147704502113,143.08155599330706,12.0,5.496874371139866,5.496874371139866,screening metric for punctate-to-diffuse reporter redistribution; not rupture proof
J13,J,13,PLD3_TMEM106B_mCherry_primary,site0,39,"260319_Day39_WellJ13_Channel405nm Binned,561nm Binned,488nm Binned_Seq0120.nd2",561nm Binned,488nm Binned,8,whole_field_foreground,stable_channel,846963,20617660.0,17636360.0,21.29323959350586,2981300.0,1126,0.001329455950258359,138.0479043245739,12.0,5.9156609532734326,5.9156609532734326,screening metric for punctate-to-diffuse reporter redistribution; not rupture proof
J14,J,14,PLD3_TMEM106B_mCherry_primary,site0,8,"260216_Day8_iNeurons_WellJ14_Channel405nm Binned,561nm Binned,488nm Binned_Seq0121.nd2",561nm Binned,488nm Binned,0,whole_field_foreground,stable_channel,862052,18581384.0,14047948.0,16.694969177246094,4533435.0,908,0.0010533007289571241,200.42279556879387,20.0,3.098742564963852,3.098742564963852,screening metric for punctate-to-diffuse reporter redistribution; not rupture proof
J14,J,14,PLD3_TMEM106B_mCherry_primary,site0,12,"260220_Day12_WellJ14_Channel405nm Binned,561nm Binned,488nm Binned_Seq0121.nd2",561nm Binned,488nm Binned,1,whole_field_foreground,stable_channel,813566,15710735.0,12834966.0,16.152311325073242,2875769.0,858,0.0010546163433562186,132.94310216748076,17.0,4.463142206483044,4.463142206483044,screening metric for punctate-to-diffuse reporter redistribution; not rupture proof
J14,J,14,PLD3_TMEM106B_mCherry_primary,site0,16,"260224_day16_WellJ14_Channel405nm Binned,561nm Binned,488nm Binned_Seq0121.nd2",561nm Binned,488nm Binned,2,whole_field_foreground,stable_channel,929262,19129420.0,15656265.0,17.253660202026367,3473155.0,932,0.0010029464241505593,141.33192228554657,18.0,4.507793346394127,4.507793346394127,screening metric for punctate-to-diffuse reporter redistribution; not rupture proof
J14,J,14,PLD3_TMEM106B_mCherry_primary,site0,20,"260228_day20_WellJ14_Channel405nm Binned,561nm Binned,488nm Binned_Seq0121.nd2",561nm Binned,488nm Binned,3,whole_field_foreground,stable_channel,948426,18374748.0,15324167.0,16.538454055786133,3050581.0,1040,0.0010965536583759867,126.02538964931782,15.0,5.023360140247047,5.023360140247047,screening metric for punctate-to-diffuse reporter redistribution; not rupture proof
J14,J,14,PLD3_TMEM106B_mCherry_primary,site0,25,"260305_day25_iNeurons_WellJ14_Channel405nm Binned,561nm Binned,488nm Binned_Seq0121.nd2",561nm Binned,488nm Binned,4,whole_field_foreground,stable_channel,611046,9770310.0,8452401.0,14.139083862304688,1317909.0,872,0.001427061137784345,90.14473398016133,12.0,6.413493647887363,6.413493647887363,screening metric for punctate-to-diffuse reporter redistribution; not rupture proof
J14,J,14,PLD3_TMEM106B_mCherry_primary,site0,29,"260309_Day29_WellJ14_Channel405nm Binned,561nm Binned,488nm Binned_Seq0121.nd2",561nm Binned,488nm Binned,5,whole_field_foreground,stable_channel,840863,16349221.0,13946756.0,16.952543258666992,2402465.0,1211,0.0014401870459261018,120.76246775053042,12.0,5.8051859236218615,5.8051859236218615,screening metric for punctate-to-diffuse reporter redistribution; not rupture proof
J14,J,14,PLD3_TMEM106B_mCherry_primary,site0,32,"260312_Day32_WellJ14_Channel405nm Binned,561 nm,488nm Binned_Seq0121.nd2",561nm Binned,488nm Binned,6,whole_field_foreground,stable_channel,952518,19459768.0,16474682.0,17.683509826660156,2985086.0,1388,0.001457190310312816,127.57523491884172,11.0,5.518997442617895,5.518997442617895,screening metric for punctate-to-diffuse reporter redistribution; not rupture proof
J14,J,14,PLD3_TMEM106B_mCherry_primary,site0,36,"260316_Day36_WellJ14_Channel405nm Binned,561nm Binned,488nm Binned_Seq0121.nd2",561nm Binned,488nm Binned,7,whole_field_foreground,stable_channel,989974,21229892.0,17997476.0,18.585983276367188,3232417.0,1360,0.0013737734526347422,133.62610554134145,12.0,5.567807618879134,5.567807618879134,screening metric for punctate-to-diffuse reporter redistribution; not rupture proof
J14,J,14,PLD3_TMEM106B_mCherry_primary,site0,39,"260319_Day39_WellJ14_Channel405nm Binned,561nm Binned,488nm Binned_Seq0121.nd2",561nm Binned,488nm Binned,8,whole_field_foreground,stable_channel,981536,23408972.0,20123324.0,20.962100982666016,3285648.0,1312,0.0013366804681628217,135.13877206313902,12.0,6.124613470461193,6.124613470461193,screening metric for punctate-to-diffuse reporter redistribution; not rupture proof
J15,J,15,PLD3_TMEM106B_mCherry_primary,site0,8,"260216_Day8_iNeurons_WellJ15_Channel405nm Binned,561nm Binned,488nm Binned_Seq0122.nd2",561nm Binned,488nm Binned,0,whole_field_foreground,stable_channel,799601,16264287.0,12335228.0,15.803191184997559,3929059.0,871,0.0010892932850245444,188.8662775874001,19.0,3.1394865793557343,3.1394865793557343,screening metric for punctate-to-diffuse reporter redistribution; not rupture proof
J15,J,15,PLD3_TMEM106B_mCherry_primary,site0,12,"260220_Day12_WellJ15_Channel405nm Binned,561nm Binned,488nm Binned_Seq0122.nd2",561nm Binned,488nm Binned,1,whole_field_foreground,stable_channel,730483,14324880.0,11695585.0,16.391138076782227,2629295.0,776,0.001062310827218344,133.61273166813803,16.0,4.448182877918055,4.448182877918055,screening metric for punctate-to-diffuse reporter redistribution; not rupture proof
J15,J,15,PLD3_TMEM106B_mCherry_primary,site0,16,"260224_day16_WellJ15_Channel405nm Binned,561nm Binned,488nm Binned_Seq0122.nd2",561nm Binned,488nm Binned,2,whole_field_foreground,stable_channel,740369,16040772.0,13253105.0,18.327341079711914,2787667.0,760,0.001026515156629969,145.27184072795666,17.0,4.754192304889805,4.754192304889805,screening metric for punctate-to-diffuse reporter redistribution; not rupture proof
J15,J,15,PLD3_TMEM106B_mCherry_primary,site0,20,"260228_day20_WellJ15_Channel405nm Binned,561nm Binned,488nm Binned_Seq0122.nd2",561nm Binned,488nm Binned,3,whole_field_foreground,stable_channel,768015,15326306.0,12771079.0,17.017282485961914,2555227.0,854,0.001111957448746298,132.2889541608109,15.0,4.998021310824832,4.998021310824832,screening metric for punctate-to-diffuse reporter redistribution; not rupture proof
J15,J,15,PLD3_TMEM106B_mCherry_primary,site0,25,"260305_day25_iNeurons_WellJ15_Channel405nm Binned,561nm Binned,488nm Binned_Seq0122.nd2",561nm Binned,488nm Binned,4,whole_field_foreground,stable_channel,485599,7833102.0,6799310.0,14.304038047790527,1033792.0,704,0.001449755868522279,90.24426580559124,11.0,6.57705805422505,6.57705805422505,screening metric for punctate-to-diffuse reporter redistribution; not rupture proof
J15,J,15,PLD3_TMEM106B_mCherry_primary,site0,29,"260309_Day29_WellJ15_Channel405nm Binned,561nm Binned,488nm Binned_Seq0122.nd2",561nm Binned,488nm Binned,5,whole_field_foreground,stable_channel,722976,14360290.0,12258476.0,17.32776641845703,2101814.0,1088,0.0015048908954080013,123.3378986120224,11.0,5.832331500310764,5.832331500310764,screening metric for punctate-to-diffuse reporter redistribution; not rupture proof
J15,J,15,PLD3_TMEM106B_mCherry_primary,site0,32,"260312_Day32_WellJ15_Channel405nm Binned,561 nm,488nm Binned_Seq0122.nd2",561nm Binned,488nm Binned,6,whole_field_foreground,stable_channel,770163,16487235.0,14049432.0,18.647790908813477,2437803.0,1123,0.001458132888750228,131.22980713271076,11.0,5.763153134192647,5.763153134192647,screening metric for punctate-to-diffuse reporter redistribution; not rupture proof
J15,J,15,PLD3_TMEM106B_mCherry_primary,site0,36,"260316_Day36_WellJ15_Channel405nm Binned,561nm Binned,488nm Binned_Seq0122.nd2",561nm Binned,488nm Binned,7,whole_field_foreground,stable_channel,842540,18953234.0,16184807.0,19.635704040527344,2768427.0,1191,0.0014135827379098754,136.78200004443113,12.0,5.846210501484834,5.846210501484834,screening metric for punctate-to-diffuse reporter redistribution; not rupture proof
J15,J,15,PLD3_TMEM106B_mCherry_primary,site0,39,"260319_Day39_WellJ15_Channel405nm Binned,561nm Binned,488nm Binned_Seq0122.nd2",561nm Binned,488nm Binned,8,whole_field_foreground,stable_channel,832681,20395576.0,17573408.0,21.578481674194336,2822168.0,1116,0.0013402491470306873,137.96985724664503,12.0,6.226917745504085,6.226917745504085,screening metric for punctate-to-diffuse reporter redistribution; not rupture proof
J16,J,16,PLD3_TMEM106B_mCherry_primary,site0,8,"260216_Day8_iNeurons_WellJ16_Channel405nm Binned,561nm Binned,488nm Binned_Seq0123.nd2",561nm Binned,488nm Binned,0,whole_field_foreground,stable_channel,861047,18183356.0,13674239.0,16.26967430114746,4509116.0,907,0.0010533687475816611,199.16672716908312,20.0,3.032576451791652,3.032576451791652,screening metric for punctate-to-diffuse reporter redistribution; not rupture proof
J16,J,16,PLD3_TMEM106B_mCherry_primary,site0,12,"260220_Day12_WellJ16_Channel405nm Binned,561nm Binned,488nm Binned_Seq0123.nd2",561nm Binned,488nm Binned,1,whole_field_foreground,stable_channel,768324,15124629.0,12400303.0,16.52481460571289,2724326.0,846,0.0011010979742906624,133.1845388525203,16.0,4.551695722169612,4.551695722169612,screening metric for punctate-to-diffuse reporter redistribution; not rupture proof
J16,J,16,PLD3_TMEM106B_mCherry_primary,site0,16,"260224_day16_WellJ16_Channel405nm Binned,561nm Binned,488nm Binned_Seq0123.nd2",561nm Binned,488nm Binned,2,whole_field_foreground,stable_channel,818456,17613074.0,14383381.0,17.99436378479004,3229693.0,840,0.001026322734513491,152.26061284201487,18.0,4.453482420773599,4.453482420773599,screening metric for punctate-to-diffuse reporter redistribution; not rupture proof
J16,J,16,PLD3_TMEM106B_mCherry_primary,site0,20,"260228_day20_WellJ16_Channel405nm Binned,561nm Binned,488nm Binned_Seq0123.nd2",561nm Binned,488nm Binned,3,whole_field_foreground,stable_channel,858162,16930996.0,13931676.0,16.619338989257812,2999319.0,986,0.001148967211317736,136.42334649819148,14.0,4.644946402831895,4.644946402831895,screening metric for punctate-to-diffuse reporter redistribution; not rupture proof
J16,J,16,PLD3_TMEM106B_mCherry_primary,site0,25,"260305_day25_iNeurons_WellJ16_Channel405nm Binned,561nm Binned,488nm Binned_Seq0123.nd2",561nm Binned,488nm Binned,4,whole_field_foreground,stable_channel,553254,8719854.0,7504353.0,13.86798095703125,1215501.0,821,0.001483947698522769,89.52892605947665,11.0,6.17387645093984,6.17387645093984,screening metric for punctate-to-diffuse reporter redistribution; not rupture proof
J16,J,16,PLD3_TMEM106B_mCherry_primary,site0,29,"260309_Day29_WellJ16_Channel405nm Binned,561nm Binned,488nm Binned_Seq0123.nd2",561nm Binned,488nm Binned,5,whole_field_foreground,stable_channel,801099,15989271.0,13470862.0,17.189632415771484,2518409.0,1169,0.0014592453616825646,129.58528080427106,12.0,5.34895721862281,5.34895721862281,screening metric for punctate-to-diffuse reporter redistribution; not rupture proof
J16,J,16,PLD3_TMEM106B_mCherry_primary,site0,32,"260312_Day32_WellJ16_Channel405nm Binned,561 nm,488nm Binned_Seq0123.nd2",561nm Binned,488nm Binned,6,whole_field_foreground,stable_channel,856464,18091948.0,15204544.0,18.150842666625977,2887403.0,1233,0.0014396401950327864,135.81331773125245,12.0,5.265819838794493,5.265819838794493,screening metric for punctate-to-diffuse reporter redistribution; not rupture proof
J16,J,16,PLD3_TMEM106B_mCherry_primary,site0,36,"260316_Day36_WellJ16_Channel405nm Binned,561nm Binned,488nm Binned_Seq0123.nd2",561nm Binned,488nm Binned,7,whole_field_foreground,stable_channel,949524,21570408.0,18096080.0,19.4899845123291,3474328.0,1291,0.0013596286139145933,143.28009214630245,11.0,5.2085122648163305,5.2085122648163305,screening metric for punctate-to-diffuse reporter redistribution; not rupture proof
J16,J,16,PLD3_TMEM106B_mCherry_primary,site0,39,"260319_Day39_WellJ16_Channel405nm Binned,561nm Binned,488nm Binned_Seq0123.nd2",561nm Binned,488nm Binned,8,whole_field_foreground,stable_channel,888158,22021040.0,18832084.0,21.680587768554688,3188957.0,1203,0.0013544887283553663,142.89445725819118,12.0,5.90540543506673,5.90540543506673,screening metric for punctate-to-diffuse reporter redistribution; not rupture proof
J17,J,17,PLD3_TMEM106B_mCherry_primary,site0,8,"260216_Day8_iNeurons_WellJ17_Channel405nm Binned,561nm Binned,488nm Binned_Seq0124.nd2",561nm Binned,488nm Binned,0,whole_field_foreground,stable_channel,752114,15670639.0,11820385.0,16.098649978637695,3850254.0,813,0.001080953153376907,194.49548088345873,19.0,3.07002732806639,3.07002732806639,screening metric for punctate-to-diffuse reporter redistribution; not rupture proof
J17,J,17,PLD3_TMEM106B_mCherry_primary,site0,12,"260220_Day12_WellJ17_Channel405nm Binned,561nm Binned,488nm Binned_Seq0124.nd2",561nm Binned,488nm Binned,1,whole_field_foreground,stable_channel,675694,13078515.0,10720604.0,16.243043899536133,2357911.0,703,0.0010404117840308773,132.03054564301016,17.0,4.546653372411195,4.546653372411195,screening metric for punctate-to-diffuse reporter redistribution; not rupture proof
J17,J,17,PLD3_TMEM106B_mCherry_primary,site0,16,"260224_day16_WellJ17_Channel405nm Binned,561nm Binned,488nm Binned_Seq0124.nd2",561nm Binned,488nm Binned,2,whole_field_foreground,stable_channel,723872,14662018.0,12003680.0,16.981597900390625,2658338.0,741,0.0010236616418358166,139.59090932210287,18.0,4.515482982222534,4.515482982222534,screening metric for punctate-to-diffuse reporter redistribution; not rupture proof
J17,J,17,PLD3_TMEM106B_mCherry_primary,site0,20,"260228_day20_WellJ17_Channel405nm Binned,561nm Binned,488nm Binned_Seq0124.nd2",561nm Binned,488nm Binned,3,whole_field_foreground,stable_channel,713972,13790459.0,11506532.0,16.494550704956055,2283927.0,798,0.0011176908898372518,126.34387784016162,15.0,5.0380471880208795,5.0380471880208795,screening metric for punctate-to-diffuse reporter redistribution; not rupture proof
J17,J,17,PLD3_TMEM106B_mCherry_primary,site0,25,"260305_day25_iNeurons_WellJ17_Channel405nm Binned,561nm Binned,488nm Binned_Seq0124.nd2",561nm Binned,488nm Binned,4,whole_field_foreground,stable_channel,454626,7230416.0,6283790.0,14.122590065002441,946626.0,652,0.0014341458693487962,88.23852423802475,11.0,6.638091495472723,6.638091495472723,screening metric for punctate-to-diffuse reporter redistribution; not rupture proof
J17,J,17,PLD3_TMEM106B_mCherry_primary,site0,29,"260309_Day29_WellJ17_Channel405nm Binned,561nm Binned,488nm Binned_Seq0124.nd2",561nm Binned,488nm Binned,5,whole_field_foreground,stable_channel,656242,13157150.0,11284193.0,17.57052230834961,1872957.0,925,0.0014095409924975702,119.55806796512088,12.0,6.024800889712885,6.024800889712885,screening metric for punctate-to-diffuse reporter redistribution; not rupture proof
J17,J,17,PLD3_TMEM106B_mCherry_primary,site0,32,"260312_Day32_WellJ17_Channel405nm Binned,561 nm,488nm Binned_Seq0124.nd2",561nm Binned,488nm Binned,6,whole_field_foreground,stable_channel,715428,14481613.0,12398456.0,17.710411071777344,2083157.0,1030,0.0014396976355392302,121.11472872021129,11.0,5.9517626371867545,5.9517626371867545,screening metric for punctate-to-diffuse reporter redistribution; not rupture proof
J17,J,17,PLD3_TMEM106B_mCherry_primary,site0,36,"260316_Day36_WellJ17_Channel405nm Binned,561nm Binned,488nm Binned_Seq0124.nd2",561nm Binned,488nm Binned,7,whole_field_foreground,stable_channel,772748,17157136.0,14611740.0,19.333171844482422,2545397.0,1085,0.001404079984676241,133.5835386777254,12.0,5.7404562038826406,5.7404562038826406,screening metric for punctate-to-diffuse reporter redistribution; not rupture proof
J17,J,17,PLD3_TMEM106B_mCherry_primary,site0,39,"260319_Day39_WellJ17_Channel405nm Binned,561nm Binned,488nm Binned_Seq0124.nd2",561nm Binned,488nm Binned,8,whole_field_foreground,stable_channel,782972,18269124.0,15579686.0,20.34666633605957,2689437.0,1055,0.001347430048582392,135.66864425152963,12.0,5.792917253683283,5.792917253683283,screening metric for punctate-to-diffuse reporter redistribution; not rupture proof
J18,J,18,PLD3_TMEM106B_mCherry_primary,site0,8,"260216_Day8_iNeurons_WellJ18_Channel405nm Binned,561nm Binned,488nm Binned_Seq0125.nd2",561nm Binned,488nm Binned,0,whole_field_foreground,stable_channel,753680,15964042.0,12060454.0,16.393903732299805,3903588.0,813,0.001078707143613896,198.04589842811575,19.0,3.0895816874108926,3.0895816874108926,screening metric for punctate-to-diffuse reporter redistribution; not rupture proof
J18,J,18,PLD3_TMEM106B_mCherry_primary,site0,12,"260220_Day12_WellJ18_Channel405nm Binned,561nm Binned,488nm Binned_Seq0125.nd2",561nm Binned,488nm Binned,1,whole_field_foreground,stable_channel,696382,13155456.0,10726517.0,15.770880699157715,2428939.0,770,0.0011057149667838835,131.12478664447735,16.0,4.416132722968994,4.416132722968994,screening metric for punctate-to-diffuse reporter redistribution; not rupture proof
J18,J,18,PLD3_TMEM106B_mCherry_primary,site0,16,"260224_day16_WellJ18_Channel405nm Binned,561nm Binned,488nm Binned_Seq0125.nd2",561nm Binned,488nm Binned,2,whole_field_foreground,stable_channel,706489,15497889.0,12809444.0,18.563846588134766,2688445.0,760,0.0010757421559273027,148.3157018259952,16.0,4.764629367532248,4.764629367532248,screening metric for punctate-to-diffuse reporter redistribution; not rupture proof
J18,J,18,PLD3_TMEM106B_mCherry_primary,site0,20,"260228_day20_WellJ18_Channel405nm Binned,561nm Binned,488nm Binned_Seq0125.nd2",561nm Binned,488nm Binned,3,whole_field_foreground,stable_channel,716319,14226862.0,11883166.0,16.976144790649414,2343696.0,850,0.001186622161353829,131.2687079036937,14.0,5.070267645631059,5.070267645631059,screening metric for punctate-to-diffuse reporter redistribution; not rupture proof
J18,J,18,PLD3_TMEM106B_mCherry_primary,site0,25,"260305_day25_iNeurons_WellJ18_Channel405nm Binned,561nm Binned,488nm Binned_Seq0125.nd2",561nm Binned,488nm Binned,4,whole_field_foreground,stable_channel,491268,7852502.0,6793588.0,14.129082679748535,1058914.0,714,0.001453381860814355,89.9411084257922,11.0,6.415618265499922,6.415618265499922,screening metric for punctate-to-diffuse reporter redistribution; not rupture proof
J18,J,18,PLD3_TMEM106B_mCherry_primary,site0,29,"260309_Day29_WellJ18_Channel405nm Binned,561nm Binned,488nm Binned_Seq0125.nd2",561nm Binned,488nm Binned,5,whole_field_foreground,stable_channel,696863,13947473.0,11837712.0,17.36025047302246,2109761.0,1004,0.001440742297981898,127.33432296357782,12.0,5.610925597730923,5.610925597730923,screening metric for punctate-to-diffuse reporter redistribution; not rupture proof
J18,J,18,PLD3_TMEM106B_mCherry_primary,site0,32,"260312_Day32_WellJ18_Channel405nm Binned,561 nm,488nm Binned_Seq0125.nd2",561nm Binned,488nm Binned,6,whole_field_foreground,stable_channel,772391,16039016.0,13609745.0,18.011457443237305,2429271.0,1119,0.0014487481081454229,129.56423787925794,11.0,5.602398826641572,5.602398826641572,screening metric for punctate-to-diffuse reporter redistribution; not rupture proof
J18,J,18,PLD3_TMEM106B_mCherry_primary,site0,36,"260316_Day36_WellJ18_Channel405nm Binned,561nm Binned,488nm Binned_Seq0125.nd2",561nm Binned,488nm Binned,7,whole_field_foreground,stable_channel,801727,17979822.0,15345127.0,19.565479278564453,2634695.0,1145,0.0014281669446065454,136.53093161104027,12.0,5.824251763484645,5.824251763484645,screening metric for punctate-to-diffuse reporter redistribution; not rupture proof
J18,J,18,PLD3_TMEM106B_mCherry_primary,site0,39,"260319_Day39_WellJ18_Channel405nm Binned,561nm Binned,488nm Binned_Seq0125.nd2",561nm Binned,488nm Binned,8,whole_field_foreground,stable_channel,804914,18636372.0,15944287.0,20.25533103942871,2692086.0,1088,0.001351697199947632,135.79064874088064,12.0,5.922651430895625,5.922651430895625,screening metric for punctate-to-diffuse reporter redistribution; not rupture proof
J19,J,19,PLD3_TMEM106B_mCherry_primary,site0,8,"260216_Day8_iNeurons_WellJ19_Channel405nm Binned,561nm Binned,488nm Binned_Seq0126.nd2",561nm Binned,488nm Binned,0,whole_field_foreground,stable_channel,841810,17477828.0,13317714.0,16.206605911254883,4160114.0,896,0.001064373195850531,188.7102508374623,20.0,3.2012858301471545,3.2012858301471545,screening metric for punctate-to-diffuse reporter redistribution; not rupture proof
J19,J,19,PLD3_TMEM106B_mCherry_primary,site0,12,"260220_Day12_WellJ19_Channel405nm Binned,561nm Binned,488nm Binned_Seq0126.nd2",561nm Binned,488nm Binned,1,whole_field_foreground,stable_channel,733834,13218962.0,10813551.0,15.08496379852295,2405411.0,773,0.001053371743471884,122.12229329710019,16.0,4.495510746394485,4.495510746394485,screening metric for punctate-to-diffuse reporter redistribution; not rupture proof
J19,J,19,PLD3_TMEM106B_mCherry_primary,site0,16,"260224_day16_WellJ19_Channel405nm Binned,561nm Binned,488nm Binned_Seq0126.nd2",561nm Binned,488nm Binned,2,whole_field_foreground,stable_channel,787818,16331119.0,13446498.0,17.475671768188477,2884621.0,811,0.0010294255779875181,140.16641166677604,17.0,4.6614435657215765,4.6614435657215765,screening metric for punctate-to-diffuse reporter redistribution; not rupture proof
J19,J,19,PLD3_TMEM106B_mCherry_primary,site0,20,"260228_day20_WellJ19_Channel405nm Binned,561nm Binned,488nm Binned_Seq0126.nd2",561nm Binned,488nm Binned,3,whole_field_foreground,stable_channel,773479,14791376.0,12345403.0,16.333982467651367,2445973.0,879,0.0011364238718812839,124.67725262951119,14.0,5.047236007917894,5.047236007917894,screening metric for punctate-to-diffuse reporter redistribution; not rupture proof
J19,J,19,PLD3_TMEM106B_mCherry_primary,site0,25,"260305_day25_iNeurons_WellJ19_Channel405nm Binned,561nm Binned,488nm Binned_Seq0126.nd2",561nm Binned,488nm Binned,4,whole_field_foreground,stable_channel,516710,8200041.0,7122468.0,14.087912559509277,1077573.0,723,0.0013992374833051435,87.6014580891505,11.0,6.609731312860837,6.609731312860837,screening metric for punctate-to-diffuse reporter redistribution; not rupture proof
J19,J,19,PLD3_TMEM106B_mCherry_primary,site0,29,"260309_Day29_WellJ19_Channel405nm Binned,561nm Binned,488nm Binned_Seq0126.nd2",561nm Binned,488nm Binned,5,whole_field_foreground,stable_channel,728444,14467014.0,12367042.0,17.352527618408203,2099972.0,1053,0.001445546946640448,121.06114337700159,11.0,5.889146140993362,5.889146140993362,screening metric for punctate-to-diffuse reporter redistribution; not rupture proof
J19,J,19,PLD3_TMEM106B_mCherry_primary,site0,32,"260312_Day32_WellJ19_Channel405nm Binned,561 nm,488nm Binned_Seq0126.nd2",561nm Binned,488nm Binned,6,whole_field_foreground,stable_channel,804413,16493590.0,14098875.0,17.91698455810547,2394715.0,1180,0.0014669081678174434,124.16908289052672,11.0,5.887496006829252,5.887496006829252,screening metric for punctate-to-diffuse reporter redistribution; not rupture proof
J19,J,19,PLD3_TMEM106B_mCherry_primary,site0,36,"260316_Day36_WellJ19_Channel405nm Binned,561nm Binned,488nm Binned_Seq0126.nd2",561nm Binned,488nm Binned,7,whole_field_foreground,stable_channel,854475,18914152.0,16224227.0,19.409130096435547,2689926.0,1187,0.001389157084758022,129.97431205357438,12.0,6.031477074088272,6.031477074088272,screening metric for punctate-to-diffuse reporter redistribution; not rupture proof
J19,J,19,PLD3_TMEM106B_mCherry_primary,site0,39,"260319_Day39_WellJ19_Channel405nm Binned,561nm Binned,488nm Binned_Seq0126.nd2",561nm Binned,488nm Binned,8,whole_field_foreground,stable_channel,851929,19909520.0,17168542.0,20.600404739379883,2740977.0,1140,0.0013381396806525683,131.57747798049658,12.0,6.2636578125222275,6.2636578125222275,screening metric for punctate-to-diffuse reporter redistribution; not rupture proof
J20,J,20,PLD3_TMEM106B_mCherry_primary,site0,8,"260216_Day8_iNeurons_WellJ20_Channel405nm Binned,561nm Binned,488nm Binned_Seq0127.nd2",561nm Binned,488nm Binned,0,whole_field_foreground,stable_channel,620132,12332246.0,9289989.0,15.349315643310547,3042257.0,636,0.0010255881005962833,184.19182981335143,20.0,3.053650299759996,3.053650299759996,screening metric for punctate-to-diffuse reporter redistribution; not rupture proof
J20,J,20,PLD3_TMEM106B_mCherry_primary,site0,12,"260220_Day12_WellJ20_Channel405nm Binned,561nm Binned,488nm Binned_Seq0127.nd2",561nm Binned,488nm Binned,1,whole_field_foreground,stable_channel,540667,9136169.0,7494137.0,14.192070007324219,1642032.0,568,0.0010505542228376236,113.08634934626835,17.0,4.563940897616756,4.563940897616756,screening metric for punctate-to-diffuse reporter redistribution; not rupture proof
J20,J,20,PLD3_TMEM106B_mCherry_primary,site0,16,"260224_day16_WellJ20_Channel405nm Binned,561nm Binned,488nm Binned_Seq0127.nd2",561nm Binned,488nm Binned,2,whole_field_foreground,stable_channel,561916,10837968.0,8878940.0,16.18221664428711,1959028.0,573,0.0010197253682026855,132.49971287912098,17.0,4.532319088851955,4.532319088851955,screening metric for punctate-to-diffuse reporter redistribution; not rupture proof
J20,J,20,PLD3_TMEM106B_mCherry_primary,site0,20,"260228_day20_WellJ20_Channel405nm Binned,561nm Binned,488nm Binned_Seq0127.nd2",561nm Binned,488nm Binned,3,whole_field_foreground,stable_channel,583120,10346072.0,8513798.0,14.947108268737793,1832274.0,626,0.0010735354643965675,120.74122859113895,15.5,4.6465746935203756,4.6465746935203756,screening metric for punctate-to-diffuse reporter redistribution; not rupture proof
J20,J,20,PLD3_TMEM106B_mCherry_primary,site0,25,"260305_day25_iNeurons_WellJ20_Channel405nm Binned,561nm Binned,488nm Binned_Seq0127.nd2",561nm Binned,488nm Binned,4,whole_field_foreground,stable_channel,378149,5674691.0,4938906.0,13.350451469421387,735785.0,545,0.0014412308375760844,79.92054209577928,11.0,6.712430941094596,6.712430941094596,screening metric for punctate-to-diffuse reporter redistribution; not rupture proof
J20,J,20,PLD3_TMEM106B_mCherry_primary,site0,29,"260309_Day29_WellJ20_Channel405nm Binned,561nm Binned,488nm Binned_Seq0127.nd2",561nm Binned,488nm Binned,5,whole_field_foreground,stable_channel,548192,9704862.0,8291631.0,15.45853042602539,1413231.0,788,0.0014374525713592365,107.94243254879405,11.0,5.867144861663898,5.867144861663898,screening metric for punctate-to-diffuse reporter redistribution; not rupture proof
J20,J,20,PLD3_TMEM106B_mCherry_primary,site0,32,"260312_Day32_WellJ20_Channel405nm Binned,561 nm,488nm Binned_Seq0127.nd2",561nm Binned,488nm Binned,6,whole_field_foreground,stable_channel,612180,11381258.0,9717155.0,16.229448318481445,1664103.0,883,0.0014423862262709622,112.01864224409059,12.0,5.839274972759595,5.839274972759595,screening metric for punctate-to-diffuse reporter redistribution; not rupture proof
J20,J,20,PLD3_TMEM106B_mCherry_primary,site0,36,"260316_Day36_WellJ20_Channel405nm Binned,561nm Binned,488nm Binned_Seq0127.nd2",561nm Binned,488nm Binned,7,whole_field_foreground,stable_channel,647954,13235801.0,11359094.0,17.92144203186035,1876707.0,847,0.0013071915598926664,118.26530637144339,13.0,6.052673113061307,6.052673113061307,screening metric for punctate-to-diffuse reporter redistribution; not rupture proof
J20,J,20,PLD3_TMEM106B_mCherry_primary,site0,39,"260319_Day39_WellJ20_Channel405nm Binned,561nm Binned,488nm Binned_Seq0127.nd2",561nm Binned,488nm Binned,8,whole_field_foreground,stable_channel,689807,14880930.0,12809508.0,18.990215301513672,2071422.0,903,0.0013090618100406214,119.24242584465085,12.0,6.183920031743322,6.183920031743322,screening metric for punctate-to-diffuse reporter redistribution; not rupture proof
M05,M,05,PLD3_mCherry_reporter_control,site0,8,"260216_Day8_iNeurons_WellM05_Channel405nm Binned,561nm Binned,488nm Binned_Seq0160.nd2",561nm Binned,488nm Binned,0,whole_field_foreground,stable_channel,787620,18319620.0,13097069.0,17.033536911010742,5222552.0,867,0.0011007846423388172,255.80147060583482,18.0,2.5077910186432786,2.5077910186432786,screening metric for punctate-to-diffuse reporter redistribution; not rupture proof
M05,M,05,PLD3_mCherry_reporter_control,site0,12,"260220_Day12_WellM05_Channel405nm Binned,561nm Binned,488nm Binned_Seq0160.nd2",561nm Binned,488nm Binned,1,whole_field_foreground,stable_channel,698479,17672980.0,13414372.0,19.66391944885254,4258608.0,724,0.0010365379632014183,228.56352997879955,17.0,3.1499428921367847,3.1499428921367847,screening metric for punctate-to-diffuse reporter redistribution; not rupture proof
M05,M,05,PLD3_mCherry_reporter_control,site0,16,"260224_day16_WellM05_Channel405nm Binned,561nm Binned,488nm Binned_Seq0160.nd2",561nm Binned,488nm Binned,2,whole_field_foreground,stable_channel,696395,25217218.0,19078524.0,28.050630569458008,6138693.0,757,0.0010870267592370895,342.1976840423624,16.0,3.107913036210948,3.107913036210948,screening metric for punctate-to-diffuse reporter redistribution; not rupture proof
M05,M,05,PLD3_mCherry_reporter_control,site0,20,"260228_day20_WellM05_Channel405nm Binned,561nm Binned,488nm Binned_Seq0160.nd2",561nm Binned,488nm Binned,3,whole_field_foreground,stable_channel,717109,26514360.0,20563100.0,29.348312377929688,5951261.0,928,0.0012940849996286561,333.8819187591816,13.0,3.4552509123690833,3.4552509123690833,screening metric for punctate-to-diffuse reporter redistribution; not rupture proof
M05,M,05,PLD3_mCherry_reporter_control,site0,25,"260305_day25_iNeurons_WellM05_Channel405nm Binned,561nm Binned,488nm Binned_Seq0160.nd2",561nm Binned,488nm Binned,4,whole_field_foreground,stable_channel,495142,14838940.0,11974977.0,24.723196029663086,2863963.0,769,0.0015530898206947642,242.2457285708662,11.0,4.1812610707595805,4.1812610707595805,screening metric for punctate-to-diffuse reporter redistribution; not rupture proof
M05,M,05,PLD3_mCherry_reporter_control,site0,29,"260309_Day29_WellM05_Channel405nm Binned,561nm Binned,488nm Binned_Seq0160.nd2",561nm Binned,488nm Binned,5,whole_field_foreground,stable_channel,689108,27632758.0,21951880.0,32.567378997802734,5680877.0,1010,0.001465662856908546,341.37648860818086,12.0,3.8641709721925217,3.8641709721925217,screening metric for punctate-to-diffuse reporter redistribution; not rupture proof
M05,M,05,PLD3_mCherry_reporter_control,site0,32,"260312_Day32_WellM05_Channel405nm Binned,561 nm,488nm Binned_Seq0160.nd2",561nm Binned,488nm Binned,6,whole_field_foreground,stable_channel,727178,31354742.0,24592720.0,34.58522033691406,6762022.0,1048,0.0014411877146978578,376.41126766641634,12.0,3.6368884928201006,3.6368884928201006,screening metric for punctate-to-diffuse reporter redistribution; not rupture proof
M05,M,05,PLD3_mCherry_reporter_control,site0,36,"260316_Day36_WellM05_Channel405nm Binned,561nm Binned,488nm Binned_Seq0160.nd2",561nm Binned,488nm Binned,7,whole_field_foreground,stable_channel,797727,36463100.0,28839054.0,36.97518539428711,7624046.0,1169,0.0014654136064073731,386.0728885073046,12.0,3.7826442810020056,3.7826442810020056,screening metric for punctate-to-diffuse reporter redistribution; not rupture proof
M05,M,05,PLD3_mCherry_reporter_control,site0,39,"260319_Day39_WellM05_Channel405nm Binned,561nm Binned,488nm Binned_Seq0160.nd2",561nm Binned,488nm Binned,8,whole_field_foreground,stable_channel,802635,37865464.0,30596764.0,38.9926643371582,7268701.0,1066,0.0013281254866765989,362.54584835260044,13.0,4.209385418384357,4.209385418384357,screening metric for punctate-to-diffuse reporter redistribution; not rupture proof
M07,M,07,PLD3_mCherry_reporter_control,site0,8,"260216_Day8_iNeurons_WellM07_Channel405nm Binned,561nm Binned,488nm Binned_Seq0162.nd2",561nm Binned,488nm Binned,0,whole_field_foreground,stable_channel,749143,18129798.0,12926206.0,17.67461585998535,5203592.0,850,0.0011346298370255952,266.4112302892348,17.0,2.4840929112039367,2.4840929112039367,screening metric for punctate-to-diffuse reporter redistribution; not rupture proof
M07,M,07,PLD3_mCherry_reporter_control,site0,12,"260220_Day12_WellM07_Channel405nm Binned,561nm Binned,488nm Binned_Seq0162.nd2",561nm Binned,488nm Binned,1,whole_field_foreground,stable_channel,671549,17641056.0,13376558.0,20.39358139038086,4264499.0,720,0.0010721481232180048,241.47627997928197,17.0,3.1367243842704298,3.1367243842704298,screening metric for punctate-to-diffuse reporter redistribution; not rupture proof
M07,M,07,PLD3_mCherry_reporter_control,site0,16,"260224_day16_WellM07_Channel405nm Binned,561nm Binned,488nm Binned_Seq0162.nd2",561nm Binned,488nm Binned,2,whole_field_foreground,stable_channel,722411,26522538.0,20053694.0,28.41927719116211,6468844.0,783,0.0010838705390683644,355.68976892152205,16.0,3.100042913385591,3.100042913385591,screening metric for punctate-to-diffuse reporter redistribution; not rupture proof
M07,M,07,PLD3_mCherry_reporter_control,site0,20,"260228_day20_WellM07_Channel405nm Binned,561nm Binned,488nm Binned_Seq0162.nd2",561nm Binned,488nm Binned,3,whole_field_foreground,stable_channel,721630,28211812.0,21956340.0,31.1303653717041,6255471.0,904,0.0012527195377114967,350.9544519913935,14.0,3.509941937225269,3.509941937225269,screening metric for punctate-to-diffuse reporter redistribution; not rupture proof
M07,M,07,PLD3_mCherry_reporter_control,site0,25,"260305_day25_iNeurons_WellM07_Channel405nm Binned,561nm Binned,488nm Binned_Seq0162.nd2",561nm Binned,488nm Binned,4,whole_field_foreground,stable_channel,510407,15690311.0,12796895.0,25.622385025024414,2893416.0,807,0.001581091168417398,242.5246788317977,11.0,4.422763612282361,4.422763612282361,screening metric for punctate-to-diffuse reporter redistribution; not rupture proof
M07,M,07,PLD3_mCherry_reporter_control,site0,29,"260309_Day29_WellM07_Channel405nm Binned,561nm Binned,488nm Binned_Seq0162.nd2",561nm Binned,488nm Binned,5,whole_field_foreground,stable_channel,677078,29060908.0,23235736.0,35.08424758911133,5825173.0,1040,0.0015360120990468807,359.09805055765,12.0,3.9888490865414656,3.9888490865414656,screening metric for punctate-to-diffuse reporter redistribution; not rupture proof
M07,M,07,PLD3_mCherry_reporter_control,site0,32,"260312_Day32_WellM07_Channel405nm Binned,561 nm,488nm Binned_Seq0162.nd2",561nm Binned,488nm Binned,6,whole_field_foreground,stable_channel,742156,33934532.0,26810178.0,36.93772888183594,7124355.0,1061,0.001429618570756782,396.36903284991496,12.0,3.7631726661566187,3.7631726661566187,screening metric for punctate-to-diffuse reporter redistribution; not rupture proof
M07,M,07,PLD3_mCherry_reporter_control,site0,36,"260316_Day36_WellM07_Channel405nm Binned,561nm Binned,488nm Binned_Seq0162.nd2",561nm Binned,488nm Binned,7,whole_field_foreground,stable_channel,832753,39402600.0,30876778.0,37.928524017333984,8525823.0,1182,0.0014193884621233194,410.2878033400792,12.0,3.6215598189167637,3.6215598189167637,screening metric for punctate-to-diffuse reporter redistribution; not rupture proof
M07,M,07,PLD3_mCherry_reporter_control,site0,39,"260319_Day39_WellM07_Channel405nm Binned,561nm Binned,488nm Binned_Seq0162.nd2",561nm Binned,488nm Binned,8,whole_field_foreground,stable_channel,853953,43061736.0,34291100.0,41.0851936340332,8770638.0,1169,0.0013689277981324864,410.14141743890843,13.0,3.9097611827094094,3.9097611827094094,screening metric for punctate-to-diffuse reporter redistribution; not rupture proof
M06,M,06,PLD3_mCherry_reporter_control,site0,8,"260216_Day8_iNeurons_WellM06_Channel405nm Binned,561nm Binned,488nm Binned_Seq0161.nd2",561nm Binned,488nm Binned,0,whole_field_foreground,stable_channel,760922,18943626.0,13532397.0,18.217206954956055,5411229.0,865,0.0011367788025564555,275.8848043099993,17.0,2.500799171500134,2.500799171500134,screening metric for punctate-to-diffuse reporter redistribution; not rupture proof
M06,M,06,PLD3_mCherry_reporter_control,site0,12,"260220_Day12_WellM06_Channel405nm Binned,561nm Binned,488nm Binned_Seq0161.nd2",561nm Binned,488nm Binned,1,whole_field_foreground,stable_channel,749310,20640756.0,15540242.0,21.23941421508789,5100514.0,797,0.0010636452202678949,255.88424222173177,17.0,3.046799204942277,3.046799204942277,screening metric for punctate-to-diffuse reporter redistribution; not rupture proof
M06,M,06,PLD3_mCherry_reporter_control,site0,16,"260224_day16_WellM06_Channel405nm Binned,561nm Binned,488nm Binned_Seq0161.nd2",561nm Binned,488nm Binned,2,whole_field_foreground,stable_channel,769486,27991050.0,21127280.0,28.11048698425293,6863771.0,855,0.0011111313266243816,349.4533973381533,15.0,3.0780863755502508,3.0780863755502508,screening metric for punctate-to-diffuse reporter redistribution; not rupture proof
M06,M,06,PLD3_mCherry_reporter_control,site0,20,"260228_day20_WellM06_Channel405nm Binned,561nm Binned,488nm Binned_Seq0161.nd2",561nm Binned,488nm Binned,3,whole_field_foreground,stable_channel,789254,30411198.0,23465112.0,30.430343627929688,6946087.0,987,0.0012505479858179363,354.89803856073786,14.0,3.378177094527699,3.378177094527699,screening metric for punctate-to-diffuse reporter redistribution; not rupture proof
M06,M,06,PLD3_mCherry_reporter_control,site0,25,"260305_day25_iNeurons_WellM06_Channel405nm Binned,561nm Binned,488nm Binned_Seq0161.nd2",561nm Binned,488nm Binned,4,whole_field_foreground,stable_channel,520458,16427093.0,13417636.0,26.34488868713379,3009457.0,818,0.0015716926245699524,248.9324558882958,11.0,4.458490684530646,4.458490684530646,screening metric for punctate-to-diffuse reporter redistribution; not rupture proof
M06,M,06,PLD3_mCherry_reporter_control,site0,29,"260309_Day29_WellM06_Channel405nm Binned,561nm Binned,488nm Binned_Seq0161.nd2",561nm Binned,488nm Binned,5,whole_field_foreground,stable_channel,726205,30848360.0,24804620.0,34.922950744628906,6043739.0,1147,0.0015794438209574715,348.4859157252956,11.0,4.104184512268961,4.104184512268961,screening metric for punctate-to-diffuse reporter redistribution; not rupture proof
M06,M,06,PLD3_mCherry_reporter_control,site0,32,"260312_Day32_WellM06_Channel405nm Binned,561 nm,488nm Binned_Seq0161.nd2",561nm Binned,488nm Binned,6,whole_field_foreground,stable_channel,814120,36550416.0,29032710.0,36.47004699707031,7517705.0,1232,0.0015132904240142567,377.1029975569093,12.0,3.861911314689275,3.861911314689275,screening metric for punctate-to-diffuse reporter redistribution; not rupture proof
M06,M,06,PLD3_mCherry_reporter_control,site0,36,"260316_Day36_WellM06_Channel405nm Binned,561nm Binned,488nm Binned_Seq0161.nd2",561nm Binned,488nm Binned,7,whole_field_foreground,stable_channel,874993,42024864.0,33254644.0,38.87467956542969,8770222.0,1254,0.0014331543223757982,405.776008861487,12.0,3.7917676428254845,3.7917676428254845,screening metric for punctate-to-diffuse reporter redistribution; not rupture proof
M06,M,06,PLD3_mCherry_reporter_control,site0,39,"260319_Day39_WellM06_Channel405nm Binned,561nm Binned,488nm Binned_Seq0161.nd2",561nm Binned,488nm Binned,8,whole_field_foreground,stable_channel,860716,45047952.0,36167992.0,42.99172592163086,8879959.0,1217,0.0014139390925677995,409.1714518287678,13.0,4.072990877547512,4.072990877547512,screening metric for punctate-to-diffuse reporter redistribution; not rupture proof
M08,M,08,PLD3_mCherry_reporter_control,site0,8,"260216_Day8_iNeurons_WellM08_Channel405nm Binned,561nm Binned,488nm Binned_Seq0163.nd2",561nm Binned,488nm Binned,0,whole_field_foreground,stable_channel,773706,18481816.0,13085412.0,17.324901580810547,5396405.0,847,0.0010947310735588264,270.9654444634844,19.0,2.424838758395186,2.424838758395186,screening metric for punctate-to-diffuse reporter redistribution; not rupture proof
M08,M,08,PLD3_mCherry_reporter_control,site0,12,"260220_Day12_WellM08_Channel405nm Binned,561nm Binned,488nm Binned_Seq0163.nd2",561nm Binned,488nm Binned,1,whole_field_foreground,stable_channel,682564,17282180.0,13130406.0,19.697046279907227,4151775.0,751,0.0011002631255074978,232.23160864859224,16.0,3.162600574452334,3.162600574452334,screening metric for punctate-to-diffuse reporter redistribution; not rupture proof
M08,M,08,PLD3_mCherry_reporter_control,site0,16,"260224_day16_WellM08_Channel405nm Binned,561nm Binned,488nm Binned_Seq0163.nd2",561nm Binned,488nm Binned,2,whole_field_foreground,stable_channel,719048,26653976.0,20030296.0,28.52538299560547,6623682.0,800,0.0011125821920078874,358.5089072608948,16.0,3.0240425189489737,3.0240425189489737,screening metric for punctate-to-diffuse reporter redistribution; not rupture proof
M08,M,08,PLD3_mCherry_reporter_control,site0,20,"260228_day20_WellM08_Channel405nm Binned,561nm Binned,488nm Binned_Seq0163.nd2",561nm Binned,488nm Binned,3,whole_field_foreground,stable_channel,713156,27848476.0,21421480.0,30.732595443725586,6426996.0,929,0.0013026602875089003,369.1745406890968,13.0,3.3330470409498725,3.3330470409498725,screening metric for punctate-to-diffuse reporter redistribution; not rupture proof
M08,M,08,PLD3_mCherry_reporter_control,site0,25,"260305_day25_iNeurons_WellM08_Channel405nm Binned,561nm Binned,488nm Binned_Seq0163.nd2",561nm Binned,488nm Binned,4,whole_field_foreground,stable_channel,507480,14286563.0,11589362.0,23.33182716369629,2697201.0,783,0.00154291794750228,230.03752950812057,11.0,4.296810656675459,4.296810656675459,screening metric for punctate-to-diffuse reporter redistribution; not rupture proof
M08,M,08,PLD3_mCherry_reporter_control,site0,29,"260309_Day29_WellM08_Channel405nm Binned,561nm Binned,488nm Binned_Seq0163.nd2",561nm Binned,488nm Binned,5,whole_field_foreground,stable_channel,663493,28810944.0,22889946.0,35.266029357910156,5920997.0,1019,0.001535811229355041,378.8856070146944,12.0,3.8658938688866304,3.8658938688866304,screening metric for punctate-to-diffuse reporter redistribution; not rupture proof
M08,M,08,PLD3_mCherry_reporter_control,site0,32,"260312_Day32_WellM08_Channel405nm Binned,561 nm,488nm Binned_Seq0163.nd2",561nm Binned,488nm Binned,6,whole_field_foreground,stable_channel,705379,33107884.0,25848490.0,37.472713470458984,7259393.0,1036,0.0014687139821266742,417.59901485664045,12.0,3.5606957771808796,3.5606957771808796,screening metric for punctate-to-diffuse reporter redistribution; not rupture proof
M08,M,08,PLD3_mCherry_reporter_control,site0,36,"260316_Day36_WellM08_Channel405nm Binned,561nm Binned,488nm Binned_Seq0163.nd2",561nm Binned,488nm Binned,7,whole_field_foreground,stable_channel,791884,39942052.0,31197970.0,40.2958984375,8744084.0,1129,0.0014257138671807668,447.7787150542645,13.0,3.567894590216246,3.567894590216246,screening metric for punctate-to-diffuse reporter redistribution; not rupture proof
M08,M,08,PLD3_mCherry_reporter_control,site0,39,"260319_Day39_WellM08_Channel405nm Binned,561nm Binned,488nm Binned_Seq0163.nd2",561nm Binned,488nm Binned,8,whole_field_foreground,stable_channel,789859,40746352.0,32321272.0,41.861671447753906,8425079.0,1068,0.0013521400655036504,424.6619712315249,13.0,3.836316787058752,3.836316787058752,screening metric for punctate-to-diffuse reporter redistribution; not rupture proof
M09,M,09,PLD3_mCherry_reporter_control,site0,8,"260216_Day8_iNeurons_WellM09_Channel405nm Binned,561nm Binned,488nm Binned_Seq0164.nd2",561nm Binned,488nm Binned,0,whole_field_foreground,stable_channel,711674,16818184.0,11925072.0,17.16331672668457,4893112.0,806,0.001132541022994893,264.04207408516936,16.0,2.4371140492998244,2.4371140492998244,screening metric for punctate-to-diffuse reporter redistribution; not rupture proof
M09,M,09,PLD3_mCherry_reporter_control,site0,12,"260220_Day12_WellM09_Channel405nm Binned,561nm Binned,488nm Binned_Seq0164.nd2",561nm Binned,488nm Binned,1,whole_field_foreground,stable_channel,674424,17574376.0,13197419.0,20.037500381469727,4376958.0,709,0.0010512674519277912,243.10313976164093,17.0,3.0152034815040456,3.0152034815040456,screening metric for punctate-to-diffuse reporter redistribution; not rupture proof
M09,M,09,PLD3_mCherry_reporter_control,site0,16,"260224_day16_WellM09_Channel405nm Binned,561nm Binned,488nm Binned_Seq0164.nd2",561nm Binned,488nm Binned,2,whole_field_foreground,stable_channel,677623,24983482.0,18593762.0,28.095487594604492,6389720.0,732,0.001080246685839943,364.94997616543793,16.0,2.909949418753418,2.909949418753418,screening metric for punctate-to-diffuse reporter redistribution; not rupture proof
M09,M,09,PLD3_mCherry_reporter_control,site0,20,"260228_day20_WellM09_Channel405nm Binned,561nm Binned,488nm Binned_Seq0164.nd2",561nm Binned,488nm Binned,3,whole_field_foreground,stable_channel,700271,26967246.0,20651232.0,30.17694854736328,6316013.0,881,0.0012580843701920283,366.98997876863336,14.0,3.269662681187757,3.269662681187757,screening metric for punctate-to-diffuse reporter redistribution; not rupture proof
M09,M,09,PLD3_mCherry_reporter_control,site0,25,"260305_day25_iNeurons_WellM09_Channel405nm Binned,561nm Binned,488nm Binned_Seq0164.nd2",561nm Binned,488nm Binned,4,whole_field_foreground,stable_channel,457329,14185493.0,11386479.0,25.448171615600586,2799014.0,720,0.0015743589407153835,260.5991493860881,11.0,4.0680321713274505,4.0680321713274505,screening metric for punctate-to-diffuse reporter redistribution; not rupture proof
M09,M,09,PLD3_mCherry_reporter_control,site0,29,"260309_Day29_WellM09_Channel405nm Binned,561nm Binned,488nm Binned_Seq0164.nd2",561nm Binned,488nm Binned,5,whole_field_foreground,stable_channel,660356,27184600.0,21603580.0,33.441349029541016,5581021.0,1007,0.0015249350350393955,357.352648768193,12.0,3.870901041224559,3.870901041224559,screening metric for punctate-to-diffuse reporter redistribution; not rupture proof
M09,M,09,PLD3_mCherry_reporter_control,site0,32,"260312_Day32_WellM09_Channel405nm Binned,561 nm,488nm Binned_Seq0164.nd2",561nm Binned,488nm Binned,6,whole_field_foreground,stable_channel,719512,31158220.0,24310326.0,34.55031204223633,6847893.0,1058,0.00147044107672774,391.4344672796181,12.0,3.55004466337258,3.55004466337258,screening metric for punctate-to-diffuse reporter redistribution; not rupture proof
M09,M,09,PLD3_mCherry_reporter_control,site0,36,"260316_Day36_WellM09_Channel405nm Binned,561nm Binned,488nm Binned_Seq0164.nd2",561nm Binned,488nm Binned,7,whole_field_foreground,stable_channel,783396,37451772.0,29179736.0,38.10354995727539,8272038.0,1108,0.0014143549367096407,423.4668702631651,12.0,3.527514743041131,3.527514743041131,screening metric for punctate-to-diffuse reporter redistribution; not rupture proof
M09,M,09,PLD3_mCherry_reporter_control,site0,39,"260319_Day39_WellM09_Channel405nm Binned,561nm Binned,488nm Binned_Seq0164.nd2",561nm Binned,488nm Binned,8,whole_field_foreground,stable_channel,756602,37297420.0,29336388.0,39.673362731933594,7961034.0,1013,0.0013388809440084233,414.81229536954646,13.0,3.684997200111985,3.684997200111985,screening metric for punctate-to-diffuse reporter redistribution; not rupture proof
M10,M,10,PLD3_mCherry_reporter_control,site0,8,"260216_Day8_iNeurons_WellM10_Channel405nm Binned,561nm Binned,488nm Binned_Seq0165.nd2",561nm Binned,488nm Binned,0,whole_field_foreground,stable_channel,752060,18377878.0,12958584.0,17.648902893066406,5419294.0,827,0.0010996463048146428,280.2147409976466,18.0,2.39119412971461,2.39119412971461,screening metric for punctate-to-diffuse reporter redistribution; not rupture proof
M10,M,10,PLD3_mCherry_reporter_control,site0,12,"260220_Day12_WellM10_Channel405nm Binned,561nm Binned,488nm Binned_Seq0165.nd2",561nm Binned,488nm Binned,1,whole_field_foreground,stable_channel,679453,19458932.0,14757264.0,22.239599227905273,4701668.0,770,0.0011332645525133698,265.64436631636187,16.0,3.13872948919338,3.13872948919338,screening metric for punctate-to-diffuse reporter redistribution; not rupture proof
M10,M,10,PLD3_mCherry_reporter_control,site0,16,"260224_day16_WellM10_Channel405nm Binned,561nm Binned,488nm Binned_Seq0165.nd2",561nm Binned,488nm Binned,2,whole_field_foreground,stable_channel,724691,29139892.0,21858564.0,30.886415481567383,7281328.0,821,0.0011328966414635576,390.0360811259076,15.0,3.0020023819826545,3.0020023819826545,screening metric for punctate-to-diffuse reporter redistribution; not rupture proof
M10,M,10,PLD3_mCherry_reporter_control,site0,20,"260228_day20_WellM10_Channel405nm Binned,561nm Binned,488nm Binned_Seq0165.nd2",561nm Binned,488nm Binned,3,whole_field_foreground,stable_channel,745077,30564880.0,23427606.0,32.181705474853516,7137275.0,973,0.0013059052956925178,390.3125351438297,13.0,3.2824300590907196,3.2824300590907196,screening metric for punctate-to-diffuse reporter redistribution; not rupture proof
M10,M,10,PLD3_mCherry_reporter_control,site0,25,"260305_day25_iNeurons_WellM10_Channel405nm Binned,561nm Binned,488nm Binned_Seq0165.nd2",561nm Binned,488nm Binned,4,whole_field_foreground,stable_channel,502888,15957578.0,12872510.0,26.16012954711914,3085068.0,772,0.0015351330713766582,259.7690485820869,11.0,4.1725206705316795,4.1725206705316795,screening metric for punctate-to-diffuse reporter redistribution; not rupture proof
M10,M,10,PLD3_mCherry_reporter_control,site0,29,"260309_Day29_WellM10_Channel405nm Binned,561nm Binned,488nm Binned_Seq0165.nd2",561nm Binned,488nm Binned,5,whole_field_foreground,stable_channel,707640,31080528.0,24805890.0,35.82916259765625,6274639.0,1100,0.001554462721155454,379.236708873402,11.0,3.953357316651372,3.953357316651372,screening metric for punctate-to-diffuse reporter redistribution; not rupture proof
M10,M,10,PLD3_mCherry_reporter_control,site0,32,"260312_Day32_WellM10_Channel405nm Binned,561 nm,488nm Binned_Seq0165.nd2",561nm Binned,488nm Binned,6,whole_field_foreground,stable_channel,747155,35163332.0,27740512.0,37.967674255371094,7422819.0,1104,0.001477605048481938,408.07561530237615,12.0,3.737193645702025,3.737193645702025,screening metric for punctate-to-diffuse reporter redistribution; not rupture proof
M10,M,10,PLD3_mCherry_reporter_control,site0,36,"260316_Day36_WellM10_Channel405nm Binned,561nm Binned,488nm Binned_Seq0165.nd2",561nm Binned,488nm Binned,7,whole_field_foreground,stable_channel,808603,40998504.0,32386826.0,40.95627212524414,8611680.0,1171,0.0014481766701317604,437.3881847665007,12.0,3.7608023057053024,3.7608023057053024,screening metric for punctate-to-diffuse reporter redistribution; not rupture proof
M10,M,10,PLD3_mCherry_reporter_control,site0,39,"260319_Day39_WellM10_Channel405nm Binned,561nm Binned,488nm Binned_Seq0165.nd2",561nm Binned,488nm Binned,8,whole_field_foreground,stable_channel,826063,43999496.0,34765664.0,43.05281448364258,9233827.0,1181,0.0014296730394637823,445.92704514544664,12.0,3.7650330680871793,3.7650330680871793,screening metric for punctate-to-diffuse reporter redistribution; not rupture proof
M11,M,11,PLD3_mCherry_reporter_control,site0,8,"260216_Day8_iNeurons_WellM11_Channel405nm Binned,561nm Binned,488nm Binned_Seq0166.nd2",561nm Binned,488nm Binned,0,whole_field_foreground,stable_channel,801087,19187712.0,13561449.0,17.341672897338867,5626262.0,910,0.0011359565190782823,269.90077218695,17.0,2.4103834837406413,2.4103834837406413,screening metric for punctate-to-diffuse reporter redistribution; not rupture proof
M11,M,11,PLD3_mCherry_reporter_control,site0,12,"260220_Day12_WellM11_Channel405nm Binned,561nm Binned,488nm Binned_Seq0166.nd2",561nm Binned,488nm Binned,1,whole_field_foreground,stable_channel,727094,20034624.0,15060121.0,21.210840225219727,4974502.0,800,0.0011002703914471852,255.78372100830077,15.0,3.027463050572092,3.027463050572092,screening metric for punctate-to-diffuse reporter redistribution; not rupture proof
M11,M,11,PLD3_mCherry_reporter_control,site0,16,"260224_day16_WellM11_Channel405nm Binned,561nm Binned,488nm Binned_Seq0166.nd2",561nm Binned,488nm Binned,2,whole_field_foreground,stable_channel,758450,30190240.0,22780272.0,30.755142211914062,7409967.0,835,0.0011009295273240148,381.807942318488,16.0,3.0742744198451795,3.0742744198451795,screening metric for punctate-to-diffuse reporter redistribution; not rupture proof
M11,M,11,PLD3_mCherry_reporter_control,site0,20,"260228_day20_WellM11_Channel405nm Binned,561nm Binned,488nm Binned_Seq0166.nd2",561nm Binned,488nm Binned,3,whole_field_foreground,stable_channel,757905,30557264.0,23588948.0,31.850013732910156,6968316.0,961,0.0012679689406966995,369.86948535295977,13.0,3.385171969812594,3.385171969812594,screening metric for punctate-to-diffuse reporter redistribution; not rupture proof
M11,M,11,PLD3_mCherry_reporter_control,site0,25,"260305_day25_iNeurons_WellM11_Channel405nm Binned,561nm Binned,488nm Binned_Seq0166.nd2",561nm Binned,488nm Binned,4,whole_field_foreground,stable_channel,529097,16870022.0,13669802.0,26.403953552246094,3200220.0,837,0.0015819405515404888,257.59523473304375,11.0,4.271519458035925,4.271519458035925,screening metric for punctate-to-diffuse reporter redistribution; not rupture proof
M11,M,11,PLD3_mCherry_reporter_control,site0,29,"260309_Day29_WellM11_Channel405nm Binned,561nm Binned,488nm Binned_Seq0166.nd2",561nm Binned,488nm Binned,5,whole_field_foreground,stable_channel,750154,33475144.0,26527834.0,36.154563903808594,6947310.0,1173,0.0015636789245920654,387.78599043616043,12.0,3.8184324580299687,3.8184324580299687,screening metric for punctate-to-diffuse reporter redistribution; not rupture proof
M11,M,11,PLD3_mCherry_reporter_control,site0,32,"260312_Day32_WellM11_Channel405nm Binned,561 nm,488nm Binned_Seq0166.nd2",561nm Binned,488nm Binned,6,whole_field_foreground,stable_channel,796564,37010856.0,29142158.0,37.41325759887695,7868699.0,1163,0.0014600207892881676,405.54058442972695,13.0,3.703554806200656,3.703554806200656,screening metric for punctate-to-diffuse reporter redistribution; not rupture proof
M11,M,11,PLD3_mCherry_reporter_control,site0,36,"260316_Day36_WellM11_Channel405nm Binned,561nm Binned,488nm Binned_Seq0166.nd2",561nm Binned,488nm Binned,7,whole_field_foreground,stable_channel,852363,41615584.0,32700644.0,39.24177551269531,8914942.0,1225,0.001437181107108782,423.23791090361925,12.0,3.6680714243565835,3.6680714243565835,screening metric for punctate-to-diffuse reporter redistribution; not rupture proof
M11,M,11,PLD3_mCherry_reporter_control,site0,39,"260319_Day39_WellM11_Channel405nm Binned,561nm Binned,488nm Binned_Seq0166.nd2",561nm Binned,488nm Binned,8,whole_field_foreground,stable_channel,852259,41404540.0,32763948.0,39.33492660522461,8640593.0,1162,0.0013634352937295312,400.35700315124194,13.0,3.791863359377789,3.791863359377789,screening metric for punctate-to-diffuse reporter redistribution; not rupture proof
M12,M,12,PLD3_mCherry_reporter_control,site0,8,"260216_Day8_iNeurons_WellM12_Channel405nm Binned,561nm Binned,488nm Binned_Seq0167.nd2",561nm Binned,488nm Binned,0,whole_field_foreground,stable_channel,756580,18717088.0,13295578.0,18.00119972229004,5421510.0,812,0.0010732506806932867,277.56088903267397,19.5,2.4523754452168394,2.4523754452168394,screening metric for punctate-to-diffuse reporter redistribution; not rupture proof
M12,M,12,PLD3_mCherry_reporter_control,site0,12,"260220_Day12_WellM12_Channel405nm Binned,561nm Binned,488nm Binned_Seq0167.nd2",561nm Binned,488nm Binned,1,whole_field_foreground,stable_channel,716546,19776984.0,14828884.0,21.193899154663086,4948099.0,744,0.0010383143580439522,260.90343458934495,18.0,2.9968850663652855,2.9968850663652855,screening metric for punctate-to-diffuse reporter redistribution; not rupture proof
M12,M,12,PLD3_mCherry_reporter_control,site0,16,"260224_day16_WellM12_Channel405nm Binned,561nm Binned,488nm Binned_Seq0167.nd2",561nm Binned,488nm Binned,2,whole_field_foreground,stable_channel,749216,29258764.0,21848380.0,29.859750747680664,7410384.0,803,0.001071787041385833,385.1336046648797,16.0,2.9483465364274037,2.9483465364274037,screening metric for punctate-to-diffuse reporter redistribution; not rupture proof
M12,M,12,PLD3_mCherry_reporter_control,site0,20,"260228_day20_WellM12_Channel405nm Binned,561nm Binned,488nm Binned_Seq0167.nd2",561nm Binned,488nm Binned,3,whole_field_foreground,stable_channel,766179,31278404.0,24309084.0,32.46622085571289,6969321.0,1000,0.0013051780328078618,366.8519208831787,13.0,3.488013251218664,3.488013251218664,screening metric for punctate-to-diffuse reporter redistribution; not rupture proof
M12,M,12,PLD3_mCherry_reporter_control,site0,25,"260305_day25_iNeurons_WellM12_Channel405nm Binned,561nm Binned,488nm Binned_Seq0167.nd2",561nm Binned,488nm Binned,4,whole_field_foreground,stable_channel,512257,16465015.0,13342928.0,26.623184204101562,3122087.0,822,0.0016046632842467655,261.29823646638226,11.0,4.273720751534383,4.273720751534383,screening metric for punctate-to-diffuse reporter redistribution; not rupture proof
M12,M,12,PLD3_mCherry_reporter_control,site0,29,"260309_Day29_WellM12_Channel405nm Binned,561nm Binned,488nm Binned_Seq0167.nd2",561nm Binned,488nm Binned,5,whole_field_foreground,stable_channel,702815,32337502.0,25676500.0,37.354591369628906,6661003.0,1077,0.0015324089554128292,398.18390826240335,12.0,3.854749802694301,3.854749802694301,screening metric for punctate-to-diffuse reporter redistribution; not rupture proof
M12,M,12,PLD3_mCherry_reporter_control,site0,32,"260312_Day32_WellM12_Channel405nm Binned,561 nm,488nm Binned_Seq0167.nd2",561nm Binned,488nm Binned,6,whole_field_foreground,stable_channel,752744,35819744.0,28188860.0,38.3079948425293,7630884.0,1145,0.0015211014634437191,410.12048083975844,12.0,3.694049077406537,3.694049077406537,screening metric for punctate-to-diffuse reporter redistribution; not rupture proof
M12,M,12,PLD3_mCherry_reporter_control,site0,36,"260316_Day36_WellM12_Channel405nm Binned,561nm Binned,488nm Binned_Seq0167.nd2",561nm Binned,488nm Binned,7,whole_field_foreground,stable_channel,833994,42497560.0,33333432.0,40.881656646728516,9164127.0,1205,0.001444854519335337,447.11848683970595,12.0,3.6373821532587187,3.6373821532587187,screening metric for punctate-to-diffuse reporter redistribution; not rupture proof
M12,M,12,PLD3_mCherry_reporter_control,site0,39,"260319_Day39_WellM12_Channel405nm Binned,561nm Binned,488nm Binned_Seq0167.nd2",561nm Binned,488nm Binned,8,whole_field_foreground,stable_channel,827831,42613440.0,33867028.0,41.84994888305664,8746410.0,1138,0.0013746767154148918,426.17084634576406,13.0,3.8721061555536647,3.8721061555536647,screening metric for punctate-to-diffuse reporter redistribution; not rupture proof
M13,M,13,PLD3_mCherry_reporter_control,site0,8,"260216_Day8_iNeurons_WellM13_Channel405nm Binned,561nm Binned,488nm Binned_Seq0168.nd2",561nm Binned,488nm Binned,0,whole_field_foreground,stable_channel,707283,16862628.0,11959448.0,17.31960678100586,4903179.0,740,0.001046257297289704,265.66346074697134,19.5,2.4391212313475727,2.4391212313475727,screening metric for punctate-to-diffuse reporter redistribution; not rupture proof
M13,M,13,PLD3_mCherry_reporter_control,site0,12,"260220_Day12_WellM13_Channel405nm Binned,561nm Binned,488nm Binned_Seq0168.nd2",561nm Binned,488nm Binned,1,whole_field_foreground,stable_channel,656705,16819596.0,12514783.0,19.51677894592285,4304813.0,684,0.0010415635635467348,244.05895285578498,17.0,2.9071606594751254,2.9071606594751254,screening metric for punctate-to-diffuse reporter redistribution; not rupture proof
M13,M,13,PLD3_mCherry_reporter_control,site0,16,"260224_day16_WellM13_Channel405nm Binned,561nm Binned,488nm Binned_Seq0168.nd2",561nm Binned,488nm Binned,2,whole_field_foreground,stable_channel,698751,24048218.0,17806082.0,26.096494674682617,6242136.0,745,0.0010661880984770451,342.3025583971267,16.0,2.852562328023155,2.852562328023155,screening metric for punctate-to-diffuse reporter redistribution; not rupture proof
M13,M,13,PLD3_mCherry_reporter_control,site0,20,"260228_day20_WellM13_Channel405nm Binned,561nm Binned,488nm Binned_Seq0168.nd2",561nm Binned,488nm Binned,3,whole_field_foreground,stable_channel,703295,26066016.0,19836012.0,28.86254119873047,6230003.0,870,0.0012370342459405554,355.9566422736508,14.0,3.183949028595462,3.183949028595462,screening metric for punctate-to-diffuse reporter redistribution; not rupture proof
M13,M,13,PLD3_mCherry_reporter_control,site0,25,"260305_day25_iNeurons_WellM13_Channel405nm Binned,561nm Binned,488nm Binned_Seq0168.nd2",561nm Binned,488nm Binned,4,whole_field_foreground,stable_channel,453298,13577063.0,10876380.0,24.524852752685547,2700683.0,682,0.0015045290294651542,253.4581427700009,12.0,4.02727013870046,4.02727013870046,screening metric for punctate-to-diffuse reporter redistribution; not rupture proof
M13,M,13,PLD3_mCherry_reporter_control,site0,29,"260309_Day29_WellM13_Channel405nm Binned,561nm Binned,488nm Binned_Seq0168.nd2",561nm Binned,488nm Binned,5,whole_field_foreground,stable_channel,648684,26948100.0,21200508.0,33.417781829833984,5747593.0,979,0.001509209414751236,368.0650586760446,12.0,3.6885889449716274,3.6885889449716274,screening metric for punctate-to-diffuse reporter redistribution; not rupture proof
M13,M,13,PLD3_mCherry_reporter_control,site0,32,"260312_Day32_WellM13_Channel405nm Binned,561 nm,488nm Binned_Seq0168.nd2",561nm Binned,488nm Binned,6,whole_field_foreground,stable_channel,694787,30891492.0,23859136.0,35.12498092651367,7032356.0,1037,0.0014925437580128981,407.39496427883637,12.0,3.392765667721686,3.392765667721686,screening metric for punctate-to-diffuse reporter redistribution; not rupture proof
M13,M,13,PLD3_mCherry_reporter_control,site0,36,"260316_Day36_WellM13_Channel405nm Binned,561nm Binned,488nm Binned_Seq0168.nd2",561nm Binned,488nm Binned,7,whole_field_foreground,stable_channel,779058,36291496.0,27839942.0,36.558963775634766,8451556.0,1071,0.00137473718259568,429.8912407512647,13.0,3.2940611172660637,3.2940611172660637,screening metric for punctate-to-diffuse reporter redistribution; not rupture proof
M13,M,13,PLD3_mCherry_reporter_control,site0,39,"260319_Day39_WellM13_Channel405nm Binned,561nm Binned,488nm Binned_Seq0168.nd2",561nm Binned,488nm Binned,8,whole_field_foreground,stable_channel,732749,35554352.0,27646128.0,38.60835266113281,7908226.0,966,0.0013183231911591577,420.7764399747671,13.0,3.4958697437322233,3.4958697437322233,screening metric for punctate-to-diffuse reporter redistribution; not rupture proof
M14,M,14,PLD3_mCherry_reporter_control,site0,8,"260216_Day8_iNeurons_WellM14_Channel405nm Binned,561nm Binned,488nm Binned_Seq0169.nd2",561nm Binned,488nm Binned,0,whole_field_foreground,stable_channel,806315,20453180.0,14625433.0,18.575162887573242,5827747.0,915,0.001134792233802999,286.52573445638023,17.0,2.509620441655667,2.509620441655667,screening metric for punctate-to-diffuse reporter redistribution; not rupture proof
M14,M,14,PLD3_mCherry_reporter_control,site0,12,"260220_Day12_WellM14_Channel405nm Binned,561nm Binned,488nm Binned_Seq0169.nd2",561nm Binned,488nm Binned,1,whole_field_foreground,stable_channel,710392,20412490.0,15392430.0,22.187191009521484,5020060.0,782,0.0011008006846908456,269.0279636724526,16.5,3.0661844679141153,3.0661844679141153,screening metric for punctate-to-diffuse reporter redistribution; not rupture proof
M14,M,14,PLD3_mCherry_reporter_control,site0,16,"260224_day16_WellM14_Channel405nm Binned,561nm Binned,488nm Binned_Seq0169.nd2",561nm Binned,488nm Binned,2,whole_field_foreground,stable_channel,758820,30336172.0,23015832.0,31.05249786376953,7320340.0,846,0.0011148889064585608,381.8843194046201,16.0,3.144093307141042,3.144093307141042,screening metric for punctate-to-diffuse reporter redistribution; not rupture proof
M14,M,14,PLD3_mCherry_reporter_control,site0,20,"260228_day20_WellM14_Channel405nm Binned,561nm Binned,488nm Binned_Seq0169.nd2",561nm Binned,488nm Binned,3,whole_field_foreground,stable_channel,775696,32567600.0,25297734.0,33.37079620361328,7269867.0,995,0.001282719003319235,381.40636099810575,13.0,3.4798069895909403,3.4798069895909403,screening metric for punctate-to-diffuse reporter redistribution; not rupture proof
M14,M,14,PLD3_mCherry_reporter_control,site0,25,"260305_day25_iNeurons_WellM14_Channel405nm Binned,561nm Binned,488nm Binned_Seq0169.nd2",561nm Binned,488nm Binned,4,whole_field_foreground,stable_channel,554771,19055600.0,15461670.0,28.480194091796875,3593929.0,848,0.0015285586304952339,277.0428796084422,11.0,4.302163453979113,4.302163453979113,screening metric for punctate-to-diffuse reporter redistribution; not rupture proof
M14,M,14,PLD3_mCherry_reporter_control,site0,29,"260309_Day29_WellM14_Channel405nm Binned,561nm Binned,488nm Binned_Seq0169.nd2",561nm Binned,488nm Binned,5,whole_field_foreground,stable_channel,754435,34536156.0,27504160.0,37.274269104003906,7031997.0,1140,0.001511064571498524,385.3973103171901,12.0,3.9112872204007036,3.9112872204007036,screening metric for punctate-to-diffuse reporter redistribution; not rupture proof
M14,M,14,PLD3_mCherry_reporter_control,site0,32,"260312_Day32_WellM14_Channel405nm Binned,561 nm,488nm Binned_Seq0169.nd2",561nm Binned,488nm Binned,6,whole_field_foreground,stable_channel,801585,37674776.0,29768636.0,37.97465515136719,7906137.0,1164,0.0014521229813414022,405.14834305019315,12.0,3.765256787226965,3.765256787226965,screening metric for punctate-to-diffuse reporter redistribution; not rupture proof
M14,M,14,PLD3_mCherry_reporter_control,site0,36,"260316_Day36_WellM14_Channel405nm Binned,561nm Binned,488nm Binned_Seq0169.nd2",561nm Binned,488nm Binned,7,whole_field_foreground,stable_channel,856719,42951120.0,33723560.0,40.26438903808594,9227559.0,1249,0.001457887592079249,434.0125169838019,12.0,3.654656664887902,3.654656664887902,screening metric for punctate-to-diffuse reporter redistribution; not rupture proof
M14,M,14,PLD3_mCherry_reporter_control,site0,39,"260319_Day39_WellM14_Channel405nm Binned,561nm Binned,488nm Binned_Seq0169.nd2",561nm Binned,488nm Binned,8,whole_field_foreground,stable_channel,838865,42976716.0,33945736.0,41.39971160888672,9030980.0,1159,0.001381628748366684,424.7786993071167,13.0,3.7588097858699987,3.7588097858699987,screening metric for punctate-to-diffuse reporter redistribution; not rupture proof
M16,M,16,PLD3_mCherry_reporter_control,site0,8,"260216_Day8_iNeurons_WellM16_Channel405nm Binned,561nm Binned,488nm Binned_Seq0171.nd2",561nm Binned,488nm Binned,0,whole_field_foreground,stable_channel,688729,17080444.0,12165714.0,18.08979606628418,4914731.0,784,0.0011383287185509274,277.63830303659245,17.0,2.4753570439557167,2.4753570439557167,screening metric for punctate-to-diffuse reporter redistribution; not rupture proof
M16,M,16,PLD3_mCherry_reporter_control,site0,12,"260220_Day12_WellM16_Channel405nm Binned,561nm Binned,488nm Binned_Seq0171.nd2",561nm Binned,488nm Binned,1,whole_field_foreground,stable_channel,599276,16992636.0,12715123.0,21.726041793823242,4277514.0,653,0.0010896481754632428,269.6894079094459,16.0,2.9725497099476534,2.9725497099476534,screening metric for punctate-to-diffuse reporter redistribution; not rupture proof
M16,M,16,PLD3_mCherry_reporter_control,site0,16,"260224_day16_WellM16_Channel405nm Binned,561nm Binned,488nm Binned_Seq0171.nd2",561nm Binned,488nm Binned,2,whole_field_foreground,stable_channel,646532,24361352.0,18329012.0,29.03044891357422,6032340.0,745,0.0011523018195523929,362.46191750340813,16.0,3.0384580444731166,3.0384580444731166,screening metric for punctate-to-diffuse reporter redistribution; not rupture proof
M16,M,16,PLD3_mCherry_reporter_control,site0,20,"260228_day20_WellM16_Channel405nm Binned,561nm Binned,488nm Binned_Seq0171.nd2",561nm Binned,488nm Binned,3,whole_field_foreground,stable_channel,668190,26348660.0,20336828.0,31.143306732177734,6011832.0,849,0.0012705966865692833,367.3554003819981,13.0,3.3828004508437055,3.3828004508437055,screening metric for punctate-to-diffuse reporter redistribution; not rupture proof
M16,M,16,PLD3_mCherry_reporter_control,site0,25,"260305_day25_iNeurons_WellM16_Channel405nm Binned,561nm Binned,488nm Binned_Seq0171.nd2",561nm Binned,488nm Binned,4,whole_field_foreground,stable_channel,455155,13832730.0,11204541.0,25.159351348876953,2628189.0,695,0.0015269523568860566,246.25608325107493,11.0,4.263217371351808,4.263217371351808,screening metric for punctate-to-diffuse reporter redistribution; not rupture proof
M16,M,16,PLD3_mCherry_reporter_control,site0,29,"260309_Day29_WellM16_Channel405nm Binned,561nm Binned,488nm Binned_Seq0171.nd2",561nm Binned,488nm Binned,5,whole_field_foreground,stable_channel,624237,26619328.0,21323630.0,34.9189338684082,5295699.0,948,0.0015186539727675248,358.0769776774861,12.0,4.02659403413902,4.02659403413902,screening metric for punctate-to-diffuse reporter redistribution; not rupture proof
M16,M,16,PLD3_mCherry_reporter_control,site0,32,"260312_Day32_WellM16_Channel405nm Binned,561 nm,488nm Binned_Seq0171.nd2",561nm Binned,488nm Binned,6,whole_field_foreground,stable_channel,698786,30336076.0,23815150.0,34.856201171875,6520927.0,1010,0.0014453638166742817,383.1864925724445,12.0,3.6521111185566633,3.6521111185566633,screening metric for punctate-to-diffuse reporter redistribution; not rupture proof
M16,M,16,PLD3_mCherry_reporter_control,site0,36,"260316_Day36_WellM16_Channel405nm Binned,561nm Binned,488nm Binned_Seq0171.nd2",561nm Binned,488nm Binned,7,whole_field_foreground,stable_channel,757372,35449680.0,27742744.0,37.46998977661133,7706933.0,1053,0.001390333944215801,408.6484237192703,13.0,3.5997126223877123,3.5997126223877123,screening metric for punctate-to-diffuse reporter redistribution; not rupture proof
M16,M,16,PLD3_mCherry_reporter_control,site0,39,"260319_Day39_WellM16_Channel405nm Binned,561nm Binned,488nm Binned_Seq0171.nd2",561nm Binned,488nm Binned,8,whole_field_foreground,stable_channel,715880,34116104.0,27023342.0,38.621490478515625,7092763.0,1004,0.00140246968765519,395.1471706253599,13.0,3.809988011723526,3.809988011723526,screening metric for punctate-to-diffuse reporter redistribution; not rupture proof
M15,M,15,PLD3_mCherry_reporter_control,site0,8,"260216_Day8_iNeurons_WellM15_Channel405nm Binned,561nm Binned,488nm Binned_Seq0170.nd2",561nm Binned,488nm Binned,0,whole_field_foreground,stable_channel,795929,19304372.0,13758256.0,17.70564079284668,5546115.0,901,0.0011320105185247276,268.92239430688994,17.0,2.480701536119882,2.480701536119882,screening metric for punctate-to-diffuse reporter redistribution; not rupture proof
M15,M,15,PLD3_mCherry_reporter_control,site0,12,"260220_Day12_WellM15_Channel405nm Binned,561nm Binned,488nm Binned_Seq0170.nd2",561nm Binned,488nm Binned,1,whole_field_foreground,stable_channel,717828,20671614.0,15467433.0,22.06531524658203,5204181.0,812,0.0011311902015508852,274.49988685570327,16.0,2.972116650054452,2.972116650054452,screening metric for punctate-to-diffuse reporter redistribution; not rupture proof
M15,M,15,PLD3_mCherry_reporter_control,site0,16,"260224_day16_WellM15_Channel405nm Binned,561nm Binned,488nm Binned_Seq0170.nd2",561nm Binned,488nm Binned,2,whole_field_foreground,stable_channel,751694,30223056.0,22789124.0,31.04096031188965,7433932.0,842,0.0011201366513486602,388.012905927282,15.0,3.065554540988125,3.065554540988125,screening metric for punctate-to-diffuse reporter redistribution; not rupture proof
M15,M,15,PLD3_mCherry_reporter_control,site0,20,"260228_day20_WellM15_Channel405nm Binned,561nm Binned,488nm Binned_Seq0170.nd2",561nm Binned,488nm Binned,3,whole_field_foreground,stable_channel,767256,33464296.0,26029288.0,34.70497512817383,7435009.0,960,0.0012512121117316108,398.705322376887,13.0,3.5009087413339377,3.5009087413339377,screening metric for punctate-to-diffuse reporter redistribution; not rupture proof
M15,M,15,PLD3_mCherry_reporter_control,site0,25,"260305_day25_iNeurons_WellM15_Channel405nm Binned,561nm Binned,488nm Binned_Seq0170.nd2",561nm Binned,488nm Binned,4,whole_field_foreground,stable_channel,549692,18386752.0,14913018.0,27.72188949584961,3473734.0,848,0.001542682083782295,268.5906907207561,11.0,4.293080011306481,4.293080011306481,screening metric for punctate-to-diffuse reporter redistribution; not rupture proof
M15,M,15,PLD3_mCherry_reporter_control,site0,29,"260309_Day29_WellM15_Channel405nm Binned,561nm Binned,488nm Binned_Seq0170.nd2",561nm Binned,488nm Binned,5,whole_field_foreground,stable_channel,757276,34715896.0,27617648.0,37.28154754638672,7098251.0,1149,0.0015172803574898487,392.90524825850605,12.0,3.8907680215867413,3.8907680215867413,screening metric for punctate-to-diffuse reporter redistribution; not rupture proof
M15,M,15,PLD3_mCherry_reporter_control,site0,32,"260312_Day32_WellM15_Channel405nm Binned,561 nm,488nm Binned_Seq0170.nd2",561nm Binned,488nm Binned,6,whole_field_foreground,stable_channel,801164,39397680.0,31226144.0,39.855648040771484,8171538.0,1205,0.001504061590384111,420.9855486731312,12.0,3.821330084984758,3.821330084984758,screening metric for punctate-to-diffuse reporter redistribution; not rupture proof
M15,M,15,PLD3_mCherry_reporter_control,site0,36,"260316_Day36_WellM15_Channel405nm Binned,561nm Binned,488nm Binned_Seq0170.nd2",561nm Binned,488nm Binned,7,whole_field_foreground,stable_channel,878859,45596568.0,35784772.0,41.646034240722656,9811796.0,1275,0.0014507446586978676,454.7171704340916,12.0,3.647117408474081,3.647117408474081,screening metric for punctate-to-diffuse reporter redistribution; not rupture proof
M15,M,15,PLD3_mCherry_reporter_control,site0,39,"260319_Day39_WellM15_Channel405nm Binned,561nm Binned,488nm Binned_Seq0170.nd2",561nm Binned,488nm Binned,8,whole_field_foreground,stable_channel,868660,44235120.0,34978912.0,41.18741989135742,9256209.0,1206,0.0013883452674217894,432.3851208916153,13.0,3.7789673936701536,3.7789673936701536,screening metric for punctate-to-diffuse reporter redistribution; not rupture proof
M17,M,17,PLD3_mCherry_reporter_control,site0,8,"260216_Day8_iNeurons_WellM17_Channel405nm Binned,561nm Binned,488nm Binned_Seq0172.nd2",561nm Binned,488nm Binned,0,whole_field_foreground,stable_channel,730818,15969628.0,11316663.0,15.861730575561523,4652965.0,764,0.0010454039172529339,241.01990239408005,18.0,2.4321401514942766,2.4321401514942766,screening metric for punctate-to-diffuse reporter redistribution; not rupture proof
M17,M,17,PLD3_mCherry_reporter_control,site0,12,"260220_Day12_WellM17_Channel405nm Binned,561nm Binned,488nm Binned_Seq0172.nd2",561nm Binned,488nm Binned,1,whole_field_foreground,stable_channel,718312,18323124.0,13473598.0,19.211111068725586,4849527.0,696,0.0009689382886531634,247.85423106708745,19.0,2.7783324023141267,2.7783324023141267,screening metric for punctate-to-diffuse reporter redistribution; not rupture proof
M17,M,17,PLD3_mCherry_reporter_control,site0,16,"260224_day16_WellM17_Channel405nm Binned,561nm Binned,488nm Binned_Seq0172.nd2",561nm Binned,488nm Binned,2,whole_field_foreground,stable_channel,765657,25947596.0,19026630.0,25.450281143188477,6920966.0,749,0.000978244827643477,344.9903238701406,17.0,2.7491292400507747,2.7491292400507747,screening metric for punctate-to-diffuse reporter redistribution; not rupture proof
M17,M,17,PLD3_mCherry_reporter_control,site0,20,"260228_day20_WellM17_Channel405nm Binned,561nm Binned,488nm Binned_Seq0172.nd2",561nm Binned,488nm Binned,3,whole_field_foreground,stable_channel,766302,27964764.0,21134688.0,28.228212356567383,6830077.0,915,0.0011940462115442815,353.4453078806726,14.0,3.0943557444516228,3.0943557444516228,screening metric for punctate-to-diffuse reporter redistribution; not rupture proof
M17,M,17,PLD3_mCherry_reporter_control,site0,25,"260305_day25_iNeurons_WellM17_Channel405nm Binned,561nm Binned,488nm Binned_Seq0172.nd2",561nm Binned,488nm Binned,4,whole_field_foreground,stable_channel,478811,14729746.0,11778880.0,25.142436981201172,2950866.0,714,0.001491193811333718,258.301852036591,11.0,3.9916688863526875,3.9916688863526875,screening metric for punctate-to-diffuse reporter redistribution; not rupture proof
M17,M,17,PLD3_mCherry_reporter_control,site0,29,"260309_Day29_WellM17_Channel405nm Binned,561nm Binned,488nm Binned_Seq0172.nd2",561nm Binned,488nm Binned,5,whole_field_foreground,stable_channel,732838,27850568.0,21511798.0,30.023988723754883,6338771.0,1110,0.001514659447242754,353.34319319166576,12.0,3.3936859369105785,3.3936859369105785,screening metric for punctate-to-diffuse reporter redistribution; not rupture proof
M17,M,17,PLD3_mCherry_reporter_control,site0,32,"260312_Day32_WellM17_Channel405nm Binned,561 nm,488nm Binned_Seq0172.nd2",561nm Binned,488nm Binned,6,whole_field_foreground,stable_channel,800984,33004044.0,25157752.0,32.13307189941406,7846290.0,1116,0.00139328625790104,392.6395026586389,13.0,3.206324517701588,3.206324517701588,screening metric for punctate-to-diffuse reporter redistribution; not rupture proof
M17,M,17,PLD3_mCherry_reporter_control,site0,36,"260316_Day36_WellM17_Channel405nm Binned,561nm Binned,488nm Binned_Seq0172.nd2",561nm Binned,488nm Binned,7,whole_field_foreground,stable_channel,880821,38059044.0,29198462.0,33.916481018066406,8860583.0,1210,0.0013737183831886686,402.32521681352097,13.0,3.295320635221938,3.295320635221938,screening metric for punctate-to-diffuse reporter redistribution; not rupture proof
M17,M,17,PLD3_mCherry_reporter_control,site0,39,"260319_Day39_WellM17_Channel405nm Binned,561nm Binned,488nm Binned_Seq0172.nd2",561nm Binned,488nm Binned,8,whole_field_foreground,stable_channel,812510,38137824.0,29557844.0,37.228050231933594,8579981.0,1079,0.001327983655584143,413.8932813868907,13.0,3.4449777919084617,3.4449777919084617,screening metric for punctate-to-diffuse reporter redistribution; not rupture proof
M18,M,18,PLD3_mCherry_reporter_control,site0,8,"260216_Day8_iNeurons_WellM18_Channel405nm Binned,561nm Binned,488nm Binned_Seq0173.nd2",561nm Binned,488nm Binned,0,whole_field_foreground,stable_channel,724611,16792162.0,11889797.0,16.808170318603516,4902365.0,763,0.0010529787706768832,258.7025446060601,19.0,2.42531859622806,2.42531859622806,screening metric for punctate-to-diffuse reporter redistribution; not rupture proof
M18,M,18,PLD3_mCherry_reporter_control,site0,12,"260220_Day12_WellM18_Channel405nm Binned,561nm Binned,488nm Binned_Seq0173.nd2",561nm Binned,488nm Binned,1,whole_field_foreground,stable_channel,606129,15868405.0,11995316.0,20.265884399414062,3873089.0,671,0.0011070250722187735,244.20007066115537,16.0,3.097092785628449,3.097092785628449,screening metric for punctate-to-diffuse reporter redistribution; not rupture proof
M18,M,18,PLD3_mCherry_reporter_control,site0,16,"260224_day16_WellM18_Channel405nm Binned,561nm Binned,488nm Binned_Seq0173.nd2",561nm Binned,488nm Binned,2,whole_field_foreground,stable_channel,642368,23864328.0,17917788.0,28.561981201171875,5946540.0,682,0.0010616967221264732,365.1978401116961,17.0,3.013145123045836,3.013145123045836,screening metric for punctate-to-diffuse reporter redistribution; not rupture proof
M18,M,18,PLD3_mCherry_reporter_control,site0,20,"260228_day20_WellM18_Channel405nm Binned,561nm Binned,488nm Binned_Seq0173.nd2",561nm Binned,488nm Binned,3,whole_field_foreground,stable_channel,659667,24989580.0,19277008.0,29.903106689453125,5712571.0,849,0.0012870129929172037,352.2108940421061,14.0,3.37448899978602,3.37448899978602,screening metric for punctate-to-diffuse reporter redistribution; not rupture proof
M18,M,18,PLD3_mCherry_reporter_control,site0,25,"260305_day25_iNeurons_WellM18_Channel405nm Binned,561nm Binned,488nm Binned_Seq0173.nd2",561nm Binned,488nm Binned,4,whole_field_foreground,stable_channel,438620,13386762.0,10896847.0,25.389036178588867,2489915.0,654,0.001491040080248299,242.4998800761838,12.0,4.376393170046216,4.376393170046216,screening metric for punctate-to-diffuse reporter redistribution; not rupture proof
M18,M,18,PLD3_mCherry_reporter_control,site0,29,"260309_Day29_WellM18_Channel405nm Binned,561nm Binned,488nm Binned_Seq0173.nd2",561nm Binned,488nm Binned,5,whole_field_foreground,stable_channel,645562,27044196.0,21504020.0,34.0568733215332,5540178.0,970,0.0015025667557856525,355.0903960080491,12.0,3.881467346355319,3.881467346355319,screening metric for punctate-to-diffuse reporter redistribution; not rupture proof
M18,M,18,PLD3_mCherry_reporter_control,site0,32,"260312_Day32_WellM18_Channel405nm Binned,561 nm,488nm Binned_Seq0173.nd2",561nm Binned,488nm Binned,6,whole_field_foreground,stable_channel,680430,29980160.0,23610168.0,35.47893524169922,6369993.0,980,0.0014402657143255879,386.47653182671996,12.0,3.7064668673884404,3.7064668673884404,screening metric for punctate-to-diffuse reporter redistribution; not rupture proof
M18,M,18,PLD3_mCherry_reporter_control,site0,36,"260316_Day36_WellM18_Channel405nm Binned,561nm Binned,488nm Binned_Seq0173.nd2",561nm Binned,488nm Binned,7,whole_field_foreground,stable_channel,740899,34310440.0,27223740.0,37.579429626464844,7086700.0,1052,0.0014198966390811434,385.0686131176387,12.0,3.8415256748551734,3.8415256748551734,screening metric for punctate-to-diffuse reporter redistribution; not rupture proof
M18,M,18,PLD3_mCherry_reporter_control,site0,39,"260319_Day39_WellM18_Channel405nm Binned,561nm Binned,488nm Binned_Seq0173.nd2",561nm Binned,488nm Binned,8,whole_field_foreground,stable_channel,760034,36450104.0,28861786.0,38.847862243652344,7588319.0,1046,0.0013762542202041274,396.8977174923023,13.0,3.8034492224162157,3.8034492224162157,screening metric for punctate-to-diffuse reporter redistribution; not rupture proof
M19,M,19,PLD3_mCherry_reporter_control,site0,8,"260216_Day8_iNeurons_WellM19_Channel405nm Binned,561nm Binned,488nm Binned_Seq0174.nd2",561nm Binned,488nm Binned,0,whole_field_foreground,stable_channel,754558,18660784.0,13284444.0,18.033761978149414,5376340.0,854,0.0011317884112273253,273.60282792531353,17.0,2.4709084618899713,2.4709084618899713,screening metric for punctate-to-diffuse reporter redistribution; not rupture proof
M19,M,19,PLD3_mCherry_reporter_control,site0,12,"260220_Day12_WellM19_Channel405nm Binned,561nm Binned,488nm Binned_Seq0174.nd2",561nm Binned,488nm Binned,1,whole_field_foreground,stable_channel,703368,18384496.0,13897616.0,20.230485916137695,4486879.0,739,0.0010506591144307806,245.240573815951,17.0,3.0973904132464685,3.0973904132464685,screening metric for punctate-to-diffuse reporter redistribution; not rupture proof
M19,M,19,PLD3_mCherry_reporter_control,site0,16,"260224_day16_WellM19_Channel405nm Binned,561nm Binned,488nm Binned_Seq0174.nd2",561nm Binned,488nm Binned,2,whole_field_foreground,stable_channel,713554,26610564.0,20002568.0,28.69784164428711,6607997.0,775,0.0010861126137600152,360.36289775233115,15.0,3.0270243766752576,3.0270243766752576,screening metric for punctate-to-diffuse reporter redistribution; not rupture proof
M19,M,19,PLD3_mCherry_reporter_control,site0,20,"260228_day20_WellM19_Channel405nm Binned,561nm Binned,488nm Binned_Seq0174.nd2",561nm Binned,488nm Binned,3,whole_field_foreground,stable_channel,748054,27732508.0,21183636.0,28.97997283935547,6548871.0,941,0.0012579305772026379,355.02171458650724,14.0,3.2347004544747886,3.2347004544747886,screening metric for punctate-to-diffuse reporter redistribution; not rupture proof
M19,M,19,PLD3_mCherry_reporter_control,site0,25,"260305_day25_iNeurons_WellM19_Channel405nm Binned,561nm Binned,488nm Binned_Seq0174.nd2",561nm Binned,488nm Binned,4,whole_field_foreground,stable_channel,475456,14007479.0,11319859.0,24.3330020904541,2687620.0,725,0.0015248519316161226,238.82944834742054,11.0,4.211852494026607,4.211852494026607,screening metric for punctate-to-diffuse reporter redistribution; not rupture proof
M19,M,19,PLD3_mCherry_reporter_control,site0,29,"260309_Day29_WellM19_Channel405nm Binned,561nm Binned,488nm Binned_Seq0174.nd2",561nm Binned,488nm Binned,5,whole_field_foreground,stable_channel,691640,27964002.0,22014442.0,32.544654846191406,5949560.0,1069,0.001545601758137838,358.84550745850754,12.0,3.7001798452316303,3.7001798452316303,screening metric for punctate-to-diffuse reporter redistribution; not rupture proof
M19,M,19,PLD3_mCherry_reporter_control,site0,32,"260312_Day32_WellM19_Channel405nm Binned,561 nm,488nm Binned_Seq0174.nd2",561nm Binned,488nm Binned,6,whole_field_foreground,stable_channel,768640,32374576.0,25328550.0,33.699058532714844,7046027.0,1114,0.001449313072437748,377.66866731215634,12.0,3.5947279225578335,3.5947279225578335,screening metric for punctate-to-diffuse reporter redistribution; not rupture proof
M19,M,19,PLD3_mCherry_reporter_control,site0,36,"260316_Day36_WellM19_Channel405nm Binned,561nm Binned,488nm Binned_Seq0174.nd2",561nm Binned,488nm Binned,7,whole_field_foreground,stable_channel,810722,37493656.0,29388976.0,37.084678649902344,8104682.0,1152,0.0014209556420062353,405.29993112881976,13.0,3.6261726246626793,3.6261726246626793,screening metric for punctate-to-diffuse reporter redistribution; not rupture proof
M19,M,19,PLD3_mCherry_reporter_control,site0,39,"260319_Day39_WellM19_Channel405nm Binned,561nm Binned,488nm Binned_Seq0174.nd2",561nm Binned,488nm Binned,8,whole_field_foreground,stable_channel,823244,37898568.0,29775716.0,37.00244140625,8122852.0,1087,0.0013203861795514813,389.8388278262815,13.0,3.665672598737036,3.665672598737036,screening metric for punctate-to-diffuse reporter redistribution; not rupture proof
M20,M,20,PLD3_mCherry_reporter_control,site0,8,"260216_Day8_iNeurons_WellM20_Channel405nm Binned,561nm Binned,488nm Binned_Seq0175.nd2",561nm Binned,488nm Binned,0,whole_field_foreground,stable_channel,732407,17119576.0,12262762.0,17.15026092529297,4856815.0,800,0.0010922888503235328,255.73136178970336,18.0,2.5248567219458584,2.5248567219458584,screening metric for punctate-to-diffuse reporter redistribution; not rupture proof
M20,M,20,PLD3_mCherry_reporter_control,site0,12,"260220_Day12_WellM20_Channel405nm Binned,561nm Binned,488nm Binned_Seq0175.nd2",561nm Binned,488nm Binned,1,whole_field_foreground,stable_channel,675698,18039128.0,13620108.0,20.637371063232422,4419020.0,743,0.0010996036690931457,252.81216953323795,17.0,3.0821557720935675,3.0821557720935675,screening metric for punctate-to-diffuse reporter redistribution; not rupture proof
M20,M,20,PLD3_mCherry_reporter_control,site0,16,"260224_day16_WellM20_Channel405nm Binned,561nm Binned,488nm Binned_Seq0175.nd2",561nm Binned,488nm Binned,2,whole_field_foreground,stable_channel,707770,25998036.0,19638448.0,28.409435272216797,6359589.0,778,0.0010992271500613205,351.9653427986988,15.0,3.0880058444023524,3.0880058444023524,screening metric for punctate-to-diffuse reporter redistribution; not rupture proof
M20,M,20,PLD3_mCherry_reporter_control,site0,20,"260228_day20_WellM20_Channel405nm Binned,561nm Binned,488nm Binned_Seq0175.nd2",561nm Binned,488nm Binned,3,whole_field_foreground,stable_channel,717181,27815504.0,21482496.0,30.652496337890625,6333007.0,923,0.0012869833417208669,357.92140196100735,13.0,3.3921478375117236,3.3921478375117236,screening metric for punctate-to-diffuse reporter redistribution; not rupture proof
M20,M,20,PLD3_mCherry_reporter_control,site0,25,"260305_day25_iNeurons_WellM20_Channel405nm Binned,561nm Binned,488nm Binned_Seq0175.nd2",561nm Binned,488nm Binned,4,whole_field_foreground,stable_channel,484200,15003699.0,12376234.0,26.114219665527344,2627465.0,748,0.0015448161916531498,237.9403214378153,11.0,4.710332582925098,4.710332582925098,screening metric for punctate-to-diffuse reporter redistribution; not rupture proof
M20,M,20,PLD3_mCherry_reporter_control,site0,29,"260309_Day29_WellM20_Channel405nm Binned,561nm Binned,488nm Binned_Seq0175.nd2",561nm Binned,488nm Binned,5,whole_field_foreground,stable_channel,667995,27180668.0,21636512.0,33.11692428588867,5544155.0,1037,0.0015524068293901116,346.3133935440932,11.0,3.9025806457424252,3.9025806457424252,screening metric for punctate-to-diffuse reporter redistribution; not rupture proof
M20,M,20,PLD3_mCherry_reporter_control,site0,32,"260312_Day32_WellM20_Channel405nm Binned,561 nm,488nm Binned_Seq0175.nd2",561nm Binned,488nm Binned,6,whole_field_foreground,stable_channel,740107,31720856.0,25141866.0,34.736026763916016,6578990.0,1078,0.001456546148055002,365.72897903640546,12.0,3.8215388684275515,3.8215388684275515,screening metric for punctate-to-diffuse reporter redistribution; not rupture proof
M20,M,20,PLD3_mCherry_reporter_control,site0,36,"260316_Day36_WellM20_Channel405nm Binned,561nm Binned,488nm Binned_Seq0175.nd2",561nm Binned,488nm Binned,7,whole_field_foreground,stable_channel,810710,36679744.0,29303374.0,36.96639633178711,7376370.0,1154,0.0014234436481584988,374.2091973633659,12.0,3.9726008863432862,3.9726008863432862,screening metric for punctate-to-diffuse reporter redistribution; not rupture proof
M20,M,20,PLD3_mCherry_reporter_control,site0,39,"260319_Day39_WellM20_Channel405nm Binned,561nm Binned,488nm Binned_Seq0175.nd2",561nm Binned,488nm Binned,8,whole_field_foreground,stable_channel,823614,37602520.0,29911644.0,37.15210723876953,7690876.0,1109,0.0013465045518879638,377.0776181165112,13.0,3.8892375848987957,3.8892375848987957,screening metric for punctate-to-diffuse reporter redistribution; not rupture proof
N05,N,05,PLD3_TMEM106B_mCherry_primary,site0,8,"260216_Day8_iNeurons_WellN05_Channel405nm Binned,561nm Binned,488nm Binned_Seq0176.nd2",561nm Binned,488nm Binned,0,whole_field_foreground,stable_channel,756651,14941395.0,11520161.0,15.595097541809082,3421234.0,820,0.0010837228788423147,173.96721806409883,18.0,3.367253160700681,3.367253160700681,screening metric for punctate-to-diffuse reporter redistribution; not rupture proof
N05,N,05,PLD3_TMEM106B_mCherry_primary,site0,12,"260220_Day12_WellN05_Channel405nm Binned,561nm Binned,488nm Binned_Seq0176.nd2",561nm Binned,488nm Binned,1,whole_field_foreground,stable_channel,704054,12303044.0,10194099.0,14.824244499206543,2108945.0,729,0.0010354319412984865,111.0577721092109,17.0,4.833743411988064,4.833743411988064,screening metric for punctate-to-diffuse reporter redistribution; not rupture proof
N05,N,05,PLD3_TMEM106B_mCherry_primary,site0,16,"260224_day16_WellN05_Channel405nm Binned,561nm Binned,488nm Binned_Seq0176.nd2",561nm Binned,488nm Binned,2,whole_field_foreground,stable_channel,672160,13358680.0,11068415.0,16.860761642456055,2290265.0,665,0.0009893477743379711,130.1419754143048,19.0,4.832809740355447,4.832809740355447,screening metric for punctate-to-diffuse reporter redistribution; not rupture proof
N05,N,05,PLD3_TMEM106B_mCherry_primary,site0,20,"260228_day20_WellN05_Channel405nm Binned,561nm Binned,488nm Binned_Seq0176.nd2",561nm Binned,488nm Binned,3,whole_field_foreground,stable_channel,701081,13209328.0,11159573.0,16.291276931762695,2049755.0,777,0.0011082884859222996,114.997357887651,15.0,5.444344811938283,5.444344811938283,screening metric for punctate-to-diffuse reporter redistribution; not rupture proof
N05,N,05,PLD3_TMEM106B_mCherry_primary,site0,25,"260305_day25_iNeurons_WellN05_Channel405nm Binned,561nm Binned,488nm Binned_Seq0176.nd2",561nm Binned,488nm Binned,4,whole_field_foreground,stable_channel,472014,7056630.0,6148690.0,13.312368392944336,907940.0,662,0.0014025007732791771,79.07482497569657,11.0,6.77213251976257,6.77213251976257,screening metric for punctate-to-diffuse reporter redistribution; not rupture proof
N05,N,05,PLD3_TMEM106B_mCherry_primary,site0,29,"260309_Day29_WellN05_Channel405nm Binned,561nm Binned,488nm Binned_Seq0176.nd2",561nm Binned,488nm Binned,5,whole_field_foreground,stable_channel,640845,11851222.0,10253139.0,16.352588653564453,1598083.0,920,0.0014356045533608975,106.14448422970979,11.0,6.415898923894181,6.415898923894181,screening metric for punctate-to-diffuse reporter redistribution; not rupture proof
N05,N,05,PLD3_TMEM106B_mCherry_primary,site0,32,"260312_Day32_WellN05_Channel405nm Binned,561 nm,488nm Binned_Seq0176.nd2",561nm Binned,488nm Binned,6,whole_field_foreground,stable_channel,700432,13260089.0,11467910.0,16.730825424194336,1792179.0,1001,0.0014291180300137214,108.97673580386898,11.0,6.398864175952068,6.398864175952068,screening metric for punctate-to-diffuse reporter redistribution; not rupture proof
N05,N,05,PLD3_TMEM106B_mCherry_primary,site0,36,"260316_Day36_WellN05_Channel405nm Binned,561nm Binned,488nm Binned_Seq0176.nd2",561nm Binned,488nm Binned,7,whole_field_foreground,stable_channel,762412,14791832.0,12907378.0,17.30230140686035,1884454.0,1051,0.0013785197504743124,103.33591171540498,11.0,6.849399348560989,6.849399348560989,screening metric for punctate-to-diffuse reporter redistribution; not rupture proof
N05,N,05,PLD3_TMEM106B_mCherry_primary,site0,39,"260319_Day39_WellN05_Channel405nm Binned,561nm Binned,488nm Binned_Seq0176.nd2",561nm Binned,488nm Binned,8,whole_field_foreground,stable_channel,724261,17920716.0,15982399.0,22.561582565307617,1938318.0,944,0.0013033975321033392,110.26378117981604,12.0,8.245498932575437,8.245498932575437,screening metric for punctate-to-diffuse reporter redistribution; not rupture proof
N06,N,06,PLD3_TMEM106B_mCherry_primary,site0,8,"260216_Day8_iNeurons_WellN06_Channel405nm Binned,561nm Binned,488nm Binned_Seq0177.nd2",561nm Binned,488nm Binned,0,whole_field_foreground,stable_channel,782095,16317687.0,12401322.0,16.24464225769043,3916365.0,875,0.0011187899168245306,190.90001078578405,18.0,3.1665388695887215,3.1665388695887215,screening metric for punctate-to-diffuse reporter redistribution; not rupture proof
N06,N,06,PLD3_TMEM106B_mCherry_primary,site0,12,"260220_Day12_WellN06_Channel405nm Binned,561nm Binned,488nm Binned_Seq0177.nd2",561nm Binned,488nm Binned,1,whole_field_foreground,stable_channel,717526,13240228.0,10918752.0,15.576587677001953,2321476.0,779,0.0010856749441816942,120.4605577735754,16.0,4.703366306606356,4.703366306606356,screening metric for punctate-to-diffuse reporter redistribution; not rupture proof
N06,N,06,PLD3_TMEM106B_mCherry_primary,site0,16,"260224_day16_WellN06_Channel405nm Binned,561nm Binned,488nm Binned_Seq0177.nd2",561nm Binned,488nm Binned,2,whole_field_foreground,stable_channel,724017,14853732.0,12307928.0,17.405885696411133,2545804.0,758,0.001046936743196573,137.34789372748625,18.0,4.834593707919057,4.834593707919057,screening metric for punctate-to-diffuse reporter redistribution; not rupture proof
N06,N,06,PLD3_TMEM106B_mCherry_primary,site0,20,"260228_day20_WellN06_Channel405nm Binned,561nm Binned,488nm Binned_Seq0177.nd2",561nm Binned,488nm Binned,3,whole_field_foreground,stable_channel,750396,14205819.0,11911017.0,16.244495391845703,2294802.0,846,0.001127404730300898,120.53887289692042,14.0,5.190433423012012,5.190433423012012,screening metric for punctate-to-diffuse reporter redistribution; not rupture proof
N06,N,06,PLD3_TMEM106B_mCherry_primary,site0,25,"260305_day25_iNeurons_WellN06_Channel405nm Binned,561nm Binned,488nm Binned_Seq0177.nd2",561nm Binned,488nm Binned,4,whole_field_foreground,stable_channel,502329,7745903.0,6783633.0,13.800522804260254,962270.0,742,0.0014771195770073456,79.69770319956653,11.0,7.04961497292127,7.04961497292127,screening metric for punctate-to-diffuse reporter redistribution; not rupture proof
N06,N,06,PLD3_TMEM106B_mCherry_primary,site0,29,"260309_Day29_WellN06_Channel405nm Binned,561nm Binned,488nm Binned_Seq0177.nd2",561nm Binned,488nm Binned,5,whole_field_foreground,stable_channel,724037,13905414.0,11959169.0,16.886472702026367,1946245.0,1074,0.001483349607821861,110.01975106393824,11.0,6.144739742423926,6.144739742423926,screening metric for punctate-to-diffuse reporter redistribution; not rupture proof
N06,N,06,PLD3_TMEM106B_mCherry_primary,site0,32,"260312_Day32_WellN06_Channel405nm Binned,561 nm,488nm Binned_Seq0177.nd2",561nm Binned,488nm Binned,6,whole_field_foreground,stable_channel,772480,15204007.0,13109416.0,17.34329605102539,2094591.0,1118,0.001447286661141457,111.81942493459194,11.0,6.258699669765478,6.258699669765478,screening metric for punctate-to-diffuse reporter redistribution; not rupture proof
N06,N,06,PLD3_TMEM106B_mCherry_primary,site0,36,"260316_Day36_WellN06_Channel405nm Binned,561nm Binned,488nm Binned_Seq0177.nd2",561nm Binned,488nm Binned,7,whole_field_foreground,stable_channel,825046,17552354.0,15315146.0,18.966712951660156,2237208.0,1134,0.0013744688174945707,115.05299447074769,12.0,6.845651365448879,6.845651365448879,screening metric for punctate-to-diffuse reporter redistribution; not rupture proof
N06,N,06,PLD3_TMEM106B_mCherry_primary,site0,39,"260319_Day39_WellN06_Channel405nm Binned,561nm Binned,488nm Binned_Seq0177.nd2",561nm Binned,488nm Binned,8,whole_field_foreground,stable_channel,810709,19988156.0,17661758.0,22.276376724243164,2326399.0,1087,0.0013408016933309723,116.93572689572275,12.0,7.591886860333249,7.591886860333249,screening metric for punctate-to-diffuse reporter redistribution; not rupture proof
N07,N,07,PLD3_TMEM106B_mCherry_primary,site0,8,"260216_Day8_iNeurons_WellN07_Channel405nm Binned,561nm Binned,488nm Binned_Seq0178.nd2",561nm Binned,488nm Binned,0,whole_field_foreground,stable_channel,772742,15825312.0,11956927.0,15.85269546508789,3868385.0,840,0.0010870381058605758,190.61584454491026,19.0,3.0909351059930463,3.0909351059930463,screening metric for punctate-to-diffuse reporter redistribution; not rupture proof
N07,N,07,PLD3_TMEM106B_mCherry_primary,site0,12,"260220_Day12_WellN07_Channel405nm Binned,561nm Binned,488nm Binned_Seq0178.nd2",561nm Binned,488nm Binned,1,whole_field_foreground,stable_channel,672688,12459826.0,10191944.0,15.51308822631836,2267882.0,721,0.0010718193278294369,125.15756050988143,17.0,4.494036285836524,4.494036285836524,screening metric for punctate-to-diffuse reporter redistribution; not rupture proof
N07,N,07,PLD3_TMEM106B_mCherry_primary,site0,16,"260224_day16_WellN07_Channel405nm Binned,561nm Binned,488nm Binned_Seq0178.nd2",561nm Binned,488nm Binned,2,whole_field_foreground,stable_channel,720858,14169744.0,11766263.0,16.714153289794922,2403481.0,750,0.0010404268246991218,128.73536440022787,17.0,4.895509055405516,4.895509055405516,screening metric for punctate-to-diffuse reporter redistribution; not rupture proof
N07,N,07,PLD3_TMEM106B_mCherry_primary,site0,20,"260228_day20_WellN07_Channel405nm Binned,561nm Binned,488nm Binned_Seq0178.nd2",561nm Binned,488nm Binned,3,whole_field_foreground,stable_channel,725376,13431961.0,11296920.0,15.938115119934082,2135041.0,789,0.001087711752248368,116.82537951547988,16.0,5.291195813099003,5.291195813099003,screening metric for punctate-to-diffuse reporter redistribution; not rupture proof
N07,N,07,PLD3_TMEM106B_mCherry_primary,site0,25,"260305_day25_iNeurons_WellN07_Channel405nm Binned,561nm Binned,488nm Binned_Seq0178.nd2",561nm Binned,488nm Binned,4,whole_field_foreground,stable_channel,489347,7595683.0,6658565.0,13.9003324508667,937118.0,691,0.00141208590223009,80.95029782903867,11.0,7.1053645325272745,7.1053645325272745,screening metric for punctate-to-diffuse reporter redistribution; not rupture proof
N07,N,07,PLD3_TMEM106B_mCherry_primary,site0,29,"260309_Day29_WellN07_Channel405nm Binned,561nm Binned,488nm Binned_Seq0178.nd2",561nm Binned,488nm Binned,5,whole_field_foreground,stable_channel,700160,12867937.0,11054883.0,16.137102127075195,1813054.0,1027,0.0014668075868351995,109.25499083863494,11.0,6.097382096724037,6.097382096724037,screening metric for punctate-to-diffuse reporter redistribution; not rupture proof
N07,N,07,PLD3_TMEM106B_mCherry_primary,site0,32,"260312_Day32_WellN07_Channel405nm Binned,561 nm,488nm Binned_Seq0178.nd2",561nm Binned,488nm Binned,6,whole_field_foreground,stable_channel,763821,14842349.0,12717177.0,17.020118713378906,2125172.0,1078,0.0014113254283380382,115.62807031465152,12.0,5.984069524722713,5.984069524722713,screening metric for punctate-to-diffuse reporter redistribution; not rupture proof
N07,N,07,PLD3_TMEM106B_mCherry_primary,site0,36,"260316_Day36_WellN07_Channel405nm Binned,561nm Binned,488nm Binned_Seq0178.nd2",561nm Binned,488nm Binned,7,whole_field_foreground,stable_channel,829137,17131948.0,14719730.0,18.14501953125,2412219.0,1112,0.001341153512626573,120.8178343807193,12.0,6.102153245619033,6.102153245619033,screening metric for punctate-to-diffuse reporter redistribution; not rupture proof
N07,N,07,PLD3_TMEM106B_mCherry_primary,site0,39,"260319_Day39_WellN07_Channel405nm Binned,561nm Binned,488nm Binned_Seq0178.nd2",561nm Binned,488nm Binned,8,whole_field_foreground,stable_channel,782161,19740976.0,17362362.0,22.69794464111328,2378614.0,1034,0.0013219784673471036,122.693045160526,12.0,7.299360888312565,7.299360888312565,screening metric for punctate-to-diffuse reporter redistribution; not rupture proof
N08,N,08,PLD3_TMEM106B_mCherry_primary,site0,8,"260216_Day8_iNeurons_WellN08_Channel405nm Binned,561nm Binned,488nm Binned_Seq0179.nd2",561nm Binned,488nm Binned,0,whole_field_foreground,stable_channel,742894,15035385.0,11577081.0,15.963543891906738,3458304.0,787,0.0010593705158460569,179.25217862353392,20.0,3.347618081000587,3.347618081000587,screening metric for punctate-to-diffuse reporter redistribution; not rupture proof
N08,N,08,PLD3_TMEM106B_mCherry_primary,site0,12,"260220_Day12_WellN08_Channel405nm Binned,561nm Binned,488nm Binned_Seq0179.nd2",561nm Binned,488nm Binned,1,whole_field_foreground,stable_channel,669210,13170839.0,10767880.0,16.47757339477539,2402959.0,736,0.0010998042467968204,132.42071739487025,16.0,4.481091853833345,4.481091853833345,screening metric for punctate-to-diffuse reporter redistribution; not rupture proof
N08,N,08,PLD3_TMEM106B_mCherry_primary,site0,16,"260224_day16_WellN08_Channel405nm Binned,561nm Binned,488nm Binned_Seq0179.nd2",561nm Binned,488nm Binned,2,whole_field_foreground,stable_channel,720126,15055556.0,12412799.0,17.650243759155273,2642757.0,740,0.0010275979481354268,140.10585071460622,17.0,4.696912731664434,4.696912731664434,screening metric for punctate-to-diffuse reporter redistribution; not rupture proof
N08,N,08,PLD3_TMEM106B_mCherry_primary,site0,20,"260228_day20_WellN08_Channel405nm Binned,561nm Binned,488nm Binned_Seq0179.nd2",561nm Binned,488nm Binned,3,whole_field_foreground,stable_channel,716444,13717025.0,11522671.0,16.460277557373047,2194354.0,827,0.001154312130464971,122.70362053240369,15.0,5.251053840900215,5.251053840900215,screening metric for punctate-to-diffuse reporter redistribution; not rupture proof
N08,N,08,PLD3_TMEM106B_mCherry_primary,site0,25,"260305_day25_iNeurons_WellN08_Channel405nm Binned,561nm Binned,488nm Binned_Seq0179.nd2",561nm Binned,488nm Binned,4,whole_field_foreground,stable_channel,487078,7791304.0,6812002.0,14.286197662353516,979302.0,711,0.001459725136422791,85.64485479105375,10.0,6.955976807964289,6.955976807964289,screening metric for punctate-to-diffuse reporter redistribution; not rupture proof
N08,N,08,PLD3_TMEM106B_mCherry_primary,site0,29,"260309_Day29_WellN08_Channel405nm Binned,561nm Binned,488nm Binned_Seq0179.nd2",561nm Binned,488nm Binned,5,whole_field_foreground,stable_channel,696990,13458871.0,11603407.0,17.01154899597168,1855464.0,1042,0.0014949999282608142,113.29339275616373,11.0,6.253641676687743,6.253641676687743,screening metric for punctate-to-diffuse reporter redistribution; not rupture proof
N08,N,08,PLD3_TMEM106B_mCherry_primary,site0,32,"260312_Day32_WellN08_Channel405nm Binned,561 nm,488nm Binned_Seq0179.nd2",561nm Binned,488nm Binned,6,whole_field_foreground,stable_channel,749390,15096917.0,12935015.0,17.64393424987793,2161902.0,1097,0.0014638572705781183,119.28411208703068,11.0,5.983164361749061,5.983164361749061,screening metric for punctate-to-diffuse reporter redistribution; not rupture proof
N08,N,08,PLD3_TMEM106B_mCherry_primary,site0,36,"260316_Day36_WellN08_Channel405nm Binned,561nm Binned,488nm Binned_Seq0179.nd2",561nm Binned,488nm Binned,7,whole_field_foreground,stable_channel,797944,17256154.0,14871165.0,19.050575256347656,2384989.0,1124,0.0014086201537934885,121.8737796430486,11.0,6.235318066453877,6.235318066453877,screening metric for punctate-to-diffuse reporter redistribution; not rupture proof
N08,N,08,PLD3_TMEM106B_mCherry_primary,site0,39,"260319_Day39_WellN08_Channel405nm Binned,561nm Binned,488nm Binned_Seq0179.nd2",561nm Binned,488nm Binned,8,whole_field_foreground,stable_channel,832190,21079240.0,18463034.0,22.68021583557129,2616206.0,1085,0.0013037887982296065,126.44239054385419,12.0,7.05717898360945,7.05717898360945,screening metric for punctate-to-diffuse reporter redistribution; not rupture proof
N09,N,09,PLD3_TMEM106B_mCherry_primary,site0,8,"260216_Day8_iNeurons_WellN09_Channel405nm Binned,561nm Binned,488nm Binned_Seq0180.nd2",561nm Binned,488nm Binned,0,whole_field_foreground,stable_channel,761782,15241563.0,11567719.0,15.556017875671387,3673844.0,810,0.0010632963236187475,182.160248838825,19.0,3.1486690779458386,3.1486690779458386,screening metric for punctate-to-diffuse reporter redistribution; not rupture proof
N09,N,09,PLD3_TMEM106B_mCherry_primary,site0,12,"260220_Day12_WellN09_Channel405nm Binned,561nm Binned,488nm Binned_Seq0180.nd2",561nm Binned,488nm Binned,1,whole_field_foreground,stable_channel,728440,13523236.0,11124463.0,15.63355541229248,2398773.0,779,0.0010694085991968187,121.19871454887733,16.0,4.6375638711938825,4.6375638711938825,screening metric for punctate-to-diffuse reporter redistribution; not rupture proof
N09,N,09,PLD3_TMEM106B_mCherry_primary,site0,16,"260224_day16_WellN09_Channel405nm Binned,561nm Binned,488nm Binned_Seq0180.nd2",561nm Binned,488nm Binned,2,whole_field_foreground,stable_channel,711459,14657788.0,12183295.0,17.53209114074707,2474493.0,741,0.0010415217180455353,134.83780620744835,17.0,4.923552016512101,4.923552016512101,screening metric for punctate-to-diffuse reporter redistribution; not rupture proof
N09,N,09,PLD3_TMEM106B_mCherry_primary,site0,20,"260228_day20_WellN09_Channel405nm Binned,561nm Binned,488nm Binned_Seq0180.nd2",561nm Binned,488nm Binned,3,whole_field_foreground,stable_channel,743669,14105622.0,11882032.0,16.349319458007812,2223590.0,848,0.0011402922536758418,119.3740285252625,14.0,5.34362539856478,5.34362539856478,screening metric for punctate-to-diffuse reporter redistribution; not rupture proof
N09,N,09,PLD3_TMEM106B_mCherry_primary,site0,25,"260305_day25_iNeurons_WellN09_Channel405nm Binned,561nm Binned,488nm Binned_Seq0180.nd2",561nm Binned,488nm Binned,4,whole_field_foreground,stable_channel,488180,7764360.0,6734791.0,14.09521198272705,1029569.0,662,0.0013560571920165593,86.84227951487746,12.0,6.541369252564382,6.541369252564382,screening metric for punctate-to-diffuse reporter redistribution; not rupture proof
N09,N,09,PLD3_TMEM106B_mCherry_primary,site0,29,"260309_Day29_WellN09_Channel405nm Binned,561nm Binned,488nm Binned_Seq0180.nd2",561nm Binned,488nm Binned,5,whole_field_foreground,stable_channel,709237,13439177.0,11502192.0,16.57985496520996,1936985.0,1061,0.001495973842310122,111.8086493669199,11.0,5.938193635982757,5.938193635982757,screening metric for punctate-to-diffuse reporter redistribution; not rupture proof
N09,N,09,PLD3_TMEM106B_mCherry_primary,site0,32,"260312_Day32_WellN09_Channel405nm Binned,561 nm,488nm Binned_Seq0180.nd2",561nm Binned,488nm Binned,6,whole_field_foreground,stable_channel,746151,14287125.0,12280880.0,16.82137107849121,2006245.0,1084,0.001452789046719159,112.34327315228451,11.0,6.121326159065258,6.121326159065258,screening metric for punctate-to-diffuse reporter redistribution; not rupture proof
N09,N,09,PLD3_TMEM106B_mCherry_primary,site0,36,"260316_Day36_WellN09_Channel405nm Binned,561nm Binned,488nm Binned_Seq0180.nd2",561nm Binned,488nm Binned,7,whole_field_foreground,stable_channel,810860,16757363.0,14457719.0,18.22381591796875,2299644.0,1131,0.001394815381198487,116.82293543322334,11.0,6.286937891253479,6.286937891253479,screening metric for punctate-to-diffuse reporter redistribution; not rupture proof
N09,N,09,PLD3_TMEM106B_mCherry_primary,site0,39,"260319_Day39_WellN09_Channel405nm Binned,561nm Binned,488nm Binned_Seq0180.nd2",561nm Binned,488nm Binned,8,whole_field_foreground,stable_channel,789222,19408328.0,16985788.0,22.006336212158203,2422540.0,1042,0.001320287574343695,123.34283932339893,12.0,7.011561419003604,7.011561419003604,screening metric for punctate-to-diffuse reporter redistribution; not rupture proof
N10,N,10,PLD3_TMEM106B_mCherry_primary,site0,8,"260216_Day8_iNeurons_WellN10_Channel405nm Binned,561nm Binned,488nm Binned_Seq0181.nd2",561nm Binned,488nm Binned,0,whole_field_foreground,stable_channel,732240,14928465.0,11389629.0,15.932848930358887,3538836.0,811,0.001107560362721092,185.32606699199184,18.0,3.218467597819391,3.218467597819391,screening metric for punctate-to-diffuse reporter redistribution; not rupture proof
N10,N,10,PLD3_TMEM106B_mCherry_primary,site0,12,"260220_Day12_WellN10_Channel405nm Binned,561nm Binned,488nm Binned_Seq0181.nd2",561nm Binned,488nm Binned,1,whole_field_foreground,stable_channel,686415,12760780.0,10558305.0,15.750835418701172,2202475.0,749,0.0010911766205559446,119.74133418430792,17.0,4.793836479413027,4.793836479413027,screening metric for punctate-to-diffuse reporter redistribution; not rupture proof
N10,N,10,PLD3_TMEM106B_mCherry_primary,site0,16,"260224_day16_WellN10_Channel405nm Binned,561nm Binned,488nm Binned_Seq0181.nd2",561nm Binned,488nm Binned,2,whole_field_foreground,stable_channel,698874,13768529.0,11326755.0,16.59571075439453,2441774.0,717,0.0010259360056304484,131.91810329123354,17.0,4.638740112719425,4.638740112719425,screening metric for punctate-to-diffuse reporter redistribution; not rupture proof
N10,N,10,PLD3_TMEM106B_mCherry_primary,site0,20,"260228_day20_WellN10_Channel405nm Binned,561nm Binned,488nm Binned_Seq0181.nd2",561nm Binned,488nm Binned,3,whole_field_foreground,stable_channel,709777,13304311.0,11084542.0,15.985299110412598,2219769.0,770,0.0010848477761309751,122.516037225104,15.0,4.993556536736484,4.993556536736484,screening metric for punctate-to-diffuse reporter redistribution; not rupture proof
N10,N,10,PLD3_TMEM106B_mCherry_primary,site0,25,"260305_day25_iNeurons_WellN10_Channel405nm Binned,561nm Binned,488nm Binned_Seq0181.nd2",561nm Binned,488nm Binned,4,whole_field_foreground,stable_channel,470215,7134358.0,6254624.0,13.591277122497559,879734.0,662,0.0014078666142053999,78.80018295910423,11.0,7.10967633397469,7.10967633397469,screening metric for punctate-to-diffuse reporter redistribution; not rupture proof
N10,N,10,PLD3_TMEM106B_mCherry_primary,site0,29,"260309_Day29_WellN10_Channel405nm Binned,561nm Binned,488nm Binned_Seq0181.nd2",561nm Binned,488nm Binned,5,whole_field_foreground,stable_channel,661447,12189736.0,10466400.0,16.173015594482422,1723336.0,1000,0.0015118369272193964,111.26906868743896,11.0,6.0733368304230435,6.0733368304230435,screening metric for punctate-to-diffuse reporter redistribution; not rupture proof
N10,N,10,PLD3_TMEM106B_mCherry_primary,site0,32,"260312_Day32_WellN10_Channel405nm Binned,561 nm,488nm Binned_Seq0181.nd2",561nm Binned,488nm Binned,6,whole_field_foreground,stable_channel,730644,14350570.0,12293959.0,17.200145721435547,2056611.0,1044,0.0014288764432453713,117.33787626873031,12.0,5.977775573501271,5.977775573501271,screening metric for punctate-to-diffuse reporter redistribution; not rupture proof
N10,N,10,PLD3_TMEM106B_mCherry_primary,site0,36,"260316_Day36_WellN10_Channel405nm Binned,561nm Binned,488nm Binned_Seq0181.nd2",561nm Binned,488nm Binned,7,whole_field_foreground,stable_channel,801516,16818272.0,14425780.0,18.39598274230957,2392492.0,1103,0.0013761422105093646,123.46956194949388,11.0,6.0296042787160715,6.0296042787160715,screening metric for punctate-to-diffuse reporter redistribution; not rupture proof
N10,N,10,PLD3_TMEM106B_mCherry_primary,site0,39,"260319_Day39_WellN10_Channel405nm Binned,561nm Binned,488nm Binned_Seq0181.nd2",561nm Binned,488nm Binned,8,whole_field_foreground,stable_channel,745707,18413260.0,16023582.0,21.973350524902344,2389678.0,997,0.001336986242584102,127.60938447361126,12.0,6.705331011120869,6.705331011120869,screening metric for punctate-to-diffuse reporter redistribution; not rupture proof
N11,N,11,PLD3_TMEM106B_mCherry_primary,site0,8,"260216_Day8_iNeurons_WellN11_Channel405nm Binned,561nm Binned,488nm Binned_Seq0182.nd2",561nm Binned,488nm Binned,0,whole_field_foreground,stable_channel,756490,15358171.0,11589053.0,15.695603370666504,3769118.0,837,0.0011064257293538495,189.40420771955448,19.0,3.0747387054469844,3.0747387054469844,screening metric for punctate-to-diffuse reporter redistribution; not rupture proof
N11,N,11,PLD3_TMEM106B_mCherry_primary,site0,12,"260220_Day12_WellN11_Channel405nm Binned,561nm Binned,488nm Binned_Seq0182.nd2",561nm Binned,488nm Binned,1,whole_field_foreground,stable_channel,679390,12930147.0,10660331.0,16.06277084350586,2269816.0,719,0.0010583023005916214,125.7598665102135,17.0,4.696561747734312,4.696561747734312,screening metric for punctate-to-diffuse reporter redistribution; not rupture proof
N11,N,11,PLD3_TMEM106B_mCherry_primary,site0,16,"260224_day16_WellN11_Channel405nm Binned,561nm Binned,488nm Binned_Seq0182.nd2",561nm Binned,488nm Binned,2,whole_field_foreground,stable_channel,686279,14197659.0,11721962.0,17.489070892333984,2475697.0,686,0.000999593459801335,139.54137455131152,19.0,4.7348128627999575,4.7348128627999575,screening metric for punctate-to-diffuse reporter redistribution; not rupture proof
N11,N,11,PLD3_TMEM106B_mCherry_primary,site0,20,"260228_day20_WellN11_Channel405nm Binned,561nm Binned,488nm Binned_Seq0182.nd2",561nm Binned,488nm Binned,3,whole_field_foreground,stable_channel,711291,13477334.0,11235533.0,16.168188095092773,2241801.0,769,0.0010811327571963077,125.02238063539423,16.0,5.0118333429216015,5.0118333429216015,screening metric for punctate-to-diffuse reporter redistribution; not rupture proof
N11,N,11,PLD3_TMEM106B_mCherry_primary,site0,25,"260305_day25_iNeurons_WellN11_Channel405nm Binned,561nm Binned,488nm Binned_Seq0182.nd2",561nm Binned,488nm Binned,4,whole_field_foreground,stable_channel,467011,7130505.0,6248905.0,13.672884941101074,881600.0,705,0.0015096004162610526,80.34637522595995,11.0,7.088140880209746,7.088140880209746,screening metric for punctate-to-diffuse reporter redistribution; not rupture proof
N11,N,11,PLD3_TMEM106B_mCherry_primary,site0,29,"260309_Day29_WellN11_Channel405nm Binned,561nm Binned,488nm Binned_Seq0182.nd2",561nm Binned,488nm Binned,5,whole_field_foreground,stable_channel,672343,12983862.0,11144910.0,16.9427547454834,1838952.0,972,0.0014456906668152331,115.00632574921282,12.0,6.060468136196018,6.060468136196018,screening metric for punctate-to-diffuse reporter redistribution; not rupture proof
N11,N,11,PLD3_TMEM106B_mCherry_primary,site0,32,"260312_Day32_WellN11_Channel405nm Binned,561 nm,488nm Binned_Seq0182.nd2",561nm Binned,488nm Binned,6,whole_field_foreground,stable_channel,727320,14638969.0,12547685.0,17.633132934570312,2091284.0,993,0.0013652862563914572,119.5379846040816,11.0,5.999990914669648,5.999990914669648,screening metric for punctate-to-diffuse reporter redistribution; not rupture proof
N11,N,11,PLD3_TMEM106B_mCherry_primary,site0,36,"260316_Day36_WellN11_Channel405nm Binned,561nm Binned,488nm Binned_Seq0182.nd2",561nm Binned,488nm Binned,7,whole_field_foreground,stable_channel,800175,16424434.0,14113466.0,18.02877426147461,2310968.0,1091,0.0013634517449290925,118.53552519870831,12.0,6.107166347605806,6.107166347605806,screening metric for punctate-to-diffuse reporter redistribution; not rupture proof
N11,N,11,PLD3_TMEM106B_mCherry_primary,site0,39,"260319_Day39_WellN11_Channel405nm Binned,561nm Binned,488nm Binned_Seq0182.nd2",561nm Binned,488nm Binned,8,whole_field_foreground,stable_channel,791624,19031988.0,16627112.0,21.47348403930664,2404875.0,1013,0.0012796479136543617,122.27036114059102,12.0,6.913919434479167,6.913919434479167,screening metric for punctate-to-diffuse reporter redistribution; not rupture proof
N14,N,14,PLD3_TMEM106B_mCherry_primary,site0,8,"260216_Day8_iNeurons_WellN14_Channel405nm Binned,561nm Binned,488nm Binned_Seq0185.nd2",561nm Binned,488nm Binned,0,whole_field_foreground,stable_channel,791127,15768477.0,12118053.0,15.690984725952148,3650424.0,835,0.0010554563300190039,174.65436714766267,20.0,3.3196288979024575,3.3196288979024575,screening metric for punctate-to-diffuse reporter redistribution; not rupture proof
N14,N,14,PLD3_TMEM106B_mCherry_primary,site0,12,"260220_Day12_WellN14_Channel405nm Binned,561nm Binned,488nm Binned_Seq0185.nd2",561nm Binned,488nm Binned,1,whole_field_foreground,stable_channel,768038,13511409.0,11006563.0,14.67183780670166,2504846.0,766,0.0009973464854590563,121.51264786782527,18.0,4.394107661706791,4.394107661706791,screening metric for punctate-to-diffuse reporter redistribution; not rupture proof
N14,N,14,PLD3_TMEM106B_mCherry_primary,site0,16,"260224_day16_WellN14_Channel405nm Binned,561nm Binned,488nm Binned_Seq0185.nd2",561nm Binned,488nm Binned,2,whole_field_foreground,stable_channel,829528,15752357.0,12870565.0,15.890959739685059,2881792.0,784,0.0009451157766815042,130.56353009963522,19.0,4.46616723205406,4.46616723205406,screening metric for punctate-to-diffuse reporter redistribution; not rupture proof
N14,N,14,PLD3_TMEM106B_mCherry_primary,site0,20,"260228_day20_WellN14_Channel405nm Binned,561nm Binned,488nm Binned_Seq0185.nd2",561nm Binned,488nm Binned,3,whole_field_foreground,stable_channel,839911,14689622.0,12168713.0,14.83298397064209,2520909.0,873,0.0010393958407485563,115.30909539361454,15.0,4.827113156403176,4.827113156403176,screening metric for punctate-to-diffuse reporter redistribution; not rupture proof
N14,N,14,PLD3_TMEM106B_mCherry_primary,site0,25,"260305_day25_iNeurons_WellN14_Channel405nm Binned,561nm Binned,488nm Binned_Seq0185.nd2",561nm Binned,488nm Binned,4,whole_field_foreground,stable_channel,510726,7722499.0,6687899.0,13.383748054504395,1034600.0,706,0.001382345915419653,83.40492299866068,11.0,6.464236419866166,6.464236419866166,screening metric for punctate-to-diffuse reporter redistribution; not rupture proof
N14,N,14,PLD3_TMEM106B_mCherry_primary,site0,29,"260309_Day29_WellN14_Channel405nm Binned,561nm Binned,488nm Binned_Seq0185.nd2",561nm Binned,488nm Binned,5,whole_field_foreground,stable_channel,748843,13256902.0,11272746.0,15.387796401977539,1984156.0,1059,0.0014141816108297544,109.73404633087071,12.0,5.681380899482862,5.681380899482862,screening metric for punctate-to-diffuse reporter redistribution; not rupture proof
N14,N,14,PLD3_TMEM106B_mCherry_primary,site0,32,"260312_Day32_WellN14_Channel405nm Binned,561 nm,488nm Binned_Seq0185.nd2",561nm Binned,488nm Binned,6,whole_field_foreground,stable_channel,817019,15144910.0,12840722.0,16.069503784179688,2304188.0,1095,0.0013402381095160086,114.11230925816923,12.0,5.572775311734298,5.572775311734298,screening metric for punctate-to-diffuse reporter redistribution; not rupture proof
N14,N,14,PLD3_TMEM106B_mCherry_primary,site0,36,"260316_Day36_WellN14_Channel405nm Binned,561nm Binned,488nm Binned_Seq0185.nd2",561nm Binned,488nm Binned,7,whole_field_foreground,stable_channel,917021,17472674.0,14851561.0,16.56305503845215,2621113.0,1196,0.0013042231312027704,111.30023955660918,12.0,5.666127709867654,5.666127709867654,screening metric for punctate-to-diffuse reporter redistribution; not rupture proof
N14,N,14,PLD3_TMEM106B_mCherry_primary,site0,39,"260319_Day39_WellN14_Channel405nm Binned,561nm Binned,488nm Binned_Seq0185.nd2",561nm Binned,488nm Binned,8,whole_field_foreground,stable_channel,895306,19337796.0,16813332.0,19.203845977783203,2524466.0,1108,0.001237565703791511,111.88706821138678,13.0,6.66015387016238,6.66015387016238,screening metric for punctate-to-diffuse reporter redistribution; not rupture proof
N13,N,13,PLD3_TMEM106B_mCherry_primary,site0,8,"260216_Day8_iNeurons_WellN13_Channel405nm Binned,561nm Binned,488nm Binned_Seq0184.nd2",561nm Binned,488nm Binned,0,whole_field_foreground,stable_channel,660648,13743126.0,10487121.0,16.260967254638672,3256005.0,737,0.0011155713784025449,189.23905573188856,18.0,3.2208553119533847,3.2208553119533847,screening metric for punctate-to-diffuse reporter redistribution; not rupture proof
N13,N,13,PLD3_TMEM106B_mCherry_primary,site0,12,"260220_Day12_WellN13_Channel405nm Binned,561nm Binned,488nm Binned_Seq0184.nd2",561nm Binned,488nm Binned,1,whole_field_foreground,stable_channel,614788,11188591.0,9239076.0,15.383435249328613,1949515.0,671,0.001091433144431753,119.74234378888603,16.0,4.739166408052906,4.739166408052906,screening metric for punctate-to-diffuse reporter redistribution; not rupture proof
N13,N,13,PLD3_TMEM106B_mCherry_primary,site0,16,"260224_day16_WellN13_Channel405nm Binned,561nm Binned,488nm Binned_Seq0184.nd2",561nm Binned,488nm Binned,2,whole_field_foreground,stable_channel,639503,12935382.0,10658267.0,17.0631103515625,2277115.0,678,0.0010601983102486458,139.02645104332308,17.0,4.680601111492094,4.680601111492094,screening metric for punctate-to-diffuse reporter redistribution; not rupture proof
N13,N,13,PLD3_TMEM106B_mCherry_primary,site0,20,"260228_day20_WellN13_Channel405nm Binned,561nm Binned,488nm Binned_Seq0184.nd2",561nm Binned,488nm Binned,3,whole_field_foreground,stable_channel,658624,12540595.0,10402744.0,16.166080474853516,2137851.0,733,0.0011129263434051706,126.20802989923287,15.0,4.86598177328314,4.86598177328314,screening metric for punctate-to-diffuse reporter redistribution; not rupture proof
N13,N,13,PLD3_TMEM106B_mCherry_primary,site0,25,"260305_day25_iNeurons_WellN13_Channel405nm Binned,561nm Binned,488nm Binned_Seq0184.nd2",561nm Binned,488nm Binned,4,whole_field_foreground,stable_channel,420966,6450612.0,5627342.0,13.658663749694824,823270.0,620,0.001472803029219764,82.64057626416606,11.0,6.835354136544711,6.835354136544711,screening metric for punctate-to-diffuse reporter redistribution; not rupture proof
N13,N,13,PLD3_TMEM106B_mCherry_primary,site0,29,"260309_Day29_WellN13_Channel405nm Binned,561nm Binned,488nm Binned_Seq0184.nd2",561nm Binned,488nm Binned,5,whole_field_foreground,stable_channel,600426,11876397.0,10219017.0,17.39072608947754,1657380.0,902,0.0015022667239568202,117.60351639893526,11.0,6.1657658472974415,6.1657658472974415,screening metric for punctate-to-diffuse reporter redistribution; not rupture proof
N13,N,13,PLD3_TMEM106B_mCherry_primary,site0,32,"260312_Day32_WellN13_Channel405nm Binned,561 nm,488nm Binned_Seq0184.nd2",561nm Binned,488nm Binned,6,whole_field_foreground,stable_channel,665240,13053101.0,11178221.0,17.17229652404785,1874880.0,1002,0.0015062233178980424,116.72723478138327,11.0,5.962099441027712,5.962099441027712,screening metric for punctate-to-diffuse reporter redistribution; not rupture proof
N13,N,13,PLD3_TMEM106B_mCherry_primary,site0,36,"260316_Day36_WellN13_Channel405nm Binned,561nm Binned,488nm Binned_Seq0184.nd2",561nm Binned,488nm Binned,7,whole_field_foreground,stable_channel,710679,14932174.0,12862587.0,18.499120712280273,2069587.0,977,0.0013747416203357989,119.80862981977823,12.0,6.215050152515349,6.215050152515349,screening metric for punctate-to-diffuse reporter redistribution; not rupture proof
N13,N,13,PLD3_TMEM106B_mCherry_primary,site0,39,"260319_Day39_WellN13_Channel405nm Binned,561nm Binned,488nm Binned_Seq0184.nd2",561nm Binned,488nm Binned,8,whole_field_foreground,stable_channel,685805,17351988.0,15154505.0,22.591487884521484,2197482.0,906,0.0013210752327537404,129.80705676384056,12.0,6.896304497599118,6.896304497599118,screening metric for punctate-to-diffuse reporter redistribution; not rupture proof
N12,N,12,PLD3_TMEM106B_mCherry_primary,site0,8,"260216_Day8_iNeurons_WellN12_Channel405nm Binned,561nm Binned,488nm Binned_Seq0183.nd2",561nm Binned,488nm Binned,0,whole_field_foreground,stable_channel,793715,16827874.0,12787378.0,16.5062313079834,4040496.0,857,0.0010797326496272846,195.1240234998171,19.0,3.164804024059629,3.164804024059629,screening metric for punctate-to-diffuse reporter redistribution; not rupture proof
N12,N,12,PLD3_TMEM106B_mCherry_primary,site0,12,"260220_Day12_WellN12_Channel405nm Binned,561nm Binned,488nm Binned_Seq0183.nd2",561nm Binned,488nm Binned,1,whole_field_foreground,stable_channel,739269,14057730.0,11652795.0,16.137638092041016,2404935.0,778,0.0010523909429435666,122.74388313293457,18.0,4.84536796212586,4.84536796212586,screening metric for punctate-to-diffuse reporter redistribution; not rupture proof
N12,N,12,PLD3_TMEM106B_mCherry_primary,site0,16,"260224_day16_WellN12_Channel405nm Binned,561nm Binned,488nm Binned_Seq0183.nd2",561nm Binned,488nm Binned,2,whole_field_foreground,stable_channel,793541,16034959.0,13220304.0,17.058059692382812,2814655.0,788,0.000993017374022271,134.0452438005941,18.0,4.6969536230889055,4.6969536230889055,screening metric for punctate-to-diffuse reporter redistribution; not rupture proof
N12,N,12,PLD3_TMEM106B_mCherry_primary,site0,20,"260228_day20_WellN12_Channel405nm Binned,561nm Binned,488nm Binned_Seq0183.nd2",561nm Binned,488nm Binned,3,whole_field_foreground,stable_channel,804215,15340695.0,12877300.0,16.388900756835938,2463395.0,902,0.0011215906194225157,120.25599579060422,15.0,5.227460476291774,5.227460476291774,screening metric for punctate-to-diffuse reporter redistribution; not rupture proof
N12,N,12,PLD3_TMEM106B_mCherry_primary,site0,25,"260305_day25_iNeurons_WellN12_Channel405nm Binned,561nm Binned,488nm Binned_Seq0183.nd2",561nm Binned,488nm Binned,4,whole_field_foreground,stable_channel,541347,8536407.0,7444115.0,14.047355651855469,1092292.0,798,0.0014741007154348798,85.93566667465936,11.0,6.815132766689846,6.815132766689846,screening metric for punctate-to-diffuse reporter redistribution; not rupture proof
N12,N,12,PLD3_TMEM106B_mCherry_primary,site0,29,"260309_Day29_WellN12_Channel405nm Binned,561nm Binned,488nm Binned_Seq0183.nd2",561nm Binned,488nm Binned,5,whole_field_foreground,stable_channel,779269,14517808.0,12406394.0,16.274757385253906,2111414.0,1147,0.0014718922477328473,112.39373330645907,11.0,5.87586991466104,5.87586991466104,screening metric for punctate-to-diffuse reporter redistribution; not rupture proof
N12,N,12,PLD3_TMEM106B_mCherry_primary,site0,32,"260312_Day32_WellN12_Channel405nm Binned,561 nm,488nm Binned_Seq0183.nd2",561nm Binned,488nm Binned,6,whole_field_foreground,stable_channel,813148,15950375.0,13613043.0,17.11182975769043,2337332.0,1155,0.0014204056334130805,119.3121132590554,11.0,5.824180304721014,5.824180304721014,screening metric for punctate-to-diffuse reporter redistribution; not rupture proof
N12,N,12,PLD3_TMEM106B_mCherry_primary,site0,36,"260316_Day36_WellN12_Channel405nm Binned,561nm Binned,488nm Binned_Seq0183.nd2",561nm Binned,488nm Binned,7,whole_field_foreground,stable_channel,887812,17886856.0,15350577.0,17.674957275390625,2536280.0,1183,0.0013324893107985335,116.93519367208344,12.0,6.052398394496644,6.052398394496644,screening metric for punctate-to-diffuse reporter redistribution; not rupture proof
N12,N,12,PLD3_TMEM106B_mCherry_primary,site0,39,"260319_Day39_WellN12_Channel405nm Binned,561nm Binned,488nm Binned_Seq0183.nd2",561nm Binned,488nm Binned,8,whole_field_foreground,stable_channel,895996,21666502.0,18884948.0,21.552648544311523,2781554.0,1170,0.0013058094009333681,123.92290847321861,12.0,6.789351563907518,6.789351563907518,screening metric for punctate-to-diffuse reporter redistribution; not rupture proof
N15,N,15,PLD3_TMEM106B_mCherry_primary,site0,8,"260216_Day8_iNeurons_WellN15_Channel405nm Binned,561nm Binned,488nm Binned_Seq0186.nd2",561nm Binned,488nm Binned,0,whole_field_foreground,stable_channel,630687,12227971.0,9395991.0,15.26272201538086,2831980.0,660,0.0010464778883962306,170.46238636826024,19.0,3.317816863112269,3.317816863112269,screening metric for punctate-to-diffuse reporter redistribution; not rupture proof
N15,N,15,PLD3_TMEM106B_mCherry_primary,site0,12,"260220_Day12_WellN15_Channel405nm Binned,561nm Binned,488nm Binned_Seq0186.nd2",561nm Binned,488nm Binned,1,whole_field_foreground,stable_channel,546622,10091198.0,8289768.0,15.5304536819458,1801430.0,574,0.0010500857996914685,120.49777775275999,16.0,4.601770815405205,4.601770815405205,screening metric for punctate-to-diffuse reporter redistribution; not rupture proof
N15,N,15,PLD3_TMEM106B_mCherry_primary,site0,16,"260224_day16_WellN15_Channel405nm Binned,561nm Binned,488nm Binned_Seq0186.nd2",561nm Binned,488nm Binned,2,whole_field_foreground,stable_channel,557104,11289184.0,9274157.0,17.043508529663086,2015027.0,554,0.0009944283293586216,138.734681456528,18.0,4.602497634024456,4.602497634024456,screening metric for punctate-to-diffuse reporter redistribution; not rupture proof
N15,N,15,PLD3_TMEM106B_mCherry_primary,site0,20,"260228_day20_WellN15_Channel405nm Binned,561nm Binned,488nm Binned_Seq0186.nd2",561nm Binned,488nm Binned,3,whole_field_foreground,stable_channel,551943,10235010.0,8544089.0,15.846362113952637,1690921.0,634,0.0011486693372302055,119.91251904580871,14.0,5.052920272440254,5.052920272440254,screening metric for punctate-to-diffuse reporter redistribution; not rupture proof
N15,N,15,PLD3_TMEM106B_mCherry_primary,site0,25,"260305_day25_iNeurons_WellN15_Channel405nm Binned,561nm Binned,488nm Binned_Seq0186.nd2",561nm Binned,488nm Binned,4,whole_field_foreground,stable_channel,362064,5515938.0,4809575.0,13.575517654418945,706363.0,518,0.0014306862875032296,80.84180091062568,12.0,6.80892827058211,6.80892827058211,screening metric for punctate-to-diffuse reporter redistribution; not rupture proof
N15,N,15,PLD3_TMEM106B_mCherry_primary,site0,29,"260309_Day29_WellN15_Channel405nm Binned,561nm Binned,488nm Binned_Seq0186.nd2",561nm Binned,488nm Binned,5,whole_field_foreground,stable_channel,525427,10045341.0,8552741.0,16.64012336730957,1492600.0,752,0.0014312168959695044,117.02698627431342,11.0,5.73009580597231,5.73009580597231,screening metric for punctate-to-diffuse reporter redistribution; not rupture proof
N15,N,15,PLD3_TMEM106B_mCherry_primary,site0,32,"260312_Day32_WellN15_Channel405nm Binned,561 nm,488nm Binned_Seq0186.nd2",561nm Binned,488nm Binned,6,whole_field_foreground,stable_channel,568305,11285038.0,9620952.0,17.301910400390625,1664086.0,776,0.0013654639674094624,119.99882472421704,11.0,5.781523310690805,5.781523310690805,screening metric for punctate-to-diffuse reporter redistribution; not rupture proof
N15,N,15,PLD3_TMEM106B_mCherry_primary,site0,36,"260316_Day36_WellN15_Channel405nm Binned,561nm Binned,488nm Binned_Seq0186.nd2",561nm Binned,488nm Binned,7,whole_field_foreground,stable_channel,654283,13563300.0,11676587.0,18.245237350463867,1886713.0,903,0.0013801367298227523,118.5347420110523,12.0,6.188851722542756,6.188851722542756,screening metric for punctate-to-diffuse reporter redistribution; not rupture proof
N15,N,15,PLD3_TMEM106B_mCherry_primary,site0,39,"260319_Day39_WellN15_Channel405nm Binned,561nm Binned,488nm Binned_Seq0186.nd2",561nm Binned,488nm Binned,8,whole_field_foreground,stable_channel,628980,14646916.0,12811066.0,20.825075149536133,1835850.0,807,0.0012830296670779944,117.8556632333824,13.0,6.978274913523992,6.978274913523992,screening metric for punctate-to-diffuse reporter redistribution; not rupture proof
N16,N,16,PLD3_TMEM106B_mCherry_primary,site0,8,"260216_Day8_iNeurons_WellN16_Channel405nm Binned,561nm Binned,488nm Binned_Seq0187.nd2",561nm Binned,488nm Binned,0,whole_field_foreground,stable_channel,835170,16666313.0,12702860.0,15.580156326293945,3963453.0,853,0.0010213489469197631,180.0482550170469,21.0,3.20499826792365,3.20499826792365,screening metric for punctate-to-diffuse reporter redistribution; not rupture proof
N16,N,16,PLD3_TMEM106B_mCherry_primary,site0,12,"260220_Day12_WellN16_Channel405nm Binned,561nm Binned,488nm Binned_Seq0187.nd2",561nm Binned,488nm Binned,1,whole_field_foreground,stable_channel,794269,14538318.0,11938699.0,15.389939308166504,2599619.0,809,0.001018546613299753,120.56943858067686,18.0,4.592480282685813,4.592480282685813,screening metric for punctate-to-diffuse reporter redistribution; not rupture proof
N16,N,16,PLD3_TMEM106B_mCherry_primary,site0,16,"260224_day16_WellN16_Channel405nm Binned,561nm Binned,488nm Binned_Seq0187.nd2",561nm Binned,488nm Binned,2,whole_field_foreground,stable_channel,867829,16360961.0,13323828.0,15.725319862365723,3037133.0,827,0.0009529527130333822,130.48440813758785,19.0,4.386975479834309,4.386975479834309,screening metric for punctate-to-diffuse reporter redistribution; not rupture proof
N16,N,16,PLD3_TMEM106B_mCherry_primary,site0,20,"260228_day20_WellN16_Channel405nm Binned,561nm Binned,488nm Binned_Seq0187.nd2",561nm Binned,488nm Binned,3,whole_field_foreground,stable_channel,872540,14823129.0,12313078.0,14.44650936126709,2510051.0,890,0.001020010543928049,111.56679335604893,17.0,4.905509091247587,4.905509091247587,screening metric for punctate-to-diffuse reporter redistribution; not rupture proof
N16,N,16,PLD3_TMEM106B_mCherry_primary,site0,25,"260305_day25_iNeurons_WellN16_Channel405nm Binned,561nm Binned,488nm Binned_Seq0187.nd2",561nm Binned,488nm Binned,4,whole_field_foreground,stable_channel,526110,7610908.0,6679851.0,12.976883888244629,931057.0,773,0.00146927448632136,73.76094624666162,11.0,7.1744812616121525,7.1744812616121525,screening metric for punctate-to-diffuse reporter redistribution; not rupture proof
N16,N,16,PLD3_TMEM106B_mCherry_primary,site0,29,"260309_Day29_WellN16_Channel405nm Binned,561nm Binned,488nm Binned_Seq0187.nd2",561nm Binned,488nm Binned,5,whole_field_foreground,stable_channel,796697,13759035.0,11750491.0,15.078495979309082,2008544.0,1107,0.0013894868438046216,103.38691558424374,12.0,5.850253218248716,5.850253218248716,screening metric for punctate-to-diffuse reporter redistribution; not rupture proof
N16,N,16,PLD3_TMEM106B_mCherry_primary,site0,32,"260312_Day32_WellN16_Channel405nm Binned,561 nm,488nm Binned_Seq0187.nd2",561nm Binned,488nm Binned,6,whole_field_foreground,stable_channel,872665,14867004.0,12645306.0,14.819852828979492,2221698.0,1163,0.0013326992603102763,103.00000703242557,13.0,5.691730379193891,5.691730379193891,screening metric for punctate-to-diffuse reporter redistribution; not rupture proof
N16,N,16,PLD3_TMEM106B_mCherry_primary,site0,36,"260316_Day36_WellN16_Channel405nm Binned,561nm Binned,488nm Binned_Seq0187.nd2",561nm Binned,488nm Binned,7,whole_field_foreground,stable_channel,954298,16868990.0,14486104.0,15.524107933044434,2382886.0,1268,0.0013287254086235864,101.07180063506406,12.0,6.07922661847605,6.07922661847605,screening metric for punctate-to-diffuse reporter redistribution; not rupture proof
N16,N,16,PLD3_TMEM106B_mCherry_primary,site0,39,"260319_Day39_WellN16_Channel405nm Binned,561nm Binned,488nm Binned_Seq0187.nd2",561nm Binned,488nm Binned,8,whole_field_foreground,stable_channel,908002,19139968.0,16689003.0,18.796886444091797,2450965.0,1126,0.0012400853742599244,107.72387175958067,13.0,6.809155985496812,6.809155985496812,screening metric for punctate-to-diffuse reporter redistribution; not rupture proof
N17,N,17,PLD3_TMEM106B_mCherry_primary,site0,8,"260216_Day8_iNeurons_WellN17_Channel405nm Binned,561nm Binned,488nm Binned_Seq0188.nd2",561nm Binned,488nm Binned,0,whole_field_foreground,stable_channel,709750,15312223.0,11673391.0,16.844938278198242,3638832.0,764,0.001076435364563471,195.46864458653315,19.0,3.2080049312517844,3.2080049312517844,screening metric for punctate-to-diffuse reporter redistribution; not rupture proof
N17,N,17,PLD3_TMEM106B_mCherry_primary,site0,12,"260220_Day12_WellN17_Channel405nm Binned,561nm Binned,488nm Binned_Seq0188.nd2",561nm Binned,488nm Binned,1,whole_field_foreground,stable_channel,644608,11960761.0,9817754.0,15.595148086547852,2143007.0,726,0.0011262658856217634,124.79705438535076,16.0,4.58129814788072,4.58129814788072,screening metric for punctate-to-diffuse reporter redistribution; not rupture proof
N17,N,17,PLD3_TMEM106B_mCherry_primary,site0,16,"260224_day16_WellN17_Channel405nm Binned,561nm Binned,488nm Binned_Seq0188.nd2",561nm Binned,488nm Binned,2,whole_field_foreground,stable_channel,710838,14147825.0,11683313.0,16.82921600341797,2464512.0,706,0.000993193948549468,132.82968823700384,18.0,4.7406192382083185,4.7406192382083185,screening metric for punctate-to-diffuse reporter redistribution; not rupture proof
N17,N,17,PLD3_TMEM106B_mCherry_primary,site0,20,"260228_day20_WellN17_Channel405nm Binned,561nm Binned,488nm Binned_Seq0188.nd2",561nm Binned,488nm Binned,3,whole_field_foreground,stable_channel,716721,13458631.0,11174025.0,15.960088729858398,2284606.0,802,0.001118984932768652,123.28143824246756,15.0,4.891007464742327,4.891007464742327,screening metric for punctate-to-diffuse reporter redistribution; not rupture proof
N17,N,17,PLD3_TMEM106B_mCherry_primary,site0,25,"260305_day25_iNeurons_WellN17_Channel405nm Binned,561nm Binned,488nm Binned_Seq0188.nd2",561nm Binned,488nm Binned,4,whole_field_foreground,stable_channel,465066,6997831.0,6142358.0,13.493993759155273,855473.0,659,0.0014170031780404997,78.36092444435779,11.0,7.18007231086524,7.18007231086524,screening metric for punctate-to-diffuse reporter redistribution; not rupture proof
N17,N,17,PLD3_TMEM106B_mCherry_primary,site0,29,"260309_Day29_WellN17_Channel405nm Binned,561nm Binned,488nm Binned_Seq0188.nd2",561nm Binned,488nm Binned,5,whole_field_foreground,stable_channel,685887,12706521.0,10904040.0,16.253314971923828,1802481.0,988,0.0014404705148203124,109.8965626882638,12.0,6.049461825114356,6.049461825114356,screening metric for punctate-to-diffuse reporter redistribution; not rupture proof
N17,N,17,PLD3_TMEM106B_mCherry_primary,site0,32,"260312_Day32_WellN17_Channel405nm Binned,561 nm,488nm Binned_Seq0188.nd2",561nm Binned,488nm Binned,6,whole_field_foreground,stable_channel,739384,14149721.0,12124471.0,16.764568328857422,2025250.0,1042,0.0014092812395163957,113.69625846438124,11.0,5.9866539933312,5.9866539933312,screening metric for punctate-to-diffuse reporter redistribution; not rupture proof
N17,N,17,PLD3_TMEM106B_mCherry_primary,site0,36,"260316_Day36_WellN17_Channel405nm Binned,561nm Binned,488nm Binned_Seq0188.nd2",561nm Binned,488nm Binned,7,whole_field_foreground,stable_channel,806957,15874343.0,13679705.0,17.331899642944336,2194638.0,1087,0.0013470358395783826,111.95711629985118,12.0,6.233239832716725,6.233239832716725,screening metric for punctate-to-diffuse reporter redistribution; not rupture proof
N17,N,17,PLD3_TMEM106B_mCherry_primary,site0,39,"260319_Day39_WellN17_Channel405nm Binned,561nm Binned,488nm Binned_Seq0188.nd2",561nm Binned,488nm Binned,8,whole_field_foreground,stable_channel,811454,17958820.0,15612713.0,19.675508499145508,2346106.0,1057,0.0013026000241525674,116.52050868948338,12.0,6.654734696553927,6.654734696553927,screening metric for punctate-to-diffuse reporter redistribution; not rupture proof
N18,N,18,PLD3_TMEM106B_mCherry_primary,site0,8,"260216_Day8_iNeurons_WellN18_Channel405nm Binned,561nm Binned,488nm Binned_Seq0189.nd2",561nm Binned,488nm Binned,0,whole_field_foreground,stable_channel,788190,15650132.0,12081004.0,15.702973365783691,3569128.0,835,0.0010593892335590918,170.11809791976106,19.0,3.384861512390874,3.384861512390874,screening metric for punctate-to-diffuse reporter redistribution; not rupture proof
N18,N,18,PLD3_TMEM106B_mCherry_primary,site0,12,"260220_Day12_WellN18_Channel405nm Binned,561nm Binned,488nm Binned_Seq0189.nd2",561nm Binned,488nm Binned,1,whole_field_foreground,stable_channel,732639,13022856.0,10670797.0,14.915075302124023,2352059.0,754,0.001029156242022293,117.11383579264269,17.0,4.536789680869172,4.536789680869172,screening metric for punctate-to-diffuse reporter redistribution; not rupture proof
N18,N,18,PLD3_TMEM106B_mCherry_primary,site0,16,"260224_day16_WellN18_Channel405nm Binned,561nm Binned,488nm Binned_Seq0189.nd2",561nm Binned,488nm Binned,2,whole_field_foreground,stable_channel,790309,14278789.0,11720674.0,15.1865873336792,2558115.0,740,0.0009363426204169049,122.11357935312633,19.0,4.581761961442476,4.581761961442476,screening metric for punctate-to-diffuse reporter redistribution; not rupture proof
N18,N,18,PLD3_TMEM106B_mCherry_primary,site0,20,"260228_day20_WellN18_Channel405nm Binned,561nm Binned,488nm Binned_Seq0189.nd2",561nm Binned,488nm Binned,3,whole_field_foreground,stable_channel,799576,13823704.0,11451312.0,14.664117813110352,2372392.0,838,0.0010480554693974705,113.96039193000884,16.0,4.826905502967121,4.826905502967121,screening metric for punctate-to-diffuse reporter redistribution; not rupture proof
N18,N,18,PLD3_TMEM106B_mCherry_primary,site0,25,"260305_day25_iNeurons_WellN18_Channel405nm Binned,561nm Binned,488nm Binned_Seq0189.nd2",561nm Binned,488nm Binned,4,whole_field_foreground,stable_channel,474915,6962632.0,6065028.0,13.054834365844727,897604.0,660,0.0013897223713687928,76.71665292219681,12.0,6.756908391666306,6.756908391666306,screening metric for punctate-to-diffuse reporter redistribution; not rupture proof
N18,N,18,PLD3_TMEM106B_mCherry_primary,site0,29,"260309_Day29_WellN18_Channel405nm Binned,561nm Binned,488nm Binned_Seq0189.nd2",561nm Binned,488nm Binned,5,whole_field_foreground,stable_channel,697842,12139874.0,10358261.0,15.179608345031738,1781613.0,969,0.0013885664663327965,104.07826623040702,12.0,5.813979242402355,5.813979242402355,screening metric for punctate-to-diffuse reporter redistribution; not rupture proof
N18,N,18,PLD3_TMEM106B_mCherry_primary,site0,32,"260312_Day32_WellN18_Channel405nm Binned,561 nm,488nm Binned_Seq0189.nd2",561nm Binned,488nm Binned,6,whole_field_foreground,stable_channel,793462,13959625.0,11803874.0,15.21160888671875,2155751.0,1036,0.0013056705929189985,109.28856343007917,12.0,5.475527553968211,5.475527553968211,screening metric for punctate-to-diffuse reporter redistribution; not rupture proof
N18,N,18,PLD3_TMEM106B_mCherry_primary,site0,36,"260316_Day36_WellN18_Channel405nm Binned,561nm Binned,488nm Binned_Seq0189.nd2",561nm Binned,488nm Binned,7,whole_field_foreground,stable_channel,856106,15887000.0,13567800.0,16.20806121826172,2319200.0,1111,0.001297736495245568,108.24448383444607,13.0,5.85020696791745,5.85020696791745,screening metric for punctate-to-diffuse reporter redistribution; not rupture proof
N18,N,18,PLD3_TMEM106B_mCherry_primary,site0,39,"260319_Day39_WellN18_Channel405nm Binned,561nm Binned,488nm Binned_Seq0189.nd2",561nm Binned,488nm Binned,8,whole_field_foreground,stable_channel,879205,17787522.0,15349157.0,17.85770034790039,2438365.0,1093,0.0012431685443085024,106.83295931035188,13.0,6.294856184366863,6.294856184366863,screening metric for punctate-to-diffuse reporter redistribution; not rupture proof
N20,N,20,PLD3_TMEM106B_mCherry_primary,site0,8,"260216_Day8_iNeurons_WellN20_Channel405nm Binned,561nm Binned,488nm Binned_Seq0191.nd2",561nm Binned,488nm Binned,0,whole_field_foreground,stable_channel,546512,10555510.0,8287242.0,15.532909393310547,2268268.0,584,0.0010685950171248416,155.4697706927992,19.0,3.653555047285571,3.653555047285571,screening metric for punctate-to-diffuse reporter redistribution; not rupture proof
N20,N,20,PLD3_TMEM106B_mCherry_primary,site0,12,"260220_Day12_WellN20_Channel405nm Binned,561nm Binned,488nm Binned_Seq0191.nd2",561nm Binned,488nm Binned,1,whole_field_foreground,stable_channel,516892,8285194.0,6852861.0,13.575640678405762,1432333.0,518,0.001002143581249077,102.51340216559333,18.0,4.7844048834979125,4.7844048834979125,screening metric for punctate-to-diffuse reporter redistribution; not rupture proof
N20,N,20,PLD3_TMEM106B_mCherry_primary,site0,16,"260224_day16_WellN20_Channel405nm Binned,561nm Binned,488nm Binned_Seq0191.nd2",561nm Binned,488nm Binned,2,whole_field_foreground,stable_channel,497963,8841378.0,7269808.0,14.950823783874512,1571570.0,494,0.0009920415773842794,118.79498834648595,17.0,4.625825130280785,4.625825130280785,screening metric for punctate-to-diffuse reporter redistribution; not rupture proof
N20,N,20,PLD3_TMEM106B_mCherry_primary,site0,20,"260228_day20_WellN20_Channel405nm Binned,561nm Binned,488nm Binned_Seq0191.nd2",561nm Binned,488nm Binned,3,whole_field_foreground,stable_channel,513368,8711454.0,7238888.0,14.432601928710938,1472566.0,545,0.0010616166180964501,112.35966661085776,15.0,4.915832635002495,4.915832635002495,screening metric for punctate-to-diffuse reporter redistribution; not rupture proof
N20,N,20,PLD3_TMEM106B_mCherry_primary,site0,25,"260305_day25_iNeurons_WellN20_Channel405nm Binned,561nm Binned,488nm Binned_Seq0191.nd2",561nm Binned,488nm Binned,4,whole_field_foreground,stable_channel,304620,4277852.0,3760327.0,12.611648559570312,517525.0,431,0.001414877552355673,71.88772324564286,11.0,7.265981353543759,7.265981353543759,screening metric for punctate-to-diffuse reporter redistribution; not rupture proof
N20,N,20,PLD3_TMEM106B_mCherry_primary,site0,29,"260309_Day29_WellN20_Channel405nm Binned,561nm Binned,488nm Binned_Seq0191.nd2",561nm Binned,488nm Binned,5,whole_field_foreground,stable_channel,460600,8006973.0,6855575.0,15.216655731201172,1151398.0,685,0.001487190620925994,102.7211670367387,11.0,5.954131412416945,5.954131412416945,screening metric for punctate-to-diffuse reporter redistribution; not rupture proof
N20,N,20,PLD3_TMEM106B_mCherry_primary,site0,32,"260312_Day32_WellN20_Channel405nm Binned,561 nm,488nm Binned_Seq0191.nd2",561nm Binned,488nm Binned,6,whole_field_foreground,stable_channel,537935,9417606.0,8027242.0,15.254246711730957,1390364.0,708,0.0013161441438067497,105.54956710405942,13.0,5.773482339872311,5.773482339872311,screening metric for punctate-to-diffuse reporter redistribution; not rupture proof
N20,N,20,PLD3_TMEM106B_mCherry_primary,site0,36,"260316_Day36_WellN20_Channel405nm Binned,561nm Binned,488nm Binned_Seq0191.nd2",561nm Binned,488nm Binned,7,whole_field_foreground,stable_channel,592484,11033146.0,9506630.0,16.405960083007812,1526516.0,750,0.0012658569682873024,104.01525032552084,13.0,6.22766482630629,6.22766482630629,screening metric for punctate-to-diffuse reporter redistribution; not rupture proof
N20,N,20,PLD3_TMEM106B_mCherry_primary,site0,39,"260319_Day39_WellN20_Channel405nm Binned,561nm Binned,488nm Binned_Seq0191.nd2",561nm Binned,488nm Binned,8,whole_field_foreground,stable_channel,582840,11573480.0,10123945.0,17.76249122619629,1449535.0,753,0.0012919497632261135,100.7783301658681,12.0,6.984270817878158,6.984270817878158,screening metric for punctate-to-diffuse reporter redistribution; not rupture proof
N19,N,19,PLD3_TMEM106B_mCherry_primary,site0,8,"260216_Day8_iNeurons_WellN19_Channel405nm Binned,561nm Binned,488nm Binned_Seq0190.nd2",561nm Binned,488nm Binned,0,whole_field_foreground,stable_channel,675025,13034189.0,10023359.0,15.21364688873291,3010830.0,728,0.0010784785748659998,170.2241371699742,20.0,3.3291016098539843,3.3291016098539843,screening metric for punctate-to-diffuse reporter redistribution; not rupture proof
N19,N,19,PLD3_TMEM106B_mCherry_primary,site0,12,"260220_Day12_WellN19_Channel405nm Binned,561nm Binned,488nm Binned_Seq0190.nd2",561nm Binned,488nm Binned,1,whole_field_foreground,stable_channel,583295,11135298.0,9060288.0,15.906767845153809,2075010.0,608,0.00104235421184642,128.99693292065672,17.0,4.366382812610847,4.366382812610847,screening metric for punctate-to-diffuse reporter redistribution; not rupture proof
N19,N,19,PLD3_TMEM106B_mCherry_primary,site0,16,"260224_day16_WellN19_Channel405nm Binned,561nm Binned,488nm Binned_Seq0190.nd2",561nm Binned,488nm Binned,2,whole_field_foreground,stable_channel,588128,12077900.0,9883762.0,17.20860481262207,2194138.0,578,0.000982779258935159,142.026470078729,18.0,4.504621860610179,4.504621860610179,screening metric for punctate-to-diffuse reporter redistribution; not rupture proof
N19,N,19,PLD3_TMEM106B_mCherry_primary,site0,20,"260228_day20_WellN19_Channel405nm Binned,561nm Binned,488nm Binned_Seq0190.nd2",561nm Binned,488nm Binned,3,whole_field_foreground,stable_channel,608966,11418167.0,9524650.0,16.005313873291016,1893517.0,691,0.0011347103122323172,123.92682088473771,15.0,5.030137041280839,5.030137041280839,screening metric for punctate-to-diffuse reporter redistribution; not rupture proof
N19,N,19,PLD3_TMEM106B_mCherry_primary,site0,25,"260305_day25_iNeurons_WellN19_Channel405nm Binned,561nm Binned,488nm Binned_Seq0190.nd2",561nm Binned,488nm Binned,4,whole_field_foreground,stable_channel,399733,6345074.0,5531720.0,14.143678665161133,813354.0,592,0.001480988559860004,85.3436811485806,10.5,6.8011222665569955,6.8011222665569955,screening metric for punctate-to-diffuse reporter redistribution; not rupture proof
N19,N,19,PLD3_TMEM106B_mCherry_primary,site0,29,"260309_Day29_WellN19_Channel405nm Binned,561nm Binned,488nm Binned_Seq0190.nd2",561nm Binned,488nm Binned,5,whole_field_foreground,stable_channel,557483,10523744.0,9066440.0,16.620695114135742,1457304.0,856,0.001535472830558895,111.90385694147271,11.0,6.221378655375802,6.221378655375802,screening metric for punctate-to-diffuse reporter redistribution; not rupture proof
N19,N,19,PLD3_TMEM106B_mCherry_primary,site0,32,"260312_Day32_WellN19_Channel405nm Binned,561 nm,488nm Binned_Seq0190.nd2",561nm Binned,488nm Binned,6,whole_field_foreground,stable_channel,606927,11702908.0,10034725.0,16.898056030273438,1668183.0,822,0.0013543638691286524,115.54372476081198,12.0,6.0153622234455,6.0153622234455,screening metric for punctate-to-diffuse reporter redistribution; not rupture proof
N19,N,19,PLD3_TMEM106B_mCherry_primary,site0,36,"260316_Day36_WellN19_Channel405nm Binned,561nm Binned,488nm Binned_Seq0190.nd2",561nm Binned,488nm Binned,7,whole_field_foreground,stable_channel,669712,13711080.0,11830507.0,18.0614013671875,1880573.0,941,0.0014050815873070737,116.06704984739913,11.0,6.290905484654788,6.290905484654788,screening metric for punctate-to-diffuse reporter redistribution; not rupture proof
N19,N,19,PLD3_TMEM106B_mCherry_primary,site0,39,"260319_Day39_WellN19_Channel405nm Binned,561nm Binned,488nm Binned_Seq0190.nd2",561nm Binned,488nm Binned,8,whole_field_foreground,stable_channel,675945,14858296.0,12985962.0,19.642396926879883,1872334.0,875,0.001294484018668243,113.74122525024414,13.0,6.9357080520852925,6.9357080520852925,screening metric for punctate-to-diffuse reporter redistribution; not rupture proof
