well,condition,timepoint_day,registration_channel,estimated_y_shift,estimated_x_shift,pre_registration_correlation,post_registration_correlation,overlap_fraction,registration_error,qc_pass,large_shift,reanchored,anchor_ref_day,n_reanchors,anchor_churn,well_registration_qc_pass,qc_note,row,column,common_crop
C11,PLD3_only_no_mCherry,8,488nm Binned,0.0,0.0,1.0,1.0,1.0,,True,False,False,8,2,0.25,True,anchored_masked_phase_cross_correlation,C,11,"{'y_start': 503, 'y_stop': 2761, 'x_start': 5, 'x_stop': 2694}"
C11,PLD3_only_no_mCherry,12,488nm Binned,-93.0,-134.0,0.0023626865814253242,0.1940116914361391,0.9223658257616871,,True,False,False,8,2,0.25,True,anchored_masked_phase_cross_correlation,C,11,"{'y_start': 503, 'y_stop': 2761, 'x_start': 5, 'x_stop': 2694}"
C11,PLD3_only_no_mCherry,16,488nm Binned,-43.0,-40.0,0.004099326996584051,0.16515642783484644,0.9712690798674938,,True,False,False,8,2,0.25,True,anchored_masked_phase_cross_correlation,C,11,"{'y_start': 503, 'y_stop': 2761, 'x_start': 5, 'x_stop': 2694}"
C11,PLD3_only_no_mCherry,20,488nm Binned,-77.0,-155.0,0.0018012704791956118,0.1292252564250742,0.9205583809418214,,True,False,False,8,2,0.25,True,anchored_masked_phase_cross_correlation,C,11,"{'y_start': 503, 'y_stop': 2761, 'x_start': 5, 'x_stop': 2694}"
C11,PLD3_only_no_mCherry,25,488nm Binned,86.0,5.0,0.003321004708739019,0.10273499860933996,0.9683228487674314,,True,False,False,8,2,0.25,True,anchored_masked_phase_cross_correlation,C,11,"{'y_start': 503, 'y_stop': 2761, 'x_start': 5, 'x_stop': 2694}"
C11,PLD3_only_no_mCherry,29,488nm Binned,57.0,-18.0,0.003972358265879109,0.3021647446395166,0.9739741075961555,,True,False,True,25,2,0.25,True,anchored_masked_phase_cross_correlation,C,11,"{'y_start': 503, 'y_stop': 2761, 'x_start': 5, 'x_stop': 2694}"
C11,PLD3_only_no_mCherry,32,488nm Binned,442.0,-172.0,-2.4145354771229263e-05,0.17918520603274082,0.7951560916495004,,True,False,False,25,2,0.25,True,anchored_masked_phase_cross_correlation,C,11,"{'y_start': 503, 'y_stop': 2761, 'x_start': 5, 'x_stop': 2694}"
C11,PLD3_only_no_mCherry,36,488nm Binned,-107.0,-181.0,-0.0008583210065350766,0.13442827313358766,0.9019361190377542,,True,False,False,25,2,0.25,True,anchored_masked_phase_cross_correlation,C,11,"{'y_start': 503, 'y_stop': 2761, 'x_start': 5, 'x_stop': 2694}"
C11,PLD3_only_no_mCherry,39,488nm Binned,745.0,-138.0,-0.004060252552896731,0.2216978939233089,0.7046189959326109,,True,True,True,36,2,0.25,True,anchored_masked_phase_cross_correlation,C,11,"{'y_start': 503, 'y_stop': 2761, 'x_start': 5, 'x_stop': 2694}"
C09,PLD3_only_no_mCherry,8,488nm Binned,0.0,0.0,1.0,1.0,1.0,,True,False,False,8,2,0.25,True,anchored_masked_phase_cross_correlation,C,09,"{'y_start': 531, 'y_stop': 2781, 'x_start': 5, 'x_stop': 2695}"
C09,PLD3_only_no_mCherry,12,488nm Binned,-73.0,-134.0,0.006456895071075886,0.16571547526470565,0.9290135073887984,,True,False,False,8,2,0.25,True,anchored_masked_phase_cross_correlation,C,09,"{'y_start': 531, 'y_stop': 2781, 'x_start': 5, 'x_stop': 2695}"
C09,PLD3_only_no_mCherry,16,488nm Binned,-34.0,-40.0,0.010103279819279906,0.1474276621694451,0.974363388440523,,True,False,False,8,2,0.25,True,anchored_masked_phase_cross_correlation,C,09,"{'y_start': 531, 'y_stop': 2781, 'x_start': 5, 'x_stop': 2695}"
C09,PLD3_only_no_mCherry,20,488nm Binned,-54.0,-156.0,0.007584727350684916,0.12073548415792976,0.9278023844120376,,True,False,False,8,2,0.25,True,anchored_masked_phase_cross_correlation,C,09,"{'y_start': 531, 'y_stop': 2781, 'x_start': 5, 'x_stop': 2695}"
C09,PLD3_only_no_mCherry,25,488nm Binned,89.0,5.0,0.009271514848383414,0.3069600209597176,0.967278647277028,,True,False,True,20,2,0.25,True,anchored_masked_phase_cross_correlation,C,09,"{'y_start': 531, 'y_stop': 2781, 'x_start': 5, 'x_stop': 2695}"
C09,PLD3_only_no_mCherry,29,488nm Binned,56.0,-17.0,0.004636326419999118,0.26424955024580365,0.974662461169175,,True,False,False,20,2,0.25,True,anchored_masked_phase_cross_correlation,C,09,"{'y_start': 531, 'y_stop': 2781, 'x_start': 5, 'x_stop': 2695}"
C09,PLD3_only_no_mCherry,32,488nm Binned,465.0,-170.0,0.0005846888548933602,0.1804610167771657,0.7882017996883808,,True,False,False,20,2,0.25,True,anchored_masked_phase_cross_correlation,C,09,"{'y_start': 531, 'y_stop': 2781, 'x_start': 5, 'x_stop': 2695}"
C09,PLD3_only_no_mCherry,36,488nm Binned,-87.0,-183.0,0.0021354996871289487,0.15006449693205867,0.9077933246966965,,True,False,False,20,2,0.25,True,anchored_masked_phase_cross_correlation,C,09,"{'y_start': 531, 'y_stop': 2781, 'x_start': 5, 'x_stop': 2695}"
C09,PLD3_only_no_mCherry,39,488nm Binned,793.0,-138.0,-0.0010380959672703183,0.19150139872265548,0.6886879022892923,,True,True,True,36,2,0.25,True,anchored_masked_phase_cross_correlation,C,09,"{'y_start': 531, 'y_stop': 2781, 'x_start': 5, 'x_stop': 2695}"
C06,PLD3_only_no_mCherry,8,488nm Binned,0.0,0.0,1.0,1.0,1.0,,True,False,False,8,2,0.25,True,anchored_masked_phase_cross_correlation,C,06,"{'y_start': 573, 'y_stop': 2815, 'x_start': 8, 'x_stop': 2697}"
C06,PLD3_only_no_mCherry,12,488nm Binned,-46.0,-133.0,0.0029520026749986824,0.1834163677911541,0.9383309602033889,,True,False,False,8,2,0.25,True,anchored_masked_phase_cross_correlation,C,06,"{'y_start': 573, 'y_stop': 2815, 'x_start': 8, 'x_stop': 2697}"
C06,PLD3_only_no_mCherry,16,488nm Binned,-27.0,-39.0,0.008658621988207452,0.16099918324547005,0.9771154654155214,,True,False,False,8,2,0.25,True,anchored_masked_phase_cross_correlation,C,06,"{'y_start': 573, 'y_stop': 2815, 'x_start': 8, 'x_stop': 2697}"
C06,PLD3_only_no_mCherry,20,488nm Binned,-19.0,-153.0,0.003843631601860354,0.1256205701697535,0.9403813104345745,,True,False,False,8,2,0.25,True,anchored_masked_phase_cross_correlation,C,06,"{'y_start': 573, 'y_stop': 2815, 'x_start': 8, 'x_stop': 2697}"
C06,PLD3_only_no_mCherry,25,488nm Binned,80.0,8.0,0.00698900340763183,0.10832345597311781,0.9693944044708211,,True,False,False,8,2,0.25,True,anchored_masked_phase_cross_correlation,C,06,"{'y_start': 573, 'y_stop': 2815, 'x_start': 8, 'x_stop': 2697}"
C06,PLD3_only_no_mCherry,29,488nm Binned,56.0,-16.0,0.0050055803071655455,0.10049766426535289,0.9750043280443659,,True,False,False,8,2,0.25,True,anchored_masked_phase_cross_correlation,C,06,"{'y_start': 573, 'y_stop': 2815, 'x_start': 8, 'x_stop': 2697}"
C06,PLD3_only_no_mCherry,32,488nm Binned,499.0,-168.0,0.004912021387678137,0.23555420492619217,0.7776255667792931,,True,False,True,29,2,0.25,True,anchored_masked_phase_cross_correlation,C,06,"{'y_start': 573, 'y_stop': 2815, 'x_start': 8, 'x_stop': 2697}"
C06,PLD3_only_no_mCherry,36,488nm Binned,-53.0,-181.0,0.007948612557774834,0.1936667719130384,0.9195763039084672,,True,False,False,29,2,0.25,True,anchored_masked_phase_cross_correlation,C,06,"{'y_start': 573, 'y_stop': 2815, 'x_start': 8, 'x_stop': 2697}"
C06,PLD3_only_no_mCherry,39,488nm Binned,867.0,-137.0,0.005238245368951248,0.15289667629598785,0.6643707363900025,,True,True,True,36,2,0.25,True,anchored_masked_phase_cross_correlation,C,06,"{'y_start': 573, 'y_stop': 2815, 'x_start': 8, 'x_stop': 2697}"
C14,PLD3_only_no_mCherry,8,488nm Binned,0.0,0.0,1.0,1.0,1.0,,True,False,False,8,2,0.25,True,anchored_masked_phase_cross_correlation,C,14,"{'y_start': 460, 'y_stop': 2728, 'x_start': 5, 'x_stop': 2692}"
C14,PLD3_only_no_mCherry,12,488nm Binned,-122.0,-137.0,0.0028356877076774084,0.1608006788882169,0.9117251584842313,,True,False,False,8,2,0.25,True,anchored_masked_phase_cross_correlation,C,14,"{'y_start': 460, 'y_stop': 2728, 'x_start': 5, 'x_stop': 2692}"
C14,PLD3_only_no_mCherry,16,488nm Binned,-51.0,-41.0,0.01107565742263766,0.13509511375117036,0.9681761086115439,,True,False,False,8,2,0.25,True,anchored_masked_phase_cross_correlation,C,14,"{'y_start': 460, 'y_stop': 2728, 'x_start': 5, 'x_stop': 2692}"
C14,PLD3_only_no_mCherry,20,488nm Binned,-115.0,-160.0,-0.0023997237363578613,0.10735165317952453,0.9063513321623299,,True,False,False,8,2,0.25,True,anchored_masked_phase_cross_correlation,C,14,"{'y_start': 460, 'y_stop': 2728, 'x_start': 5, 'x_stop': 2692}"
C14,PLD3_only_no_mCherry,25,488nm Binned,90.0,5.0,0.011644318219624254,0.2894491450234579,0.9669305801135601,,True,False,True,20,2,0.25,True,anchored_masked_phase_cross_correlation,C,14,"{'y_start': 460, 'y_stop': 2728, 'x_start': 5, 'x_stop': 2692}"
C14,PLD3_only_no_mCherry,29,488nm Binned,55.0,-20.0,0.014129351032132798,0.24442842838921422,0.973983104092871,,True,False,False,20,2,0.25,True,anchored_masked_phase_cross_correlation,C,14,"{'y_start': 460, 'y_stop': 2728, 'x_start': 5, 'x_stop': 2692}"
C14,PLD3_only_no_mCherry,32,488nm Binned,407.0,-174.0,0.009365971860367278,0.1864120175868949,0.8060294520987611,,True,False,False,20,2,0.25,True,anchored_masked_phase_cross_correlation,C,14,"{'y_start': 460, 'y_stop': 2728, 'x_start': 5, 'x_stop': 2692}"
C14,PLD3_only_no_mCherry,36,488nm Binned,-140.0,-182.0,0.004545222571886813,0.1532946542053545,0.8908243514255314,,True,False,False,20,2,0.25,True,anchored_masked_phase_cross_correlation,C,14,"{'y_start': 460, 'y_stop': 2728, 'x_start': 5, 'x_stop': 2692}"
C14,PLD3_only_no_mCherry,39,488nm Binned,671.0,-141.0,0.0044153059691734555,0.21672169769609573,0.7283781358869768,,True,True,True,36,2,0.25,True,anchored_masked_phase_cross_correlation,C,14,"{'y_start': 460, 'y_stop': 2728, 'x_start': 5, 'x_stop': 2692}"
C08,PLD3_only_no_mCherry,8,488nm Binned,0.0,0.0,1.0,1.0,1.0,,True,False,False,8,2,0.25,True,anchored_masked_phase_cross_correlation,C,08,"{'y_start': 545, 'y_stop': 2792, 'x_start': 7, 'x_stop': 2697}"
C08,PLD3_only_no_mCherry,12,488nm Binned,-66.0,-135.0,-0.0005167171213101545,0.1905523466479445,0.9309995448258959,,True,False,False,8,2,0.25,True,anchored_masked_phase_cross_correlation,C,08,"{'y_start': 545, 'y_stop': 2792, 'x_start': 7, 'x_stop': 2697}"
C08,PLD3_only_no_mCherry,16,488nm Binned,-34.0,-41.0,0.010362369280446475,0.1493628991046402,0.9740188469311734,,True,False,False,8,2,0.25,True,anchored_masked_phase_cross_correlation,C,08,"{'y_start': 545, 'y_stop': 2792, 'x_start': 7, 'x_stop': 2697}"
C08,PLD3_only_no_mCherry,20,488nm Binned,-41.0,-153.0,0.005744596377883628,0.1187088208393938,0.933119678693767,,True,False,False,8,2,0.25,True,anchored_masked_phase_cross_correlation,C,08,"{'y_start': 545, 'y_stop': 2792, 'x_start': 7, 'x_stop': 2697}"
C08,PLD3_only_no_mCherry,25,488nm Binned,82.0,7.0,0.00016751475645644702,0.10230046663811708,0.9690377055334777,,True,False,False,8,2,0.25,True,anchored_masked_phase_cross_correlation,C,08,"{'y_start': 545, 'y_stop': 2792, 'x_start': 7, 'x_stop': 2697}"
C08,PLD3_only_no_mCherry,29,488nm Binned,56.0,-17.0,0.011925258634046275,0.3326551084188686,0.974662461169175,,True,False,True,25,2,0.25,True,anchored_masked_phase_cross_correlation,C,08,"{'y_start': 545, 'y_stop': 2792, 'x_start': 7, 'x_stop': 2697}"
C08,PLD3_only_no_mCherry,32,488nm Binned,476.0,-168.0,0.007915125029749151,0.14574544699287142,0.7851753295635581,,True,False,False,25,2,0.25,True,anchored_masked_phase_cross_correlation,C,08,"{'y_start': 545, 'y_stop': 2792, 'x_start': 7, 'x_stop': 2697}"
C08,PLD3_only_no_mCherry,36,488nm Binned,-76.0,-182.0,0.001204053636685862,0.1477862896115204,0.9117234564443122,,True,False,False,25,2,0.25,True,anchored_masked_phase_cross_correlation,C,08,"{'y_start': 545, 'y_stop': 2792, 'x_start': 7, 'x_stop': 2697}"
C08,PLD3_only_no_mCherry,39,488nm Binned,817.0,-138.0,0.006565424097336638,0.17922482413349525,0.680722355467633,,True,True,True,36,2,0.25,True,anchored_masked_phase_cross_correlation,C,08,"{'y_start': 545, 'y_stop': 2792, 'x_start': 7, 'x_stop': 2697}"
C13,PLD3_only_no_mCherry,8,488nm Binned,0.0,0.0,1.0,1.0,1.0,,True,False,False,8,2,0.25,True,anchored_masked_phase_cross_correlation,C,13,"{'y_start': 476, 'y_stop': 2743, 'x_start': 6, 'x_stop': 2696}"
C13,PLD3_only_no_mCherry,12,488nm Binned,-113.0,-136.0,-0.0008432175036414658,0.16374002809765537,0.9150482698521073,,True,False,False,8,2,0.25,True,anchored_masked_phase_cross_correlation,C,13,"{'y_start': 476, 'y_stop': 2743, 'x_start': 6, 'x_stop': 2696}"
C13,PLD3_only_no_mCherry,16,488nm Binned,-49.0,-43.0,0.005430438764644215,0.14944675312318192,0.968178053800023,,True,False,False,8,2,0.25,True,anchored_masked_phase_cross_correlation,C,13,"{'y_start': 476, 'y_stop': 2743, 'x_start': 6, 'x_stop': 2696}"
C13,PLD3_only_no_mCherry,20,488nm Binned,-101.0,-158.0,-0.0020664501070369237,0.10433209764212374,0.9116332483285968,,True,False,False,8,2,0.25,True,anchored_masked_phase_cross_correlation,C,13,"{'y_start': 476, 'y_stop': 2743, 'x_start': 6, 'x_stop': 2696}"
C13,PLD3_only_no_mCherry,25,488nm Binned,91.0,6.0,0.0005601597182092579,0.29144258899975706,0.9662449011746993,,True,False,True,20,2,0.25,True,anchored_masked_phase_cross_correlation,C,13,"{'y_start': 476, 'y_stop': 2743, 'x_start': 6, 'x_stop': 2696}"
C13,PLD3_only_no_mCherry,29,488nm Binned,59.0,-17.0,0.007788744841431581,0.24382731924537837,0.9736226363528494,,True,False,False,20,2,0.25,True,anchored_masked_phase_cross_correlation,C,13,"{'y_start': 476, 'y_stop': 2743, 'x_start': 6, 'x_stop': 2696}"
C13,PLD3_only_no_mCherry,32,488nm Binned,420.0,-169.0,-0.0007645720317091272,0.1948740286972518,0.8032597468531714,,True,False,False,20,2,0.25,True,anchored_masked_phase_cross_correlation,C,13,"{'y_start': 476, 'y_stop': 2743, 'x_start': 6, 'x_stop': 2696}"
C13,PLD3_only_no_mCherry,36,488nm Binned,-125.0,-182.0,-0.0009439654688292014,0.15852135313424462,0.8957225791643081,,True,False,False,20,2,0.25,True,anchored_masked_phase_cross_correlation,C,13,"{'y_start': 476, 'y_stop': 2743, 'x_start': 6, 'x_stop': 2696}"
C13,PLD3_only_no_mCherry,39,488nm Binned,698.0,-140.0,-0.0016982903042554163,0.1857397609484049,0.7196905594167546,,True,True,True,36,2,0.25,True,anchored_masked_phase_cross_correlation,C,13,"{'y_start': 476, 'y_stop': 2743, 'x_start': 6, 'x_stop': 2696}"
C05,PLD3_only_no_mCherry,8,488nm Binned,0.0,0.0,1.0,1.0,1.0,,True,False,False,8,2,0.25,True,anchored_masked_phase_cross_correlation,C,05,"{'y_start': 589, 'y_stop': 2827, 'x_start': 7, 'x_stop': 2698}"
C05,PLD3_only_no_mCherry,12,488nm Binned,-36.0,-132.0,0.008195128939766658,0.17881323206136665,0.9420003151205336,,True,False,False,8,2,0.25,True,anchored_masked_phase_cross_correlation,C,05,"{'y_start': 589, 'y_stop': 2827, 'x_start': 7, 'x_stop': 2698}"
C05,PLD3_only_no_mCherry,16,488nm Binned,-23.0,-39.0,0.012500576463785686,0.15969547342256124,0.9784911999673208,,True,False,False,8,2,0.25,True,anchored_masked_phase_cross_correlation,C,05,"{'y_start': 589, 'y_stop': 2827, 'x_start': 7, 'x_stop': 2698}"
C05,PLD3_only_no_mCherry,20,488nm Binned,-7.0,-152.0,-0.0018315001789147686,0.11884951938445538,0.9446900244899229,,True,False,False,8,2,0.25,True,anchored_masked_phase_cross_correlation,C,05,"{'y_start': 589, 'y_stop': 2827, 'x_start': 7, 'x_stop': 2698}"
C05,PLD3_only_no_mCherry,25,488nm Binned,76.0,7.0,0.004992458181101929,0.30608107563521847,0.9711246496229252,,True,False,True,20,2,0.25,True,anchored_masked_phase_cross_correlation,C,05,"{'y_start': 589, 'y_stop': 2827, 'x_start': 7, 'x_stop': 2698}"
C05,PLD3_only_no_mCherry,29,488nm Binned,55.0,-17.0,0.0059102806518139435,0.2634681829071573,0.9750090694412835,,True,False,False,20,2,0.25,True,anchored_masked_phase_cross_correlation,C,05,"{'y_start': 589, 'y_stop': 2827, 'x_start': 7, 'x_stop': 2698}"
C05,PLD3_only_no_mCherry,32,488nm Binned,513.0,-167.0,0.004027280480612191,0.20737330088879724,0.7733163664268249,,True,True,False,20,2,0.25,True,anchored_masked_phase_cross_correlation,C,05,"{'y_start': 589, 'y_stop': 2827, 'x_start': 7, 'x_stop': 2698}"
C05,PLD3_only_no_mCherry,36,488nm Binned,-41.0,-181.0,-0.0020915227439233393,0.14440877006605782,0.9234963449908479,,True,False,False,20,2,0.25,True,anchored_masked_phase_cross_correlation,C,05,"{'y_start': 589, 'y_stop': 2827, 'x_start': 7, 'x_stop': 2698}"
C05,PLD3_only_no_mCherry,39,488nm Binned,890.0,-137.0,0.0037953910539463135,0.1904577233035933,0.6567342911441404,,True,True,True,36,2,0.25,True,anchored_masked_phase_cross_correlation,C,05,"{'y_start': 589, 'y_stop': 2827, 'x_start': 7, 'x_stop': 2698}"
C10,PLD3_only_no_mCherry,8,488nm Binned,0.0,0.0,1.0,1.0,1.0,,True,False,False,8,2,0.25,True,anchored_masked_phase_cross_correlation,C,10,"{'y_start': 515, 'y_stop': 2770, 'x_start': 5, 'x_stop': 2693}"
C10,PLD3_only_no_mCherry,12,488nm Binned,-85.0,-135.0,0.011949100860796471,0.20295836197002776,0.9246865571914591,,True,False,False,8,2,0.25,True,anchored_masked_phase_cross_correlation,C,10,"{'y_start': 515, 'y_stop': 2770, 'x_start': 5, 'x_stop': 2693}"
C10,PLD3_only_no_mCherry,16,488nm Binned,-38.0,-40.0,0.011354235070975289,0.1625134294977138,0.9729881401858433,,True,False,False,8,2,0.25,True,anchored_masked_phase_cross_correlation,C,10,"{'y_start': 515, 'y_stop': 2770, 'x_start': 5, 'x_stop': 2693}"
C10,PLD3_only_no_mCherry,20,488nm Binned,-65.0,-156.0,0.004875054768384123,0.14141952160795668,0.9241755804928719,,True,False,False,8,2,0.25,True,anchored_masked_phase_cross_correlation,C,10,"{'y_start': 515, 'y_stop': 2770, 'x_start': 5, 'x_stop': 2693}"
C10,PLD3_only_no_mCherry,25,488nm Binned,82.0,5.0,0.001093733900999072,0.11224178536480035,0.9697151174213026,,True,False,False,8,2,0.25,True,anchored_masked_phase_cross_correlation,C,10,"{'y_start': 515, 'y_stop': 2770, 'x_start': 5, 'x_stop': 2693}"
C10,PLD3_only_no_mCherry,29,488nm Binned,54.0,-19.0,0.013118527157481309,0.31043124920116,0.9746714576658906,,True,False,True,25,2,0.25,True,anchored_masked_phase_cross_correlation,C,10,"{'y_start': 515, 'y_stop': 2770, 'x_start': 5, 'x_stop': 2693}"
C10,PLD3_only_no_mCherry,32,488nm Binned,451.0,-172.0,0.0018976366353500426,0.1694210416179085,0.7922062133210397,,True,False,False,25,2,0.25,True,anchored_masked_phase_cross_correlation,C,10,"{'y_start': 515, 'y_stop': 2770, 'x_start': 5, 'x_stop': 2693}"
C10,PLD3_only_no_mCherry,36,488nm Binned,-98.0,-184.0,0.0019006870195511394,0.15393308315217705,0.9038658675832395,,True,False,False,25,2,0.25,True,anchored_masked_phase_cross_correlation,C,10,"{'y_start': 515, 'y_stop': 2770, 'x_start': 5, 'x_stop': 2693}"
C10,PLD3_only_no_mCherry,39,488nm Binned,767.0,-140.0,0.00482003944309097,0.17885907251111877,0.696806389555116,,True,True,True,36,2,0.25,True,anchored_masked_phase_cross_correlation,C,10,"{'y_start': 515, 'y_stop': 2770, 'x_start': 5, 'x_stop': 2693}"
C12,PLD3_only_no_mCherry,8,488nm Binned,0.0,0.0,1.0,1.0,1.0,,True,False,False,8,2,0.25,True,anchored_masked_phase_cross_correlation,C,12,"{'y_start': 488, 'y_stop': 2748, 'x_start': 4, 'x_stop': 2693}"
C12,PLD3_only_no_mCherry,12,488nm Binned,-104.0,-134.0,0.012997255854272086,0.15162438053102956,0.918709600866776,,True,False,False,8,2,0.25,True,anchored_masked_phase_cross_correlation,C,12,"{'y_start': 488, 'y_stop': 2748, 'x_start': 4, 'x_stop': 2693}"
C12,PLD3_only_no_mCherry,16,488nm Binned,-44.0,-43.0,0.008357230203374633,0.13201370366823836,0.9698952905041734,,True,False,False,8,2,0.25,True,anchored_masked_phase_cross_correlation,C,12,"{'y_start': 488, 'y_stop': 2748, 'x_start': 4, 'x_stop': 2693}"
C12,PLD3_only_no_mCherry,20,488nm Binned,-93.0,-158.0,0.00943673379760032,0.4210935755856213,0.9142689787176929,,True,False,True,16,2,0.25,True,anchored_masked_phase_cross_correlation,C,12,"{'y_start': 488, 'y_stop': 2748, 'x_start': 4, 'x_stop': 2693}"
C12,PLD3_only_no_mCherry,25,488nm Binned,90.0,4.0,0.005015249882848857,0.19638210198474063,0.967268313463233,,True,False,False,16,2,0.25,True,anchored_masked_phase_cross_correlation,C,12,"{'y_start': 488, 'y_stop': 2748, 'x_start': 4, 'x_stop': 2693}"
C12,PLD3_only_no_mCherry,29,488nm Binned,56.0,-17.0,0.005232402991223539,0.20161550703420936,0.974662461169175,,True,False,False,16,2,0.25,True,anchored_masked_phase_cross_correlation,C,12,"{'y_start': 488, 'y_stop': 2748, 'x_start': 4, 'x_stop': 2693}"
C12,PLD3_only_no_mCherry,32,488nm Binned,429.0,-173.0,0.008691827250349895,0.12387357892455132,0.7991205073440591,,True,False,False,16,2,0.25,True,anchored_masked_phase_cross_correlation,C,12,"{'y_start': 488, 'y_stop': 2748, 'x_start': 4, 'x_stop': 2693}"
C12,PLD3_only_no_mCherry,36,488nm Binned,-120.0,-181.0,0.012005838660488273,0.10888007173120079,0.8976894078651751,,True,False,False,16,2,0.25,True,anchored_masked_phase_cross_correlation,C,12,"{'y_start': 488, 'y_stop': 2748, 'x_start': 4, 'x_stop': 2693}"
C12,PLD3_only_no_mCherry,39,488nm Binned,721.0,-139.0,0.00016309633337240469,0.16181758232288151,0.7123235227752394,,True,True,True,36,2,0.25,True,anchored_masked_phase_cross_correlation,C,12,"{'y_start': 488, 'y_stop': 2748, 'x_start': 4, 'x_stop': 2693}"
C07,PLD3_only_no_mCherry,8,488nm Binned,0.0,0.0,1.0,1.0,1.0,,True,False,False,8,3,0.375,True,anchored_masked_phase_cross_correlation,C,07,"{'y_start': 556, 'y_stop': 2801, 'x_start': 5, 'x_stop': 2696}"
C07,PLD3_only_no_mCherry,12,488nm Binned,-56.0,-132.0,0.012839034193741758,0.15138345476241313,0.9353477705222247,,True,False,False,8,3,0.375,True,anchored_masked_phase_cross_correlation,C,07,"{'y_start': 556, 'y_stop': 2801, 'x_start': 5, 'x_stop': 2696}"
C07,PLD3_only_no_mCherry,16,488nm Binned,-27.0,-36.0,0.008449564667484324,0.16757202566657103,0.9781516430034488,,True,False,False,8,3,0.375,True,anchored_masked_phase_cross_correlation,C,07,"{'y_start': 556, 'y_stop': 2801, 'x_start': 5, 'x_stop': 2696}"
C07,PLD3_only_no_mCherry,20,488nm Binned,-31.0,-150.0,0.004363831213614692,0.1320120507188113,0.9374551390907022,,True,False,False,8,3,0.375,True,anchored_masked_phase_cross_correlation,C,07,"{'y_start': 556, 'y_stop': 2801, 'x_start': 5, 'x_stop': 2696}"
C07,PLD3_only_no_mCherry,25,488nm Binned,81.0,5.0,0.01882751017430765,0.12366134778126749,0.9700631845847704,,True,False,False,8,3,0.375,True,anchored_masked_phase_cross_correlation,C,07,"{'y_start': 556, 'y_stop': 2801, 'x_start': 5, 'x_stop': 2696}"
C07,PLD3_only_no_mCherry,29,488nm Binned,57.0,-21.0,0.020823403282092014,0.37263936181955637,0.9729488716934227,,True,False,True,25,3,0.375,True,anchored_masked_phase_cross_correlation,C,07,"{'y_start': 556, 'y_stop': 2801, 'x_start': 5, 'x_stop': 2696}"
C07,PLD3_only_no_mCherry,32,488nm Binned,485.0,-169.0,0.005978865062879458,0.11448145109249892,0.7819313630519229,,True,False,False,25,3,0.375,True,anchored_masked_phase_cross_correlation,C,07,"{'y_start': 556, 'y_stop': 2801, 'x_start': 5, 'x_stop': 2696}"
C07,PLD3_only_no_mCherry,36,488nm Binned,-67.0,-182.0,0.004346527468334976,0.20109688232430645,0.9146623930875782,,True,False,True,32,3,0.375,True,anchored_masked_phase_cross_correlation,C,07,"{'y_start': 556, 'y_stop': 2801, 'x_start': 5, 'x_stop': 2696}"
C07,PLD3_only_no_mCherry,39,488nm Binned,838.0,-138.0,0.010505311707278437,0.16398777518715948,0.6737525019986812,,True,True,True,36,3,0.375,True,anchored_masked_phase_cross_correlation,C,07,"{'y_start': 556, 'y_stop': 2801, 'x_start': 5, 'x_stop': 2696}"
C17,PLD3_only_no_mCherry,8,488nm Binned,0.0,0.0,1.0,1.0,1.0,,True,False,False,8,1,0.125,True,anchored_masked_phase_cross_correlation,C,17,"{'y_start': 416, 'y_stop': 2697, 'x_start': 3, 'x_stop': 2692}"
C17,PLD3_only_no_mCherry,12,488nm Binned,-150.0,-137.0,0.003973543406196637,0.17394082055657636,0.9024286164457905,,True,False,False,8,1,0.125,True,anchored_masked_phase_cross_correlation,C,17,"{'y_start': 416, 'y_stop': 2697, 'x_start': 3, 'x_stop': 2692}"
C17,PLD3_only_no_mCherry,16,488nm Binned,-62.0,-43.0,0.002016586077336941,0.13595408338252457,0.9637132383692318,,True,False,False,8,1,0.125,True,anchored_masked_phase_cross_correlation,C,17,"{'y_start': 416, 'y_stop': 2697, 'x_start': 3, 'x_stop': 2692}"
C17,PLD3_only_no_mCherry,20,488nm Binned,-151.0,-162.0,-0.0014979202990259937,0.11047261688873854,0.8938386641223601,,True,False,False,8,1,0.125,True,anchored_masked_phase_cross_correlation,C,17,"{'y_start': 416, 'y_stop': 2697, 'x_start': 3, 'x_stop': 2692}"
C17,PLD3_only_no_mCherry,25,488nm Binned,96.0,3.0,0.006086707680041846,0.3067935447965443,0.9655161849407399,,True,False,True,20,1,0.125,True,anchored_masked_phase_cross_correlation,C,17,"{'y_start': 416, 'y_stop': 2697, 'x_start': 3, 'x_stop': 2692}"
C17,PLD3_only_no_mCherry,29,488nm Binned,57.0,-19.0,0.010634095416933392,0.27349099735462673,0.9736323622952446,,True,False,False,20,1,0.125,True,anchored_masked_phase_cross_correlation,C,17,"{'y_start': 416, 'y_stop': 2697, 'x_start': 3, 'x_stop': 2692}"
C17,PLD3_only_no_mCherry,32,488nm Binned,370.0,-174.0,0.007622609650067722,0.20260583734270937,0.818147733174606,,True,False,False,20,1,0.125,True,anchored_masked_phase_cross_correlation,C,17,"{'y_start': 416, 'y_stop': 2697, 'x_start': 3, 'x_stop': 2692}"
C17,PLD3_only_no_mCherry,36,488nm Binned,-171.0,-183.0,0.010068849207579587,0.15018476744948006,0.8803734615990616,,True,False,False,20,1,0.125,True,anchored_masked_phase_cross_correlation,C,17,"{'y_start': 416, 'y_stop': 2697, 'x_start': 3, 'x_stop': 2692}"
C17,PLD3_only_no_mCherry,39,488nm Binned,597.0,-146.0,0.004212212039020341,0.1115135162897398,0.7515311064815625,,True,True,False,20,1,0.125,True,anchored_masked_phase_cross_correlation,C,17,"{'y_start': 416, 'y_stop': 2697, 'x_start': 3, 'x_stop': 2692}"
D07,PLD3_TMEM106B_no_mCherry,8,488nm Binned,0.0,0.0,1.0,1.0,1.0,,True,False,False,8,1,0.125,True,anchored_masked_phase_cross_correlation,D,07,"{'y_start': 561, 'y_stop': 2806, 'x_start': 5, 'x_stop': 2710}"
D07,PLD3_TMEM106B_no_mCherry,12,488nm Binned,-57.0,-123.0,0.009589051374567397,0.19567417059907485,0.9380908510005077,,True,False,False,8,1,0.125,True,anchored_masked_phase_cross_correlation,D,07,"{'y_start': 561, 'y_stop': 2806, 'x_start': 5, 'x_stop': 2710}"
D07,PLD3_TMEM106B_no_mCherry,16,488nm Binned,-31.0,-36.0,0.008981376004851703,0.17901594353499156,0.9767744495602901,,True,False,False,8,1,0.125,True,anchored_masked_phase_cross_correlation,D,07,"{'y_start': 561, 'y_stop': 2806, 'x_start': 5, 'x_stop': 2710}"
D07,PLD3_TMEM106B_no_mCherry,20,488nm Binned,-31.0,-141.0,0.003952700803440287,0.15984407673566883,0.9405592951804065,,True,False,False,8,1,0.125,True,anchored_masked_phase_cross_correlation,D,07,"{'y_start': 561, 'y_stop': 2806, 'x_start': 5, 'x_stop': 2710}"
D07,PLD3_TMEM106B_no_mCherry,25,488nm Binned,79.0,5.0,0.009599578426262597,0.1151947861277894,0.970759318911706,,True,False,False,8,1,0.125,True,anchored_masked_phase_cross_correlation,D,07,"{'y_start': 561, 'y_stop': 2806, 'x_start': 5, 'x_stop': 2710}"
D07,PLD3_TMEM106B_no_mCherry,29,488nm Binned,57.0,-17.0,0.010480627319325826,0.10577288301852174,0.9743158528970665,,True,False,False,8,1,0.125,True,anchored_masked_phase_cross_correlation,D,07,"{'y_start': 561, 'y_stop': 2806, 'x_start': 5, 'x_stop': 2710}"
D07,PLD3_TMEM106B_no_mCherry,32,488nm Binned,490.0,-155.0,0.008476887127631873,0.33707714887955637,0.7843381690718922,,True,False,True,29,1,0.125,True,anchored_masked_phase_cross_correlation,D,07,"{'y_start': 561, 'y_stop': 2806, 'x_start': 5, 'x_stop': 2710}"
D07,PLD3_TMEM106B_no_mCherry,36,488nm Binned,-62.0,-168.0,0.0056824378367334415,0.22149683906662865,0.9210710596803278,,True,False,False,29,1,0.125,True,anchored_masked_phase_cross_correlation,D,07,"{'y_start': 561, 'y_stop': 2806, 'x_start': 5, 'x_stop': 2710}"
D07,PLD3_TMEM106B_no_mCherry,39,488nm Binned,843.0,-107.0,-0.0001360878264496372,0.14583264768678406,0.6797248385007265,,True,True,False,29,1,0.125,True,anchored_masked_phase_cross_correlation,D,07,"{'y_start': 561, 'y_stop': 2806, 'x_start': 5, 'x_stop': 2710}"
C15,PLD3_only_no_mCherry,8,488nm Binned,0.0,0.0,1.0,1.0,1.0,,True,False,False,8,2,0.25,True,anchored_masked_phase_cross_correlation,C,15,"{'y_start': 441, 'y_stop': 2715, 'x_start': 3, 'x_stop': 2693}"
C15,PLD3_only_no_mCherry,12,488nm Binned,-131.0,-136.0,0.0014151454170060831,0.1948452890086181,0.9090697330617851,,True,False,False,8,2,0.25,True,anchored_masked_phase_cross_correlation,C,15,"{'y_start': 441, 'y_stop': 2715, 'x_start': 3, 'x_stop': 2693}"
C15,PLD3_only_no_mCherry,16,488nm Binned,-58.0,-44.0,0.002556278133798493,0.15829137102147037,0.9647454040059211,,True,False,False,8,2,0.25,True,anchored_masked_phase_cross_correlation,C,15,"{'y_start': 441, 'y_stop': 2715, 'x_start': 3, 'x_stop': 2693}"
C15,PLD3_only_no_mCherry,20,488nm Binned,-130.0,-159.0,9.943264914347249e-05,0.11171295241816258,0.9017458552896483,,True,False,False,8,2,0.25,True,anchored_masked_phase_cross_correlation,C,15,"{'y_start': 441, 'y_stop': 2715, 'x_start': 3, 'x_stop': 2693}"
C15,PLD3_only_no_mCherry,25,488nm Binned,91.0,3.0,0.0003297782712657596,0.2618057174875891,0.9672577365008782,,True,False,True,20,2,0.25,True,anchored_masked_phase_cross_correlation,C,15,"{'y_start': 441, 'y_stop': 2715, 'x_start': 3, 'x_stop': 2693}"
C15,PLD3_only_no_mCherry,29,488nm Binned,53.0,-18.0,0.007206667092139516,0.22538089212106535,0.9753600543874699,,True,False,False,20,2,0.25,True,anchored_masked_phase_cross_correlation,C,15,"{'y_start': 441, 'y_stop': 2715, 'x_start': 3, 'x_stop': 2693}"
C15,PLD3_only_no_mCherry,32,488nm Binned,389.0,-173.0,-0.0012192821969592405,0.15973130236033725,0.8122262147215754,,True,False,False,20,2,0.25,True,anchored_masked_phase_cross_correlation,C,15,"{'y_start': 441, 'y_stop': 2715, 'x_start': 3, 'x_stop': 2693}"
C15,PLD3_only_no_mCherry,36,488nm Binned,-153.0,-181.0,0.0012682348975448466,0.12186205254592142,0.8869092948886282,,True,False,False,20,2,0.25,True,anchored_masked_phase_cross_correlation,C,15,"{'y_start': 441, 'y_stop': 2715, 'x_start': 3, 'x_stop': 2693}"
C15,PLD3_only_no_mCherry,39,488nm Binned,648.0,-139.0,-0.0010177684153467575,0.20144225051438405,0.7365431861020173,,True,True,True,36,2,0.25,True,anchored_masked_phase_cross_correlation,C,15,"{'y_start': 441, 'y_stop': 2715, 'x_start': 3, 'x_stop': 2693}"
C16,PLD3_only_no_mCherry,8,488nm Binned,0.0,0.0,1.0,1.0,1.0,,True,False,False,8,2,0.25,True,anchored_masked_phase_cross_correlation,C,16,"{'y_start': 432, 'y_stop': 2706, 'x_start': 7, 'x_stop': 2696}"
C16,PLD3_only_no_mCherry,12,488nm Binned,-140.0,-135.0,-0.0009508563846362486,0.19509259709552473,0.9064121193022998,,True,False,False,8,2,0.25,True,anchored_masked_phase_cross_correlation,C,16,"{'y_start': 432, 'y_stop': 2706, 'x_start': 7, 'x_stop': 2696}"
C16,PLD3_only_no_mCherry,16,488nm Binned,-57.0,-43.0,0.006437548640237043,0.16972943255089912,0.9654304750733822,,True,False,False,8,2,0.25,True,anchored_masked_phase_cross_correlation,C,16,"{'y_start': 432, 'y_stop': 2706, 'x_start': 7, 'x_stop': 2696}"
C16,PLD3_only_no_mCherry,20,488nm Binned,-137.0,-158.0,0.010624020152674475,0.12926751108075715,0.8997724615776646,,True,False,False,8,2,0.25,True,anchored_masked_phase_cross_correlation,C,16,"{'y_start': 432, 'y_stop': 2706, 'x_start': 7, 'x_stop': 2696}"
C16,PLD3_only_no_mCherry,25,488nm Binned,96.0,7.0,0.0029500569524462937,0.11173258460733285,0.9641681693247667,,True,False,False,8,2,0.25,True,anchored_masked_phase_cross_correlation,C,16,"{'y_start': 432, 'y_stop': 2706, 'x_start': 7, 'x_stop': 2696}"
C16,PLD3_only_no_mCherry,29,488nm Binned,59.0,-15.0,0.004126106839397533,0.3190396020556446,0.9743056406575515,,True,False,True,25,2,0.25,True,anchored_masked_phase_cross_correlation,C,16,"{'y_start': 432, 'y_stop': 2706, 'x_start': 7, 'x_stop': 2696}"
C16,PLD3_only_no_mCherry,32,488nm Binned,384.0,-169.0,-0.0008760864600283827,0.15268030603839916,0.8150723901892474,,True,False,False,25,2,0.25,True,anchored_masked_phase_cross_correlation,C,16,"{'y_start': 432, 'y_stop': 2706, 'x_start': 7, 'x_stop': 2696}"
C16,PLD3_only_no_mCherry,36,488nm Binned,-162.0,-182.0,0.010025851257635604,0.13250052898394307,0.8836402840753255,,True,False,False,25,2,0.25,True,anchored_masked_phase_cross_correlation,C,16,"{'y_start': 432, 'y_stop': 2706, 'x_start': 7, 'x_stop': 2696}"
C16,PLD3_only_no_mCherry,39,488nm Binned,622.0,-141.0,0.004663252306644919,0.2186252943144335,0.74462325589538,,True,True,True,36,2,0.25,True,anchored_masked_phase_cross_correlation,C,16,"{'y_start': 432, 'y_stop': 2706, 'x_start': 7, 'x_stop': 2696}"
C18,PLD3_only_no_mCherry,8,488nm Binned,0.0,0.0,1.0,1.0,1.0,,True,False,False,8,2,0.25,True,anchored_masked_phase_cross_correlation,C,18,"{'y_start': 404, 'y_stop': 2687, 'x_start': 5, 'x_stop': 2694}"
C18,PLD3_only_no_mCherry,12,488nm Binned,-159.0,-137.0,-0.0009776537811380152,0.17292794015522914,0.8994404422191489,,True,False,False,8,2,0.25,True,anchored_masked_phase_cross_correlation,C,18,"{'y_start': 404, 'y_stop': 2687, 'x_start': 5, 'x_stop': 2694}"
C18,PLD3_only_no_mCherry,16,488nm Binned,-63.0,-43.0,0.002933304298865126,0.14640505884376562,0.9633697910284017,,True,False,False,8,2,0.25,True,anchored_masked_phase_cross_correlation,C,18,"{'y_start': 404, 'y_stop': 2687, 'x_start': 5, 'x_stop': 2694}"
C18,PLD3_only_no_mCherry,20,488nm Binned,-165.0,-159.0,0.0070583184723485,0.12080689993926295,0.890218789937151,,True,False,False,8,2,0.25,True,anchored_masked_phase_cross_correlation,C,18,"{'y_start': 404, 'y_stop': 2687, 'x_start': 5, 'x_stop': 2694}"
C18,PLD3_only_no_mCherry,25,488nm Binned,98.0,5.0,0.009264445373078915,0.2546985317447985,0.9641460428058176,,True,False,True,20,2,0.25,True,anchored_masked_phase_cross_correlation,C,18,"{'y_start': 404, 'y_stop': 2687, 'x_start': 5, 'x_stop': 2694}"
C18,PLD3_only_no_mCherry,29,488nm Binned,57.0,-17.0,0.012469721286186446,0.2146965894552417,0.9743158528970665,,True,False,False,20,2,0.25,True,anchored_masked_phase_cross_correlation,C,18,"{'y_start': 404, 'y_stop': 2687, 'x_start': 5, 'x_stop': 2694}"
C18,PLD3_only_no_mCherry,32,488nm Binned,360.0,-172.0,0.0002537122093870714,0.1350014632427293,0.8220327608643639,,True,False,False,20,2,0.25,True,anchored_masked_phase_cross_correlation,C,18,"{'y_start': 404, 'y_stop': 2687, 'x_start': 5, 'x_stop': 2694}"
C18,PLD3_only_no_mCherry,36,488nm Binned,-181.0,-182.0,0.011373724092877074,0.12723578718750855,0.877435862272875,,True,False,False,20,2,0.25,True,anchored_masked_phase_cross_correlation,C,18,"{'y_start': 404, 'y_stop': 2687, 'x_start': 5, 'x_stop': 2694}"
C18,PLD3_only_no_mCherry,39,488nm Binned,576.0,-141.0,0.0034349161332270575,0.17605363342014982,0.7598737767195952,,True,True,True,36,2,0.25,True,anchored_masked_phase_cross_correlation,C,18,"{'y_start': 404, 'y_stop': 2687, 'x_start': 5, 'x_stop': 2694}"
C20,PLD3_only_no_mCherry,8,488nm Binned,0.0,0.0,1.0,1.0,1.0,,True,False,False,8,2,0.25,True,anchored_masked_phase_cross_correlation,C,20,"{'y_start': 371, 'y_stop': 2664, 'x_start': 2, 'x_stop': 2692}"
C20,PLD3_only_no_mCherry,12,488nm Binned,-179.0,-138.0,0.0048549114961456575,0.17013130134876975,0.8924731418100756,,True,False,False,8,2,0.25,True,anchored_masked_phase_cross_correlation,C,20,"{'y_start': 371, 'y_stop': 2664, 'x_start': 2, 'x_stop': 2692}"
C20,PLD3_only_no_mCherry,16,488nm Binned,-70.0,-45.0,0.011567860831870426,0.1699754324836696,0.9602853299720476,,True,False,False,8,2,0.25,True,anchored_masked_phase_cross_correlation,C,20,"{'y_start': 371, 'y_stop': 2664, 'x_start': 2, 'x_stop': 2692}"
C20,PLD3_only_no_mCherry,20,488nm Binned,-188.0,-163.0,0.011779840120107944,0.1053631544445277,0.8813405849959832,,True,False,False,8,2,0.25,True,anchored_masked_phase_cross_correlation,C,20,"{'y_start': 371, 'y_stop': 2664, 'x_start': 2, 'x_stop': 2692}"
C20,PLD3_only_no_mCherry,25,488nm Binned,100.0,2.0,0.011237353574360003,0.10926838731264635,0.9644594612995027,,True,False,False,8,2,0.25,True,anchored_masked_phase_cross_correlation,C,20,"{'y_start': 371, 'y_stop': 2664, 'x_start': 2, 'x_stop': 2692}"
C20,PLD3_only_no_mCherry,29,488nm Binned,54.0,-22.0,0.01787769299109133,0.3275150788989848,0.9736451275946383,,True,False,True,25,2,0.25,True,anchored_masked_phase_cross_correlation,C,20,"{'y_start': 371, 'y_stop': 2664, 'x_start': 2, 'x_stop': 2692}"
C20,PLD3_only_no_mCherry,32,488nm Binned,331.0,-174.0,0.0032436881712778515,0.14755192835320255,0.8309210564707668,,True,False,False,25,2,0.25,True,anchored_masked_phase_cross_correlation,C,20,"{'y_start': 371, 'y_stop': 2664, 'x_start': 2, 'x_stop': 2692}"
C20,PLD3_only_no_mCherry,36,488nm Binned,-204.0,-184.0,0.003822399421093178,0.10735791810107496,0.869277498643231,,True,False,False,25,2,0.25,True,anchored_masked_phase_cross_correlation,C,20,"{'y_start': 371, 'y_stop': 2664, 'x_start': 2, 'x_stop': 2692}"
C20,PLD3_only_no_mCherry,39,488nm Binned,526.0,-146.0,0.007241199204191502,0.2116926780249815,0.7750267949712988,,True,True,True,36,2,0.25,True,anchored_masked_phase_cross_correlation,C,20,"{'y_start': 371, 'y_stop': 2664, 'x_start': 2, 'x_stop': 2692}"
D05,PLD3_TMEM106B_no_mCherry,8,488nm Binned,0.0,0.0,1.0,1.0,1.0,,True,False,False,8,2,0.25,True,anchored_masked_phase_cross_correlation,D,05,"{'y_start': 586, 'y_stop': 2823, 'x_start': 7, 'x_stop': 2709}"
D05,PLD3_TMEM106B_no_mCherry,12,488nm Binned,-37.0,-123.0,0.00262559579747214,0.19185827543567635,0.9447652789692057,,True,False,False,8,2,0.25,True,anchored_masked_phase_cross_correlation,D,05,"{'y_start': 586, 'y_stop': 2823, 'x_start': 7, 'x_stop': 2709}"
D05,PLD3_TMEM106B_no_mCherry,16,488nm Binned,-25.0,-36.0,0.01867385617485446,0.16149540729761577,0.9788402397250282,,True,False,False,8,2,0.25,True,anchored_masked_phase_cross_correlation,D,05,"{'y_start': 586, 'y_stop': 2823, 'x_start': 7, 'x_stop': 2709}"
D05,PLD3_TMEM106B_no_mCherry,20,488nm Binned,-10.0,-142.0,0.006946242113059328,0.13513552028937034,0.9471740301776541,,True,False,False,8,2,0.25,True,anchored_masked_phase_cross_correlation,D,05,"{'y_start': 586, 'y_stop': 2823, 'x_start': 7, 'x_stop': 2709}"
D05,PLD3_TMEM106B_no_mCherry,25,488nm Binned,75.0,7.0,0.013548509260712016,0.276664031900184,0.9714724736378332,,True,False,True,20,2,0.25,True,anchored_masked_phase_cross_correlation,D,05,"{'y_start': 586, 'y_stop': 2823, 'x_start': 7, 'x_stop': 2709}"
D05,PLD3_TMEM106B_no_mCherry,29,488nm Binned,56.0,-17.0,0.010310339347330295,0.2456463106997418,0.974662461169175,,True,False,False,20,2,0.25,True,anchored_masked_phase_cross_correlation,D,05,"{'y_start': 586, 'y_stop': 2823, 'x_start': 7, 'x_stop': 2709}"
D05,PLD3_TMEM106B_no_mCherry,32,488nm Binned,510.0,-156.0,0.008241471221195545,0.16614280537631884,0.7774548764902576,,True,True,False,20,2,0.25,True,anchored_masked_phase_cross_correlation,D,05,"{'y_start': 586, 'y_stop': 2823, 'x_start': 7, 'x_stop': 2709}"
D05,PLD3_TMEM106B_no_mCherry,36,488nm Binned,-45.0,-171.0,0.001224628876163751,0.15508254580866243,0.9256217065527564,,True,False,False,20,2,0.25,True,anchored_masked_phase_cross_correlation,D,05,"{'y_start': 586, 'y_stop': 2823, 'x_start': 7, 'x_stop': 2709}"
D05,PLD3_TMEM106B_no_mCherry,39,488nm Binned,887.0,-110.0,0.00015599146769336832,0.19511591431228467,0.6642329927308307,,True,True,True,36,2,0.25,True,anchored_masked_phase_cross_correlation,D,05,"{'y_start': 586, 'y_stop': 2823, 'x_start': 7, 'x_stop': 2709}"
D06,PLD3_TMEM106B_no_mCherry,8,488nm Binned,0.0,0.0,1.0,1.0,1.0,,True,False,False,8,2,0.25,True,anchored_masked_phase_cross_correlation,D,06,"{'y_start': 571, 'y_stop': 2812, 'x_start': 7, 'x_stop': 2711}"
D06,PLD3_TMEM106B_no_mCherry,12,488nm Binned,-48.0,-122.0,0.0020626955205940056,0.17066338643970863,0.9414371830558522,,True,False,False,8,2,0.25,True,anchored_masked_phase_cross_correlation,D,06,"{'y_start': 571, 'y_stop': 2812, 'x_start': 7, 'x_stop': 2711}"
D06,PLD3_TMEM106B_no_mCherry,16,488nm Binned,-27.0,-37.0,0.009586238082306808,0.1616191183459099,0.9778062504741397,,True,False,False,8,2,0.25,True,anchored_masked_phase_cross_correlation,D,06,"{'y_start': 571, 'y_stop': 2812, 'x_start': 7, 'x_stop': 2711}"
D06,PLD3_TMEM106B_no_mCherry,20,488nm Binned,-19.0,-141.0,0.0019463552902402492,0.13341886524602714,0.9445376919171583,,True,False,False,8,2,0.25,True,anchored_masked_phase_cross_correlation,D,06,"{'y_start': 571, 'y_stop': 2812, 'x_start': 7, 'x_stop': 2711}"
D06,PLD3_TMEM106B_no_mCherry,25,488nm Binned,80.0,7.0,0.00859794195528806,0.30407945915373696,0.9697333535632935,,True,False,True,20,2,0.25,True,anchored_masked_phase_cross_correlation,D,06,"{'y_start': 571, 'y_stop': 2812, 'x_start': 7, 'x_stop': 2711}"
D06,PLD3_TMEM106B_no_mCherry,29,488nm Binned,57.0,-15.0,0.010388377215676262,0.2557087477291733,0.9749993434988883,,True,False,False,20,2,0.25,True,anchored_masked_phase_cross_correlation,D,06,"{'y_start': 571, 'y_stop': 2812, 'x_start': 7, 'x_stop': 2711}"
D06,PLD3_TMEM106B_no_mCherry,32,488nm Binned,497.0,-154.0,0.0074152412528346884,0.17747844427487672,0.7823176045392919,,True,False,False,20,2,0.25,True,anchored_masked_phase_cross_correlation,D,06,"{'y_start': 571, 'y_stop': 2812, 'x_start': 7, 'x_stop': 2711}"
D06,PLD3_TMEM106B_no_mCherry,36,488nm Binned,-56.0,-169.0,0.0068645783244977955,0.16337892469856888,0.9226986961401625,,True,False,False,20,2,0.25,True,anchored_masked_phase_cross_correlation,D,06,"{'y_start': 571, 'y_stop': 2812, 'x_start': 7, 'x_stop': 2711}"
D06,PLD3_TMEM106B_no_mCherry,39,488nm Binned,865.0,-108.0,0.0008320199529255616,0.2007877012467996,0.6720966603059003,,True,True,True,36,2,0.25,True,anchored_masked_phase_cross_correlation,D,06,"{'y_start': 571, 'y_stop': 2812, 'x_start': 7, 'x_stop': 2711}"
C19,PLD3_only_no_mCherry,8,488nm Binned,0.0,0.0,1.0,1.0,1.0,,True,False,False,8,2,0.25,True,anchored_masked_phase_cross_correlation,C,19,"{'y_start': 385, 'y_stop': 2674, 'x_start': 4, 'x_stop': 2696}"
C19,PLD3_only_no_mCherry,12,488nm Binned,-171.0,-137.0,0.0017215262312518245,0.1650308323458047,0.89545620991696,,True,False,False,8,2,0.25,True,anchored_masked_phase_cross_correlation,C,19,"{'y_start': 385, 'y_stop': 2674, 'x_start': 4, 'x_stop': 2696}"
C19,PLD3_only_no_mCherry,16,488nm Binned,-66.0,-42.0,-0.001255332927230475,0.16377052257885205,0.9626801001383029,,True,False,False,8,2,0.25,True,anchored_masked_phase_cross_correlation,C,19,"{'y_start': 385, 'y_stop': 2674, 'x_start': 4, 'x_stop': 2696}"
C19,PLD3_only_no_mCherry,20,488nm Binned,-175.0,-160.0,0.0008360024679332125,0.12959470597317205,0.8865979431577022,,True,False,False,8,2,0.25,True,anchored_masked_phase_cross_correlation,C,19,"{'y_start': 385, 'y_stop': 2674, 'x_start': 4, 'x_stop': 2696}"
C19,PLD3_only_no_mCherry,25,488nm Binned,100.0,4.0,0.0014195891058188346,0.10465545232095105,0.9637864260857556,,True,False,False,8,2,0.25,True,anchored_masked_phase_cross_correlation,C,19,"{'y_start': 385, 'y_stop': 2674, 'x_start': 4, 'x_stop': 2696}"
C19,PLD3_only_no_mCherry,29,488nm Binned,53.0,-16.0,0.008653309190309917,0.10016241379296893,0.9760445175835313,,True,False,False,8,2,0.25,True,anchored_masked_phase_cross_correlation,C,19,"{'y_start': 385, 'y_stop': 2674, 'x_start': 4, 'x_stop': 2696}"
C19,PLD3_only_no_mCherry,32,488nm Binned,343.0,-169.0,-0.004076000942969473,0.22244201287024232,0.8285256784331118,,True,False,True,29,2,0.25,True,anchored_masked_phase_cross_correlation,C,19,"{'y_start': 385, 'y_stop': 2674, 'x_start': 4, 'x_stop': 2696}"
C19,PLD3_only_no_mCherry,36,488nm Binned,-194.0,-180.0,-0.00573676008661741,0.16153630295394478,0.8738409108150534,,True,False,False,29,2,0.25,True,anchored_masked_phase_cross_correlation,C,19,"{'y_start': 385, 'y_stop': 2674, 'x_start': 4, 'x_stop': 2696}"
C19,PLD3_only_no_mCherry,39,488nm Binned,550.0,-141.0,-0.0031826412600009027,0.1845420799270375,0.7684936363158908,,True,True,True,36,2,0.25,True,anchored_masked_phase_cross_correlation,C,19,"{'y_start': 385, 'y_stop': 2674, 'x_start': 4, 'x_stop': 2696}"
D08,PLD3_TMEM106B_no_mCherry,8,488nm Binned,0.0,0.0,1.0,1.0,1.0,,True,False,False,8,2,0.25,True,anchored_masked_phase_cross_correlation,D,08,"{'y_start': 537, 'y_stop': 2788, 'x_start': 7, 'x_stop': 2711}"
D08,PLD3_TMEM106B_no_mCherry,12,488nm Binned,-68.0,-123.0,0.010144833217016378,0.17826971717054593,0.9344199156177238,,True,False,False,8,2,0.25,True,anchored_masked_phase_cross_correlation,D,08,"{'y_start': 537, 'y_stop': 2788, 'x_start': 7, 'x_stop': 2711}"
D08,PLD3_TMEM106B_no_mCherry,16,488nm Binned,-35.0,-36.0,0.003331205900043461,0.16473215866933072,0.9753972561171315,,True,False,False,8,2,0.25,True,anchored_masked_phase_cross_correlation,D,08,"{'y_start': 537, 'y_stop': 2788, 'x_start': 7, 'x_stop': 2711}"
D08,PLD3_TMEM106B_no_mCherry,20,488nm Binned,-46.0,-142.0,0.005078230411759707,0.1288298383523718,0.9352432166414765,,True,False,False,8,2,0.25,True,anchored_masked_phase_cross_correlation,D,08,"{'y_start': 537, 'y_stop': 2788, 'x_start': 7, 'x_stop': 2711}"
D08,PLD3_TMEM106B_no_mCherry,25,488nm Binned,75.0,7.0,0.007151356189773525,0.11881464942770702,0.9714724736378332,,True,False,False,8,2,0.25,True,anchored_masked_phase_cross_correlation,D,08,"{'y_start': 537, 'y_stop': 2788, 'x_start': 7, 'x_stop': 2711}"
D08,PLD3_TMEM106B_no_mCherry,29,488nm Binned,50.0,-19.0,0.011144905367054732,0.29558338351205526,0.9760569181600851,,True,False,True,25,2,0.25,True,anchored_masked_phase_cross_correlation,D,08,"{'y_start': 537, 'y_stop': 2788, 'x_start': 7, 'x_stop': 2711}"
D08,PLD3_TMEM106B_no_mCherry,32,488nm Binned,468.0,-154.0,0.003406533461807355,0.16726955545234187,0.791886229816238,,True,False,False,25,2,0.25,True,anchored_masked_phase_cross_correlation,D,08,"{'y_start': 537, 'y_stop': 2788, 'x_start': 7, 'x_stop': 2711}"
D08,PLD3_TMEM106B_no_mCherry,36,488nm Binned,-80.0,-169.0,-0.0012522197494791454,0.13832377460018197,0.9148236005827785,,True,False,False,25,2,0.25,True,anchored_masked_phase_cross_correlation,D,08,"{'y_start': 537, 'y_stop': 2788, 'x_start': 7, 'x_stop': 2711}"
D08,PLD3_TMEM106B_no_mCherry,39,488nm Binned,812.0,-110.0,0.0026004541528546147,0.2298640782128243,0.6893806325363896,,True,True,True,36,2,0.25,True,anchored_masked_phase_cross_correlation,D,08,"{'y_start': 537, 'y_stop': 2788, 'x_start': 7, 'x_stop': 2711}"
D09,PLD3_TMEM106B_no_mCherry,8,488nm Binned,0.0,0.0,1.0,1.0,1.0,,True,False,False,8,2,0.25,True,anchored_masked_phase_cross_correlation,D,09,"{'y_start': 530, 'y_stop': 2781, 'x_start': 5, 'x_stop': 2707}"
D09,PLD3_TMEM106B_no_mCherry,12,488nm Binned,-77.0,-124.0,-0.001836633486508623,0.18374138806873166,0.9310771092164976,,True,False,False,8,2,0.25,True,anchored_masked_phase_cross_correlation,D,09,"{'y_start': 530, 'y_stop': 2781, 'x_start': 5, 'x_stop': 2707}"
D09,PLD3_TMEM106B_no_mCherry,16,488nm Binned,-37.0,-36.0,0.006678906623443691,0.15951036238982458,0.9747086593955522,,True,False,False,8,2,0.25,True,anchored_masked_phase_cross_correlation,D,09,"{'y_start': 530, 'y_stop': 2781, 'x_start': 5, 'x_stop': 2707}"
D09,PLD3_TMEM106B_no_mCherry,20,488nm Binned,-53.0,-144.0,-0.0013691148238408636,0.12123360261822226,0.9322388730356028,,True,False,False,8,2,0.25,True,anchored_masked_phase_cross_correlation,D,09,"{'y_start': 530, 'y_stop': 2781, 'x_start': 5, 'x_stop': 2707}"
D09,PLD3_TMEM106B_no_mCherry,25,488nm Binned,85.0,5.0,-0.0005606001799300133,0.3061044864191558,0.9686709159308992,,True,False,True,20,2,0.25,True,anchored_masked_phase_cross_correlation,D,09,"{'y_start': 530, 'y_stop': 2781, 'x_start': 5, 'x_stop': 2707}"
D09,PLD3_TMEM106B_no_mCherry,29,488nm Binned,57.0,-19.0,0.010472984809904197,0.23874637044470687,0.9736323622952446,,True,False,False,20,2,0.25,True,anchored_masked_phase_cross_correlation,D,09,"{'y_start': 530, 'y_stop': 2781, 'x_start': 5, 'x_stop': 2707}"
D09,PLD3_TMEM106B_no_mCherry,32,488nm Binned,464.0,-158.0,0.003687495844974557,0.17770155919995273,0.7920369819233635,,True,False,False,20,2,0.25,True,anchored_masked_phase_cross_correlation,D,09,"{'y_start': 530, 'y_stop': 2781, 'x_start': 5, 'x_stop': 2707}"
D09,PLD3_TMEM106B_no_mCherry,36,488nm Binned,-87.0,-170.0,0.002275623787952944,0.1471402544847523,0.912188599639362,,True,False,False,20,2,0.25,True,anchored_masked_phase_cross_correlation,D,09,"{'y_start': 530, 'y_stop': 2781, 'x_start': 5, 'x_stop': 2707}"
D09,PLD3_TMEM106B_no_mCherry,39,488nm Binned,792.0,-111.0,0.008979011095599173,0.21687544279864607,0.6958342816127169,,True,True,True,36,2,0.25,True,anchored_masked_phase_cross_correlation,D,09,"{'y_start': 530, 'y_stop': 2781, 'x_start': 5, 'x_stop': 2707}"
D11,PLD3_TMEM106B_no_mCherry,8,488nm Binned,0.0,0.0,1.0,1.0,1.0,,True,False,False,8,1,0.125,True,anchored_masked_phase_cross_correlation,D,11,"{'y_start': 499, 'y_stop': 2759, 'x_start': 6, 'x_stop': 2709}"
D11,PLD3_TMEM106B_no_mCherry,12,488nm Binned,-96.0,-125.0,0.0008871355926144442,0.17197727116542888,0.92440170865356,,True,False,False,8,1,0.125,True,anchored_masked_phase_cross_correlation,D,11,"{'y_start': 499, 'y_stop': 2759, 'x_start': 6, 'x_stop': 2709}"
D11,PLD3_TMEM106B_no_mCherry,16,488nm Binned,-44.0,-37.0,0.012535517431129791,0.142458164435713,0.9719552451034743,,True,False,False,8,1,0.125,True,anchored_masked_phase_cross_correlation,D,11,"{'y_start': 499, 'y_stop': 2759, 'x_start': 6, 'x_stop': 2709}"
D11,PLD3_TMEM106B_no_mCherry,20,488nm Binned,-81.0,-143.0,-3.991437683547685e-05,0.10836040183924109,0.9233049870742226,,True,False,False,8,1,0.125,True,anchored_masked_phase_cross_correlation,D,11,"{'y_start': 499, 'y_stop': 2759, 'x_start': 6, 'x_stop': 2709}"
D11,PLD3_TMEM106B_no_mCherry,25,488nm Binned,85.0,6.0,0.0035494681914250378,0.2970362279410597,0.9683325747098265,,True,False,True,20,1,0.125,True,anchored_masked_phase_cross_correlation,D,11,"{'y_start': 499, 'y_stop': 2759, 'x_start': 6, 'x_stop': 2709}"
D11,PLD3_TMEM106B_no_mCherry,29,488nm Binned,54.0,-16.0,0.023932710925111955,0.2310032872841717,0.9756977877371428,,True,False,False,20,1,0.125,True,anchored_masked_phase_cross_correlation,D,11,"{'y_start': 499, 'y_stop': 2759, 'x_start': 6, 'x_stop': 2709}"
D11,PLD3_TMEM106B_no_mCherry,32,488nm Binned,437.0,-156.0,0.009397857106717655,0.17556406417772494,0.8015236661356302,,True,False,False,20,1,0.125,True,anchored_masked_phase_cross_correlation,D,11,"{'y_start': 499, 'y_stop': 2759, 'x_start': 6, 'x_stop': 2709}"
D11,PLD3_TMEM106B_no_mCherry,36,488nm Binned,-109.0,-171.0,0.0027573453705277587,0.16342897672713996,0.904637013240898,,True,False,False,20,1,0.125,True,anchored_masked_phase_cross_correlation,D,11,"{'y_start': 499, 'y_stop': 2759, 'x_start': 6, 'x_stop': 2709}"
D11,PLD3_TMEM106B_no_mCherry,39,488nm Binned,742.0,-115.0,-0.0017578339362193706,0.10100316708674277,0.7115594284258173,,True,True,False,20,1,0.125,True,anchored_masked_phase_cross_correlation,D,11,"{'y_start': 499, 'y_stop': 2759, 'x_start': 6, 'x_stop': 2709}"
D16,PLD3_TMEM106B_no_mCherry,8,488nm Binned,0.0,0.0,1.0,1.0,1.0,,True,False,False,8,1,0.125,True,anchored_masked_phase_cross_correlation,D,16,"{'y_start': 429, 'y_stop': 2704, 'x_start': 6, 'x_stop': 2709}"
D16,PLD3_TMEM106B_no_mCherry,12,488nm Binned,-141.0,-127.0,0.0025479486436965865,0.19069417296045355,0.908732121286392,,True,False,False,8,1,0.125,True,anchored_masked_phase_cross_correlation,D,16,"{'y_start': 429, 'y_stop': 2704, 'x_start': 6, 'x_stop': 2709}"
D16,PLD3_TMEM106B_no_mCherry,16,488nm Binned,-60.0,-39.0,0.008204937633798676,0.16088019608971094,0.9657656553631764,,True,False,False,8,1,0.125,True,anchored_masked_phase_cross_correlation,D,16,"{'y_start': 429, 'y_stop': 2704, 'x_start': 6, 'x_stop': 2709}"
D16,PLD3_TMEM106B_no_mCherry,20,488nm Binned,-140.0,-147.0,-0.002501002301752011,0.12399549647739264,0.9024322636741887,,True,False,False,8,1,0.125,True,anchored_masked_phase_cross_correlation,D,16,"{'y_start': 429, 'y_stop': 2704, 'x_start': 6, 'x_stop': 2709}"
D16,PLD3_TMEM106B_no_mCherry,25,488nm Binned,93.0,6.0,0.00036226764477817486,0.11067368183029122,0.9655490099963236,,True,False,False,8,1,0.125,True,anchored_masked_phase_cross_correlation,D,16,"{'y_start': 429, 'y_stop': 2704, 'x_start': 6, 'x_stop': 2709}"
D16,PLD3_TMEM106B_no_mCherry,29,488nm Binned,54.0,-16.0,0.008305733343429034,0.3211386283723212,0.9756977877371428,,True,False,True,25,1,0.125,True,anchored_masked_phase_cross_correlation,D,16,"{'y_start': 429, 'y_stop': 2704, 'x_start': 6, 'x_stop': 2709}"
D16,PLD3_TMEM106B_no_mCherry,32,488nm Binned,380.0,-156.0,0.0038349451380738607,0.1874407320516631,0.8203171046258527,,True,False,False,25,1,0.125,True,anchored_masked_phase_cross_correlation,D,16,"{'y_start': 429, 'y_stop': 2704, 'x_start': 6, 'x_stop': 2709}"
D16,PLD3_TMEM106B_no_mCherry,36,488nm Binned,-164.0,-168.0,0.003815631641667749,0.1456739052258013,0.8875895029848917,,True,False,False,25,1,0.125,True,anchored_masked_phase_cross_correlation,D,16,"{'y_start': 429, 'y_stop': 2704, 'x_start': 6, 'x_stop': 2709}"
D16,PLD3_TMEM106B_no_mCherry,39,488nm Binned,621.0,-114.0,-0.0022797165063054986,0.10511765585782881,0.7523305789464471,,True,True,False,25,1,0.125,True,anchored_masked_phase_cross_correlation,D,16,"{'y_start': 429, 'y_stop': 2704, 'x_start': 6, 'x_stop': 2709}"
D15,PLD3_TMEM106B_no_mCherry,8,488nm Binned,0.0,0.0,1.0,1.0,1.0,,True,False,False,8,1,0.125,True,anchored_masked_phase_cross_correlation,D,15,"{'y_start': 442, 'y_stop': 2717, 'x_start': 3, 'x_stop': 2704}"
D15,PLD3_TMEM106B_no_mCherry,12,488nm Binned,-133.0,-127.0,0.017825291602701007,0.15508671904367793,0.9113980020969131,,True,False,False,8,1,0.125,True,anchored_masked_phase_cross_correlation,D,15,"{'y_start': 442, 'y_stop': 2717, 'x_start': 3, 'x_stop': 2704}"
D15,PLD3_TMEM106B_no_mCherry,16,488nm Binned,-57.0,-39.0,0.004409212338439668,0.13878391200454504,0.966797456277026,,True,False,False,8,1,0.125,True,anchored_masked_phase_cross_correlation,D,15,"{'y_start': 442, 'y_stop': 2717, 'x_start': 3, 'x_stop': 2704}"
D15,PLD3_TMEM106B_no_mCherry,20,488nm Binned,-131.0,-147.0,0.011389734720253054,0.10536057886153954,0.9054094962156358,,True,False,False,8,1,0.125,True,anchored_masked_phase_cross_correlation,D,15,"{'y_start': 442, 'y_stop': 2717, 'x_start': 3, 'x_stop': 2704}"
D15,PLD3_TMEM106B_no_mCherry,25,488nm Binned,87.0,3.0,0.002713227374240431,0.2840280515881753,0.968650977748989,,True,False,True,20,1,0.125,True,anchored_masked_phase_cross_correlation,D,15,"{'y_start': 442, 'y_stop': 2717, 'x_start': 3, 'x_stop': 2704}"
D15,PLD3_TMEM106B_no_mCherry,29,488nm Binned,51.0,-18.0,0.010318812527497976,0.25615740909167256,0.9760530277831271,,True,False,False,20,1,0.125,True,anchored_masked_phase_cross_correlation,D,15,"{'y_start': 442, 'y_stop': 2717, 'x_start': 3, 'x_stop': 2704}"
D15,PLD3_TMEM106B_no_mCherry,32,488nm Binned,390.0,-161.0,0.01080541850944516,0.2017642078622315,0.8155137048254291,,True,False,False,20,1,0.125,True,anchored_masked_phase_cross_correlation,D,15,"{'y_start': 442, 'y_stop': 2717, 'x_start': 3, 'x_stop': 2704}"
D15,PLD3_TMEM106B_no_mCherry,36,488nm Binned,-151.0,-174.0,0.004839365593787007,0.1730275334398463,0.8898748562992012,,True,False,False,20,1,0.125,True,anchored_masked_phase_cross_correlation,D,15,"{'y_start': 442, 'y_stop': 2717, 'x_start': 3, 'x_stop': 2704}"
D15,PLD3_TMEM106B_no_mCherry,39,488nm Binned,645.0,-119.0,0.00038198417679443644,0.11957580234405338,0.7429437072180108,,True,True,False,20,1,0.125,True,anchored_masked_phase_cross_correlation,D,15,"{'y_start': 442, 'y_stop': 2717, 'x_start': 3, 'x_stop': 2704}"
D10,PLD3_TMEM106B_no_mCherry,8,488nm Binned,0.0,0.0,1.0,1.0,1.0,,True,False,False,8,2,0.25,True,anchored_masked_phase_cross_correlation,D,10,"{'y_start': 514, 'y_stop': 2769, 'x_start': 4, 'x_stop': 2708}"
D10,PLD3_TMEM106B_no_mCherry,12,488nm Binned,-85.0,-125.0,0.0019650985072741283,0.1562692425007877,0.9280699694021852,,True,False,False,8,2,0.25,True,anchored_masked_phase_cross_correlation,D,10,"{'y_start': 514, 'y_stop': 2769, 'x_start': 4, 'x_stop': 2708}"
D10,PLD3_TMEM106B_no_mCherry,16,488nm Binned,-42.0,-39.0,0.01358549295955239,0.13584004690548598,0.9719564608462737,,True,False,False,8,2,0.25,True,anchored_masked_phase_cross_correlation,D,10,"{'y_start': 514, 'y_stop': 2769, 'x_start': 4, 'x_stop': 2708}"
D10,PLD3_TMEM106B_no_mCherry,20,488nm Binned,-68.0,-144.0,-0.0009855480394941702,0.11090231559000335,0.9272713479572603,,True,False,False,8,2,0.25,True,anchored_masked_phase_cross_correlation,D,10,"{'y_start': 514, 'y_stop': 2769, 'x_start': 4, 'x_stop': 2708}"
D10,PLD3_TMEM106B_no_mCherry,25,488nm Binned,87.0,4.0,-0.00021810076536943698,0.30637780506222645,0.9683128796764763,,True,False,True,20,2,0.25,True,anchored_masked_phase_cross_correlation,D,10,"{'y_start': 514, 'y_stop': 2769, 'x_start': 4, 'x_stop': 2708}"
D10,PLD3_TMEM106B_no_mCherry,29,488nm Binned,55.0,-19.0,0.014277837088316763,0.24189505147030774,0.9743250925423419,,True,False,False,20,2,0.25,True,anchored_masked_phase_cross_correlation,D,10,"{'y_start': 514, 'y_stop': 2769, 'x_start': 4, 'x_stop': 2708}"
D10,PLD3_TMEM106B_no_mCherry,32,488nm Binned,451.0,-157.0,0.0012734107034162753,0.17524669315826222,0.7966138888402592,,True,False,False,20,2,0.25,True,anchored_masked_phase_cross_correlation,D,10,"{'y_start': 514, 'y_stop': 2769, 'x_start': 4, 'x_stop': 2708}"
D10,PLD3_TMEM106B_no_mCherry,36,488nm Binned,-99.0,-170.0,0.007930064384788002,0.158205439068962,0.9082525107520293,,True,False,False,20,2,0.25,True,anchored_masked_phase_cross_correlation,D,10,"{'y_start': 514, 'y_stop': 2769, 'x_start': 4, 'x_stop': 2708}"
D10,PLD3_TMEM106B_no_mCherry,39,488nm Binned,766.0,-112.0,0.0029069552341621707,0.19955596433590506,0.704293420010932,,True,True,True,36,2,0.25,True,anchored_masked_phase_cross_correlation,D,10,"{'y_start': 514, 'y_stop': 2769, 'x_start': 4, 'x_stop': 2708}"
D12,PLD3_TMEM106B_no_mCherry,8,488nm Binned,0.0,0.0,1.0,1.0,1.0,,True,False,False,8,2,0.25,True,anchored_masked_phase_cross_correlation,D,12,"{'y_start': 489, 'y_stop': 2753, 'x_start': 4, 'x_stop': 2705}"
D12,PLD3_TMEM106B_no_mCherry,12,488nm Binned,-105.0,-124.0,0.00893368383019897,0.1748672067397957,0.9217363141401587,,True,False,False,8,2,0.25,True,anchored_masked_phase_cross_correlation,D,12,"{'y_start': 489, 'y_stop': 2753, 'x_start': 4, 'x_stop': 2705}"
D12,PLD3_TMEM106B_no_mCherry,16,488nm Binned,-50.0,-37.0,0.004736406838359385,0.15597771980590897,0.9698901843844159,,True,False,False,8,2,0.25,True,anchored_masked_phase_cross_correlation,D,12,"{'y_start': 489, 'y_stop': 2753, 'x_start': 4, 'x_stop': 2705}"
D12,PLD3_TMEM106B_no_mCherry,20,488nm Binned,-93.0,-144.0,-0.0006725667249221199,0.11470412606395933,0.9189921394933562,,True,False,False,8,2,0.25,True,anchored_masked_phase_cross_correlation,D,12,"{'y_start': 489, 'y_stop': 2753, 'x_start': 4, 'x_stop': 2705}"
D12,PLD3_TMEM106B_no_mCherry,25,488nm Binned,89.0,4.0,0.008133025468878069,0.10354383945605451,0.9676165022009807,,True,False,False,8,2,0.25,True,anchored_masked_phase_cross_correlation,D,12,"{'y_start': 489, 'y_stop': 2753, 'x_start': 4, 'x_stop': 2705}"
D12,PLD3_TMEM106B_no_mCherry,29,488nm Binned,57.0,-20.0,0.008514667184523879,0.3049062628180157,0.9732906169943336,,True,False,True,25,2,0.25,True,anchored_masked_phase_cross_correlation,D,12,"{'y_start': 489, 'y_stop': 2753, 'x_start': 4, 'x_stop': 2705}"
D12,PLD3_TMEM106B_no_mCherry,32,488nm Binned,430.0,-160.0,0.007364620739609202,0.1816679081154898,0.802646039888035,,True,False,False,25,2,0.25,True,anchored_masked_phase_cross_correlation,D,12,"{'y_start': 489, 'y_stop': 2753, 'x_start': 4, 'x_stop': 2705}"
D12,PLD3_TMEM106B_no_mCherry,36,488nm Binned,-115.0,-171.0,0.0006479721689050948,0.15019396124925832,0.9026696982429112,,True,False,False,25,2,0.25,True,anchored_masked_phase_cross_correlation,D,12,"{'y_start': 489, 'y_stop': 2753, 'x_start': 4, 'x_stop': 2705}"
D12,PLD3_TMEM106B_no_mCherry,39,488nm Binned,722.0,-113.0,-0.004392637690083571,0.19968285589225213,0.7187751050888076,,True,True,True,36,2,0.25,True,anchored_masked_phase_cross_correlation,D,12,"{'y_start': 489, 'y_stop': 2753, 'x_start': 4, 'x_stop': 2705}"
D13,PLD3_TMEM106B_no_mCherry,8,488nm Binned,0.0,0.0,1.0,1.0,1.0,,True,False,False,8,2,0.25,True,anchored_masked_phase_cross_correlation,D,13,"{'y_start': 471, 'y_stop': 2736, 'x_start': 3, 'x_stop': 2703}"
D13,PLD3_TMEM106B_no_mCherry,12,488nm Binned,-115.0,-125.0,0.000376287108194199,0.16973149190132608,0.9180656219059345,,True,False,False,8,2,0.25,True,anchored_masked_phase_cross_correlation,D,13,"{'y_start': 471, 'y_stop': 2736, 'x_start': 3, 'x_stop': 2703}"
D13,PLD3_TMEM106B_no_mCherry,16,488nm Binned,-49.0,-39.0,0.003848523414588757,0.15486186668250893,0.9695489253806248,,True,False,False,8,2,0.25,True,anchored_masked_phase_cross_correlation,D,13,"{'y_start': 471, 'y_stop': 2736, 'x_start': 3, 'x_stop': 2703}"
D13,PLD3_TMEM106B_no_mCherry,20,488nm Binned,-105.0,-146.0,0.004244709696652983,0.11896153084159751,0.9143462999597346,,True,False,False,8,2,0.25,True,anchored_masked_phase_cross_correlation,D,13,"{'y_start': 471, 'y_stop': 2736, 'x_start': 3, 'x_stop': 2703}"
D13,PLD3_TMEM106B_no_mCherry,25,488nm Binned,89.0,3.0,-0.00032930478677009123,0.12102707727813831,0.9679543571249336,,True,False,False,8,2,0.25,True,anchored_masked_phase_cross_correlation,D,13,"{'y_start': 471, 'y_stop': 2736, 'x_start': 3, 'x_stop': 2703}"
D13,PLD3_TMEM106B_no_mCherry,29,488nm Binned,56.0,-21.0,0.01815818507252242,0.32241110002738843,0.9732949936684115,,True,False,True,25,2,0.25,True,anchored_masked_phase_cross_correlation,D,13,"{'y_start': 471, 'y_stop': 2736, 'x_start': 3, 'x_stop': 2703}"
D13,PLD3_TMEM106B_no_mCherry,32,488nm Binned,414.0,-163.0,-0.0020215683122797104,0.1776303172465869,0.8070185804403518,,True,False,False,25,2,0.25,True,anchored_masked_phase_cross_correlation,D,13,"{'y_start': 471, 'y_stop': 2736, 'x_start': 3, 'x_stop': 2703}"
D13,PLD3_TMEM106B_no_mCherry,36,488nm Binned,-132.0,-172.0,-0.0033877474219472454,0.13557916123675748,0.8967630118520334,,True,False,False,25,2,0.25,True,anchored_masked_phase_cross_correlation,D,13,"{'y_start': 471, 'y_stop': 2736, 'x_start': 3, 'x_stop': 2703}"
D13,PLD3_TMEM106B_no_mCherry,39,488nm Binned,694.0,-118.0,0.0001571895274135605,0.20669998948570642,0.7268318326204217,,True,True,True,36,2,0.25,True,anchored_masked_phase_cross_correlation,D,13,"{'y_start': 471, 'y_stop': 2736, 'x_start': 3, 'x_stop': 2703}"
D14,PLD3_TMEM106B_no_mCherry,8,488nm Binned,0.0,0.0,1.0,1.0,1.0,,True,False,False,8,2,0.25,True,anchored_masked_phase_cross_correlation,D,14,"{'y_start': 461, 'y_stop': 2730, 'x_start': 4, 'x_stop': 2705}"
D14,PLD3_TMEM106B_no_mCherry,12,488nm Binned,-121.0,-125.0,0.007256483484782617,0.16911062017818373,0.9160647524066844,,True,False,False,8,2,0.25,True,anchored_masked_phase_cross_correlation,D,14,"{'y_start': 461, 'y_stop': 2730, 'x_start': 4, 'x_stop': 2705}"
D14,PLD3_TMEM106B_no_mCherry,16,488nm Binned,-51.0,-39.0,0.008720348822304652,0.1382227446278111,0.968861058104725,,True,False,False,8,2,0.25,True,anchored_masked_phase_cross_correlation,D,14,"{'y_start': 461, 'y_stop': 2730, 'x_start': 4, 'x_stop': 2705}"
D14,PLD3_TMEM106B_no_mCherry,20,488nm Binned,-114.0,-143.0,0.0016629989857370143,0.10494012977174036,0.9123724199506311,,True,False,False,8,2,0.25,True,anchored_masked_phase_cross_correlation,D,14,"{'y_start': 461, 'y_stop': 2730, 'x_start': 4, 'x_stop': 2705}"
D14,PLD3_TMEM106B_no_mCherry,25,488nm Binned,93.0,4.0,0.005366045250070037,0.10167281798680111,0.9662237472499898,,True,False,False,8,2,0.25,True,anchored_masked_phase_cross_correlation,D,14,"{'y_start': 461, 'y_stop': 2730, 'x_start': 4, 'x_stop': 2705}"
D14,PLD3_TMEM106B_no_mCherry,29,488nm Binned,57.0,-17.0,0.002984243717568179,0.335595754937474,0.9743158528970665,,True,False,True,25,2,0.25,True,anchored_masked_phase_cross_correlation,D,14,"{'y_start': 461, 'y_stop': 2730, 'x_start': 4, 'x_stop': 2705}"
D14,PLD3_TMEM106B_no_mCherry,32,488nm Binned,407.0,-161.0,-0.00022757085313476996,0.19464679757084805,0.8099189780368768,,True,False,False,25,2,0.25,True,anchored_masked_phase_cross_correlation,D,14,"{'y_start': 461, 'y_stop': 2730, 'x_start': 4, 'x_stop': 2705}"
D14,PLD3_TMEM106B_no_mCherry,36,488nm Binned,-138.0,-168.0,-0.0006691079403410591,0.14099417995092015,0.8961240174366695,,True,False,False,25,2,0.25,True,anchored_masked_phase_cross_correlation,D,14,"{'y_start': 461, 'y_stop': 2730, 'x_start': 4, 'x_stop': 2705}"
D14,PLD3_TMEM106B_no_mCherry,39,488nm Binned,673.0,-112.0,0.0007960761103842397,0.22337541315504636,0.7354538805537563,,True,True,True,36,2,0.25,True,anchored_masked_phase_cross_correlation,D,14,"{'y_start': 461, 'y_stop': 2730, 'x_start': 4, 'x_stop': 2705}"
D17,PLD3_TMEM106B_no_mCherry,8,488nm Binned,0.0,0.0,1.0,1.0,1.0,,True,False,False,8,2,0.25,True,anchored_masked_phase_cross_correlation,D,17,"{'y_start': 413, 'y_stop': 2694, 'x_start': 2, 'x_stop': 2704}"
D17,PLD3_TMEM106B_no_mCherry,12,488nm Binned,-153.0,-128.0,0.008098909551121485,0.17278557525325325,0.9044032259005736,,True,False,False,8,2,0.25,True,anchored_masked_phase_cross_correlation,D,17,"{'y_start': 413, 'y_stop': 2694, 'x_start': 2, 'x_stop': 2704}"
D17,PLD3_TMEM106B_no_mCherry,16,488nm Binned,-63.0,-41.0,0.013400235832587948,0.16385802629156165,0.9640518227388643,,True,False,False,8,2,0.25,True,anchored_masked_phase_cross_correlation,D,17,"{'y_start': 413, 'y_stop': 2694, 'x_start': 2, 'x_stop': 2704}"
D17,PLD3_TMEM106B_no_mCherry,20,488nm Binned,-152.0,-148.0,0.003849748003012977,0.11449048849714943,0.898132424541276,,True,False,False,8,2,0.25,True,anchored_masked_phase_cross_correlation,D,17,"{'y_start': 413, 'y_stop': 2694, 'x_start': 2, 'x_stop': 2704}"
D17,PLD3_TMEM106B_no_mCherry,25,488nm Binned,96.0,2.0,0.0041357168129784365,0.28075169220126023,0.9658531888447331,,True,False,True,20,2,0.25,True,anchored_masked_phase_cross_correlation,D,17,"{'y_start': 413, 'y_stop': 2694, 'x_start': 2, 'x_stop': 2704}"
D17,PLD3_TMEM106B_no_mCherry,29,488nm Binned,54.0,-19.0,0.014282903471150066,0.2549068008212244,0.9746714576658906,,True,False,False,20,2,0.25,True,anchored_masked_phase_cross_correlation,D,17,"{'y_start': 413, 'y_stop': 2694, 'x_start': 2, 'x_stop': 2704}"
D17,PLD3_TMEM106B_no_mCherry,32,488nm Binned,367.0,-162.0,0.0011184318640346824,0.17617392094616308,0.8227789837946348,,True,False,False,20,2,0.25,True,anchored_masked_phase_cross_correlation,D,17,"{'y_start': 413, 'y_stop': 2694, 'x_start': 2, 'x_stop': 2704}"
D17,PLD3_TMEM106B_no_mCherry,36,488nm Binned,-174.0,-172.0,0.004485010566517186,0.14990614096489674,0.8829969129858838,,True,False,False,20,2,0.25,True,anchored_masked_phase_cross_correlation,D,17,"{'y_start': 413, 'y_stop': 2694, 'x_start': 2, 'x_stop': 2704}"
D17,PLD3_TMEM106B_no_mCherry,39,488nm Binned,595.0,-119.0,-0.0021495609179897307,0.21447053317769915,0.759654091995744,,True,True,True,36,2,0.25,True,anchored_masked_phase_cross_correlation,D,17,"{'y_start': 413, 'y_stop': 2694, 'x_start': 2, 'x_stop': 2704}"
D18,PLD3_TMEM106B_no_mCherry,8,488nm Binned,0.0,0.0,1.0,1.0,1.0,,True,False,False,8,2,0.25,True,anchored_masked_phase_cross_correlation,D,18,"{'y_start': 401, 'y_stop': 2682, 'x_start': 4, 'x_stop': 2704}"
D18,PLD3_TMEM106B_no_mCherry,12,488nm Binned,-164.0,-127.0,0.014232403799574002,0.1570466008439984,0.9010677139561438,,True,False,False,8,2,0.25,True,anchored_masked_phase_cross_correlation,D,18,"{'y_start': 401, 'y_stop': 2682, 'x_start': 4, 'x_stop': 2704}"
D18,PLD3_TMEM106B_no_mCherry,16,488nm Binned,-66.0,-38.0,0.004640795045418984,0.12559539443711126,0.9640427046678688,,True,False,False,8,2,0.25,True,anchored_masked_phase_cross_correlation,D,18,"{'y_start': 401, 'y_stop': 2682, 'x_start': 4, 'x_stop': 2704}"
D18,PLD3_TMEM106B_no_mCherry,20,488nm Binned,-165.0,-147.0,0.004344164689642399,0.10211160247785826,0.8941621732812801,,True,False,False,8,2,0.25,True,anchored_masked_phase_cross_correlation,D,18,"{'y_start': 401, 'y_stop': 2682, 'x_start': 4, 'x_stop': 2704}"
D18,PLD3_TMEM106B_no_mCherry,25,488nm Binned,95.0,4.0,0.010012491719122224,0.2515228612203503,0.9655273697744943,,True,False,True,20,2,0.25,True,anchored_masked_phase_cross_correlation,D,18,"{'y_start': 401, 'y_stop': 2682, 'x_start': 4, 'x_stop': 2704}"
D18,PLD3_TMEM106B_no_mCherry,29,488nm Binned,55.0,-17.0,0.002186980095897262,0.23407267708038415,0.9750090694412835,,True,False,False,20,2,0.25,True,anchored_masked_phase_cross_correlation,D,18,"{'y_start': 401, 'y_stop': 2682, 'x_start': 4, 'x_stop': 2704}"
D18,PLD3_TMEM106B_no_mCherry,32,488nm Binned,358.0,-162.0,0.002341615840011699,0.16064373256932543,0.82573980380829,,True,False,False,20,2,0.25,True,anchored_masked_phase_cross_correlation,D,18,"{'y_start': 401, 'y_stop': 2682, 'x_start': 4, 'x_stop': 2704}"
D18,PLD3_TMEM106B_no_mCherry,36,488nm Binned,-186.0,-170.0,0.00512287348764793,0.16691888687059614,0.879715866318867,,True,False,False,20,2,0.25,True,anchored_masked_phase_cross_correlation,D,18,"{'y_start': 401, 'y_stop': 2682, 'x_start': 4, 'x_stop': 2704}"
D18,PLD3_TMEM106B_no_mCherry,39,488nm Binned,572.0,-118.0,0.005114473954317127,0.22617271326469687,0.7676200035402431,,True,True,True,36,2,0.25,True,anchored_masked_phase_cross_correlation,D,18,"{'y_start': 401, 'y_stop': 2682, 'x_start': 4, 'x_stop': 2704}"
D19,PLD3_TMEM106B_no_mCherry,8,488nm Binned,0.0,0.0,1.0,1.0,1.0,,True,False,False,8,1,0.125,True,anchored_masked_phase_cross_correlation,D,19,"{'y_start': 388, 'y_stop': 2672, 'x_start': 2, 'x_stop': 2703}"
D19,PLD3_TMEM106B_no_mCherry,12,488nm Binned,-170.0,-128.0,0.0003380801234977204,0.17062651221893183,0.8987402959409752,,True,False,False,8,1,0.125,True,anchored_masked_phase_cross_correlation,D,19,"{'y_start': 388, 'y_stop': 2672, 'x_start': 2, 'x_stop': 2703}"
D19,PLD3_TMEM106B_no_mCherry,16,488nm Binned,-68.0,-40.0,0.003136607296617633,0.15025325336385387,0.9626737782757461,,True,False,False,8,1,0.125,True,anchored_masked_phase_cross_correlation,D,19,"{'y_start': 388, 'y_stop': 2672, 'x_start': 2, 'x_stop': 2703}"
D19,PLD3_TMEM106B_no_mCherry,20,488nm Binned,-176.0,-148.0,0.0038424901878587737,0.1236391594963284,0.8901960555468023,,True,False,False,8,1,0.125,True,anchored_masked_phase_cross_correlation,D,19,"{'y_start': 388, 'y_stop': 2672, 'x_start': 2, 'x_stop': 2703}"
D19,PLD3_TMEM106B_no_mCherry,25,488nm Binned,98.0,2.0,0.002660196391258336,0.3146615928077223,0.9651563250721179,,True,False,True,20,1,0.125,True,anchored_masked_phase_cross_correlation,D,19,"{'y_start': 388, 'y_stop': 2672, 'x_start': 2, 'x_stop': 2703}"
D19,PLD3_TMEM106B_no_mCherry,29,488nm Binned,54.0,-20.0,0.013381004653073895,0.2588746197381017,0.9743293476421397,,True,False,False,20,1,0.125,True,anchored_masked_phase_cross_correlation,D,19,"{'y_start': 388, 'y_stop': 2672, 'x_start': 2, 'x_stop': 2703}"
D19,PLD3_TMEM106B_no_mCherry,32,488nm Binned,346.0,-163.0,0.002655110563219667,0.20067848887497267,0.8293809534924886,,True,False,False,20,1,0.125,True,anchored_masked_phase_cross_correlation,D,19,"{'y_start': 388, 'y_stop': 2672, 'x_start': 2, 'x_stop': 2703}"
D19,PLD3_TMEM106B_no_mCherry,36,488nm Binned,-196.0,-173.0,-0.00130985182536196,0.16799891910075007,0.8754612528180918,,True,False,False,20,1,0.125,True,anchored_masked_phase_cross_correlation,D,19,"{'y_start': 388, 'y_stop': 2672, 'x_start': 2, 'x_stop': 2703}"
D19,PLD3_TMEM106B_no_mCherry,39,488nm Binned,551.0,-118.0,-0.0016708750963587446,0.11239680977136085,0.7746409182067696,,True,True,False,20,1,0.125,True,anchored_masked_phase_cross_correlation,D,19,"{'y_start': 388, 'y_stop': 2672, 'x_start': 2, 'x_stop': 2703}"
D20,PLD3_TMEM106B_no_mCherry,8,488nm Binned,0.0,0.0,1.0,1.0,1.0,,True,False,False,8,2,0.25,True,anchored_masked_phase_cross_correlation,D,20,"{'y_start': 372, 'y_stop': 2665, 'x_start': 5, 'x_stop': 2705}"
D20,PLD3_TMEM106B_no_mCherry,12,488nm Binned,-179.0,-127.0,0.003426712450219774,0.19841740115330234,0.8960691874364166,,True,False,False,8,2,0.25,True,anchored_masked_phase_cross_correlation,D,20,"{'y_start': 372, 'y_stop': 2665, 'x_start': 5, 'x_stop': 2705}"
D20,PLD3_TMEM106B_no_mCherry,16,488nm Binned,-73.0,-39.0,-0.0031999907050273353,0.15529289259134813,0.9612945180698284,,True,False,False,8,2,0.25,True,anchored_masked_phase_cross_correlation,D,20,"{'y_start': 372, 'y_stop': 2665, 'x_start': 5, 'x_stop': 2705}"
D20,PLD3_TMEM106B_no_mCherry,20,488nm Binned,-190.0,-147.0,0.005007131845372195,0.14052310738271534,0.8858920828883715,,True,False,False,8,2,0.25,True,anchored_masked_phase_cross_correlation,D,20,"{'y_start': 372, 'y_stop': 2665, 'x_start': 5, 'x_stop': 2705}"
D20,PLD3_TMEM106B_no_mCherry,25,488nm Binned,99.0,5.0,0.00792746537111309,0.27781604353711836,0.9637979756423498,,True,False,True,20,2,0.25,True,anchored_masked_phase_cross_correlation,D,20,"{'y_start': 372, 'y_stop': 2665, 'x_start': 5, 'x_stop': 2705}"
D20,PLD3_TMEM106B_no_mCherry,29,488nm Binned,53.0,-17.0,0.0067833419133101125,0.22799886365284067,0.9757022859855006,,True,False,False,20,2,0.25,True,anchored_masked_phase_cross_correlation,D,20,"{'y_start': 372, 'y_stop': 2665, 'x_start': 5, 'x_stop': 2705}"
D20,PLD3_TMEM106B_no_mCherry,32,488nm Binned,332.0,-161.0,-0.0015803844745629497,0.15872728675905445,0.8346015962216659,,True,False,False,20,2,0.25,True,anchored_masked_phase_cross_correlation,D,20,"{'y_start': 372, 'y_stop': 2665, 'x_start': 5, 'x_stop': 2705}"
D20,PLD3_TMEM106B_no_mCherry,36,488nm Binned,-203.0,-170.0,0.0029023794319824442,0.16611547862091527,0.8741397403951456,,True,False,False,20,2,0.25,True,anchored_masked_phase_cross_correlation,D,20,"{'y_start': 372, 'y_stop': 2665, 'x_start': 5, 'x_stop': 2705}"
D20,PLD3_TMEM106B_no_mCherry,39,488nm Binned,527.0,-118.0,-0.0018827001415591133,0.2135486357013583,0.7826648206828001,,True,True,True,36,2,0.25,True,anchored_masked_phase_cross_correlation,D,20,"{'y_start': 372, 'y_stop': 2665, 'x_start': 5, 'x_stop': 2705}"
E07,PLD3_mCherry_reporter_control,8,488nm Binned,0.0,0.0,1.0,1.0,1.0,,True,False,False,8,2,0.25,True,anchored_masked_phase_cross_correlation,E,07,"{'y_start': 553, 'y_stop': 2795, 'x_start': 5, 'x_stop': 2727}"
E07,PLD3_mCherry_reporter_control,12,488nm Binned,-59.0,-114.0,0.009249960644366145,0.16833769636222004,0.9404969275747974,,True,False,False,8,2,0.25,True,anchored_masked_phase_cross_correlation,E,07,"{'y_start': 553, 'y_stop': 2795, 'x_start': 5, 'x_stop': 2727}"
E07,PLD3_mCherry_reporter_control,16,488nm Binned,-33.0,-34.0,0.013014244400813384,0.14442907198994467,0.9767751790059698,,True,False,False,8,2,0.25,True,anchored_masked_phase_cross_correlation,E,07,"{'y_start': 553, 'y_stop': 2795, 'x_start': 5, 'x_stop': 2727}"
E07,PLD3_mCherry_reporter_control,20,488nm Binned,-35.0,-128.0,0.008655348885954811,0.1185862354729529,0.9437106220907275,,True,False,False,8,2,0.25,True,anchored_masked_phase_cross_correlation,E,07,"{'y_start': 553, 'y_stop': 2795, 'x_start': 5, 'x_stop': 2727}"
E07,PLD3_mCherry_reporter_control,25,488nm Binned,79.0,5.0,0.012786488554900818,0.23361109556784945,0.970759318911706,,True,False,True,20,2,0.25,True,anchored_masked_phase_cross_correlation,E,07,"{'y_start': 553, 'y_stop': 2795, 'x_start': 5, 'x_stop': 2727}"
E07,PLD3_mCherry_reporter_control,29,488nm Binned,56.0,-15.0,0.0495020051793393,0.1896432778417921,0.9753461949195568,,True,False,False,20,2,0.25,True,anchored_masked_phase_cross_correlation,E,07,"{'y_start': 553, 'y_stop': 2795, 'x_start': 5, 'x_stop': 2727}"
E07,PLD3_mCherry_reporter_control,32,488nm Binned,484.0,-137.0,-0.0013819797082118156,0.19235775021090232,0.7915341507015322,,True,False,True,29,2,0.25,True,anchored_masked_phase_cross_correlation,E,07,"{'y_start': 553, 'y_stop': 2795, 'x_start': 5, 'x_stop': 2727}"
E07,PLD3_mCherry_reporter_control,36,488nm Binned,-73.0,-156.0,0.010460941782435161,0.18176264238698056,0.9215379049152967,,True,False,False,29,2,0.25,True,anchored_masked_phase_cross_correlation,E,07,"{'y_start': 553, 'y_stop': 2795, 'x_start': 5, 'x_stop': 2727}"
E07,PLD3_mCherry_reporter_control,39,488nm Binned,827.0,-77.0,0.004133303044706509,0.10859788185655794,0.6925394970520669,,True,True,False,29,2,0.25,True,anchored_masked_phase_cross_correlation,E,07,"{'y_start': 553, 'y_stop': 2795, 'x_start': 5, 'x_stop': 2727}"
E06,PLD3_mCherry_reporter_control,8,488nm Binned,0.0,0.0,1.0,1.0,1.0,,True,False,False,8,2,0.25,True,anchored_masked_phase_cross_correlation,E,06,"{'y_start': 572, 'y_stop': 2814, 'x_start': 5, 'x_stop': 2722}"
E06,PLD3_mCherry_reporter_control,12,488nm Binned,-48.0,-113.0,0.004380962858525866,0.1610023428745246,0.9445227382807257,,True,False,False,8,2,0.25,True,anchored_masked_phase_cross_correlation,E,06,"{'y_start': 572, 'y_stop': 2814, 'x_start': 5, 'x_stop': 2722}"
E06,PLD3_mCherry_reporter_control,16,488nm Binned,-29.0,-34.0,0.013306333332664993,0.14118135830841608,0.9781533450433679,,True,False,False,8,2,0.25,True,anchored_masked_phase_cross_correlation,E,06,"{'y_start': 572, 'y_stop': 2814, 'x_start': 5, 'x_stop': 2722}"
E06,PLD3_mCherry_reporter_control,20,488nm Binned,-19.0,-129.0,-0.0016809964104466614,0.10071805853052009,0.9486940733997421,,True,False,False,8,2,0.25,True,anchored_masked_phase_cross_correlation,E,06,"{'y_start': 572, 'y_stop': 2814, 'x_start': 5, 'x_stop': 2722}"
E06,PLD3_mCherry_reporter_control,25,488nm Binned,80.0,5.0,0.004476829666303202,0.30307689328754844,0.9704112517482382,,True,False,True,20,2,0.25,True,anchored_masked_phase_cross_correlation,E,06,"{'y_start': 572, 'y_stop': 2814, 'x_start': 5, 'x_stop': 2722}"
E06,PLD3_mCherry_reporter_control,29,488nm Binned,56.0,-17.0,0.001902449141535775,0.22842226682576422,0.974662461169175,,True,False,False,20,2,0.25,True,anchored_masked_phase_cross_correlation,E,06,"{'y_start': 572, 'y_stop': 2814, 'x_start': 5, 'x_stop': 2722}"
E06,PLD3_mCherry_reporter_control,32,488nm Binned,498.0,-142.0,0.004632694945201444,0.19173219147762185,0.7854452244650245,,True,False,False,20,2,0.25,True,anchored_masked_phase_cross_correlation,E,06,"{'y_start': 572, 'y_stop': 2814, 'x_start': 5, 'x_stop': 2722}"
E06,PLD3_mCherry_reporter_control,36,488nm Binned,-54.0,-159.0,0.0009173296417280033,0.12632389832802532,0.9267760543407854,,True,False,False,20,2,0.25,True,anchored_masked_phase_cross_correlation,E,06,"{'y_start': 572, 'y_stop': 2814, 'x_start': 5, 'x_stop': 2722}"
E06,PLD3_mCherry_reporter_control,39,488nm Binned,865.0,-85.0,0.0007114917465870525,0.18839379807300238,0.6776974658084495,,True,True,True,36,2,0.25,True,anchored_masked_phase_cross_correlation,E,06,"{'y_start': 572, 'y_stop': 2814, 'x_start': 5, 'x_stop': 2722}"
E11,PLD3_mCherry_reporter_control,8,488nm Binned,0.0,0.0,1.0,1.0,1.0,,True,False,False,8,2,0.25,True,anchored_masked_phase_cross_correlation,E,11,"{'y_start': 500, 'y_stop': 2758, 'x_start': 4, 'x_stop': 2720}"
E11,PLD3_mCherry_reporter_control,12,488nm Binned,-95.0,-115.0,-0.0028052623918617373,0.18180826890035187,0.9281064416861672,,True,False,False,8,2,0.25,True,anchored_masked_phase_cross_correlation,E,11,"{'y_start': 500, 'y_stop': 2758, 'x_start': 4, 'x_stop': 2720}"
E11,PLD3_mCherry_reporter_control,16,488nm Binned,-46.0,-37.0,0.010576664351679602,0.16194735201608426,0.9712668915304549,,True,False,False,8,2,0.25,True,anchored_masked_phase_cross_correlation,E,11,"{'y_start': 500, 'y_stop': 2758, 'x_start': 4, 'x_stop': 2720}"
E11,PLD3_mCherry_reporter_control,20,488nm Binned,-80.0,-132.0,-0.0034953180976413354,0.13267588341272774,0.9273647170042542,,True,False,False,8,2,0.25,True,anchored_masked_phase_cross_correlation,E,11,"{'y_start': 500, 'y_stop': 2758, 'x_start': 4, 'x_stop': 2720}"
E11,PLD3_mCherry_reporter_control,25,488nm Binned,85.0,4.0,0.002970505824822571,0.10804805703221035,0.9690092571519717,,True,False,False,8,2,0.25,True,anchored_masked_phase_cross_correlation,E,11,"{'y_start': 500, 'y_stop': 2758, 'x_start': 4, 'x_stop': 2720}"
E11,PLD3_mCherry_reporter_control,29,488nm Binned,54.0,-17.0,0.004569028443973017,0.2732048627160556,0.975355677713392,,True,False,True,25,2,0.25,True,anchored_masked_phase_cross_correlation,E,11,"{'y_start': 500, 'y_stop': 2758, 'x_start': 4, 'x_stop': 2720}"
E11,PLD3_mCherry_reporter_control,32,488nm Binned,439.0,-146.0,4.973552056524281e-05,0.146743152087935,0.8038172865009755,,True,False,False,25,2,0.25,True,anchored_masked_phase_cross_correlation,E,11,"{'y_start': 500, 'y_stop': 2758, 'x_start': 4, 'x_stop': 2720}"
E11,PLD3_mCherry_reporter_control,36,488nm Binned,-110.0,-155.0,0.0077318648690428505,0.11459117789776936,0.9096739572330861,,True,False,False,25,2,0.25,True,anchored_masked_phase_cross_correlation,E,11,"{'y_start': 500, 'y_stop': 2758, 'x_start': 4, 'x_stop': 2720}"
E11,PLD3_mCherry_reporter_control,39,488nm Binned,743.0,-86.0,0.001741694968889395,0.19611198554186804,0.7187167494344364,,True,True,True,36,2,0.25,True,anchored_masked_phase_cross_correlation,E,11,"{'y_start': 500, 'y_stop': 2758, 'x_start': 4, 'x_stop': 2720}"
E05,PLD3_mCherry_reporter_control,8,488nm Binned,0.0,0.0,1.0,1.0,1.0,,True,False,False,8,2,0.25,True,anchored_masked_phase_cross_correlation,E,05,"{'y_start': 586, 'y_stop': 2821, 'x_start': 5, 'x_stop': 2722}"
E05,PLD3_mCherry_reporter_control,12,488nm Binned,-39.0,-114.0,0.0028117429839844923,0.16254986971364108,0.9471932389138845,,True,False,False,8,2,0.25,True,anchored_masked_phase_cross_correlation,E,05,"{'y_start': 586, 'y_stop': 2821, 'x_start': 5, 'x_stop': 2722}"
E05,PLD3_mCherry_reporter_control,16,488nm Binned,-25.0,-33.0,0.01769916281517363,0.14275115674811437,0.9798771467586351,,True,False,False,8,2,0.25,True,anchored_masked_phase_cross_correlation,E,05,"{'y_start': 586, 'y_stop': 2821, 'x_start': 5, 'x_stop': 2722}"
E05,PLD3_mCherry_reporter_control,20,488nm Binned,-7.0,-129.0,0.0024583791070778346,0.11574673951342142,0.9526899768328052,,True,False,False,8,2,0.25,True,anchored_masked_phase_cross_correlation,E,05,"{'y_start': 586, 'y_stop': 2821, 'x_start': 5, 'x_stop': 2722}"
E05,PLD3_mCherry_reporter_control,25,488nm Binned,77.0,5.0,0.0041796314624421545,0.32377629165482885,0.9714554532386416,,True,False,True,20,2,0.25,True,anchored_masked_phase_cross_correlation,E,05,"{'y_start': 586, 'y_stop': 2821, 'x_start': 5, 'x_stop': 2722}"
E05,PLD3_mCherry_reporter_control,29,488nm Binned,56.0,-17.0,0.007844426012432166,0.24544772610947266,0.974662461169175,,True,False,False,20,2,0.25,True,anchored_masked_phase_cross_correlation,E,05,"{'y_start': 586, 'y_stop': 2821, 'x_start': 5, 'x_stop': 2722}"
E05,PLD3_mCherry_reporter_control,32,488nm Binned,510.0,-143.0,-0.001326783888784908,0.15802481054314446,0.7811816144675339,,True,True,False,20,2,0.25,True,anchored_masked_phase_cross_correlation,E,05,"{'y_start': 586, 'y_stop': 2821, 'x_start': 5, 'x_stop': 2722}"
E05,PLD3_mCherry_reporter_control,36,488nm Binned,-47.0,-156.0,0.008583869758821687,0.11615476693263593,0.9301103505424158,,True,False,False,20,2,0.25,True,anchored_masked_phase_cross_correlation,E,05,"{'y_start': 586, 'y_stop': 2821, 'x_start': 5, 'x_stop': 2722}"
E05,PLD3_mCherry_reporter_control,39,488nm Binned,886.0,-81.0,0.00518709734882491,0.19193843116678821,0.6715561410572878,,True,True,True,36,2,0.25,True,anchored_masked_phase_cross_correlation,E,05,"{'y_start': 586, 'y_stop': 2821, 'x_start': 5, 'x_stop': 2722}"
E10,PLD3_mCherry_reporter_control,8,488nm Binned,0.0,0.0,1.0,1.0,1.0,,True,False,False,8,2,0.25,True,anchored_masked_phase_cross_correlation,E,10,"{'y_start': 516, 'y_stop': 2770, 'x_start': 0, 'x_stop': 2717}"
E10,PLD3_mCherry_reporter_control,12,488nm Binned,-86.0,-116.0,0.0019492788520857791,0.17727952481014642,0.9307804679734443,,True,False,False,8,2,0.25,True,anchored_masked_phase_cross_correlation,E,10,"{'y_start': 516, 'y_stop': 2770, 'x_start': 0, 'x_stop': 2717}"
E10,PLD3_mCherry_reporter_control,16,488nm Binned,-40.0,-36.0,0.0075167520892206645,0.14706584130039296,0.9736757643131831,,True,False,False,8,2,0.25,True,anchored_masked_phase_cross_correlation,E,10,"{'y_start': 516, 'y_stop': 2770, 'x_start': 0, 'x_stop': 2717}"
E10,PLD3_mCherry_reporter_control,20,488nm Binned,-65.0,-134.0,-0.0013103441252475382,0.11044741580142202,0.9316725800396429,,True,False,False,8,2,0.25,True,anchored_masked_phase_cross_correlation,E,10,"{'y_start': 516, 'y_stop': 2770, 'x_start': 0, 'x_stop': 2717}"
E10,PLD3_mCherry_reporter_control,25,488nm Binned,88.0,0.0,0.008737404529719127,0.3039188173031601,0.9693165969316597,,True,False,True,20,2,0.25,True,anchored_masked_phase_cross_correlation,E,10,"{'y_start': 516, 'y_stop': 2770, 'x_start': 0, 'x_stop': 2717}"
E10,PLD3_mCherry_reporter_control,29,488nm Binned,58.0,-22.0,0.005596868070278012,0.24164482037924673,0.9722611259918029,,True,False,False,20,2,0.25,True,anchored_masked_phase_cross_correlation,E,10,"{'y_start': 516, 'y_stop': 2770, 'x_start': 0, 'x_stop': 2717}"
E10,PLD3_mCherry_reporter_control,32,488nm Binned,453.0,-148.0,0.004854050891811562,0.1757796163149553,0.7985971300689181,,True,False,False,20,2,0.25,True,anchored_masked_phase_cross_correlation,E,10,"{'y_start': 516, 'y_stop': 2770, 'x_start': 0, 'x_stop': 2717}"
E10,PLD3_mCherry_reporter_control,36,488nm Binned,-98.0,-161.0,0.0009730690753424307,0.13981134067883394,0.9116113649582076,,True,False,False,20,2,0.25,True,anchored_masked_phase_cross_correlation,E,10,"{'y_start': 516, 'y_stop': 2770, 'x_start': 0, 'x_stop': 2717}"
E10,PLD3_mCherry_reporter_control,39,488nm Binned,766.0,-89.0,0.0007675277158512071,0.19419338809312683,0.7101710501489041,,True,True,True,36,2,0.25,True,anchored_masked_phase_cross_correlation,E,10,"{'y_start': 516, 'y_stop': 2770, 'x_start': 0, 'x_stop': 2717}"
E09,PLD3_mCherry_reporter_control,8,488nm Binned,0.0,0.0,1.0,1.0,1.0,,True,False,False,8,2,0.25,True,anchored_masked_phase_cross_correlation,E,09,"{'y_start': 528, 'y_stop': 2784, 'x_start': 1, 'x_stop': 2716}"
E09,PLD3_mCherry_reporter_control,12,488nm Binned,-77.0,-114.0,-0.004355830988109805,0.16900453202475632,0.9344702473696189,,True,False,False,8,2,0.25,True,anchored_masked_phase_cross_correlation,E,09,"{'y_start': 528, 'y_stop': 2784, 'x_start': 1, 'x_stop': 2716}"
E09,PLD3_mCherry_reporter_control,16,488nm Binned,-39.0,-34.0,0.0026799992891300647,0.14855392301606435,0.9747079299498725,,True,False,False,8,2,0.25,True,anchored_masked_phase_cross_correlation,E,09,"{'y_start': 528, 'y_stop': 2784, 'x_start': 1, 'x_stop': 2716}"
E09,PLD3_mCherry_reporter_control,20,488nm Binned,-57.0,-132.0,-0.0003798052497512385,0.12328270165181404,0.9350151432923093,,True,False,False,8,2,0.25,True,anchored_masked_phase_cross_correlation,E,09,"{'y_start': 528, 'y_stop': 2784, 'x_start': 1, 'x_stop': 2716}"
E09,PLD3_mCherry_reporter_control,25,488nm Binned,82.0,1.0,0.004627655566592804,0.28508903625051973,0.9710699411969522,,True,False,True,20,2,0.25,True,anchored_masked_phase_cross_correlation,E,09,"{'y_start': 528, 'y_stop': 2784, 'x_start': 1, 'x_stop': 2716}"
E09,PLD3_mCherry_reporter_control,29,488nm Binned,53.0,-21.0,0.010971056387576032,0.23757890023194114,0.9743333595933777,,True,False,False,20,2,0.25,True,anchored_masked_phase_cross_correlation,E,09,"{'y_start': 528, 'y_stop': 2784, 'x_start': 1, 'x_stop': 2716}"
E09,PLD3_mCherry_reporter_control,32,488nm Binned,461.0,-148.0,0.007218084876707883,0.16270436291688414,0.7959516737374268,,True,False,False,20,2,0.25,True,anchored_masked_phase_cross_correlation,E,09,"{'y_start': 528, 'y_stop': 2784, 'x_start': 1, 'x_stop': 2716}"
E09,PLD3_mCherry_reporter_control,36,488nm Binned,-84.0,-164.0,-0.0027037102529537185,0.129483802934011,0.9152033986333106,,True,False,False,20,2,0.25,True,anchored_masked_phase_cross_correlation,E,09,"{'y_start': 528, 'y_stop': 2784, 'x_start': 1, 'x_stop': 2716}"
E09,PLD3_mCherry_reporter_control,39,488nm Binned,795.0,-92.0,0.013888941638990702,0.20756836804483236,0.6996171869073254,,True,True,True,36,2,0.25,True,anchored_masked_phase_cross_correlation,E,09,"{'y_start': 528, 'y_stop': 2784, 'x_start': 1, 'x_stop': 2716}"
E08,PLD3_mCherry_reporter_control,8,488nm Binned,0.0,0.0,1.0,1.0,1.0,,True,False,False,8,2,0.25,True,anchored_masked_phase_cross_correlation,E,08,"{'y_start': 542, 'y_stop': 2793, 'x_start': 1, 'x_stop': 2717}"
E08,PLD3_mCherry_reporter_control,12,488nm Binned,-66.0,-115.0,0.005824907252549116,0.1745120726630074,0.9378125674737253,,True,False,False,8,2,0.25,True,anchored_masked_phase_cross_correlation,E,08,"{'y_start': 542, 'y_stop': 2793, 'x_start': 1, 'x_stop': 2717}"
E08,PLD3_mCherry_reporter_control,16,488nm Binned,-35.0,-35.0,0.0034859795892237954,0.14764410992720062,0.9757416760522011,,True,False,False,8,2,0.25,True,anchored_masked_phase_cross_correlation,E,08,"{'y_start': 542, 'y_stop': 2793, 'x_start': 1, 'x_stop': 2717}"
E08,PLD3_mCherry_reporter_control,20,488nm Binned,-42.0,-133.0,-0.0005460707394157428,0.10605505977806447,0.9396609828259309,,True,False,False,8,2,0.25,True,anchored_masked_phase_cross_correlation,E,08,"{'y_start': 542, 'y_stop': 2793, 'x_start': 1, 'x_stop': 2717}"
E08,PLD3_mCherry_reporter_control,25,488nm Binned,81.0,1.0,0.0038357208458758363,0.25923423456836203,0.9714184946575398,,True,False,True,20,2,0.25,True,anchored_masked_phase_cross_correlation,E,08,"{'y_start': 542, 'y_stop': 2793, 'x_start': 1, 'x_stop': 2717}"
E08,PLD3_mCherry_reporter_control,29,488nm Binned,57.0,-21.0,0.014022327251591834,0.21704782133662634,0.9729488716934227,,True,False,False,20,2,0.25,True,anchored_masked_phase_cross_correlation,E,08,"{'y_start': 542, 'y_stop': 2793, 'x_start': 1, 'x_stop': 2717}"
E08,PLD3_mCherry_reporter_control,32,488nm Binned,474.0,-148.0,9.882209513717354e-05,0.1515339157967074,0.7916528071987535,,True,False,False,20,2,0.25,True,anchored_masked_phase_cross_correlation,E,08,"{'y_start': 542, 'y_stop': 2793, 'x_start': 1, 'x_stop': 2717}"
E08,PLD3_mCherry_reporter_control,36,488nm Binned,-75.0,-162.0,0.000582414702543242,0.12741897616729864,0.9188411442376709,,True,False,False,20,2,0.25,True,anchored_masked_phase_cross_correlation,E,08,"{'y_start': 542, 'y_stop': 2793, 'x_start': 1, 'x_stop': 2717}"
E08,PLD3_mCherry_reporter_control,39,488nm Binned,814.0,-89.0,0.00936531260601868,0.18394236210372802,0.6939540137991671,,True,True,True,36,2,0.25,True,anchored_masked_phase_cross_correlation,E,08,"{'y_start': 542, 'y_stop': 2793, 'x_start': 1, 'x_stop': 2717}"
E12,PLD3_mCherry_reporter_control,8,488nm Binned,0.0,0.0,1.0,1.0,1.0,,True,False,False,8,2,0.25,True,anchored_masked_phase_cross_correlation,E,12,"{'y_start': 486, 'y_stop': 2749, 'x_start': 5, 'x_stop': 2725}"
E12,PLD3_mCherry_reporter_control,12,488nm Binned,-107.0,-114.0,0.0018463869802016432,0.18215161584277956,0.9244257803609881,,True,False,False,8,2,0.25,True,anchored_masked_phase_cross_correlation,E,12,"{'y_start': 486, 'y_stop': 2749, 'x_start': 5, 'x_stop': 2725}"
E12,PLD3_mCherry_reporter_control,16,488nm Binned,-47.0,-34.0,0.0046803461801421566,0.1640182606102038,0.9719515978750761,,True,False,False,8,2,0.25,True,anchored_masked_phase_cross_correlation,E,12,"{'y_start': 486, 'y_stop': 2749, 'x_start': 5, 'x_stop': 2725}"
E12,PLD3_mCherry_reporter_control,20,488nm Binned,-95.0,-130.0,0.004240258818082014,0.13530137537409798,0.9230495595120689,,True,False,False,8,2,0.25,True,anchored_masked_phase_cross_correlation,E,12,"{'y_start': 486, 'y_stop': 2749, 'x_start': 5, 'x_stop': 2725}"
E12,PLD3_mCherry_reporter_control,25,488nm Binned,87.0,5.0,0.005543016994258956,0.11021456479715382,0.9679747816039636,,True,False,False,8,2,0.25,True,anchored_masked_phase_cross_correlation,E,12,"{'y_start': 486, 'y_stop': 2749, 'x_start': 5, 'x_stop': 2725}"
E12,PLD3_mCherry_reporter_control,29,488nm Binned,53.0,-15.0,0.0062616432185096755,0.28302165233084575,0.976386749181562,,True,False,True,25,2,0.25,True,anchored_masked_phase_cross_correlation,E,12,"{'y_start': 486, 'y_stop': 2749, 'x_start': 5, 'x_stop': 2725}"
E12,PLD3_mCherry_reporter_control,32,488nm Binned,427.0,-140.0,0.006143858740877758,0.17954758242102667,0.8095689656849301,,True,False,False,25,2,0.25,True,anchored_masked_phase_cross_correlation,E,12,"{'y_start': 486, 'y_stop': 2749, 'x_start': 5, 'x_stop': 2725}"
E12,PLD3_mCherry_reporter_control,36,488nm Binned,-119.0,-155.0,0.005329216708011332,0.13024471606402063,0.9067054780397946,,True,False,False,25,2,0.25,True,anchored_masked_phase_cross_correlation,E,12,"{'y_start': 486, 'y_stop': 2749, 'x_start': 5, 'x_stop': 2725}"
E12,PLD3_mCherry_reporter_control,39,488nm Binned,717.0,-83.0,0.0036233348122061927,0.21053687191798479,0.7282949790794979,,True,True,True,36,2,0.25,True,anchored_masked_phase_cross_correlation,E,12,"{'y_start': 486, 'y_stop': 2749, 'x_start': 5, 'x_stop': 2725}"
E13,PLD3_mCherry_reporter_control,8,488nm Binned,0.0,0.0,1.0,1.0,1.0,,True,False,False,8,2,0.25,True,anchored_masked_phase_cross_correlation,E,13,"{'y_start': 472, 'y_stop': 2738, 'x_start': 4, 'x_stop': 2717}"
E13,PLD3_mCherry_reporter_control,12,488nm Binned,-115.0,-117.0,0.009445433648523158,0.17823621957808558,0.92074317384733,,True,False,False,8,2,0.25,True,anchored_masked_phase_cross_correlation,E,13,"{'y_start': 472, 'y_stop': 2738, 'x_start': 4, 'x_stop': 2717}"
E13,PLD3_mCherry_reporter_control,16,488nm Binned,-50.0,-37.0,0.0002495256629819327,0.16851502120063355,0.9698901843844159,,True,False,False,8,2,0.25,True,anchored_masked_phase_cross_correlation,E,13,"{'y_start': 472, 'y_stop': 2738, 'x_start': 4, 'x_stop': 2717}"
E13,PLD3_mCherry_reporter_control,20,488nm Binned,-105.0,-135.0,0.00261336643196775,0.12269548554888267,0.9180413070499466,,True,False,False,8,2,0.25,True,anchored_masked_phase_cross_correlation,E,13,"{'y_start': 472, 'y_stop': 2738, 'x_start': 4, 'x_stop': 2717}"
E13,PLD3_mCherry_reporter_control,25,488nm Binned,89.0,4.0,0.00964614333973903,0.3139352351030471,0.9676165022009807,,True,False,True,20,2,0.25,True,anchored_masked_phase_cross_correlation,E,13,"{'y_start': 472, 'y_stop': 2738, 'x_start': 4, 'x_stop': 2717}"
E13,PLD3_mCherry_reporter_control,29,488nm Binned,56.0,-20.0,0.015437513399860905,0.23324555434197003,0.9736368605436023,,True,False,False,20,2,0.25,True,anchored_masked_phase_cross_correlation,E,13,"{'y_start': 472, 'y_stop': 2738, 'x_start': 4, 'x_stop': 2717}"
E13,PLD3_mCherry_reporter_control,32,488nm Binned,416.0,-148.0,0.004000431969880268,0.15660634284525307,0.8108323656020651,,True,False,False,20,2,0.25,True,anchored_masked_phase_cross_correlation,E,13,"{'y_start': 472, 'y_stop': 2738, 'x_start': 4, 'x_stop': 2717}"
E13,PLD3_mCherry_reporter_control,36,488nm Binned,-130.0,-159.0,0.003420025532166996,0.12145484844177361,0.9017458552896483,,True,False,False,20,2,0.25,True,anchored_masked_phase_cross_correlation,E,13,"{'y_start': 472, 'y_stop': 2738, 'x_start': 4, 'x_stop': 2717}"
E13,PLD3_mCherry_reporter_control,39,488nm Binned,693.0,-89.0,0.0007793473306981557,0.18985796890682322,0.7348344595974627,,True,True,True,36,2,0.25,True,anchored_masked_phase_cross_correlation,E,13,"{'y_start': 472, 'y_stop': 2738, 'x_start': 4, 'x_stop': 2717}"
E14,PLD3_mCherry_reporter_control,8,488nm Binned,0.0,0.0,1.0,1.0,1.0,,True,False,False,8,2,0.25,True,anchored_masked_phase_cross_correlation,E,14,"{'y_start': 458, 'y_stop': 2729, 'x_start': 2, 'x_stop': 2716}"
E14,PLD3_mCherry_reporter_control,12,488nm Binned,-121.0,-116.0,0.004325981210204004,0.15989274890436633,0.9190704333296374,,True,False,False,8,2,0.25,True,anchored_masked_phase_cross_correlation,E,14,"{'y_start': 458, 'y_stop': 2729, 'x_start': 2, 'x_stop': 2716}"
E14,PLD3_mCherry_reporter_control,16,488nm Binned,-56.0,-36.0,-6.888988255819791e-05,0.1485391909327396,0.9681669905405484,,True,False,False,8,2,0.25,True,anchored_masked_phase_cross_correlation,E,14,"{'y_start': 458, 'y_stop': 2729, 'x_start': 2, 'x_stop': 2716}"
E14,PLD3_mCherry_reporter_control,20,488nm Binned,-118.0,-134.0,0.0009080022672303144,0.1124527586299752,0.9140562237277982,,True,False,False,8,2,0.25,True,anchored_masked_phase_cross_correlation,E,14,"{'y_start': 458, 'y_stop': 2729, 'x_start': 2, 'x_stop': 2716}"
E14,PLD3_mCherry_reporter_control,25,488nm Binned,90.0,2.0,5.76147528617972e-05,0.2575109601821341,0.9679437801625789,,True,False,True,20,2,0.25,True,anchored_masked_phase_cross_correlation,E,14,"{'y_start': 458, 'y_stop': 2729, 'x_start': 2, 'x_stop': 2716}"
E14,PLD3_mCherry_reporter_control,29,488nm Binned,55.0,-18.0,0.0166168575309261,0.22362777728327282,0.9746670809918127,,True,False,False,20,2,0.25,True,anchored_masked_phase_cross_correlation,E,14,"{'y_start': 458, 'y_stop': 2729, 'x_start': 2, 'x_stop': 2716}"
E14,PLD3_mCherry_reporter_control,32,488nm Binned,404.0,-149.0,0.0004985438266928623,0.14665136116434044,0.81450099107353,,True,False,False,20,2,0.25,True,anchored_masked_phase_cross_correlation,E,14,"{'y_start': 458, 'y_stop': 2729, 'x_start': 2, 'x_stop': 2716}"
E14,PLD3_mCherry_reporter_control,36,488nm Binned,-139.0,-162.0,0.004463482791086231,0.1440680660354512,0.8977864241405671,,True,False,False,20,2,0.25,True,anchored_masked_phase_cross_correlation,E,14,"{'y_start': 458, 'y_stop': 2729, 'x_start': 2, 'x_stop': 2716}"
E14,PLD3_mCherry_reporter_control,39,488nm Binned,671.0,-91.0,0.0019603344909354084,0.17536864069418448,0.7417330705383698,,True,True,True,36,2,0.25,True,anchored_masked_phase_cross_correlation,E,14,"{'y_start': 458, 'y_stop': 2729, 'x_start': 2, 'x_stop': 2716}"
E15,PLD3_mCherry_reporter_control,8,488nm Binned,0.0,0.0,1.0,1.0,1.0,,True,False,False,8,2,0.25,True,anchored_masked_phase_cross_correlation,E,15,"{'y_start': 445, 'y_stop': 2716, 'x_start': 1, 'x_stop': 2716}"
E15,PLD3_mCherry_reporter_control,12,488nm Binned,-133.0,-119.0,0.00246304825345554,0.15035247419576794,0.9140580473419972,,True,False,False,8,2,0.25,True,anchored_masked_phase_cross_correlation,E,15,"{'y_start': 445, 'y_stop': 2716, 'x_start': 1, 'x_stop': 2716}"
E15,PLD3_mCherry_reporter_control,16,488nm Binned,-58.0,-37.0,0.011227387934251721,0.13740342650134427,0.9671367700923381,,True,False,False,8,2,0.25,True,anchored_masked_phase_cross_correlation,E,15,"{'y_start': 445, 'y_stop': 2716, 'x_start': 1, 'x_stop': 2716}"
E15,PLD3_mCherry_reporter_control,20,488nm Binned,-128.0,-136.0,0.005821706880311527,0.11317162032450405,0.910066155860172,,True,False,False,8,2,0.25,True,anchored_masked_phase_cross_correlation,E,15,"{'y_start': 445, 'y_stop': 2716, 'x_start': 1, 'x_stop': 2716}"
E15,PLD3_mCherry_reporter_control,25,488nm Binned,93.0,1.0,0.011008945994698064,0.2587209772859681,0.9672358531304891,,True,False,True,20,2,0.25,True,anchored_masked_phase_cross_correlation,E,15,"{'y_start': 445, 'y_stop': 2716, 'x_start': 1, 'x_stop': 2716}"
E15,PLD3_mCherry_reporter_control,29,488nm Binned,57.0,-18.0,0.002431821981603921,0.2194721327910743,0.9739741075961555,,True,False,False,20,2,0.25,True,anchored_masked_phase_cross_correlation,E,15,"{'y_start': 445, 'y_stop': 2716, 'x_start': 1, 'x_stop': 2716}"
E15,PLD3_mCherry_reporter_control,32,488nm Binned,395.0,-149.0,0.0031493768248650167,0.15393172169407812,0.8174760352779382,,True,False,False,20,2,0.25,True,anchored_masked_phase_cross_correlation,E,15,"{'y_start': 445, 'y_stop': 2716, 'x_start': 1, 'x_stop': 2716}"
E15,PLD3_mCherry_reporter_control,36,488nm Binned,-152.0,-162.0,0.004090831274861528,0.11730917257023703,0.8935096841208429,,True,False,False,20,2,0.25,True,anchored_masked_phase_cross_correlation,E,15,"{'y_start': 445, 'y_stop': 2716, 'x_start': 1, 'x_stop': 2716}"
E15,PLD3_mCherry_reporter_control,39,488nm Binned,644.0,-93.0,-0.003619643633548166,0.1368876763847124,0.7503078260768077,,True,True,True,36,2,0.25,True,anchored_masked_phase_cross_correlation,E,15,"{'y_start': 445, 'y_stop': 2716, 'x_start': 1, 'x_stop': 2716}"
E16,PLD3_mCherry_reporter_control,8,488nm Binned,0.0,0.0,1.0,1.0,1.0,,True,False,False,8,2,0.25,True,anchored_masked_phase_cross_correlation,E,16,"{'y_start': 433, 'y_stop': 2707, 'x_start': 0, 'x_stop': 2716}"
E16,PLD3_mCherry_reporter_control,12,488nm Binned,-143.0,-118.0,0.008789310058293028,0.19745902578462773,0.9110472602992867,,True,False,False,8,2,0.25,True,anchored_masked_phase_cross_correlation,E,16,"{'y_start': 433, 'y_stop': 2707, 'x_start': 0, 'x_stop': 2716}"
E16,PLD3_mCherry_reporter_control,16,488nm Binned,-64.0,-37.0,0.003588860964875403,0.16212450655580374,0.9650717093732797,,True,False,False,8,2,0.25,True,anchored_masked_phase_cross_correlation,E,16,"{'y_start': 433, 'y_stop': 2707, 'x_start': 0, 'x_stop': 2716}"
E16,PLD3_mCherry_reporter_control,20,488nm Binned,-141.0,-135.0,0.0017790862225846044,0.1295627525206915,0.9060798567952242,,True,False,False,8,2,0.25,True,anchored_masked_phase_cross_correlation,E,16,"{'y_start': 433, 'y_stop': 2707, 'x_start': 0, 'x_stop': 2716}"
E16,PLD3_mCherry_reporter_control,25,488nm Binned,97.0,0.0,0.002216955671284719,0.10218168435686556,0.9661785216178521,,True,False,False,8,2,0.25,True,anchored_masked_phase_cross_correlation,E,16,"{'y_start': 433, 'y_stop': 2707, 'x_start': 0, 'x_stop': 2716}"
E16,PLD3_mCherry_reporter_control,29,488nm Binned,57.0,-19.0,0.0078025581580071866,0.32439263811979163,0.9736323622952446,,True,False,True,25,2,0.25,True,anchored_masked_phase_cross_correlation,E,16,"{'y_start': 433, 'y_stop': 2707, 'x_start': 0, 'x_stop': 2716}"
E16,PLD3_mCherry_reporter_control,32,488nm Binned,385.0,-149.0,-0.006254023856495315,0.1440000133744196,0.8207816399495029,,True,False,False,25,2,0.25,True,anchored_masked_phase_cross_correlation,E,16,"{'y_start': 433, 'y_stop': 2707, 'x_start': 0, 'x_stop': 2716}"
E16,PLD3_mCherry_reporter_control,36,488nm Binned,-161.0,-163.0,0.009942376758449922,0.10664518830546271,0.8902197625313905,,True,False,False,25,2,0.25,True,anchored_masked_phase_cross_correlation,E,16,"{'y_start': 433, 'y_stop': 2707, 'x_start': 0, 'x_stop': 2716}"
E16,PLD3_mCherry_reporter_control,39,488nm Binned,621.0,-94.0,-0.004539131813674485,0.1881937708290011,0.757794127086944,,True,True,True,36,2,0.25,True,anchored_masked_phase_cross_correlation,E,16,"{'y_start': 433, 'y_stop': 2707, 'x_start': 0, 'x_stop': 2716}"
E20,PLD3_mCherry_reporter_control,8,488nm Binned,0.0,0.0,1.0,1.0,1.0,,True,False,False,8,2,0.25,True,anchored_masked_phase_cross_correlation,E,20,"{'y_start': 373, 'y_stop': 2666, 'x_start': 0, 'x_stop': 2712}"
E20,PLD3_mCherry_reporter_control,12,488nm Binned,-180.0,-120.0,0.004766304078996469,0.17998588198622745,0.8980234939864499,,True,False,False,8,2,0.25,True,anchored_masked_phase_cross_correlation,E,20,"{'y_start': 373, 'y_stop': 2666, 'x_start': 0, 'x_stop': 2712}"
E20,PLD3_mCherry_reporter_control,16,488nm Binned,-74.0,-39.0,0.006712771897503057,0.15137432205107965,0.9609505844318785,,True,False,False,8,2,0.25,True,anchored_masked_phase_cross_correlation,E,20,"{'y_start': 373, 'y_stop': 2666, 'x_start': 0, 'x_stop': 2712}"
E20,PLD3_mCherry_reporter_control,20,488nm Binned,-189.0,-139.0,0.00031281450288045035,0.10735691330297366,0.8888284664717587,,True,False,False,8,2,0.25,True,anchored_masked_phase_cross_correlation,E,20,"{'y_start': 373, 'y_stop': 2666, 'x_start': 0, 'x_stop': 2712}"
E20,PLD3_mCherry_reporter_control,25,488nm Binned,100.0,-1.0,0.00543997772221266,0.2684310335184726,0.9647959789063761,,True,False,True,20,2,0.25,True,anchored_masked_phase_cross_correlation,E,20,"{'y_start': 373, 'y_stop': 2666, 'x_start': 0, 'x_stop': 2712}"
E20,PLD3_mCherry_reporter_control,29,488nm Binned,55.0,-19.0,0.012578708446303117,0.2325706917224009,0.9743250925423419,,True,False,False,20,2,0.25,True,anchored_masked_phase_cross_correlation,E,20,"{'y_start': 373, 'y_stop': 2666, 'x_start': 0, 'x_stop': 2712}"
E20,PLD3_mCherry_reporter_control,32,488nm Binned,333.0,-155.0,0.003268245500626745,0.1601026480999548,0.836121639443754,,True,False,False,20,2,0.25,True,anchored_masked_phase_cross_correlation,E,20,"{'y_start': 373, 'y_stop': 2666, 'x_start': 0, 'x_stop': 2712}"
E20,PLD3_mCherry_reporter_control,36,488nm Binned,-202.0,-160.0,0.0053930434415837385,0.11562976897474721,0.8777089181056198,,True,False,False,20,2,0.25,True,anchored_masked_phase_cross_correlation,E,20,"{'y_start': 373, 'y_stop': 2666, 'x_start': 0, 'x_stop': 2712}"
E20,PLD3_mCherry_reporter_control,39,488nm Binned,528.0,-93.0,-0.0004928818774249691,0.1860521534347011,0.789442586789447,,True,True,True,36,2,0.25,True,anchored_masked_phase_cross_correlation,E,20,"{'y_start': 373, 'y_stop': 2666, 'x_start': 0, 'x_stop': 2712}"
E17,PLD3_mCherry_reporter_control,8,488nm Binned,0.0,0.0,1.0,1.0,1.0,,True,False,False,8,2,0.25,True,anchored_masked_phase_cross_correlation,E,17,"{'y_start': 414, 'y_stop': 2698, 'x_start': 0, 'x_stop': 2712}"
E17,PLD3_mCherry_reporter_control,12,488nm Binned,-152.0,-118.0,-0.00035259185905508295,0.1722927374887072,0.9080382968707753,,True,False,False,8,2,0.25,True,anchored_masked_phase_cross_correlation,E,17,"{'y_start': 414, 'y_stop': 2698, 'x_start': 0, 'x_stop': 2712}"
E17,PLD3_mCherry_reporter_control,16,488nm Binned,-62.0,-36.0,0.0035356226198635233,0.12876060826937086,0.9661012003758104,,True,False,False,8,2,0.25,True,anchored_masked_phase_cross_correlation,E,17,"{'y_start': 414, 'y_stop': 2698, 'x_start': 0, 'x_stop': 2712}"
E17,PLD3_mCherry_reporter_control,20,488nm Binned,-152.0,-139.0,-0.002887849199149333,0.10358870735233341,0.9011041862401258,,True,False,False,8,2,0.25,True,anchored_masked_phase_cross_correlation,E,17,"{'y_start': 414, 'y_stop': 2698, 'x_start': 0, 'x_stop': 2712}"
E17,PLD3_mCherry_reporter_control,25,488nm Binned,94.0,-3.0,0.007917335480941826,0.2530581077615203,0.9662128055647952,,True,False,True,20,2,0.25,True,anchored_masked_phase_cross_correlation,E,17,"{'y_start': 414, 'y_stop': 2698, 'x_start': 0, 'x_stop': 2712}"
E17,PLD3_mCherry_reporter_control,29,488nm Binned,55.0,-23.0,0.006650581622961291,0.24047087218715038,0.9729571387444587,,True,False,False,20,2,0.25,True,anchored_masked_phase_cross_correlation,E,17,"{'y_start': 414, 'y_stop': 2698, 'x_start': 0, 'x_stop': 2712}"
E17,PLD3_mCherry_reporter_control,32,488nm Binned,366.0,-153.0,0.006010071118949918,0.16180416493927405,0.8258455734318377,,True,False,False,20,2,0.25,True,anchored_masked_phase_cross_correlation,E,17,"{'y_start': 414, 'y_stop': 2698, 'x_start': 0, 'x_stop': 2712}"
E17,PLD3_mCherry_reporter_control,36,488nm Binned,-170.0,-166.0,0.002913142629775441,0.1510410319784653,0.8862760144644215,,True,False,False,20,2,0.25,True,anchored_masked_phase_cross_correlation,E,17,"{'y_start': 414, 'y_stop': 2698, 'x_start': 0, 'x_stop': 2712}"
E17,PLD3_mCherry_reporter_control,39,488nm Binned,603.0,-99.0,0.010432046481610833,0.20165437093530905,0.762487745312582,,True,True,True,36,2,0.25,True,anchored_masked_phase_cross_correlation,E,17,"{'y_start': 414, 'y_stop': 2698, 'x_start': 0, 'x_stop': 2712}"
E19,PLD3_mCherry_reporter_control,8,488nm Binned,0.0,0.0,1.0,1.0,1.0,,True,False,False,8,2,0.25,True,anchored_masked_phase_cross_correlation,E,19,"{'y_start': 385, 'y_stop': 2673, 'x_start': 7, 'x_stop': 2724}"
E19,PLD3_mCherry_reporter_control,12,488nm Binned,-172.0,-117.0,0.003557509226641574,0.18073525715558922,0.9016794757328012,,True,False,False,8,2,0.25,True,anchored_masked_phase_cross_correlation,E,19,"{'y_start': 385, 'y_stop': 2673, 'x_start': 7, 'x_stop': 2724}"
E19,PLD3_mCherry_reporter_control,16,488nm Binned,-72.0,-37.0,0.007941540742098713,0.16651625875128687,0.9623182950812019,,True,False,False,8,2,0.25,True,anchored_masked_phase_cross_correlation,E,19,"{'y_start': 385, 'y_stop': 2673, 'x_start': 7, 'x_stop': 2724}"
E19,PLD3_mCherry_reporter_control,20,488nm Binned,-178.0,-135.0,0.0012653513297923448,0.11682869961552625,0.8937861440334262,,True,False,False,8,2,0.25,True,anchored_masked_phase_cross_correlation,E,19,"{'y_start': 385, 'y_stop': 2673, 'x_start': 7, 'x_stop': 2724}"
E19,PLD3_mCherry_reporter_control,25,488nm Binned,96.0,7.0,-8.872467112572761e-05,0.1045060414917758,0.9641681693247667,,True,False,False,8,2,0.25,True,anchored_masked_phase_cross_correlation,E,19,"{'y_start': 385, 'y_stop': 2673, 'x_start': 7, 'x_stop': 2724}"
E19,PLD3_mCherry_reporter_control,29,488nm Binned,52.0,-13.0,-0.000434166078345723,0.27992534329522156,0.9774183069468516,,True,False,True,25,2,0.25,True,anchored_masked_phase_cross_correlation,E,19,"{'y_start': 385, 'y_stop': 2673, 'x_start': 7, 'x_stop': 2724}"
E19,PLD3_mCherry_reporter_control,32,488nm Binned,343.0,-142.0,0.003448912447045426,0.1803954524827289,0.8368140049680114,,True,False,False,25,2,0.25,True,anchored_masked_phase_cross_correlation,E,19,"{'y_start': 385, 'y_stop': 2673, 'x_start': 7, 'x_stop': 2724}"
E19,PLD3_mCherry_reporter_control,36,488nm Binned,-195.0,-152.0,0.002636264021753632,0.11595601913156302,0.8826132245583936,,True,False,False,25,2,0.25,True,anchored_masked_phase_cross_correlation,E,19,"{'y_start': 385, 'y_stop': 2673, 'x_start': 7, 'x_stop': 2724}"
E19,PLD3_mCherry_reporter_control,39,488nm Binned,548.0,-84.0,0.002757424904849523,0.1943780449688088,0.7852336852179292,,True,True,True,36,2,0.25,True,anchored_masked_phase_cross_correlation,E,19,"{'y_start': 385, 'y_stop': 2673, 'x_start': 7, 'x_stop': 2724}"
F05,PLD3_TMEM106B_mCherry_primary,8,488nm Binned,0.0,0.0,1.0,1.0,1.0,,True,False,False,8,2,0.25,True,anchored_masked_phase_cross_correlation,F,05,"{'y_start': 585, 'y_stop': 2820, 'x_start': 4, 'x_stop': 2735}"
F05,PLD3_TMEM106B_mCherry_primary,12,488nm Binned,-41.0,-104.0,-0.0032349860426892398,0.18054032000398315,0.9499605126738755,,True,False,False,8,2,0.25,True,anchored_masked_phase_cross_correlation,F,05,"{'y_start': 585, 'y_stop': 2820, 'x_start': 4, 'x_stop': 2735}"
F05,PLD3_TMEM106B_mCherry_primary,16,488nm Binned,-30.0,-29.0,0.020697900101570382,0.15174673516629578,0.979533942566365,,True,False,False,8,2,0.25,True,anchored_masked_phase_cross_correlation,F,05,"{'y_start': 585, 'y_stop': 2820, 'x_start': 4, 'x_stop': 2735}"
F05,PLD3_TMEM106B_mCherry_primary,20,488nm Binned,-10.0,-116.0,-0.0010533613670828394,0.11630766843223789,0.9562079717714248,,True,False,False,8,2,0.25,True,anchored_masked_phase_cross_correlation,F,05,"{'y_start': 585, 'y_stop': 2820, 'x_start': 4, 'x_stop': 2735}"
F05,PLD3_TMEM106B_mCherry_primary,25,488nm Binned,73.0,4.0,-0.005137140044029595,0.2932667190117286,0.9731875220049446,,True,False,True,20,2,0.25,True,anchored_masked_phase_cross_correlation,F,05,"{'y_start': 585, 'y_stop': 2820, 'x_start': 4, 'x_stop': 2735}"
F05,PLD3_TMEM106B_mCherry_primary,29,488nm Binned,53.0,-17.0,0.0021905860238799987,0.22466022375917488,0.9757022859855006,,True,False,False,20,2,0.25,True,anchored_masked_phase_cross_correlation,F,05,"{'y_start': 585, 'y_stop': 2820, 'x_start': 4, 'x_stop': 2735}"
F05,PLD3_TMEM106B_mCherry_primary,32,488nm Binned,509.0,-130.0,0.00646290784622299,0.14905751742871814,0.7852412228232855,,True,True,False,20,2,0.25,True,anchored_masked_phase_cross_correlation,F,05,"{'y_start': 585, 'y_stop': 2820, 'x_start': 4, 'x_stop': 2735}"
F05,PLD3_TMEM106B_mCherry_primary,36,488nm Binned,-48.0,-144.0,-0.0011975309584984076,0.1385929385717164,0.9338947147283836,,True,False,False,20,2,0.25,True,anchored_masked_phase_cross_correlation,F,05,"{'y_start': 585, 'y_stop': 2820, 'x_start': 4, 'x_stop': 2735}"
F05,PLD3_TMEM106B_mCherry_primary,39,488nm Binned,887.0,-57.0,-0.0003008269385196694,0.19009833396407333,0.6769974411045558,,True,True,True,36,2,0.25,True,anchored_masked_phase_cross_correlation,F,05,"{'y_start': 585, 'y_stop': 2820, 'x_start': 4, 'x_stop': 2735}"
E18,PLD3_mCherry_reporter_control,8,488nm Binned,0.0,0.0,1.0,1.0,1.0,,True,False,False,8,2,0.25,True,anchored_masked_phase_cross_correlation,E,18,"{'y_start': 402, 'y_stop': 2688, 'x_start': 3, 'x_stop': 2718}"
E18,PLD3_mCherry_reporter_control,12,488nm Binned,-161.0,-117.0,0.00210732450077775,0.1690725464216223,0.9053584350180611,,True,False,False,8,2,0.25,True,anchored_masked_phase_cross_correlation,E,18,"{'y_start': 402, 'y_stop': 2688, 'x_start': 3, 'x_stop': 2718}"
E18,PLD3_mCherry_reporter_control,16,488nm Binned,-66.0,-36.0,-0.0004966358469864468,0.15023698993543372,0.9647240069326517,,True,False,False,8,2,0.25,True,anchored_masked_phase_cross_correlation,E,18,"{'y_start': 402, 'y_stop': 2688, 'x_start': 3, 'x_stop': 2718}"
E18,PLD3_mCherry_reporter_control,20,488nm Binned,-164.0,-134.0,-0.001992376060154417,0.11572601782707696,0.8987665559854422,,True,False,False,8,2,0.25,True,anchored_masked_phase_cross_correlation,E,18,"{'y_start': 402, 'y_stop': 2688, 'x_start': 3, 'x_stop': 2718}"
E18,PLD3_mCherry_reporter_control,25,488nm Binned,98.0,3.0,0.007041281716567001,0.27132374870779363,0.9648195643166845,,True,False,True,20,2,0.25,True,anchored_masked_phase_cross_correlation,E,18,"{'y_start': 402, 'y_stop': 2688, 'x_start': 3, 'x_stop': 2718}"
E18,PLD3_mCherry_reporter_control,29,488nm Binned,54.0,-17.0,0.0066148263314086036,0.23616394163280247,0.975355677713392,,True,False,False,20,2,0.25,True,anchored_masked_phase_cross_correlation,E,18,"{'y_start': 402, 'y_stop': 2688, 'x_start': 3, 'x_stop': 2718}"
E18,PLD3_mCherry_reporter_control,32,488nm Binned,358.0,-147.0,-0.0033517533934799715,0.17201011892236884,0.8303170754480256,,True,False,False,20,2,0.25,True,anchored_masked_phase_cross_correlation,E,18,"{'y_start': 402, 'y_stop': 2688, 'x_start': 3, 'x_stop': 2718}"
E18,PLD3_mCherry_reporter_control,36,488nm Binned,-180.0,-160.0,-0.0015513919324571177,0.1435621650443455,0.8849518274073166,,True,False,False,20,2,0.25,True,anchored_masked_phase_cross_correlation,E,18,"{'y_start': 402, 'y_stop': 2688, 'x_start': 3, 'x_stop': 2718}"
E18,PLD3_mCherry_reporter_control,39,488nm Binned,574.0,-94.0,-0.002507084014266598,0.22320245471007968,0.7736447385569425,,True,True,True,36,2,0.25,True,anchored_masked_phase_cross_correlation,E,18,"{'y_start': 402, 'y_stop': 2688, 'x_start': 3, 'x_stop': 2718}"
F06,PLD3_TMEM106B_mCherry_primary,8,488nm Binned,0.0,0.0,1.0,1.0,1.0,,True,False,False,8,2,0.25,True,anchored_masked_phase_cross_correlation,F,06,"{'y_start': 565, 'y_stop': 2807, 'x_start': 1, 'x_stop': 2731}"
F06,PLD3_TMEM106B_mCherry_primary,12,488nm Binned,-51.0,-105.0,0.002204815082002137,0.16983182258338292,0.9462577248297473,,True,False,False,8,2,0.25,True,anchored_masked_phase_cross_correlation,F,06,"{'y_start': 565, 'y_stop': 2807, 'x_start': 1, 'x_stop': 2731}"
F06,PLD3_TMEM106B_mCherry_primary,16,488nm Binned,-32.0,-31.0,0.009909557385050637,0.1433209598824046,0.9781540744890476,,True,False,False,8,2,0.25,True,anchored_masked_phase_cross_correlation,F,06,"{'y_start': 565, 'y_stop': 2807, 'x_start': 1, 'x_stop': 2731}"
F06,PLD3_TMEM106B_mCherry_primary,20,488nm Binned,-20.0,-119.0,0.006820975427264687,0.11419902913715985,0.9518235169396738,,True,False,False,8,2,0.25,True,anchored_masked_phase_cross_correlation,F,06,"{'y_start': 565, 'y_stop': 2807, 'x_start': 1, 'x_stop': 2731}"
F06,PLD3_TMEM106B_mCherry_primary,25,488nm Binned,75.0,1.0,0.004777533277587073,0.11520247031513924,0.9735098154210652,,True,False,False,8,2,0.25,True,anchored_masked_phase_cross_correlation,F,06,"{'y_start': 565, 'y_stop': 2807, 'x_start': 1, 'x_stop': 2731}"
F06,PLD3_TMEM106B_mCherry_primary,29,488nm Binned,53.0,-20.0,0.00493242890912834,0.33782244469375794,0.9746755911914085,,True,False,True,25,2,0.25,True,anchored_masked_phase_cross_correlation,F,06,"{'y_start': 565, 'y_stop': 2807, 'x_start': 1, 'x_stop': 2731}"
F06,PLD3_TMEM106B_mCherry_primary,32,488nm Binned,491.0,-134.0,0.0017207322373787378,0.20530002522790433,0.7900769613821731,,True,False,False,25,2,0.25,True,anchored_masked_phase_cross_correlation,F,06,"{'y_start': 565, 'y_stop': 2807, 'x_start': 1, 'x_stop': 2731}"
F06,PLD3_TMEM106B_mCherry_primary,36,488nm Binned,-61.0,-149.0,0.0004598252939938076,0.12778526996983536,0.9278832313081976,,True,False,False,25,2,0.25,True,anchored_masked_phase_cross_correlation,F,06,"{'y_start': 565, 'y_stop': 2807, 'x_start': 1, 'x_stop': 2731}"
F06,PLD3_TMEM106B_mCherry_primary,39,488nm Binned,856.0,-61.0,-0.0009175390592473715,0.22525006358158278,0.6866131156278388,,True,True,True,36,2,0.25,True,anchored_masked_phase_cross_correlation,F,06,"{'y_start': 565, 'y_stop': 2807, 'x_start': 1, 'x_stop': 2731}"
F07,PLD3_TMEM106B_mCherry_primary,8,488nm Binned,0.0,0.0,1.0,1.0,1.0,,True,False,False,8,2,0.25,True,anchored_masked_phase_cross_correlation,F,07,"{'y_start': 558, 'y_stop': 2805, 'x_start': 2, 'x_stop': 2732}"
F07,PLD3_TMEM106B_mCherry_primary,12,488nm Binned,-57.0,-103.0,0.003599354877488094,0.14985073198102927,0.9449257570187263,,True,False,False,8,2,0.25,True,anchored_masked_phase_cross_correlation,F,07,"{'y_start': 558, 'y_stop': 2805, 'x_start': 2, 'x_stop': 2732}"
F07,PLD3_TMEM106B_mCherry_primary,16,488nm Binned,-31.0,-31.0,0.015133249234572427,0.13179980208836653,0.978498980721237,,True,False,False,8,2,0.25,True,anchored_masked_phase_cross_correlation,F,07,"{'y_start': 558, 'y_stop': 2805, 'x_start': 2, 'x_stop': 2732}"
F07,PLD3_TMEM106B_mCherry_primary,20,488nm Binned,-30.0,-118.0,0.0006086920799095977,0.41144463035292644,0.9488264677905965,,True,False,True,16,2,0.25,True,anchored_masked_phase_cross_correlation,F,07,"{'y_start': 558, 'y_stop': 2805, 'x_start': 2, 'x_stop': 2732}"
F07,PLD3_TMEM106B_mCherry_primary,25,488nm Binned,81.0,2.0,0.001635108086842657,0.24352426721683343,0.9710796671393475,,True,False,False,16,2,0.25,True,anchored_masked_phase_cross_correlation,F,07,"{'y_start': 558, 'y_stop': 2805, 'x_start': 2, 'x_stop': 2732}"
F07,PLD3_TMEM106B_mCherry_primary,29,488nm Binned,56.0,-17.0,0.009807298838306304,0.2020209582651853,0.974662461169175,,True,False,False,16,2,0.25,True,anchored_masked_phase_cross_correlation,F,07,"{'y_start': 558, 'y_stop': 2805, 'x_start': 2, 'x_stop': 2732}"
F07,PLD3_TMEM106B_mCherry_primary,32,488nm Binned,486.0,-133.0,0.006447363457544909,0.1270537565604989,0.7920284717237677,,True,False,False,16,2,0.25,True,anchored_masked_phase_cross_correlation,F,07,"{'y_start': 558, 'y_stop': 2805, 'x_start': 2, 'x_stop': 2732}"
F07,PLD3_TMEM106B_mCherry_primary,36,488nm Binned,-63.0,-145.0,0.004338880630724424,0.11418333189580425,0.9285861737948099,,True,False,False,16,2,0.25,True,anchored_masked_phase_cross_correlation,F,07,"{'y_start': 558, 'y_stop': 2805, 'x_start': 2, 'x_stop': 2732}"
F07,PLD3_TMEM106B_mCherry_primary,39,488nm Binned,842.0,-59.0,-0.004620873355645315,0.18118315552861974,0.6918833606632314,,True,True,True,36,2,0.25,True,anchored_masked_phase_cross_correlation,F,07,"{'y_start': 558, 'y_stop': 2805, 'x_start': 2, 'x_stop': 2732}"
F08,PLD3_TMEM106B_mCherry_primary,8,488nm Binned,0.0,0.0,1.0,1.0,1.0,,True,False,False,8,2,0.25,True,anchored_masked_phase_cross_correlation,F,08,"{'y_start': 541, 'y_stop': 2791, 'x_start': 3, 'x_stop': 2732}"
F08,PLD3_TMEM106B_mCherry_primary,12,488nm Binned,-68.0,-103.0,-0.004916324787810785,0.17688330578694758,0.9412280752943556,,True,False,False,8,2,0.25,True,anchored_masked_phase_cross_correlation,F,08,"{'y_start': 541, 'y_stop': 2791, 'x_start': 3, 'x_stop': 2732}"
F08,PLD3_TMEM106B_mCherry_primary,16,488nm Binned,-36.0,-31.0,0.013263408610716588,0.14663623836370496,0.9767744495602901,,True,False,False,8,2,0.25,True,anchored_masked_phase_cross_correlation,F,08,"{'y_start': 541, 'y_stop': 2791, 'x_start': 3, 'x_stop': 2732}"
F08,PLD3_TMEM106B_mCherry_primary,20,488nm Binned,-42.0,-118.0,0.004443659196304715,0.11599573686565144,0.9448145165525813,,True,False,False,8,2,0.25,True,anchored_masked_phase_cross_correlation,F,08,"{'y_start': 541, 'y_stop': 2791, 'x_start': 3, 'x_stop': 2732}"
F08,PLD3_TMEM106B_mCherry_primary,25,488nm Binned,83.0,3.0,-0.0017971271781443252,0.30628667248448294,0.9700442189970997,,True,False,True,20,2,0.25,True,anchored_masked_phase_cross_correlation,F,08,"{'y_start': 541, 'y_stop': 2791, 'x_start': 3, 'x_stop': 2732}"
F08,PLD3_TMEM106B_mCherry_primary,29,488nm Binned,57.0,-17.0,0.0028420733257279,0.24177385645395702,0.9743158528970665,,True,False,False,20,2,0.25,True,anchored_masked_phase_cross_correlation,F,08,"{'y_start': 541, 'y_stop': 2791, 'x_start': 3, 'x_stop': 2732}"
F08,PLD3_TMEM106B_mCherry_primary,32,488nm Binned,472.0,-132.0,0.003987499119043751,0.16851704100078502,0.7969748428774006,,True,False,False,20,2,0.25,True,anchored_masked_phase_cross_correlation,F,08,"{'y_start': 541, 'y_stop': 2791, 'x_start': 3, 'x_stop': 2732}"
F08,PLD3_TMEM106B_mCherry_primary,36,488nm Binned,-77.0,-150.0,-0.0038598460769720543,0.1278371018140763,0.922254950018382,,True,False,False,20,2,0.25,True,anchored_masked_phase_cross_correlation,F,08,"{'y_start': 541, 'y_stop': 2791, 'x_start': 3, 'x_stop': 2732}"
F08,PLD3_TMEM106B_mCherry_primary,39,488nm Binned,813.0,-63.0,0.0045617385622506446,0.20822597696609577,0.7007875825003064,,True,True,True,36,2,0.25,True,anchored_masked_phase_cross_correlation,F,08,"{'y_start': 541, 'y_stop': 2791, 'x_start': 3, 'x_stop': 2732}"
F09,PLD3_TMEM106B_mCherry_primary,8,488nm Binned,0.0,0.0,1.0,1.0,1.0,,True,False,False,8,2,0.25,True,anchored_masked_phase_cross_correlation,F,09,"{'y_start': 531, 'y_stop': 2784, 'x_start': 2, 'x_stop': 2733}"
F09,PLD3_TMEM106B_mCherry_primary,12,488nm Binned,-78.0,-105.0,-0.0008658304878231317,0.15794622268770983,0.9371881619719543,,True,False,False,8,2,0.25,True,anchored_masked_phase_cross_correlation,F,09,"{'y_start': 531, 'y_stop': 2784, 'x_start': 2, 'x_stop': 2733}"
F09,PLD3_TMEM106B_mCherry_primary,16,488nm Binned,-39.0,-32.0,-0.00010846183929387977,0.14003227260638149,0.9753957972257722,,True,False,False,8,2,0.25,True,anchored_masked_phase_cross_correlation,F,09,"{'y_start': 531, 'y_stop': 2784, 'x_start': 2, 'x_stop': 2733}"
F09,PLD3_TMEM106B_mCherry_primary,20,488nm Binned,-54.0,-119.0,0.005019864857564496,0.10994261397377134,0.9404604552908155,,True,False,False,8,2,0.25,True,anchored_masked_phase_cross_correlation,F,09,"{'y_start': 531, 'y_stop': 2784, 'x_start': 2, 'x_stop': 2733}"
F09,PLD3_TMEM106B_mCherry_primary,25,488nm Binned,85.0,2.0,0.0010664298518142843,0.2543277355565832,0.969685939594117,,True,False,True,20,2,0.25,True,anchored_masked_phase_cross_correlation,F,09,"{'y_start': 531, 'y_stop': 2784, 'x_start': 2, 'x_stop': 2733}"
F09,PLD3_TMEM106B_mCherry_primary,29,488nm Binned,59.0,-17.0,0.006451169589923805,0.24309341642611407,0.9736226363528494,,True,False,False,20,2,0.25,True,anchored_masked_phase_cross_correlation,F,09,"{'y_start': 531, 'y_stop': 2784, 'x_start': 2, 'x_stop': 2733}"
F09,PLD3_TMEM106B_mCherry_primary,32,488nm Binned,465.0,-131.0,0.0016137656447975362,0.17352712840021378,0.7995953764815041,,True,False,False,20,2,0.25,True,anchored_masked_phase_cross_correlation,F,09,"{'y_start': 531, 'y_stop': 2784, 'x_start': 2, 'x_stop': 2733}"
F09,PLD3_TMEM106B_mCherry_primary,36,488nm Binned,-84.0,-149.0,1.272743971614406e-05,0.15606562284186049,0.9202803405635989,,True,False,False,20,2,0.25,True,anchored_masked_phase_cross_correlation,F,09,"{'y_start': 531, 'y_stop': 2784, 'x_start': 2, 'x_stop': 2733}"
F09,PLD3_TMEM106B_mCherry_primary,39,488nm Binned,794.0,-63.0,-0.0023939694426527844,0.15291832139012795,0.7072668837497009,,True,True,True,36,2,0.25,True,anchored_masked_phase_cross_correlation,F,09,"{'y_start': 531, 'y_stop': 2784, 'x_start': 2, 'x_stop': 2733}"
F11,PLD3_TMEM106B_mCherry_primary,8,488nm Binned,0.0,0.0,1.0,1.0,1.0,,True,False,False,8,2,0.25,True,anchored_masked_phase_cross_correlation,F,11,"{'y_start': 496, 'y_stop': 2759, 'x_start': 0, 'x_stop': 2730}"
F11,PLD3_TMEM106B_mCherry_primary,12,488nm Binned,-97.0,-104.0,-0.003200719540738351,0.17052202936078353,0.9311427593276651,,True,False,False,8,2,0.25,True,anchored_masked_phase_cross_correlation,F,11,"{'y_start': 496, 'y_stop': 2759, 'x_start': 0, 'x_stop': 2730}"
F11,PLD3_TMEM106B_mCherry_primary,16,488nm Binned,-47.0,-33.0,0.0018590898224458174,0.14882323604243622,0.9722945589187865,,True,False,False,8,2,0.25,True,anchored_masked_phase_cross_correlation,F,11,"{'y_start': 496, 'y_stop': 2759, 'x_start': 0, 'x_stop': 2730}"
F11,PLD3_TMEM106B_mCherry_primary,20,488nm Binned,-81.0,-121.0,0.005097507914088783,0.11579305057556055,0.9307591924744548,,True,False,False,8,2,0.25,True,anchored_masked_phase_cross_correlation,F,11,"{'y_start': 496, 'y_stop': 2759, 'x_start': 0, 'x_stop': 2730}"
F11,PLD3_TMEM106B_mCherry_primary,25,488nm Binned,85.0,0.0,0.005805465662899202,0.31047518821281506,0.9703626220362622,,True,False,True,20,2,0.25,True,anchored_masked_phase_cross_correlation,F,11,"{'y_start': 496, 'y_stop': 2759, 'x_start': 0, 'x_stop': 2730}"
F11,PLD3_TMEM106B_mCherry_primary,29,488nm Binned,53.0,-19.0,0.015617171546342443,0.2218744325308562,0.9750178227894392,,True,False,False,20,2,0.25,True,anchored_masked_phase_cross_correlation,F,11,"{'y_start': 496, 'y_stop': 2759, 'x_start': 0, 'x_stop': 2730}"
F11,PLD3_TMEM106B_mCherry_primary,32,488nm Binned,434.0,-135.0,0.0039004512843685557,0.1497554484760699,0.8087269422220666,,True,False,False,20,2,0.25,True,anchored_masked_phase_cross_correlation,F,11,"{'y_start': 496, 'y_stop': 2759, 'x_start': 0, 'x_stop': 2730}"
F11,PLD3_TMEM106B_mCherry_primary,36,488nm Binned,-109.0,-150.0,0.004914430311789321,0.12579020209325203,0.9116809054463332,,True,False,False,20,2,0.25,True,anchored_masked_phase_cross_correlation,F,11,"{'y_start': 496, 'y_stop': 2759, 'x_start': 0, 'x_stop': 2730}"
F11,PLD3_TMEM106B_mCherry_primary,39,488nm Binned,740.0,-64.0,-0.0017809629227469705,0.17823467974726287,0.7254230298644787,,True,True,True,36,2,0.25,True,anchored_masked_phase_cross_correlation,F,11,"{'y_start': 496, 'y_stop': 2759, 'x_start': 0, 'x_stop': 2730}"
F10,PLD3_TMEM106B_mCherry_primary,8,488nm Binned,0.0,0.0,1.0,1.0,1.0,,True,False,False,8,2,0.25,True,anchored_masked_phase_cross_correlation,F,10,"{'y_start': 513, 'y_stop': 2769, 'x_start': 2, 'x_stop': 2731}"
F10,PLD3_TMEM106B_mCherry_primary,12,488nm Binned,-88.0,-104.0,0.003130873583000601,0.18488786404518223,0.9341670411154489,,True,False,False,8,2,0.25,True,anchored_masked_phase_cross_correlation,F,10,"{'y_start': 513, 'y_stop': 2769, 'x_start': 2, 'x_stop': 2731}"
F10,PLD3_TMEM106B_mCherry_primary,16,488nm Binned,-43.0,-33.0,-0.00011306975725843009,0.1575773929193127,0.9736732112533044,,True,False,False,8,2,0.25,True,anchored_masked_phase_cross_correlation,F,10,"{'y_start': 513, 'y_stop': 2769, 'x_start': 2, 'x_stop': 2731}"
F10,PLD3_TMEM106B_mCherry_primary,20,488nm Binned,-69.0,-120.0,-0.0015458102158015083,0.11332316138071656,0.9351070534479439,,True,False,False,8,2,0.25,True,anchored_masked_phase_cross_correlation,F,10,"{'y_start': 513, 'y_stop': 2769, 'x_start': 2, 'x_stop': 2731}"
F10,PLD3_TMEM106B_mCherry_primary,25,488nm Binned,84.0,2.0,0.007341455440416926,0.2695578875203911,0.9700343714804246,,True,False,True,20,2,0.25,True,anchored_masked_phase_cross_correlation,F,10,"{'y_start': 513, 'y_stop': 2769, 'x_start': 2, 'x_stop': 2731}"
F10,PLD3_TMEM106B_mCherry_primary,29,488nm Binned,54.0,-18.0,0.006395666823913901,0.2396341755928247,0.9750135676896413,,True,False,False,20,2,0.25,True,anchored_masked_phase_cross_correlation,F,10,"{'y_start': 513, 'y_stop': 2769, 'x_start': 2, 'x_stop': 2731}"
F10,PLD3_TMEM106B_mCherry_primary,32,488nm Binned,449.0,-134.0,0.006831835183226301,0.17206758008459128,0.8040370927991067,,True,False,False,20,2,0.25,True,anchored_masked_phase_cross_correlation,F,10,"{'y_start': 513, 'y_stop': 2769, 'x_start': 2, 'x_stop': 2731}"
F10,PLD3_TMEM106B_mCherry_primary,36,488nm Binned,-99.0,-148.0,-0.001617752171345145,0.13639625131236852,0.9156585727374054,,True,False,False,20,2,0.25,True,anchored_masked_phase_cross_correlation,F,10,"{'y_start': 513, 'y_stop': 2769, 'x_start': 2, 'x_stop': 2731}"
F10,PLD3_TMEM106B_mCherry_primary,39,488nm Binned,766.0,-62.0,-0.00048751398415251433,0.19129449052000794,0.7170708768326107,,True,True,True,36,2,0.25,True,anchored_masked_phase_cross_correlation,F,10,"{'y_start': 513, 'y_stop': 2769, 'x_start': 2, 'x_stop': 2731}"
F12,PLD3_TMEM106B_mCherry_primary,8,488nm Binned,0.0,0.0,1.0,1.0,1.0,,True,False,False,8,2,0.25,True,anchored_masked_phase_cross_correlation,F,12,"{'y_start': 486, 'y_stop': 2750, 'x_start': 0, 'x_stop': 2729}"
F12,PLD3_TMEM106B_mCherry_primary,12,488nm Binned,-106.0,-107.0,-0.0031522893190763703,0.17941935803189427,0.9271111130562996,,True,False,False,8,2,0.25,True,anchored_masked_phase_cross_correlation,F,12,"{'y_start': 486, 'y_stop': 2750, 'x_start': 0, 'x_stop': 2729}"
F12,PLD3_TMEM106B_mCherry_primary,16,488nm Binned,-51.0,-32.0,0.004317757345155905,0.14474323336020353,0.9712583813308591,,True,False,False,8,2,0.25,True,anchored_masked_phase_cross_correlation,F,12,"{'y_start': 486, 'y_stop': 2750, 'x_start': 0, 'x_stop': 2729}"
F12,PLD3_TMEM106B_mCherry_primary,20,488nm Binned,-93.0,-121.0,-0.003547081659677969,0.10418859284413011,0.9267516179105174,,True,False,False,8,2,0.25,True,anchored_masked_phase_cross_correlation,F,12,"{'y_start': 486, 'y_stop': 2750, 'x_start': 0, 'x_stop': 2729}"
F12,PLD3_TMEM106B_mCherry_primary,25,488nm Binned,87.0,0.0,0.004075235287467152,0.27651781019579835,0.9696652719665272,,True,False,True,20,2,0.25,True,anchored_masked_phase_cross_correlation,F,12,"{'y_start': 486, 'y_stop': 2750, 'x_start': 0, 'x_stop': 2729}"
F12,PLD3_TMEM106B_mCherry_primary,29,488nm Binned,52.0,-20.0,0.005035382670846851,0.21680007456214767,0.9750218347406772,,True,False,False,20,2,0.25,True,anchored_masked_phase_cross_correlation,F,12,"{'y_start': 486, 'y_stop': 2750, 'x_start': 0, 'x_stop': 2729}"
F12,PLD3_TMEM106B_mCherry_primary,32,488nm Binned,427.0,-136.0,-0.000930409308037514,0.14426353903713324,0.8107560169542628,,True,False,False,20,2,0.25,True,anchored_masked_phase_cross_correlation,F,12,"{'y_start': 486, 'y_stop': 2750, 'x_start': 0, 'x_stop': 2729}"
F12,PLD3_TMEM106B_mCherry_primary,36,488nm Binned,-118.0,-148.0,-8.644752563504698e-05,0.13567613384373942,0.9093756139501137,,True,False,False,20,2,0.25,True,anchored_masked_phase_cross_correlation,F,12,"{'y_start': 486, 'y_stop': 2750, 'x_start': 0, 'x_stop': 2729}"
F12,PLD3_TMEM106B_mCherry_primary,39,488nm Binned,718.0,-64.0,0.001202974016821173,0.18724030406956182,0.7329227040454085,,True,True,True,36,2,0.25,True,anchored_masked_phase_cross_correlation,F,12,"{'y_start': 486, 'y_stop': 2750, 'x_start': 0, 'x_stop': 2729}"
F14,PLD3_TMEM106B_mCherry_primary,8,488nm Binned,0.0,0.0,1.0,1.0,1.0,,True,False,False,8,2,0.25,True,anchored_masked_phase_cross_correlation,F,14,"{'y_start': 454, 'y_stop': 2726, 'x_start': 0, 'x_stop': 2726}"
F14,PLD3_TMEM106B_mCherry_primary,12,488nm Binned,-127.0,-109.0,-0.002443371423903637,0.1492171731228538,0.9193956445284766,,True,False,False,8,2,0.25,True,anchored_masked_phase_cross_correlation,F,14,"{'y_start': 454, 'y_stop': 2726, 'x_start': 0, 'x_stop': 2726}"
F14,PLD3_TMEM106B_mCherry_primary,16,488nm Binned,-57.0,-36.0,0.007500928370168381,0.12261152617207483,0.9678226921797588,,True,False,False,8,2,0.25,True,anchored_masked_phase_cross_correlation,F,14,"{'y_start': 454, 'y_stop': 2726, 'x_start': 0, 'x_stop': 2726}"
F14,PLD3_TMEM106B_mCherry_primary,20,488nm Binned,-119.0,-123.0,0.0022200167600383656,0.10227115873173784,0.9174001242975438,,True,False,False,8,2,0.25,True,anchored_masked_phase_cross_correlation,F,14,"{'y_start': 454, 'y_stop': 2726, 'x_start': 0, 'x_stop': 2726}"
F14,PLD3_TMEM106B_mCherry_primary,25,488nm Binned,89.0,-1.0,0.004177539605978995,0.27388270232603007,0.9686300669728394,,True,False,True,20,2,0.25,True,anchored_masked_phase_cross_correlation,F,14,"{'y_start': 454, 'y_stop': 2726, 'x_start': 0, 'x_stop': 2726}"
F14,PLD3_TMEM106B_mCherry_primary,29,488nm Binned,53.0,-20.0,0.0026197176572373545,0.21640622104389765,0.9746755911914085,,True,False,False,20,2,0.25,True,anchored_masked_phase_cross_correlation,F,14,"{'y_start': 454, 'y_stop': 2726, 'x_start': 0, 'x_stop': 2726}"
F14,PLD3_TMEM106B_mCherry_primary,32,488nm Binned,399.0,-140.0,-0.0035642338022471706,0.14698253062215189,0.8188552954838559,,True,False,False,20,2,0.25,True,anchored_masked_phase_cross_correlation,F,14,"{'y_start': 454, 'y_stop': 2726, 'x_start': 0, 'x_stop': 2726}"
F14,PLD3_TMEM106B_mCherry_primary,36,488nm Binned,-142.0,-149.0,0.009514499691961947,0.12526245829467156,0.901107833468524,,True,False,False,20,2,0.25,True,anchored_masked_phase_cross_correlation,F,14,"{'y_start': 454, 'y_stop': 2726, 'x_start': 0, 'x_stop': 2726}"
F14,PLD3_TMEM106B_mCherry_primary,39,488nm Binned,670.0,-66.0,0.0010612830991838938,0.187207033055162,0.7487511889964578,,True,True,True,36,2,0.25,True,anchored_masked_phase_cross_correlation,F,14,"{'y_start': 454, 'y_stop': 2726, 'x_start': 0, 'x_stop': 2726}"
F13,PLD3_TMEM106B_mCherry_primary,8,488nm Binned,0.0,0.0,1.0,1.0,1.0,,True,False,False,8,2,0.25,True,anchored_masked_phase_cross_correlation,F,13,"{'y_start': 472, 'y_stop': 2737, 'x_start': 2, 'x_stop': 2733}"
F13,PLD3_TMEM106B_mCherry_primary,12,488nm Binned,-115.0,-106.0,0.0010117266709754689,0.16798502274683,0.9244248077667485,,True,False,False,8,2,0.25,True,anchored_masked_phase_cross_correlation,F,13,"{'y_start': 472, 'y_stop': 2737, 'x_start': 2, 'x_stop': 2733}"
F13,PLD3_TMEM106B_mCherry_primary,16,488nm Binned,-52.0,-32.0,0.007878509802823588,0.14512980513713336,0.9709135966729496,,True,False,False,8,2,0.25,True,anchored_masked_phase_cross_correlation,F,13,"{'y_start': 472, 'y_stop': 2737, 'x_start': 2, 'x_stop': 2733}"
F13,PLD3_TMEM106B_mCherry_primary,20,488nm Binned,-107.0,-120.0,0.001535869814817433,0.11368234901409012,0.9224117808395045,,True,False,False,8,2,0.25,True,anchored_masked_phase_cross_correlation,F,13,"{'y_start': 472, 'y_stop': 2737, 'x_start': 2, 'x_stop': 2733}"
F13,PLD3_TMEM106B_mCherry_primary,25,488nm Binned,85.0,2.0,0.004015731150485672,0.23876085468392436,0.969685939594117,,True,False,True,20,2,0.25,True,anchored_masked_phase_cross_correlation,F,13,"{'y_start': 472, 'y_stop': 2737, 'x_start': 2, 'x_stop': 2733}"
F13,PLD3_TMEM106B_mCherry_primary,29,488nm Binned,52.0,-19.0,0.009896144787874098,0.20666185848453014,0.9753641879129878,,True,False,False,20,2,0.25,True,anchored_masked_phase_cross_correlation,F,13,"{'y_start': 472, 'y_stop': 2737, 'x_start': 2, 'x_stop': 2733}"
F13,PLD3_TMEM106B_mCherry_primary,32,488nm Binned,416.0,-132.0,-0.0053648770873920525,0.12741978918935393,0.8156019677526654,,True,False,False,20,2,0.25,True,anchored_masked_phase_cross_correlation,F,13,"{'y_start': 472, 'y_stop': 2737, 'x_start': 2, 'x_stop': 2733}"
F13,PLD3_TMEM106B_mCherry_primary,36,488nm Binned,-131.0,-145.0,0.0008824959498110751,0.12043115000984411,0.9060749938240266,,True,False,False,20,2,0.25,True,anchored_masked_phase_cross_correlation,F,13,"{'y_start': 472, 'y_stop': 2737, 'x_start': 2, 'x_stop': 2733}"
F13,PLD3_TMEM106B_mCherry_primary,39,488nm Binned,693.0,-65.0,-0.0015052879105532106,0.18415115064958817,0.7411806370103231,,True,True,True,36,2,0.25,True,anchored_masked_phase_cross_correlation,F,13,"{'y_start': 472, 'y_stop': 2737, 'x_start': 2, 'x_stop': 2733}"
F16,PLD3_TMEM106B_mCherry_primary,8,488nm Binned,0.0,0.0,1.0,1.0,1.0,,True,False,False,8,2,0.25,True,anchored_masked_phase_cross_correlation,F,16,"{'y_start': 430, 'y_stop': 2709, 'x_start': 0, 'x_stop': 2727}"
F16,PLD3_TMEM106B_mCherry_primary,12,488nm Binned,-144.0,-105.0,-0.0013061180086326005,0.16622665283737742,0.9150181194306822,,True,False,False,8,2,0.25,True,anchored_masked_phase_cross_correlation,F,16,"{'y_start': 430, 'y_stop': 2709, 'x_start': 0, 'x_stop': 2727}"
F16,PLD3_TMEM106B_mCherry_primary,16,488nm Binned,-60.0,-34.0,0.003908326964268151,0.16506950307828014,0.967472558253532,,True,False,False,8,2,0.25,True,anchored_masked_phase_cross_correlation,F,16,"{'y_start': 430, 'y_stop': 2709, 'x_start': 0, 'x_stop': 2727}"
F16,PLD3_TMEM106B_mCherry_primary,20,488nm Binned,-139.0,-124.0,-0.0013865605975917205,0.12045941656272954,0.9103939201188899,,True,False,False,8,2,0.25,True,anchored_masked_phase_cross_correlation,F,16,"{'y_start': 430, 'y_stop': 2709, 'x_start': 0, 'x_stop': 2727}"
F16,PLD3_TMEM106B_mCherry_primary,25,488nm Binned,95.0,-3.0,0.009887299812859547,0.27485848529434515,0.9658644952527675,,True,False,True,20,2,0.25,True,anchored_masked_phase_cross_correlation,F,16,"{'y_start': 430, 'y_stop': 2709, 'x_start': 0, 'x_stop': 2727}"
F16,PLD3_TMEM106B_mCherry_primary,29,488nm Binned,56.0,-20.0,0.01811301175011746,0.21964682629090482,0.9736368605436023,,True,False,False,20,2,0.25,True,anchored_masked_phase_cross_correlation,F,16,"{'y_start': 430, 'y_stop': 2709, 'x_start': 0, 'x_stop': 2727}"
F16,PLD3_TMEM106B_mCherry_primary,32,488nm Binned,381.0,-138.0,-0.0009899410206293284,0.18351009829749293,0.8254297893944433,,True,False,False,20,2,0.25,True,anchored_masked_phase_cross_correlation,F,16,"{'y_start': 430, 'y_stop': 2709, 'x_start': 0, 'x_stop': 2727}"
F16,PLD3_TMEM106B_mCherry_primary,36,488nm Binned,-159.0,-151.0,0.0014038946926242064,0.13790946109346489,0.8948296160781499,,True,False,False,20,2,0.25,True,anchored_masked_phase_cross_correlation,F,16,"{'y_start': 430, 'y_stop': 2709, 'x_start': 0, 'x_stop': 2727}"
F16,PLD3_TMEM106B_mCherry_primary,39,488nm Binned,621.0,-69.0,-0.006780155967100303,0.1790874499107345,0.7646235622625654,,True,True,True,36,2,0.25,True,anchored_masked_phase_cross_correlation,F,16,"{'y_start': 430, 'y_stop': 2709, 'x_start': 0, 'x_stop': 2727}"
F15,PLD3_TMEM106B_mCherry_primary,8,488nm Binned,0.0,0.0,1.0,1.0,1.0,,True,False,False,8,2,0.25,True,anchored_masked_phase_cross_correlation,F,15,"{'y_start': 441, 'y_stop': 2719, 'x_start': 0, 'x_stop': 2729}"
F15,PLD3_TMEM106B_mCherry_primary,12,488nm Binned,-135.0,-107.0,0.006117895095524525,0.16577638165056197,0.9173767820357953,,True,False,False,8,2,0.25,True,anchored_masked_phase_cross_correlation,F,15,"{'y_start': 441, 'y_stop': 2719, 'x_start': 0, 'x_stop': 2729}"
F15,PLD3_TMEM106B_mCherry_primary,16,488nm Binned,-59.0,-35.0,0.0017673215404237373,0.12770277272189673,0.9674755976105305,,True,False,False,8,2,0.25,True,anchored_masked_phase_cross_correlation,F,15,"{'y_start': 441, 'y_stop': 2719, 'x_start': 0, 'x_stop': 2729}"
F15,PLD3_TMEM106B_mCherry_primary,20,488nm Binned,-130.0,-124.0,0.004853051483816712,0.4375288253741867,0.9133963185362846,,True,False,True,16,2,0.25,True,anchored_masked_phase_cross_correlation,F,15,"{'y_start': 441, 'y_stop': 2719, 'x_start': 0, 'x_stop': 2729}"
F15,PLD3_TMEM106B_mCherry_primary,25,488nm Binned,89.0,-1.0,0.004379889384199338,0.23415530080287766,0.9686300669728394,,True,False,False,16,2,0.25,True,anchored_masked_phase_cross_correlation,F,15,"{'y_start': 441, 'y_stop': 2719, 'x_start': 0, 'x_stop': 2729}"
F15,PLD3_TMEM106B_mCherry_primary,29,488nm Binned,55.0,-20.0,0.004336829542916985,0.20107030022210726,0.973983104092871,,True,False,False,16,2,0.25,True,anchored_masked_phase_cross_correlation,F,15,"{'y_start': 441, 'y_stop': 2719, 'x_start': 0, 'x_stop': 2729}"
F15,PLD3_TMEM106B_mCherry_primary,32,488nm Binned,389.0,-135.0,0.004954142679015223,0.1336826332116416,0.8236787550404696,,True,False,False,16,2,0.25,True,anchored_masked_phase_cross_correlation,F,15,"{'y_start': 441, 'y_stop': 2719, 'x_start': 0, 'x_stop': 2729}"
F15,PLD3_TMEM106B_mCherry_primary,36,488nm Binned,-149.0,-152.0,-0.0018223698064656496,0.10295773145053143,0.8978022287969593,,True,False,False,16,2,0.25,True,anchored_masked_phase_cross_correlation,F,15,"{'y_start': 441, 'y_stop': 2719, 'x_start': 0, 'x_stop': 2729}"
F15,PLD3_TMEM106B_mCherry_primary,39,488nm Binned,647.0,-68.0,0.0014156642807028417,0.1789282578952958,0.7560461320899688,,True,True,True,36,2,0.25,True,anchored_masked_phase_cross_correlation,F,15,"{'y_start': 441, 'y_stop': 2719, 'x_start': 0, 'x_stop': 2729}"
F17,PLD3_TMEM106B_mCherry_primary,8,488nm Binned,0.0,0.0,1.0,1.0,1.0,,True,False,False,8,2,0.25,True,anchored_masked_phase_cross_correlation,F,17,"{'y_start': 412, 'y_stop': 2695, 'x_start': 1, 'x_stop': 2729}"
F17,PLD3_TMEM106B_mCherry_primary,12,488nm Binned,-153.0,-106.0,0.004798173293847894,0.16390682207461038,0.9116648576413812,,True,False,False,8,2,0.25,True,anchored_masked_phase_cross_correlation,F,17,"{'y_start': 412, 'y_stop': 2695, 'x_start': 1, 'x_stop': 2729}"
F17,PLD3_TMEM106B_mCherry_primary,16,488nm Binned,-66.0,-33.0,0.004020998320571984,0.1403543700361347,0.9657459603298262,,True,False,False,8,2,0.25,True,anchored_masked_phase_cross_correlation,F,17,"{'y_start': 412, 'y_stop': 2695, 'x_start': 1, 'x_stop': 2729}"
F17,PLD3_TMEM106B_mCherry_primary,20,488nm Binned,-154.0,-121.0,0.003524395226237831,0.10713893403212205,0.9063797805438358,,True,False,False,8,2,0.25,True,anchored_masked_phase_cross_correlation,F,17,"{'y_start': 412, 'y_stop': 2695, 'x_start': 1, 'x_stop': 2729}"
F17,PLD3_TMEM106B_mCherry_primary,25,488nm Binned,92.0,1.0,0.0008719135641358482,0.2791108833240008,0.9675844065910767,,True,False,True,20,2,0.25,True,anchored_masked_phase_cross_correlation,F,17,"{'y_start': 412, 'y_stop': 2695, 'x_start': 1, 'x_stop': 2729}"
F17,PLD3_TMEM106B_mCherry_primary,29,488nm Binned,53.0,-16.0,0.01185153580122618,0.23367709656078403,0.9760445175835313,,True,False,False,20,2,0.25,True,anchored_masked_phase_cross_correlation,F,17,"{'y_start': 412, 'y_stop': 2695, 'x_start': 1, 'x_stop': 2729}"
F17,PLD3_TMEM106B_mCherry_primary,32,488nm Binned,365.0,-136.0,0.002394930200917987,0.14627239941963024,0.8313487547875952,,True,False,False,20,2,0.25,True,anchored_masked_phase_cross_correlation,F,17,"{'y_start': 412, 'y_stop': 2695, 'x_start': 1, 'x_stop': 2729}"
F17,PLD3_TMEM106B_mCherry_primary,36,488nm Binned,-173.0,-148.0,-0.0014058370119107524,0.12202645277131054,0.8911881016711114,,True,False,False,20,2,0.25,True,anchored_masked_phase_cross_correlation,F,17,"{'y_start': 412, 'y_stop': 2695, 'x_start': 1, 'x_stop': 2729}"
F17,PLD3_TMEM106B_mCherry_primary,39,488nm Binned,597.0,-67.0,-0.0018260496775019555,0.18610412808750076,0.7733426264712919,,True,True,True,36,2,0.25,True,anchored_masked_phase_cross_correlation,F,17,"{'y_start': 412, 'y_stop': 2695, 'x_start': 1, 'x_stop': 2729}"
F18,PLD3_TMEM106B_mCherry_primary,8,488nm Binned,0.0,0.0,1.0,1.0,1.0,,True,False,False,8,2,0.25,True,anchored_masked_phase_cross_correlation,F,18,"{'y_start': 400, 'y_stop': 2682, 'x_start': 0, 'x_stop': 2728}"
F18,PLD3_TMEM106B_mCherry_primary,12,488nm Binned,-161.0,-108.0,0.005955572228900389,0.1654676136442905,0.9083203492002357,,True,False,False,8,2,0.25,True,anchored_masked_phase_cross_correlation,F,18,"{'y_start': 400, 'y_stop': 2682, 'x_start': 0, 'x_stop': 2728}"
F18,PLD3_TMEM106B_mCherry_primary,16,488nm Binned,-68.0,-35.0,0.0002068086596208279,0.16617052991091155,0.964375818194904,,True,False,False,8,2,0.25,True,anchored_masked_phase_cross_correlation,F,18,"{'y_start': 400, 'y_stop': 2682, 'x_start': 0, 'x_stop': 2728}"
F18,PLD3_TMEM106B_mCherry_primary,20,488nm Binned,-165.0,-124.0,0.0012782753948997942,0.12086814083759091,0.9017203246908609,,True,False,False,8,2,0.25,True,anchored_masked_phase_cross_correlation,F,18,"{'y_start': 400, 'y_stop': 2682, 'x_start': 0, 'x_stop': 2728}"
F18,PLD3_TMEM106B_mCherry_primary,25,488nm Binned,97.0,-1.0,0.0018988435383409158,0.2845157627584272,0.9658416392881388,,True,False,True,20,2,0.25,True,anchored_masked_phase_cross_correlation,F,18,"{'y_start': 400, 'y_stop': 2682, 'x_start': 0, 'x_stop': 2728}"
F18,PLD3_TMEM106B_mCherry_primary,29,488nm Binned,55.0,-19.0,0.004450538097157848,0.23755603989013943,0.9743250925423419,,True,False,False,20,2,0.25,True,anchored_masked_phase_cross_correlation,F,18,"{'y_start': 400, 'y_stop': 2682, 'x_start': 0, 'x_stop': 2728}"
F18,PLD3_TMEM106B_mCherry_primary,32,488nm Binned,357.0,-137.0,0.002392238976692412,0.1614412101408452,0.8337006092330317,,True,False,False,20,2,0.25,True,anchored_masked_phase_cross_correlation,F,18,"{'y_start': 400, 'y_stop': 2682, 'x_start': 0, 'x_stop': 2728}"
F18,PLD3_TMEM106B_mCherry_primary,36,488nm Binned,-186.0,-149.0,0.0016230295257560145,0.13607344273880428,0.8865631729136395,,True,False,False,20,2,0.25,True,anchored_masked_phase_cross_correlation,F,18,"{'y_start': 400, 'y_stop': 2682, 'x_start': 0, 'x_stop': 2728}"
F18,PLD3_TMEM106B_mCherry_primary,39,488nm Binned,571.0,-70.0,0.0030481611970872165,0.18556622252052837,0.7813586266191263,,True,True,True,36,2,0.25,True,anchored_masked_phase_cross_correlation,F,18,"{'y_start': 400, 'y_stop': 2682, 'x_start': 0, 'x_stop': 2728}"
G05,PLD3_only_no_mCherry,8,488nm Binned,0.0,0.0,1.0,1.0,1.0,,True,False,False,8,2,0.25,True,anchored_masked_phase_cross_correlation,G,05,"{'y_start': 586, 'y_stop': 2823, 'x_start': 2, 'x_stop': 2744}"
G05,PLD3_only_no_mCherry,12,488nm Binned,-41.0,-95.0,0.00018882805804156514,0.1844707884651881,0.9530537270783853,,True,False,False,8,2,0.25,True,anchored_masked_phase_cross_correlation,G,05,"{'y_start': 586, 'y_stop': 2823, 'x_start': 2, 'x_stop': 2744}"
G05,PLD3_only_no_mCherry,16,488nm Binned,-28.0,-27.0,0.015035681110309111,0.15650643177234894,0.9809147832379218,,True,False,False,8,2,0.25,True,anchored_masked_phase_cross_correlation,G,05,"{'y_start': 586, 'y_stop': 2823, 'x_start': 2, 'x_stop': 2744}"
G05,PLD3_only_no_mCherry,20,488nm Binned,-9.0,-105.0,-0.0003074652615663649,0.1257397167586193,0.9603659337196477,,True,False,False,8,2,0.25,True,anchored_masked_phase_cross_correlation,G,05,"{'y_start': 586, 'y_stop': 2823, 'x_start': 2, 'x_stop': 2744}"
G05,PLD3_only_no_mCherry,25,488nm Binned,73.0,2.0,0.008532324769404161,0.292961654125435,0.9738671222298084,,True,False,True,20,2,0.25,True,anchored_masked_phase_cross_correlation,G,05,"{'y_start': 586, 'y_stop': 2823, 'x_start': 2, 'x_stop': 2744}"
G05,PLD3_only_no_mCherry,29,488nm Binned,53.0,-17.0,-0.001950236779834651,0.23110486066915029,0.9757022859855006,,True,False,False,20,2,0.25,True,anchored_masked_phase_cross_correlation,G,05,"{'y_start': 586, 'y_stop': 2823, 'x_start': 2, 'x_stop': 2744}"
G05,PLD3_only_no_mCherry,32,488nm Binned,510.0,-120.0,-0.003927115907711669,0.13898685607894934,0.7877750739657919,,True,True,False,20,2,0.25,True,anchored_masked_phase_cross_correlation,G,05,"{'y_start': 586, 'y_stop': 2823, 'x_start': 2, 'x_stop': 2744}"
G05,PLD3_only_no_mCherry,36,488nm Binned,-45.0,-137.0,0.0018892458526005391,0.14596504732414906,0.9372906490899435,,True,False,False,20,2,0.25,True,anchored_masked_phase_cross_correlation,G,05,"{'y_start': 586, 'y_stop': 2823, 'x_start': 2, 'x_stop': 2744}"
G05,PLD3_only_no_mCherry,39,488nm Binned,887.0,-35.0,-0.0023089134453267075,0.17800565279623073,0.6822958913728946,,True,True,True,36,2,0.25,True,anchored_masked_phase_cross_correlation,G,05,"{'y_start': 586, 'y_stop': 2823, 'x_start': 2, 'x_stop': 2744}"
G06,PLD3_only_no_mCherry,8,488nm Binned,0.0,0.0,1.0,1.0,1.0,,True,False,False,8,2,0.25,True,anchored_masked_phase_cross_correlation,G,06,"{'y_start': 569, 'y_stop': 2810, 'x_start': 0, 'x_stop': 2742}"
G06,PLD3_only_no_mCherry,12,488nm Binned,-49.0,-95.0,0.0003374112005639874,0.1948311341837682,0.9503567232521996,,True,False,False,8,2,0.25,True,anchored_masked_phase_cross_correlation,G,06,"{'y_start': 569, 'y_stop': 2810, 'x_start': 0, 'x_stop': 2742}"
G06,PLD3_only_no_mCherry,16,488nm Binned,-31.0,-28.0,0.017168882282299073,0.16565856695954498,0.9795336994178051,,True,False,False,8,2,0.25,True,anchored_masked_phase_cross_correlation,G,06,"{'y_start': 569, 'y_stop': 2810, 'x_start': 0, 'x_stop': 2742}"
G06,PLD3_only_no_mCherry,20,488nm Binned,-22.0,-106.0,-0.003042485575724696,0.11344602471502248,0.9556531067577793,,True,False,False,8,2,0.25,True,anchored_masked_phase_cross_correlation,G,06,"{'y_start': 569, 'y_stop': 2810, 'x_start': 0, 'x_stop': 2742}"
G06,PLD3_only_no_mCherry,25,488nm Binned,76.0,-1.0,0.003588911281124611,0.10365101079627816,0.9731612619604777,,True,False,False,8,2,0.25,True,anchored_masked_phase_cross_correlation,G,06,"{'y_start': 569, 'y_stop': 2810, 'x_start': 0, 'x_stop': 2742}"
G06,PLD3_only_no_mCherry,29,488nm Binned,54.0,-20.0,-0.0005411352873320665,0.345012250459858,0.9743293476421397,,True,False,True,25,2,0.25,True,anchored_masked_phase_cross_correlation,G,06,"{'y_start': 569, 'y_stop': 2810, 'x_start': 0, 'x_stop': 2742}"
G06,PLD3_only_no_mCherry,32,488nm Binned,495.0,-122.0,-0.0009110417080394243,0.17508543212297345,0.7922093742523182,,True,False,False,25,2,0.25,True,anchored_masked_phase_cross_correlation,G,06,"{'y_start': 569, 'y_stop': 2810, 'x_start': 0, 'x_stop': 2742}"
G06,PLD3_only_no_mCherry,36,488nm Binned,-58.0,-138.0,0.002371937513550743,0.1510569405912061,0.9326327737026079,,True,False,False,25,2,0.25,True,anchored_masked_phase_cross_correlation,G,06,"{'y_start': 569, 'y_stop': 2810, 'x_start': 0, 'x_stop': 2742}"
G06,PLD3_only_no_mCherry,39,488nm Binned,860.0,-38.0,0.005856712280419765,0.17852608021998742,0.6908628661574163,,True,True,True,36,2,0.25,True,anchored_masked_phase_cross_correlation,G,06,"{'y_start': 569, 'y_stop': 2810, 'x_start': 0, 'x_stop': 2742}"
G07,PLD3_only_no_mCherry,8,488nm Binned,0.0,0.0,1.0,1.0,1.0,,True,False,False,8,2,0.25,True,anchored_masked_phase_cross_correlation,G,07,"{'y_start': 553, 'y_stop': 2799, 'x_start': 0, 'x_stop': 2745}"
G07,PLD3_only_no_mCherry,12,488nm Binned,-61.0,-96.0,-0.00184038924140776,0.1790761944753584,0.9459699585091298,,True,False,False,8,2,0.25,True,anchored_masked_phase_cross_correlation,G,07,"{'y_start': 553, 'y_stop': 2799, 'x_start': 0, 'x_stop': 2745}"
G07,PLD3_only_no_mCherry,16,488nm Binned,-34.0,-27.0,0.010057498907499572,0.15673113436289987,0.9788424280620671,,True,False,False,8,2,0.25,True,anchored_masked_phase_cross_correlation,G,07,"{'y_start': 553, 'y_stop': 2799, 'x_start': 0, 'x_stop': 2745}"
G07,PLD3_only_no_mCherry,20,488nm Binned,-36.0,-107.0,0.003218009412700761,0.12152669663631371,0.9506077741402753,,True,False,False,8,2,0.25,True,anchored_masked_phase_cross_correlation,G,07,"{'y_start': 553, 'y_stop': 2799, 'x_start': 0, 'x_stop': 2745}"
G07,PLD3_only_no_mCherry,25,488nm Binned,75.0,0.0,0.0038022223231073704,0.30870867065235,0.9738493723849372,,True,False,True,20,2,0.25,True,anchored_masked_phase_cross_correlation,G,07,"{'y_start': 553, 'y_stop': 2799, 'x_start': 0, 'x_stop': 2745}"
G07,PLD3_only_no_mCherry,29,488nm Binned,52.0,-19.0,0.001308096563781658,0.2407822989857301,0.9753641879129878,,True,False,False,20,2,0.25,True,anchored_masked_phase_cross_correlation,G,07,"{'y_start': 553, 'y_stop': 2799, 'x_start': 0, 'x_stop': 2745}"
G07,PLD3_only_no_mCherry,32,488nm Binned,482.0,-119.0,-0.0004993941493548139,0.16333101879091583,0.7974195615934206,,True,False,False,20,2,0.25,True,anchored_masked_phase_cross_correlation,G,07,"{'y_start': 553, 'y_stop': 2799, 'x_start': 0, 'x_stop': 2745}"
G07,PLD3_only_no_mCherry,36,488nm Binned,-69.0,-138.0,0.008168310592524855,0.13736864040872654,0.9289818980760141,,True,False,False,20,2,0.25,True,anchored_masked_phase_cross_correlation,G,07,"{'y_start': 553, 'y_stop': 2799, 'x_start': 0, 'x_stop': 2745}"
G07,PLD3_only_no_mCherry,39,488nm Binned,835.0,-35.0,-0.0008835893566192114,0.22016158685153828,0.7002057279965143,,True,True,True,36,2,0.25,True,anchored_masked_phase_cross_correlation,G,07,"{'y_start': 553, 'y_stop': 2799, 'x_start': 0, 'x_stop': 2745}"
G08,PLD3_only_no_mCherry,8,488nm Binned,0.0,0.0,1.0,1.0,1.0,,True,False,False,8,2,0.25,True,anchored_masked_phase_cross_correlation,G,08,"{'y_start': 540, 'y_stop': 2789, 'x_start': 0, 'x_stop': 2742}"
G08,PLD3_only_no_mCherry,12,488nm Binned,-69.0,-96.0,0.0007419063440607309,0.1674251672540207,0.9432739272771835,,True,False,False,8,2,0.25,True,anchored_masked_phase_cross_correlation,G,08,"{'y_start': 540, 'y_stop': 2789, 'x_start': 0, 'x_stop': 2742}"
G08,PLD3_only_no_mCherry,16,488nm Binned,-38.0,-27.0,-0.001677680627618424,0.13792979504668898,0.9774608579448306,,True,False,False,8,2,0.25,True,anchored_masked_phase_cross_correlation,G,08,"{'y_start': 540, 'y_stop': 2789, 'x_start': 0, 'x_stop': 2742}"
G08,PLD3_only_no_mCherry,20,488nm Binned,-47.0,-108.0,0.0021857201023854213,0.10529421152255644,0.9465724806405117,,True,False,False,8,2,0.25,True,anchored_masked_phase_cross_correlation,G,08,"{'y_start': 540, 'y_stop': 2789, 'x_start': 0, 'x_stop': 2742}"
G08,PLD3_only_no_mCherry,25,488nm Binned,81.0,0.0,0.005132220420946576,0.3058685452834766,0.9717573221757322,,True,False,True,20,2,0.25,True,anchored_masked_phase_cross_correlation,G,08,"{'y_start': 540, 'y_stop': 2789, 'x_start': 0, 'x_stop': 2742}"
G08,PLD3_only_no_mCherry,29,488nm Binned,53.0,-20.0,0.013268332536110046,0.23162597823400266,0.9746755911914085,,True,False,False,20,2,0.25,True,anchored_masked_phase_cross_correlation,G,08,"{'y_start': 540, 'y_stop': 2789, 'x_start': 0, 'x_stop': 2742}"
G08,PLD3_only_no_mCherry,32,488nm Binned,472.0,-123.0,0.0059733289883889314,0.17717852600767245,0.7995964706500236,,True,False,False,20,2,0.25,True,anchored_masked_phase_cross_correlation,G,08,"{'y_start': 540, 'y_stop': 2789, 'x_start': 0, 'x_stop': 2742}"
G08,PLD3_only_no_mCherry,36,488nm Binned,-79.0,-138.0,0.0025443984382026684,0.14094156643480418,0.925662920233656,,True,False,False,20,2,0.25,True,anchored_masked_phase_cross_correlation,G,08,"{'y_start': 540, 'y_stop': 2789, 'x_start': 0, 'x_stop': 2742}"
G08,PLD3_only_no_mCherry,39,488nm Binned,811.0,-38.0,-0.0015610539955834269,0.20209889134909098,0.707721571556676,,True,True,True,36,2,0.25,True,anchored_masked_phase_cross_correlation,G,08,"{'y_start': 540, 'y_stop': 2789, 'x_start': 0, 'x_stop': 2742}"
G09,PLD3_only_no_mCherry,8,488nm Binned,0.0,0.0,1.0,1.0,1.0,,True,False,False,8,2,0.25,True,anchored_masked_phase_cross_correlation,G,09,"{'y_start': 527, 'y_stop': 2780, 'x_start': 1, 'x_stop': 2742}"
G09,PLD3_only_no_mCherry,12,488nm Binned,-77.0,-95.0,-0.004348663776324513,0.18223099719658217,0.9409172098605494,,True,False,False,8,2,0.25,True,anchored_masked_phase_cross_correlation,G,09,"{'y_start': 527, 'y_stop': 2780, 'x_start': 1, 'x_stop': 2742}"
G09,PLD3_only_no_mCherry,16,488nm Binned,-40.0,-29.0,0.00584460200680993,0.14975731054870348,0.9760824487588725,,True,False,False,8,2,0.25,True,anchored_masked_phase_cross_correlation,G,09,"{'y_start': 527, 'y_stop': 2780, 'x_start': 1, 'x_stop': 2742}"
G09,PLD3_only_no_mCherry,20,488nm Binned,-58.0,-107.0,-0.0019940452590892447,0.12215038249302176,0.9432231092281687,,True,False,False,8,2,0.25,True,anchored_masked_phase_cross_correlation,G,09,"{'y_start': 527, 'y_stop': 2780, 'x_start': 1, 'x_stop': 2742}"
G09,PLD3_only_no_mCherry,25,488nm Binned,81.0,1.0,0.00674554908550192,0.28243960208222757,0.9714184946575398,,True,False,True,20,2,0.25,True,anchored_masked_phase_cross_correlation,G,09,"{'y_start': 527, 'y_stop': 2780, 'x_start': 1, 'x_stop': 2742}"
G09,PLD3_only_no_mCherry,29,488nm Binned,53.0,-17.0,0.009165548866461811,0.2631935176727602,0.9757022859855006,,True,False,False,20,2,0.25,True,anchored_masked_phase_cross_correlation,G,09,"{'y_start': 527, 'y_stop': 2780, 'x_start': 1, 'x_stop': 2742}"
G09,PLD3_only_no_mCherry,32,488nm Binned,461.0,-123.0,-0.00922067414307275,0.15757045752884027,0.8032674060328076,,True,False,False,20,2,0.25,True,anchored_masked_phase_cross_correlation,G,09,"{'y_start': 527, 'y_stop': 2780, 'x_start': 1, 'x_stop': 2742}"
G09,PLD3_only_no_mCherry,36,488nm Binned,-88.0,-137.0,0.004584217474626794,0.14245268190848656,0.9230138166737666,,True,False,False,20,2,0.25,True,anchored_masked_phase_cross_correlation,G,09,"{'y_start': 527, 'y_stop': 2780, 'x_start': 1, 'x_stop': 2742}"
G09,PLD3_only_no_mCherry,39,488nm Binned,788.0,-40.0,0.0034949965924726337,0.19222799069640623,0.7151290924334114,,True,True,True,36,2,0.25,True,anchored_masked_phase_cross_correlation,G,09,"{'y_start': 527, 'y_stop': 2780, 'x_start': 1, 'x_stop': 2742}"
G10,PLD3_only_no_mCherry,8,488nm Binned,0.0,0.0,1.0,1.0,1.0,,True,False,False,8,2,0.25,True,anchored_masked_phase_cross_correlation,G,10,"{'y_start': 514, 'y_stop': 2773, 'x_start': 0, 'x_stop': 2740}"
G10,PLD3_only_no_mCherry,12,488nm Binned,-90.0,-95.0,-2.3265307153561623e-05,0.1894021431919897,0.9365345786429976,,True,False,False,8,2,0.25,True,anchored_masked_phase_cross_correlation,G,10,"{'y_start': 514, 'y_stop': 2773, 'x_start': 0, 'x_stop': 2740}"
G10,PLD3_only_no_mCherry,16,488nm Binned,-45.0,-27.0,0.007115021779821604,0.150765470391898,0.9750431102396667,,True,False,False,8,2,0.25,True,anchored_masked_phase_cross_correlation,G,10,"{'y_start': 514, 'y_stop': 2773, 'x_start': 0, 'x_stop': 2740}"
G10,PLD3_only_no_mCherry,20,488nm Binned,-69.0,-109.0,0.002270933972921503,0.1248165892002554,0.938850203953012,,True,False,False,8,2,0.25,True,anchored_masked_phase_cross_correlation,G,10,"{'y_start': 514, 'y_stop': 2773, 'x_start': 0, 'x_stop': 2740}"
G10,PLD3_only_no_mCherry,25,488nm Binned,83.0,0.0,0.002386170766100639,0.2973153030749978,0.9710599721059973,,True,False,True,20,2,0.25,True,anchored_masked_phase_cross_correlation,G,10,"{'y_start': 514, 'y_stop': 2773, 'x_start': 0, 'x_stop': 2740}"
G10,PLD3_only_no_mCherry,29,488nm Binned,54.0,-18.0,0.019559718220680155,0.25667370380117827,0.9750135676896413,,True,False,False,20,2,0.25,True,anchored_masked_phase_cross_correlation,G,10,"{'y_start': 514, 'y_stop': 2773, 'x_start': 0, 'x_stop': 2740}"
G10,PLD3_only_no_mCherry,32,488nm Binned,451.0,-124.0,0.001027923837391291,0.1862809000741998,0.8063107749825419,,True,False,False,20,2,0.25,True,anchored_masked_phase_cross_correlation,G,10,"{'y_start': 514, 'y_stop': 2773, 'x_start': 0, 'x_stop': 2740}"
G10,PLD3_only_no_mCherry,36,488nm Binned,-95.0,-142.0,0.0040333025448213026,0.16112988771572592,0.9190040537727903,,True,False,False,20,2,0.25,True,anchored_masked_phase_cross_correlation,G,10,"{'y_start': 514, 'y_stop': 2773, 'x_start': 0, 'x_stop': 2740}"
G10,PLD3_only_no_mCherry,39,488nm Binned,766.0,-42.0,-0.0005324265376687067,0.18911773425092787,0.7221818595612822,,True,True,True,36,2,0.25,True,anchored_masked_phase_cross_correlation,G,10,"{'y_start': 514, 'y_stop': 2773, 'x_start': 0, 'x_stop': 2740}"
F19,PLD3_TMEM106B_mCherry_primary,8,488nm Binned,0.0,0.0,1.0,1.0,1.0,,True,False,False,8,2,0.25,True,anchored_masked_phase_cross_correlation,F,19,"{'y_start': 390, 'y_stop': 2680, 'x_start': 3, 'x_stop': 2729}"
F19,PLD3_TMEM106B_mCherry_primary,12,488nm Binned,-169.0,-107.0,0.005227275070446722,0.16249569756759544,0.9059641180807214,,True,False,False,8,2,0.25,True,anchored_masked_phase_cross_correlation,F,19,"{'y_start': 390, 'y_stop': 2680, 'x_start': 3, 'x_stop': 2729}"
F19,PLD3_TMEM106B_mCherry_primary,16,488nm Binned,-67.0,-33.0,0.0005932235041991342,0.1637580215191987,0.9654012972461967,,True,False,False,8,2,0.25,True,anchored_masked_phase_cross_correlation,F,19,"{'y_start': 390, 'y_stop': 2680, 'x_start': 3, 'x_stop': 2729}"
F19,PLD3_TMEM106B_mCherry_primary,20,488nm Binned,-175.0,-121.0,0.0032886771452148673,0.1286726796946277,0.8993665250569454,,True,False,False,8,2,0.25,True,anchored_masked_phase_cross_correlation,F,19,"{'y_start': 390, 'y_stop': 2680, 'x_start': 3, 'x_stop': 2729}"
F19,PLD3_TMEM106B_mCherry_primary,25,488nm Binned,101.0,3.0,-0.0042176076045228285,0.1158077630262869,0.9637746333806014,,True,False,False,8,2,0.25,True,anchored_masked_phase_cross_correlation,F,19,"{'y_start': 390, 'y_stop': 2680, 'x_start': 3, 'x_stop': 2729}"
F19,PLD3_TMEM106B_mCherry_primary,29,488nm Binned,59.0,-16.0,0.004093112156137083,0.3009241695661538,0.9739641385052005,,True,False,True,25,2,0.25,True,anchored_masked_phase_cross_correlation,F,19,"{'y_start': 390, 'y_stop': 2680, 'x_start': 3, 'x_stop': 2729}"
F19,PLD3_TMEM106B_mCherry_primary,32,488nm Binned,347.0,-136.0,-0.0023104737155209883,0.17737996579845322,0.8373272915779174,,True,False,False,25,2,0.25,True,anchored_masked_phase_cross_correlation,F,19,"{'y_start': 390, 'y_stop': 2680, 'x_start': 3, 'x_stop': 2729}"
F19,PLD3_TMEM106B_mCherry_primary,36,488nm Binned,-188.0,-148.0,-0.0028834764132257456,0.13455618786938403,0.8862278710495654,,True,False,False,25,2,0.25,True,anchored_masked_phase_cross_correlation,F,19,"{'y_start': 390, 'y_stop': 2680, 'x_start': 3, 'x_stop': 2729}"
F19,PLD3_TMEM106B_mCherry_primary,39,488nm Binned,557.0,-67.0,-0.0020723740342226222,0.19335536772524503,0.7869638087957532,,True,True,True,36,2,0.25,True,anchored_masked_phase_cross_correlation,F,19,"{'y_start': 390, 'y_stop': 2680, 'x_start': 3, 'x_stop': 2729}"
F20,PLD3_TMEM106B_mCherry_primary,8,488nm Binned,0.0,0.0,1.0,1.0,1.0,,True,False,False,8,2,0.25,True,anchored_masked_phase_cross_correlation,F,20,"{'y_start': 373, 'y_stop': 2663, 'x_start': 0, 'x_stop': 2729}"
F20,PLD3_TMEM106B_mCherry_primary,12,488nm Binned,-181.0,-109.0,-0.0007863757232558794,0.16364104204614183,0.9012827788573574,,True,False,False,8,2,0.25,True,anchored_masked_phase_cross_correlation,F,20,"{'y_start': 373, 'y_stop': 2663, 'x_start': 0, 'x_stop': 2729}"
F20,PLD3_TMEM106B_mCherry_primary,16,488nm Binned,-72.0,-34.0,0.002156198156586736,0.14663134773678754,0.9633380601413374,,True,False,False,8,2,0.25,True,anchored_masked_phase_cross_correlation,F,20,"{'y_start': 373, 'y_stop': 2663, 'x_start': 0, 'x_stop': 2729}"
F20,PLD3_TMEM106B_mCherry_primary,20,488nm Binned,-188.0,-123.0,-0.001110955448034334,0.10458596016013484,0.8943733478055356,,True,False,False,8,2,0.25,True,anchored_masked_phase_cross_correlation,F,20,"{'y_start': 373, 'y_stop': 2663, 'x_start': 0, 'x_stop': 2729}"
F20,PLD3_TMEM106B_mCherry_primary,25,488nm Binned,101.0,0.0,0.0009393437263899817,0.27383728876852415,0.9647838214783822,,True,False,True,20,2,0.25,True,anchored_masked_phase_cross_correlation,F,20,"{'y_start': 373, 'y_stop': 2663, 'x_start': 0, 'x_stop': 2729}"
F20,PLD3_TMEM106B_mCherry_primary,29,488nm Binned,55.0,-17.0,0.012179878873842063,0.24500391892635295,0.9750090694412835,,True,False,False,20,2,0.25,True,anchored_masked_phase_cross_correlation,F,20,"{'y_start': 373, 'y_stop': 2663, 'x_start': 0, 'x_stop': 2729}"
F20,PLD3_TMEM106B_mCherry_primary,32,488nm Binned,334.0,-136.0,0.004170871234837889,0.17287908685978332,0.8416451237042614,,True,False,False,20,2,0.25,True,anchored_masked_phase_cross_correlation,F,20,"{'y_start': 373, 'y_stop': 2663, 'x_start': 0, 'x_stop': 2729}"
F20,PLD3_TMEM106B_mCherry_primary,36,488nm Binned,-205.0,-148.0,-0.0025065493650334304,0.12036356156559322,0.8806062763451464,,True,False,False,20,2,0.25,True,anchored_masked_phase_cross_correlation,F,20,"{'y_start': 373, 'y_stop': 2663, 'x_start': 0, 'x_stop': 2729}"
F20,PLD3_TMEM106B_mCherry_primary,39,488nm Binned,525.0,-69.0,0.0024945138026275723,0.20087296441073407,0.7972910575795241,,True,True,True,36,2,0.25,True,anchored_masked_phase_cross_correlation,F,20,"{'y_start': 373, 'y_stop': 2663, 'x_start': 0, 'x_stop': 2729}"
G11,PLD3_only_no_mCherry,8,488nm Binned,0.0,0.0,1.0,1.0,1.0,,True,False,False,8,2,0.25,True,anchored_masked_phase_cross_correlation,G,11,"{'y_start': 495, 'y_stop': 2757, 'x_start': 0, 'x_stop': 2740}"
G11,PLD3_only_no_mCherry,12,488nm Binned,-96.0,-96.0,0.0017716562710460224,0.16197448242364784,0.9341748218693651,,True,False,False,8,2,0.25,True,anchored_masked_phase_cross_correlation,G,11,"{'y_start': 495, 'y_stop': 2757, 'x_start': 0, 'x_stop': 2740}"
G11,PLD3_only_no_mCherry,16,488nm Binned,-48.0,-29.0,0.0041836024537252915,0.12999888811252372,0.9733212537128785,,True,False,False,8,2,0.25,True,anchored_masked_phase_cross_correlation,G,11,"{'y_start': 495, 'y_stop': 2757, 'x_start': 0, 'x_stop': 2740}"
G11,PLD3_only_no_mCherry,20,488nm Binned,-83.0,-110.0,0.003767354359936499,0.11391200893027054,0.9338156914464227,,True,False,False,8,2,0.25,True,anchored_masked_phase_cross_correlation,G,11,"{'y_start': 495, 'y_stop': 2757, 'x_start': 0, 'x_stop': 2740}"
G11,PLD3_only_no_mCherry,25,488nm Binned,84.0,-2.0,0.0039423971365938875,0.2875997224371899,0.9700343714804246,,True,False,True,20,2,0.25,True,anchored_masked_phase_cross_correlation,G,11,"{'y_start': 495, 'y_stop': 2757, 'x_start': 0, 'x_stop': 2740}"
G11,PLD3_only_no_mCherry,29,488nm Binned,53.0,-20.0,0.011801036987326942,0.23158179953520158,0.9746755911914085,,True,False,False,20,2,0.25,True,anchored_masked_phase_cross_correlation,G,11,"{'y_start': 495, 'y_stop': 2757, 'x_start': 0, 'x_stop': 2740}"
G11,PLD3_only_no_mCherry,32,488nm Binned,434.0,-124.0,0.005347269525175492,0.15875419149115816,0.8119819719931762,,True,False,False,20,2,0.25,True,anchored_masked_phase_cross_correlation,G,11,"{'y_start': 495, 'y_stop': 2757, 'x_start': 0, 'x_stop': 2740}"
G11,PLD3_only_no_mCherry,36,488nm Binned,-111.0,-142.0,0.001628916597609101,0.14973328368199976,0.9137014699789336,,True,False,False,20,2,0.25,True,anchored_masked_phase_cross_correlation,G,11,"{'y_start': 495, 'y_stop': 2757, 'x_start': 0, 'x_stop': 2740}"
G11,PLD3_only_no_mCherry,39,488nm Binned,738.0,-44.0,-0.004055256008442154,0.18600109538179435,0.7312838827518192,,True,True,True,36,2,0.25,True,anchored_masked_phase_cross_correlation,G,11,"{'y_start': 495, 'y_stop': 2757, 'x_start': 0, 'x_stop': 2740}"
G14,PLD3_only_no_mCherry,8,488nm Binned,0.0,0.0,1.0,1.0,1.0,,True,False,False,8,1,0.125,True,anchored_masked_phase_cross_correlation,G,14,"{'y_start': 455, 'y_stop': 2725, 'x_start': 2, 'x_stop': 2744}"
G14,PLD3_only_no_mCherry,12,488nm Binned,-124.0,-97.0,0.004221863242834648,0.17822974001802813,0.9244051127333983,,True,False,False,8,1,0.125,True,anchored_masked_phase_cross_correlation,G,14,"{'y_start': 455, 'y_stop': 2725, 'x_start': 2, 'x_stop': 2744}"
G14,PLD3_only_no_mCherry,16,488nm Binned,-57.0,-30.0,0.003957855238839186,0.1560281448895111,0.9698731639852244,,True,False,False,8,1,0.125,True,anchored_masked_phase_cross_correlation,G,14,"{'y_start': 455, 'y_stop': 2725, 'x_start': 2, 'x_stop': 2744}"
G14,PLD3_only_no_mCherry,20,488nm Binned,-119.0,-108.0,0.002221810657576583,0.12409277585475532,0.9224132397308638,,True,False,False,8,1,0.125,True,anchored_masked_phase_cross_correlation,G,14,"{'y_start': 455, 'y_stop': 2725, 'x_start': 2, 'x_stop': 2744}"
G14,PLD3_only_no_mCherry,25,488nm Binned,89.0,2.0,0.0039460244208351135,0.10379545637653832,0.9682922120488865,,True,False,False,8,1,0.125,True,anchored_masked_phase_cross_correlation,G,14,"{'y_start': 455, 'y_stop': 2725, 'x_start': 2, 'x_stop': 2744}"
G14,PLD3_only_no_mCherry,29,488nm Binned,53.0,-15.0,0.0033243510964091677,0.3345843467766215,0.976386749181562,,True,False,True,25,1,0.125,True,anchored_masked_phase_cross_correlation,G,14,"{'y_start': 455, 'y_stop': 2725, 'x_start': 2, 'x_stop': 2744}"
G14,PLD3_only_no_mCherry,32,488nm Binned,401.0,-121.0,0.003672149610439685,0.21147526318888368,0.8238905374361248,,True,False,False,25,1,0.125,True,anchored_masked_phase_cross_correlation,G,14,"{'y_start': 455, 'y_stop': 2725, 'x_start': 2, 'x_stop': 2744}"
G14,PLD3_only_no_mCherry,36,488nm Binned,-143.0,-134.0,-0.006329227242279607,0.1541911411098595,0.9057466216939091,,True,False,False,25,1,0.125,True,anchored_masked_phase_cross_correlation,G,14,"{'y_start': 455, 'y_stop': 2725, 'x_start': 2, 'x_stop': 2744}"
G14,PLD3_only_no_mCherry,39,488nm Binned,666.0,-37.0,0.0008308242295960886,0.10124719506542615,0.757877283894423,,True,True,False,25,1,0.125,True,anchored_masked_phase_cross_correlation,G,14,"{'y_start': 455, 'y_stop': 2725, 'x_start': 2, 'x_stop': 2744}"
G12,PLD3_only_no_mCherry,8,488nm Binned,0.0,0.0,1.0,1.0,1.0,,True,False,False,8,2,0.25,True,anchored_masked_phase_cross_correlation,G,12,"{'y_start': 484, 'y_stop': 2747, 'x_start': 0, 'x_stop': 2742}"
G12,PLD3_only_no_mCherry,12,488nm Binned,-107.0,-97.0,0.001500853184790596,0.1725003467491823,0.930132112338525,,True,False,False,8,2,0.25,True,anchored_masked_phase_cross_correlation,G,12,"{'y_start': 484, 'y_stop': 2747, 'x_start': 0, 'x_stop': 2742}"
G12,PLD3_only_no_mCherry,16,488nm Binned,-52.0,-30.0,0.00381827941267345,0.15751332040416183,0.9715983030175709,,True,False,False,8,2,0.25,True,anchored_masked_phase_cross_correlation,G,12,"{'y_start': 484, 'y_stop': 2747, 'x_start': 0, 'x_stop': 2742}"
G12,PLD3_only_no_mCherry,20,488nm Binned,-94.0,-108.0,0.005173013840090985,0.11516191387832894,0.9308018650467137,,True,False,False,8,2,0.25,True,anchored_masked_phase_cross_correlation,G,12,"{'y_start': 484, 'y_stop': 2747, 'x_start': 0, 'x_stop': 2742}"
G12,PLD3_only_no_mCherry,25,488nm Binned,86.0,0.0,0.002312700093158638,0.26027114995225803,0.9700139470013946,,True,False,True,20,2,0.25,True,anchored_masked_phase_cross_correlation,G,12,"{'y_start': 484, 'y_stop': 2747, 'x_start': 0, 'x_stop': 2742}"
G12,PLD3_only_no_mCherry,29,488nm Binned,51.0,-18.0,0.0035995501223876495,0.22261922590617603,0.9760530277831271,,True,False,False,20,2,0.25,True,anchored_masked_phase_cross_correlation,G,12,"{'y_start': 484, 'y_stop': 2747, 'x_start': 0, 'x_stop': 2742}"
G12,PLD3_only_no_mCherry,32,488nm Binned,426.0,-122.0,0.005224746215068355,0.1697599882438222,0.8152445393696423,,True,False,False,20,2,0.25,True,anchored_masked_phase_cross_correlation,G,12,"{'y_start': 484, 'y_stop': 2747, 'x_start': 0, 'x_stop': 2742}"
G12,PLD3_only_no_mCherry,36,488nm Binned,-121.0,-139.0,0.004416160947754575,0.1187477708451001,0.9113892487487575,,True,False,False,20,2,0.25,True,anchored_masked_phase_cross_correlation,G,12,"{'y_start': 484, 'y_stop': 2747, 'x_start': 0, 'x_stop': 2742}"
G12,PLD3_only_no_mCherry,39,488nm Binned,715.0,-41.0,-0.0019134862450186964,0.1850141916861431,0.7399656236566042,,True,True,True,36,2,0.25,True,anchored_masked_phase_cross_correlation,G,12,"{'y_start': 484, 'y_stop': 2747, 'x_start': 0, 'x_stop': 2742}"
G13,PLD3_only_no_mCherry,8,488nm Binned,0.0,0.0,1.0,1.0,1.0,,True,False,False,8,2,0.25,True,anchored_masked_phase_cross_correlation,G,13,"{'y_start': 470, 'y_stop': 2738, 'x_start': 2, 'x_stop': 2743}"
G13,PLD3_only_no_mCherry,12,488nm Binned,-115.0,-97.0,-0.002623936683244231,0.18620386869937744,0.9274370537008183,,True,False,False,8,2,0.25,True,anchored_masked_phase_cross_correlation,G,13,"{'y_start': 470, 'y_stop': 2738, 'x_start': 2, 'x_stop': 2743}"
G13,PLD3_only_no_mCherry,16,488nm Binned,-53.0,-31.0,0.00048345206387418393,0.16264191225576746,0.9709110436130709,,True,False,False,8,2,0.25,True,anchored_masked_phase_cross_correlation,G,13,"{'y_start': 470, 'y_stop': 2738, 'x_start': 2, 'x_stop': 2743}"
G13,PLD3_only_no_mCherry,20,488nm Binned,-104.0,-108.0,-0.006244130293056527,0.14113458416527033,0.9274464149203737,,True,False,False,8,2,0.25,True,anchored_masked_phase_cross_correlation,G,13,"{'y_start': 470, 'y_stop': 2738, 'x_start': 2, 'x_stop': 2743}"
G13,PLD3_only_no_mCherry,25,488nm Binned,89.0,2.0,0.00972618889622139,0.2639194353427471,0.9682922120488865,,True,False,True,20,2,0.25,True,anchored_masked_phase_cross_correlation,G,13,"{'y_start': 470, 'y_stop': 2738, 'x_start': 2, 'x_stop': 2743}"
G13,PLD3_only_no_mCherry,29,488nm Binned,53.0,-16.0,0.008449868127313446,0.2206665992992467,0.9760445175835313,,True,False,False,20,2,0.25,True,anchored_masked_phase_cross_correlation,G,13,"{'y_start': 470, 'y_stop': 2738, 'x_start': 2, 'x_stop': 2743}"
G13,PLD3_only_no_mCherry,32,488nm Binned,414.0,-122.0,0.0013636434717382898,0.15974096002468002,0.8192506550422203,,True,False,False,20,2,0.25,True,anchored_masked_phase_cross_correlation,G,13,"{'y_start': 470, 'y_stop': 2738, 'x_start': 2, 'x_stop': 2743}"
G13,PLD3_only_no_mCherry,36,488nm Binned,-130.0,-135.0,0.004195672182970653,0.13654372011871205,0.909734744373056,,True,False,False,20,2,0.25,True,anchored_masked_phase_cross_correlation,G,13,"{'y_start': 470, 'y_stop': 2738, 'x_start': 2, 'x_stop': 2743}"
G13,PLD3_only_no_mCherry,39,488nm Binned,692.0,-38.0,0.002427329653427648,0.1739719345543517,0.7486641418120209,,True,True,True,36,2,0.25,True,anchored_masked_phase_cross_correlation,G,13,"{'y_start': 470, 'y_stop': 2738, 'x_start': 2, 'x_stop': 2743}"
G15,PLD3_only_no_mCherry,8,488nm Binned,0.0,0.0,1.0,1.0,1.0,,True,False,False,8,2,0.25,True,anchored_masked_phase_cross_correlation,G,15,"{'y_start': 442, 'y_stop': 2714, 'x_start': 1, 'x_stop': 2744}"
G15,PLD3_only_no_mCherry,12,488nm Binned,-134.0,-97.0,-6.977637013723311e-05,0.18116666318562066,0.9210362894362649,,True,False,False,8,2,0.25,True,anchored_masked_phase_cross_correlation,G,15,"{'y_start': 442, 'y_stop': 2714, 'x_start': 1, 'x_stop': 2744}"
G15,PLD3_only_no_mCherry,16,488nm Binned,-60.0,-30.0,0.009461865695009447,0.13769348154449615,0.9688380805658164,,True,False,False,8,2,0.25,True,anchored_masked_phase_cross_correlation,G,15,"{'y_start': 442, 'y_stop': 2714, 'x_start': 1, 'x_stop': 2744}"
G15,PLD3_only_no_mCherry,20,488nm Binned,-130.0,-108.0,0.0034041240762845153,0.11059727050736756,0.9187222445918898,,True,False,False,8,2,0.25,True,anchored_masked_phase_cross_correlation,G,15,"{'y_start': 442, 'y_stop': 2714, 'x_start': 1, 'x_stop': 2744}"
G15,PLD3_only_no_mCherry,25,488nm Binned,90.0,1.0,0.00964529107993855,0.2808902651382124,0.9682815135122518,,True,False,True,20,2,0.25,True,anchored_masked_phase_cross_correlation,G,15,"{'y_start': 442, 'y_stop': 2714, 'x_start': 1, 'x_stop': 2744}"
G15,PLD3_only_no_mCherry,29,488nm Binned,55.0,-17.0,0.00855065216864245,0.2394006825760834,0.9750090694412835,,True,False,False,20,2,0.25,True,anchored_masked_phase_cross_correlation,G,15,"{'y_start': 442, 'y_stop': 2714, 'x_start': 1, 'x_stop': 2744}"
G15,PLD3_only_no_mCherry,32,488nm Binned,391.0,-121.0,0.0015687336591148635,0.17469760786721455,0.8272301829060726,,True,False,False,20,2,0.25,True,anchored_masked_phase_cross_correlation,G,15,"{'y_start': 442, 'y_stop': 2714, 'x_start': 1, 'x_stop': 2744}"
G15,PLD3_only_no_mCherry,36,488nm Binned,-154.0,-136.0,0.007150186744697946,0.16482904899179945,0.9014304916074843,,True,False,False,20,2,0.25,True,anchored_masked_phase_cross_correlation,G,15,"{'y_start': 442, 'y_stop': 2714, 'x_start': 1, 'x_stop': 2744}"
G15,PLD3_only_no_mCherry,39,488nm Binned,644.0,-40.0,0.0027404936816318253,0.19416411987083307,0.7646380296018783,,True,True,True,36,2,0.25,True,anchored_masked_phase_cross_correlation,G,15,"{'y_start': 442, 'y_stop': 2714, 'x_start': 1, 'x_stop': 2744}"
G16,PLD3_only_no_mCherry,8,488nm Binned,0.0,0.0,1.0,1.0,1.0,,True,False,False,8,2,0.25,True,anchored_masked_phase_cross_correlation,G,16,"{'y_start': 427, 'y_stop': 2706, 'x_start': 0, 'x_stop': 2739}"
G16,PLD3_only_no_mCherry,12,488nm Binned,-143.0,-97.0,0.0029408280208639364,0.17423954722127863,0.9180043484688449,,True,False,False,8,2,0.25,True,anchored_masked_phase_cross_correlation,G,16,"{'y_start': 427, 'y_stop': 2706, 'x_start': 0, 'x_stop': 2739}"
G16,PLD3_only_no_mCherry,16,488nm Binned,-60.0,-30.0,0.0017199943996206275,0.15364365886778275,0.9688380805658164,,True,False,False,8,2,0.25,True,anchored_masked_phase_cross_correlation,G,16,"{'y_start': 427, 'y_stop': 2706, 'x_start': 0, 'x_stop': 2739}"
G16,PLD3_only_no_mCherry,20,488nm Binned,-141.0,-112.0,0.003308084807780864,0.11272761535510606,0.9137051172073318,,True,False,False,8,2,0.25,True,anchored_masked_phase_cross_correlation,G,16,"{'y_start': 427, 'y_stop': 2706, 'x_start': 0, 'x_stop': 2739}"
G16,PLD3_only_no_mCherry,25,488nm Binned,92.0,-3.0,0.008601282028173474,0.25848854341830635,0.9669094261888506,,True,False,True,20,2,0.25,True,anchored_masked_phase_cross_correlation,G,16,"{'y_start': 427, 'y_stop': 2706, 'x_start': 0, 'x_stop': 2739}"
G16,PLD3_only_no_mCherry,29,488nm Binned,54.0,-20.0,0.007859533027080756,0.21257394223996792,0.9743293476421397,,True,False,False,20,2,0.25,True,anchored_masked_phase_cross_correlation,G,16,"{'y_start': 427, 'y_stop': 2706, 'x_start': 0, 'x_stop': 2739}"
G16,PLD3_only_no_mCherry,32,488nm Binned,378.0,-126.0,-0.0033844977462984915,0.14423823363243285,0.8300581222317537,,True,False,False,20,2,0.25,True,anchored_masked_phase_cross_correlation,G,16,"{'y_start': 427, 'y_stop': 2706, 'x_start': 0, 'x_stop': 2739}"
G16,PLD3_only_no_mCherry,36,488nm Binned,-162.0,-139.0,0.005055690416182115,0.1485998343440984,0.8977864241405671,,True,False,False,20,2,0.25,True,anchored_masked_phase_cross_correlation,G,16,"{'y_start': 427, 'y_stop': 2706, 'x_start': 0, 'x_stop': 2739}"
G16,PLD3_only_no_mCherry,39,488nm Binned,620.0,-44.0,0.0020366906864339404,0.1743654630364792,0.7717963232047369,,True,True,True,36,2,0.25,True,anchored_masked_phase_cross_correlation,G,16,"{'y_start': 427, 'y_stop': 2706, 'x_start': 0, 'x_stop': 2739}"
G17,PLD3_only_no_mCherry,8,488nm Binned,0.0,0.0,1.0,1.0,1.0,,True,False,False,8,2,0.25,True,anchored_masked_phase_cross_correlation,G,17,"{'y_start': 409, 'y_stop': 2691, 'x_start': 0, 'x_stop': 2742}"
G17,PLD3_only_no_mCherry,12,488nm Binned,-154.0,-98.0,0.0044160538649247304,0.15784418531713448,0.9139686902462414,,True,False,False,8,2,0.25,True,anchored_masked_phase_cross_correlation,G,17,"{'y_start': 409, 'y_stop': 2691, 'x_start': 0, 'x_stop': 2742}"
G17,PLD3_only_no_mCherry,16,488nm Binned,-66.0,-29.0,0.010012051442171446,0.14595135092760575,0.967108564859392,,True,False,False,8,2,0.25,True,anchored_masked_phase_cross_correlation,G,17,"{'y_start': 409, 'y_stop': 2691, 'x_start': 0, 'x_stop': 2742}"
G17,PLD3_only_no_mCherry,20,488nm Binned,-156.0,-109.0,0.00470461827905528,0.11179544328437385,0.9096683648162088,,True,False,False,8,2,0.25,True,anchored_masked_phase_cross_correlation,G,17,"{'y_start': 409, 'y_stop': 2691, 'x_start': 0, 'x_stop': 2742}"
G17,PLD3_only_no_mCherry,25,488nm Binned,91.0,0.0,0.0024997256871291205,0.27743254153613217,0.9682705718270572,,True,False,True,20,2,0.25,True,anchored_masked_phase_cross_correlation,G,17,"{'y_start': 409, 'y_stop': 2691, 'x_start': 0, 'x_stop': 2742}"
G17,PLD3_only_no_mCherry,29,488nm Binned,50.0,-17.0,0.010334541143395146,0.2609408558466113,0.9767421108018262,,True,False,False,20,2,0.25,True,anchored_masked_phase_cross_correlation,G,17,"{'y_start': 409, 'y_stop': 2691, 'x_start': 0, 'x_stop': 2742}"
G17,PLD3_only_no_mCherry,32,488nm Binned,362.0,-123.0,0.003490657519538724,0.19851053055600487,0.8363058244778628,,True,False,False,20,2,0.25,True,anchored_masked_phase_cross_correlation,G,17,"{'y_start': 409, 'y_stop': 2691, 'x_start': 0, 'x_stop': 2742}"
G17,PLD3_only_no_mCherry,36,488nm Binned,-177.0,-137.0,-0.004554137685040715,0.17113479239793583,0.8934640937658654,,True,False,False,20,2,0.25,True,anchored_masked_phase_cross_correlation,G,17,"{'y_start': 409, 'y_stop': 2691, 'x_start': 0, 'x_stop': 2742}"
G17,PLD3_only_no_mCherry,39,488nm Binned,592.0,-42.0,-0.0012204182250003305,0.1918207207077205,0.7819628507904274,,True,True,True,36,2,0.25,True,anchored_masked_phase_cross_correlation,G,17,"{'y_start': 409, 'y_stop': 2691, 'x_start': 0, 'x_stop': 2742}"
G18,PLD3_only_no_mCherry,8,488nm Binned,0.0,0.0,1.0,1.0,1.0,,True,False,False,8,2,0.25,True,anchored_masked_phase_cross_correlation,G,18,"{'y_start': 400, 'y_stop': 2685, 'x_start': 0, 'x_stop': 2741}"
G18,PLD3_only_no_mCherry,12,488nm Binned,-162.0,-99.0,0.002368833396328406,0.188134141931938,0.910945624201257,,True,False,False,8,2,0.25,True,anchored_masked_phase_cross_correlation,G,18,"{'y_start': 400, 'y_stop': 2685, 'x_start': 0, 'x_stop': 2741}"
G18,PLD3_only_no_mCherry,16,488nm Binned,-67.0,-31.0,-0.0009044400052103664,0.16181334767910768,0.9660823563624198,,True,False,False,8,2,0.25,True,anchored_masked_phase_cross_correlation,G,18,"{'y_start': 400, 'y_stop': 2685, 'x_start': 0, 'x_stop': 2741}"
G18,PLD3_only_no_mCherry,20,488nm Binned,-167.0,-110.0,0.0036295479953537646,0.12959289510247027,0.9056503348641967,,True,False,False,8,2,0.25,True,anchored_masked_phase_cross_correlation,G,18,"{'y_start': 400, 'y_stop': 2685, 'x_start': 0, 'x_stop': 2741}"
G18,PLD3_only_no_mCherry,25,488nm Binned,94.0,-2.0,0.004967543075609535,0.2651177045556862,0.9665500526173484,,True,False,True,20,2,0.25,True,anchored_masked_phase_cross_correlation,G,18,"{'y_start': 400, 'y_stop': 2685, 'x_start': 0, 'x_stop': 2741}"
G18,PLD3_only_no_mCherry,29,488nm Binned,53.0,-15.0,0.0024080480721083873,0.2228321459268364,0.976386749181562,,True,False,False,20,2,0.25,True,anchored_masked_phase_cross_correlation,G,18,"{'y_start': 400, 'y_stop': 2685, 'x_start': 0, 'x_stop': 2741}"
G18,PLD3_only_no_mCherry,32,488nm Binned,356.0,-123.0,0.008299315437889978,0.14388464753302457,0.8383081528684722,,True,False,False,20,2,0.25,True,anchored_masked_phase_cross_correlation,G,18,"{'y_start': 400, 'y_stop': 2685, 'x_start': 0, 'x_stop': 2741}"
G18,PLD3_only_no_mCherry,36,488nm Binned,-183.0,-139.0,0.0011554426962170148,0.13508389259092612,0.890819123731494,,True,False,False,20,2,0.25,True,anchored_masked_phase_cross_correlation,G,18,"{'y_start': 400, 'y_stop': 2685, 'x_start': 0, 'x_stop': 2741}"
G18,PLD3_only_no_mCherry,39,488nm Binned,572.0,-45.0,-0.0006149460443150484,0.20210732976762896,0.7879968254524022,,True,True,True,36,2,0.25,True,anchored_masked_phase_cross_correlation,G,18,"{'y_start': 400, 'y_stop': 2685, 'x_start': 0, 'x_stop': 2741}"
G19,PLD3_only_no_mCherry,8,488nm Binned,0.0,0.0,1.0,1.0,1.0,,True,False,False,8,2,0.25,True,anchored_masked_phase_cross_correlation,G,19,"{'y_start': 387, 'y_stop': 2675, 'x_start': 1, 'x_stop': 2742}"
G19,PLD3_only_no_mCherry,12,488nm Binned,-172.0,-98.0,0.0005539881441246667,0.16529252655340823,0.9079069966484402,,True,False,False,8,2,0.25,True,anchored_masked_phase_cross_correlation,G,19,"{'y_start': 387, 'y_stop': 2675, 'x_start': 1, 'x_stop': 2742}"
G19,PLD3_only_no_mCherry,16,488nm Binned,-73.0,-29.0,0.0035048987324383042,0.16252814052801756,0.9646925191941473,,True,False,False,8,2,0.25,True,anchored_masked_phase_cross_correlation,G,19,"{'y_start': 387, 'y_stop': 2675, 'x_start': 1, 'x_stop': 2742}"
G19,PLD3_only_no_mCherry,20,488nm Binned,-179.0,-109.0,0.0027059313662177492,0.12204846603018785,0.9019536257340655,,True,False,False,8,2,0.25,True,anchored_masked_phase_cross_correlation,G,19,"{'y_start': 387, 'y_stop': 2675, 'x_start': 1, 'x_stop': 2742}"
G19,PLD3_only_no_mCherry,25,488nm Binned,96.0,1.0,0.002579292136053068,0.26696641583336284,0.9661901927487264,,True,False,True,20,2,0.25,True,anchored_masked_phase_cross_correlation,G,19,"{'y_start': 387, 'y_stop': 2675, 'x_start': 1, 'x_stop': 2742}"
G19,PLD3_only_no_mCherry,29,488nm Binned,55.0,-16.0,0.013237660626077669,0.2010018379812604,0.9753510578907543,,True,False,False,20,2,0.25,True,anchored_masked_phase_cross_correlation,G,19,"{'y_start': 387, 'y_stop': 2675, 'x_start': 1, 'x_stop': 2742}"
G19,PLD3_only_no_mCherry,32,488nm Binned,345.0,-123.0,7.186552337442155e-05,0.1529802041108917,0.8419790882512561,,True,False,False,20,2,0.25,True,anchored_masked_phase_cross_correlation,G,19,"{'y_start': 387, 'y_stop': 2675, 'x_start': 1, 'x_stop': 2742}"
G19,PLD3_only_no_mCherry,36,488nm Binned,-193.0,-138.0,0.000770746794508599,0.1383404713014407,0.8878265728307745,,True,False,False,20,2,0.25,True,anchored_masked_phase_cross_correlation,G,19,"{'y_start': 387, 'y_stop': 2675, 'x_start': 1, 'x_stop': 2742}"
G19,PLD3_only_no_mCherry,39,488nm Binned,550.0,-44.0,0.0003896747007135801,0.20135080000798936,0.7958291268632474,,True,True,True,36,2,0.25,True,anchored_masked_phase_cross_correlation,G,19,"{'y_start': 387, 'y_stop': 2675, 'x_start': 1, 'x_stop': 2742}"
G20,PLD3_only_no_mCherry,8,488nm Binned,0.0,0.0,1.0,1.0,1.0,,True,False,False,8,2,0.25,True,anchored_masked_phase_cross_correlation,G,20,"{'y_start': 368, 'y_stop': 2657, 'x_start': 0, 'x_stop': 2742}"
G20,PLD3_only_no_mCherry,12,488nm Binned,-180.0,-101.0,0.010663908569025651,0.1566547706847891,0.904232535611538,,True,False,False,8,2,0.25,True,anchored_masked_phase_cross_correlation,G,20,"{'y_start': 368, 'y_stop': 2657, 'x_start': 0, 'x_stop': 2742}"
G20,PLD3_only_no_mCherry,16,488nm Binned,-77.0,-31.0,0.01015816156120881,0.13598262342001954,0.9626332940405261,,True,False,False,8,2,0.25,True,anchored_masked_phase_cross_correlation,G,20,"{'y_start': 368, 'y_stop': 2657, 'x_start': 0, 'x_stop': 2742}"
G20,PLD3_only_no_mCherry,20,488nm Binned,-192.0,-109.0,0.009597368364454947,0.10536451781944632,0.8975931210354627,,True,False,False,8,2,0.25,True,anchored_masked_phase_cross_correlation,G,20,"{'y_start': 368, 'y_stop': 2657, 'x_start': 0, 'x_stop': 2742}"
G20,PLD3_only_no_mCherry,25,488nm Binned,94.0,0.0,0.010155038951046283,0.24956511731920153,0.9672245467224547,,True,False,True,20,2,0.25,True,anchored_masked_phase_cross_correlation,G,20,"{'y_start': 368, 'y_stop': 2657, 'x_start': 0, 'x_stop': 2742}"
G20,PLD3_only_no_mCherry,29,488nm Binned,50.0,-16.0,0.0031615002535713413,0.21818600859825685,0.9770847071226967,,True,False,False,20,2,0.25,True,anchored_masked_phase_cross_correlation,G,20,"{'y_start': 368, 'y_stop': 2657, 'x_start': 0, 'x_stop': 2742}"
G20,PLD3_only_no_mCherry,32,488nm Binned,330.0,-123.0,0.0054111220589031,0.1550441349466773,0.8469849092277796,,True,False,False,20,2,0.25,True,anchored_masked_phase_cross_correlation,G,20,"{'y_start': 368, 'y_stop': 2657, 'x_start': 0, 'x_stop': 2742}"
G20,PLD3_only_no_mCherry,36,488nm Binned,-211.0,-136.0,0.0012801417898641004,0.14234867666346862,0.8824984584381304,,True,False,False,20,2,0.25,True,anchored_masked_phase_cross_correlation,G,20,"{'y_start': 368, 'y_stop': 2657, 'x_start': 0, 'x_stop': 2742}"
G20,PLD3_only_no_mCherry,39,488nm Binned,519.0,-44.0,-0.002423674597175022,0.2068442424133866,0.806472225626302,,True,True,True,36,2,0.25,True,anchored_masked_phase_cross_correlation,G,20,"{'y_start': 368, 'y_stop': 2657, 'x_start': 0, 'x_stop': 2742}"
H05,PLD3_TMEM106B_no_mCherry,8,488nm Binned,0.0,0.0,1.0,1.0,1.0,,True,False,False,8,2,0.25,True,anchored_masked_phase_cross_correlation,H,05,"{'y_start': 583, 'y_stop': 2823, 'x_start': 0, 'x_stop': 2755}"
H05,PLD3_TMEM106B_no_mCherry,12,488nm Binned,-41.0,-83.0,0.008547263655621851,0.1739079292751738,0.9571780129510649,,True,False,False,8,2,0.25,True,anchored_masked_phase_cross_correlation,H,05,"{'y_start': 583, 'y_stop': 2823, 'x_start': 0, 'x_stop': 2755}"
H05,PLD3_TMEM106B_no_mCherry,16,488nm Binned,-29.0,-25.0,0.01158874513133807,0.14151363029069236,0.9812596894701112,,True,False,False,8,2,0.25,True,anchored_masked_phase_cross_correlation,H,05,"{'y_start': 583, 'y_stop': 2823, 'x_start': 0, 'x_stop': 2755}"
H05,PLD3_TMEM106B_no_mCherry,20,488nm Binned,-10.0,-94.0,0.00420969757448488,0.11430807069052547,0.9638520761969231,,True,False,False,8,2,0.25,True,anchored_masked_phase_cross_correlation,H,05,"{'y_start': 583, 'y_stop': 2823, 'x_start': 0, 'x_stop': 2755}"
H05,PLD3_TMEM106B_no_mCherry,25,488nm Binned,75.0,-1.0,0.013988231945030054,0.3115350750915228,0.9735098154210652,,True,False,True,20,2,0.25,True,anchored_masked_phase_cross_correlation,H,05,"{'y_start': 583, 'y_stop': 2823, 'x_start': 0, 'x_stop': 2755}"
H05,PLD3_TMEM106B_no_mCherry,29,488nm Binned,54.0,-19.0,0.006926977644458963,0.25838822629710295,0.9746714576658906,,True,False,False,20,2,0.25,True,anchored_masked_phase_cross_correlation,H,05,"{'y_start': 583, 'y_stop': 2823, 'x_start': 0, 'x_stop': 2755}"
H05,PLD3_TMEM106B_no_mCherry,32,488nm Binned,507.0,-109.0,0.007613640052737605,0.16152038285089484,0.7919347379539341,,True,True,False,20,2,0.25,True,anchored_masked_phase_cross_correlation,H,05,"{'y_start': 583, 'y_stop': 2823, 'x_start': 0, 'x_stop': 2755}"
H05,PLD3_TMEM106B_no_mCherry,36,488nm Binned,-45.0,-129.0,0.0026327105234134796,0.12272989488306434,0.9400362826281052,,True,False,False,20,2,0.25,True,anchored_masked_phase_cross_correlation,H,05,"{'y_start': 583, 'y_stop': 2823, 'x_start': 0, 'x_stop': 2755}"
H05,PLD3_TMEM106B_no_mCherry,39,488nm Binned,885.0,-13.0,-0.0034762011224525207,0.21893378790509163,0.6882885307796899,,True,True,True,36,2,0.25,True,anchored_masked_phase_cross_correlation,H,05,"{'y_start': 583, 'y_stop': 2823, 'x_start': 0, 'x_stop': 2755}"
H06,PLD3_TMEM106B_no_mCherry,8,488nm Binned,0.0,0.0,1.0,1.0,1.0,,True,False,False,8,1,0.125,True,anchored_masked_phase_cross_correlation,H,06,"{'y_start': 569, 'y_stop': 2813, 'x_start': 1, 'x_stop': 2756}"
H06,PLD3_TMEM106B_no_mCherry,12,488nm Binned,-51.0,-87.0,-0.0001583133017654285,0.16675622408722318,0.9524222702683777,,True,False,False,8,1,0.125,True,anchored_masked_phase_cross_correlation,H,06,"{'y_start': 569, 'y_stop': 2813, 'x_start': 1, 'x_stop': 2756}"
H06,PLD3_TMEM106B_no_mCherry,16,488nm Binned,-33.0,-27.0,0.010404408675519299,0.15717185652205115,0.9791878205913762,,True,False,False,8,1,0.125,True,anchored_masked_phase_cross_correlation,H,06,"{'y_start': 569, 'y_stop': 2813, 'x_start': 1, 'x_stop': 2756}"
H06,PLD3_TMEM106B_no_mCherry,20,488nm Binned,-22.0,-95.0,0.000627433229223981,0.1297690983256308,0.9594591111655764,,True,False,False,8,1,0.125,True,anchored_masked_phase_cross_correlation,H,06,"{'y_start': 569, 'y_stop': 2813, 'x_start': 1, 'x_stop': 2756}"
H06,PLD3_TMEM106B_no_mCherry,25,488nm Binned,75.0,1.0,0.009415395772518726,0.11007776902194498,0.9735098154210652,,True,False,False,8,1,0.125,True,anchored_masked_phase_cross_correlation,H,06,"{'y_start': 569, 'y_stop': 2813, 'x_start': 1, 'x_stop': 2756}"
H06,PLD3_TMEM106B_no_mCherry,29,488nm Binned,54.0,-17.0,0.007062764615164939,0.10074515717430407,0.975355677713392,,True,False,False,8,1,0.125,True,anchored_masked_phase_cross_correlation,H,06,"{'y_start': 569, 'y_stop': 2813, 'x_start': 1, 'x_stop': 2756}"
H06,PLD3_TMEM106B_no_mCherry,32,488nm Binned,496.0,-108.0,0.004231146944392121,0.32073790884380204,0.795912769967846,,True,False,True,29,1,0.125,True,anchored_masked_phase_cross_correlation,H,06,"{'y_start': 569, 'y_stop': 2813, 'x_start': 1, 'x_stop': 2756}"
H06,PLD3_TMEM106B_no_mCherry,36,488nm Binned,-55.0,-127.0,0.00830373320479918,0.24624345368033287,0.9373903399994943,,True,False,False,29,1,0.125,True,anchored_masked_phase_cross_correlation,H,06,"{'y_start': 569, 'y_stop': 2813, 'x_start': 1, 'x_stop': 2756}"
H06,PLD3_TMEM106B_no_mCherry,39,488nm Binned,860.0,-11.0,0.004127064788240964,0.13897406043434102,0.6974541373186355,,True,True,False,29,1,0.125,True,anchored_masked_phase_cross_correlation,H,06,"{'y_start': 569, 'y_stop': 2813, 'x_start': 1, 'x_stop': 2756}"
H07,PLD3_TMEM106B_no_mCherry,8,488nm Binned,0.0,0.0,1.0,1.0,1.0,,True,False,False,8,2,0.25,True,anchored_masked_phase_cross_correlation,H,07,"{'y_start': 555, 'y_stop': 2802, 'x_start': 0, 'x_stop': 2751}"
H07,PLD3_TMEM106B_no_mCherry,12,488nm Binned,-59.0,-86.0,0.0010110550472187574,0.17484338761399626,0.9500589878406268,,True,False,False,8,2,0.25,True,anchored_masked_phase_cross_correlation,H,07,"{'y_start': 555, 'y_stop': 2802, 'x_start': 0, 'x_stop': 2751}"
H07,PLD3_TMEM106B_no_mCherry,16,488nm Binned,-35.0,-26.0,0.01404001352916225,0.1429824538091503,0.9788414554678275,,True,False,False,8,2,0.25,True,anchored_masked_phase_cross_correlation,H,07,"{'y_start': 555, 'y_stop': 2802, 'x_start': 0, 'x_stop': 2751}"
H07,PLD3_TMEM106B_no_mCherry,20,488nm Binned,-34.0,-97.0,-0.0006911364242888196,0.1211877913531136,0.9547245224075986,,True,False,False,8,2,0.25,True,anchored_masked_phase_cross_correlation,H,07,"{'y_start': 555, 'y_stop': 2802, 'x_start': 0, 'x_stop': 2751}"
H07,PLD3_TMEM106B_no_mCherry,25,488nm Binned,79.0,-3.0,0.017745343194275606,0.28868875683358425,0.9714374602452105,,True,False,True,20,2,0.25,True,anchored_masked_phase_cross_correlation,H,07,"{'y_start': 555, 'y_stop': 2802, 'x_start': 0, 'x_stop': 2751}"
H07,PLD3_TMEM106B_no_mCherry,29,488nm Binned,55.0,-20.0,0.014050964290495876,0.23973318658783851,0.973983104092871,,True,False,False,20,2,0.25,True,anchored_masked_phase_cross_correlation,H,07,"{'y_start': 555, 'y_stop': 2802, 'x_start': 0, 'x_stop': 2751}"
H07,PLD3_TMEM106B_no_mCherry,32,488nm Binned,484.0,-113.0,-0.0006098611032646719,0.14500972733903483,0.798490144702571,,True,False,False,20,2,0.25,True,anchored_masked_phase_cross_correlation,H,07,"{'y_start': 555, 'y_stop': 2802, 'x_start': 0, 'x_stop': 2751}"
H07,PLD3_TMEM106B_no_mCherry,36,488nm Binned,-66.0,-129.0,-0.0016523749952526553,0.14117304012574763,0.9330434516202447,,True,False,False,20,2,0.25,True,anchored_masked_phase_cross_correlation,H,07,"{'y_start': 555, 'y_stop': 2802, 'x_start': 0, 'x_stop': 2751}"
H07,PLD3_TMEM106B_no_mCherry,39,488nm Binned,838.0,-15.0,0.00045975308121893845,0.17636421693056065,0.7041083839568635,,True,True,True,36,2,0.25,True,anchored_masked_phase_cross_correlation,H,07,"{'y_start': 555, 'y_stop': 2802, 'x_start': 0, 'x_stop': 2751}"
H08,PLD3_TMEM106B_no_mCherry,8,488nm Binned,0.0,0.0,1.0,1.0,1.0,,True,False,False,8,2,0.25,True,anchored_masked_phase_cross_correlation,H,08,"{'y_start': 543, 'y_stop': 2794, 'x_start': 0, 'x_stop': 2756}"
H08,PLD3_TMEM106B_no_mCherry,12,488nm Binned,-69.0,-85.0,0.008564063959911692,0.19280642949757862,0.9470170777822517,,True,False,False,8,2,0.25,True,anchored_masked_phase_cross_correlation,H,08,"{'y_start': 543, 'y_stop': 2794, 'x_start': 0, 'x_stop': 2756}"
H08,PLD3_TMEM106B_no_mCherry,16,488nm Binned,-39.0,-25.0,0.0116601378763418,0.14139513279336707,0.9778033326914212,,True,False,False,8,2,0.25,True,anchored_masked_phase_cross_correlation,H,08,"{'y_start': 543, 'y_stop': 2794, 'x_start': 0, 'x_stop': 2756}"
H08,PLD3_TMEM106B_no_mCherry,20,488nm Binned,-44.0,-94.0,-0.004493194775107152,0.1311553682549805,0.9523856764101157,,True,False,False,8,2,0.25,True,anchored_masked_phase_cross_correlation,H,08,"{'y_start': 543, 'y_stop': 2794, 'x_start': 0, 'x_stop': 2756}"
H08,PLD3_TMEM106B_no_mCherry,25,488nm Binned,81.0,-1.0,0.0013035138038091226,0.3133423145489889,0.9714184946575398,,True,False,True,20,2,0.25,True,anchored_masked_phase_cross_correlation,H,08,"{'y_start': 543, 'y_stop': 2794, 'x_start': 0, 'x_stop': 2756}"
H08,PLD3_TMEM106B_no_mCherry,29,488nm Binned,56.0,-17.0,0.012256266107052936,0.23223123505469015,0.974662461169175,,True,False,False,20,2,0.25,True,anchored_masked_phase_cross_correlation,H,08,"{'y_start': 543, 'y_stop': 2794, 'x_start': 0, 'x_stop': 2756}"
H08,PLD3_TMEM106B_no_mCherry,32,488nm Binned,474.0,-108.0,0.003083926231744925,0.15493099142015307,0.803294760245794,,True,False,False,20,2,0.25,True,anchored_masked_phase_cross_correlation,H,08,"{'y_start': 543, 'y_stop': 2794, 'x_start': 0, 'x_stop': 2756}"
H08,PLD3_TMEM106B_no_mCherry,36,488nm Binned,-74.0,-126.0,0.001020716094676319,0.14016496289125202,0.9313985516126585,,True,False,False,20,2,0.25,True,anchored_masked_phase_cross_correlation,H,08,"{'y_start': 543, 'y_stop': 2794, 'x_start': 0, 'x_stop': 2756}"
H08,PLD3_TMEM106B_no_mCherry,39,488nm Binned,816.0,-15.0,-0.0025954286945137866,0.19511330093704607,0.7117391152115684,,True,True,True,36,2,0.25,True,anchored_masked_phase_cross_correlation,H,08,"{'y_start': 543, 'y_stop': 2794, 'x_start': 0, 'x_stop': 2756}"
H09,PLD3_TMEM106B_no_mCherry,8,488nm Binned,0.0,0.0,1.0,1.0,1.0,,True,False,False,8,2,0.25,True,anchored_masked_phase_cross_correlation,H,09,"{'y_start': 525, 'y_stop': 2780, 'x_start': 0, 'x_stop': 2755}"
H09,PLD3_TMEM106B_no_mCherry,12,488nm Binned,-77.0,-86.0,-0.0009350104032917478,0.1802671029780712,0.9439710341983587,,True,False,False,8,2,0.25,True,anchored_masked_phase_cross_correlation,H,09,"{'y_start': 525, 'y_stop': 2780, 'x_start': 0, 'x_stop': 2755}"
H09,PLD3_TMEM106B_no_mCherry,16,488nm Binned,-41.0,-26.0,0.01527563497020796,0.16175922332099155,0.9767683708462932,,True,False,False,8,2,0.25,True,anchored_masked_phase_cross_correlation,H,09,"{'y_start': 525, 'y_stop': 2780, 'x_start': 0, 'x_stop': 2755}"
H09,PLD3_TMEM106B_no_mCherry,20,488nm Binned,-58.0,-94.0,0.003318885720558173,0.13322760541217482,0.9476642176743716,,True,False,False,8,2,0.25,True,anchored_masked_phase_cross_correlation,H,09,"{'y_start': 525, 'y_stop': 2780, 'x_start': 0, 'x_stop': 2755}"
H09,PLD3_TMEM106B_no_mCherry,25,488nm Binned,82.0,-1.0,0.001198655854893499,0.27253858497141836,0.9710699411969522,,True,False,True,20,2,0.25,True,anchored_masked_phase_cross_correlation,H,09,"{'y_start': 525, 'y_stop': 2780, 'x_start': 0, 'x_stop': 2755}"
H09,PLD3_TMEM106B_no_mCherry,29,488nm Binned,55.0,-17.0,0.005109345991936972,0.2408036156551012,0.9750090694412835,,True,False,False,20,2,0.25,True,anchored_masked_phase_cross_correlation,H,09,"{'y_start': 525, 'y_stop': 2780, 'x_start': 0, 'x_stop': 2755}"
H09,PLD3_TMEM106B_no_mCherry,32,488nm Binned,459.0,-109.0,-0.000416244473173351,0.17005602624867303,0.8080350629949289,,True,False,False,20,2,0.25,True,anchored_masked_phase_cross_correlation,H,09,"{'y_start': 525, 'y_stop': 2780, 'x_start': 0, 'x_stop': 2755}"
H09,PLD3_TMEM106B_no_mCherry,36,488nm Binned,-88.0,-126.0,0.0005668016195234832,0.13856685338767105,0.9267315581543274,,True,False,False,20,2,0.25,True,anchored_masked_phase_cross_correlation,H,09,"{'y_start': 525, 'y_stop': 2780, 'x_start': 0, 'x_stop': 2755}"
H09,PLD3_TMEM106B_no_mCherry,39,488nm Binned,788.0,-12.0,0.005242752268444757,0.2284243458145816,0.7222095784971084,,True,True,True,36,2,0.25,True,anchored_masked_phase_cross_correlation,H,09,"{'y_start': 525, 'y_stop': 2780, 'x_start': 0, 'x_stop': 2755}"
H10,PLD3_TMEM106B_no_mCherry,8,488nm Binned,0.0,0.0,1.0,1.0,1.0,,True,False,False,8,2,0.25,True,anchored_masked_phase_cross_correlation,H,10,"{'y_start': 510, 'y_stop': 2768, 'x_start': 2, 'x_stop': 2758}"
H10,PLD3_TMEM106B_no_mCherry,12,488nm Binned,-87.0,-87.0,0.007470643670632362,0.18529206641139687,0.9402507396579192,,True,False,False,8,2,0.25,True,anchored_masked_phase_cross_correlation,H,10,"{'y_start': 510, 'y_stop': 2768, 'x_start': 2, 'x_stop': 2758}"
H10,PLD3_TMEM106B_no_mCherry,16,488nm Binned,-45.0,-24.0,0.003513664453974048,0.14022857208193282,0.9760727228164773,,True,False,False,8,2,0.25,True,anchored_masked_phase_cross_correlation,H,10,"{'y_start': 510, 'y_stop': 2768, 'x_start': 2, 'x_stop': 2758}"
H10,PLD3_TMEM106B_no_mCherry,20,488nm Binned,-71.0,-93.0,0.009740037781164288,0.11019553638355682,0.9436200492521722,,True,False,False,8,2,0.25,True,anchored_masked_phase_cross_correlation,H,10,"{'y_start': 510, 'y_stop': 2768, 'x_start': 2, 'x_stop': 2758}"
H10,PLD3_TMEM106B_no_mCherry,25,488nm Binned,82.0,2.0,0.004421132759215053,0.2996246747020424,0.9707312352530398,,True,False,True,20,2,0.25,True,anchored_masked_phase_cross_correlation,H,10,"{'y_start': 510, 'y_stop': 2768, 'x_start': 2, 'x_stop': 2758}"
H10,PLD3_TMEM106B_no_mCherry,29,488nm Binned,54.0,-14.0,0.010034650529991862,0.2513019918023417,0.9763820077846443,,True,False,False,20,2,0.25,True,anchored_masked_phase_cross_correlation,H,10,"{'y_start': 510, 'y_stop': 2768, 'x_start': 2, 'x_stop': 2758}"
H10,PLD3_TMEM106B_no_mCherry,32,488nm Binned,446.0,-106.0,0.0006617749650428056,0.19953554245358493,0.8132789264115746,,True,False,False,20,2,0.25,True,anchored_masked_phase_cross_correlation,H,10,"{'y_start': 510, 'y_stop': 2768, 'x_start': 2, 'x_stop': 2758}"
H10,PLD3_TMEM106B_no_mCherry,36,488nm Binned,-100.0,-124.0,0.0062519103410796865,0.16612065416774008,0.9234043132609334,,True,False,False,20,2,0.25,True,anchored_masked_phase_cross_correlation,H,10,"{'y_start': 510, 'y_stop': 2768, 'x_start': 2, 'x_stop': 2758}"
H10,PLD3_TMEM106B_no_mCherry,39,488nm Binned,764.0,-13.0,0.006522587619603433,0.22551969358438706,0.7302869736563125,,True,True,True,36,2,0.25,True,anchored_masked_phase_cross_correlation,H,10,"{'y_start': 510, 'y_stop': 2768, 'x_start': 2, 'x_stop': 2758}"
H12,PLD3_TMEM106B_no_mCherry,8,488nm Binned,0.0,0.0,1.0,1.0,1.0,,True,False,False,8,2,0.25,True,anchored_masked_phase_cross_correlation,H,12,"{'y_start': 482, 'y_stop': 2747, 'x_start': 0, 'x_stop': 2749}"
H12,PLD3_TMEM106B_no_mCherry,12,488nm Binned,-107.0,-88.0,0.0010168804691597735,0.17980275634682805,0.9331531116207505,,True,False,False,8,2,0.25,True,anchored_masked_phase_cross_correlation,H,12,"{'y_start': 482, 'y_stop': 2747, 'x_start': 0, 'x_stop': 2749}"
H12,PLD3_TMEM106B_no_mCherry,16,488nm Binned,-51.0,-27.0,0.010978758186322327,0.14229601322509236,0.9729707550638119,,True,False,False,8,2,0.25,True,anchored_masked_phase_cross_correlation,H,12,"{'y_start': 482, 'y_stop': 2747, 'x_start': 0, 'x_stop': 2749}"
H12,PLD3_TMEM106B_no_mCherry,20,488nm Binned,-94.0,-98.0,0.003506458698908322,0.11730455016671665,0.9341743355722453,,True,False,False,8,2,0.25,True,anchored_masked_phase_cross_correlation,H,12,"{'y_start': 482, 'y_stop': 2747, 'x_start': 0, 'x_stop': 2749}"
H12,PLD3_TMEM106B_no_mCherry,25,488nm Binned,86.0,-4.0,0.007458004708823486,0.2827532091849396,0.968661068414224,,True,False,True,20,2,0.25,True,anchored_masked_phase_cross_correlation,H,12,"{'y_start': 482, 'y_stop': 2747, 'x_start': 0, 'x_stop': 2749}"
H12,PLD3_TMEM106B_no_mCherry,29,488nm Binned,53.0,-20.0,0.009405810008434736,0.22481305806999854,0.9746755911914085,,True,False,False,20,2,0.25,True,anchored_masked_phase_cross_correlation,H,12,"{'y_start': 482, 'y_stop': 2747, 'x_start': 0, 'x_stop': 2749}"
H12,PLD3_TMEM106B_no_mCherry,32,488nm Binned,423.0,-116.0,-0.00020027284840740044,0.1467562528320055,0.8180295629745045,,True,False,False,20,2,0.25,True,anchored_masked_phase_cross_correlation,H,12,"{'y_start': 482, 'y_stop': 2747, 'x_start': 0, 'x_stop': 2749}"
H12,PLD3_TMEM106B_no_mCherry,36,488nm Binned,-121.0,-129.0,0.0018863597995859125,0.13954925410576885,0.9147288942187053,,True,False,False,20,2,0.25,True,anchored_masked_phase_cross_correlation,H,12,"{'y_start': 482, 'y_stop': 2747, 'x_start': 0, 'x_stop': 2749}"
H12,PLD3_TMEM106B_no_mCherry,39,488nm Binned,714.0,-20.0,0.0017759603953931918,0.18840752091052762,0.7458086051247935,,True,True,True,36,2,0.25,True,anchored_masked_phase_cross_correlation,H,12,"{'y_start': 482, 'y_stop': 2747, 'x_start': 0, 'x_stop': 2749}"
H11,PLD3_TMEM106B_no_mCherry,8,488nm Binned,0.0,0.0,1.0,1.0,1.0,,True,False,False,8,2,0.25,True,anchored_masked_phase_cross_correlation,H,11,"{'y_start': 497, 'y_stop': 2761, 'x_start': 0, 'x_stop': 2755}"
H11,PLD3_TMEM106B_no_mCherry,12,488nm Binned,-96.0,-86.0,0.0022640419700996764,0.17525857737875752,0.9375448609092978,,True,False,False,8,2,0.25,True,anchored_masked_phase_cross_correlation,H,11,"{'y_start': 497, 'y_stop': 2761, 'x_start': 0, 'x_stop': 2755}"
H11,PLD3_TMEM106B_no_mCherry,16,488nm Binned,-47.0,-24.0,0.004881757948391666,0.1496593483889405,0.9753812083121794,,True,False,False,8,2,0.25,True,anchored_masked_phase_cross_correlation,H,11,"{'y_start': 497, 'y_stop': 2761, 'x_start': 0, 'x_stop': 2755}"
H11,PLD3_TMEM106B_no_mCherry,20,488nm Binned,-82.0,-95.0,-0.004261250667086419,0.12221031889277245,0.9392315824691834,,True,False,False,8,2,0.25,True,anchored_masked_phase_cross_correlation,H,11,"{'y_start': 497, 'y_stop': 2761, 'x_start': 0, 'x_stop': 2755}"
H11,PLD3_TMEM106B_no_mCherry,25,488nm Binned,83.0,0.0,-0.0006570682690675007,0.2763574943472865,0.9710599721059973,,True,False,True,20,2,0.25,True,anchored_masked_phase_cross_correlation,H,11,"{'y_start': 497, 'y_stop': 2761, 'x_start': 0, 'x_stop': 2755}"
H11,PLD3_TMEM106B_no_mCherry,29,488nm Binned,55.0,-16.0,0.006678864549112647,0.2164435127893843,0.9753510578907543,,True,False,False,20,2,0.25,True,anchored_masked_phase_cross_correlation,H,11,"{'y_start': 497, 'y_stop': 2761, 'x_start': 0, 'x_stop': 2755}"
H11,PLD3_TMEM106B_no_mCherry,32,488nm Binned,435.0,-109.0,9.101143029652211e-05,0.15311045998506506,0.8160852255154263,,True,False,False,20,2,0.25,True,anchored_masked_phase_cross_correlation,H,11,"{'y_start': 497, 'y_stop': 2761, 'x_start': 0, 'x_stop': 2755}"
H11,PLD3_TMEM106B_no_mCherry,36,488nm Binned,-107.0,-128.0,-0.0009523546834998591,0.12804525684761842,0.9197264481441929,,True,False,False,20,2,0.25,True,anchored_masked_phase_cross_correlation,H,11,"{'y_start': 497, 'y_stop': 2761, 'x_start': 0, 'x_stop': 2755}"
H11,PLD3_TMEM106B_no_mCherry,39,488nm Binned,741.0,-18.0,0.002377200475787285,0.19017752063122245,0.7369772062814026,,True,True,True,36,2,0.25,True,anchored_masked_phase_cross_correlation,H,11,"{'y_start': 497, 'y_stop': 2761, 'x_start': 0, 'x_stop': 2755}"
H13,PLD3_TMEM106B_no_mCherry,8,488nm Binned,0.0,0.0,1.0,1.0,1.0,,True,False,False,8,2,0.25,True,anchored_masked_phase_cross_correlation,H,13,"{'y_start': 470, 'y_stop': 2737, 'x_start': 0, 'x_stop': 2752}"
H13,PLD3_TMEM106B_no_mCherry,12,488nm Binned,-116.0,-87.0,0.003348467465397755,0.17497787003880866,0.9304458955550498,,True,False,False,8,2,0.25,True,anchored_masked_phase_cross_correlation,H,13,"{'y_start': 470, 'y_stop': 2737, 'x_start': 0, 'x_stop': 2752}"
H13,PLD3_TMEM106B_no_mCherry,16,488nm Binned,-54.0,-27.0,-0.0006820622827696785,0.14632157396721412,0.9719345774758845,,True,False,False,8,2,0.25,True,anchored_masked_phase_cross_correlation,H,13,"{'y_start': 470, 'y_stop': 2737, 'x_start': 0, 'x_stop': 2752}"
H13,PLD3_TMEM106B_no_mCherry,20,488nm Binned,-106.0,-98.0,0.00044960444333187516,0.12764260501990457,0.9301332065070445,,True,False,False,8,2,0.25,True,anchored_masked_phase_cross_correlation,H,13,"{'y_start': 470, 'y_stop': 2737, 'x_start': 0, 'x_stop': 2752}"
H13,PLD3_TMEM106B_no_mCherry,25,488nm Binned,87.0,-3.0,0.006571579642559684,0.2911456188092756,0.968650977748989,,True,False,True,20,2,0.25,True,anchored_masked_phase_cross_correlation,H,13,"{'y_start': 470, 'y_stop': 2737, 'x_start': 0, 'x_stop': 2752}"
H13,PLD3_TMEM106B_no_mCherry,29,488nm Binned,55.0,-21.0,0.011139299356492783,0.24664980563379782,0.9736411156434003,,True,False,False,20,2,0.25,True,anchored_masked_phase_cross_correlation,H,13,"{'y_start': 470, 'y_stop': 2737, 'x_start': 0, 'x_stop': 2752}"
H13,PLD3_TMEM106B_no_mCherry,32,488nm Binned,414.0,-112.0,0.0009596024209506417,0.17581929514017292,0.8222340878719443,,True,False,False,20,2,0.25,True,anchored_masked_phase_cross_correlation,H,13,"{'y_start': 470, 'y_stop': 2737, 'x_start': 0, 'x_stop': 2752}"
H13,PLD3_TMEM106B_no_mCherry,36,488nm Binned,-131.0,-130.0,0.0035856614187162457,0.1521216199007778,0.9110662258869573,,True,False,False,20,2,0.25,True,anchored_masked_phase_cross_correlation,H,13,"{'y_start': 470, 'y_stop': 2737, 'x_start': 0, 'x_stop': 2752}"
H13,PLD3_TMEM106B_no_mCherry,39,488nm Binned,691.0,-20.0,0.0009057021699250861,0.2012884641479417,0.7537722067579739,,True,True,True,36,2,0.25,True,anchored_masked_phase_cross_correlation,H,13,"{'y_start': 470, 'y_stop': 2737, 'x_start': 0, 'x_stop': 2752}"
H14,PLD3_TMEM106B_no_mCherry,8,488nm Binned,0.0,0.0,1.0,1.0,1.0,,True,False,False,8,2,0.25,True,anchored_masked_phase_cross_correlation,H,14,"{'y_start': 457, 'y_stop': 2729, 'x_start': 0, 'x_stop': 2753}"
H14,PLD3_TMEM106B_no_mCherry,12,488nm Binned,-125.0,-88.0,0.011161754580546425,0.1936630603455793,0.9270695346525601,,True,False,False,8,2,0.25,True,anchored_masked_phase_cross_correlation,H,14,"{'y_start': 457, 'y_stop': 2729, 'x_start': 0, 'x_stop': 2753}"
H14,PLD3_TMEM106B_no_mCherry,16,488nm Binned,-56.0,-28.0,0.012018456679469089,0.15815801470912827,0.9709019255420754,,True,False,False,8,2,0.25,True,anchored_masked_phase_cross_correlation,H,14,"{'y_start': 457, 'y_stop': 2729, 'x_start': 0, 'x_stop': 2753}"
H14,PLD3_TMEM106B_no_mCherry,20,488nm Binned,-118.0,-97.0,0.0054040480960510584,0.1296548913512655,0.9264264067116783,,True,False,False,8,2,0.25,True,anchored_masked_phase_cross_correlation,H,14,"{'y_start': 457, 'y_stop': 2729, 'x_start': 0, 'x_stop': 2753}"
H14,PLD3_TMEM106B_no_mCherry,25,488nm Binned,89.0,-1.0,0.0035492010357040314,0.2995186094657219,0.9686300669728394,,True,False,True,20,2,0.25,True,anchored_masked_phase_cross_correlation,H,14,"{'y_start': 457, 'y_stop': 2729, 'x_start': 0, 'x_stop': 2753}"
H14,PLD3_TMEM106B_no_mCherry,29,488nm Binned,54.0,-18.0,0.003991957503056364,0.2298055308611829,0.9750135676896413,,True,False,False,20,2,0.25,True,anchored_masked_phase_cross_correlation,H,14,"{'y_start': 457, 'y_stop': 2729, 'x_start': 0, 'x_stop': 2753}"
H14,PLD3_TMEM106B_no_mCherry,32,488nm Binned,403.0,-112.0,0.013556681381510234,0.1364959586180572,0.825919733742601,,True,False,False,20,2,0.25,True,anchored_masked_phase_cross_correlation,H,14,"{'y_start': 457, 'y_stop': 2729, 'x_start': 0, 'x_stop': 2753}"
H14,PLD3_TMEM106B_no_mCherry,36,488nm Binned,-139.0,-127.0,0.0054246011292550704,0.13687202737694273,0.9093985914890224,,True,False,False,20,2,0.25,True,anchored_masked_phase_cross_correlation,H,14,"{'y_start': 457, 'y_stop': 2729, 'x_start': 0, 'x_stop': 2753}"
H14,PLD3_TMEM106B_no_mCherry,39,488nm Binned,671.0,-19.0,0.0030568629183386196,0.18954610810148784,0.7609641764363758,,True,True,True,36,2,0.25,True,anchored_masked_phase_cross_correlation,H,14,"{'y_start': 457, 'y_stop': 2729, 'x_start': 0, 'x_stop': 2753}"
H15,PLD3_TMEM106B_no_mCherry,8,488nm Binned,0.0,0.0,1.0,1.0,1.0,,True,False,False,8,2,0.25,True,anchored_masked_phase_cross_correlation,H,15,"{'y_start': 445, 'y_stop': 2719, 'x_start': 0, 'x_stop': 2752}"
H15,PLD3_TMEM106B_no_mCherry,12,488nm Binned,-134.0,-90.0,0.003321757066711422,0.19166049408282929,0.9233629780057538,,True,False,False,8,2,0.25,True,anchored_masked_phase_cross_correlation,H,15,"{'y_start': 445, 'y_stop': 2719, 'x_start': 0, 'x_stop': 2752}"
H15,PLD3_TMEM106B_no_mCherry,16,488nm Binned,-58.0,-28.0,0.008080704524793245,0.17151921885792534,0.970211383632017,,True,False,False,8,2,0.25,True,anchored_masked_phase_cross_correlation,H,15,"{'y_start': 445, 'y_stop': 2719, 'x_start': 0, 'x_stop': 2752}"
H15,PLD3_TMEM106B_no_mCherry,20,488nm Binned,-126.0,-100.0,0.0038713987365151157,0.1307175895397916,0.9227312780471864,,True,False,False,8,2,0.25,True,anchored_masked_phase_cross_correlation,H,15,"{'y_start': 445, 'y_stop': 2719, 'x_start': 0, 'x_stop': 2752}"
H15,PLD3_TMEM106B_no_mCherry,25,488nm Binned,93.0,-4.0,0.013662992944885011,0.1026995944332672,0.9662237472499898,,True,False,False,8,2,0.25,True,anchored_masked_phase_cross_correlation,H,15,"{'y_start': 445, 'y_stop': 2719, 'x_start': 0, 'x_stop': 2752}"
H15,PLD3_TMEM106B_no_mCherry,29,488nm Binned,56.0,-19.0,0.008205030833926758,0.2994122439319763,0.9739787274187932,,True,False,True,25,2,0.25,True,anchored_masked_phase_cross_correlation,H,15,"{'y_start': 445, 'y_stop': 2719, 'x_start': 0, 'x_stop': 2752}"
H15,PLD3_TMEM106B_no_mCherry,32,488nm Binned,393.0,-112.0,-0.00012002979493263609,0.18817473353195951,0.8292703208977434,,True,False,False,25,2,0.25,True,anchored_masked_phase_cross_correlation,H,15,"{'y_start': 445, 'y_stop': 2719, 'x_start': 0, 'x_stop': 2752}"
H15,PLD3_TMEM106B_no_mCherry,36,488nm Binned,-149.0,-129.0,0.0021985756924400284,0.1524420475363382,0.905405119541558,,True,False,False,25,2,0.25,True,anchored_masked_phase_cross_correlation,H,15,"{'y_start': 445, 'y_stop': 2719, 'x_start': 0, 'x_stop': 2752}"
H15,PLD3_TMEM106B_no_mCherry,39,488nm Binned,648.0,-20.0,0.00044414745862534586,0.204293792070162,0.7686606793765282,,True,True,True,36,2,0.25,True,anchored_masked_phase_cross_correlation,H,15,"{'y_start': 445, 'y_stop': 2719, 'x_start': 0, 'x_stop': 2752}"
H16,PLD3_TMEM106B_no_mCherry,8,488nm Binned,0.0,0.0,1.0,1.0,1.0,,True,False,False,8,2,0.25,True,anchored_masked_phase_cross_correlation,H,16,"{'y_start': 427, 'y_stop': 2709, 'x_start': 0, 'x_stop': 2748}"
H16,PLD3_TMEM106B_no_mCherry,12,488nm Binned,-144.0,-89.0,1.6943189854950622e-05,0.17207582268180602,0.9203168128475808,,True,False,False,8,2,0.25,True,anchored_masked_phase_cross_correlation,H,16,"{'y_start': 427, 'y_stop': 2709, 'x_start': 0, 'x_stop': 2748}"
H16,PLD3_TMEM106B_no_mCherry,16,488nm Binned,-64.0,-28.0,0.005423643711011893,0.14801040005170163,0.9681397579018419,,True,False,False,8,2,0.25,True,anchored_masked_phase_cross_correlation,H,16,"{'y_start': 427, 'y_stop': 2709, 'x_start': 0, 'x_stop': 2748}"
H16,PLD3_TMEM106B_no_mCherry,20,488nm Binned,-142.0,-97.0,0.0016856481315690943,0.1319204443521081,0.9183412307985582,,True,False,False,8,2,0.25,True,anchored_masked_phase_cross_correlation,H,16,"{'y_start': 427, 'y_stop': 2709, 'x_start': 0, 'x_stop': 2748}"
H16,PLD3_TMEM106B_no_mCherry,25,488nm Binned,93.0,-6.0,0.01226554410147505,0.1023809501325177,0.9655490099963236,,True,False,False,8,2,0.25,True,anchored_masked_phase_cross_correlation,H,16,"{'y_start': 427, 'y_stop': 2709, 'x_start': 0, 'x_stop': 2748}"
H16,PLD3_TMEM106B_no_mCherry,29,488nm Binned,54.0,-20.0,0.015030343383880809,0.3554781237111093,0.9743293476421397,,True,False,True,25,2,0.25,True,anchored_masked_phase_cross_correlation,H,16,"{'y_start': 427, 'y_stop': 2709, 'x_start': 0, 'x_stop': 2748}"
H16,PLD3_TMEM106B_no_mCherry,32,488nm Binned,378.0,-116.0,-0.0014627539886274657,0.18144603140467744,0.833085321802256,,True,False,False,25,2,0.25,True,anchored_masked_phase_cross_correlation,H,16,"{'y_start': 427, 'y_stop': 2709, 'x_start': 0, 'x_stop': 2748}"
H16,PLD3_TMEM106B_no_mCherry,36,488nm Binned,-159.0,-132.0,-0.006853815504534366,0.15080781474508212,0.9010871658409342,,True,False,False,25,2,0.25,True,anchored_masked_phase_cross_correlation,H,16,"{'y_start': 427, 'y_stop': 2709, 'x_start': 0, 'x_stop': 2748}"
H16,PLD3_TMEM106B_no_mCherry,39,488nm Binned,621.0,-22.0,0.000772064364750535,0.23142845785598518,0.7774629003927336,,True,True,True,36,2,0.25,True,anchored_masked_phase_cross_correlation,H,16,"{'y_start': 427, 'y_stop': 2709, 'x_start': 0, 'x_stop': 2748}"
H17,PLD3_TMEM106B_no_mCherry,8,488nm Binned,0.0,0.0,1.0,1.0,1.0,,True,False,False,8,1,0.125,True,anchored_masked_phase_cross_correlation,H,17,"{'y_start': 411, 'y_stop': 2695, 'x_start': 0, 'x_stop': 2754}"
H17,PLD3_TMEM106B_no_mCherry,12,488nm Binned,-154.0,-90.0,-0.00013426611951033922,0.19040148807614526,0.9166083110122956,,True,False,False,8,1,0.125,True,anchored_masked_phase_cross_correlation,H,17,"{'y_start': 411, 'y_stop': 2695, 'x_start': 0, 'x_stop': 2754}"
H17,PLD3_TMEM106B_no_mCherry,16,488nm Binned,-66.0,-27.0,0.004218774576286675,0.14782375092209094,0.967789867124175,,True,False,False,8,1,0.125,True,anchored_masked_phase_cross_correlation,H,17,"{'y_start': 411, 'y_stop': 2695, 'x_start': 0, 'x_stop': 2754}"
H17,PLD3_TMEM106B_no_mCherry,20,488nm Binned,-155.0,-98.0,0.003856668045488256,0.10698308034419642,0.913631929490808,,True,False,False,8,1,0.125,True,anchored_masked_phase_cross_correlation,H,17,"{'y_start': 411, 'y_stop': 2695, 'x_start': 0, 'x_stop': 2754}"
H17,PLD3_TMEM106B_no_mCherry,25,488nm Binned,93.0,-1.0,0.007429481329873181,0.11283037795804161,0.9672358531304891,,True,False,False,8,1,0.125,True,anchored_masked_phase_cross_correlation,H,17,"{'y_start': 411, 'y_stop': 2695, 'x_start': 0, 'x_stop': 2754}"
H17,PLD3_TMEM106B_no_mCherry,29,488nm Binned,53.0,-16.0,0.005717677457578604,0.2877604948718328,0.9760445175835313,,True,False,True,25,1,0.125,True,anchored_masked_phase_cross_correlation,H,17,"{'y_start': 411, 'y_stop': 2695, 'x_start': 0, 'x_stop': 2754}"
H17,PLD3_TMEM106B_no_mCherry,32,488nm Binned,364.0,-111.0,0.004950752831600936,0.1893072293777415,0.8392914456446258,,True,False,False,25,1,0.125,True,anchored_masked_phase_cross_correlation,H,17,"{'y_start': 411, 'y_stop': 2695, 'x_start': 0, 'x_stop': 2754}"
H17,PLD3_TMEM106B_no_mCherry,36,488nm Binned,-173.0,-124.0,0.003309742989958472,0.13987203916712404,0.8990515260976212,,True,False,False,25,1,0.125,True,anchored_masked_phase_cross_correlation,H,17,"{'y_start': 411, 'y_stop': 2695, 'x_start': 0, 'x_stop': 2754}"
H17,PLD3_TMEM106B_no_mCherry,39,488nm Binned,594.0,-17.0,0.0006035626243378416,0.10842713525152062,0.788187210774788,,True,True,False,25,1,0.125,True,anchored_masked_phase_cross_correlation,H,17,"{'y_start': 411, 'y_stop': 2695, 'x_start': 0, 'x_stop': 2754}"
H20,PLD3_TMEM106B_no_mCherry,8,488nm Binned,0.0,0.0,1.0,1.0,1.0,,True,False,False,8,1,0.125,True,anchored_masked_phase_cross_correlation,H,20,"{'y_start': 372, 'y_stop': 2662, 'x_start': 0, 'x_stop': 2751}"
H20,PLD3_TMEM106B_no_mCherry,12,488nm Binned,-183.0,-89.0,-0.0007034008221028931,0.1819009700057985,0.9071404708134194,,True,False,False,8,1,0.125,True,anchored_masked_phase_cross_correlation,H,20,"{'y_start': 372, 'y_stop': 2662, 'x_start': 0, 'x_stop': 2751}"
H20,PLD3_TMEM106B_no_mCherry,16,488nm Binned,-74.0,-28.0,0.002674248993419379,0.16131629201520312,0.9646870483515501,,True,False,False,8,1,0.125,True,anchored_masked_phase_cross_correlation,H,20,"{'y_start': 372, 'y_stop': 2662, 'x_start': 0, 'x_stop': 2751}"
H20,PLD3_TMEM106B_no_mCherry,20,488nm Binned,-189.0,-99.0,0.006007193066814058,0.12717495480592508,0.9018563663101136,,True,False,False,8,1,0.125,True,anchored_masked_phase_cross_correlation,H,20,"{'y_start': 372, 'y_stop': 2662, 'x_start': 0, 'x_stop': 2751}"
H20,PLD3_TMEM106B_no_mCherry,25,488nm Binned,98.0,-4.0,0.0005779560161285899,0.2598797766680551,0.964482803561251,,True,False,True,20,1,0.125,True,anchored_masked_phase_cross_correlation,H,20,"{'y_start': 372, 'y_stop': 2662, 'x_start': 0, 'x_stop': 2751}"
H20,PLD3_TMEM106B_no_mCherry,29,488nm Binned,56.0,-18.0,0.005725934011084839,0.2439886120439041,0.9743205942939841,,True,False,False,20,1,0.125,True,anchored_masked_phase_cross_correlation,H,20,"{'y_start': 372, 'y_stop': 2662, 'x_start': 0, 'x_stop': 2751}"
H20,PLD3_TMEM106B_no_mCherry,32,488nm Binned,333.0,-114.0,0.005987619704535231,0.16134710920894083,0.8487574622293027,,True,False,False,20,1,0.125,True,anchored_masked_phase_cross_correlation,H,20,"{'y_start': 372, 'y_stop': 2662, 'x_start': 0, 'x_stop': 2751}"
H20,PLD3_TMEM106B_no_mCherry,36,488nm Binned,-206.0,-128.0,0.0020466679143183028,0.16191700075030802,0.8867482089677079,,True,False,False,20,1,0.125,True,anchored_masked_phase_cross_correlation,H,20,"{'y_start': 372, 'y_stop': 2662, 'x_start': 0, 'x_stop': 2751}"
H20,PLD3_TMEM106B_no_mCherry,39,488nm Binned,527.0,-20.0,-0.002834536124911139,0.10505620508353121,0.8105561488380416,,True,True,False,20,1,0.125,True,anchored_masked_phase_cross_correlation,H,20,"{'y_start': 372, 'y_stop': 2662, 'x_start': 0, 'x_stop': 2751}"
H18,PLD3_TMEM106B_no_mCherry,8,488nm Binned,0.0,0.0,1.0,1.0,1.0,,True,False,False,8,2,0.25,True,anchored_masked_phase_cross_correlation,H,18,"{'y_start': 397, 'y_stop': 2683, 'x_start': 0, 'x_stop': 2750}"
H18,PLD3_TMEM106B_no_mCherry,12,488nm Binned,-164.0,-91.0,0.0074890755402661005,0.1665482149446664,0.912902240662609,,True,False,False,8,2,0.25,True,anchored_masked_phase_cross_correlation,H,18,"{'y_start': 397, 'y_stop': 2683, 'x_start': 0, 'x_stop': 2750}"
H18,PLD3_TMEM106B_no_mCherry,16,488nm Binned,-71.0,-32.0,0.008672095264690698,0.14261099734691376,0.9643626881726705,,True,False,False,8,2,0.25,True,anchored_masked_phase_cross_correlation,H,18,"{'y_start': 397, 'y_stop': 2683, 'x_start': 0, 'x_stop': 2750}"
H18,PLD3_TMEM106B_no_mCherry,20,488nm Binned,-168.0,-103.0,0.0016285045898469467,0.39103470439627247,0.9076127868909858,,True,False,True,16,2,0.25,True,anchored_masked_phase_cross_correlation,H,18,"{'y_start': 397, 'y_stop': 2683, 'x_start': 0, 'x_stop': 2750}"
H18,PLD3_TMEM106B_no_mCherry,25,488nm Binned,95.0,-8.0,0.001582381317923383,0.2351890999324692,0.9641788678614014,,True,False,False,16,2,0.25,True,anchored_masked_phase_cross_correlation,H,18,"{'y_start': 397, 'y_stop': 2683, 'x_start': 0, 'x_stop': 2750}"
H18,PLD3_TMEM106B_no_mCherry,29,488nm Binned,54.0,-22.0,0.016420970114106485,0.19346591233677107,0.9736451275946383,,True,False,False,16,2,0.25,True,anchored_masked_phase_cross_correlation,H,18,"{'y_start': 397, 'y_stop': 2683, 'x_start': 0, 'x_stop': 2750}"
H18,PLD3_TMEM106B_no_mCherry,32,488nm Binned,353.0,-114.0,0.0008087008199015892,0.14237044030432036,0.8420611508902155,,True,False,False,16,2,0.25,True,anchored_masked_phase_cross_correlation,H,18,"{'y_start': 397, 'y_stop': 2683, 'x_start': 0, 'x_stop': 2750}"
H18,PLD3_TMEM106B_no_mCherry,36,488nm Binned,-185.0,-132.0,0.0036905779739690105,0.12338427083889719,0.8924388578631326,,True,False,False,16,2,0.25,True,anchored_masked_phase_cross_correlation,H,18,"{'y_start': 397, 'y_stop': 2683, 'x_start': 0, 'x_stop': 2750}"
H18,PLD3_TMEM106B_no_mCherry,39,488nm Binned,570.0,-23.0,0.0015228907038151484,0.21475079128578817,0.7948295431335819,,True,True,True,36,2,0.25,True,anchored_masked_phase_cross_correlation,H,18,"{'y_start': 397, 'y_stop': 2683, 'x_start': 0, 'x_stop': 2750}"
H19,PLD3_TMEM106B_no_mCherry,8,488nm Binned,0.0,0.0,1.0,1.0,1.0,,True,False,False,8,2,0.25,True,anchored_masked_phase_cross_correlation,H,19,"{'y_start': 382, 'y_stop': 2671, 'x_start': 0, 'x_stop': 2751}"
H19,PLD3_TMEM106B_no_mCherry,12,488nm Binned,-174.0,-89.0,-0.00250639837833037,0.1634441888153756,0.9101811651289952,,True,False,False,8,2,0.25,True,anchored_masked_phase_cross_correlation,H,19,"{'y_start': 382, 'y_stop': 2671, 'x_start': 0, 'x_stop': 2751}"
H19,PLD3_TMEM106B_no_mCherry,16,488nm Binned,-74.0,-27.0,0.0015046609552682025,0.15278567203866866,0.9650267268897019,,True,False,False,8,2,0.25,True,anchored_masked_phase_cross_correlation,H,19,"{'y_start': 382, 'y_stop': 2671, 'x_start': 0, 'x_stop': 2751}"
H19,PLD3_TMEM106B_no_mCherry,20,488nm Binned,-181.0,-98.0,0.002659671206668045,0.11601691464093868,0.9048761498495397,,True,False,False,8,2,0.25,True,anchored_masked_phase_cross_correlation,H,19,"{'y_start': 382, 'y_stop': 2671, 'x_start': 0, 'x_stop': 2751}"
H19,PLD3_TMEM106B_no_mCherry,25,488nm Binned,97.0,-2.0,0.012366925971383044,0.24656521337291792,0.9655047569584255,,True,False,True,20,2,0.25,True,anchored_masked_phase_cross_correlation,H,19,"{'y_start': 382, 'y_stop': 2671, 'x_start': 0, 'x_stop': 2751}"
H19,PLD3_TMEM106B_no_mCherry,29,488nm Binned,52.0,-19.0,0.00453184271908029,0.2068024857310546,0.9753641879129878,,True,False,False,20,2,0.25,True,anchored_masked_phase_cross_correlation,H,19,"{'y_start': 382, 'y_stop': 2671, 'x_start': 0, 'x_stop': 2751}"
H19,PLD3_TMEM106B_no_mCherry,32,488nm Binned,340.0,-114.0,0.006865240178927261,0.17000892077342397,0.8464137532606222,,True,False,False,20,2,0.25,True,anchored_masked_phase_cross_correlation,H,19,"{'y_start': 382, 'y_stop': 2671, 'x_start': 0, 'x_stop': 2751}"
H19,PLD3_TMEM106B_no_mCherry,36,488nm Binned,-197.0,-128.0,-0.0013670983518366674,0.14536224204332884,0.8897462307110248,,True,False,False,20,2,0.25,True,anchored_masked_phase_cross_correlation,H,19,"{'y_start': 382, 'y_stop': 2671, 'x_start': 0, 'x_stop': 2751}"
H19,PLD3_TMEM106B_no_mCherry,39,488nm Binned,546.0,-21.0,-0.003753508631331427,0.2448510277094591,0.8036952259239158,,True,True,True,36,2,0.25,True,anchored_masked_phase_cross_correlation,H,19,"{'y_start': 382, 'y_stop': 2671, 'x_start': 0, 'x_stop': 2751}"
I05,PLD3_mCherry_reporter_control,8,488nm Binned,0.0,0.0,1.0,1.0,1.0,,True,False,False,8,2,0.25,True,anchored_masked_phase_cross_correlation,I,05,"{'y_start': 583, 'y_stop': 2822, 'x_start': 15, 'x_stop': 2767}"
I05,PLD3_mCherry_reporter_control,12,488nm Binned,-41.0,-76.0,0.00035775229583959807,0.17102809934654672,0.9595838463767947,,True,False,False,8,2,0.25,True,anchored_masked_phase_cross_correlation,I,05,"{'y_start': 583, 'y_stop': 2822, 'x_start': 15, 'x_stop': 2767}"
I05,PLD3_mCherry_reporter_control,16,488nm Binned,-29.0,-22.0,0.011168687843656282,0.15655670911820474,0.982295137612359,,True,False,False,8,2,0.25,True,anchored_masked_phase_cross_correlation,I,05,"{'y_start': 583, 'y_stop': 2822, 'x_start': 15, 'x_stop': 2767}"
I05,PLD3_mCherry_reporter_control,20,488nm Binned,-9.0,-83.0,0.0036049388617969314,0.1285332918554353,0.9680127127793048,,True,False,False,8,2,0.25,True,anchored_masked_phase_cross_correlation,I,05,"{'y_start': 583, 'y_stop': 2822, 'x_start': 15, 'x_stop': 2767}"
I05,PLD3_mCherry_reporter_control,25,488nm Binned,75.0,-2.0,0.0012794922618059588,0.30931807869023475,0.9731702584571932,,True,False,True,20,2,0.25,True,anchored_masked_phase_cross_correlation,I,05,"{'y_start': 583, 'y_stop': 2822, 'x_start': 15, 'x_stop': 2767}"
I05,PLD3_mCherry_reporter_control,29,488nm Binned,56.0,-18.0,0.011394602900579058,0.232874532151738,0.9743205942939841,,True,False,False,20,2,0.25,True,anchored_masked_phase_cross_correlation,I,05,"{'y_start': 583, 'y_stop': 2822, 'x_start': 15, 'x_stop': 2767}"
I05,PLD3_mCherry_reporter_control,32,488nm Binned,507.0,-98.0,0.0013847007357835099,0.1352668132050251,0.795092143578252,,True,True,False,20,2,0.25,True,anchored_masked_phase_cross_correlation,I,05,"{'y_start': 583, 'y_stop': 2822, 'x_start': 15, 'x_stop': 2767}"
I05,PLD3_mCherry_reporter_control,36,488nm Binned,-46.0,-113.0,-0.0019033369078547194,0.1387055976360783,0.9451926125631943,,True,False,False,20,2,0.25,True,anchored_masked_phase_cross_correlation,I,05,"{'y_start': 583, 'y_stop': 2822, 'x_start': 15, 'x_stop': 2767}"
I05,PLD3_mCherry_reporter_control,39,488nm Binned,883.0,15.0,0.004748300422930065,0.17770973674258642,0.6885000700267853,,True,True,True,36,2,0.25,True,anchored_masked_phase_cross_correlation,I,05,"{'y_start': 583, 'y_stop': 2822, 'x_start': 15, 'x_stop': 2767}"
I06,PLD3_mCherry_reporter_control,8,488nm Binned,0.0,0.0,1.0,1.0,1.0,,True,False,False,8,2,0.25,True,anchored_masked_phase_cross_correlation,I,06,"{'y_start': 569, 'y_stop': 2812, 'x_start': 12, 'x_stop': 2768}"
I06,PLD3_mCherry_reporter_control,12,488nm Binned,-48.0,-76.0,0.00188340444694703,0.17320222115399755,0.9572077986496501,,True,False,False,8,2,0.25,True,anchored_masked_phase_cross_correlation,I,06,"{'y_start': 569, 'y_stop': 2812, 'x_start': 12, 'x_stop': 2768}"
I06,PLD3_mCherry_reporter_control,16,488nm Binned,-32.0,-21.0,0.01265357369902324,0.14496393432227217,0.9816019210681419,,True,False,False,8,2,0.25,True,anchored_masked_phase_cross_correlation,I,06,"{'y_start': 569, 'y_stop': 2812, 'x_start': 12, 'x_stop': 2768}"
I06,PLD3_mCherry_reporter_control,20,488nm Binned,-20.0,-81.0,1.6304508273565846e-05,0.1180035876067616,0.9649807718118847,,True,False,False,8,2,0.25,True,anchored_masked_phase_cross_correlation,I,06,"{'y_start': 569, 'y_stop': 2812, 'x_start': 12, 'x_stop': 2768}"
I06,PLD3_mCherry_reporter_control,25,488nm Binned,77.0,0.0,0.0047656373307369045,0.33540312666596944,0.9731520223152023,,True,False,True,20,2,0.25,True,anchored_masked_phase_cross_correlation,I,06,"{'y_start': 569, 'y_stop': 2812, 'x_start': 12, 'x_stop': 2768}"
I06,PLD3_mCherry_reporter_control,29,488nm Binned,54.0,-17.0,0.008868076681131376,0.28783397970988134,0.975355677713392,,True,False,False,20,2,0.25,True,anchored_masked_phase_cross_correlation,I,06,"{'y_start': 569, 'y_stop': 2812, 'x_start': 12, 'x_stop': 2768}"
I06,PLD3_mCherry_reporter_control,32,488nm Binned,495.0,-95.0,0.005093207091150869,0.15755111174378586,0.7999987599423446,,True,False,False,20,2,0.25,True,anchored_masked_phase_cross_correlation,I,06,"{'y_start': 569, 'y_stop': 2812, 'x_start': 12, 'x_stop': 2768}"
I06,PLD3_mCherry_reporter_control,36,488nm Binned,-56.0,-117.0,-0.0007098496007049152,0.16909859502165747,0.9404757736500878,,True,False,False,20,2,0.25,True,anchored_masked_phase_cross_correlation,I,06,"{'y_start': 569, 'y_stop': 2812, 'x_start': 12, 'x_stop': 2768}"
I06,PLD3_mCherry_reporter_control,39,488nm Binned,861.0,12.0,0.00029406858868687684,0.20762173116884983,0.6968628000210081,,True,True,True,36,2,0.25,True,anchored_masked_phase_cross_correlation,I,06,"{'y_start': 569, 'y_stop': 2812, 'x_start': 12, 'x_stop': 2768}"
I07,PLD3_mCherry_reporter_control,8,488nm Binned,0.0,0.0,1.0,1.0,1.0,,True,False,False,8,2,0.25,True,anchored_masked_phase_cross_correlation,I,07,"{'y_start': 553, 'y_stop': 2802, 'x_start': 12, 'x_stop': 2768}"
I07,PLD3_mCherry_reporter_control,12,488nm Binned,-60.0,-76.0,0.012010861099198107,0.1697212316411663,0.9531345739745453,,True,False,False,8,2,0.25,True,anchored_masked_phase_cross_correlation,I,07,"{'y_start': 553, 'y_stop': 2802, 'x_start': 12, 'x_stop': 2768}"
I07,PLD3_mCherry_reporter_control,16,488nm Binned,-35.0,-24.0,0.0068812574874963514,0.14021743739773734,0.9795302953379668,,True,False,False,8,2,0.25,True,anchored_masked_phase_cross_correlation,I,07,"{'y_start': 553, 'y_stop': 2802, 'x_start': 12, 'x_stop': 2768}"
I07,PLD3_mCherry_reporter_control,20,488nm Binned,-35.0,-84.0,0.0016594327312713555,0.10939727465948273,0.9588650992337903,,True,False,False,8,2,0.25,True,anchored_masked_phase_cross_correlation,I,07,"{'y_start': 553, 'y_stop': 2802, 'x_start': 12, 'x_stop': 2768}"
I07,PLD3_mCherry_reporter_control,25,488nm Binned,79.0,-3.0,0.008227559226432105,0.31769042757956484,0.9714374602452105,,True,False,True,20,2,0.25,True,anchored_masked_phase_cross_correlation,I,07,"{'y_start': 553, 'y_stop': 2802, 'x_start': 12, 'x_stop': 2768}"
I07,PLD3_mCherry_reporter_control,29,488nm Binned,56.0,-18.0,0.00592912909475996,0.24031200756420146,0.9743205942939841,,True,False,False,20,2,0.25,True,anchored_masked_phase_cross_correlation,I,07,"{'y_start': 553, 'y_stop': 2802, 'x_start': 12, 'x_stop': 2768}"
I07,PLD3_mCherry_reporter_control,32,488nm Binned,482.0,-96.0,-0.0036280878152051004,0.16388318418694045,0.8040913149279599,,True,False,False,20,2,0.25,True,anchored_masked_phase_cross_correlation,I,07,"{'y_start': 553, 'y_stop': 2802, 'x_start': 12, 'x_stop': 2768}"
I07,PLD3_mCherry_reporter_control,36,488nm Binned,-66.0,-115.0,0.0044720878165173655,0.15390786547349783,0.9378125674737253,,True,False,False,20,2,0.25,True,anchored_masked_phase_cross_correlation,I,07,"{'y_start': 553, 'y_stop': 2802, 'x_start': 12, 'x_stop': 2768}"
I07,PLD3_mCherry_reporter_control,39,488nm Binned,836.0,12.0,0.009535406792663424,0.16462439117409616,0.7055432036087137,,True,True,True,36,2,0.25,True,anchored_masked_phase_cross_correlation,I,07,"{'y_start': 553, 'y_stop': 2802, 'x_start': 12, 'x_stop': 2768}"
I08,PLD3_mCherry_reporter_control,8,488nm Binned,0.0,0.0,1.0,1.0,1.0,,True,False,False,8,2,0.25,True,anchored_masked_phase_cross_correlation,I,08,"{'y_start': 536, 'y_stop': 2786, 'x_start': 7, 'x_stop': 2762}"
I08,PLD3_mCherry_reporter_control,12,488nm Binned,-71.0,-79.0,0.004730941140080658,0.16644070792151727,0.9483806549060572,,True,False,False,8,2,0.25,True,anchored_masked_phase_cross_correlation,I,08,"{'y_start': 536, 'y_stop': 2786, 'x_start': 7, 'x_stop': 2762}"
I08,PLD3_mCherry_reporter_control,16,488nm Binned,-39.0,-24.0,0.010990625926962472,0.14644871967328493,0.978147266329371,,True,False,False,8,2,0.25,True,anchored_masked_phase_cross_correlation,I,08,"{'y_start': 536, 'y_stop': 2786, 'x_start': 7, 'x_stop': 2762}"
I08,PLD3_mCherry_reporter_control,20,488nm Binned,-50.0,-87.0,0.005593403076907067,0.1165366936196983,0.9527603683408904,,True,False,False,8,2,0.25,True,anchored_masked_phase_cross_correlation,I,08,"{'y_start': 536, 'y_stop': 2786, 'x_start': 7, 'x_stop': 2762}"
I08,PLD3_mCherry_reporter_control,25,488nm Binned,77.0,-6.0,0.002761484628487549,0.31398378193340987,0.9711161394233294,,True,False,True,20,2,0.25,True,anchored_masked_phase_cross_correlation,I,08,"{'y_start': 536, 'y_stop': 2786, 'x_start': 7, 'x_stop': 2762}"
I08,PLD3_mCherry_reporter_control,29,488nm Binned,52.0,-21.0,0.01736143919302394,0.24103602339167557,0.9746794815683666,,True,False,False,20,2,0.25,True,anchored_masked_phase_cross_correlation,I,08,"{'y_start': 536, 'y_stop': 2786, 'x_start': 7, 'x_stop': 2762}"
I08,PLD3_mCherry_reporter_control,32,488nm Binned,468.0,-102.0,0.01006543427077674,0.15536377121936437,0.8070586999527319,,True,False,False,20,2,0.25,True,anchored_masked_phase_cross_correlation,I,08,"{'y_start': 536, 'y_stop': 2786, 'x_start': 7, 'x_stop': 2762}"
I08,PLD3_mCherry_reporter_control,36,488nm Binned,-82.0,-121.0,0.01583241094402638,0.13450365492487656,0.9304252279274601,,True,False,False,20,2,0.25,True,anchored_masked_phase_cross_correlation,I,08,"{'y_start': 536, 'y_stop': 2786, 'x_start': 7, 'x_stop': 2762}"
I08,PLD3_mCherry_reporter_control,39,488nm Binned,805.0,7.0,0.0042042725570300655,0.15909722816731003,0.7175609427550482,,True,True,True,36,2,0.25,True,anchored_masked_phase_cross_correlation,I,08,"{'y_start': 536, 'y_stop': 2786, 'x_start': 7, 'x_stop': 2762}"
I09,PLD3_mCherry_reporter_control,8,488nm Binned,0.0,0.0,1.0,1.0,1.0,,True,False,False,8,2,0.25,True,anchored_masked_phase_cross_correlation,I,09,"{'y_start': 525, 'y_stop': 2778, 'x_start': 12, 'x_stop': 2770}"
I09,PLD3_mCherry_reporter_control,12,488nm Binned,-78.0,-75.0,5.447732299254906e-05,0.1798987168775072,0.9473639292029201,,True,False,False,8,2,0.25,True,anchored_masked_phase_cross_correlation,I,09,"{'y_start': 525, 'y_stop': 2778, 'x_start': 12, 'x_stop': 2770}"
I09,PLD3_mCherry_reporter_control,16,488nm Binned,-42.0,-20.0,0.010287286135795222,0.1523706014769468,0.9784842702333643,,True,False,False,8,2,0.25,True,anchored_masked_phase_cross_correlation,I,09,"{'y_start': 525, 'y_stop': 2778, 'x_start': 12, 'x_stop': 2770}"
I09,PLD3_mCherry_reporter_control,20,488nm Binned,-59.0,-81.0,0.011572918420235216,0.12026251999466141,0.951766498602382,,True,False,False,8,2,0.25,True,anchored_masked_phase_cross_correlation,I,09,"{'y_start': 525, 'y_stop': 2778, 'x_start': 12, 'x_stop': 2770}"
I09,PLD3_mCherry_reporter_control,25,488nm Binned,81.0,-1.0,0.0082173291620255,0.2611285176959778,0.9714184946575398,,True,False,True,20,2,0.25,True,anchored_masked_phase_cross_correlation,I,09,"{'y_start': 525, 'y_stop': 2778, 'x_start': 12, 'x_stop': 2770}"
I09,PLD3_mCherry_reporter_control,29,488nm Binned,52.0,-17.0,0.009341001702585212,0.22251871155512482,0.9760488942576091,,True,False,False,20,2,0.25,True,anchored_masked_phase_cross_correlation,I,09,"{'y_start': 525, 'y_stop': 2778, 'x_start': 12, 'x_stop': 2770}"
I09,PLD3_mCherry_reporter_control,32,488nm Binned,459.0,-93.0,0.0009543838337733613,0.17124177047810243,0.8127210220409307,,True,False,False,20,2,0.25,True,anchored_masked_phase_cross_correlation,I,09,"{'y_start': 525, 'y_stop': 2778, 'x_start': 12, 'x_stop': 2770}"
I09,PLD3_mCherry_reporter_control,36,488nm Binned,-90.0,-115.0,0.011454845383756893,0.116703481936228,0.9297799116495393,,True,False,False,20,2,0.25,True,anchored_masked_phase_cross_correlation,I,09,"{'y_start': 525, 'y_stop': 2778, 'x_start': 12, 'x_stop': 2770}"
I09,PLD3_mCherry_reporter_control,39,488nm Binned,787.0,12.0,0.0032180416721424273,0.18607716119540982,0.7225567946406167,,True,True,True,36,2,0.25,True,anchored_masked_phase_cross_correlation,I,09,"{'y_start': 525, 'y_stop': 2778, 'x_start': 12, 'x_stop': 2770}"
I10,PLD3_mCherry_reporter_control,8,488nm Binned,0.0,0.0,1.0,1.0,1.0,,True,False,False,8,1,0.125,True,anchored_masked_phase_cross_correlation,I,10,"{'y_start': 511, 'y_stop': 2770, 'x_start': 8, 'x_stop': 2765}"
I10,PLD3_mCherry_reporter_control,12,488nm Binned,-89.0,-76.0,0.0017386258850183016,0.16155007323269405,0.9432909476763751,,True,False,False,8,1,0.125,True,anchored_masked_phase_cross_correlation,I,10,"{'y_start': 511, 'y_stop': 2770, 'x_start': 8, 'x_stop': 2765}"
I10,PLD3_mCherry_reporter_control,16,488nm Binned,-46.0,-23.0,0.003004291365806299,0.14069512164273731,0.9760700481823186,,True,False,False,8,1,0.125,True,anchored_masked_phase_cross_correlation,I,10,"{'y_start': 511, 'y_stop': 2770, 'x_start': 8, 'x_stop': 2765}"
I10,PLD3_mCherry_reporter_control,20,488nm Binned,-69.0,-83.0,0.010146978938812903,0.11531737577525307,0.947697650601355,,True,False,False,8,1,0.125,True,anchored_masked_phase_cross_correlation,I,10,"{'y_start': 511, 'y_stop': 2770, 'x_start': 8, 'x_stop': 2765}"
I10,PLD3_mCherry_reporter_control,25,488nm Binned,84.0,-3.0,0.0029604458896504097,0.31312100584412694,0.969695908685072,,True,False,True,20,1,0.125,True,anchored_masked_phase_cross_correlation,I,10,"{'y_start': 511, 'y_stop': 2770, 'x_start': 8, 'x_stop': 2765}"
I10,PLD3_mCherry_reporter_control,29,488nm Binned,54.0,-18.0,0.006943382221221154,0.24803478669295054,0.9750135676896413,,True,False,False,20,1,0.125,True,anchored_masked_phase_cross_correlation,I,10,"{'y_start': 511, 'y_stop': 2770, 'x_start': 8, 'x_stop': 2765}"
I10,PLD3_mCherry_reporter_control,32,488nm Binned,448.0,-99.0,0.007228993086116422,0.20916483093947008,0.814666818391368,,True,False,False,20,1,0.125,True,anchored_masked_phase_cross_correlation,I,10,"{'y_start': 511, 'y_stop': 2770, 'x_start': 8, 'x_stop': 2765}"
I10,PLD3_mCherry_reporter_control,36,488nm Binned,-98.0,-117.0,-0.0018286655676872416,0.1474291400533852,0.9264288381972772,,True,False,False,20,1,0.125,True,anchored_masked_phase_cross_correlation,I,10,"{'y_start': 511, 'y_stop': 2770, 'x_start': 8, 'x_stop': 2765}"
I10,PLD3_mCherry_reporter_control,39,488nm Binned,762.0,8.0,0.001967636997381672,0.10310884273418963,0.7322613399625356,,True,True,False,20,1,0.125,True,anchored_masked_phase_cross_correlation,I,10,"{'y_start': 511, 'y_stop': 2770, 'x_start': 8, 'x_stop': 2765}"
I11,PLD3_mCherry_reporter_control,8,488nm Binned,0.0,0.0,1.0,1.0,1.0,,True,False,False,8,2,0.25,True,anchored_masked_phase_cross_correlation,I,11,"{'y_start': 495, 'y_stop': 2755, 'x_start': 9, 'x_stop': 2765}"
I11,PLD3_mCherry_reporter_control,12,488nm Binned,-96.0,-78.0,0.0025892849315213586,0.18836458373493373,0.9402408921412441,,True,False,False,8,2,0.25,True,anchored_masked_phase_cross_correlation,I,11,"{'y_start': 495, 'y_stop': 2755, 'x_start': 9, 'x_stop': 2765}"
I11,PLD3_mCherry_reporter_control,16,488nm Binned,-47.0,-23.0,0.007371765261139652,0.1535183276712345,0.9757241693558898,,True,False,False,8,2,0.25,True,anchored_masked_phase_cross_correlation,I,11,"{'y_start': 495, 'y_stop': 2755, 'x_start': 9, 'x_stop': 2765}"
I11,PLD3_mCherry_reporter_control,20,488nm Binned,-84.0,-84.0,-0.0011300551186284057,0.1195618450946198,0.942280422261515,,True,False,False,8,2,0.25,True,anchored_masked_phase_cross_correlation,I,11,"{'y_start': 495, 'y_stop': 2755, 'x_start': 9, 'x_stop': 2765}"
I11,PLD3_mCherry_reporter_control,25,488nm Binned,83.0,-4.0,0.008214641658275427,0.26668660640560937,0.9697056346274673,,True,False,True,20,2,0.25,True,anchored_masked_phase_cross_correlation,I,11,"{'y_start': 495, 'y_stop': 2755, 'x_start': 9, 'x_stop': 2765}"
I11,PLD3_mCherry_reporter_control,29,488nm Binned,52.0,-17.0,0.0038190860212354944,0.24321302077740936,0.9760488942576091,,True,False,False,20,2,0.25,True,anchored_masked_phase_cross_correlation,I,11,"{'y_start': 495, 'y_stop': 2755, 'x_start': 9, 'x_stop': 2765}"
I11,PLD3_mCherry_reporter_control,32,488nm Binned,434.0,-99.0,-0.0040730977898582685,0.15244706260397375,0.8193797669275165,,True,False,False,20,2,0.25,True,anchored_masked_phase_cross_correlation,I,11,"{'y_start': 495, 'y_stop': 2755, 'x_start': 9, 'x_stop': 2765}"
I11,PLD3_mCherry_reporter_control,36,488nm Binned,-113.0,-115.0,0.0010209348398181853,0.14233131733693236,0.9220819498180276,,True,False,False,20,2,0.25,True,anchored_masked_phase_cross_correlation,I,11,"{'y_start': 495, 'y_stop': 2755, 'x_start': 9, 'x_stop': 2765}"
I11,PLD3_mCherry_reporter_control,39,488nm Binned,734.0,9.0,-0.0003322748776939545,0.16305459386033033,0.7417375687867276,,True,True,True,36,2,0.25,True,anchored_masked_phase_cross_correlation,I,11,"{'y_start': 495, 'y_stop': 2755, 'x_start': 9, 'x_stop': 2765}"
I12,PLD3_mCherry_reporter_control,8,488nm Binned,0.0,0.0,1.0,1.0,1.0,,True,False,False,8,1,0.125,True,anchored_masked_phase_cross_correlation,I,12,"{'y_start': 481, 'y_stop': 2747, 'x_start': 7, 'x_stop': 2767}"
I12,PLD3_mCherry_reporter_control,12,488nm Binned,-106.0,-77.0,0.004734370316214858,0.1623183938867196,0.937184757892116,,True,False,False,8,1,0.125,True,anchored_masked_phase_cross_correlation,I,12,"{'y_start': 481, 'y_stop': 2747, 'x_start': 7, 'x_stop': 2767}"
I12,PLD3_mCherry_reporter_control,16,488nm Binned,-54.0,-22.0,0.009080319115623932,0.12434209482221042,0.9736451275946383,,True,False,False,8,1,0.125,True,anchored_masked_phase_cross_correlation,I,12,"{'y_start': 481, 'y_stop': 2747, 'x_start': 7, 'x_stop': 2767}"
I12,PLD3_mCherry_reporter_control,20,488nm Binned,-96.0,-83.0,0.004198059194222313,0.10101496323483773,0.9385558726212776,,True,False,False,8,1,0.125,True,anchored_masked_phase_cross_correlation,I,12,"{'y_start': 481, 'y_stop': 2747, 'x_start': 7, 'x_stop': 2767}"
I12,PLD3_mCherry_reporter_control,25,488nm Binned,85.0,-2.0,0.0008680648103779412,0.29748704797556386,0.969685939594117,,True,False,True,20,1,0.125,True,anchored_masked_phase_cross_correlation,I,12,"{'y_start': 481, 'y_stop': 2747, 'x_start': 7, 'x_stop': 2767}"
I12,PLD3_mCherry_reporter_control,29,488nm Binned,53.0,-16.0,0.004401479859540054,0.25966278048393465,0.9760445175835313,,True,False,False,20,1,0.125,True,anchored_masked_phase_cross_correlation,I,12,"{'y_start': 481, 'y_stop': 2747, 'x_start': 7, 'x_stop': 2767}"
I12,PLD3_mCherry_reporter_control,32,488nm Binned,422.0,-97.0,0.001971481228017998,0.16461737395251255,0.8240141784788237,,True,False,False,20,1,0.125,True,anchored_masked_phase_cross_correlation,I,12,"{'y_start': 481, 'y_stop': 2747, 'x_start': 7, 'x_stop': 2767}"
I12,PLD3_mCherry_reporter_control,36,488nm Binned,-121.0,-114.0,-0.003188620039760974,0.15696050697447708,0.919738362423627,,True,False,False,20,1,0.125,True,anchored_masked_phase_cross_correlation,I,12,"{'y_start': 481, 'y_stop': 2747, 'x_start': 7, 'x_stop': 2767}"
I12,PLD3_mCherry_reporter_control,39,488nm Binned,715.0,7.0,-0.0029039272678632677,0.1006819674377661,0.7488651040967614,,True,True,False,20,1,0.125,True,anchored_masked_phase_cross_correlation,I,12,"{'y_start': 481, 'y_stop': 2747, 'x_start': 7, 'x_stop': 2767}"
I14,PLD3_mCherry_reporter_control,8,488nm Binned,0.0,0.0,1.0,1.0,1.0,,True,False,False,8,2,0.25,True,anchored_masked_phase_cross_correlation,I,14,"{'y_start': 449, 'y_stop': 2721, 'x_start': 3, 'x_stop': 2761}"
I14,PLD3_mCherry_reporter_control,12,488nm Binned,-126.0,-79.0,-0.0008574297284909618,0.1670992635541622,0.9297317682346831,,True,False,False,8,2,0.25,True,anchored_masked_phase_cross_correlation,I,14,"{'y_start': 449, 'y_stop': 2721, 'x_start': 3, 'x_stop': 2761}"
I14,PLD3_mCherry_reporter_control,16,488nm Binned,-59.0,-24.0,0.00607124061904494,0.1614495269121042,0.971232121286392,,True,False,False,8,2,0.25,True,anchored_masked_phase_cross_correlation,I,14,"{'y_start': 449, 'y_stop': 2721, 'x_start': 3, 'x_stop': 2761}"
I14,PLD3_mCherry_reporter_control,20,488nm Binned,-121.0,-86.0,-0.0005899759471354456,0.11974694299928149,0.9290893697394809,,True,False,False,8,2,0.25,True,anchored_masked_phase_cross_correlation,I,14,"{'y_start': 449, 'y_stop': 2721, 'x_start': 3, 'x_stop': 2761}"
I14,PLD3_mCherry_reporter_control,25,488nm Binned,86.0,-6.0,0.004412087388174034,0.28544960229824995,0.9679846291206387,,True,False,True,20,2,0.25,True,anchored_masked_phase_cross_correlation,I,14,"{'y_start': 449, 'y_stop': 2721, 'x_start': 3, 'x_stop': 2761}"
I14,PLD3_mCherry_reporter_control,29,488nm Binned,51.0,-20.0,0.007960727687221185,0.2296260958604844,0.9753680782899459,,True,False,False,20,2,0.25,True,anchored_masked_phase_cross_correlation,I,14,"{'y_start': 449, 'y_stop': 2721, 'x_start': 3, 'x_stop': 2761}"
I14,PLD3_mCherry_reporter_control,32,488nm Binned,395.0,-103.0,-0.0027698404100460414,0.15994300261336597,0.8313060822153363,,True,False,False,20,2,0.25,True,anchored_masked_phase_cross_correlation,I,14,"{'y_start': 449, 'y_stop': 2721, 'x_start': 3, 'x_stop': 2761}"
I14,PLD3_mCherry_reporter_control,36,488nm Binned,-147.0,-121.0,-0.0005576871284142137,0.12969646180922298,0.9087175323727993,,True,False,False,20,2,0.25,True,anchored_masked_phase_cross_correlation,I,14,"{'y_start': 449, 'y_stop': 2721, 'x_start': 3, 'x_stop': 2761}"
I14,PLD3_mCherry_reporter_control,39,488nm Binned,663.0,3.0,0.006643343681938665,0.19020253635518053,0.768024238021043,,True,True,True,36,2,0.25,True,anchored_masked_phase_cross_correlation,I,14,"{'y_start': 449, 'y_stop': 2721, 'x_start': 3, 'x_stop': 2761}"
I13,PLD3_mCherry_reporter_control,8,488nm Binned,0.0,0.0,1.0,1.0,1.0,,True,False,False,8,2,0.25,True,anchored_masked_phase_cross_correlation,I,13,"{'y_start': 473, 'y_stop': 2739, 'x_start': 4, 'x_stop': 2761}"
I13,PLD3_mCherry_reporter_control,12,488nm Binned,-118.0,-79.0,0.0011997394214856324,0.17077692496083935,0.9324443335687012,,True,False,False,8,2,0.25,True,anchored_masked_phase_cross_correlation,I,13,"{'y_start': 473, 'y_stop': 2739, 'x_start': 4, 'x_stop': 2761}"
I13,PLD3_mCherry_reporter_control,16,488nm Binned,-55.0,-25.0,0.006730928531312133,0.1388345236837436,0.972273161845517,,True,False,False,8,2,0.25,True,anchored_masked_phase_cross_correlation,I,13,"{'y_start': 473, 'y_stop': 2739, 'x_start': 4, 'x_stop': 2761}"
I13,PLD3_mCherry_reporter_control,20,488nm Binned,-101.0,-87.0,0.00395955883149328,0.11421010263106482,0.9355173666427409,,True,False,False,8,2,0.25,True,anchored_masked_phase_cross_correlation,I,13,"{'y_start': 473, 'y_stop': 2739, 'x_start': 4, 'x_stop': 2761}"
I13,PLD3_mCherry_reporter_control,25,488nm Binned,92.0,-6.0,-0.004909780692361959,0.2868691327575007,0.9658969555855115,,True,False,True,20,2,0.25,True,anchored_masked_phase_cross_correlation,I,13,"{'y_start': 473, 'y_stop': 2739, 'x_start': 4, 'x_stop': 2761}"
I13,PLD3_mCherry_reporter_control,29,488nm Binned,58.0,-21.0,0.003842625071653871,0.2112098260414315,0.972602749718434,,True,False,False,20,2,0.25,True,anchored_masked_phase_cross_correlation,I,13,"{'y_start': 473, 'y_stop': 2739, 'x_start': 4, 'x_stop': 2761}"
I13,PLD3_mCherry_reporter_control,32,488nm Binned,417.0,-103.0,0.004538495561294532,0.1520407440257523,0.8239107187665949,,True,False,False,20,2,0.25,True,anchored_masked_phase_cross_correlation,I,13,"{'y_start': 473, 'y_stop': 2739, 'x_start': 4, 'x_stop': 2761}"
I13,PLD3_mCherry_reporter_control,36,488nm Binned,-129.0,-119.0,-0.002052283759285617,0.1377886681765885,0.9153948781242158,,True,False,False,20,2,0.25,True,anchored_masked_phase_cross_correlation,I,13,"{'y_start': 473, 'y_stop': 2739, 'x_start': 4, 'x_stop': 2761}"
I13,PLD3_mCherry_reporter_control,39,488nm Binned,692.0,4.0,0.003494907574428291,0.2080870880642477,0.7576586933390911,,True,True,True,36,2,0.25,True,anchored_masked_phase_cross_correlation,I,13,"{'y_start': 473, 'y_stop': 2739, 'x_start': 4, 'x_stop': 2761}"
I15,PLD3_mCherry_reporter_control,8,488nm Binned,0.0,0.0,1.0,1.0,1.0,,True,False,False,8,2,0.25,True,anchored_masked_phase_cross_correlation,I,15,"{'y_start': 439, 'y_stop': 2714, 'x_start': 4, 'x_stop': 2764}"
I15,PLD3_mCherry_reporter_control,12,488nm Binned,-135.0,-78.0,0.003064266014077865,0.17271960248671717,0.9270123947409884,,True,False,False,8,2,0.25,True,anchored_masked_phase_cross_correlation,I,15,"{'y_start': 439, 'y_stop': 2714, 'x_start': 4, 'x_stop': 2764}"
I15,PLD3_mCherry_reporter_control,16,488nm Binned,-60.0,-25.0,0.005927585162949255,0.14078511226219878,0.970544983456172,,True,False,False,8,2,0.25,True,anchored_masked_phase_cross_correlation,I,15,"{'y_start': 439, 'y_stop': 2714, 'x_start': 4, 'x_stop': 2764}"
I15,PLD3_mCherry_reporter_control,20,488nm Binned,-132.0,-87.0,0.0006946881429106151,0.12592199498383053,0.925036326394846,,True,False,False,8,2,0.25,True,anchored_masked_phase_cross_correlation,I,15,"{'y_start': 439, 'y_stop': 2714, 'x_start': 4, 'x_stop': 2764}"
I15,PLD3_mCherry_reporter_control,25,488nm Binned,89.0,-6.0,0.011048228174835107,0.2635020713684113,0.9669407923530751,,True,False,True,20,2,0.25,True,anchored_masked_phase_cross_correlation,I,15,"{'y_start': 439, 'y_stop': 2714, 'x_start': 4, 'x_stop': 2764}"
I15,PLD3_mCherry_reporter_control,29,488nm Binned,54.0,-20.0,0.011552583419261778,0.2236955762255252,0.9743293476421397,,True,False,False,20,2,0.25,True,anchored_masked_phase_cross_correlation,I,15,"{'y_start': 439, 'y_stop': 2714, 'x_start': 4, 'x_stop': 2764}"
I15,PLD3_mCherry_reporter_control,32,488nm Binned,388.0,-100.0,0.000672543857770682,0.14836404077185242,0.8345636650463246,,True,False,False,20,2,0.25,True,anchored_masked_phase_cross_correlation,I,15,"{'y_start': 439, 'y_stop': 2714, 'x_start': 4, 'x_stop': 2764}"
I15,PLD3_mCherry_reporter_control,36,488nm Binned,-154.0,-120.0,0.002748277872325933,0.15033732038894002,0.9067097331395926,,True,False,False,20,2,0.25,True,anchored_masked_phase_cross_correlation,I,15,"{'y_start': 439, 'y_stop': 2714, 'x_start': 4, 'x_stop': 2764}"
I15,PLD3_mCherry_reporter_control,39,488nm Binned,639.0,4.0,0.0011560483376265025,0.2109545595104639,0.7761126964397215,,True,True,True,36,2,0.25,True,anchored_masked_phase_cross_correlation,I,15,"{'y_start': 439, 'y_stop': 2714, 'x_start': 4, 'x_stop': 2764}"
I16,PLD3_mCherry_reporter_control,8,488nm Binned,0.0,0.0,1.0,1.0,1.0,,True,False,False,8,2,0.25,True,anchored_masked_phase_cross_correlation,I,16,"{'y_start': 427, 'y_stop': 2706, 'x_start': 1, 'x_stop': 2763}"
I16,PLD3_mCherry_reporter_control,12,488nm Binned,-144.0,-80.0,0.0026291866838362866,0.1844120893347608,0.9232973278945863,,True,False,False,8,2,0.25,True,anchored_masked_phase_cross_correlation,I,16,"{'y_start': 427, 'y_stop': 2706, 'x_start': 1, 'x_stop': 2763}"
I16,PLD3_mCherry_reporter_control,16,488nm Binned,-64.0,-25.0,0.006127167566416655,0.1557185566413441,0.9691624407446959,,True,False,False,8,2,0.25,True,anchored_masked_phase_cross_correlation,I,16,"{'y_start': 427, 'y_stop': 2706, 'x_start': 1, 'x_stop': 2763}"
I16,PLD3_mCherry_reporter_control,20,488nm Binned,-145.0,-86.0,0.0009544727229344889,0.11529381723286422,0.9209720982164566,,True,False,False,8,2,0.25,True,anchored_masked_phase_cross_correlation,I,16,"{'y_start': 427, 'y_stop': 2706, 'x_start': 1, 'x_stop': 2763}"
I16,PLD3_mCherry_reporter_control,25,488nm Binned,91.0,-6.0,0.004037701712838914,0.24474096806643791,0.9662449011746993,,True,False,True,20,2,0.25,True,anchored_masked_phase_cross_correlation,I,16,"{'y_start': 427, 'y_stop': 2706, 'x_start': 1, 'x_stop': 2763}"
I16,PLD3_mCherry_reporter_control,29,488nm Binned,51.0,-20.0,0.006094533751003098,0.21510996659574472,0.9753680782899459,,True,False,False,20,2,0.25,True,anchored_masked_phase_cross_correlation,I,16,"{'y_start': 427, 'y_stop': 2706, 'x_start': 1, 'x_stop': 2763}"
I16,PLD3_mCherry_reporter_control,32,488nm Binned,378.0,-101.0,0.006271565697419973,0.14533742489418847,0.8376261211580096,,True,False,False,20,2,0.25,True,anchored_masked_phase_cross_correlation,I,16,"{'y_start': 427, 'y_stop': 2706, 'x_start': 1, 'x_stop': 2763}"
I16,PLD3_mCherry_reporter_control,36,488nm Binned,-162.0,-120.0,0.0045541698280901245,0.1464178877330754,0.9040370441693948,,True,False,False,20,2,0.25,True,anchored_masked_phase_cross_correlation,I,16,"{'y_start': 427, 'y_stop': 2706, 'x_start': 1, 'x_stop': 2763}"
I16,PLD3_mCherry_reporter_control,39,488nm Binned,618.0,1.0,-0.0027671197802566043,0.1693185027193307,0.7842452863220182,,True,True,True,36,2,0.25,True,anchored_masked_phase_cross_correlation,I,16,"{'y_start': 427, 'y_stop': 2706, 'x_start': 1, 'x_stop': 2763}"
I17,PLD3_mCherry_reporter_control,8,488nm Binned,0.0,0.0,1.0,1.0,1.0,,True,False,False,8,2,0.25,True,anchored_masked_phase_cross_correlation,I,17,"{'y_start': 414, 'y_stop': 2696, 'x_start': 5, 'x_stop': 2761}"
I17,PLD3_mCherry_reporter_control,12,488nm Binned,-156.0,-81.0,-0.003796057044710106,0.17578106618090109,0.9189002293377216,,True,False,False,8,2,0.25,True,anchored_masked_phase_cross_correlation,I,17,"{'y_start': 414, 'y_stop': 2696, 'x_start': 5, 'x_stop': 2761}"
I17,PLD3_mCherry_reporter_control,16,488nm Binned,-66.0,-25.0,0.0001788176960279958,0.15094570195386733,0.9684711693889579,,True,False,False,8,2,0.25,True,anchored_masked_phase_cross_correlation,I,17,"{'y_start': 414, 'y_stop': 2696, 'x_start': 5, 'x_stop': 2761}"
I17,PLD3_mCherry_reporter_control,20,488nm Binned,-153.0,-88.0,-0.005151865065484694,0.1153984492857319,0.9176061927020419,,True,False,False,8,2,0.25,True,anchored_masked_phase_cross_correlation,I,17,"{'y_start': 414, 'y_stop': 2696, 'x_start': 5, 'x_stop': 2761}"
I17,PLD3_mCherry_reporter_control,25,488nm Binned,95.0,-5.0,0.006382698804099149,0.27423273258567504,0.9651902442962211,,True,False,True,20,2,0.25,True,anchored_masked_phase_cross_correlation,I,17,"{'y_start': 414, 'y_stop': 2696, 'x_start': 5, 'x_stop': 2761}"
I17,PLD3_mCherry_reporter_control,29,488nm Binned,56.0,-19.0,-0.001265858820845697,0.22091290602736993,0.9739787274187932,,True,False,False,20,2,0.25,True,anchored_masked_phase_cross_correlation,I,17,"{'y_start': 414, 'y_stop': 2696, 'x_start': 5, 'x_stop': 2761}"
I17,PLD3_mCherry_reporter_control,32,488nm Binned,368.0,-103.0,0.0047432373733421644,0.14755260357805308,0.8403822100842461,,True,False,False,20,2,0.25,True,anchored_masked_phase_cross_correlation,I,17,"{'y_start': 414, 'y_stop': 2696, 'x_start': 5, 'x_stop': 2761}"
I17,PLD3_mCherry_reporter_control,36,488nm Binned,-172.0,-119.0,-0.004690081676393087,0.1393120953461226,0.9010239472153654,,True,False,False,20,2,0.25,True,anchored_masked_phase_cross_correlation,I,17,"{'y_start': 414, 'y_stop': 2696, 'x_start': 5, 'x_stop': 2761}"
I17,PLD3_mCherry_reporter_control,39,488nm Binned,596.0,5.0,0.003291697633756949,0.20234295949501424,0.7908085953988512,,True,True,True,36,2,0.25,True,anchored_masked_phase_cross_correlation,I,17,"{'y_start': 414, 'y_stop': 2696, 'x_start': 5, 'x_stop': 2761}"
I18,PLD3_mCherry_reporter_control,8,488nm Binned,0.0,0.0,1.0,1.0,1.0,,True,False,False,8,2,0.25,True,anchored_masked_phase_cross_correlation,I,18,"{'y_start': 399, 'y_stop': 2684, 'x_start': 10, 'x_stop': 2765}"
I18,PLD3_mCherry_reporter_control,12,488nm Binned,-162.0,-79.0,0.004411412276679342,0.18231849895378316,0.9175252242316019,,True,False,False,8,2,0.25,True,anchored_masked_phase_cross_correlation,I,18,"{'y_start': 399, 'y_stop': 2684, 'x_start': 10, 'x_stop': 2765}"
I18,PLD3_mCherry_reporter_control,16,488nm Binned,-70.0,-24.0,0.004311639979371651,0.15994752902196357,0.9674287915127536,,True,False,False,8,2,0.25,True,anchored_masked_phase_cross_correlation,I,18,"{'y_start': 399, 'y_stop': 2684, 'x_start': 10, 'x_stop': 2765}"
I18,PLD3_mCherry_reporter_control,20,488nm Binned,-167.0,-85.0,0.004703946883099739,0.12670414547564887,0.9138596381171353,,True,False,False,8,2,0.25,True,anchored_masked_phase_cross_correlation,I,18,"{'y_start': 399, 'y_stop': 2684, 'x_start': 10, 'x_stop': 2765}"
I18,PLD3_mCherry_reporter_control,25,488nm Binned,95.0,-3.0,0.01365524986457534,0.25917534340093296,0.9658644952527675,,True,False,True,20,2,0.25,True,anchored_masked_phase_cross_correlation,I,18,"{'y_start': 399, 'y_stop': 2684, 'x_start': 10, 'x_stop': 2765}"
I18,PLD3_mCherry_reporter_control,29,488nm Binned,54.0,-16.0,0.007606786463334634,0.19483772876315414,0.9756977877371428,,True,False,False,20,2,0.25,True,anchored_masked_phase_cross_correlation,I,18,"{'y_start': 399, 'y_stop': 2684, 'x_start': 10, 'x_stop': 2765}"
I18,PLD3_mCherry_reporter_control,32,488nm Binned,355.0,-100.0,0.0007253199000714382,0.13516221929710934,0.8456687460731508,,True,False,False,20,2,0.25,True,anchored_masked_phase_cross_correlation,I,18,"{'y_start': 399, 'y_stop': 2684, 'x_start': 10, 'x_stop': 2765}"
I18,PLD3_mCherry_reporter_control,36,488nm Binned,-184.0,-111.0,0.0042679523196942825,0.12307213840446452,0.899623897807578,,True,False,False,20,2,0.25,True,anchored_masked_phase_cross_correlation,I,18,"{'y_start': 399, 'y_stop': 2684, 'x_start': 10, 'x_stop': 2765}"
I18,PLD3_mCherry_reporter_control,39,488nm Binned,572.0,10.0,0.0004607637851859448,0.17668895777953483,0.797766534588369,,True,True,True,36,2,0.25,True,anchored_masked_phase_cross_correlation,I,18,"{'y_start': 399, 'y_stop': 2684, 'x_start': 10, 'x_stop': 2765}"
I20,PLD3_mCherry_reporter_control,8,488nm Binned,0.0,0.0,1.0,1.0,1.0,,True,False,False,8,2,0.25,True,anchored_masked_phase_cross_correlation,I,20,"{'y_start': 374, 'y_stop': 2666, 'x_start': 1, 'x_stop': 2761}"
I20,PLD3_mCherry_reporter_control,12,488nm Binned,-181.0,-80.0,0.005730145535692621,0.17283275479851065,0.9107562114731107,,True,False,False,8,2,0.25,True,anchored_masked_phase_cross_correlation,I,20,"{'y_start': 374, 'y_stop': 2666, 'x_start': 1, 'x_stop': 2761}"
I20,PLD3_mCherry_reporter_control,16,488nm Binned,-72.0,-26.0,0.010118537385949162,0.13559790971100485,0.966057433635032,,True,False,False,8,2,0.25,True,anchored_masked_phase_cross_correlation,I,20,"{'y_start': 374, 'y_stop': 2666, 'x_start': 1, 'x_stop': 2761}"
I20,PLD3_mCherry_reporter_control,20,488nm Binned,-187.0,-87.0,-1.856427466164207e-05,0.40683864959112337,0.9064409324066456,,True,False,True,16,2,0.25,True,anchored_masked_phase_cross_correlation,I,20,"{'y_start': 374, 'y_stop': 2666, 'x_start': 1, 'x_stop': 2761}"
I20,PLD3_mCherry_reporter_control,25,488nm Binned,102.0,-4.0,0.001708178336075854,0.22161329874094501,0.96309004861026,,True,False,False,16,2,0.25,True,anchored_masked_phase_cross_correlation,I,20,"{'y_start': 374, 'y_stop': 2666, 'x_start': 1, 'x_stop': 2761}"
I20,PLD3_mCherry_reporter_control,29,488nm Binned,58.0,-17.0,0.01855865063473834,0.155086128945707,0.9739692446249579,,True,False,False,16,2,0.25,True,anchored_masked_phase_cross_correlation,I,20,"{'y_start': 374, 'y_stop': 2666, 'x_start': 1, 'x_stop': 2761}"
I20,PLD3_mCherry_reporter_control,32,488nm Binned,336.0,-104.0,-0.0030561250864859935,0.12854045548697804,0.8508312762965168,,True,False,False,16,2,0.25,True,anchored_masked_phase_cross_correlation,I,20,"{'y_start': 374, 'y_stop': 2666, 'x_start': 1, 'x_stop': 2761}"
I20,PLD3_mCherry_reporter_control,36,488nm Binned,-202.0,-119.0,-0.0015636095436194956,0.12982563605651187,0.8909977163487256,,True,False,False,16,2,0.25,True,anchored_masked_phase_cross_correlation,I,20,"{'y_start': 374, 'y_stop': 2666, 'x_start': 1, 'x_stop': 2761}"
I20,PLD3_mCherry_reporter_control,39,488nm Binned,524.0,1.0,-0.0007047168551057244,0.1810545066424193,0.8170093116172491,,True,True,True,36,2,0.25,True,anchored_masked_phase_cross_correlation,I,20,"{'y_start': 374, 'y_stop': 2666, 'x_start': 1, 'x_stop': 2761}"
I19,PLD3_mCherry_reporter_control,8,488nm Binned,0.0,0.0,1.0,1.0,1.0,,True,False,False,8,2,0.25,True,anchored_masked_phase_cross_correlation,I,19,"{'y_start': 383, 'y_stop': 2671, 'x_start': 8, 'x_stop': 2764}"
I19,PLD3_mCherry_reporter_control,12,488nm Binned,-173.0,-80.0,-0.002057382686689434,0.1936943696470274,0.9134678042128892,,True,False,False,8,2,0.25,True,anchored_masked_phase_cross_correlation,I,19,"{'y_start': 383, 'y_stop': 2671, 'x_start': 8, 'x_stop': 2764}"
I19,PLD3_mCherry_reporter_control,16,488nm Binned,-74.0,-27.0,0.010796052202950759,0.15114313852595143,0.9650267268897019,,True,False,False,8,2,0.25,True,anchored_masked_phase_cross_correlation,I,19,"{'y_start': 383, 'y_stop': 2671, 'x_start': 8, 'x_stop': 2764}"
I19,PLD3_mCherry_reporter_control,20,488nm Binned,-178.0,-87.0,-0.005745004948684276,0.12378865568741759,0.9094838150592601,,True,False,False,8,2,0.25,True,anchored_masked_phase_cross_correlation,I,19,"{'y_start': 383, 'y_stop': 2671, 'x_start': 8, 'x_stop': 2764}"
I19,PLD3_mCherry_reporter_control,25,488nm Binned,96.0,-5.0,0.00016898161449784024,0.23581168714589076,0.9648421771327533,,True,False,True,20,2,0.25,True,anchored_masked_phase_cross_correlation,I,19,"{'y_start': 383, 'y_stop': 2671, 'x_start': 8, 'x_stop': 2764}"
I19,PLD3_mCherry_reporter_control,29,488nm Binned,53.0,-18.0,0.0076148807006851385,0.20644322754380512,0.9753600543874699,,True,False,False,20,2,0.25,True,anchored_masked_phase_cross_correlation,I,19,"{'y_start': 383, 'y_stop': 2671, 'x_start': 8, 'x_stop': 2764}"
I19,PLD3_mCherry_reporter_control,32,488nm Binned,342.0,-101.0,-0.0030192420712427813,0.12650237668675404,0.8497363783313784,,True,False,False,20,2,0.25,True,anchored_masked_phase_cross_correlation,I,19,"{'y_start': 383, 'y_stop': 2671, 'x_start': 8, 'x_stop': 2764}"
I19,PLD3_mCherry_reporter_control,36,488nm Binned,-197.0,-113.0,-0.0012734203305756256,0.126071801874551,0.8946171042368151,,True,False,False,20,2,0.25,True,anchored_masked_phase_cross_correlation,I,19,"{'y_start': 383, 'y_stop': 2671, 'x_start': 8, 'x_stop': 2764}"
I19,PLD3_mCherry_reporter_control,39,488nm Binned,544.0,8.0,-0.00017300656861513392,0.19479517187645795,0.8080604720194363,,True,True,True,36,2,0.25,True,anchored_masked_phase_cross_correlation,I,19,"{'y_start': 383, 'y_stop': 2671, 'x_start': 8, 'x_stop': 2764}"
J05,PLD3_TMEM106B_mCherry_primary,8,488nm Binned,0.0,0.0,1.0,1.0,1.0,,True,False,False,8,2,0.25,True,anchored_masked_phase_cross_correlation,J,05,"{'y_start': 584, 'y_stop': 2821, 'x_start': 33, 'x_stop': 2777}"
J05,PLD3_TMEM106B_mCherry_primary,12,488nm Binned,-40.0,-67.0,0.0021212535416552628,0.183215431984919,0.9630175903394159,,True,False,False,8,2,0.25,True,anchored_masked_phase_cross_correlation,J,05,"{'y_start': 584, 'y_stop': 2821, 'x_start': 33, 'x_stop': 2777}"
J05,PLD3_TMEM106B_mCherry_primary,16,488nm Binned,-31.0,-19.0,0.014327016110540528,0.13941208463313204,0.9826378555075094,,True,False,False,8,2,0.25,True,anchored_masked_phase_cross_correlation,J,05,"{'y_start': 584, 'y_stop': 2821, 'x_start': 33, 'x_stop': 2777}"
J05,PLD3_TMEM106B_mCherry_primary,20,488nm Binned,-9.0,-70.0,0.005526143557711029,0.11903554314836237,0.9725312640418293,,True,False,False,8,2,0.25,True,anchored_masked_phase_cross_correlation,J,05,"{'y_start': 584, 'y_stop': 2821, 'x_start': 33, 'x_stop': 2777}"
J05,PLD3_TMEM106B_mCherry_primary,25,488nm Binned,75.0,-4.0,0.004238788901732529,0.2792140396814308,0.9724911445294492,,True,False,True,20,2,0.25,True,anchored_masked_phase_cross_correlation,J,05,"{'y_start': 584, 'y_stop': 2821, 'x_start': 33, 'x_stop': 2777}"
J05,PLD3_TMEM106B_mCherry_primary,29,488nm Binned,56.0,-18.0,0.008641561622135306,0.2550591478240458,0.9743205942939841,,True,False,False,20,2,0.25,True,anchored_masked_phase_cross_correlation,J,05,"{'y_start': 584, 'y_stop': 2821, 'x_start': 33, 'x_stop': 2777}"
J05,PLD3_TMEM106B_mCherry_primary,32,488nm Binned,509.0,-86.0,-0.006411981090743934,0.14765325334918689,0.7978601467839226,,True,True,False,20,2,0.25,True,anchored_masked_phase_cross_correlation,J,05,"{'y_start': 584, 'y_stop': 2821, 'x_start': 33, 'x_stop': 2777}"
J05,PLD3_TMEM106B_mCherry_primary,36,488nm Binned,-47.0,-108.0,0.002004269431026521,0.11963231953337558,0.9465724806405117,,True,False,False,20,2,0.25,True,anchored_masked_phase_cross_correlation,J,05,"{'y_start': 584, 'y_stop': 2821, 'x_start': 33, 'x_stop': 2777}"
J05,PLD3_TMEM106B_mCherry_primary,39,488nm Binned,882.0,33.0,-0.0009617319462312188,0.19382058840366773,0.6845008840881637,,True,True,True,36,2,0.25,True,anchored_masked_phase_cross_correlation,J,05,"{'y_start': 584, 'y_stop': 2821, 'x_start': 33, 'x_stop': 2777}"
J06,PLD3_TMEM106B_mCherry_primary,8,488nm Binned,0.0,0.0,1.0,1.0,1.0,,True,False,False,8,2,0.25,True,anchored_masked_phase_cross_correlation,J,06,"{'y_start': 567, 'y_stop': 2807, 'x_start': 31, 'x_stop': 2776}"
J06,PLD3_TMEM106B_mCherry_primary,12,488nm Binned,-51.0,-66.0,0.005996203987656974,0.1814778488037073,0.9596142399467796,,True,False,False,8,2,0.25,True,anchored_masked_phase_cross_correlation,J,06,"{'y_start': 567, 'y_stop': 2807, 'x_start': 31, 'x_stop': 2776}"
J06,PLD3_TMEM106B_mCherry_primary,16,488nm Binned,-34.0,-19.0,0.010753475434372054,0.15583041418246224,0.9815987601368634,,True,False,False,8,2,0.25,True,anchored_masked_phase_cross_correlation,J,06,"{'y_start': 567, 'y_stop': 2807, 'x_start': 31, 'x_stop': 2776}"
J06,PLD3_TMEM106B_mCherry_primary,20,488nm Binned,-23.0,-73.0,0.004388792918141296,0.12298587844294483,0.9667313198687387,,True,False,False,8,2,0.25,True,anchored_masked_phase_cross_correlation,J,06,"{'y_start': 567, 'y_stop': 2807, 'x_start': 31, 'x_stop': 2776}"
J06,PLD3_TMEM106B_mCherry_primary,25,488nm Binned,75.0,-7.0,0.0014586118701304439,0.25043693773499787,0.9714724736378332,,True,False,True,20,2,0.25,True,anchored_masked_phase_cross_correlation,J,06,"{'y_start': 567, 'y_stop': 2807, 'x_start': 31, 'x_stop': 2776}"
J06,PLD3_TMEM106B_mCherry_primary,29,488nm Binned,53.0,-20.0,0.015931157925075365,0.20695873640815668,0.9746755911914085,,True,False,False,20,2,0.25,True,anchored_masked_phase_cross_correlation,J,06,"{'y_start': 567, 'y_stop': 2807, 'x_start': 31, 'x_stop': 2776}"
J06,PLD3_TMEM106B_mCherry_primary,32,488nm Binned,494.0,-88.0,0.0014889536192573471,0.13845756198783113,0.8023562068046584,,True,False,False,20,2,0.25,True,anchored_masked_phase_cross_correlation,J,06,"{'y_start': 567, 'y_stop': 2807, 'x_start': 31, 'x_stop': 2776}"
J06,PLD3_TMEM106B_mCherry_primary,36,488nm Binned,-61.0,-108.0,-0.0004799511913560353,0.13059724463605404,0.9418748504636357,,True,False,False,20,2,0.25,True,anchored_masked_phase_cross_correlation,J,06,"{'y_start': 567, 'y_stop': 2807, 'x_start': 31, 'x_stop': 2776}"
J06,PLD3_TMEM106B_mCherry_primary,39,488nm Binned,856.0,31.0,0.006886685204143231,0.16566633746070322,0.6939513391650084,,True,True,True,36,2,0.25,True,anchored_masked_phase_cross_correlation,J,06,"{'y_start': 567, 'y_stop': 2807, 'x_start': 31, 'x_stop': 2776}"
J07,PLD3_TMEM106B_mCherry_primary,8,488nm Binned,0.0,0.0,1.0,1.0,1.0,,True,False,False,8,2,0.25,True,anchored_masked_phase_cross_correlation,J,07,"{'y_start': 552, 'y_stop': 2797, 'x_start': 36, 'x_stop': 2780}"
J07,PLD3_TMEM106B_mCherry_primary,12,488nm Binned,-63.0,-66.0,0.005185616487894316,0.1632488318951669,0.9555264263580819,,True,False,False,8,2,0.25,True,anchored_masked_phase_cross_correlation,J,07,"{'y_start': 552, 'y_stop': 2797, 'x_start': 36, 'x_stop': 2780}"
J07,PLD3_TMEM106B_mCherry_primary,16,488nm Binned,-35.0,-19.0,0.009479322700485288,0.1480295438673853,0.9812523950133148,,True,False,False,8,2,0.25,True,anchored_masked_phase_cross_correlation,J,07,"{'y_start': 552, 'y_stop': 2797, 'x_start': 36, 'x_stop': 2780}"
J07,PLD3_TMEM106B_mCherry_primary,20,488nm Binned,-36.0,-68.0,0.0035930384809327353,0.11068442368150841,0.9640354102110724,,True,False,False,8,2,0.25,True,anchored_masked_phase_cross_correlation,J,07,"{'y_start': 552, 'y_stop': 2797, 'x_start': 36, 'x_stop': 2780}"
J07,PLD3_TMEM106B_mCherry_primary,25,488nm Binned,76.0,-2.0,0.005372655528944579,0.2972152658599307,0.9728218265708856,,True,False,True,20,2,0.25,True,anchored_masked_phase_cross_correlation,J,07,"{'y_start': 552, 'y_stop': 2797, 'x_start': 36, 'x_stop': 2780}"
J07,PLD3_TMEM106B_mCherry_primary,29,488nm Binned,52.0,-16.0,0.009340228074015279,0.24517719790235862,0.9763912474299197,,True,False,False,20,2,0.25,True,anchored_masked_phase_cross_correlation,J,07,"{'y_start': 552, 'y_stop': 2797, 'x_start': 36, 'x_stop': 2780}"
J07,PLD3_TMEM106B_mCherry_primary,32,488nm Binned,482.0,-83.0,0.00024118087016335196,0.1681221878360467,0.8078623059431344,,True,False,False,20,2,0.25,True,anchored_masked_phase_cross_correlation,J,07,"{'y_start': 552, 'y_stop': 2797, 'x_start': 36, 'x_stop': 2780}"
J07,PLD3_TMEM106B_mCherry_primary,36,488nm Binned,-71.0,-105.0,0.007559253379109176,0.15469242575815048,0.939539530120271,,True,False,False,20,2,0.25,True,anchored_masked_phase_cross_correlation,J,07,"{'y_start': 552, 'y_stop': 2797, 'x_start': 36, 'x_stop': 2780}"
J07,PLD3_TMEM106B_mCherry_primary,39,488nm Binned,831.0,36.0,-0.0035027363616003935,0.15980293562274153,0.7013357609285552,,True,True,True,36,2,0.25,True,anchored_masked_phase_cross_correlation,J,07,"{'y_start': 552, 'y_stop': 2797, 'x_start': 36, 'x_stop': 2780}"
J08,PLD3_TMEM106B_mCherry_primary,8,488nm Binned,0.0,0.0,1.0,1.0,1.0,,True,False,False,8,2,0.25,True,anchored_masked_phase_cross_correlation,J,08,"{'y_start': 536, 'y_stop': 2790, 'x_start': 35, 'x_stop': 2777}"
J08,PLD3_TMEM106B_mCherry_primary,12,488nm Binned,-70.0,-66.0,-0.005945099001432508,0.17602147946185495,0.9531418684313416,,True,False,False,8,2,0.25,True,anchored_masked_phase_cross_correlation,J,08,"{'y_start': 536, 'y_stop': 2790, 'x_start': 35, 'x_stop': 2777}"
J08,PLD3_TMEM106B_mCherry_primary,16,488nm Binned,-41.0,-22.0,0.00683753794409626,0.1284694870970093,0.978143132803853,,True,False,False,8,2,0.25,True,anchored_masked_phase_cross_correlation,J,08,"{'y_start': 536, 'y_stop': 2790, 'x_start': 35, 'x_stop': 2777}"
J08,PLD3_TMEM106B_mCherry_primary,20,488nm Binned,-48.0,-73.0,0.000233750256221831,0.40445864961419536,0.9582363170579413,,True,False,True,16,2,0.25,True,anchored_masked_phase_cross_correlation,J,08,"{'y_start': 536, 'y_stop': 2790, 'x_start': 35, 'x_stop': 2777}"
J08,PLD3_TMEM106B_mCherry_primary,25,488nm Binned,79.0,-5.0,0.0017567081317323,0.23124750927656743,0.970759318911706,,True,False,False,16,2,0.25,True,anchored_masked_phase_cross_correlation,J,08,"{'y_start': 536, 'y_stop': 2790, 'x_start': 35, 'x_stop': 2777}"
J08,PLD3_TMEM106B_mCherry_primary,29,488nm Binned,53.0,-19.0,0.005985535804574763,0.21118022495067978,0.9750178227894392,,True,False,False,16,2,0.25,True,anchored_masked_phase_cross_correlation,J,08,"{'y_start': 536, 'y_stop': 2790, 'x_start': 35, 'x_stop': 2777}"
J08,PLD3_TMEM106B_mCherry_primary,32,488nm Binned,467.0,-87.0,-0.00141315476804639,0.1467729022910408,0.8117734721030794,,True,False,False,16,2,0.25,True,anchored_masked_phase_cross_correlation,J,08,"{'y_start': 536, 'y_stop': 2790, 'x_start': 35, 'x_stop': 2777}"
J08,PLD3_TMEM106B_mCherry_primary,36,488nm Binned,-78.0,-105.0,0.00020627576584183864,0.11422113014507004,0.9371881619719543,,True,False,False,16,2,0.25,True,anchored_masked_phase_cross_correlation,J,08,"{'y_start': 536, 'y_stop': 2790, 'x_start': 35, 'x_stop': 2777}"
J08,PLD3_TMEM106B_mCherry_primary,39,488nm Binned,811.0,35.0,-7.740835164933078e-05,0.18677729151913414,0.7084718064381849,,True,True,True,36,2,0.25,True,anchored_masked_phase_cross_correlation,J,08,"{'y_start': 536, 'y_stop': 2790, 'x_start': 35, 'x_stop': 2777}"
J09,PLD3_TMEM106B_mCherry_primary,8,488nm Binned,0.0,0.0,1.0,1.0,1.0,,True,False,False,8,2,0.25,True,anchored_masked_phase_cross_correlation,J,09,"{'y_start': 525, 'y_stop': 2777, 'x_start': 37, 'x_stop': 2780}"
J09,PLD3_TMEM106B_mCherry_primary,12,488nm Binned,-79.0,-67.0,0.004104100221845923,0.16895274774162702,0.9497369375730661,,True,False,False,8,2,0.25,True,anchored_masked_phase_cross_correlation,J,09,"{'y_start': 525, 'y_stop': 2777, 'x_start': 37, 'x_stop': 2780}"
J09,PLD3_TMEM106B_mCherry_primary,16,488nm Binned,-39.0,-20.0,0.01644436275706913,0.1307306519797952,0.9795230008811704,,True,False,False,8,2,0.25,True,anchored_masked_phase_cross_correlation,J,09,"{'y_start': 525, 'y_stop': 2777, 'x_start': 37, 'x_stop': 2780}"
J09,PLD3_TMEM106B_mCherry_primary,20,488nm Binned,-59.0,-69.0,0.008489913319366065,0.10802261959095132,0.9558645244305947,,True,False,False,8,2,0.25,True,anchored_masked_phase_cross_correlation,J,09,"{'y_start': 525, 'y_stop': 2777, 'x_start': 37, 'x_stop': 2780}"
J09,PLD3_TMEM106B_mCherry_primary,25,488nm Binned,81.0,-2.0,0.0064662339261236015,0.24293713291513508,0.9710796671393475,,True,False,True,20,2,0.25,True,anchored_masked_phase_cross_correlation,J,09,"{'y_start': 525, 'y_stop': 2777, 'x_start': 37, 'x_stop': 2780}"
J09,PLD3_TMEM106B_mCherry_primary,29,488nm Binned,52.0,-15.0,0.004958997644185555,0.20623576659508638,0.9767336006022304,,True,False,False,20,2,0.25,True,anchored_masked_phase_cross_correlation,J,09,"{'y_start': 525, 'y_stop': 2777, 'x_start': 37, 'x_stop': 2780}"
J09,PLD3_TMEM106B_mCherry_primary,32,488nm Binned,459.0,-84.0,0.001906917704332068,0.1584998021701428,0.8153568740043067,,True,False,False,20,2,0.25,True,anchored_masked_phase_cross_correlation,J,09,"{'y_start': 525, 'y_stop': 2777, 'x_start': 37, 'x_stop': 2780}"
J09,PLD3_TMEM106B_mCherry_primary,36,488nm Binned,-91.0,-103.0,-0.00041289910338533983,0.12087984810817295,0.9334965589615806,,True,False,False,20,2,0.25,True,anchored_masked_phase_cross_correlation,J,09,"{'y_start': 525, 'y_stop': 2777, 'x_start': 37, 'x_stop': 2780}"
J09,PLD3_TMEM106B_mCherry_primary,39,488nm Binned,785.0,37.0,0.0012814734583029193,0.14697800723425736,0.7169202462997653,,True,True,True,36,2,0.25,True,anchored_masked_phase_cross_correlation,J,09,"{'y_start': 525, 'y_stop': 2777, 'x_start': 37, 'x_stop': 2780}"
J10,PLD3_TMEM106B_mCherry_primary,8,488nm Binned,0.0,0.0,1.0,1.0,1.0,,True,False,False,8,2,0.25,True,anchored_masked_phase_cross_correlation,J,10,"{'y_start': 511, 'y_stop': 2772, 'x_start': 31, 'x_stop': 2775}"
J10,PLD3_TMEM106B_mCherry_primary,12,488nm Binned,-88.0,-69.0,-0.0009929577597813206,0.17741180835244114,0.9459962185535967,,True,False,False,8,2,0.25,True,anchored_masked_phase_cross_correlation,J,10,"{'y_start': 511, 'y_stop': 2772, 'x_start': 31, 'x_stop': 2775}"
J10,PLD3_TMEM106B_mCherry_primary,16,488nm Binned,-44.0,-20.0,0.009851446784690802,0.13623901372872663,0.9777917831348268,,True,False,False,8,2,0.25,True,anchored_masked_phase_cross_correlation,J,10,"{'y_start': 511, 'y_stop': 2772, 'x_start': 31, 'x_stop': 2775}"
J10,PLD3_TMEM106B_mCherry_primary,20,488nm Binned,-70.0,-74.0,-0.0024813795350254377,0.10283629167840157,0.9504205497491679,,True,False,False,8,2,0.25,True,anchored_masked_phase_cross_correlation,J,10,"{'y_start': 511, 'y_stop': 2772, 'x_start': 31, 'x_stop': 2775}"
J10,PLD3_TMEM106B_mCherry_primary,25,488nm Binned,82.0,-6.0,0.005166874753824327,0.2765582734536846,0.9693764114773901,,True,False,True,20,2,0.25,True,anchored_masked_phase_cross_correlation,J,10,"{'y_start': 511, 'y_stop': 2772, 'x_start': 31, 'x_stop': 2775}"
J10,PLD3_TMEM106B_mCherry_primary,29,488nm Binned,53.0,-18.0,0.015043181272530341,0.223151461865762,0.9753600543874699,,True,False,False,20,2,0.25,True,anchored_masked_phase_cross_correlation,J,10,"{'y_start': 511, 'y_stop': 2772, 'x_start': 31, 'x_stop': 2775}"
J10,PLD3_TMEM106B_mCherry_primary,32,488nm Binned,447.0,-89.0,0.002059450055262266,0.13944597453457452,0.8179467708898653,,True,False,False,20,2,0.25,True,anchored_masked_phase_cross_correlation,J,10,"{'y_start': 511, 'y_stop': 2772, 'x_start': 31, 'x_stop': 2775}"
J10,PLD3_TMEM106B_mCherry_primary,36,488nm Binned,-96.0,-109.0,-0.001011971416941557,0.13207209957460428,0.9297937711174524,,True,False,False,20,2,0.25,True,anchored_masked_phase_cross_correlation,J,10,"{'y_start': 511, 'y_stop': 2772, 'x_start': 31, 'x_stop': 2775}"
J10,PLD3_TMEM106B_mCherry_primary,39,488nm Binned,766.0,31.0,0.0002332227296752619,0.2046612059059624,0.7249929000620515,,True,True,True,36,2,0.25,True,anchored_masked_phase_cross_correlation,J,10,"{'y_start': 511, 'y_stop': 2772, 'x_start': 31, 'x_stop': 2775}"
J11,PLD3_TMEM106B_mCherry_primary,8,488nm Binned,0.0,0.0,1.0,1.0,1.0,,True,False,False,8,2,0.25,True,anchored_masked_phase_cross_correlation,J,11,"{'y_start': 498, 'y_stop': 2763, 'x_start': 31, 'x_stop': 2776}"
J11,PLD3_TMEM106B_mCherry_primary,12,488nm Binned,-95.0,-69.0,0.008816730267618932,0.16707296133370636,0.9436142136867351,,True,False,False,8,2,0.25,True,anchored_masked_phase_cross_correlation,J,11,"{'y_start': 498, 'y_stop': 2763, 'x_start': 31, 'x_stop': 2776}"
J11,PLD3_TMEM106B_mCherry_primary,16,488nm Binned,-48.0,-19.0,0.010165011242596505,0.1415371119491715,0.9767496484071824,,True,False,False,8,2,0.25,True,anchored_masked_phase_cross_correlation,J,11,"{'y_start': 498, 'y_stop': 2763, 'x_start': 31, 'x_stop': 2776}"
J11,PLD3_TMEM106B_mCherry_primary,20,488nm Binned,-83.0,-72.0,0.008181346144605188,0.11694863561666809,0.9466818974924576,,True,False,False,8,2,0.25,True,anchored_masked_phase_cross_correlation,J,11,"{'y_start': 498, 'y_stop': 2763, 'x_start': 31, 'x_stop': 2776}"
J11,PLD3_TMEM106B_mCherry_primary,25,488nm Binned,84.0,-5.0,0.00205806567760429,0.10193206835984003,0.969018983094367,,True,False,False,8,2,0.25,True,anchored_masked_phase_cross_correlation,J,11,"{'y_start': 498, 'y_stop': 2763, 'x_start': 31, 'x_stop': 2776}"
J11,PLD3_TMEM106B_mCherry_primary,29,488nm Binned,53.0,-19.0,0.012946326356838225,0.28216762045298643,0.9750178227894392,,True,False,True,25,2,0.25,True,anchored_masked_phase_cross_correlation,J,11,"{'y_start': 498, 'y_stop': 2763, 'x_start': 31, 'x_stop': 2776}"
J11,PLD3_TMEM106B_mCherry_primary,32,488nm Binned,436.0,-87.0,-0.002958556006385321,0.18461718896064533,0.8222545123509742,,True,False,False,25,2,0.25,True,anchored_masked_phase_cross_correlation,J,11,"{'y_start': 498, 'y_stop': 2763, 'x_start': 31, 'x_stop': 2776}"
J11,PLD3_TMEM106B_mCherry_primary,36,488nm Binned,-105.0,-109.0,0.003979002962934931,0.12900064029460154,0.9267749601722659,,True,False,False,25,2,0.25,True,anchored_masked_phase_cross_correlation,J,11,"{'y_start': 498, 'y_stop': 2763, 'x_start': 31, 'x_stop': 2776}"
J11,PLD3_TMEM106B_mCherry_primary,39,488nm Binned,743.0,31.0,0.0010633248871358889,0.18697314962290923,0.732925743402407,,True,True,True,36,2,0.25,True,anchored_masked_phase_cross_correlation,J,11,"{'y_start': 498, 'y_stop': 2763, 'x_start': 31, 'x_stop': 2776}"
J12,PLD3_TMEM106B_mCherry_primary,8,488nm Binned,0.0,0.0,1.0,1.0,1.0,,True,False,False,8,2,0.25,True,anchored_masked_phase_cross_correlation,J,12,"{'y_start': 479, 'y_stop': 2742, 'x_start': 34, 'x_stop': 2778}"
J12,PLD3_TMEM106B_mCherry_primary,12,488nm Binned,-107.0,-68.0,0.0015793755869341246,0.1605150082625011,0.9398664433590292,,True,False,False,8,2,0.25,True,anchored_masked_phase_cross_correlation,J,12,"{'y_start': 479, 'y_stop': 2742, 'x_start': 34, 'x_stop': 2778}"
J12,PLD3_TMEM106B_mCherry_primary,16,488nm Binned,-52.0,-20.0,0.007226806099622446,0.14719204186143553,0.9750218347406772,,True,False,False,8,2,0.25,True,anchored_masked_phase_cross_correlation,J,12,"{'y_start': 479, 'y_stop': 2742, 'x_start': 34, 'x_stop': 2778}"
J12,PLD3_TMEM106B_mCherry_primary,20,488nm Binned,-97.0,-74.0,0.005020463544887978,0.10600796202232923,0.9412492292190652,,True,False,False,8,2,0.25,True,anchored_masked_phase_cross_correlation,J,12,"{'y_start': 479, 'y_stop': 2742, 'x_start': 34, 'x_stop': 2778}"
J12,PLD3_TMEM106B_mCherry_primary,25,488nm Binned,83.0,-5.0,0.00517277349215311,0.2595966995808584,0.9693670502578348,,True,False,True,20,2,0.25,True,anchored_masked_phase_cross_correlation,J,12,"{'y_start': 479, 'y_stop': 2742, 'x_start': 34, 'x_stop': 2778}"
J12,PLD3_TMEM106B_mCherry_primary,29,488nm Binned,53.0,-18.0,0.00831018785877652,0.22325621534351867,0.9753600543874699,,True,False,False,20,2,0.25,True,anchored_masked_phase_cross_correlation,J,12,"{'y_start': 479, 'y_stop': 2742, 'x_start': 34, 'x_stop': 2778}"
J12,PLD3_TMEM106B_mCherry_primary,32,488nm Binned,421.0,-86.0,-0.00291498474576542,0.1563823691042818,0.8276234757016782,,True,False,False,20,2,0.25,True,anchored_masked_phase_cross_correlation,J,12,"{'y_start': 479, 'y_stop': 2742, 'x_start': 34, 'x_stop': 2778}"
J12,PLD3_TMEM106B_mCherry_primary,36,488nm Binned,-126.0,-105.0,-0.0007704738465077924,0.10207709063518287,0.9210644946692109,,True,False,False,20,2,0.25,True,anchored_masked_phase_cross_correlation,J,12,"{'y_start': 479, 'y_stop': 2742, 'x_start': 34, 'x_stop': 2778}"
J12,PLD3_TMEM106B_mCherry_primary,39,488nm Binned,707.0,34.0,0.006162763800578318,0.17634427679602266,0.7445542017043741,,True,True,True,36,2,0.25,True,anchored_masked_phase_cross_correlation,J,12,"{'y_start': 479, 'y_stop': 2742, 'x_start': 34, 'x_stop': 2778}"
J13,PLD3_TMEM106B_mCherry_primary,8,488nm Binned,0.0,0.0,1.0,1.0,1.0,,True,False,False,8,2,0.25,True,anchored_masked_phase_cross_correlation,J,13,"{'y_start': 471, 'y_stop': 2737, 'x_start': 37, 'x_stop': 2781}"
J13,PLD3_TMEM106B_mCherry_primary,12,488nm Binned,-117.0,-69.0,0.0011735006541242533,0.1568812171607091,0.9361279126765988,,True,False,False,8,2,0.25,True,anchored_masked_phase_cross_correlation,J,13,"{'y_start': 471, 'y_stop': 2737, 'x_start': 37, 'x_stop': 2781}"
J13,PLD3_TMEM106B_mCherry_primary,16,488nm Binned,-55.0,-22.0,0.008138368285727287,0.1397600596008971,0.9732991271939294,,True,False,False,8,2,0.25,True,anchored_masked_phase_cross_correlation,J,13,"{'y_start': 471, 'y_stop': 2737, 'x_start': 37, 'x_stop': 2781}"
J13,PLD3_TMEM106B_mCherry_primary,20,488nm Binned,-106.0,-70.0,-0.003387618189579593,0.10972941929435281,0.9395352750204731,,True,False,False,8,2,0.25,True,anchored_masked_phase_cross_correlation,J,13,"{'y_start': 471, 'y_stop': 2737, 'x_start': 37, 'x_stop': 2781}"
J13,PLD3_TMEM106B_mCherry_primary,25,488nm Binned,88.0,-2.0,0.0011797503902230958,0.2818838132590594,0.9686406439351941,,True,False,True,20,2,0.25,True,anchored_masked_phase_cross_correlation,J,13,"{'y_start': 471, 'y_stop': 2737, 'x_start': 37, 'x_stop': 2781}"
J13,PLD3_TMEM106B_mCherry_primary,29,488nm Binned,55.0,-15.0,0.008595652345254405,0.22671837109282045,0.9756930463402251,,True,False,False,20,2,0.25,True,anchored_masked_phase_cross_correlation,J,13,"{'y_start': 471, 'y_stop': 2737, 'x_start': 37, 'x_stop': 2781}"
J13,PLD3_TMEM106B_mCherry_primary,32,488nm Binned,415.0,-83.0,-0.00033082410604762117,0.14834309404799542,0.8305474587085115,,True,False,False,20,2,0.25,True,anchored_masked_phase_cross_correlation,J,13,"{'y_start': 471, 'y_stop': 2737, 'x_start': 37, 'x_stop': 2781}"
J13,PLD3_TMEM106B_mCherry_primary,36,488nm Binned,-131.0,-101.0,-0.005026303232363582,0.1442062947011103,0.9207159412086234,,True,False,False,20,2,0.25,True,anchored_masked_phase_cross_correlation,J,13,"{'y_start': 471, 'y_stop': 2737, 'x_start': 37, 'x_stop': 2781}"
J13,PLD3_TMEM106B_mCherry_primary,39,488nm Binned,691.0,37.0,0.00010870511344765608,0.1934681804403667,0.7492728642316797,,True,True,True,36,2,0.25,True,anchored_masked_phase_cross_correlation,J,13,"{'y_start': 471, 'y_stop': 2737, 'x_start': 37, 'x_stop': 2781}"
J14,PLD3_TMEM106B_mCherry_primary,8,488nm Binned,0.0,0.0,1.0,1.0,1.0,,True,False,False,8,2,0.25,True,anchored_masked_phase_cross_correlation,J,14,"{'y_start': 453, 'y_stop': 2726, 'x_start': 33, 'x_stop': 2776}"
J14,PLD3_TMEM106B_mCherry_primary,12,488nm Binned,-125.0,-70.0,-0.004189175967133043,0.1700869454018691,0.9330721431503105,,True,False,False,8,2,0.25,True,anchored_masked_phase_cross_correlation,J,14,"{'y_start': 453, 'y_stop': 2726, 'x_start': 33, 'x_stop': 2776}"
J14,PLD3_TMEM106B_mCherry_primary,16,488nm Binned,-58.0,-22.0,0.004945615608488596,0.1324659582833585,0.9722611259918029,,True,False,False,8,2,0.25,True,anchored_masked_phase_cross_correlation,J,14,"{'y_start': 453, 'y_stop': 2726, 'x_start': 33, 'x_stop': 2776}"
J14,PLD3_TMEM106B_mCherry_primary,20,488nm Binned,-118.0,-74.0,0.003781999033276934,0.3928109648262682,0.9341159799178741,,True,False,True,16,2,0.25,True,anchored_masked_phase_cross_correlation,J,14,"{'y_start': 453, 'y_stop': 2726, 'x_start': 33, 'x_stop': 2776}"
J14,PLD3_TMEM106B_mCherry_primary,25,488nm Binned,89.0,-6.0,0.007212298356512918,0.23322520738403676,0.9669407923530751,,True,False,False,16,2,0.25,True,anchored_masked_phase_cross_correlation,J,14,"{'y_start': 453, 'y_stop': 2726, 'x_start': 33, 'x_stop': 2776}"
J14,PLD3_TMEM106B_mCherry_primary,29,488nm Binned,54.0,-18.0,0.013399227213747887,0.1712700285261323,0.9750135676896413,,True,False,False,16,2,0.25,True,anchored_masked_phase_cross_correlation,J,14,"{'y_start': 453, 'y_stop': 2726, 'x_start': 33, 'x_stop': 2776}"
J14,PLD3_TMEM106B_mCherry_primary,32,488nm Binned,399.0,-88.0,0.005619425678476719,0.12219693733691547,0.834463974136774,,True,False,False,16,2,0.25,True,anchored_masked_phase_cross_correlation,J,14,"{'y_start': 453, 'y_stop': 2726, 'x_start': 33, 'x_stop': 2776}"
J14,PLD3_TMEM106B_mCherry_primary,36,488nm Binned,-142.0,-105.0,0.0026428662787538206,0.2232342352470983,0.9156899389016299,,True,False,True,32,2,0.25,True,anchored_masked_phase_cross_correlation,J,14,"{'y_start': 453, 'y_stop': 2726, 'x_start': 33, 'x_stop': 2776}"
J14,PLD3_TMEM106B_mCherry_primary,39,488nm Binned,666.0,33.0,0.007413083211093627,0.15499746222136615,0.7589481101521331,,True,True,False,32,2,0.25,True,anchored_masked_phase_cross_correlation,J,14,"{'y_start': 453, 'y_stop': 2726, 'x_start': 33, 'x_stop': 2776}"
J15,PLD3_TMEM106B_mCherry_primary,8,488nm Binned,0.0,0.0,1.0,1.0,1.0,,True,False,False,8,2,0.25,True,anchored_masked_phase_cross_correlation,J,15,"{'y_start': 440, 'y_stop': 2717, 'x_start': 32, 'x_stop': 2776}"
J15,PLD3_TMEM106B_mCherry_primary,12,488nm Binned,-134.0,-70.0,-0.0037839522848794275,0.1662330986586814,0.9300106596328651,,True,False,False,8,2,0.25,True,anchored_masked_phase_cross_correlation,J,15,"{'y_start': 440, 'y_stop': 2717, 'x_start': 32, 'x_stop': 2776}"
J15,PLD3_TMEM106B_mCherry_primary,16,488nm Binned,-59.0,-22.0,0.005915232842743523,0.1394530908816176,0.9719151255910942,,True,False,False,8,2,0.25,True,anchored_masked_phase_cross_correlation,J,15,"{'y_start': 440, 'y_stop': 2717, 'x_start': 32, 'x_stop': 2776}"
J15,PLD3_TMEM106B_mCherry_primary,20,488nm Binned,-131.0,-74.0,-0.005341357644852388,0.10562080178320492,0.9297001589218987,,True,False,False,8,2,0.25,True,anchored_masked_phase_cross_correlation,J,15,"{'y_start': 440, 'y_stop': 2717, 'x_start': 32, 'x_stop': 2776}"
J15,PLD3_TMEM106B_mCherry_primary,25,488nm Binned,92.0,-6.0,0.0041303250393036365,0.2794626678527038,0.9658969555855115,,True,False,True,20,2,0.25,True,anchored_masked_phase_cross_correlation,J,15,"{'y_start': 440, 'y_stop': 2717, 'x_start': 32, 'x_stop': 2776}"
J15,PLD3_TMEM106B_mCherry_primary,29,488nm Binned,54.0,-19.0,0.006483259413650415,0.2700870208245282,0.9746714576658906,,True,False,False,20,2,0.25,True,anchored_masked_phase_cross_correlation,J,15,"{'y_start': 440, 'y_stop': 2717, 'x_start': 32, 'x_stop': 2776}"
J15,PLD3_TMEM106B_mCherry_primary,32,488nm Binned,389.0,-88.0,-0.002984745338813989,0.16357691764357632,0.8378437391191019,,True,False,False,20,2,0.25,True,anchored_masked_phase_cross_correlation,J,15,"{'y_start': 440, 'y_stop': 2717, 'x_start': 32, 'x_stop': 2776}"
J15,PLD3_TMEM106B_mCherry_primary,36,488nm Binned,-151.0,-104.0,-8.663622222439481e-05,0.15174847092617255,0.9129970686009621,,True,False,False,20,2,0.25,True,anchored_masked_phase_cross_correlation,J,15,"{'y_start': 440, 'y_stop': 2717, 'x_start': 32, 'x_stop': 2776}"
J15,PLD3_TMEM106B_mCherry_primary,39,488nm Binned,643.0,32.0,-0.0006369328255392888,0.12445649062412538,0.7671458638484776,,True,True,True,36,2,0.25,True,anchored_masked_phase_cross_correlation,J,15,"{'y_start': 440, 'y_stop': 2717, 'x_start': 32, 'x_stop': 2776}"
J16,PLD3_TMEM106B_mCherry_primary,8,488nm Binned,0.0,0.0,1.0,1.0,1.0,,True,False,False,8,2,0.25,True,anchored_masked_phase_cross_correlation,J,16,"{'y_start': 427, 'y_stop': 2708, 'x_start': 35, 'x_stop': 2778}"
J16,PLD3_TMEM106B_mCherry_primary,12,488nm Binned,-145.0,-72.0,0.0003998933188149728,0.1502679774787148,0.9256067529163238,,True,False,False,8,2,0.25,True,anchored_masked_phase_cross_correlation,J,16,"{'y_start': 427, 'y_stop': 2708, 'x_start': 35, 'x_stop': 2778}"
J16,PLD3_TMEM106B_mCherry_primary,16,488nm Binned,-63.0,-20.0,0.010381392624418192,0.13107685644798872,0.9712131556987215,,True,False,False,8,2,0.25,True,anchored_masked_phase_cross_correlation,J,16,"{'y_start': 427, 'y_stop': 2708, 'x_start': 35, 'x_stop': 2778}"
J16,PLD3_TMEM106B_mCherry_primary,20,488nm Binned,-142.0,-73.0,0.0011527266565466948,0.4292937458405743,0.9262951064893433,,True,False,True,16,2,0.25,True,anchored_masked_phase_cross_correlation,J,16,"{'y_start': 427, 'y_stop': 2708, 'x_start': 35, 'x_stop': 2778}"
J16,PLD3_TMEM106B_mCherry_primary,25,488nm Binned,93.0,-4.0,-0.00359277495032142,0.22757916770347092,0.9662237472499898,,True,False,False,16,2,0.25,True,anchored_masked_phase_cross_correlation,J,16,"{'y_start': 427, 'y_stop': 2708, 'x_start': 35, 'x_stop': 2778}"
J16,PLD3_TMEM106B_mCherry_primary,29,488nm Binned,56.0,-18.0,0.006345452491245238,0.17259767703993611,0.9743205942939841,,True,False,False,16,2,0.25,True,anchored_masked_phase_cross_correlation,J,16,"{'y_start': 427, 'y_stop': 2708, 'x_start': 35, 'x_stop': 2778}"
J16,PLD3_TMEM106B_mCherry_primary,32,488nm Binned,377.0,-87.0,-0.0008205924937260348,0.119570165929217,0.8422022986292257,,True,False,False,16,2,0.25,True,anchored_masked_phase_cross_correlation,J,16,"{'y_start': 427, 'y_stop': 2708, 'x_start': 35, 'x_stop': 2778}"
J16,PLD3_TMEM106B_mCherry_primary,36,488nm Binned,-160.0,-100.0,-0.002227007321823467,0.10148402436489261,0.9112896794134868,,True,False,False,16,2,0.25,True,anchored_masked_phase_cross_correlation,J,16,"{'y_start': 427, 'y_stop': 2708, 'x_start': 35, 'x_stop': 2778}"
J16,PLD3_TMEM106B_mCherry_primary,39,488nm Binned,622.0,35.0,0.003813933108564673,0.20710278625978007,0.7735671741663408,,True,True,True,36,2,0.25,True,anchored_masked_phase_cross_correlation,J,16,"{'y_start': 427, 'y_stop': 2708, 'x_start': 35, 'x_stop': 2778}"
J17,PLD3_TMEM106B_mCherry_primary,8,488nm Binned,0.0,0.0,1.0,1.0,1.0,,True,False,False,8,2,0.25,True,anchored_masked_phase_cross_correlation,J,17,"{'y_start': 412, 'y_stop': 2693, 'x_start': 27, 'x_stop': 2773}"
J17,PLD3_TMEM106B_mCherry_primary,12,488nm Binned,-155.0,-70.0,0.0036015260147306168,0.16800634774757314,0.9228671980921591,,True,False,False,8,2,0.25,True,anchored_masked_phase_cross_correlation,J,17,"{'y_start': 412, 'y_stop': 2693, 'x_start': 27, 'x_stop': 2773}"
J17,PLD3_TMEM106B_mCherry_primary,16,488nm Binned,-68.0,-21.0,-0.002282397549597126,0.1277546187447364,0.9691415299685463,,True,False,False,8,2,0.25,True,anchored_masked_phase_cross_correlation,J,17,"{'y_start': 412, 'y_stop': 2693, 'x_start': 27, 'x_stop': 2773}"
J17,PLD3_TMEM106B_mCherry_primary,20,488nm Binned,-156.0,-74.0,0.0014792134360511516,0.11433198800435065,0.9212081954680998,,True,False,False,8,2,0.25,True,anchored_masked_phase_cross_correlation,J,17,"{'y_start': 412, 'y_stop': 2693, 'x_start': 27, 'x_stop': 2773}"
J17,PLD3_TMEM106B_mCherry_primary,25,488nm Binned,93.0,-6.0,0.0034389567312973044,0.25898665797179693,0.9655490099963236,,True,False,True,20,2,0.25,True,anchored_masked_phase_cross_correlation,J,17,"{'y_start': 412, 'y_stop': 2693, 'x_start': 27, 'x_stop': 2773}"
J17,PLD3_TMEM106B_mCherry_primary,29,488nm Binned,53.0,-18.0,0.0006379868078908842,0.21490626982841254,0.9753600543874699,,True,False,False,20,2,0.25,True,anchored_masked_phase_cross_correlation,J,17,"{'y_start': 412, 'y_stop': 2693, 'x_start': 27, 'x_stop': 2773}"
J17,PLD3_TMEM106B_mCherry_primary,32,488nm Binned,366.0,-92.0,-0.00012287087567820185,0.1748331085121482,0.8444004831848182,,True,False,False,20,2,0.25,True,anchored_masked_phase_cross_correlation,J,17,"{'y_start': 412, 'y_stop': 2693, 'x_start': 27, 'x_stop': 2773}"
J17,PLD3_TMEM106B_mCherry_primary,36,488nm Binned,-175.0,-107.0,0.0002981143036555435,0.13216622059364047,0.9039501185592378,,True,False,False,20,2,0.25,True,anchored_masked_phase_cross_correlation,J,17,"{'y_start': 412, 'y_stop': 2693, 'x_start': 27, 'x_stop': 2773}"
J17,PLD3_TMEM106B_mCherry_primary,39,488nm Binned,592.0,27.0,-0.006086965596585888,0.17532753725377354,0.786113396707574,,True,True,True,36,2,0.25,True,anchored_masked_phase_cross_correlation,J,17,"{'y_start': 412, 'y_stop': 2693, 'x_start': 27, 'x_stop': 2773}"
J18,PLD3_TMEM106B_mCherry_primary,8,488nm Binned,0.0,0.0,1.0,1.0,1.0,,True,False,False,8,2,0.25,True,anchored_masked_phase_cross_correlation,J,18,"{'y_start': 398, 'y_stop': 2682, 'x_start': 27, 'x_stop': 2774}"
J18,PLD3_TMEM106B_mCherry_primary,12,488nm Binned,-163.0,-70.0,0.004230988136529038,0.1514515942592026,0.9201458794099854,,True,False,False,8,2,0.25,True,anchored_masked_phase_cross_correlation,J,18,"{'y_start': 398, 'y_stop': 2682, 'x_start': 27, 'x_stop': 2774}"
J18,PLD3_TMEM106B_mCherry_primary,16,488nm Binned,-70.0,-23.0,0.0009553504883741792,0.12964481726636806,0.9677689563480253,,True,False,False,8,2,0.25,True,anchored_masked_phase_cross_correlation,J,18,"{'y_start': 398, 'y_stop': 2682, 'x_start': 27, 'x_stop': 2774}"
J18,PLD3_TMEM106B_mCherry_primary,20,488nm Binned,-168.0,-76.0,0.0001925004803132136,0.10055756032302424,0.9164755518986012,,True,False,False,8,2,0.25,True,anchored_masked_phase_cross_correlation,J,18,"{'y_start': 398, 'y_stop': 2682, 'x_start': 27, 'x_stop': 2774}"
J18,PLD3_TMEM106B_mCherry_primary,25,488nm Binned,93.0,-6.0,0.0032472018810671198,0.2950631905571156,0.9655490099963236,,True,False,True,20,2,0.25,True,anchored_masked_phase_cross_correlation,J,18,"{'y_start': 398, 'y_stop': 2682, 'x_start': 27, 'x_stop': 2774}"
J18,PLD3_TMEM106B_mCherry_primary,29,488nm Binned,53.0,-19.0,0.006532726679565495,0.24003166336129933,0.9750178227894392,,True,False,False,20,2,0.25,True,anchored_masked_phase_cross_correlation,J,18,"{'y_start': 398, 'y_stop': 2682, 'x_start': 27, 'x_stop': 2774}"
J18,PLD3_TMEM106B_mCherry_primary,32,488nm Binned,354.0,-90.0,-6.005543193579795e-05,0.15195450568469157,0.8490616410777122,,True,False,False,20,2,0.25,True,anchored_masked_phase_cross_correlation,J,18,"{'y_start': 398, 'y_stop': 2682, 'x_start': 27, 'x_stop': 2774}"
J18,PLD3_TMEM106B_mCherry_primary,36,488nm Binned,-186.0,-107.0,0.001050113044455226,0.1354621773024493,0.9002577861031845,,True,False,False,20,2,0.25,True,anchored_masked_phase_cross_correlation,J,18,"{'y_start': 398, 'y_stop': 2682, 'x_start': 27, 'x_stop': 2774}"
J18,PLD3_TMEM106B_mCherry_primary,39,488nm Binned,570.0,27.0,0.003851826225035783,0.16245596800459058,0.7937120323523748,,True,True,True,36,2,0.25,True,anchored_masked_phase_cross_correlation,J,18,"{'y_start': 398, 'y_stop': 2682, 'x_start': 27, 'x_stop': 2774}"
K05,PLD3_only_no_mCherry,8,488nm Binned,0.0,0.0,1.0,1.0,1.0,,True,False,False,8,2,0.25,True,anchored_masked_phase_cross_correlation,K,05,"{'y_start': 582, 'y_stop': 2820, 'x_start': 59, 'x_stop': 2788}"
K05,PLD3_only_no_mCherry,12,488nm Binned,-40.0,-56.0,0.009033039087957093,0.192709341117617,0.9667995230397849,,True,False,False,8,2,0.25,True,anchored_masked_phase_cross_correlation,K,05,"{'y_start': 582, 'y_stop': 2820, 'x_start': 59, 'x_stop': 2788}"
K05,PLD3_only_no_mCherry,16,488nm Binned,-30.0,-16.0,0.015374510026698101,0.14801707810946788,0.984019304050466,,True,False,False,8,2,0.25,True,anchored_masked_phase_cross_correlation,K,05,"{'y_start': 582, 'y_stop': 2820, 'x_start': 59, 'x_stop': 2788}"
K05,PLD3_only_no_mCherry,20,488nm Binned,-9.0,-58.0,0.005347937359773185,0.1335239157790976,0.9767022344380059,,True,False,False,8,2,0.25,True,anchored_masked_phase_cross_correlation,K,05,"{'y_start': 582, 'y_stop': 2820, 'x_start': 59, 'x_stop': 2788}"
K05,PLD3_only_no_mCherry,25,488nm Binned,75.0,-6.0,0.006387340963913538,0.2917990029571787,0.9718120306017052,,True,False,True,20,2,0.25,True,anchored_masked_phase_cross_correlation,K,05,"{'y_start': 582, 'y_stop': 2820, 'x_start': 59, 'x_stop': 2788}"
K05,PLD3_only_no_mCherry,29,488nm Binned,57.0,-19.0,0.01577745410531904,0.2345240525378343,0.9736323622952446,,True,False,False,20,2,0.25,True,anchored_masked_phase_cross_correlation,K,05,"{'y_start': 582, 'y_stop': 2820, 'x_start': 59, 'x_stop': 2788}"
K05,PLD3_only_no_mCherry,32,488nm Binned,507.0,-76.0,-0.0027953453705074245,0.16078219996041299,0.801406954826888,,True,True,False,20,2,0.25,True,anchored_masked_phase_cross_correlation,K,05,"{'y_start': 582, 'y_stop': 2820, 'x_start': 59, 'x_stop': 2788}"
K05,PLD3_only_no_mCherry,36,488nm Binned,-48.0,-96.0,0.007806712437377148,0.13202803003457092,0.9503510092610423,,True,False,False,20,2,0.25,True,anchored_masked_phase_cross_correlation,K,05,"{'y_start': 582, 'y_stop': 2820, 'x_start': 59, 'x_stop': 2788}"
K05,PLD3_only_no_mCherry,39,488nm Binned,881.0,59.0,0.0013114187678612305,0.2402150959911881,0.6785647767215405,,True,True,True,36,2,0.25,True,anchored_masked_phase_cross_correlation,K,05,"{'y_start': 582, 'y_stop': 2820, 'x_start': 59, 'x_stop': 2788}"
K06,PLD3_only_no_mCherry,8,488nm Binned,0.0,0.0,1.0,1.0,1.0,,True,False,False,8,1,0.125,True,anchored_masked_phase_cross_correlation,K,06,"{'y_start': 567, 'y_stop': 2812, 'x_start': 57, 'x_stop': 2789}"
K06,PLD3_only_no_mCherry,12,488nm Binned,-51.0,-57.0,0.00035911356113831695,0.17907541833986257,0.9626965126660948,,True,False,False,8,1,0.125,True,anchored_masked_phase_cross_correlation,K,06,"{'y_start': 567, 'y_stop': 2812, 'x_start': 57, 'x_stop': 2789}"
K06,PLD3_only_no_mCherry,16,488nm Binned,-34.0,-17.0,0.014989508244835074,0.14331588406798818,0.9822878431555626,,True,False,False,8,1,0.125,True,anchored_masked_phase_cross_correlation,K,06,"{'y_start': 567, 'y_stop': 2812, 'x_start': 57, 'x_stop': 2789}"
K06,PLD3_only_no_mCherry,20,488nm Binned,-21.0,-59.0,0.005268426193474659,0.10966671084313581,0.9722566277434452,,True,False,False,8,1,0.125,True,anchored_masked_phase_cross_correlation,K,06,"{'y_start': 567, 'y_stop': 2812, 'x_start': 57, 'x_stop': 2789}"
K06,PLD3_only_no_mCherry,25,488nm Binned,78.0,-6.0,0.007352033601500308,0.34937294099744576,0.9707681938341416,,True,False,True,20,1,0.125,True,anchored_masked_phase_cross_correlation,K,06,"{'y_start': 567, 'y_stop': 2812, 'x_start': 57, 'x_stop': 2789}"
K06,PLD3_only_no_mCherry,29,488nm Binned,55.0,-18.0,0.007202377374232202,0.26840693594515963,0.9746670809918127,,True,False,False,20,1,0.125,True,anchored_masked_phase_cross_correlation,K,06,"{'y_start': 567, 'y_stop': 2812, 'x_start': 57, 'x_stop': 2789}"
K06,PLD3_only_no_mCherry,32,488nm Binned,494.0,-74.0,0.0012510986599532695,0.1929124113941045,0.8063968495727394,,True,False,False,20,1,0.125,True,anchored_masked_phase_cross_correlation,K,06,"{'y_start': 567, 'y_stop': 2812, 'x_start': 57, 'x_stop': 2789}"
K06,PLD3_only_no_mCherry,36,488nm Binned,-56.0,-95.0,0.0010687939435599218,0.14066646856778464,0.947996844904287,,True,False,False,20,1,0.125,True,anchored_masked_phase_cross_correlation,K,06,"{'y_start': 567, 'y_stop': 2812, 'x_start': 57, 'x_stop': 2789}"
K06,PLD3_only_no_mCherry,39,488nm Binned,858.0,57.0,0.004859518080518298,0.10123450221896026,0.6869080548309728,,True,True,False,20,1,0.125,True,anchored_masked_phase_cross_correlation,K,06,"{'y_start': 567, 'y_stop': 2812, 'x_start': 57, 'x_stop': 2789}"
J19,PLD3_TMEM106B_mCherry_primary,8,488nm Binned,0.0,0.0,1.0,1.0,1.0,,True,False,False,8,2,0.25,True,anchored_masked_phase_cross_correlation,J,19,"{'y_start': 379, 'y_stop': 2668, 'x_start': 26, 'x_stop': 2774}"
J19,PLD3_TMEM106B_mCherry_primary,12,488nm Binned,-173.0,-71.0,0.0010148409577237648,0.18750186012304115,0.9164165883728304,,True,False,False,8,2,0.25,True,anchored_masked_phase_cross_correlation,J,19,"{'y_start': 379, 'y_stop': 2668, 'x_start': 26, 'x_stop': 2774}"
J19,PLD3_TMEM106B_mCherry_primary,16,488nm Binned,-73.0,-23.0,-0.0009369035994235304,0.16412872973492781,0.9667313198687387,,True,False,False,8,2,0.25,True,anchored_masked_phase_cross_correlation,J,19,"{'y_start': 379, 'y_stop': 2668, 'x_start': 26, 'x_stop': 2774}"
J19,PLD3_TMEM106B_mCherry_primary,20,488nm Binned,-183.0,-75.0,0.003686940988049349,0.13020902418483307,0.9117104479963586,,True,False,False,8,2,0.25,True,anchored_masked_phase_cross_correlation,J,19,"{'y_start': 379, 'y_stop': 2668, 'x_start': 26, 'x_stop': 2774}"
J19,PLD3_TMEM106B_mCherry_primary,25,488nm Binned,91.0,-7.0,0.007955054139899016,0.10057618767033555,0.9659072893993064,,True,False,False,8,2,0.25,True,anchored_masked_phase_cross_correlation,J,19,"{'y_start': 379, 'y_stop': 2668, 'x_start': 26, 'x_stop': 2774}"
J19,PLD3_TMEM106B_mCherry_primary,29,488nm Binned,48.0,-18.0,0.012553820386836525,0.30728834618326667,0.9770924878766128,,True,False,True,25,2,0.25,True,anchored_masked_phase_cross_correlation,J,19,"{'y_start': 379, 'y_stop': 2668, 'x_start': 26, 'x_stop': 2774}"
J19,PLD3_TMEM106B_mCherry_primary,32,488nm Binned,337.0,-90.0,-0.003189205186572656,0.182769556874658,0.8548031080221518,,True,False,False,25,2,0.25,True,anchored_masked_phase_cross_correlation,J,19,"{'y_start': 379, 'y_stop': 2668, 'x_start': 26, 'x_stop': 2774}"
J19,PLD3_TMEM106B_mCherry_primary,36,488nm Binned,-200.0,-107.0,-0.00021951796460086158,0.11609573383823397,0.8955584538863893,,True,False,False,25,2,0.25,True,anchored_masked_phase_cross_correlation,J,19,"{'y_start': 379, 'y_stop': 2668, 'x_start': 26, 'x_stop': 2774}"
J19,PLD3_TMEM106B_mCherry_primary,39,488nm Binned,543.0,26.0,-0.005242891172703024,0.19276456286099317,0.8033202908445813,,True,True,True,36,2,0.25,True,anchored_masked_phase_cross_correlation,J,19,"{'y_start': 379, 'y_stop': 2668, 'x_start': 26, 'x_stop': 2774}"
J20,PLD3_TMEM106B_mCherry_primary,8,488nm Binned,0.0,0.0,1.0,1.0,1.0,,True,False,False,8,2,0.25,True,anchored_masked_phase_cross_correlation,J,20,"{'y_start': 368, 'y_stop': 2662, 'x_start': 32, 'x_stop': 2778}"
J20,PLD3_TMEM106B_mCherry_primary,12,488nm Binned,-185.0,-70.0,0.0008569410750305884,0.1782914576758284,0.9126622530340077,,True,False,False,8,2,0.25,True,anchored_masked_phase_cross_correlation,J,20,"{'y_start': 368, 'y_stop': 2662, 'x_start': 32, 'x_stop': 2778}"
J20,PLD3_TMEM106B_mCherry_primary,16,488nm Binned,-79.0,-20.0,0.005337761196243952,0.14543287710831665,0.9656732589104221,,True,False,False,8,2,0.25,True,anchored_masked_phase_cross_correlation,J,20,"{'y_start': 368, 'y_stop': 2662, 'x_start': 32, 'x_stop': 2778}"
J20,PLD3_TMEM106B_mCherry_primary,20,488nm Binned,-192.0,-72.0,-0.0005041347134623923,0.10612916073134931,0.9096304336408676,,True,False,False,8,2,0.25,True,anchored_masked_phase_cross_correlation,J,20,"{'y_start': 368, 'y_stop': 2662, 'x_start': 32, 'x_stop': 2778}"
J20,PLD3_TMEM106B_mCherry_primary,25,488nm Binned,98.0,-4.0,0.01012313682071302,0.24899899394577604,0.964482803561251,,True,False,True,20,2,0.25,True,anchored_masked_phase_cross_correlation,J,20,"{'y_start': 368, 'y_stop': 2662, 'x_start': 32, 'x_stop': 2778}"
J20,PLD3_TMEM106B_mCherry_primary,29,488nm Binned,54.0,-15.0,0.005893882422362635,0.2013766156131682,0.9760398977608935,,True,False,False,20,2,0.25,True,anchored_masked_phase_cross_correlation,J,20,"{'y_start': 368, 'y_stop': 2662, 'x_start': 32, 'x_stop': 2778}"
J20,PLD3_TMEM106B_mCherry_primary,32,488nm Binned,329.0,-87.0,0.0030092556805302283,0.14689613547765507,0.858431006109837,,True,False,False,20,2,0.25,True,anchored_masked_phase_cross_correlation,J,20,"{'y_start': 368, 'y_stop': 2662, 'x_start': 32, 'x_stop': 2778}"
J20,PLD3_TMEM106B_mCherry_primary,36,488nm Binned,-206.0,-101.0,0.001901995737235765,0.13719424227357468,0.895486238764105,,True,False,False,20,2,0.25,True,anchored_masked_phase_cross_correlation,J,20,"{'y_start': 368, 'y_stop': 2662, 'x_start': 32, 'x_stop': 2778}"
J20,PLD3_TMEM106B_mCherry_primary,39,488nm Binned,521.0,32.0,-0.0016387575924966672,0.1516655652596744,0.8092095921134278,,True,True,True,36,2,0.25,True,anchored_masked_phase_cross_correlation,J,20,"{'y_start': 368, 'y_stop': 2662, 'x_start': 32, 'x_stop': 2778}"
K08,PLD3_only_no_mCherry,8,488nm Binned,0.0,0.0,1.0,1.0,1.0,,True,False,False,8,1,0.125,True,anchored_masked_phase_cross_correlation,K,08,"{'y_start': 540, 'y_stop': 2791, 'x_start': 63, 'x_stop': 2793}"
K08,PLD3_only_no_mCherry,12,488nm Binned,-70.0,-57.0,-0.002816449985260451,0.15594586251894924,0.956203351948787,,True,False,False,8,1,0.125,True,anchored_masked_phase_cross_correlation,K,08,"{'y_start': 540, 'y_stop': 2791, 'x_start': 63, 'x_stop': 2793}"
K08,PLD3_only_no_mCherry,16,488nm Binned,-38.0,-15.0,0.00536531996570312,0.1485768059892012,0.981589520491588,,True,False,False,8,1,0.125,True,anchored_masked_phase_cross_correlation,K,08,"{'y_start': 540, 'y_stop': 2791, 'x_start': 63, 'x_stop': 2793}"
K08,PLD3_only_no_mCherry,20,488nm Binned,-46.0,-55.0,0.003971432853666059,0.11017658739331758,0.96509140440663,,True,False,False,8,1,0.125,True,anchored_masked_phase_cross_correlation,K,08,"{'y_start': 540, 'y_stop': 2791, 'x_start': 63, 'x_stop': 2793}"
K08,PLD3_only_no_mCherry,25,488nm Binned,82.0,-3.0,-0.00045722911883385413,0.2996074492003357,0.9703925293091274,,True,False,True,20,1,0.125,True,anchored_masked_phase_cross_correlation,K,08,"{'y_start': 540, 'y_stop': 2791, 'x_start': 63, 'x_stop': 2793}"
K08,PLD3_only_no_mCherry,29,488nm Binned,57.0,-14.0,0.007942591808456625,0.24218720708708927,0.9753410887997993,,True,False,False,20,1,0.125,True,anchored_masked_phase_cross_correlation,K,08,"{'y_start': 540, 'y_stop': 2791, 'x_start': 63, 'x_stop': 2793}"
K08,PLD3_only_no_mCherry,32,488nm Binned,472.0,-70.0,-0.0010393747324119362,0.16448875675107166,0.8150349453110259,,True,False,False,20,1,0.125,True,anchored_masked_phase_cross_correlation,K,08,"{'y_start': 540, 'y_stop': 2791, 'x_start': 63, 'x_stop': 2793}"
K08,PLD3_only_no_mCherry,36,488nm Binned,-77.0,-91.0,0.0021609842784610926,0.16120995162091598,0.942274465121798,,True,False,False,20,1,0.125,True,anchored_masked_phase_cross_correlation,K,08,"{'y_start': 540, 'y_stop': 2791, 'x_start': 63, 'x_stop': 2793}"
K08,PLD3_only_no_mCherry,39,488nm Binned,811.0,63.0,-0.0023908046631377924,0.10561521263528492,0.7014696142107689,,True,True,False,20,1,0.125,True,anchored_masked_phase_cross_correlation,K,08,"{'y_start': 540, 'y_stop': 2791, 'x_start': 63, 'x_stop': 2793}"
K07,PLD3_only_no_mCherry,8,488nm Binned,0.0,0.0,1.0,1.0,1.0,,True,False,False,8,2,0.25,True,anchored_masked_phase_cross_correlation,K,07,"{'y_start': 551, 'y_stop': 2800, 'x_start': 64, 'x_stop': 2793}"
K07,PLD3_only_no_mCherry,12,488nm Binned,-60.0,-56.0,0.0063313865620562935,0.19233425253976386,0.9599621855359675,,True,False,False,8,2,0.25,True,anchored_masked_phase_cross_correlation,K,07,"{'y_start': 551, 'y_stop': 2800, 'x_start': 64, 'x_stop': 2793}"
K07,PLD3_only_no_mCherry,16,488nm Binned,-37.0,-15.0,0.01195285419194131,0.14729039686879822,0.9819363719122565,,True,False,False,8,2,0.25,True,anchored_masked_phase_cross_correlation,K,07,"{'y_start': 551, 'y_stop': 2800, 'x_start': 64, 'x_stop': 2793}"
K07,PLD3_only_no_mCherry,20,488nm Binned,-34.0,-57.0,0.011134695654081752,0.12583073721760246,0.9685061827815806,,True,False,False,8,2,0.25,True,anchored_masked_phase_cross_correlation,K,07,"{'y_start': 551, 'y_stop': 2800, 'x_start': 64, 'x_stop': 2793}"
K07,PLD3_only_no_mCherry,25,488nm Binned,78.0,-4.0,0.0011956004631752826,0.2535258229573857,0.971446578316206,,True,False,True,20,2,0.25,True,anchored_masked_phase_cross_correlation,K,07,"{'y_start': 551, 'y_stop': 2800, 'x_start': 64, 'x_stop': 2793}"
K07,PLD3_only_no_mCherry,29,488nm Binned,55.0,-15.0,0.005534622183405386,0.2105512893679284,0.9756930463402251,,True,False,False,20,2,0.25,True,anchored_masked_phase_cross_correlation,K,07,"{'y_start': 551, 'y_stop': 2800, 'x_start': 64, 'x_stop': 2793}"
K07,PLD3_only_no_mCherry,32,488nm Binned,480.0,-70.0,0.0023750157737080905,0.13975322351319974,0.8123136266288522,,True,False,False,20,2,0.25,True,anchored_masked_phase_cross_correlation,K,07,"{'y_start': 551, 'y_stop': 2800, 'x_start': 64, 'x_stop': 2793}"
K07,PLD3_only_no_mCherry,36,488nm Binned,-68.0,-91.0,0.006288148537285095,0.13363065767970608,0.9453129711003347,,True,False,False,20,2,0.25,True,anchored_masked_phase_cross_correlation,K,07,"{'y_start': 551, 'y_stop': 2800, 'x_start': 64, 'x_stop': 2793}"
K07,PLD3_only_no_mCherry,39,488nm Binned,834.0,64.0,-0.002029738809902538,0.18010283983668868,0.6933789674550516,,True,True,True,36,2,0.25,True,anchored_masked_phase_cross_correlation,K,07,"{'y_start': 551, 'y_stop': 2800, 'x_start': 64, 'x_stop': 2793}"
K09,PLD3_only_no_mCherry,8,488nm Binned,0.0,0.0,1.0,1.0,1.0,,True,False,False,8,2,0.25,True,anchored_masked_phase_cross_correlation,K,09,"{'y_start': 523, 'y_stop': 2779, 'x_start': 59, 'x_stop': 2790}"
K09,PLD3_only_no_mCherry,12,488nm Binned,-78.0,-59.0,0.002471721578309971,0.1779099002233216,0.9527910050594353,,True,False,False,8,2,0.25,True,anchored_masked_phase_cross_correlation,K,09,"{'y_start': 523, 'y_stop': 2779, 'x_start': 59, 'x_stop': 2790}"
K09,PLD3_only_no_mCherry,16,488nm Binned,-43.0,-18.0,0.01242382311060705,0.14608442058496063,0.9788249213657557,,True,False,False,8,2,0.25,True,anchored_masked_phase_cross_correlation,K,09,"{'y_start': 523, 'y_stop': 2779, 'x_start': 59, 'x_stop': 2790}"
K09,PLD3_only_no_mCherry,20,488nm Binned,-59.0,-59.0,-0.002058011884048638,0.1277597008643921,0.9592795459541053,,True,False,False,8,2,0.25,True,anchored_masked_phase_cross_correlation,K,09,"{'y_start': 523, 'y_stop': 2779, 'x_start': 59, 'x_stop': 2790}"
K09,PLD3_only_no_mCherry,25,488nm Binned,80.0,-6.0,0.003873515606648382,0.29534221628892965,0.9700723026557658,,True,False,True,20,2,0.25,True,anchored_masked_phase_cross_correlation,K,09,"{'y_start': 523, 'y_stop': 2779, 'x_start': 59, 'x_stop': 2790}"
K09,PLD3_only_no_mCherry,29,488nm Binned,53.0,-18.0,0.0060351386685997075,0.2376945901196469,0.9753600543874699,,True,False,False,20,2,0.25,True,anchored_masked_phase_cross_correlation,K,09,"{'y_start': 523, 'y_stop': 2779, 'x_start': 59, 'x_stop': 2790}"
K09,PLD3_only_no_mCherry,32,488nm Binned,457.0,-73.0,0.0016982596639984902,0.1616103609447663,0.8192580710732966,,True,False,False,20,2,0.25,True,anchored_masked_phase_cross_correlation,K,09,"{'y_start': 523, 'y_stop': 2779, 'x_start': 59, 'x_stop': 2790}"
K09,PLD3_only_no_mCherry,36,488nm Binned,-89.0,-94.0,0.0034808871036006786,0.12275497405011733,0.9372095590452237,,True,False,False,20,2,0.25,True,anchored_masked_phase_cross_correlation,K,09,"{'y_start': 523, 'y_stop': 2779, 'x_start': 59, 'x_stop': 2790}"
K09,PLD3_only_no_mCherry,39,488nm Binned,785.0,59.0,-0.005230239954956178,0.1725697115863263,0.7113489833472414,,True,True,True,36,2,0.25,True,anchored_masked_phase_cross_correlation,K,09,"{'y_start': 523, 'y_stop': 2779, 'x_start': 59, 'x_stop': 2790}"
K10,PLD3_only_no_mCherry,8,488nm Binned,0.0,0.0,1.0,1.0,1.0,,True,False,False,8,2,0.25,True,anchored_masked_phase_cross_correlation,K,10,"{'y_start': 514, 'y_stop': 2774, 'x_start': 56, 'x_stop': 2788}"
K10,PLD3_only_no_mCherry,12,488nm Binned,-89.0,-58.0,0.0005818544951982536,0.17151304525081706,0.9493723363075265,,True,False,False,8,2,0.25,True,anchored_masked_phase_cross_correlation,K,10,"{'y_start': 514, 'y_stop': 2774, 'x_start': 56, 'x_stop': 2788}"
K10,PLD3_only_no_mCherry,16,488nm Binned,-45.0,-18.0,0.00284618956341209,0.15207359822047253,0.9781319479700986,,True,False,False,8,2,0.25,True,anchored_masked_phase_cross_correlation,K,10,"{'y_start': 514, 'y_stop': 2774, 'x_start': 56, 'x_stop': 2788}"
K10,PLD3_only_no_mCherry,20,488nm Binned,-67.0,-59.0,-0.002164562889839018,0.12419343837980046,0.9565475287352968,,True,False,False,8,2,0.25,True,anchored_masked_phase_cross_correlation,K,10,"{'y_start': 514, 'y_stop': 2774, 'x_start': 56, 'x_stop': 2788}"
K10,PLD3_only_no_mCherry,25,488nm Binned,86.0,-5.0,0.0016306342393814324,0.10512017560590028,0.9683228487674314,,True,False,False,8,2,0.25,True,anchored_masked_phase_cross_correlation,K,10,"{'y_start': 514, 'y_stop': 2774, 'x_start': 56, 'x_stop': 2788}"
K10,PLD3_only_no_mCherry,29,488nm Binned,57.0,-17.0,0.011063087992146052,0.29747121288352946,0.9743158528970665,,True,False,True,25,2,0.25,True,anchored_masked_phase_cross_correlation,K,10,"{'y_start': 514, 'y_stop': 2774, 'x_start': 56, 'x_stop': 2788}"
K10,PLD3_only_no_mCherry,32,488nm Binned,450.0,-76.0,0.0016524623592766208,0.15604618556027328,0.8207547720336362,,True,False,False,25,2,0.25,True,anchored_masked_phase_cross_correlation,K,10,"{'y_start': 514, 'y_stop': 2774, 'x_start': 56, 'x_stop': 2788}"
K10,PLD3_only_no_mCherry,36,488nm Binned,-94.0,-95.0,-0.0002110800924142145,0.13144226183179145,0.9351860767299047,,True,False,False,25,2,0.25,True,anchored_masked_phase_cross_correlation,K,10,"{'y_start': 514, 'y_stop': 2774, 'x_start': 56, 'x_stop': 2788}"
K10,PLD3_only_no_mCherry,39,488nm Binned,766.0,56.0,0.0013424953385390126,0.19362059517792699,0.7186041716512122,,True,True,True,36,2,0.25,True,anchored_masked_phase_cross_correlation,K,10,"{'y_start': 514, 'y_stop': 2774, 'x_start': 56, 'x_stop': 2788}"
K11,PLD3_only_no_mCherry,8,488nm Binned,0.0,0.0,1.0,1.0,1.0,,True,False,False,8,1,0.125,True,anchored_masked_phase_cross_correlation,K,11,"{'y_start': 499, 'y_stop': 2762, 'x_start': 58, 'x_stop': 2788}"
K11,PLD3_only_no_mCherry,12,488nm Binned,-98.0,-58.0,0.0033870440427213487,0.18069878986942378,0.9462977227678476,,True,False,False,8,1,0.125,True,anchored_masked_phase_cross_correlation,K,11,"{'y_start': 499, 'y_stop': 2762, 'x_start': 58, 'x_stop': 2788}"
K11,PLD3_only_no_mCherry,16,488nm Binned,-48.0,-16.0,0.001673124643418298,0.16527118087718662,0.9777781668154736,,True,False,False,8,1,0.125,True,anchored_masked_phase_cross_correlation,K,11,"{'y_start': 499, 'y_stop': 2762, 'x_start': 58, 'x_stop': 2788}"
K11,PLD3_only_no_mCherry,20,488nm Binned,-82.0,-59.0,0.001522905609355868,0.14088477139611286,0.951424996450031,,True,False,False,8,1,0.125,True,anchored_masked_phase_cross_correlation,K,11,"{'y_start': 499, 'y_stop': 2762, 'x_start': 58, 'x_stop': 2788}"
K11,PLD3_only_no_mCherry,25,488nm Binned,87.0,-7.0,0.003979929036942788,0.10239133728736963,0.9672985854589381,,True,False,False,8,1,0.125,True,anchored_masked_phase_cross_correlation,K,11,"{'y_start': 499, 'y_stop': 2762, 'x_start': 58, 'x_stop': 2788}"
K11,PLD3_only_no_mCherry,29,488nm Binned,56.0,-18.0,0.011497278928350037,0.3291796563622491,0.9743205942939841,,True,False,True,25,1,0.125,True,anchored_masked_phase_cross_correlation,K,11,"{'y_start': 499, 'y_stop': 2762, 'x_start': 58, 'x_stop': 2788}"
K11,PLD3_only_no_mCherry,32,488nm Binned,438.0,-76.0,-0.0016879858928334093,0.19284298506892322,0.8248279967087411,,True,False,False,25,1,0.125,True,anchored_masked_phase_cross_correlation,K,11,"{'y_start': 499, 'y_stop': 2762, 'x_start': 58, 'x_stop': 2788}"
K11,PLD3_only_no_mCherry,36,488nm Binned,-106.0,-95.0,0.007433318769323237,0.15318454376287624,0.9311405709906261,,True,False,False,25,1,0.125,True,anchored_masked_phase_cross_correlation,K,11,"{'y_start': 499, 'y_stop': 2762, 'x_start': 58, 'x_stop': 2788}"
K11,PLD3_only_no_mCherry,39,488nm Binned,738.0,58.0,1.679523395974601e-05,0.10299726795825477,0.7276585377240128,,True,True,False,25,1,0.125,True,anchored_masked_phase_cross_correlation,K,11,"{'y_start': 499, 'y_stop': 2762, 'x_start': 58, 'x_stop': 2788}"
K13,PLD3_only_no_mCherry,8,488nm Binned,0.0,0.0,1.0,1.0,1.0,,True,False,False,8,1,0.125,True,anchored_masked_phase_cross_correlation,K,13,"{'y_start': 469, 'y_stop': 2738, 'x_start': 57, 'x_stop': 2791}"
K13,PLD3_only_no_mCherry,12,488nm Binned,-118.0,-59.0,0.003371984396479431,0.1844440789522074,0.9391309189653931,,True,False,False,8,1,0.125,True,anchored_masked_phase_cross_correlation,K,13,"{'y_start': 469, 'y_stop': 2738, 'x_start': 57, 'x_stop': 2791}"
K13,PLD3_only_no_mCherry,16,488nm Binned,-57.0,-17.0,0.008264045670313563,0.14820052038523582,0.9743158528970665,,True,False,False,8,1,0.125,True,anchored_masked_phase_cross_correlation,K,13,"{'y_start': 469, 'y_stop': 2738, 'x_start': 57, 'x_stop': 2791}"
K13,PLD3_only_no_mCherry,20,488nm Binned,-107.0,-58.0,0.0012179934724366119,0.1446006388352198,0.9432231092281687,,True,False,False,8,1,0.125,True,anchored_masked_phase_cross_correlation,K,13,"{'y_start': 469, 'y_stop': 2738, 'x_start': 57, 'x_stop': 2791}"
K13,PLD3_only_no_mCherry,25,488nm Binned,88.0,-6.0,0.00015499802711688997,0.10889773988879418,0.9672887379422629,,True,False,False,8,1,0.125,True,anchored_masked_phase_cross_correlation,K,13,"{'y_start': 469, 'y_stop': 2738, 'x_start': 57, 'x_stop': 2791}"
K13,PLD3_only_no_mCherry,29,488nm Binned,55.0,-15.0,0.0018667485808128994,0.10235154477345969,0.9756930463402251,,True,False,False,8,1,0.125,True,anchored_masked_phase_cross_correlation,K,13,"{'y_start': 469, 'y_stop': 2738, 'x_start': 57, 'x_stop': 2791}"
K13,PLD3_only_no_mCherry,32,488nm Binned,413.0,-72.0,0.0006571738553933212,0.29088192256878354,0.8345077408775523,,True,False,True,29,1,0.125,True,anchored_masked_phase_cross_correlation,K,13,"{'y_start': 469, 'y_stop': 2738, 'x_start': 57, 'x_stop': 2791}"
K13,PLD3_only_no_mCherry,36,488nm Binned,-130.0,-93.0,-0.007347767437442917,0.2186385009758647,0.9237153002690196,,True,False,False,29,1,0.125,True,anchored_masked_phase_cross_correlation,K,13,"{'y_start': 469, 'y_stop': 2738, 'x_start': 57, 'x_stop': 2791}"
K13,PLD3_only_no_mCherry,39,488nm Binned,691.0,57.0,0.001681441076278585,0.11361364639398552,0.7439795200830984,,True,True,False,29,1,0.125,True,anchored_masked_phase_cross_correlation,K,13,"{'y_start': 469, 'y_stop': 2738, 'x_start': 57, 'x_stop': 2791}"
K12,PLD3_only_no_mCherry,8,488nm Binned,0.0,0.0,1.0,1.0,1.0,,True,False,False,8,2,0.25,True,anchored_masked_phase_cross_correlation,K,12,"{'y_start': 481, 'y_stop': 2745, 'x_start': 56, 'x_stop': 2788}"
K12,PLD3_only_no_mCherry,12,488nm Binned,-108.0,-59.0,-0.0006486379916903678,0.1854179366441639,0.9425459404889037,,True,False,False,8,2,0.25,True,anchored_masked_phase_cross_correlation,K,12,"{'y_start': 481, 'y_stop': 2745, 'x_start': 56, 'x_stop': 2788}"
K12,PLD3_only_no_mCherry,16,488nm Binned,-52.0,-17.0,0.008800873661213505,0.15910863931545743,0.9760488942576091,,True,False,False,8,2,0.25,True,anchored_masked_phase_cross_correlation,K,12,"{'y_start': 481, 'y_stop': 2745, 'x_start': 56, 'x_stop': 2788}"
K12,PLD3_only_no_mCherry,20,488nm Binned,-95.0,-60.0,0.005458187728685919,0.1267510029907797,0.9466483429911942,,True,False,False,8,2,0.25,True,anchored_masked_phase_cross_correlation,K,12,"{'y_start': 481, 'y_stop': 2745, 'x_start': 56, 'x_stop': 2788}"
K12,PLD3_only_no_mCherry,25,488nm Binned,85.0,-5.0,0.0037612058867748676,0.26449536136330715,0.9686709159308992,,True,False,True,20,2,0.25,True,anchored_masked_phase_cross_correlation,K,12,"{'y_start': 481, 'y_stop': 2745, 'x_start': 56, 'x_stop': 2788}"
K12,PLD3_only_no_mCherry,29,488nm Binned,53.0,-16.0,0.01108877695331266,0.22219109189173103,0.9760445175835313,,True,False,False,20,2,0.25,True,anchored_masked_phase_cross_correlation,K,12,"{'y_start': 481, 'y_stop': 2745, 'x_start': 56, 'x_stop': 2788}"
K12,PLD3_only_no_mCherry,32,488nm Binned,424.0,-75.0,-0.0036031236121111653,0.16479898418690536,0.8298772197032032,,True,False,False,20,2,0.25,True,anchored_masked_phase_cross_correlation,K,12,"{'y_start': 481, 'y_stop': 2745, 'x_start': 56, 'x_stop': 2788}"
K12,PLD3_only_no_mCherry,36,488nm Binned,-123.0,-96.0,-0.0031502834554440924,0.14356141252642018,0.9250757164615465,,True,False,False,20,2,0.25,True,anchored_masked_phase_cross_correlation,K,12,"{'y_start': 481, 'y_stop': 2745, 'x_start': 56, 'x_stop': 2788}"
K12,PLD3_only_no_mCherry,39,488nm Binned,708.0,56.0,0.0017527255718936385,0.1757763637546083,0.7384324504122827,,True,True,True,36,2,0.25,True,anchored_masked_phase_cross_correlation,K,12,"{'y_start': 481, 'y_stop': 2745, 'x_start': 56, 'x_stop': 2788}"
K14,PLD3_only_no_mCherry,8,488nm Binned,0.0,0.0,1.0,1.0,1.0,,True,False,False,8,2,0.25,True,anchored_masked_phase_cross_correlation,K,14,"{'y_start': 454, 'y_stop': 2724, 'x_start': 51, 'x_stop': 2785}"
K14,PLD3_only_no_mCherry,12,488nm Binned,-127.0,-60.0,-0.0002935115043062444,0.158879009429252,0.9357241644929185,,True,False,False,8,2,0.25,True,anchored_masked_phase_cross_correlation,K,14,"{'y_start': 454, 'y_stop': 2724, 'x_start': 51, 'x_stop': 2785}"
K14,PLD3_only_no_mCherry,16,488nm Binned,-61.0,-20.0,0.013286001337829633,0.1506096568328539,0.9719056427972589,,True,False,False,8,2,0.25,True,anchored_masked_phase_cross_correlation,K,14,"{'y_start': 454, 'y_stop': 2724, 'x_start': 51, 'x_stop': 2785}"
K14,PLD3_only_no_mCherry,20,488nm Binned,-118.0,-62.0,0.0022835854194649674,0.12385210186592205,0.9381279311558893,,True,False,False,8,2,0.25,True,anchored_masked_phase_cross_correlation,K,14,"{'y_start': 454, 'y_stop': 2724, 'x_start': 51, 'x_stop': 2785}"
K14,PLD3_only_no_mCherry,25,488nm Binned,90.0,-8.0,0.009048210631609831,0.3000935874817816,0.9659173800645413,,True,False,True,20,2,0.25,True,anchored_masked_phase_cross_correlation,K,14,"{'y_start': 454, 'y_stop': 2724, 'x_start': 51, 'x_stop': 2785}"
K14,PLD3_only_no_mCherry,29,488nm Binned,54.0,-19.0,0.005873225596802284,0.21586302457637585,0.9746714576658906,,True,False,False,20,2,0.25,True,anchored_masked_phase_cross_correlation,K,14,"{'y_start': 454, 'y_stop': 2724, 'x_start': 51, 'x_stop': 2785}"
K14,PLD3_only_no_mCherry,32,488nm Binned,400.0,-78.0,-0.003625104058862366,0.1626122056716478,0.8371264508674569,,True,False,False,20,2,0.25,True,anchored_masked_phase_cross_correlation,K,14,"{'y_start': 454, 'y_stop': 2724, 'x_start': 51, 'x_stop': 2785}"
K14,PLD3_only_no_mCherry,36,488nm Binned,-144.0,-99.0,0.0028683883270715737,0.13702503011286243,0.9170051294620192,,True,False,False,20,2,0.25,True,anchored_masked_phase_cross_correlation,K,14,"{'y_start': 454, 'y_stop': 2724, 'x_start': 51, 'x_stop': 2785}"
K14,PLD3_only_no_mCherry,39,488nm Binned,665.0,51.0,0.0023926511399683503,0.23185662348686234,0.7544718667390277,,True,True,True,36,2,0.25,True,anchored_masked_phase_cross_correlation,K,14,"{'y_start': 454, 'y_stop': 2724, 'x_start': 51, 'x_stop': 2785}"
K15,PLD3_only_no_mCherry,8,488nm Binned,0.0,0.0,1.0,1.0,1.0,,True,False,False,8,2,0.25,True,anchored_masked_phase_cross_correlation,K,15,"{'y_start': 439, 'y_stop': 2717, 'x_start': 46, 'x_stop': 2781}"
K15,PLD3_only_no_mCherry,12,488nm Binned,-136.0,-61.0,0.0009695211540238324,0.18829631600881755,0.9323195983574829,,True,False,False,8,2,0.25,True,anchored_masked_phase_cross_correlation,K,15,"{'y_start': 439, 'y_stop': 2717, 'x_start': 46, 'x_stop': 2781}"
K15,PLD3_only_no_mCherry,16,488nm Binned,-61.0,-18.0,0.0054949640985164005,0.16521056189804126,0.9725881608048412,,True,False,False,8,2,0.25,True,anchored_masked_phase_cross_correlation,K,15,"{'y_start': 439, 'y_stop': 2717, 'x_start': 46, 'x_stop': 2781}"
K15,PLD3_only_no_mCherry,20,488nm Binned,-131.0,-63.0,0.002168935596009008,0.13668683285401095,0.933360395768048,,True,False,False,8,2,0.25,True,anchored_masked_phase_cross_correlation,K,15,"{'y_start': 439, 'y_stop': 2717, 'x_start': 46, 'x_stop': 2781}"
K15,PLD3_only_no_mCherry,25,488nm Binned,92.0,-13.0,0.009782278962807483,0.10105643230924095,0.9635345241777202,,True,False,False,8,2,0.25,True,anchored_masked_phase_cross_correlation,K,15,"{'y_start': 439, 'y_stop': 2717, 'x_start': 46, 'x_stop': 2781}"
K15,PLD3_only_no_mCherry,29,488nm Binned,53.0,-23.0,0.012549285550756266,0.32999113053162854,0.9736488963973164,,True,False,True,25,2,0.25,True,anchored_masked_phase_cross_correlation,K,15,"{'y_start': 439, 'y_stop': 2717, 'x_start': 46, 'x_stop': 2781}"
K15,PLD3_only_no_mCherry,32,488nm Binned,388.0,-82.0,-0.003724491731862352,0.18554412221957783,0.8399907409028398,,True,False,False,25,2,0.25,True,anchored_masked_phase_cross_correlation,K,15,"{'y_start': 439, 'y_stop': 2717, 'x_start': 46, 'x_stop': 2781}"
K15,PLD3_only_no_mCherry,36,488nm Binned,-151.0,-103.0,0.006391694510497478,0.14561293412804963,0.9133273859195586,,True,False,False,25,2,0.25,True,anchored_masked_phase_cross_correlation,K,15,"{'y_start': 439, 'y_stop': 2717, 'x_start': 46, 'x_stop': 2781}"
K15,PLD3_only_no_mCherry,39,488nm Binned,642.0,46.0,0.003019346535272223,0.19488908479116207,0.7637019076463414,,True,True,True,36,2,0.25,True,anchored_masked_phase_cross_correlation,K,15,"{'y_start': 439, 'y_stop': 2717, 'x_start': 46, 'x_stop': 2781}"
K16,PLD3_only_no_mCherry,8,488nm Binned,0.0,0.0,1.0,1.0,1.0,,True,False,False,8,2,0.25,True,anchored_masked_phase_cross_correlation,K,16,"{'y_start': 422, 'y_stop': 2702, 'x_start': 55, 'x_stop': 2789}"
K16,PLD3_only_no_mCherry,12,488nm Binned,-147.0,-61.0,0.0038899306024032924,0.19275503489574777,0.92856574931578,,True,False,False,8,2,0.25,True,anchored_masked_phase_cross_correlation,K,16,"{'y_start': 422, 'y_stop': 2702, 'x_start': 55, 'x_stop': 2789}"
K16,PLD3_only_no_mCherry,16,488nm Binned,-65.0,-19.0,0.006688134550034857,0.1696667761229664,0.9708614413068555,,True,False,False,8,2,0.25,True,anchored_masked_phase_cross_correlation,K,16,"{'y_start': 422, 'y_stop': 2702, 'x_start': 55, 'x_stop': 2789}"
K16,PLD3_only_no_mCherry,20,488nm Binned,-144.0,-64.0,0.0023327118657701642,0.14550391427002624,0.928596021311485,,True,False,False,8,2,0.25,True,anchored_masked_phase_cross_correlation,K,16,"{'y_start': 422, 'y_stop': 2702, 'x_start': 55, 'x_stop': 2789}"
K16,PLD3_only_no_mCherry,25,488nm Binned,90.0,-4.0,0.009253262804601873,0.1020518961834147,0.967268313463233,,True,False,False,8,2,0.25,True,anchored_masked_phase_cross_correlation,K,16,"{'y_start': 422, 'y_stop': 2702, 'x_start': 55, 'x_stop': 2789}"
K16,PLD3_only_no_mCherry,29,488nm Binned,53.0,-15.0,0.015846752035649714,0.28661252217898664,0.976386749181562,,True,False,True,25,2,0.25,True,anchored_masked_phase_cross_correlation,K,16,"{'y_start': 422, 'y_stop': 2702, 'x_start': 55, 'x_stop': 2789}"
K16,PLD3_only_no_mCherry,32,488nm Binned,373.0,-75.0,0.012010966312874943,0.17405480655126424,0.8471946248606759,,True,False,False,25,2,0.25,True,anchored_masked_phase_cross_correlation,K,16,"{'y_start': 422, 'y_stop': 2702, 'x_start': 55, 'x_stop': 2789}"
K16,PLD3_only_no_mCherry,36,488nm Binned,-166.0,-93.0,0.001206602798543178,0.13066345105669366,0.911570029703028,,True,False,False,25,2,0.25,True,anchored_masked_phase_cross_correlation,K,16,"{'y_start': 422, 'y_stop': 2702, 'x_start': 55, 'x_stop': 2789}"
K16,PLD3_only_no_mCherry,39,488nm Binned,613.0,55.0,0.006221328306248896,0.17219903376668105,0.7711839535566799,,True,True,True,36,2,0.25,True,anchored_masked_phase_cross_correlation,K,16,"{'y_start': 422, 'y_stop': 2702, 'x_start': 55, 'x_stop': 2789}"
K17,PLD3_only_no_mCherry,8,488nm Binned,0.0,0.0,1.0,1.0,1.0,,True,False,False,8,2,0.25,True,anchored_masked_phase_cross_correlation,K,17,"{'y_start': 410, 'y_stop': 2696, 'x_start': 52, 'x_stop': 2784}"
K17,PLD3_only_no_mCherry,12,488nm Binned,-154.0,-62.0,0.004088408724989512,0.16672952215900924,0.925846983693485,,True,False,False,8,2,0.25,True,anchored_masked_phase_cross_correlation,K,17,"{'y_start': 410, 'y_stop': 2696, 'x_start': 52, 'x_stop': 2784}"
K17,PLD3_only_no_mCherry,16,488nm Binned,-67.0,-21.0,0.0053415837109606415,0.13736044584267787,0.969487651943535,,True,False,False,8,2,0.25,True,anchored_masked_phase_cross_correlation,K,17,"{'y_start': 410, 'y_stop': 2696, 'x_start': 52, 'x_stop': 2784}"
K17,PLD3_only_no_mCherry,20,488nm Binned,-155.0,-64.0,-0.0004332133658342857,0.11720121487023569,0.92484618422102,,True,False,False,8,2,0.25,True,anchored_masked_phase_cross_correlation,K,17,"{'y_start': 410, 'y_stop': 2696, 'x_start': 52, 'x_stop': 2784}"
K17,PLD3_only_no_mCherry,25,488nm Binned,94.0,-9.0,0.003617764387735528,0.27709827182158026,0.9641893232494763,,True,False,True,20,2,0.25,True,anchored_masked_phase_cross_correlation,K,17,"{'y_start': 410, 'y_stop': 2696, 'x_start': 52, 'x_stop': 2784}"
K17,PLD3_only_no_mCherry,29,488nm Binned,53.0,-19.0,0.01491822499645487,0.2501312415999146,0.9750178227894392,,True,False,False,20,2,0.25,True,anchored_masked_phase_cross_correlation,K,17,"{'y_start': 410, 'y_stop': 2696, 'x_start': 52, 'x_stop': 2784}"
K17,PLD3_only_no_mCherry,32,488nm Binned,363.0,-80.0,0.0021761435958364997,0.13963256901238613,0.8490674766431493,,True,False,False,20,2,0.25,True,anchored_masked_phase_cross_correlation,K,17,"{'y_start': 410, 'y_stop': 2696, 'x_start': 52, 'x_stop': 2784}"
K17,PLD3_only_no_mCherry,36,488nm Binned,-172.0,-97.0,0.007576663564835111,0.1421985729133897,0.908234760907158,,True,False,False,20,2,0.25,True,anchored_masked_phase_cross_correlation,K,17,"{'y_start': 410, 'y_stop': 2696, 'x_start': 52, 'x_stop': 2784}"
K17,PLD3_only_no_mCherry,39,488nm Binned,597.0,52.0,0.0058193051942025875,0.19079517155496045,0.777484054317443,,True,True,True,36,2,0.25,True,anchored_masked_phase_cross_correlation,K,17,"{'y_start': 410, 'y_stop': 2696, 'x_start': 52, 'x_stop': 2784}"
K18,PLD3_only_no_mCherry,8,488nm Binned,0.0,0.0,1.0,1.0,1.0,,True,False,False,8,2,0.25,True,anchored_masked_phase_cross_correlation,K,18,"{'y_start': 396, 'y_stop': 2686, 'x_start': 51, 'x_stop': 2785}"
K18,PLD3_only_no_mCherry,12,488nm Binned,-163.0,-63.0,0.0022998934791612236,0.17312023285543768,0.9224478884006466,,True,False,False,8,2,0.25,True,anchored_masked_phase_cross_correlation,K,18,"{'y_start': 396, 'y_stop': 2686, 'x_start': 51, 'x_stop': 2785}"
K18,PLD3_only_no_mCherry,16,488nm Binned,-72.0,-21.0,0.007691369629295367,0.15377676679225868,0.9677570420685913,,True,False,False,8,2,0.25,True,anchored_masked_phase_cross_correlation,K,18,"{'y_start': 396, 'y_stop': 2686, 'x_start': 51, 'x_stop': 2785}"
K18,PLD3_only_no_mCherry,20,488nm Binned,-168.0,-64.0,0.005295639189000665,0.1216981228535892,0.9204145585686525,,True,False,False,8,2,0.25,True,anchored_masked_phase_cross_correlation,K,18,"{'y_start': 396, 'y_stop': 2686, 'x_start': 51, 'x_stop': 2785}"
K18,PLD3_only_no_mCherry,25,488nm Binned,91.0,-7.0,0.007831826113024338,0.28588122650375686,0.9659072893993064,,True,False,True,20,2,0.25,True,anchored_masked_phase_cross_correlation,K,18,"{'y_start': 396, 'y_stop': 2686, 'x_start': 51, 'x_stop': 2785}"
K18,PLD3_only_no_mCherry,29,488nm Binned,53.0,-18.0,0.009458282851289773,0.23620927630857208,0.9753600543874699,,True,False,False,20,2,0.25,True,anchored_masked_phase_cross_correlation,K,18,"{'y_start': 396, 'y_stop': 2686, 'x_start': 51, 'x_stop': 2785}"
K18,PLD3_only_no_mCherry,32,488nm Binned,352.0,-79.0,-0.004848455850670627,0.15883162680958246,0.8531017975486734,,True,False,False,20,2,0.25,True,anchored_masked_phase_cross_correlation,K,18,"{'y_start': 396, 'y_stop': 2686, 'x_start': 51, 'x_stop': 2785}"
K18,PLD3_only_no_mCherry,36,488nm Binned,-182.0,-99.0,0.007243206718816359,0.14325883973278214,0.9042128405781878,,True,False,False,20,2,0.25,True,anchored_masked_phase_cross_correlation,K,18,"{'y_start': 396, 'y_stop': 2686, 'x_start': 51, 'x_stop': 2785}"
K18,PLD3_only_no_mCherry,39,488nm Binned,570.0,51.0,0.0031490663420851587,0.21027672939746087,0.7870069676651319,,True,True,True,36,2,0.25,True,anchored_masked_phase_cross_correlation,K,18,"{'y_start': 396, 'y_stop': 2686, 'x_start': 51, 'x_stop': 2785}"
K19,PLD3_only_no_mCherry,8,488nm Binned,0.0,0.0,1.0,1.0,1.0,,True,False,False,8,2,0.25,True,anchored_masked_phase_cross_correlation,K,19,"{'y_start': 381, 'y_stop': 2671, 'x_start': 57, 'x_stop': 2790}"
K19,PLD3_only_no_mCherry,12,488nm Binned,-172.0,-62.0,0.0020249524907855823,0.18476187603608876,0.9197065099622828,,True,False,False,8,2,0.25,True,anchored_masked_phase_cross_correlation,K,19,"{'y_start': 381, 'y_stop': 2671, 'x_start': 57, 'x_stop': 2790}"
K19,PLD3_only_no_mCherry,16,488nm Binned,-75.0,-19.0,0.01547969509626236,0.15318214770859695,0.967397790071369,,True,False,False,8,2,0.25,True,anchored_masked_phase_cross_correlation,K,19,"{'y_start': 381, 'y_stop': 2671, 'x_start': 57, 'x_stop': 2790}"
K19,PLD3_only_no_mCherry,20,488nm Binned,-178.0,-65.0,0.012945777160042507,0.12422401797660891,0.9166785809461008,,True,False,False,8,2,0.25,True,anchored_masked_phase_cross_correlation,K,19,"{'y_start': 381, 'y_stop': 2671, 'x_start': 57, 'x_stop': 2790}"
K19,PLD3_only_no_mCherry,25,488nm Binned,95.0,-6.0,0.004570154222621006,0.10624806568468781,0.9648531188179479,,True,False,False,8,2,0.25,True,anchored_masked_phase_cross_correlation,K,19,"{'y_start': 381, 'y_stop': 2671, 'x_start': 57, 'x_stop': 2790}"
K19,PLD3_only_no_mCherry,29,488nm Binned,53.0,-13.0,0.0059955547914525885,0.1021375429040338,0.9770712123776233,,True,False,False,8,2,0.25,True,anchored_masked_phase_cross_correlation,K,19,"{'y_start': 381, 'y_stop': 2671, 'x_start': 57, 'x_stop': 2790}"
K19,PLD3_only_no_mCherry,32,488nm Binned,340.0,-74.0,0.011578707584005098,0.30569497618336283,0.8587073444481403,,True,False,True,29,2,0.25,True,anchored_masked_phase_cross_correlation,K,19,"{'y_start': 381, 'y_stop': 2671, 'x_start': 57, 'x_stop': 2790}"
K19,PLD3_only_no_mCherry,36,488nm Binned,-197.0,-92.0,0.0008553952398239729,0.16742861652810728,0.9014363271729214,,True,False,False,29,2,0.25,True,anchored_masked_phase_cross_correlation,K,19,"{'y_start': 381, 'y_stop': 2671, 'x_start': 57, 'x_stop': 2790}"
K19,PLD3_only_no_mCherry,39,488nm Binned,540.0,57.0,0.0006663714791851,0.16857829303174304,0.7955830605206492,,True,True,True,36,2,0.25,True,anchored_masked_phase_cross_correlation,K,19,"{'y_start': 381, 'y_stop': 2671, 'x_start': 57, 'x_stop': 2790}"
K20,PLD3_only_no_mCherry,8,488nm Binned,0.0,0.0,1.0,1.0,1.0,,True,False,False,8,2,0.25,True,anchored_masked_phase_cross_correlation,K,20,"{'y_start': 368, 'y_stop': 2661, 'x_start': 53, 'x_stop': 2788}"
K20,PLD3_only_no_mCherry,12,488nm Binned,-183.0,-62.0,0.001845061994903488,0.18848100443543409,0.9159539982376592,,True,False,False,8,2,0.25,True,anchored_masked_phase_cross_correlation,K,20,"{'y_start': 368, 'y_stop': 2661, 'x_start': 53, 'x_stop': 2788}"
K20,PLD3_only_no_mCherry,16,488nm Binned,-78.0,-18.0,0.006641656089133974,0.17489713183404584,0.9666978869417552,,True,False,False,8,2,0.25,True,anchored_masked_phase_cross_correlation,K,20,"{'y_start': 368, 'y_stop': 2661, 'x_start': 53, 'x_stop': 2788}"
K20,PLD3_only_no_mCherry,20,488nm Binned,-191.0,-62.0,0.004097148363640245,0.1279905881513564,0.9132248988015694,,True,False,False,8,2,0.25,True,anchored_masked_phase_cross_correlation,K,20,"{'y_start': 368, 'y_stop': 2661, 'x_start': 53, 'x_stop': 2788}"
K20,PLD3_only_no_mCherry,25,488nm Binned,96.0,-8.0,0.01068198727539775,0.2724143365918289,0.9638311654207734,,True,False,True,20,2,0.25,True,anchored_masked_phase_cross_correlation,K,20,"{'y_start': 368, 'y_stop': 2661, 'x_start': 53, 'x_stop': 2788}"
K20,PLD3_only_no_mCherry,29,488nm Binned,53.0,-17.0,0.002633879476722467,0.23628762702334566,0.9757022859855006,,True,False,False,20,2,0.25,True,anchored_masked_phase_cross_correlation,K,20,"{'y_start': 368, 'y_stop': 2661, 'x_start': 53, 'x_stop': 2788}"
K20,PLD3_only_no_mCherry,32,488nm Binned,329.0,-76.0,-0.0022547709709683636,0.16149774658651328,0.8618264541742772,,True,False,False,20,2,0.25,True,anchored_masked_phase_cross_correlation,K,20,"{'y_start': 368, 'y_stop': 2661, 'x_start': 53, 'x_stop': 2788}"
K20,PLD3_only_no_mCherry,36,488nm Binned,-207.0,-94.0,-0.007029054189187337,0.1226391027779185,0.8974144068439511,,True,False,False,20,2,0.25,True,anchored_masked_phase_cross_correlation,K,20,"{'y_start': 368, 'y_stop': 2661, 'x_start': 53, 'x_stop': 2788}"
K20,PLD3_only_no_mCherry,39,488nm Binned,521.0,53.0,0.001857126168669186,0.20525732373189118,0.8032175605780322,,True,True,True,36,2,0.25,True,anchored_masked_phase_cross_correlation,K,20,"{'y_start': 368, 'y_stop': 2661, 'x_start': 53, 'x_stop': 2788}"
L05,PLD3_TMEM106B_no_mCherry,8,488nm Binned,0.0,0.0,1.0,1.0,1.0,,True,False,False,8,2,0.25,True,anchored_masked_phase_cross_correlation,L,05,"{'y_start': 583, 'y_stop': 2825, 'x_start': 85, 'x_stop': 2784}"
L05,PLD3_TMEM106B_no_mCherry,12,488nm Binned,-42.0,-48.0,0.005924164556881228,0.1630733064134534,0.9688643406102835,,True,False,False,8,2,0.25,True,anchored_masked_phase_cross_correlation,L,05,"{'y_start': 583, 'y_stop': 2825, 'x_start': 85, 'x_stop': 2784}"
L05,PLD3_TMEM106B_no_mCherry,16,488nm Binned,-32.0,-14.0,0.022602598210723027,0.14572584691528423,0.9840154136735079,,True,False,False,8,2,0.25,True,anchored_masked_phase_cross_correlation,L,05,"{'y_start': 583, 'y_stop': 2825, 'x_start': 85, 'x_stop': 2784}"
L05,PLD3_TMEM106B_no_mCherry,20,488nm Binned,-9.0,-44.0,0.008878968997732722,0.11041896466568353,0.9815683665668785,,True,False,False,8,2,0.25,True,anchored_masked_phase_cross_correlation,L,05,"{'y_start': 583, 'y_stop': 2825, 'x_start': 85, 'x_stop': 2784}"
L05,PLD3_TMEM106B_no_mCherry,25,488nm Binned,75.0,-5.0,0.002127452970596431,0.3328626543809903,0.9721515875655772,,True,False,True,20,2,0.25,True,anchored_masked_phase_cross_correlation,L,05,"{'y_start': 583, 'y_stop': 2825, 'x_start': 85, 'x_stop': 2784}"
L05,PLD3_TMEM106B_no_mCherry,29,488nm Binned,58.0,-17.0,0.016374593438101943,0.25641023171036886,0.9739692446249579,,True,False,False,20,2,0.25,True,anchored_masked_phase_cross_correlation,L,05,"{'y_start': 583, 'y_stop': 2825, 'x_start': 85, 'x_stop': 2784}"
L05,PLD3_TMEM106B_no_mCherry,32,488nm Binned,507.0,-63.0,0.0037731233860241417,0.185493847598551,0.8051384342010819,,True,True,False,20,2,0.25,True,anchored_masked_phase_cross_correlation,L,05,"{'y_start': 583, 'y_stop': 2825, 'x_start': 85, 'x_stop': 2784}"
L05,PLD3_TMEM106B_no_mCherry,36,488nm Binned,-43.0,-84.0,0.00712190021677544,0.14814137239305322,0.9561573968709698,,True,False,False,20,2,0.25,True,anchored_masked_phase_cross_correlation,L,05,"{'y_start': 583, 'y_stop': 2825, 'x_start': 85, 'x_stop': 2784}"
L05,PLD3_TMEM106B_no_mCherry,39,488nm Binned,884.0,87.0,0.005485446739800751,0.19623088926032686,0.6707865758652685,,True,True,True,36,2,0.25,True,anchored_masked_phase_cross_correlation,L,05,"{'y_start': 583, 'y_stop': 2825, 'x_start': 85, 'x_stop': 2784}"
L06,PLD3_TMEM106B_no_mCherry,8,488nm Binned,0.0,0.0,1.0,1.0,1.0,,True,False,False,8,2,0.25,True,anchored_masked_phase_cross_correlation,L,06,"{'y_start': 564, 'y_stop': 2809, 'x_start': 83, 'x_stop': 2784}"
L06,PLD3_TMEM106B_no_mCherry,12,488nm Binned,-50.0,-47.0,0.004908288113940817,0.1819357155974004,0.9664642211757108,,True,False,False,8,2,0.25,True,anchored_masked_phase_cross_correlation,L,06,"{'y_start': 564, 'y_stop': 2809, 'x_start': 83, 'x_stop': 2784}"
L06,PLD3_TMEM106B_no_mCherry,16,488nm Binned,-34.0,-12.0,0.01834594460871232,0.14520799504904708,0.9840105507023102,,True,False,False,8,2,0.25,True,anchored_masked_phase_cross_correlation,L,06,"{'y_start': 564, 'y_stop': 2809, 'x_start': 83, 'x_stop': 2784}"
L06,PLD3_TMEM106B_no_mCherry,20,488nm Binned,-25.0,-45.0,0.002317847044379626,0.11765253728199218,0.9757295186242071,,True,False,False,8,2,0.25,True,anchored_masked_phase_cross_correlation,L,06,"{'y_start': 564, 'y_stop': 2809, 'x_start': 83, 'x_stop': 2784}"
L06,PLD3_TMEM106B_no_mCherry,25,488nm Binned,75.0,-9.0,0.00652383641070226,0.10062111252595383,0.9707933597100891,,True,False,False,8,2,0.25,True,anchored_masked_phase_cross_correlation,L,06,"{'y_start': 564, 'y_stop': 2809, 'x_start': 83, 'x_stop': 2784}"
L06,PLD3_TMEM106B_no_mCherry,29,488nm Binned,53.0,-20.0,0.015060630781059667,0.34536934124369306,0.9746755911914085,,True,False,True,25,2,0.25,True,anchored_masked_phase_cross_correlation,L,06,"{'y_start': 564, 'y_stop': 2809, 'x_start': 83, 'x_stop': 2784}"
L06,PLD3_TMEM106B_no_mCherry,32,488nm Binned,491.0,-62.0,0.009443111339655483,0.19247134078992523,0.8108836699481996,,True,False,False,25,2,0.25,True,anchored_masked_phase_cross_correlation,L,06,"{'y_start': 564, 'y_stop': 2809, 'x_start': 83, 'x_stop': 2784}"
L06,PLD3_TMEM106B_no_mCherry,36,488nm Binned,-59.0,-87.0,0.0015097630319353262,0.15895785446431068,0.9497174856882757,,True,False,False,25,2,0.25,True,anchored_masked_phase_cross_correlation,L,06,"{'y_start': 564, 'y_stop': 2809, 'x_start': 83, 'x_stop': 2784}"
L06,PLD3_TMEM106B_no_mCherry,39,488nm Binned,854.0,83.0,-0.0026952379734234,0.2320714319945077,0.681908920439846,,True,True,True,36,2,0.25,True,anchored_masked_phase_cross_correlation,L,06,"{'y_start': 564, 'y_stop': 2809, 'x_start': 83, 'x_stop': 2784}"
L07,PLD3_TMEM106B_no_mCherry,8,488nm Binned,0.0,0.0,1.0,1.0,1.0,,True,False,False,8,2,0.25,True,anchored_masked_phase_cross_correlation,L,07,"{'y_start': 552, 'y_stop': 2802, 'x_start': 82, 'x_stop': 2785}"
L07,PLD3_TMEM106B_no_mCherry,12,488nm Binned,-60.0,-47.0,0.001557282908325019,0.1759504138776213,0.9630346107386075,,True,False,False,8,2,0.25,True,anchored_masked_phase_cross_correlation,L,07,"{'y_start': 552, 'y_stop': 2802, 'x_start': 82, 'x_stop': 2785}"
L07,PLD3_TMEM106B_no_mCherry,16,488nm Binned,-36.0,-12.0,0.014165312108218801,0.14799565564760328,0.9833161184152939,,True,False,False,8,2,0.25,True,anchored_masked_phase_cross_correlation,L,07,"{'y_start': 552, 'y_stop': 2802, 'x_start': 82, 'x_stop': 2785}"
L07,PLD3_TMEM106B_no_mCherry,20,488nm Binned,-34.0,-47.0,0.004466680832881172,0.12463076558085305,0.9719515978750761,,True,False,False,8,2,0.25,True,anchored_masked_phase_cross_correlation,L,07,"{'y_start': 552, 'y_stop': 2802, 'x_start': 82, 'x_stop': 2785}"
L07,PLD3_TMEM106B_no_mCherry,25,488nm Binned,77.0,-7.0,0.0012984683290108317,0.10428113091584051,0.9707768256080173,,True,False,False,8,2,0.25,True,anchored_masked_phase_cross_correlation,L,07,"{'y_start': 552, 'y_stop': 2802, 'x_start': 82, 'x_stop': 2785}"
L07,PLD3_TMEM106B_no_mCherry,29,488nm Binned,54.0,-18.0,0.0036848329783896803,0.3292827999277428,0.9750135676896413,,True,False,True,25,2,0.25,True,anchored_masked_phase_cross_correlation,L,07,"{'y_start': 552, 'y_stop': 2802, 'x_start': 82, 'x_stop': 2785}"
L07,PLD3_TMEM106B_no_mCherry,32,488nm Binned,481.0,-61.0,0.0010048984307409045,0.209407214554242,0.8145852420495284,,True,False,False,25,2,0.25,True,anchored_masked_phase_cross_correlation,L,07,"{'y_start': 552, 'y_stop': 2802, 'x_start': 82, 'x_stop': 2785}"
L07,PLD3_TMEM106B_no_mCherry,36,488nm Binned,-66.0,-85.0,0.004701539576353886,0.1787785992251157,0.9480321014454696,,True,False,False,25,2,0.25,True,anchored_masked_phase_cross_correlation,L,07,"{'y_start': 552, 'y_stop': 2802, 'x_start': 82, 'x_stop': 2785}"
L07,PLD3_TMEM106B_no_mCherry,39,488nm Binned,832.0,82.0,-0.0011999799687311768,0.1835035597533294,0.6896053018057184,,True,True,True,36,2,0.25,True,anchored_masked_phase_cross_correlation,L,07,"{'y_start': 552, 'y_stop': 2802, 'x_start': 82, 'x_stop': 2785}"
L08,PLD3_TMEM106B_no_mCherry,8,488nm Binned,0.0,0.0,1.0,1.0,1.0,,True,False,False,8,1,0.125,True,anchored_masked_phase_cross_correlation,L,08,"{'y_start': 541, 'y_stop': 2794, 'x_start': 82, 'x_stop': 2785}"
L08,PLD3_TMEM106B_no_mCherry,12,488nm Binned,-72.0,-48.0,-0.00229081449545447,0.2003574316872549,0.9585791565273717,,True,False,False,8,1,0.125,True,anchored_masked_phase_cross_correlation,L,08,"{'y_start': 541, 'y_stop': 2794, 'x_start': 82, 'x_stop': 2785}"
L08,PLD3_TMEM106B_no_mCherry,16,488nm Binned,-39.0,-14.0,0.01318489344997961,0.15605495803714192,0.9815866027088694,,True,False,False,8,1,0.125,True,anchored_masked_phase_cross_correlation,L,08,"{'y_start': 541, 'y_stop': 2794, 'x_start': 82, 'x_stop': 2785}"
L08,PLD3_TMEM106B_no_mCherry,20,488nm Binned,-47.0,-49.0,0.0022910386410229084,0.11609831550194116,0.9668071822194212,,True,False,False,8,1,0.125,True,anchored_masked_phase_cross_correlation,L,08,"{'y_start': 541, 'y_stop': 2794, 'x_start': 82, 'x_stop': 2785}"
L08,PLD3_TMEM106B_no_mCherry,25,488nm Binned,78.0,-6.0,0.003669681348374543,0.11144497309254604,0.9707681938341416,,True,False,False,8,1,0.125,True,anchored_masked_phase_cross_correlation,L,08,"{'y_start': 541, 'y_stop': 2794, 'x_start': 82, 'x_stop': 2785}"
L08,PLD3_TMEM106B_no_mCherry,29,488nm Binned,58.0,-17.0,-0.002149564194293596,0.10116414476692101,0.9739692446249579,,True,False,False,8,1,0.125,True,anchored_masked_phase_cross_correlation,L,08,"{'y_start': 541, 'y_stop': 2794, 'x_start': 82, 'x_stop': 2785}"
L08,PLD3_TMEM106B_no_mCherry,32,488nm Binned,473.0,-60.0,0.0017679859178310652,0.3170292310654945,0.8176064844803137,,True,False,True,29,1,0.125,True,anchored_masked_phase_cross_correlation,L,08,"{'y_start': 541, 'y_stop': 2794, 'x_start': 82, 'x_stop': 2785}"
L08,PLD3_TMEM106B_no_mCherry,36,488nm Binned,-74.0,-85.0,0.0010677772693267048,0.24696708393944575,0.9453253716768887,,True,False,False,29,1,0.125,True,anchored_masked_phase_cross_correlation,L,08,"{'y_start': 541, 'y_stop': 2794, 'x_start': 82, 'x_stop': 2785}"
L08,PLD3_TMEM106B_no_mCherry,39,488nm Binned,812.0,82.0,-0.0015577904789077447,0.13825313523625332,0.6963794206839672,,True,True,False,29,1,0.125,True,anchored_masked_phase_cross_correlation,L,08,"{'y_start': 541, 'y_stop': 2794, 'x_start': 82, 'x_stop': 2785}"
L09,PLD3_TMEM106B_no_mCherry,8,488nm Binned,0.0,0.0,1.0,1.0,1.0,,True,False,False,8,2,0.25,True,anchored_masked_phase_cross_correlation,L,09,"{'y_start': 526, 'y_stop': 2780, 'x_start': 81, 'x_stop': 2786}"
L09,PLD3_TMEM106B_no_mCherry,12,488nm Binned,-80.0,-49.0,0.00979164159245719,0.17117182915924492,0.9554974916794563,,True,False,False,8,2,0.25,True,anchored_masked_phase_cross_correlation,L,09,"{'y_start': 526, 'y_stop': 2780, 'x_start': 81, 'x_stop': 2786}"
L09,PLD3_TMEM106B_no_mCherry,16,488nm Binned,-44.0,-14.0,0.010562718141210533,0.14158070522112826,0.9798517377341277,,True,False,False,8,2,0.25,True,anchored_masked_phase_cross_correlation,L,09,"{'y_start': 526, 'y_stop': 2780, 'x_start': 81, 'x_stop': 2786}"
L09,PLD3_TMEM106B_no_mCherry,20,488nm Binned,-58.0,-49.0,0.0015711775995059642,0.12395193873561478,0.9630372853727662,,True,False,False,8,2,0.25,True,anchored_masked_phase_cross_correlation,L,09,"{'y_start': 526, 'y_stop': 2780, 'x_start': 81, 'x_stop': 2786}"
L09,PLD3_TMEM106B_no_mCherry,25,488nm Binned,81.0,-9.0,0.009016304670546592,0.29265511723816634,0.9687078745120008,,True,False,True,20,2,0.25,True,anchored_masked_phase_cross_correlation,L,09,"{'y_start': 526, 'y_stop': 2780, 'x_start': 81, 'x_stop': 2786}"
L09,PLD3_TMEM106B_no_mCherry,29,488nm Binned,54.0,-20.0,0.004434658153242672,0.2420706026940692,0.9743293476421397,,True,False,False,20,2,0.25,True,anchored_masked_phase_cross_correlation,L,09,"{'y_start': 526, 'y_stop': 2780, 'x_start': 81, 'x_stop': 2786}"
L09,PLD3_TMEM106B_no_mCherry,32,488nm Binned,461.0,-64.0,0.005348889031276915,0.1724176200617831,0.8205325342499061,,True,False,False,20,2,0.25,True,anchored_masked_phase_cross_correlation,L,09,"{'y_start': 526, 'y_stop': 2780, 'x_start': 81, 'x_stop': 2786}"
L09,PLD3_TMEM106B_no_mCherry,36,488nm Binned,-88.0,-85.0,0.008652101824409798,0.1559564423398011,0.940588594581872,,True,False,False,20,2,0.25,True,anchored_masked_phase_cross_correlation,L,09,"{'y_start': 526, 'y_stop': 2780, 'x_start': 81, 'x_stop': 2786}"
L09,PLD3_TMEM106B_no_mCherry,39,488nm Binned,784.0,81.0,0.010482719497950706,0.22107020465962948,0.70611654791291,,True,True,True,36,2,0.25,True,anchored_masked_phase_cross_correlation,L,09,"{'y_start': 526, 'y_stop': 2780, 'x_start': 81, 'x_stop': 2786}"
L11,PLD3_TMEM106B_no_mCherry,8,488nm Binned,0.0,0.0,1.0,1.0,1.0,,True,False,False,8,1,0.125,True,anchored_masked_phase_cross_correlation,L,11,"{'y_start': 495, 'y_stop': 2760, 'x_start': 79, 'x_stop': 2787}"
L11,PLD3_TMEM106B_no_mCherry,12,488nm Binned,-98.0,-50.0,0.003087839866710357,0.18922195266882436,0.9489918088113147,,True,False,False,8,1,0.125,True,anchored_masked_phase_cross_correlation,L,11,"{'y_start': 495, 'y_stop': 2760, 'x_start': 79, 'x_stop': 2787}"
L11,PLD3_TMEM106B_no_mCherry,16,488nm Binned,-49.0,-14.0,0.011018352985761528,0.17021591324626698,0.978116872759386,,True,False,False,8,1,0.125,True,anchored_masked_phase_cross_correlation,L,11,"{'y_start': 495, 'y_stop': 2760, 'x_start': 79, 'x_stop': 2787}"
L11,PLD3_TMEM106B_no_mCherry,20,488nm Binned,-84.0,-49.0,0.0030403175215768775,0.12547389739228731,0.9541266200988545,,True,False,False,8,1,0.125,True,anchored_masked_phase_cross_correlation,L,11,"{'y_start': 495, 'y_stop': 2760, 'x_start': 79, 'x_stop': 2787}"
L11,PLD3_TMEM106B_no_mCherry,25,488nm Binned,84.0,-9.0,0.0030490563423991894,0.3131986019888549,0.9676651319129567,,True,False,True,20,1,0.125,True,anchored_masked_phase_cross_correlation,L,11,"{'y_start': 495, 'y_stop': 2760, 'x_start': 79, 'x_stop': 2787}"
L11,PLD3_TMEM106B_no_mCherry,29,488nm Binned,52.0,-19.0,0.0008031930830062969,0.24984376884350226,0.9753641879129878,,True,False,False,20,1,0.125,True,anchored_masked_phase_cross_correlation,L,11,"{'y_start': 495, 'y_stop': 2760, 'x_start': 79, 'x_stop': 2787}"
L11,PLD3_TMEM106B_no_mCherry,32,488nm Binned,434.0,-64.0,0.0034971978592061685,0.202529244400087,0.8297366798355926,,True,False,False,20,1,0.125,True,anchored_masked_phase_cross_correlation,L,11,"{'y_start': 495, 'y_stop': 2760, 'x_start': 79, 'x_stop': 2787}"
L11,PLD3_TMEM106B_no_mCherry,36,488nm Binned,-108.0,-87.0,0.010230314963972866,0.17266197505359276,0.9331506801351517,,True,False,False,20,1,0.125,True,anchored_masked_phase_cross_correlation,L,11,"{'y_start': 495, 'y_stop': 2760, 'x_start': 79, 'x_stop': 2787}"
L11,PLD3_TMEM106B_no_mCherry,39,488nm Binned,735.0,79.0,-0.00031846571412843676,0.12775614446803932,0.7232377321825598,,True,True,False,20,1,0.125,True,anchored_masked_phase_cross_correlation,L,11,"{'y_start': 495, 'y_stop': 2760, 'x_start': 79, 'x_stop': 2787}"
L10,PLD3_TMEM106B_no_mCherry,8,488nm Binned,0.0,0.0,1.0,1.0,1.0,,True,False,False,8,2,0.25,True,anchored_masked_phase_cross_correlation,L,10,"{'y_start': 512, 'y_stop': 2770, 'x_start': 81, 'x_stop': 2786}"
L10,PLD3_TMEM106B_no_mCherry,12,488nm Binned,-88.0,-49.0,0.010654067388380187,0.16668076693873668,0.9527557485182526,,True,False,False,8,2,0.25,True,anchored_masked_phase_cross_correlation,L,10,"{'y_start': 512, 'y_stop': 2770, 'x_start': 81, 'x_stop': 2786}"
L10,PLD3_TMEM106B_no_mCherry,16,488nm Binned,-46.0,-14.0,0.010797324461864266,0.15056374657697744,0.979157791744231,,True,False,False,8,2,0.25,True,anchored_masked_phase_cross_correlation,L,10,"{'y_start': 512, 'y_stop': 2770, 'x_start': 81, 'x_stop': 2786}"
L10,PLD3_TMEM106B_no_mCherry,20,488nm Binned,-69.0,-46.0,0.003878230720721669,0.11597700087959903,0.9602882477547662,,True,False,False,8,2,0.25,True,anchored_masked_phase_cross_correlation,L,10,"{'y_start': 512, 'y_stop': 2770, 'x_start': 81, 'x_stop': 2786}"
L10,PLD3_TMEM106B_no_mCherry,25,488nm Binned,86.0,-5.0,0.0036981297971456963,0.3020471009041509,0.9683228487674314,,True,False,True,20,2,0.25,True,anchored_masked_phase_cross_correlation,L,10,"{'y_start': 512, 'y_stop': 2770, 'x_start': 81, 'x_stop': 2786}"
L10,PLD3_TMEM106B_no_mCherry,29,488nm Binned,57.0,-17.0,0.008729207132466072,0.2480273374703516,0.9743158528970665,,True,False,False,20,2,0.25,True,anchored_masked_phase_cross_correlation,L,10,"{'y_start': 512, 'y_stop': 2770, 'x_start': 81, 'x_stop': 2786}"
L10,PLD3_TMEM106B_no_mCherry,32,488nm Binned,449.0,-61.0,0.008004507657768539,0.16379577063486564,0.8255055301708459,,True,False,False,20,2,0.25,True,anchored_masked_phase_cross_correlation,L,10,"{'y_start': 512, 'y_stop': 2770, 'x_start': 81, 'x_stop': 2786}"
L10,PLD3_TMEM106B_no_mCherry,36,488nm Binned,-98.0,-86.0,0.0006373127913465546,0.15802194590754257,0.9368684216157125,,True,False,False,20,2,0.25,True,anchored_masked_phase_cross_correlation,L,10,"{'y_start': 512, 'y_stop': 2770, 'x_start': 81, 'x_stop': 2786}"
L10,PLD3_TMEM106B_no_mCherry,39,488nm Binned,762.0,81.0,0.0027676095757246883,0.18368855598696868,0.7135707533131422,,True,True,True,36,2,0.25,True,anchored_masked_phase_cross_correlation,L,10,"{'y_start': 512, 'y_stop': 2770, 'x_start': 81, 'x_stop': 2786}"
L12,PLD3_TMEM106B_no_mCherry,8,488nm Binned,0.0,0.0,1.0,1.0,1.0,,True,False,False,8,2,0.25,True,anchored_masked_phase_cross_correlation,L,12,"{'y_start': 484, 'y_stop': 2753, 'x_start': 77, 'x_stop': 2789}"
L12,PLD3_TMEM106B_no_mCherry,12,488nm Binned,-108.0,-49.0,0.011655981263154602,0.1946611981740356,0.9459013906152437,,True,False,False,8,2,0.25,True,anchored_masked_phase_cross_correlation,L,12,"{'y_start': 484, 'y_stop': 2753, 'x_start': 77, 'x_stop': 2789}"
L12,PLD3_TMEM106B_no_mCherry,16,488nm Binned,-52.0,-15.0,0.012496986159835652,0.15653525242936026,0.9767336006022304,,True,False,False,8,2,0.25,True,anchored_masked_phase_cross_correlation,L,12,"{'y_start': 484, 'y_stop': 2753, 'x_start': 77, 'x_stop': 2789}"
L12,PLD3_TMEM106B_no_mCherry,20,488nm Binned,-95.0,-50.0,0.007653635891978485,0.12360361415753893,0.9500195977739263,,True,False,False,8,2,0.25,True,anchored_masked_phase_cross_correlation,L,12,"{'y_start': 484, 'y_stop': 2753, 'x_start': 77, 'x_stop': 2789}"
L12,PLD3_TMEM106B_no_mCherry,25,488nm Binned,90.0,-8.0,0.01274089705986627,0.10037217744758749,0.9659173800645413,,True,False,False,8,2,0.25,True,anchored_masked_phase_cross_correlation,L,12,"{'y_start': 484, 'y_stop': 2753, 'x_start': 77, 'x_stop': 2789}"
L12,PLD3_TMEM106B_no_mCherry,29,488nm Binned,59.0,-19.0,0.020925355146027214,0.3193295204485562,0.9729396320481473,,True,False,True,25,2,0.25,True,anchored_masked_phase_cross_correlation,L,12,"{'y_start': 484, 'y_stop': 2753, 'x_start': 77, 'x_stop': 2789}"
L12,PLD3_TMEM106B_no_mCherry,32,488nm Binned,425.0,-65.0,0.00435643136064014,0.1941090373855792,0.8325077223982618,,True,False,False,25,2,0.25,True,anchored_masked_phase_cross_correlation,L,12,"{'y_start': 484, 'y_stop': 2753, 'x_start': 77, 'x_stop': 2789}"
L12,PLD3_TMEM106B_no_mCherry,36,488nm Binned,-115.0,-86.0,0.006341625253267078,0.16493217274445504,0.931118687620237,,True,False,False,25,2,0.25,True,anchored_masked_phase_cross_correlation,L,12,"{'y_start': 484, 'y_stop': 2753, 'x_start': 77, 'x_stop': 2789}"
L12,PLD3_TMEM106B_no_mCherry,39,488nm Binned,717.0,77.0,0.004773492171836467,0.18978255304836908,0.7298640167364017,,True,True,True,36,2,0.25,True,anchored_masked_phase_cross_correlation,L,12,"{'y_start': 484, 'y_stop': 2753, 'x_start': 77, 'x_stop': 2789}"
L13,PLD3_TMEM106B_no_mCherry,8,488nm Binned,0.0,0.0,1.0,1.0,1.0,,True,False,False,8,1,0.125,True,anchored_masked_phase_cross_correlation,L,13,"{'y_start': 466, 'y_stop': 2735, 'x_start': 78, 'x_stop': 2788}"
L13,PLD3_TMEM106B_no_mCherry,12,488nm Binned,-119.0,-50.0,0.003927352973760077,0.18223592908359357,0.941797286073034,,True,False,False,8,1,0.125,True,anchored_masked_phase_cross_correlation,L,13,"{'y_start': 466, 'y_stop': 2735, 'x_start': 78, 'x_stop': 2788}"
L13,PLD3_TMEM106B_no_mCherry,16,488nm Binned,-57.0,-14.0,0.002561844682513005,0.17617991176831294,0.9753410887997993,,True,False,False,8,1,0.125,True,anchored_masked_phase_cross_correlation,L,13,"{'y_start': 466, 'y_stop': 2735, 'x_start': 78, 'x_stop': 2788}"
L13,PLD3_TMEM106B_no_mCherry,20,488nm Binned,-108.0,-48.0,0.007514806963309364,0.13033636242350113,0.9462369356278777,,True,False,False,8,1,0.125,True,anchored_masked_phase_cross_correlation,L,13,"{'y_start': 466, 'y_stop': 2735, 'x_start': 78, 'x_stop': 2788}"
L13,PLD3_TMEM106B_no_mCherry,25,488nm Binned,86.0,-9.0,0.0002330016758733353,0.10535064275305908,0.9669699701802607,,True,False,False,8,1,0.125,True,anchored_masked_phase_cross_correlation,L,13,"{'y_start': 466, 'y_stop': 2735, 'x_start': 78, 'x_stop': 2788}"
L13,PLD3_TMEM106B_no_mCherry,29,488nm Binned,54.0,-19.0,0.011003826019894296,0.3591966277556756,0.9746714576658906,,True,False,True,25,1,0.125,True,anchored_masked_phase_cross_correlation,L,13,"{'y_start': 466, 'y_stop': 2735, 'x_start': 78, 'x_stop': 2788}"
L13,PLD3_TMEM106B_no_mCherry,32,488nm Binned,410.0,-64.0,-0.003934328344984372,0.20929447069317528,0.8379181425784251,,True,False,False,25,1,0.125,True,anchored_masked_phase_cross_correlation,L,13,"{'y_start': 466, 'y_stop': 2735, 'x_start': 78, 'x_stop': 2788}"
L13,PLD3_TMEM106B_no_mCherry,36,488nm Binned,-133.0,-85.0,0.003166354357019634,0.15707390431335785,0.9253632396336043,,True,False,False,25,1,0.125,True,anchored_masked_phase_cross_correlation,L,13,"{'y_start': 466, 'y_stop': 2735, 'x_start': 78, 'x_stop': 2788}"
L13,PLD3_TMEM106B_no_mCherry,39,488nm Binned,688.0,78.0,0.002659517871486251,0.10297836008454223,0.7394390854501847,,True,True,False,25,1,0.125,True,anchored_masked_phase_cross_correlation,L,13,"{'y_start': 466, 'y_stop': 2735, 'x_start': 78, 'x_stop': 2788}"
L15,PLD3_TMEM106B_no_mCherry,8,488nm Binned,0.0,0.0,1.0,1.0,1.0,,True,False,False,8,1,0.125,True,anchored_masked_phase_cross_correlation,L,15,"{'y_start': 440, 'y_stop': 2715, 'x_start': 74, 'x_stop': 2792}"
L15,PLD3_TMEM106B_no_mCherry,12,488nm Binned,-137.0,-52.0,0.0038355797275785213,0.17961576327905981,0.9349665135803333,,True,False,False,8,1,0.125,True,anchored_masked_phase_cross_correlation,L,15,"{'y_start': 440, 'y_stop': 2715, 'x_start': 74, 'x_stop': 2792}"
L15,PLD3_TMEM106B_no_mCherry,16,488nm Binned,-62.0,-16.0,0.0025563184821604194,0.14422432555781475,0.9729239489660351,,True,False,False,8,1,0.125,True,anchored_masked_phase_cross_correlation,L,15,"{'y_start': 440, 'y_stop': 2715, 'x_start': 74, 'x_stop': 2792}"
L15,PLD3_TMEM106B_no_mCherry,20,488nm Binned,-131.0,-50.0,0.0003088689460468883,0.11963386885593454,0.937686130222588,,True,False,False,8,1,0.125,True,anchored_masked_phase_cross_correlation,L,15,"{'y_start': 440, 'y_stop': 2715, 'x_start': 74, 'x_stop': 2792}"
L15,PLD3_TMEM106B_no_mCherry,25,488nm Binned,91.0,-7.0,0.004313735487160218,0.2960087759905381,0.9659072893993064,,True,False,True,20,1,0.125,True,anchored_masked_phase_cross_correlation,L,15,"{'y_start': 440, 'y_stop': 2715, 'x_start': 74, 'x_stop': 2792}"
L15,PLD3_TMEM106B_no_mCherry,29,488nm Binned,55.0,-16.0,0.004075869924257078,0.2526633958084815,0.9753510578907543,,True,False,False,20,1,0.125,True,anchored_masked_phase_cross_correlation,L,15,"{'y_start': 440, 'y_stop': 2715, 'x_start': 74, 'x_stop': 2792}"
L15,PLD3_TMEM106B_no_mCherry,32,488nm Binned,389.0,-64.0,0.006212002121328893,0.182846238703164,0.8450769224784035,,True,False,False,20,1,0.125,True,anchored_masked_phase_cross_correlation,L,15,"{'y_start': 440, 'y_stop': 2715, 'x_start': 74, 'x_stop': 2792}"
L15,PLD3_TMEM106B_no_mCherry,36,488nm Binned,-153.0,-84.0,0.004683944572921922,0.14213713506115572,0.9189264893821887,,True,False,False,20,1,0.125,True,anchored_masked_phase_cross_correlation,L,15,"{'y_start': 440, 'y_stop': 2715, 'x_start': 74, 'x_stop': 2792}"
L15,PLD3_TMEM106B_no_mCherry,39,488nm Binned,643.0,74.0,-0.0004903089407097283,0.10302860250501714,0.7557847473880982,,True,True,False,20,1,0.125,True,anchored_masked_phase_cross_correlation,L,15,"{'y_start': 440, 'y_stop': 2715, 'x_start': 74, 'x_stop': 2792}"
L14,PLD3_TMEM106B_no_mCherry,8,488nm Binned,0.0,0.0,1.0,1.0,1.0,,True,False,False,8,2,0.25,True,anchored_masked_phase_cross_correlation,L,14,"{'y_start': 451, 'y_stop': 2724, 'x_start': 80, 'x_stop': 2787}"
L14,PLD3_TMEM106B_no_mCherry,12,488nm Binned,-126.0,-51.0,0.008516129295644949,0.20469177326226567,0.9390657551513454,,True,False,False,8,2,0.25,True,anchored_masked_phase_cross_correlation,L,14,"{'y_start': 451, 'y_stop': 2724, 'x_start': 80, 'x_stop': 2787}"
L14,PLD3_TMEM106B_no_mCherry,16,488nm Binned,-58.0,-16.0,0.00581135269530593,0.16015182151119672,0.974310868351589,,True,False,False,8,2,0.25,True,anchored_masked_phase_cross_correlation,L,14,"{'y_start': 451, 'y_stop': 2724, 'x_start': 80, 'x_stop': 2787}"
L14,PLD3_TMEM106B_no_mCherry,20,488nm Binned,-121.0,-50.0,0.013500718991532275,0.13273744260187925,0.941112093431293,,True,False,False,8,2,0.25,True,anchored_masked_phase_cross_correlation,L,14,"{'y_start': 451, 'y_stop': 2724, 'x_start': 80, 'x_stop': 2787}"
L14,PLD3_TMEM106B_no_mCherry,25,488nm Binned,85.0,-8.0,0.01184105107558948,0.10671582526738677,0.9676558922676812,,True,False,False,8,2,0.25,True,anchored_masked_phase_cross_correlation,L,14,"{'y_start': 451, 'y_stop': 2724, 'x_start': 80, 'x_stop': 2787}"
L14,PLD3_TMEM106B_no_mCherry,29,488nm Binned,50.0,-16.0,0.0022787811761478894,0.3712315169055009,0.9770847071226967,,True,False,True,25,2,0.25,True,anchored_masked_phase_cross_correlation,L,14,"{'y_start': 451, 'y_stop': 2724, 'x_start': 80, 'x_stop': 2787}"
L14,PLD3_TMEM106B_no_mCherry,32,488nm Binned,398.0,-62.0,-0.0016824440856565012,0.20233409166714533,0.8426094508927443,,True,False,False,25,2,0.25,True,anchored_masked_phase_cross_correlation,L,14,"{'y_start': 451, 'y_stop': 2724, 'x_start': 80, 'x_stop': 2787}"
L14,PLD3_TMEM106B_no_mCherry,36,488nm Binned,-144.0,-83.0,0.0072392766984559825,0.16077156500584242,0.9223038228789179,,True,False,False,25,2,0.25,True,anchored_masked_phase_cross_correlation,L,14,"{'y_start': 451, 'y_stop': 2724, 'x_start': 80, 'x_stop': 2787}"
L14,PLD3_TMEM106B_no_mCherry,39,488nm Binned,660.0,80.0,-0.0032023049513435087,0.21556632412025536,0.7483995961788718,,True,True,True,36,2,0.25,True,anchored_masked_phase_cross_correlation,L,14,"{'y_start': 451, 'y_stop': 2724, 'x_start': 80, 'x_stop': 2787}"
L16,PLD3_TMEM106B_no_mCherry,8,488nm Binned,0.0,0.0,1.0,1.0,1.0,,True,False,False,8,1,0.125,True,anchored_masked_phase_cross_correlation,L,16,"{'y_start': 425, 'y_stop': 2705, 'x_start': 75, 'x_stop': 2790}"
L16,PLD3_TMEM106B_no_mCherry,12,488nm Binned,-145.0,-52.0,-0.0014100027853530914,0.17491510213216915,0.9322276882018483,,True,False,False,8,1,0.125,True,anchored_masked_phase_cross_correlation,L,16,"{'y_start': 425, 'y_stop': 2705, 'x_start': 75, 'x_stop': 2790}"
L16,PLD3_TMEM106B_no_mCherry,16,488nm Binned,-67.0,-17.0,0.007199165217508743,0.1517314100247789,0.9708497701759812,,True,False,False,8,1,0.125,True,anchored_masked_phase_cross_correlation,L,16,"{'y_start': 425, 'y_stop': 2705, 'x_start': 75, 'x_stop': 2790}"
L16,PLD3_TMEM106B_no_mCherry,20,488nm Binned,-145.0,-51.0,-0.0051743366508349275,0.11154808505408736,0.9325587349661245,,True,False,False,8,1,0.125,True,anchored_masked_phase_cross_correlation,L,16,"{'y_start': 425, 'y_stop': 2705, 'x_start': 75, 'x_stop': 2790}"
L16,PLD3_TMEM106B_no_mCherry,25,488nm Binned,90.0,-12.0,0.0034728335836926665,0.10388028875199071,0.9645664466658497,,True,False,False,8,1,0.125,True,anchored_masked_phase_cross_correlation,L,16,"{'y_start': 425, 'y_stop': 2705, 'x_start': 75, 'x_stop': 2790}"
L16,PLD3_TMEM106B_no_mCherry,29,488nm Binned,55.0,-20.0,0.008840795363083536,0.3440310677416009,0.973983104092871,,True,False,True,25,1,0.125,True,anchored_masked_phase_cross_correlation,L,16,"{'y_start': 425, 'y_stop': 2705, 'x_start': 75, 'x_stop': 2790}"
L16,PLD3_TMEM106B_no_mCherry,32,488nm Binned,377.0,-68.0,0.0003087727137848902,0.21310190437858306,0.847956287724499,,True,False,False,25,1,0.125,True,anchored_masked_phase_cross_correlation,L,16,"{'y_start': 425, 'y_stop': 2705, 'x_start': 75, 'x_stop': 2790}"
L16,PLD3_TMEM106B_no_mCherry,36,488nm Binned,-163.0,-87.0,-0.0031363782914177202,0.14420344511994806,0.9145552861469513,,True,False,False,25,1,0.125,True,anchored_masked_phase_cross_correlation,L,16,"{'y_start': 425, 'y_stop': 2705, 'x_start': 75, 'x_stop': 2790}"
L16,PLD3_TMEM106B_no_mCherry,39,488nm Binned,614.0,75.0,-0.004363698219926836,0.11129527663153264,0.7653613965675204,,True,True,False,25,1,0.125,True,anchored_masked_phase_cross_correlation,L,16,"{'y_start': 425, 'y_stop': 2705, 'x_start': 75, 'x_stop': 2790}"
L17,PLD3_TMEM106B_no_mCherry,8,488nm Binned,0.0,0.0,1.0,1.0,1.0,,True,False,False,8,2,0.25,True,anchored_masked_phase_cross_correlation,L,17,"{'y_start': 413, 'y_stop': 2696, 'x_start': 76, 'x_stop': 2790}"
L17,PLD3_TMEM106B_no_mCherry,12,488nm Binned,-153.0,-51.0,0.007454978186263143,0.17803648612293052,0.9298189369934,,True,False,False,8,2,0.25,True,anchored_masked_phase_cross_correlation,L,17,"{'y_start': 413, 'y_stop': 2696, 'x_start': 76, 'x_stop': 2790}"
L17,PLD3_TMEM106B_no_mCherry,16,488nm Binned,-65.0,-15.0,0.00870921264924104,0.12977990445163734,0.9722245321335411,,True,False,False,8,2,0.25,True,anchored_masked_phase_cross_correlation,L,17,"{'y_start': 413, 'y_stop': 2696, 'x_start': 76, 'x_stop': 2790}"
L17,PLD3_TMEM106B_no_mCherry,20,488nm Binned,-155.0,-50.0,0.0036830180091422197,0.41875211057649364,0.9294638185216957,,True,False,True,16,2,0.25,True,anchored_masked_phase_cross_correlation,L,17,"{'y_start': 413, 'y_stop': 2696, 'x_start': 76, 'x_stop': 2790}"
L17,PLD3_TMEM106B_no_mCherry,25,488nm Binned,96.0,-9.0,0.003428895670184268,0.2488036844238078,0.9634941615167801,,True,False,False,16,2,0.25,True,anchored_masked_phase_cross_correlation,L,17,"{'y_start': 413, 'y_stop': 2696, 'x_start': 76, 'x_stop': 2790}"
L17,PLD3_TMEM106B_no_mCherry,29,488nm Binned,57.0,-18.0,0.013807641347300679,0.21014029805595105,0.9739741075961555,,True,False,False,16,2,0.25,True,anchored_masked_phase_cross_correlation,L,17,"{'y_start': 413, 'y_stop': 2696, 'x_start': 76, 'x_stop': 2790}"
L17,PLD3_TMEM106B_no_mCherry,32,488nm Binned,367.0,-65.0,0.001966738879783417,0.15505713815663213,0.8522725393852038,,True,False,False,16,2,0.25,True,anchored_masked_phase_cross_correlation,L,17,"{'y_start': 413, 'y_stop': 2696, 'x_start': 76, 'x_stop': 2790}"
L17,PLD3_TMEM106B_no_mCherry,36,488nm Binned,-172.0,-86.0,0.0020596966752174364,0.1290733408734603,0.9118401677530544,,True,False,False,16,2,0.25,True,anchored_masked_phase_cross_correlation,L,17,"{'y_start': 413, 'y_stop': 2696, 'x_start': 76, 'x_stop': 2790}"
L17,PLD3_TMEM106B_no_mCherry,39,488nm Binned,594.0,76.0,0.0036779799476954317,0.21218993282571888,0.7718760759323775,,True,True,True,36,2,0.25,True,anchored_masked_phase_cross_correlation,L,17,"{'y_start': 413, 'y_stop': 2696, 'x_start': 76, 'x_stop': 2790}"
L18,PLD3_TMEM106B_no_mCherry,8,488nm Binned,0.0,0.0,1.0,1.0,1.0,,True,False,False,8,1,0.125,True,anchored_masked_phase_cross_correlation,L,18,"{'y_start': 396, 'y_stop': 2683, 'x_start': 72, 'x_stop': 2792}"
L18,PLD3_TMEM106B_no_mCherry,12,488nm Binned,-164.0,-53.0,-5.942342004301103e-05,0.17063869139280322,0.9253942410749889,,True,False,False,8,1,0.125,True,anchored_masked_phase_cross_correlation,L,18,"{'y_start': 396, 'y_stop': 2683, 'x_start': 72, 'x_stop': 2792}"
L18,PLD3_TMEM106B_no_mCherry,16,488nm Binned,-70.0,-16.0,0.0031560184020409856,0.16236499682412128,0.9701501101949274,,True,False,False,8,1,0.125,True,anchored_masked_phase_cross_correlation,L,18,"{'y_start': 396, 'y_stop': 2683, 'x_start': 72, 'x_stop': 2792}"
L18,PLD3_TMEM106B_no_mCherry,20,488nm Binned,-168.0,-53.0,-0.004653090648995356,0.1281522132883692,0.9240253146828662,,True,False,False,8,1,0.125,True,anchored_masked_phase_cross_correlation,L,18,"{'y_start': 396, 'y_stop': 2683, 'x_start': 72, 'x_stop': 2792}"
L18,PLD3_TMEM106B_no_mCherry,25,488nm Binned,94.0,-12.0,0.0004439311384426146,0.29127118137269875,0.9631775820918168,,True,False,True,20,1,0.125,True,anchored_masked_phase_cross_correlation,L,18,"{'y_start': 396, 'y_stop': 2683, 'x_start': 72, 'x_stop': 2792}"
L18,PLD3_TMEM106B_no_mCherry,29,488nm Binned,54.0,-19.0,0.010296273314216816,0.2547855339501792,0.9746714576658906,,True,False,False,20,1,0.125,True,anchored_masked_phase_cross_correlation,L,18,"{'y_start': 396, 'y_stop': 2683, 'x_start': 72, 'x_stop': 2792}"
L18,PLD3_TMEM106B_no_mCherry,32,488nm Binned,352.0,-67.0,-0.0066620986694737455,0.18064675885510179,0.8567723682086176,,True,False,False,20,1,0.125,True,anchored_masked_phase_cross_correlation,L,18,"{'y_start': 396, 'y_stop': 2683, 'x_start': 72, 'x_stop': 2792}"
L18,PLD3_TMEM106B_no_mCherry,36,488nm Binned,-185.0,-88.0,0.009160721270473435,0.17737629790726364,0.9067909447585923,,True,False,False,20,1,0.125,True,anchored_masked_phase_cross_correlation,L,18,"{'y_start': 396, 'y_stop': 2683, 'x_start': 72, 'x_stop': 2792}"
L18,PLD3_TMEM106B_no_mCherry,39,488nm Binned,567.0,72.0,0.0038470762335100547,0.10405510299381591,0.7821598011239299,,True,True,False,20,1,0.125,True,anchored_masked_phase_cross_correlation,L,18,"{'y_start': 396, 'y_stop': 2683, 'x_start': 72, 'x_stop': 2792}"
L19,PLD3_TMEM106B_no_mCherry,8,488nm Binned,0.0,0.0,1.0,1.0,1.0,,True,False,False,8,2,0.25,True,anchored_masked_phase_cross_correlation,L,19,"{'y_start': 381, 'y_stop': 2672, 'x_start': 74, 'x_stop': 2791}"
L19,PLD3_TMEM106B_no_mCherry,12,488nm Binned,-175.0,-53.0,-0.0020489527757535293,0.1703887349466214,0.9216296934966514,,True,False,False,8,2,0.25,True,anchored_masked_phase_cross_correlation,L,19,"{'y_start': 381, 'y_stop': 2672, 'x_start': 74, 'x_stop': 2791}"
L19,PLD3_TMEM106B_no_mCherry,16,488nm Binned,-74.0,-17.0,0.0028550248058168545,0.13222886552750607,0.9684235122712215,,True,False,False,8,2,0.25,True,anchored_masked_phase_cross_correlation,L,19,"{'y_start': 381, 'y_stop': 2672, 'x_start': 74, 'x_stop': 2791}"
L19,PLD3_TMEM106B_no_mCherry,20,488nm Binned,-181.0,-52.0,0.0012840941672873523,0.42768719705507824,0.9199029739986656,,True,False,True,16,2,0.25,True,anchored_masked_phase_cross_correlation,L,19,"{'y_start': 381, 'y_stop': 2672, 'x_start': 74, 'x_stop': 2791}"
L19,PLD3_TMEM106B_no_mCherry,25,488nm Binned,94.0,-12.0,-0.0006285169678287751,0.25469817306440856,0.9631775820918168,,True,False,False,16,2,0.25,True,anchored_masked_phase_cross_correlation,L,19,"{'y_start': 381, 'y_stop': 2672, 'x_start': 74, 'x_stop': 2791}"
L19,PLD3_TMEM106B_no_mCherry,29,488nm Binned,51.0,-19.0,0.012714478569296398,0.21660292766266176,0.9757105530365364,,True,False,False,16,2,0.25,True,anchored_masked_phase_cross_correlation,L,19,"{'y_start': 381, 'y_stop': 2672, 'x_start': 74, 'x_stop': 2791}"
L19,PLD3_TMEM106B_no_mCherry,32,488nm Binned,340.0,-67.0,-0.005195192508545763,0.16643282531981957,0.860858722905956,,True,False,False,16,2,0.25,True,anchored_masked_phase_cross_correlation,L,19,"{'y_start': 381, 'y_stop': 2672, 'x_start': 74, 'x_stop': 2791}"
L19,PLD3_TMEM106B_no_mCherry,36,488nm Binned,-196.0,-85.0,0.003449639940885032,0.13672452772142343,0.9040477427060295,,True,False,False,16,2,0.25,True,anchored_masked_phase_cross_correlation,L,19,"{'y_start': 381, 'y_stop': 2672, 'x_start': 74, 'x_stop': 2791}"
L19,PLD3_TMEM106B_no_mCherry,39,488nm Binned,542.0,74.0,-0.005369649866419563,0.2403486951280818,0.7900922797414456,,True,True,True,36,2,0.25,True,anchored_masked_phase_cross_correlation,L,19,"{'y_start': 381, 'y_stop': 2672, 'x_start': 74, 'x_stop': 2791}"
L20,PLD3_TMEM106B_no_mCherry,8,488nm Binned,0.0,0.0,1.0,1.0,1.0,,True,False,False,8,2,0.25,True,anchored_masked_phase_cross_correlation,L,20,"{'y_start': 365, 'y_stop': 2662, 'x_start': 74, 'x_stop': 2791}"
L20,PLD3_TMEM106B_no_mCherry,12,488nm Binned,-183.0,-53.0,-0.0010738568510377823,0.18067686722392767,0.9188918407124058,,True,False,False,8,2,0.25,True,anchored_masked_phase_cross_correlation,L,20,"{'y_start': 365, 'y_stop': 2662, 'x_start': 74, 'x_stop': 2791}"
L20,PLD3_TMEM106B_no_mCherry,16,488nm Binned,-77.0,-18.0,0.008358430669821441,0.15915821915612402,0.9670443736395838,,True,False,False,8,2,0.25,True,anchored_masked_phase_cross_correlation,L,20,"{'y_start': 365, 'y_stop': 2662, 'x_start': 74, 'x_stop': 2791}"
L20,PLD3_TMEM106B_no_mCherry,20,488nm Binned,-193.0,-51.0,-0.0007664784373881035,0.12744818855943404,0.9161199471297772,,True,False,False,8,2,0.25,True,anchored_masked_phase_cross_correlation,L,20,"{'y_start': 365, 'y_stop': 2662, 'x_start': 74, 'x_stop': 2791}"
L20,PLD3_TMEM106B_no_mCherry,25,488nm Binned,97.0,-8.0,0.0013138176699815163,0.28903634645857296,0.9634834629801454,,True,False,True,20,2,0.25,True,anchored_masked_phase_cross_correlation,L,20,"{'y_start': 365, 'y_stop': 2662, 'x_start': 74, 'x_stop': 2791}"
L20,PLD3_TMEM106B_no_mCherry,29,488nm Binned,52.0,-17.0,0.00868194541473429,0.24180553194575777,0.9760488942576091,,True,False,False,20,2,0.25,True,anchored_masked_phase_cross_correlation,L,20,"{'y_start': 365, 'y_stop': 2662, 'x_start': 74, 'x_stop': 2791}"
L20,PLD3_TMEM106B_no_mCherry,32,488nm Binned,326.0,-67.0,0.0018536546342724466,0.17728337310827635,0.8656261367195175,,True,False,False,20,2,0.25,True,anchored_masked_phase_cross_correlation,L,20,"{'y_start': 365, 'y_stop': 2662, 'x_start': 74, 'x_stop': 2791}"
L20,PLD3_TMEM106B_no_mCherry,36,488nm Binned,-206.0,-85.0,0.004277651786093991,0.15732693168075823,0.9006643304953034,,True,False,False,20,2,0.25,True,anchored_masked_phase_cross_correlation,L,20,"{'y_start': 365, 'y_stop': 2662, 'x_start': 74, 'x_stop': 2791}"
L20,PLD3_TMEM106B_no_mCherry,39,488nm Binned,519.0,74.0,0.0063347567949489465,0.22190985460130513,0.7979048861189405,,True,True,True,36,2,0.25,True,anchored_masked_phase_cross_correlation,L,20,"{'y_start': 365, 'y_stop': 2662, 'x_start': 74, 'x_stop': 2791}"
M05,PLD3_mCherry_reporter_control,8,488nm Binned,0.0,0.0,1.0,1.0,1.0,,True,False,False,8,2,0.25,True,anchored_masked_phase_cross_correlation,M,05,"{'y_start': 579, 'y_stop': 2820, 'x_start': 81, 'x_stop': 2794}"
M05,PLD3_mCherry_reporter_control,12,488nm Binned,-44.0,-41.0,0.005748998069627952,0.17256472317335741,0.9705819420372737,,True,False,False,8,2,0.25,True,anchored_masked_phase_cross_correlation,M,05,"{'y_start': 579, 'y_stop': 2820, 'x_start': 81, 'x_stop': 2794}"
M05,PLD3_mCherry_reporter_control,16,488nm Binned,-31.0,-12.0,0.00983971624215424,0.1402928010869316,0.9850521991328349,,True,False,False,8,2,0.25,True,anchored_masked_phase_cross_correlation,M,05,"{'y_start': 579, 'y_stop': 2820, 'x_start': 81, 'x_stop': 2794}"
M05,PLD3_mCherry_reporter_control,20,488nm Binned,-11.0,-35.0,0.014356404161587078,0.1221020051459008,0.9840077544938717,,True,False,False,8,2,0.25,True,anchored_masked_phase_cross_correlation,M,05,"{'y_start': 579, 'y_stop': 2820, 'x_start': 81, 'x_stop': 2794}"
M05,PLD3_mCherry_reporter_control,25,488nm Binned,73.0,-8.0,0.002440759630699975,0.28339016108023896,0.9718283215552171,,True,False,True,20,2,0.25,True,anchored_masked_phase_cross_correlation,M,05,"{'y_start': 579, 'y_stop': 2820, 'x_start': 81, 'x_stop': 2794}"
M05,PLD3_mCherry_reporter_control,29,488nm Binned,54.0,-19.0,3.524286165689809e-05,0.2162157030078351,0.9746714576658906,,True,False,False,20,2,0.25,True,anchored_masked_phase_cross_correlation,M,05,"{'y_start': 579, 'y_stop': 2820, 'x_start': 81, 'x_stop': 2794}"
M05,PLD3_mCherry_reporter_control,32,488nm Binned,503.0,-50.0,0.002570463897973401,0.17228180672963853,0.8102402988587579,,True,True,False,20,2,0.25,True,anchored_masked_phase_cross_correlation,M,05,"{'y_start': 579, 'y_stop': 2820, 'x_start': 81, 'x_stop': 2794}"
M05,PLD3_mCherry_reporter_control,36,488nm Binned,-48.0,-74.0,0.00985247496790383,0.1286229014550615,0.957893477588511,,True,False,False,20,2,0.25,True,anchored_masked_phase_cross_correlation,M,05,"{'y_start': 579, 'y_stop': 2820, 'x_start': 81, 'x_stop': 2794}"
M05,PLD3_mCherry_reporter_control,39,488nm Binned,881.0,109.0,0.003399908560723247,0.18893018358333769,0.6664863720095159,,True,True,True,36,2,0.25,True,anchored_masked_phase_cross_correlation,M,05,"{'y_start': 579, 'y_stop': 2820, 'x_start': 81, 'x_stop': 2794}"
M07,PLD3_mCherry_reporter_control,8,488nm Binned,0.0,0.0,1.0,1.0,1.0,,True,False,False,8,1,0.125,True,anchored_masked_phase_cross_correlation,M,07,"{'y_start': 552, 'y_stop': 2800, 'x_start': 78, 'x_stop': 2796}"
M07,PLD3_mCherry_reporter_control,12,488nm Binned,-60.0,-40.0,0.008686687771170898,0.19013602850329608,0.9654242747851053,,True,False,False,8,1,0.125,True,anchored_masked_phase_cross_correlation,M,07,"{'y_start': 552, 'y_stop': 2800, 'x_start': 78, 'x_stop': 2796}"
M07,PLD3_mCherry_reporter_control,16,488nm Binned,-36.0,-12.0,0.015027401541798312,0.15856933330720546,0.9833161184152939,,True,False,False,8,1,0.125,True,anchored_masked_phase_cross_correlation,M,07,"{'y_start': 552, 'y_stop': 2800, 'x_start': 78, 'x_stop': 2796}"
M07,PLD3_mCherry_reporter_control,20,488nm Binned,-36.0,-39.0,0.016863801230561346,0.12352990498193818,0.9740200626739728,,True,False,False,8,1,0.125,True,anchored_masked_phase_cross_correlation,M,07,"{'y_start': 552, 'y_stop': 2800, 'x_start': 78, 'x_stop': 2796}"
M07,PLD3_mCherry_reporter_control,25,488nm Binned,76.0,-8.0,0.005724782876773521,0.1050343731995058,0.9707852142333332,,True,False,False,8,1,0.125,True,anchored_masked_phase_cross_correlation,M,07,"{'y_start': 552, 'y_stop': 2800, 'x_start': 78, 'x_stop': 2796}"
M07,PLD3_mCherry_reporter_control,29,488nm Binned,52.0,-17.0,0.004273583787736635,0.28597961544291955,0.9760488942576091,,True,False,True,25,1,0.125,True,anchored_masked_phase_cross_correlation,M,07,"{'y_start': 552, 'y_stop': 2800, 'x_start': 78, 'x_stop': 2796}"
M07,PLD3_mCherry_reporter_control,32,488nm Binned,481.0,-49.0,0.005821518844280797,0.18778374513601068,0.8180676157241256,,True,False,False,25,1,0.125,True,anchored_masked_phase_cross_correlation,M,07,"{'y_start': 552, 'y_stop': 2800, 'x_start': 78, 'x_stop': 2796}"
M07,PLD3_mCherry_reporter_control,36,488nm Binned,-68.0,-72.0,0.0072639590187788235,0.14239194468076555,0.9517807227931351,,True,False,False,25,1,0.125,True,anchored_masked_phase_cross_correlation,M,07,"{'y_start': 552, 'y_stop': 2800, 'x_start': 78, 'x_stop': 2796}"
M07,PLD3_mCherry_reporter_control,39,488nm Binned,833.0,102.0,-0.0037074348619748165,0.10348716950287812,0.684318522668254,,True,True,False,25,1,0.125,True,anchored_masked_phase_cross_correlation,M,07,"{'y_start': 552, 'y_stop': 2800, 'x_start': 78, 'x_stop': 2796}"
M06,PLD3_mCherry_reporter_control,8,488nm Binned,0.0,0.0,1.0,1.0,1.0,,True,False,False,8,2,0.25,True,anchored_masked_phase_cross_correlation,M,06,"{'y_start': 570, 'y_stop': 2816, 'x_start': 81, 'x_stop': 2795}"
M06,PLD3_mCherry_reporter_control,12,488nm Binned,-48.0,-39.0,0.007657179186443867,0.19815766913068242,0.9698928590185746,,True,False,False,8,2,0.25,True,anchored_masked_phase_cross_correlation,M,06,"{'y_start': 570, 'y_stop': 2816, 'x_start': 81, 'x_stop': 2795}"
M06,PLD3_mCherry_reporter_control,16,488nm Binned,-31.0,-9.0,0.011718013636046546,0.14117488369402645,0.986086917829403,,True,False,False,8,2,0.25,True,anchored_masked_phase_cross_correlation,M,06,"{'y_start': 570, 'y_stop': 2816, 'x_start': 81, 'x_stop': 2795}"
M06,PLD3_mCherry_reporter_control,20,488nm Binned,-18.0,-34.0,0.011404034299219571,0.13066006252718088,0.981943301646213,,True,False,False,8,2,0.25,True,anchored_masked_phase_cross_correlation,M,06,"{'y_start': 570, 'y_stop': 2816, 'x_start': 81, 'x_stop': 2795}"
M06,PLD3_mCherry_reporter_control,25,488nm Binned,79.0,-8.0,0.010628744324005445,0.275923658378637,0.9697421069114491,,True,False,True,20,2,0.25,True,anchored_masked_phase_cross_correlation,M,06,"{'y_start': 570, 'y_stop': 2816, 'x_start': 81, 'x_stop': 2795}"
M06,PLD3_mCherry_reporter_control,29,488nm Binned,58.0,-18.0,0.011883388368581152,0.21172387921281569,0.973627620898327,,True,False,False,20,2,0.25,True,anchored_masked_phase_cross_correlation,M,06,"{'y_start': 570, 'y_stop': 2816, 'x_start': 81, 'x_stop': 2795}"
M06,PLD3_mCherry_reporter_control,32,488nm Binned,497.0,-50.0,-0.002031531180712429,0.13390147439999545,0.812295876783981,,True,False,False,20,2,0.25,True,anchored_masked_phase_cross_correlation,M,06,"{'y_start': 570, 'y_stop': 2816, 'x_start': 81, 'x_stop': 2795}"
M06,PLD3_mCherry_reporter_control,36,488nm Binned,-52.0,-73.0,0.012085708771621852,0.1168967480626445,0.9568771166082137,,True,False,False,20,2,0.25,True,anchored_masked_phase_cross_correlation,M,06,"{'y_start': 570, 'y_stop': 2816, 'x_start': 81, 'x_stop': 2795}"
M06,PLD3_mCherry_reporter_control,39,488nm Binned,860.0,110.0,-0.0016941642614105147,0.20163335385869768,0.6732861430608319,,True,True,True,36,2,0.25,True,anchored_masked_phase_cross_correlation,M,06,"{'y_start': 570, 'y_stop': 2816, 'x_start': 81, 'x_stop': 2795}"
M08,PLD3_mCherry_reporter_control,8,488nm Binned,0.0,0.0,1.0,1.0,1.0,,True,False,False,8,2,0.25,True,anchored_masked_phase_cross_correlation,M,08,"{'y_start': 540, 'y_stop': 2791, 'x_start': 79, 'x_stop': 2797}"
M08,PLD3_mCherry_reporter_control,12,488nm Binned,-69.0,-40.0,0.004159864574140428,0.16989091957593386,0.9623299662120761,,True,False,False,8,2,0.25,True,anchored_masked_phase_cross_correlation,M,08,"{'y_start': 540, 'y_stop': 2791, 'x_start': 79, 'x_stop': 2797}"
M08,PLD3_mCherry_reporter_control,16,488nm Binned,-39.0,-11.0,0.010020758186648026,0.1272183097597168,0.982618403622719,,True,False,False,8,2,0.25,True,anchored_masked_phase_cross_correlation,M,08,"{'y_start': 540, 'y_stop': 2791, 'x_start': 79, 'x_stop': 2797}"
M08,PLD3_mCherry_reporter_control,20,488nm Binned,-47.0,-34.0,0.011145991847651653,0.11487953529697997,0.9719515978750761,,True,False,False,8,2,0.25,True,anchored_masked_phase_cross_correlation,M,08,"{'y_start': 540, 'y_stop': 2791, 'x_start': 79, 'x_stop': 2797}"
M08,PLD3_mCherry_reporter_control,25,488nm Binned,81.0,-7.0,0.0031326303017930766,0.307154254107182,0.9693855295483856,,True,False,True,20,2,0.25,True,anchored_masked_phase_cross_correlation,M,08,"{'y_start': 540, 'y_stop': 2791, 'x_start': 79, 'x_stop': 2797}"
M08,PLD3_mCherry_reporter_control,29,488nm Binned,57.0,-16.0,0.0061755578335696325,0.21531516044932042,0.9746575981979774,,True,False,False,20,2,0.25,True,anchored_masked_phase_cross_correlation,M,08,"{'y_start': 540, 'y_stop': 2791, 'x_start': 79, 'x_stop': 2797}"
M08,PLD3_mCherry_reporter_control,32,488nm Binned,472.0,-49.0,-0.004834330275177503,0.1791890028883192,0.8211520767804796,,True,False,False,20,2,0.25,True,anchored_masked_phase_cross_correlation,M,08,"{'y_start': 540, 'y_stop': 2791, 'x_start': 79, 'x_stop': 2797}"
M08,PLD3_mCherry_reporter_control,36,488nm Binned,-77.0,-71.0,-0.000807521597211577,0.13115420093351773,0.9490607414280406,,True,False,False,20,2,0.25,True,anchored_masked_phase_cross_correlation,M,08,"{'y_start': 540, 'y_stop': 2791, 'x_start': 79, 'x_stop': 2797}"
M08,PLD3_mCherry_reporter_control,39,488nm Binned,811.0,109.0,0.0014253761837528997,0.21683950864474466,0.6899660126943,,True,True,True,36,2,0.25,True,anchored_masked_phase_cross_correlation,M,08,"{'y_start': 540, 'y_stop': 2791, 'x_start': 79, 'x_stop': 2797}"
M09,PLD3_mCherry_reporter_control,8,488nm Binned,0.0,0.0,1.0,1.0,1.0,,True,False,False,8,2,0.25,True,anchored_masked_phase_cross_correlation,M,09,"{'y_start': 526, 'y_stop': 2781, 'x_start': 82, 'x_stop': 2791}"
M09,PLD3_mCherry_reporter_control,12,488nm Binned,-79.0,-40.0,0.0037133086679031896,0.18422865947184539,0.958891845575377,,True,False,False,8,2,0.25,True,anchored_masked_phase_cross_correlation,M,09,"{'y_start': 526, 'y_stop': 2781, 'x_start': 82, 'x_stop': 2791}"
M09,PLD3_mCherry_reporter_control,16,488nm Binned,-44.0,-13.0,0.00990586159278126,0.15356150165895074,0.9801950635006779,,True,False,False,8,2,0.25,True,anchored_masked_phase_cross_correlation,M,09,"{'y_start': 526, 'y_stop': 2781, 'x_start': 82, 'x_stop': 2791}"
M09,PLD3_mCherry_reporter_control,20,488nm Binned,-58.0,-38.0,0.005521746998092777,0.13353116553809422,0.9667951463657071,,True,False,False,8,2,0.25,True,anchored_masked_phase_cross_correlation,M,09,"{'y_start': 526, 'y_stop': 2781, 'x_start': 82, 'x_stop': 2791}"
M09,PLD3_mCherry_reporter_control,25,488nm Binned,81.0,-11.0,0.0075095239127675895,0.27011687262370027,0.9680302194756161,,True,False,True,20,2,0.25,True,anchored_masked_phase_cross_correlation,M,09,"{'y_start': 526, 'y_stop': 2781, 'x_start': 82, 'x_stop': 2791}"
M09,PLD3_mCherry_reporter_control,29,488nm Binned,55.0,-20.0,0.00803850945310118,0.22155147172427908,0.973983104092871,,True,False,False,20,2,0.25,True,anchored_masked_phase_cross_correlation,M,09,"{'y_start': 526, 'y_stop': 2781, 'x_start': 82, 'x_stop': 2791}"
M09,PLD3_mCherry_reporter_control,32,488nm Binned,461.0,-51.0,0.002958929213037047,0.1318510978739147,0.8243367150435041,,True,False,False,20,2,0.25,True,anchored_masked_phase_cross_correlation,M,09,"{'y_start': 526, 'y_stop': 2781, 'x_start': 82, 'x_stop': 2791}"
M09,PLD3_mCherry_reporter_control,36,488nm Binned,-87.0,-77.0,0.007957765543529359,0.1065041788126576,0.9436317203830465,,True,False,False,20,2,0.25,True,anchored_masked_phase_cross_correlation,M,09,"{'y_start': 526, 'y_stop': 2781, 'x_start': 82, 'x_stop': 2791}"
M09,PLD3_mCherry_reporter_control,39,488nm Binned,783.0,102.0,0.0024914635324831827,0.1800912729009233,0.7011322455839358,,True,True,True,36,2,0.25,True,anchored_masked_phase_cross_correlation,M,09,"{'y_start': 526, 'y_stop': 2781, 'x_start': 82, 'x_stop': 2791}"
M10,PLD3_mCherry_reporter_control,8,488nm Binned,0.0,0.0,1.0,1.0,1.0,,True,False,False,8,2,0.25,True,anchored_masked_phase_cross_correlation,M,10,"{'y_start': 509, 'y_stop': 2770, 'x_start': 82, 'x_stop': 2792}"
M10,PLD3_mCherry_reporter_control,12,488nm Binned,-90.0,-39.0,0.0033230392493816758,0.1873744117650106,0.9554476462246809,,True,False,False,8,2,0.25,True,anchored_masked_phase_cross_correlation,M,10,"{'y_start': 509, 'y_stop': 2770, 'x_start': 82, 'x_stop': 2792}"
M10,PLD3_mCherry_reporter_control,16,488nm Binned,-45.0,-11.0,0.009757579383728664,0.1479928885938522,0.98053437731599,,True,False,False,8,2,0.25,True,anchored_masked_phase_cross_correlation,M,10,"{'y_start': 509, 'y_stop': 2770, 'x_start': 82, 'x_stop': 2792}"
M10,PLD3_mCherry_reporter_control,20,488nm Binned,-71.0,-36.0,0.007816642729293275,0.13035667663588493,0.9630025151287034,,True,False,False,8,2,0.25,True,anchored_masked_phase_cross_correlation,M,10,"{'y_start': 509, 'y_stop': 2770, 'x_start': 82, 'x_stop': 2792}"
M10,PLD3_mCherry_reporter_control,25,488nm Binned,80.0,-9.0,0.0020687315942149328,0.11103762704861614,0.9690554553783489,,True,False,False,8,2,0.25,True,anchored_masked_phase_cross_correlation,M,10,"{'y_start': 509, 'y_stop': 2770, 'x_start': 82, 'x_stop': 2792}"
M10,PLD3_mCherry_reporter_control,29,488nm Binned,54.0,-18.0,0.005451712850036938,0.3342084742906714,0.9750135676896413,,True,False,True,25,2,0.25,True,anchored_masked_phase_cross_correlation,M,10,"{'y_start': 509, 'y_stop': 2770, 'x_start': 82, 'x_stop': 2792}"
M10,PLD3_mCherry_reporter_control,32,488nm Binned,445.0,-51.0,0.003222463679154454,0.2303257216885769,0.8298163109889533,,True,False,False,25,2,0.25,True,anchored_masked_phase_cross_correlation,M,10,"{'y_start': 509, 'y_stop': 2770, 'x_start': 82, 'x_stop': 2792}"
M10,PLD3_mCherry_reporter_control,36,488nm Binned,-98.0,-76.0,0.009887945833170996,0.1421623408431461,0.9402360291700465,,True,False,False,25,2,0.25,True,anchored_masked_phase_cross_correlation,M,10,"{'y_start': 509, 'y_stop': 2770, 'x_start': 82, 'x_stop': 2792}"
M10,PLD3_mCherry_reporter_control,39,488nm Binned,760.0,104.0,0.0008088145125679912,0.19088659150256548,0.7083540009609232,,True,True,True,36,2,0.25,True,anchored_masked_phase_cross_correlation,M,10,"{'y_start': 509, 'y_stop': 2770, 'x_start': 82, 'x_stop': 2792}"
M11,PLD3_mCherry_reporter_control,8,488nm Binned,0.0,0.0,1.0,1.0,1.0,,True,False,False,8,2,0.25,True,anchored_masked_phase_cross_correlation,M,11,"{'y_start': 492, 'y_stop': 2755, 'x_start': 83, 'x_stop': 2790}"
M11,PLD3_mCherry_reporter_control,12,488nm Binned,-99.0,-41.0,0.0046931239288199415,0.2044943648898746,0.9516789651208254,,True,False,False,8,2,0.25,True,anchored_masked_phase_cross_correlation,M,11,"{'y_start': 492, 'y_stop': 2755, 'x_start': 83, 'x_stop': 2790}"
M11,PLD3_mCherry_reporter_control,16,488nm Binned,-51.0,-10.0,0.0012425050961787846,0.15488259280987096,0.9787928257558516,,True,False,False,8,2,0.25,True,anchored_masked_phase_cross_correlation,M,11,"{'y_start': 492, 'y_stop': 2755, 'x_start': 83, 'x_stop': 2790}"
M11,PLD3_mCherry_reporter_control,20,488nm Binned,-87.0,-34.0,0.010034004498030255,0.13232521008659487,0.9581699375010941,,True,False,False,8,2,0.25,True,anchored_masked_phase_cross_correlation,M,11,"{'y_start': 492, 'y_stop': 2755, 'x_start': 83, 'x_stop': 2790}"
M11,PLD3_mCherry_reporter_control,25,488nm Binned,80.0,-12.0,0.005900386373277038,0.12573382748413742,0.9680386081009319,,True,False,False,8,2,0.25,True,anchored_masked_phase_cross_correlation,M,11,"{'y_start': 492, 'y_stop': 2755, 'x_start': 83, 'x_stop': 2790}"
M11,PLD3_mCherry_reporter_control,29,488nm Binned,52.0,-20.0,0.004475928856186369,0.2925882213705587,0.9750218347406772,,True,False,True,25,2,0.25,True,anchored_masked_phase_cross_correlation,M,11,"{'y_start': 492, 'y_stop': 2755, 'x_start': 83, 'x_stop': 2790}"
M11,PLD3_mCherry_reporter_control,32,488nm Binned,431.0,-54.0,0.009314158688816907,0.18257270235217093,0.833722127880581,,True,False,False,25,2,0.25,True,anchored_masked_phase_cross_correlation,M,11,"{'y_start': 492, 'y_stop': 2755, 'x_start': 83, 'x_stop': 2790}"
M11,PLD3_mCherry_reporter_control,36,488nm Binned,-113.0,-78.0,0.004638812853788826,0.13447410555587205,0.9344746240436967,,True,False,False,25,2,0.25,True,anchored_masked_phase_cross_correlation,M,11,"{'y_start': 492, 'y_stop': 2755, 'x_start': 83, 'x_stop': 2790}"
M11,PLD3_mCherry_reporter_control,39,488nm Binned,732.0,101.0,0.005912928217857675,0.19386252032832976,0.718541925619883,,True,True,True,36,2,0.25,True,anchored_masked_phase_cross_correlation,M,11,"{'y_start': 492, 'y_stop': 2755, 'x_start': 83, 'x_stop': 2790}"
M12,PLD3_mCherry_reporter_control,8,488nm Binned,0.0,0.0,1.0,1.0,1.0,,True,False,False,8,2,0.25,True,anchored_masked_phase_cross_correlation,M,12,"{'y_start': 485, 'y_stop': 2752, 'x_start': 81, 'x_stop': 2794}"
M12,PLD3_mCherry_reporter_control,12,488nm Binned,-109.0,-41.0,0.001670479269128025,0.16156380947687776,0.9482420602269257,,True,False,False,8,2,0.25,True,anchored_masked_phase_cross_correlation,M,12,"{'y_start': 485, 'y_stop': 2752, 'x_start': 81, 'x_stop': 2794}"
M12,PLD3_mCherry_reporter_control,16,488nm Binned,-53.0,-13.0,0.006229266869295297,0.1401757232339056,0.9770712123776233,,True,False,False,8,2,0.25,True,anchored_masked_phase_cross_correlation,M,12,"{'y_start': 485, 'y_stop': 2752, 'x_start': 81, 'x_stop': 2794}"
M12,PLD3_mCherry_reporter_control,20,488nm Binned,-94.0,-37.0,0.004187484699681562,0.10871476099600287,0.9547464057779879,,True,False,False,8,2,0.25,True,anchored_masked_phase_cross_correlation,M,12,"{'y_start': 485, 'y_stop': 2752, 'x_start': 81, 'x_stop': 2794}"
M12,PLD3_mCherry_reporter_control,25,488nm Binned,88.0,-10.0,0.0036509743789791592,0.26360414129681864,0.9659368319493318,,True,False,True,20,2,0.25,True,anchored_masked_phase_cross_correlation,M,12,"{'y_start': 485, 'y_stop': 2752, 'x_start': 81, 'x_stop': 2794}"
M12,PLD3_mCherry_reporter_control,29,488nm Binned,58.0,-17.0,0.007880928157830588,0.20768911600965015,0.9739692446249579,,True,False,False,20,2,0.25,True,anchored_masked_phase_cross_correlation,M,12,"{'y_start': 485, 'y_stop': 2752, 'x_start': 81, 'x_stop': 2794}"
M12,PLD3_mCherry_reporter_control,32,488nm Binned,426.0,-54.0,0.004651556114081307,0.15448447266580814,0.8354326779993347,,True,False,False,20,2,0.25,True,anchored_masked_phase_cross_correlation,M,12,"{'y_start': 485, 'y_stop': 2752, 'x_start': 81, 'x_stop': 2794}"
M12,PLD3_mCherry_reporter_control,36,488nm Binned,-116.0,-74.0,0.002060162692241856,0.14293153378276938,0.934795336994178,,True,False,False,20,2,0.25,True,anchored_masked_phase_cross_correlation,M,12,"{'y_start': 485, 'y_stop': 2752, 'x_start': 81, 'x_stop': 2794}"
M12,PLD3_mCherry_reporter_control,39,488nm Binned,717.0,105.0,0.0018755096499525532,0.19393299814829645,0.7225418410041841,,True,True,True,36,2,0.25,True,anchored_masked_phase_cross_correlation,M,12,"{'y_start': 485, 'y_stop': 2752, 'x_start': 81, 'x_stop': 2794}"
M13,PLD3_mCherry_reporter_control,8,488nm Binned,0.0,0.0,1.0,1.0,1.0,,True,False,False,8,2,0.25,True,anchored_masked_phase_cross_correlation,M,13,"{'y_start': 467, 'y_stop': 2737, 'x_start': 81, 'x_stop': 2791}"
M13,PLD3_mCherry_reporter_control,12,488nm Binned,-117.0,-41.0,-0.0013793575638433144,0.18586339225369747,0.945492536311806,,True,False,False,8,2,0.25,True,anchored_masked_phase_cross_correlation,M,13,"{'y_start': 467, 'y_stop': 2737, 'x_start': 81, 'x_stop': 2791}"
M13,PLD3_mCherry_reporter_control,16,488nm Binned,-55.0,-13.0,0.011673161652748771,0.1398121076021832,0.9763770232391668,,True,False,False,8,2,0.25,True,anchored_masked_phase_cross_correlation,M,13,"{'y_start': 467, 'y_stop': 2737, 'x_start': 81, 'x_stop': 2791}"
M13,PLD3_mCherry_reporter_control,20,488nm Binned,-106.0,-41.0,0.0018433678429726123,0.11781290958128057,0.9492731316950956,,True,False,False,8,2,0.25,True,anchored_masked_phase_cross_correlation,M,13,"{'y_start': 467, 'y_stop': 2737, 'x_start': 81, 'x_stop': 2791}"
M13,PLD3_mCherry_reporter_control,25,488nm Binned,85.0,-11.0,0.0024338688571734018,0.281110431778247,0.9666408686044634,,True,False,True,20,2,0.25,True,anchored_masked_phase_cross_correlation,M,13,"{'y_start': 467, 'y_stop': 2737, 'x_start': 81, 'x_stop': 2791}"
M13,PLD3_mCherry_reporter_control,29,488nm Binned,55.0,-20.0,0.004367142732423767,0.23490181690914683,0.973983104092871,,True,False,False,20,2,0.25,True,anchored_masked_phase_cross_correlation,M,13,"{'y_start': 467, 'y_stop': 2737, 'x_start': 81, 'x_stop': 2791}"
M13,PLD3_mCherry_reporter_control,32,488nm Binned,411.0,-55.0,0.006544031389368553,0.16554754488694734,0.8402656203497838,,True,False,False,20,2,0.25,True,anchored_masked_phase_cross_correlation,M,13,"{'y_start': 467, 'y_stop': 2737, 'x_start': 81, 'x_stop': 2791}"
M13,PLD3_mCherry_reporter_control,36,488nm Binned,-131.0,-77.0,0.009872947064886388,0.15253620422408495,0.9287019125093126,,True,False,False,20,2,0.25,True,anchored_masked_phase_cross_correlation,M,13,"{'y_start': 467, 'y_stop': 2737, 'x_start': 81, 'x_stop': 2791}"
M13,PLD3_mCherry_reporter_control,39,488nm Binned,690.0,97.0,0.010419894975475146,0.19899923960056895,0.7337297141156492,,True,True,True,36,2,0.25,True,anchored_masked_phase_cross_correlation,M,13,"{'y_start': 467, 'y_stop': 2737, 'x_start': 81, 'x_stop': 2791}"
M14,PLD3_mCherry_reporter_control,8,488nm Binned,0.0,0.0,1.0,1.0,1.0,,True,False,False,8,2,0.25,True,anchored_masked_phase_cross_correlation,M,14,"{'y_start': 452, 'y_stop': 2725, 'x_start': 82, 'x_stop': 2791}"
M14,PLD3_mCherry_reporter_control,12,488nm Binned,-127.0,-42.0,0.003152950925686126,0.17153461562143918,0.941722396316591,,True,False,False,8,2,0.25,True,anchored_masked_phase_cross_correlation,M,14,"{'y_start': 452, 'y_stop': 2725, 'x_start': 82, 'x_stop': 2791}"
M14,PLD3_mCherry_reporter_control,16,488nm Binned,-60.0,-13.0,-0.00044971580793307217,0.14909881399577274,0.9746415503930254,,True,False,False,8,2,0.25,True,anchored_masked_phase_cross_correlation,M,14,"{'y_start': 452, 'y_stop': 2725, 'x_start': 82, 'x_stop': 2791}"
M14,PLD3_mCherry_reporter_control,20,488nm Binned,-119.0,-40.0,0.0017396491017551848,0.11329540956613665,0.9451393630285807,,True,False,False,8,2,0.25,True,anchored_masked_phase_cross_correlation,M,14,"{'y_start': 452, 'y_stop': 2725, 'x_start': 82, 'x_stop': 2791}"
M14,PLD3_mCherry_reporter_control,25,488nm Binned,90.0,-13.0,0.007989168205901467,0.2609161295878235,0.9642287133161768,,True,False,True,20,2,0.25,True,anchored_masked_phase_cross_correlation,M,14,"{'y_start': 452, 'y_stop': 2725, 'x_start': 82, 'x_stop': 2791}"
M14,PLD3_mCherry_reporter_control,29,488nm Binned,54.0,-19.0,0.004249385808758904,0.213607581537558,0.9746714576658906,,True,False,False,20,2,0.25,True,anchored_masked_phase_cross_correlation,M,14,"{'y_start': 452, 'y_stop': 2725, 'x_start': 82, 'x_stop': 2791}"
M14,PLD3_mCherry_reporter_control,32,488nm Binned,398.0,-57.0,-0.0024529522838450625,0.1415394511755239,0.8441108932500014,,True,False,False,20,2,0.25,True,anchored_masked_phase_cross_correlation,M,14,"{'y_start': 452, 'y_stop': 2725, 'x_start': 82, 'x_stop': 2791}"
M14,PLD3_mCherry_reporter_control,36,488nm Binned,-143.0,-77.0,0.0031017021229119133,0.12339632921941569,0.924630146725567,,True,False,False,20,2,0.25,True,anchored_masked_phase_cross_correlation,M,14,"{'y_start': 452, 'y_stop': 2725, 'x_start': 82, 'x_stop': 2791}"
M14,PLD3_mCherry_reporter_control,39,488nm Binned,663.0,99.0,0.0023035345702762202,0.18482157504361327,0.7422893944433746,,True,True,True,36,2,0.25,True,anchored_masked_phase_cross_correlation,M,14,"{'y_start': 452, 'y_stop': 2725, 'x_start': 82, 'x_stop': 2791}"
M16,PLD3_mCherry_reporter_control,8,488nm Binned,0.0,0.0,1.0,1.0,1.0,,True,False,False,8,2,0.25,True,anchored_masked_phase_cross_correlation,M,16,"{'y_start': 424, 'y_stop': 2704, 'x_start': 82, 'x_stop': 2790}"
M16,PLD3_mCherry_reporter_control,12,488nm Binned,-148.0,-42.0,4.904105385460677e-05,0.18626232713246166,0.9345074490992805,,True,False,False,8,2,0.25,True,anchored_masked_phase_cross_correlation,M,16,"{'y_start': 424, 'y_stop': 2704, 'x_start': 82, 'x_stop': 2790}"
M16,PLD3_mCherry_reporter_control,16,488nm Binned,-66.0,-12.0,-0.0003474016378014136,0.16128509452904813,0.9728996341100471,,True,False,False,8,2,0.25,True,anchored_masked_phase_cross_correlation,M,16,"{'y_start': 424, 'y_stop': 2704, 'x_start': 82, 'x_stop': 2790}"
M16,PLD3_mCherry_reporter_control,20,488nm Binned,-142.0,-39.0,0.009839050901169138,0.12885264844599148,0.9375630970512888,,True,False,False,8,2,0.25,True,anchored_masked_phase_cross_correlation,M,16,"{'y_start': 424, 'y_stop': 2704, 'x_start': 82, 'x_stop': 2790}"
M16,PLD3_mCherry_reporter_control,25,488nm Binned,92.0,-13.0,0.0032532388358291263,0.10464077424599243,0.9635345241777202,,True,False,False,8,2,0.25,True,anchored_masked_phase_cross_correlation,M,16,"{'y_start': 424, 'y_stop': 2704, 'x_start': 82, 'x_stop': 2790}"
M16,PLD3_mCherry_reporter_control,29,488nm Binned,54.0,-22.0,0.0057935241831778015,0.32214999963348695,0.9736451275946383,,True,False,True,25,2,0.25,True,anchored_masked_phase_cross_correlation,M,16,"{'y_start': 424, 'y_stop': 2704, 'x_start': 82, 'x_stop': 2790}"
M16,PLD3_mCherry_reporter_control,32,488nm Binned,375.0,-57.0,0.0009528058590059952,0.15726771653253968,0.8519710351709529,,True,False,False,25,2,0.25,True,anchored_masked_phase_cross_correlation,M,16,"{'y_start': 424, 'y_stop': 2704, 'x_start': 82, 'x_stop': 2790}"
M16,PLD3_mCherry_reporter_control,36,488nm Binned,-164.0,-78.0,0.0010301438200028296,0.1359123837228124,0.9171758197510548,,True,False,False,25,2,0.25,True,anchored_masked_phase_cross_correlation,M,16,"{'y_start': 424, 'y_stop': 2704, 'x_start': 82, 'x_stop': 2790}"
M16,PLD3_mCherry_reporter_control,39,488nm Binned,617.0,98.0,0.0017263359989138833,0.16692853636188873,0.7580484604805783,,True,True,True,36,2,0.25,True,anchored_masked_phase_cross_correlation,M,16,"{'y_start': 424, 'y_stop': 2704, 'x_start': 82, 'x_stop': 2790}"
M15,PLD3_mCherry_reporter_control,8,488nm Binned,0.0,0.0,1.0,1.0,1.0,,True,False,False,8,2,0.25,True,anchored_masked_phase_cross_correlation,M,15,"{'y_start': 438, 'y_stop': 2715, 'x_start': 82, 'x_stop': 2790}"
M15,PLD3_mCherry_reporter_control,12,488nm Binned,-135.0,-41.0,0.011378830982442516,0.17559006177993147,0.9393061075027865,,True,False,False,8,2,0.25,True,anchored_masked_phase_cross_correlation,M,15,"{'y_start': 438, 'y_stop': 2715, 'x_start': 82, 'x_stop': 2790}"
M15,PLD3_mCherry_reporter_control,16,488nm Binned,-64.0,-12.0,0.0033749278839761677,0.1694344515815283,0.9735940663970636,,True,False,False,8,2,0.25,True,anchored_masked_phase_cross_correlation,M,15,"{'y_start': 438, 'y_stop': 2715, 'x_start': 82, 'x_stop': 2790}"
M15,PLD3_mCherry_reporter_control,20,488nm Binned,-132.0,-39.0,0.008724467395850458,0.11132655851179789,0.9410024334307873,,True,False,False,8,2,0.25,True,anchored_masked_phase_cross_correlation,M,15,"{'y_start': 438, 'y_stop': 2715, 'x_start': 82, 'x_stop': 2790}"
M15,PLD3_mCherry_reporter_control,25,488nm Binned,89.0,-12.0,0.007574544699853496,0.2926487566688195,0.9649136628093579,,True,False,True,20,2,0.25,True,anchored_masked_phase_cross_correlation,M,15,"{'y_start': 438, 'y_stop': 2715, 'x_start': 82, 'x_stop': 2790}"
M15,PLD3_mCherry_reporter_control,29,488nm Binned,52.0,-20.0,0.006628384157463403,0.22681972459656705,0.9750218347406772,,True,False,False,20,2,0.25,True,anchored_masked_phase_cross_correlation,M,15,"{'y_start': 438, 'y_stop': 2715, 'x_start': 82, 'x_stop': 2790}"
M15,PLD3_mCherry_reporter_control,32,488nm Binned,388.0,-55.0,0.015525233225283186,0.15927655145003644,0.8481313546876125,,True,False,False,20,2,0.25,True,anchored_masked_phase_cross_correlation,M,15,"{'y_start': 438, 'y_stop': 2715, 'x_start': 82, 'x_stop': 2790}"
M15,PLD3_mCherry_reporter_control,36,488nm Binned,-153.0,-78.0,6.976702446269794e-05,0.12904337799208146,0.9209069344024089,,True,False,False,20,2,0.25,True,anchored_masked_phase_cross_correlation,M,15,"{'y_start': 438, 'y_stop': 2715, 'x_start': 82, 'x_stop': 2790}"
M15,PLD3_mCherry_reporter_control,39,488nm Binned,636.0,97.0,0.00036151301213701887,0.17995117731555735,0.7519213599201695,,True,True,True,36,2,0.25,True,anchored_masked_phase_cross_correlation,M,15,"{'y_start': 438, 'y_stop': 2715, 'x_start': 82, 'x_stop': 2790}"
M17,PLD3_mCherry_reporter_control,8,488nm Binned,0.0,0.0,1.0,1.0,1.0,,True,False,False,8,2,0.25,True,anchored_masked_phase_cross_correlation,M,17,"{'y_start': 405, 'y_stop': 2691, 'x_start': 78, 'x_stop': 2797}"
M17,PLD3_mCherry_reporter_control,12,488nm Binned,-156.0,-42.0,0.0047622434471408315,0.1677855101816333,0.9317588977784003,,True,False,False,8,2,0.25,True,anchored_masked_phase_cross_correlation,M,17,"{'y_start': 405, 'y_stop': 2691, 'x_start': 78, 'x_stop': 2797}"
M17,PLD3_mCherry_reporter_control,16,488nm Binned,-69.0,-13.0,0.008173746481539328,0.14676315698826323,0.9715176992699708,,True,False,False,8,2,0.25,True,anchored_masked_phase_cross_correlation,M,17,"{'y_start': 405, 'y_stop': 2691, 'x_start': 78, 'x_stop': 2797}"
M17,PLD3_mCherry_reporter_control,20,488nm Binned,-158.0,-38.0,0.0019573214669401408,0.13258844323318733,0.9323896251427282,,True,False,False,8,2,0.25,True,anchored_masked_phase_cross_correlation,M,17,"{'y_start': 405, 'y_stop': 2691, 'x_start': 78, 'x_stop': 2797}"
M17,PLD3_mCherry_reporter_control,25,488nm Binned,90.0,-8.0,0.002287565715071225,0.30801678410740196,0.9659173800645413,,True,False,True,20,2,0.25,True,anchored_masked_phase_cross_correlation,M,17,"{'y_start': 405, 'y_stop': 2691, 'x_start': 78, 'x_stop': 2797}"
M17,PLD3_mCherry_reporter_control,29,488nm Binned,52.0,-16.0,0.0060911909437876355,0.21488582555042918,0.9763912474299197,,True,False,False,20,2,0.25,True,anchored_masked_phase_cross_correlation,M,17,"{'y_start': 405, 'y_stop': 2691, 'x_start': 78, 'x_stop': 2797}"
M17,PLD3_mCherry_reporter_control,32,488nm Binned,358.0,-51.0,0.001385077664388834,0.1438779794477808,0.859611613942333,,True,False,False,20,2,0.25,True,anchored_masked_phase_cross_correlation,M,17,"{'y_start': 405, 'y_stop': 2691, 'x_start': 78, 'x_stop': 2797}"
M17,PLD3_mCherry_reporter_control,36,488nm Binned,-177.0,-71.0,0.00010070973949431297,0.13530624705784983,0.9150564153288633,,True,False,False,20,2,0.25,True,anchored_masked_phase_cross_correlation,M,17,"{'y_start': 405, 'y_stop': 2691, 'x_start': 78, 'x_stop': 2797}"
M17,PLD3_mCherry_reporter_control,39,488nm Binned,588.0,104.0,-0.003400447934591255,0.18588994956847496,0.7661513862385696,,True,True,True,36,2,0.25,True,anchored_masked_phase_cross_correlation,M,17,"{'y_start': 405, 'y_stop': 2691, 'x_start': 78, 'x_stop': 2797}"
M18,PLD3_mCherry_reporter_control,8,488nm Binned,0.0,0.0,1.0,1.0,1.0,,True,False,False,8,2,0.25,True,anchored_masked_phase_cross_correlation,M,18,"{'y_start': 393, 'y_stop': 2686, 'x_start': 80, 'x_stop': 2793}"
M18,PLD3_mCherry_reporter_control,12,488nm Binned,-165.0,-42.0,-0.0038043641550892463,0.18737556786127899,0.92866677754241,,True,False,False,8,2,0.25,True,anchored_masked_phase_cross_correlation,M,18,"{'y_start': 393, 'y_stop': 2686, 'x_start': 80, 'x_stop': 2793}"
M18,PLD3_mCherry_reporter_control,16,488nm Binned,-72.0,-11.0,0.0016631274018170986,0.15538132745809763,0.9711562589357096,,True,False,False,8,2,0.25,True,anchored_masked_phase_cross_correlation,M,18,"{'y_start': 393, 'y_stop': 2686, 'x_start': 80, 'x_stop': 2793}"
M18,PLD3_mCherry_reporter_control,20,488nm Binned,-170.0,-34.0,-0.0015276697813207704,0.12116567804274593,0.9295729922250816,,True,False,False,8,2,0.25,True,anchored_masked_phase_cross_correlation,M,18,"{'y_start': 393, 'y_stop': 2686, 'x_start': 80, 'x_stop': 2793}"
M18,PLD3_mCherry_reporter_control,25,488nm Binned,94.0,-10.0,0.004499196387051017,0.1015486060550238,0.9638520761969231,,True,False,False,8,2,0.25,True,anchored_masked_phase_cross_correlation,M,18,"{'y_start': 393, 'y_stop': 2686, 'x_start': 80, 'x_stop': 2793}"
M18,PLD3_mCherry_reporter_control,29,488nm Binned,54.0,-17.0,0.007521157385832864,0.2954744263134678,0.975355677713392,,True,False,True,25,2,0.25,True,anchored_masked_phase_cross_correlation,M,18,"{'y_start': 393, 'y_stop': 2686, 'x_start': 80, 'x_stop': 2793}"
M18,PLD3_mCherry_reporter_control,32,488nm Binned,348.0,-54.0,0.0019099795071733437,0.17708440190000366,0.8621172598518934,,True,False,False,25,2,0.25,True,anchored_masked_phase_cross_correlation,M,18,"{'y_start': 393, 'y_stop': 2686, 'x_start': 80, 'x_stop': 2793}"
M18,PLD3_mCherry_reporter_control,36,488nm Binned,-182.0,-75.0,0.01063473607241901,0.12997052562190606,0.9120500049602306,,True,False,False,25,2,0.25,True,anchored_masked_phase_cross_correlation,M,18,"{'y_start': 393, 'y_stop': 2686, 'x_start': 80, 'x_stop': 2793}"
M18,PLD3_mCherry_reporter_control,39,488nm Binned,571.0,97.0,-0.004435097409625322,0.19124611889183477,0.7738187113515365,,True,True,True,36,2,0.25,True,anchored_masked_phase_cross_correlation,M,18,"{'y_start': 393, 'y_stop': 2686, 'x_start': 80, 'x_stop': 2793}"
M19,PLD3_mCherry_reporter_control,8,488nm Binned,0.0,0.0,1.0,1.0,1.0,,True,False,False,8,2,0.25,True,anchored_masked_phase_cross_correlation,M,19,"{'y_start': 383, 'y_stop': 2673, 'x_start': 82, 'x_stop': 2790}"
M19,PLD3_mCherry_reporter_control,12,488nm Binned,-172.0,-43.0,-0.00400700896852469,0.18324086626417244,0.9259340308779219,,True,False,False,8,2,0.25,True,anchored_masked_phase_cross_correlation,M,19,"{'y_start': 383, 'y_stop': 2673, 'x_start': 82, 'x_stop': 2790}"
M19,PLD3_mCherry_reporter_control,16,488nm Binned,-74.0,-14.0,0.006041640175988157,0.15163610597879068,0.9694425478856774,,True,False,False,8,2,0.25,True,anchored_masked_phase_cross_correlation,M,19,"{'y_start': 383, 'y_stop': 2673, 'x_start': 82, 'x_stop': 2790}"
M19,PLD3_mCherry_reporter_control,20,488nm Binned,-179.0,-41.0,0.0024595543763914355,0.11767138797963132,0.9241837259696278,,True,False,False,8,2,0.25,True,anchored_masked_phase_cross_correlation,M,19,"{'y_start': 383, 'y_stop': 2673, 'x_start': 82, 'x_stop': 2790}"
M19,PLD3_mCherry_reporter_control,25,488nm Binned,95.0,-12.0,-0.00015113190443415188,0.25723452261432,0.9628303659483085,,True,False,True,20,2,0.25,True,anchored_masked_phase_cross_correlation,M,19,"{'y_start': 383, 'y_stop': 2673, 'x_start': 82, 'x_stop': 2790}"
M19,PLD3_mCherry_reporter_control,29,488nm Binned,55.0,-18.0,0.008493976534814922,0.22552213574580032,0.9746670809918127,,True,False,False,20,2,0.25,True,anchored_masked_phase_cross_correlation,M,19,"{'y_start': 383, 'y_stop': 2673, 'x_start': 82, 'x_stop': 2790}"
M19,PLD3_mCherry_reporter_control,32,488nm Binned,342.0,-56.0,0.006515826124014339,0.15644253149253082,0.8635557267321418,,True,False,False,20,2,0.25,True,anchored_masked_phase_cross_correlation,M,19,"{'y_start': 383, 'y_stop': 2673, 'x_start': 82, 'x_stop': 2790}"
M19,PLD3_mCherry_reporter_control,36,488nm Binned,-195.0,-78.0,0.0016579803915409874,0.12048529801574547,0.9066608602790568,,True,False,False,20,2,0.25,True,anchored_masked_phase_cross_correlation,M,19,"{'y_start': 383, 'y_stop': 2673, 'x_start': 82, 'x_stop': 2790}"
M19,PLD3_mCherry_reporter_control,39,488nm Binned,543.0,96.0,-0.0006907991346722704,0.17627269434461115,0.78353407678437,,True,True,True,36,2,0.25,True,anchored_masked_phase_cross_correlation,M,19,"{'y_start': 383, 'y_stop': 2673, 'x_start': 82, 'x_stop': 2790}"
M20,PLD3_mCherry_reporter_control,8,488nm Binned,0.0,0.0,1.0,1.0,1.0,,True,False,False,8,1,0.125,True,anchored_masked_phase_cross_correlation,M,20,"{'y_start': 368, 'y_stop': 2663, 'x_start': 81, 'x_stop': 2793}"
M20,PLD3_mCherry_reporter_control,12,488nm Binned,-185.0,-43.0,0.0023043856339307954,0.17728207301015264,0.9214692154471308,,True,False,False,8,1,0.125,True,anchored_masked_phase_cross_correlation,M,20,"{'y_start': 368, 'y_stop': 2663, 'x_start': 81, 'x_stop': 2793}"
M20,PLD3_mCherry_reporter_control,16,488nm Binned,-79.0,-13.0,0.0026032182229085545,0.15815314432984254,0.9680467535776879,,True,False,False,8,1,0.125,True,anchored_masked_phase_cross_correlation,M,20,"{'y_start': 368, 'y_stop': 2663, 'x_start': 81, 'x_stop': 2793}"
M20,PLD3_mCherry_reporter_control,20,488nm Binned,-193.0,-39.0,-0.005046126642011891,0.12098993045116516,0.9200224815158464,,True,False,False,8,1,0.125,True,anchored_masked_phase_cross_correlation,M,20,"{'y_start': 368, 'y_stop': 2663, 'x_start': 81, 'x_stop': 2793}"
M20,PLD3_mCherry_reporter_control,25,488nm Binned,96.0,-14.0,-0.00042613634953241985,0.11147311088409353,0.9618091419968138,,True,False,False,8,1,0.125,True,anchored_masked_phase_cross_correlation,M,20,"{'y_start': 368, 'y_stop': 2663, 'x_start': 81, 'x_stop': 2793}"
M20,PLD3_mCherry_reporter_control,29,488nm Binned,53.0,-19.0,0.01611211878047885,0.10032787216792177,0.9750178227894392,,True,False,False,8,1,0.125,True,anchored_masked_phase_cross_correlation,M,20,"{'y_start': 368, 'y_stop': 2663, 'x_start': 81, 'x_stop': 2793}"
M20,PLD3_mCherry_reporter_control,32,488nm Binned,328.0,-54.0,0.0019019280502906818,0.31221951689141386,0.8689594603269084,,True,False,True,29,1,0.125,True,anchored_masked_phase_cross_correlation,M,20,"{'y_start': 368, 'y_stop': 2663, 'x_start': 81, 'x_stop': 2793}"
M20,PLD3_mCherry_reporter_control,36,488nm Binned,-205.0,-75.0,0.00450863241036216,0.18102089515761807,0.9042401947911743,,True,False,False,29,1,0.125,True,anchored_masked_phase_cross_correlation,M,20,"{'y_start': 368, 'y_stop': 2663, 'x_start': 81, 'x_stop': 2793}"
M20,PLD3_mCherry_reporter_control,39,488nm Binned,525.0,101.0,0.003784981799108272,0.11323006670317831,0.7881759043667537,,True,True,False,29,1,0.125,True,anchored_masked_phase_cross_correlation,M,20,"{'y_start': 368, 'y_stop': 2663, 'x_start': 81, 'x_stop': 2793}"
N05,PLD3_TMEM106B_mCherry_primary,8,488nm Binned,0.0,0.0,1.0,1.0,1.0,,True,False,False,8,2,0.25,True,anchored_masked_phase_cross_correlation,N,05,"{'y_start': 584, 'y_stop': 2825, 'x_start': 79, 'x_stop': 2802}"
N05,PLD3_TMEM106B_mCherry_primary,12,488nm Binned,-41.0,-31.0,0.011120390578594135,0.20370108735214446,0.9750499183993433,,True,False,False,8,2,0.25,True,anchored_masked_phase_cross_correlation,N,05,"{'y_start': 584, 'y_stop': 2825, 'x_start': 79, 'x_stop': 2802}"
N05,PLD3_TMEM106B_mCherry_primary,16,488nm Binned,-30.0,-10.0,0.012175151212032394,0.18347052793203542,0.9860894708892818,,True,False,False,8,2,0.25,True,anchored_masked_phase_cross_correlation,N,05,"{'y_start': 584, 'y_stop': 2825, 'x_start': 79, 'x_stop': 2802}"
N05,PLD3_TMEM106B_mCherry_primary,20,488nm Binned,-10.0,-23.0,0.02792495264944595,0.13913024372009883,0.9885216859337586,,True,False,False,8,2,0.25,True,anchored_masked_phase_cross_correlation,N,05,"{'y_start': 584, 'y_stop': 2825, 'x_start': 79, 'x_stop': 2802}"
N05,PLD3_TMEM106B_mCherry_primary,25,488nm Binned,75.0,-13.0,0.0078465840403259,0.10484194135053973,0.9694351318546011,,True,False,False,8,2,0.25,True,anchored_masked_phase_cross_correlation,N,05,"{'y_start': 584, 'y_stop': 2825, 'x_start': 79, 'x_stop': 2802}"
N05,PLD3_TMEM106B_mCherry_primary,29,488nm Binned,56.0,-22.0,0.0063681563958045105,0.32334546457345015,0.9729531267932207,,True,False,True,25,2,0.25,True,anchored_masked_phase_cross_correlation,N,05,"{'y_start': 584, 'y_stop': 2825, 'x_start': 79, 'x_stop': 2802}"
N05,PLD3_TMEM106B_mCherry_primary,32,488nm Binned,508.0,-41.0,-0.0025421898300501725,0.18689362487910197,0.8111095549603279,,True,True,False,25,2,0.25,True,anchored_masked_phase_cross_correlation,N,05,"{'y_start': 584, 'y_stop': 2825, 'x_start': 79, 'x_stop': 2802}"
N05,PLD3_TMEM106B_mCherry_primary,36,488nm Binned,-43.0,-66.0,0.0065146728876025,0.10310831190457374,0.9623394490059114,,True,False,False,25,2,0.25,True,anchored_masked_phase_cross_correlation,N,05,"{'y_start': 584, 'y_stop': 2825, 'x_start': 79, 'x_stop': 2802}"
N05,PLD3_TMEM106B_mCherry_primary,39,488nm Binned,884.0,126.0,0.004003746595778218,0.152138928909712,0.6613796443806422,,True,True,True,36,2,0.25,True,anchored_masked_phase_cross_correlation,N,05,"{'y_start': 584, 'y_stop': 2825, 'x_start': 79, 'x_stop': 2802}"
N06,PLD3_TMEM106B_mCherry_primary,8,488nm Binned,0.0,0.0,1.0,1.0,1.0,,True,False,False,8,2,0.25,True,anchored_masked_phase_cross_correlation,N,06,"{'y_start': 565, 'y_stop': 2811, 'x_start': 76, 'x_stop': 2807}"
N06,PLD3_TMEM106B_mCherry_primary,12,488nm Binned,-52.0,-30.0,0.007259709310115354,0.15733644859367935,0.9715983030175709,,True,False,False,8,2,0.25,True,anchored_masked_phase_cross_correlation,N,06,"{'y_start': 565, 'y_stop': 2811, 'x_start': 76, 'x_stop': 2807}"
N06,PLD3_TMEM106B_mCherry_primary,16,488nm Binned,-33.0,-6.0,0.014206441222636132,0.13176095999954932,0.9864257453475954,,True,False,False,8,2,0.25,True,anchored_masked_phase_cross_correlation,N,06,"{'y_start': 565, 'y_stop': 2811, 'x_start': 76, 'x_stop': 2807}"
N06,PLD3_TMEM106B_mCherry_primary,20,488nm Binned,-22.0,-22.0,0.01924423614265842,0.11186737719770722,0.9847171404173207,,True,False,False,8,2,0.25,True,anchored_masked_phase_cross_correlation,N,06,"{'y_start': 565, 'y_stop': 2811, 'x_start': 76, 'x_stop': 2807}"
N06,PLD3_TMEM106B_mCherry_primary,25,488nm Binned,76.0,-9.0,0.010005130515681537,0.28542623681880297,0.9704457788437411,,True,False,True,20,2,0.25,True,anchored_masked_phase_cross_correlation,N,06,"{'y_start': 565, 'y_stop': 2811, 'x_start': 76, 'x_stop': 2807}"
N06,PLD3_TMEM106B_mCherry_primary,29,488nm Binned,57.0,-18.0,0.010456454981331017,0.2339024215607612,0.9739741075961555,,True,False,False,20,2,0.25,True,anchored_masked_phase_cross_correlation,N,06,"{'y_start': 565, 'y_stop': 2811, 'x_start': 76, 'x_stop': 2807}"
N06,PLD3_TMEM106B_mCherry_primary,32,488nm Binned,493.0,-36.0,0.006130204066954773,0.16331697158152553,0.8177086068754632,,True,False,False,20,2,0.25,True,anchored_masked_phase_cross_correlation,N,06,"{'y_start': 565, 'y_stop': 2811, 'x_start': 76, 'x_stop': 2807}"
N06,PLD3_TMEM106B_mCherry_primary,36,488nm Binned,-57.0,-61.0,0.008682193458499451,0.13456530619195228,0.9592790596569855,,True,False,False,20,2,0.25,True,anchored_masked_phase_cross_correlation,N,06,"{'y_start': 565, 'y_stop': 2811, 'x_start': 76, 'x_stop': 2807}"
N06,PLD3_TMEM106B_mCherry_primary,39,488nm Binned,852.0,134.0,0.003306179005516713,0.16820259114418842,0.6700863080128149,,True,True,True,36,2,0.25,True,anchored_masked_phase_cross_correlation,N,06,"{'y_start': 565, 'y_stop': 2811, 'x_start': 76, 'x_stop': 2807}"
N07,PLD3_TMEM106B_mCherry_primary,8,488nm Binned,0.0,0.0,1.0,1.0,1.0,,True,False,False,8,2,0.25,True,anchored_masked_phase_cross_correlation,N,07,"{'y_start': 550, 'y_stop': 2800, 'x_start': 77, 'x_stop': 2805}"
N07,PLD3_TMEM106B_mCherry_primary,12,488nm Binned,-62.0,-30.0,0.006682885478261501,0.1831428810308158,0.9681480249528778,,True,False,False,8,2,0.25,True,anchored_masked_phase_cross_correlation,N,07,"{'y_start': 550, 'y_stop': 2800, 'x_start': 77, 'x_stop': 2805}"
N07,PLD3_TMEM106B_mCherry_primary,16,488nm Binned,-37.0,-7.0,0.009395623757592099,0.1589042490678271,0.9846897862043342,,True,False,False,8,2,0.25,True,anchored_masked_phase_cross_correlation,N,07,"{'y_start': 550, 'y_stop': 2800, 'x_start': 77, 'x_stop': 2805}"
N07,PLD3_TMEM106B_mCherry_primary,20,488nm Binned,-36.0,-23.0,0.0032500999173351937,0.12863272085879954,0.9795288364466075,,True,False,False,8,2,0.25,True,anchored_masked_phase_cross_correlation,N,07,"{'y_start': 550, 'y_stop': 2800, 'x_start': 77, 'x_stop': 2805}"
N07,PLD3_TMEM106B_mCherry_primary,25,488nm Binned,76.0,-10.0,0.007173628860439398,0.30577059297358905,0.970106343454149,,True,False,True,20,2,0.25,True,anchored_masked_phase_cross_correlation,N,07,"{'y_start': 550, 'y_stop': 2800, 'x_start': 77, 'x_stop': 2805}"
N07,PLD3_TMEM106B_mCherry_primary,29,488nm Binned,53.0,-17.0,0.003863565782697666,0.24942075379482276,0.9757022859855006,,True,False,False,20,2,0.25,True,anchored_masked_phase_cross_correlation,N,07,"{'y_start': 550, 'y_stop': 2800, 'x_start': 77, 'x_stop': 2805}"
N07,PLD3_TMEM106B_mCherry_primary,32,488nm Binned,480.0,-39.0,-0.004455663747041086,0.16584609753133173,0.8213135274242398,,True,False,False,20,2,0.25,True,anchored_masked_phase_cross_correlation,N,07,"{'y_start': 550, 'y_stop': 2800, 'x_start': 77, 'x_stop': 2805}"
N07,PLD3_TMEM106B_mCherry_primary,36,488nm Binned,-68.0,-63.0,0.0063885166942136695,0.11900375210491503,0.9548443946476194,,True,False,False,20,2,0.25,True,anchored_masked_phase_cross_correlation,N,07,"{'y_start': 550, 'y_stop': 2800, 'x_start': 77, 'x_stop': 2805}"
N07,PLD3_TMEM106B_mCherry_primary,39,488nm Binned,828.0,131.0,0.005134724402908885,0.19032661220286215,0.6788075605585803,,True,True,True,36,2,0.25,True,anchored_masked_phase_cross_correlation,N,07,"{'y_start': 550, 'y_stop': 2800, 'x_start': 77, 'x_stop': 2805}"
N08,PLD3_TMEM106B_mCherry_primary,8,488nm Binned,0.0,0.0,1.0,1.0,1.0,,True,False,False,8,2,0.25,True,anchored_masked_phase_cross_correlation,N,08,"{'y_start': 539, 'y_stop': 2794, 'x_start': 80, 'x_stop': 2802}"
N08,PLD3_TMEM106B_mCherry_primary,12,488nm Binned,-71.0,-30.0,0.004528215534206194,0.17200512035741178,0.965042774694654,,True,False,False,8,2,0.25,True,anchored_masked_phase_cross_correlation,N,08,"{'y_start': 539, 'y_stop': 2794, 'x_start': 80, 'x_stop': 2802}"
N08,PLD3_TMEM106B_mCherry_primary,16,488nm Binned,-42.0,-7.0,0.003135676536088503,0.15074271979530798,0.9829506661297946,,True,False,False,8,2,0.25,True,anchored_masked_phase_cross_correlation,N,08,"{'y_start': 539, 'y_stop': 2794, 'x_start': 80, 'x_stop': 2802}"
N08,PLD3_TMEM106B_mCherry_primary,20,488nm Binned,-48.0,-24.0,0.012747805168404713,0.1170735244971786,0.9750354510600304,,True,False,False,8,2,0.25,True,anchored_masked_phase_cross_correlation,N,08,"{'y_start': 539, 'y_stop': 2794, 'x_start': 80, 'x_stop': 2802}"
N08,PLD3_TMEM106B_mCherry_primary,25,488nm Binned,80.0,-9.0,0.003273996020820989,0.2716010426076022,0.9690554553783489,,True,False,True,20,2,0.25,True,anchored_masked_phase_cross_correlation,N,08,"{'y_start': 539, 'y_stop': 2794, 'x_start': 80, 'x_stop': 2802}"
N08,PLD3_TMEM106B_mCherry_primary,29,488nm Binned,54.0,-17.0,0.009112369214676702,0.22389266275822237,0.975355677713392,,True,False,False,20,2,0.25,True,anchored_masked_phase_cross_correlation,N,08,"{'y_start': 539, 'y_stop': 2794, 'x_start': 80, 'x_stop': 2802}"
N08,PLD3_TMEM106B_mCherry_primary,32,488nm Binned,470.0,-38.0,0.004333924048937415,0.15750704462458412,0.8250443989270341,,True,False,False,20,2,0.25,True,anchored_masked_phase_cross_correlation,N,08,"{'y_start': 539, 'y_stop': 2794, 'x_start': 80, 'x_stop': 2802}"
N08,PLD3_TMEM106B_mCherry_primary,36,488nm Binned,-74.0,-66.0,0.011424544581832959,0.1383205418336091,0.9517792639017758,,True,False,False,20,2,0.25,True,anchored_masked_phase_cross_correlation,N,08,"{'y_start': 539, 'y_stop': 2794, 'x_start': 80, 'x_stop': 2802}"
N08,PLD3_TMEM106B_mCherry_primary,39,488nm Binned,813.0,131.0,0.005248554045848073,0.18870460260326452,0.6837987926215111,,True,True,True,36,2,0.25,True,anchored_masked_phase_cross_correlation,N,08,"{'y_start': 539, 'y_stop': 2794, 'x_start': 80, 'x_stop': 2802}"
N09,PLD3_TMEM106B_mCherry_primary,8,488nm Binned,0.0,0.0,1.0,1.0,1.0,,True,False,False,8,2,0.25,True,anchored_masked_phase_cross_correlation,N,09,"{'y_start': 525, 'y_stop': 2780, 'x_start': 81, 'x_stop': 2799}"
N09,PLD3_TMEM106B_mCherry_primary,12,488nm Binned,-79.0,-32.0,0.001263186812703574,0.16991367889982656,0.9616044109093951,,True,False,False,8,2,0.25,True,anchored_masked_phase_cross_correlation,N,09,"{'y_start': 525, 'y_stop': 2780, 'x_start': 81, 'x_stop': 2799}"
N09,PLD3_TMEM106B_mCherry_primary,16,488nm Binned,-44.0,-10.0,0.010716082296101763,0.15761966698973456,0.9812250408003284,,True,False,False,8,2,0.25,True,anchored_masked_phase_cross_correlation,N,09,"{'y_start': 525, 'y_stop': 2780, 'x_start': 81, 'x_stop': 2799}"
N09,PLD3_TMEM106B_mCherry_primary,20,488nm Binned,-58.0,-26.0,0.00237129695923344,0.12999598247122898,0.970894631085279,,True,False,False,8,2,0.25,True,anchored_masked_phase_cross_correlation,N,09,"{'y_start': 525, 'y_stop': 2780, 'x_start': 81, 'x_stop': 2799}"
N09,PLD3_TMEM106B_mCherry_primary,25,488nm Binned,81.0,-13.0,0.006981539789441111,0.27144099418565953,0.9673525644392313,,True,False,True,20,2,0.25,True,anchored_masked_phase_cross_correlation,N,09,"{'y_start': 525, 'y_stop': 2780, 'x_start': 81, 'x_stop': 2799}"
N09,PLD3_TMEM106B_mCherry_primary,29,488nm Binned,55.0,-20.0,0.0069930047538195065,0.2264915891034608,0.973983104092871,,True,False,False,20,2,0.25,True,anchored_masked_phase_cross_correlation,N,09,"{'y_start': 525, 'y_stop': 2780, 'x_start': 81, 'x_stop': 2799}"
N09,PLD3_TMEM106B_mCherry_primary,32,488nm Binned,460.0,-43.0,-0.0027401532176984057,0.14762491436092307,0.8270211967188561,,True,False,False,20,2,0.25,True,anchored_masked_phase_cross_correlation,N,09,"{'y_start': 525, 'y_stop': 2780, 'x_start': 81, 'x_stop': 2799}"
N09,PLD3_TMEM106B_mCherry_primary,36,488nm Binned,-88.0,-69.0,-0.002399564895605282,0.13101716635378044,0.9459962185535967,,True,False,False,20,2,0.25,True,anchored_masked_phase_cross_correlation,N,09,"{'y_start': 525, 'y_stop': 2780, 'x_start': 81, 'x_stop': 2799}"
N09,PLD3_TMEM106B_mCherry_primary,39,488nm Binned,784.0,126.0,0.0007149251865301868,0.20356940529185813,0.6947153119401505,,True,True,True,36,2,0.25,True,anchored_masked_phase_cross_correlation,N,09,"{'y_start': 525, 'y_stop': 2780, 'x_start': 81, 'x_stop': 2799}"
N10,PLD3_TMEM106B_mCherry_primary,8,488nm Binned,0.0,0.0,1.0,1.0,1.0,,True,False,False,8,2,0.25,True,anchored_masked_phase_cross_correlation,N,10,"{'y_start': 509, 'y_stop': 2767, 'x_start': 78, 'x_stop': 2803}"
N10,PLD3_TMEM106B_mCherry_primary,12,488nm Binned,-91.0,-30.0,-0.0007222059748287368,0.17558470184836147,0.9581422185652679,,True,False,False,8,2,0.25,True,anchored_masked_phase_cross_correlation,N,10,"{'y_start': 509, 'y_stop': 2767, 'x_start': 78, 'x_stop': 2803}"
N10,PLD3_TMEM106B_mCherry_primary,16,488nm Binned,-47.0,-8.0,0.006204266381765165,0.16357428077649097,0.9808685850115447,,True,False,False,8,2,0.25,True,anchored_masked_phase_cross_correlation,N,10,"{'y_start': 509, 'y_stop': 2767, 'x_start': 78, 'x_stop': 2803}"
N10,PLD3_TMEM106B_mCherry_primary,20,488nm Binned,-72.0,-25.0,0.002594493270876425,0.11995729275119418,0.9663973553217439,,True,False,False,8,2,0.25,True,anchored_masked_phase_cross_correlation,N,10,"{'y_start': 509, 'y_stop': 2767, 'x_start': 78, 'x_stop': 2803}"
N10,PLD3_TMEM106B_mCherry_primary,25,488nm Binned,82.0,-10.0,0.009385602830414752,0.26922734754887756,0.9680215877017404,,True,False,True,20,2,0.25,True,anchored_masked_phase_cross_correlation,N,10,"{'y_start': 509, 'y_stop': 2767, 'x_start': 78, 'x_stop': 2803}"
N10,PLD3_TMEM106B_mCherry_primary,29,488nm Binned,56.0,-19.0,0.01909084356865459,0.25249515476130235,0.9739787274187932,,True,False,False,20,2,0.25,True,anchored_masked_phase_cross_correlation,N,10,"{'y_start': 509, 'y_stop': 2767, 'x_start': 78, 'x_stop': 2803}"
N10,PLD3_TMEM106B_mCherry_primary,32,488nm Binned,446.0,-40.0,0.0015314391683909007,0.1679226082684971,0.8327128182085203,,True,False,False,20,2,0.25,True,anchored_masked_phase_cross_correlation,N,10,"{'y_start': 509, 'y_stop': 2767, 'x_start': 78, 'x_stop': 2803}"
N10,PLD3_TMEM106B_mCherry_primary,36,488nm Binned,-101.0,-65.0,-0.002790975045558177,0.14647093426560212,0.9429180793597995,,True,False,False,20,2,0.25,True,anchored_masked_phase_cross_correlation,N,10,"{'y_start': 509, 'y_stop': 2767, 'x_start': 78, 'x_stop': 2803}"
N10,PLD3_TMEM106B_mCherry_primary,39,488nm Binned,758.0,127.0,-0.003882435922018413,0.19645522430299764,0.7031260637749495,,True,True,True,36,2,0.25,True,anchored_masked_phase_cross_correlation,N,10,"{'y_start': 509, 'y_stop': 2767, 'x_start': 78, 'x_stop': 2803}"
N11,PLD3_TMEM106B_mCherry_primary,8,488nm Binned,0.0,0.0,1.0,1.0,1.0,,True,False,False,8,2,0.25,True,anchored_masked_phase_cross_correlation,N,11,"{'y_start': 494, 'y_stop': 2757, 'x_start': 78, 'x_stop': 2803}"
N11,PLD3_TMEM106B_mCherry_primary,12,488nm Binned,-99.0,-30.0,0.0005302100374155636,0.14918559244160254,0.9553819961135134,,True,False,False,8,2,0.25,True,anchored_masked_phase_cross_correlation,N,11,"{'y_start': 494, 'y_stop': 2757, 'x_start': 78, 'x_stop': 2803}"
N11,PLD3_TMEM106B_mCherry_primary,16,488nm Binned,-51.0,-9.0,0.006349778872976407,0.13757524952466313,0.9791353005024421,,True,False,False,8,2,0.25,True,anchored_masked_phase_cross_correlation,N,11,"{'y_start': 494, 'y_stop': 2757, 'x_start': 78, 'x_stop': 2803}"
N11,PLD3_TMEM106B_mCherry_primary,20,488nm Binned,-85.0,-26.0,0.0032322279752450317,0.10330523908096127,0.9615657502883742,,True,False,False,8,2,0.25,True,anchored_masked_phase_cross_correlation,N,11,"{'y_start': 494, 'y_stop': 2757, 'x_start': 78, 'x_stop': 2803}"
N11,PLD3_TMEM106B_mCherry_primary,25,488nm Binned,83.0,-9.0,-3.5861383033441635e-05,0.3039648883102405,0.9680127127793048,,True,False,True,20,2,0.25,True,anchored_masked_phase_cross_correlation,N,11,"{'y_start': 494, 'y_stop': 2757, 'x_start': 78, 'x_stop': 2803}"
N11,PLD3_TMEM106B_mCherry_primary,29,488nm Binned,53.0,-18.0,0.010101443394215509,0.23309699981875934,0.9753600543874699,,True,False,False,20,2,0.25,True,anchored_masked_phase_cross_correlation,N,11,"{'y_start': 494, 'y_stop': 2757, 'x_start': 78, 'x_stop': 2803}"
N11,PLD3_TMEM106B_mCherry_primary,32,488nm Binned,434.0,-41.0,5.050322084531866e-05,0.1625311589713569,0.8365426511751857,,True,False,False,20,2,0.25,True,anchored_masked_phase_cross_correlation,N,11,"{'y_start': 494, 'y_stop': 2757, 'x_start': 78, 'x_stop': 2803}"
N11,PLD3_TMEM106B_mCherry_primary,36,488nm Binned,-111.0,-65.0,-0.005652144780816978,0.13726692634345913,0.9395103522930854,,True,False,False,20,2,0.25,True,anchored_masked_phase_cross_correlation,N,11,"{'y_start': 494, 'y_stop': 2757, 'x_start': 78, 'x_stop': 2803}"
N11,PLD3_TMEM106B_mCherry_primary,39,488nm Binned,733.0,127.0,-0.0031209419777519214,0.17820536241101081,0.711456941307828,,True,True,True,36,2,0.25,True,anchored_masked_phase_cross_correlation,N,11,"{'y_start': 494, 'y_stop': 2757, 'x_start': 78, 'x_stop': 2803}"
N14,PLD3_TMEM106B_mCherry_primary,8,488nm Binned,0.0,0.0,1.0,1.0,1.0,,True,False,False,8,1,0.125,True,anchored_masked_phase_cross_correlation,N,14,"{'y_start': 454, 'y_stop': 2728, 'x_start': 77, 'x_stop': 2804}"
N14,PLD3_TMEM106B_mCherry_primary,12,488nm Binned,-127.0,-33.0,0.011667496103857622,0.17630576182309218,0.9447215122284274,,True,False,False,8,1,0.125,True,anchored_masked_phase_cross_correlation,N,14,"{'y_start': 454, 'y_stop': 2728, 'x_start': 77, 'x_stop': 2804}"
N14,PLD3_TMEM106B_mCherry_primary,16,488nm Binned,-59.0,-11.0,0.0010732701248773295,0.13933173476054975,0.9756716492669557,,True,False,False,8,1,0.125,True,anchored_masked_phase_cross_correlation,N,14,"{'y_start': 454, 'y_stop': 2728, 'x_start': 77, 'x_stop': 2804}"
N14,PLD3_TMEM106B_mCherry_primary,20,488nm Binned,-117.0,-24.0,8.324880141639898e-05,0.11603043460993652,0.9511782006617531,,True,False,False,8,1,0.125,True,anchored_masked_phase_cross_correlation,N,14,"{'y_start': 454, 'y_stop': 2728, 'x_start': 77, 'x_stop': 2804}"
N14,PLD3_TMEM106B_mCherry_primary,25,488nm Binned,90.0,-12.0,0.00496175657783358,0.29612060948685853,0.9645664466658497,,True,False,True,20,1,0.125,True,anchored_masked_phase_cross_correlation,N,14,"{'y_start': 454, 'y_stop': 2728, 'x_start': 77, 'x_stop': 2804}"
N14,PLD3_TMEM106B_mCherry_primary,29,488nm Binned,57.0,-17.0,0.011542669743104809,0.2881927912699652,0.9743158528970665,,True,False,False,20,1,0.125,True,anchored_masked_phase_cross_correlation,N,14,"{'y_start': 454, 'y_stop': 2728, 'x_start': 77, 'x_stop': 2804}"
N14,PLD3_TMEM106B_mCherry_primary,32,488nm Binned,399.0,-41.0,0.008266088177334359,0.18954887077354607,0.8485718183038345,,True,False,False,20,1,0.125,True,anchored_masked_phase_cross_correlation,N,14,"{'y_start': 454, 'y_stop': 2728, 'x_start': 77, 'x_stop': 2804}"
N14,PLD3_TMEM106B_mCherry_primary,36,488nm Binned,-140.0,-64.0,-0.0005105885122820723,0.18317096373949796,0.9299595984352904,,True,False,False,20,1,0.125,True,anchored_masked_phase_cross_correlation,N,14,"{'y_start': 454, 'y_stop': 2728, 'x_start': 77, 'x_stop': 2804}"
N14,PLD3_TMEM106B_mCherry_primary,39,488nm Binned,670.0,128.0,0.002949244174609554,0.10307581808668113,0.7321835324233742,,True,True,False,20,1,0.125,True,anchored_masked_phase_cross_correlation,N,14,"{'y_start': 454, 'y_stop': 2728, 'x_start': 77, 'x_stop': 2804}"
N13,PLD3_TMEM106B_mCherry_primary,8,488nm Binned,0.0,0.0,1.0,1.0,1.0,,True,False,False,8,2,0.25,True,anchored_masked_phase_cross_correlation,N,13,"{'y_start': 467, 'y_stop': 2738, 'x_start': 79, 'x_stop': 2801}"
N13,PLD3_TMEM106B_mCherry_primary,12,488nm Binned,-118.0,-31.0,-0.0007979251077354689,0.17404039583569036,0.948492138520762,,True,False,False,8,2,0.25,True,anchored_masked_phase_cross_correlation,N,13,"{'y_start': 467, 'y_stop': 2738, 'x_start': 79, 'x_stop': 2801}"
N13,PLD3_TMEM106B_mCherry_primary,16,488nm Binned,-58.0,-7.0,0.0036886185099084968,0.14437568418308364,0.9773854818912678,,True,False,False,8,2,0.25,True,anchored_masked_phase_cross_correlation,N,13,"{'y_start': 467, 'y_stop': 2738, 'x_start': 79, 'x_stop': 2801}"
N13,PLD3_TMEM106B_mCherry_primary,20,488nm Binned,-111.0,-25.0,0.0057830295933013025,0.12359437694875168,0.9529175638848526,,True,False,False,8,2,0.25,True,anchored_masked_phase_cross_correlation,N,13,"{'y_start': 467, 'y_stop': 2738, 'x_start': 79, 'x_stop': 2801}"
N13,PLD3_TMEM106B_mCherry_primary,25,488nm Binned,83.0,-11.0,0.0008274471715620397,0.26183765161828687,0.9673355440400397,,True,False,True,20,2,0.25,True,anchored_masked_phase_cross_correlation,N,13,"{'y_start': 467, 'y_stop': 2738, 'x_start': 79, 'x_stop': 2801}"
N13,PLD3_TMEM106B_mCherry_primary,29,488nm Binned,51.0,-17.0,0.01023114476352595,0.25537712430233755,0.9763955025297176,,True,False,False,20,2,0.25,True,anchored_masked_phase_cross_correlation,N,13,"{'y_start': 467, 'y_stop': 2738, 'x_start': 79, 'x_stop': 2801}"
N13,PLD3_TMEM106B_mCherry_primary,32,488nm Binned,410.0,-41.0,0.0017788319399200338,0.1642186201315502,0.8447912229205449,,True,False,False,20,2,0.25,True,anchored_masked_phase_cross_correlation,N,13,"{'y_start': 467, 'y_stop': 2738, 'x_start': 79, 'x_stop': 2801}"
N13,PLD3_TMEM106B_mCherry_primary,36,488nm Binned,-130.0,-67.0,0.004234672592852887,0.11809208159149333,0.932369930109378,,True,False,False,20,2,0.25,True,anchored_masked_phase_cross_correlation,N,13,"{'y_start': 467, 'y_stop': 2738, 'x_start': 79, 'x_stop': 2801}"
N13,PLD3_TMEM106B_mCherry_primary,39,488nm Binned,690.0,126.0,0.0007357026111596807,0.13902651901310795,0.7260508394460882,,True,True,True,36,2,0.25,True,anchored_masked_phase_cross_correlation,N,13,"{'y_start': 467, 'y_stop': 2738, 'x_start': 79, 'x_stop': 2801}"
N12,PLD3_TMEM106B_mCherry_primary,8,488nm Binned,0.0,0.0,1.0,1.0,1.0,,True,False,False,8,2,0.25,True,anchored_masked_phase_cross_correlation,N,12,"{'y_start': 485, 'y_stop': 2751, 'x_start': 77, 'x_stop': 2805}"
N12,PLD3_TMEM106B_mCherry_primary,12,488nm Binned,-106.0,-30.0,0.005409693578285766,0.19819649320888308,0.9529668014682283,,True,False,False,8,2,0.25,True,anchored_masked_phase_cross_correlation,N,12,"{'y_start': 485, 'y_stop': 2751, 'x_start': 77, 'x_stop': 2805}"
N12,PLD3_TMEM106B_mCherry_primary,16,488nm Binned,-50.0,-7.0,0.0036962817281271346,0.1603161342617997,0.9801680740105313,,True,False,False,8,2,0.25,True,anchored_masked_phase_cross_correlation,N,12,"{'y_start': 485, 'y_stop': 2751, 'x_start': 77, 'x_stop': 2805}"
N12,PLD3_TMEM106B_mCherry_primary,20,488nm Binned,-92.0,-23.0,0.0020456699778165833,0.13152648513023543,0.9601596221665898,,True,False,False,8,2,0.25,True,anchored_masked_phase_cross_correlation,N,12,"{'y_start': 485, 'y_stop': 2751, 'x_start': 77, 'x_stop': 2805}"
N12,PLD3_TMEM106B_mCherry_primary,25,488nm Binned,90.0,-9.0,0.002925635460038125,0.2971453140960422,0.9655796467148684,,True,False,True,20,2,0.25,True,anchored_masked_phase_cross_correlation,N,12,"{'y_start': 485, 'y_stop': 2751, 'x_start': 77, 'x_stop': 2805}"
N12,PLD3_TMEM106B_mCherry_primary,29,488nm Binned,58.0,-16.0,0.006454544026452419,0.25709265900244777,0.974310868351589,,True,False,False,20,2,0.25,True,anchored_masked_phase_cross_correlation,N,12,"{'y_start': 485, 'y_stop': 2751, 'x_start': 77, 'x_stop': 2805}"
N12,PLD3_TMEM106B_mCherry_primary,32,488nm Binned,426.0,-39.0,0.003547596634643176,0.1662352693312739,0.8398859438735317,,True,False,False,20,2,0.25,True,anchored_masked_phase_cross_correlation,N,12,"{'y_start': 485, 'y_stop': 2751, 'x_start': 77, 'x_stop': 2805}"
N12,PLD3_TMEM106B_mCherry_primary,36,488nm Binned,-117.0,-63.0,0.003456339956273604,0.12926506776739033,0.938134617741286,,True,False,False,20,2,0.25,True,anchored_masked_phase_cross_correlation,N,12,"{'y_start': 485, 'y_stop': 2751, 'x_start': 77, 'x_stop': 2805}"
N12,PLD3_TMEM106B_mCherry_primary,39,488nm Binned,717.0,130.0,0.003677686036909577,0.16912476946346736,0.7160041841004184,,True,True,True,36,2,0.25,True,anchored_masked_phase_cross_correlation,N,12,"{'y_start': 485, 'y_stop': 2751, 'x_start': 77, 'x_stop': 2805}"
N15,PLD3_TMEM106B_mCherry_primary,8,488nm Binned,0.0,0.0,1.0,1.0,1.0,,True,False,False,8,2,0.25,True,anchored_masked_phase_cross_correlation,N,15,"{'y_start': 439, 'y_stop': 2715, 'x_start': 76, 'x_stop': 2805}"
N15,PLD3_TMEM106B_mCherry_primary,12,488nm Binned,-138.0,-30.0,0.003682012451878719,0.1764389083608583,0.9419259116612104,,True,False,False,8,2,0.25,True,anchored_masked_phase_cross_correlation,N,15,"{'y_start': 439, 'y_stop': 2715, 'x_start': 76, 'x_stop': 2805}"
N15,PLD3_TMEM106B_mCherry_primary,16,488nm Binned,-63.0,-8.0,0.007252043838736385,0.14680241226627994,0.975305345961497,,True,False,False,8,2,0.25,True,anchored_masked_phase_cross_correlation,N,15,"{'y_start': 439, 'y_stop': 2715, 'x_start': 76, 'x_stop': 2805}"
N15,PLD3_TMEM106B_mCherry_primary,20,488nm Binned,-133.0,-25.0,-0.0014729063958287523,0.1263594178520132,0.9453135789717345,,True,False,False,8,2,0.25,True,anchored_masked_phase_cross_correlation,N,15,"{'y_start': 439, 'y_stop': 2715, 'x_start': 76, 'x_stop': 2805}"
N15,PLD3_TMEM106B_mCherry_primary,25,488nm Binned,89.0,-9.0,-0.00034045381496589257,0.1020930132766251,0.9659272275812165,,True,False,False,8,2,0.25,True,anchored_masked_phase_cross_correlation,N,15,"{'y_start': 439, 'y_stop': 2715, 'x_start': 76, 'x_stop': 2805}"
N15,PLD3_TMEM106B_mCherry_primary,29,488nm Binned,55.0,-17.0,0.0037254106068378163,0.10886932238401718,0.9750090694412835,,True,False,False,8,2,0.25,True,anchored_masked_phase_cross_correlation,N,15,"{'y_start': 439, 'y_stop': 2715, 'x_start': 76, 'x_stop': 2805}"
N15,PLD3_TMEM106B_mCherry_primary,32,488nm Binned,388.0,-39.0,0.0073116166387003165,0.27565943934144566,0.8529554221156259,,True,False,True,29,2,0.25,True,anchored_masked_phase_cross_correlation,N,15,"{'y_start': 439, 'y_stop': 2715, 'x_start': 76, 'x_stop': 2805}"
N15,PLD3_TMEM106B_mCherry_primary,36,488nm Binned,-153.0,-63.0,0.004094314124493909,0.1708090017093756,0.9258580469529595,,True,False,False,29,2,0.25,True,anchored_masked_phase_cross_correlation,N,15,"{'y_start': 439, 'y_stop': 2715, 'x_start': 76, 'x_stop': 2805}"
N15,PLD3_TMEM106B_mCherry_primary,39,488nm Binned,638.0,124.0,0.006981030760128422,0.14819305037623282,0.7439276078655641,,True,True,True,36,2,0.25,True,anchored_masked_phase_cross_correlation,N,15,"{'y_start': 439, 'y_stop': 2715, 'x_start': 76, 'x_stop': 2805}"
N16,PLD3_TMEM106B_mCherry_primary,8,488nm Binned,0.0,0.0,1.0,1.0,1.0,,True,False,False,8,2,0.25,True,anchored_masked_phase_cross_correlation,N,16,"{'y_start': 425, 'y_stop': 2706, 'x_start': 76, 'x_stop': 2805}"
N16,PLD3_TMEM106B_mCherry_primary,12,488nm Binned,-147.0,-32.0,0.00043168920381562385,0.16874620075121946,0.938159054171554,,True,False,False,8,2,0.25,True,anchored_masked_phase_cross_correlation,N,16,"{'y_start': 425, 'y_stop': 2706, 'x_start': 76, 'x_stop': 2805}"
N16,PLD3_TMEM106B_mCherry_primary,16,488nm Binned,-65.0,-9.0,0.004073499766659265,0.14707900250853484,0.9742691683735696,,True,False,False,8,2,0.25,True,anchored_masked_phase_cross_correlation,N,16,"{'y_start': 425, 'y_stop': 2706, 'x_start': 76, 'x_stop': 2805}"
N16,PLD3_TMEM106B_mCherry_primary,20,488nm Binned,-145.0,-25.0,0.004901546813238278,0.40412192037138817,0.9411659508373064,,True,False,True,16,2,0.25,True,anchored_masked_phase_cross_correlation,N,16,"{'y_start': 425, 'y_stop': 2706, 'x_start': 76, 'x_stop': 2805}"
N16,PLD3_TMEM106B_mCherry_primary,25,488nm Binned,90.0,-12.0,-0.0002895222177057182,0.23275110887280379,0.9645664466658497,,True,False,False,16,2,0.25,True,anchored_masked_phase_cross_correlation,N,16,"{'y_start': 425, 'y_stop': 2706, 'x_start': 76, 'x_stop': 2805}"
N16,PLD3_TMEM106B_mCherry_primary,29,488nm Binned,52.0,-17.0,0.007633928467787638,0.1762682742019502,0.9760488942576091,,True,False,False,16,2,0.25,True,anchored_masked_phase_cross_correlation,N,16,"{'y_start': 425, 'y_stop': 2706, 'x_start': 76, 'x_stop': 2805}"
N16,PLD3_TMEM106B_mCherry_primary,32,488nm Binned,376.0,-41.0,0.0014579816885761491,0.13754550764817294,0.8564766995598039,,True,False,False,16,2,0.25,True,anchored_masked_phase_cross_correlation,N,16,"{'y_start': 425, 'y_stop': 2706, 'x_start': 76, 'x_stop': 2805}"
N16,PLD3_TMEM106B_mCherry_primary,36,488nm Binned,-162.0,-63.0,0.00023540761151804308,0.2086505278097763,0.9227889042558779,,True,False,True,32,2,0.25,True,anchored_masked_phase_cross_correlation,N,16,"{'y_start': 425, 'y_stop': 2706, 'x_start': 76, 'x_stop': 2805}"
N16,PLD3_TMEM106B_mCherry_primary,39,488nm Binned,616.0,125.0,0.003362292389439464,0.14851135229839746,0.7509930187185487,,True,True,False,32,2,0.25,True,anchored_masked_phase_cross_correlation,N,16,"{'y_start': 425, 'y_stop': 2706, 'x_start': 76, 'x_stop': 2805}"
N17,PLD3_TMEM106B_mCherry_primary,8,488nm Binned,0.0,0.0,1.0,1.0,1.0,,True,False,False,8,2,0.25,True,anchored_masked_phase_cross_correlation,N,17,"{'y_start': 409, 'y_stop': 2690, 'x_start': 76, 'x_stop': 2805}"
N17,PLD3_TMEM106B_mCherry_primary,12,488nm Binned,-157.0,-32.0,8.192775583103883e-06,0.18575231826008823,0.9347112075924596,,True,False,False,8,2,0.25,True,anchored_masked_phase_cross_correlation,N,17,"{'y_start': 409, 'y_stop': 2690, 'x_start': 76, 'x_stop': 2805}"
N17,PLD3_TMEM106B_mCherry_primary,16,488nm Binned,-70.0,-9.0,-0.0016220868781912797,0.15378334056529147,0.9725312640418293,,True,False,False,8,2,0.25,True,anchored_masked_phase_cross_correlation,N,17,"{'y_start': 409, 'y_stop': 2690, 'x_start': 76, 'x_stop': 2805}"
N17,PLD3_TMEM106B_mCherry_primary,20,488nm Binned,-157.0,-26.0,0.00208365574507461,0.12203887459249205,0.9366887348299614,,True,False,False,8,2,0.25,True,anchored_masked_phase_cross_correlation,N,17,"{'y_start': 409, 'y_stop': 2690, 'x_start': 76, 'x_stop': 2805}"
N17,PLD3_TMEM106B_mCherry_primary,25,488nm Binned,91.0,-12.0,-0.001612039890848689,0.2944633108091217,0.9642192305223415,,True,False,True,20,2,0.25,True,anchored_masked_phase_cross_correlation,N,17,"{'y_start': 409, 'y_stop': 2690, 'x_start': 76, 'x_stop': 2805}"
N17,PLD3_TMEM106B_mCherry_primary,29,488nm Binned,52.0,-18.0,-0.00010959539512373837,0.1915437058732003,0.9757065410852984,,True,False,False,20,2,0.25,True,anchored_masked_phase_cross_correlation,N,17,"{'y_start': 409, 'y_stop': 2690, 'x_start': 76, 'x_stop': 2805}"
N17,PLD3_TMEM106B_mCherry_primary,32,488nm Binned,363.0,-40.0,-0.004406625690331172,0.148937033321009,0.8612492194931228,,True,False,False,20,2,0.25,True,anchored_masked_phase_cross_correlation,N,17,"{'y_start': 409, 'y_stop': 2690, 'x_start': 76, 'x_stop': 2805}"
N17,PLD3_TMEM106B_mCherry_primary,36,488nm Binned,-178.0,-63.0,-0.004173010623648303,0.12424930594754571,0.9173326505721772,,True,False,False,20,2,0.25,True,anchored_masked_phase_cross_correlation,N,17,"{'y_start': 409, 'y_stop': 2690, 'x_start': 76, 'x_stop': 2805}"
N17,PLD3_TMEM106B_mCherry_primary,39,488nm Binned,588.0,126.0,0.0025157308175968057,0.2381073886754381,0.7600532203567865,,True,True,True,36,2,0.25,True,anchored_masked_phase_cross_correlation,N,17,"{'y_start': 409, 'y_stop': 2690, 'x_start': 76, 'x_stop': 2805}"
N18,PLD3_TMEM106B_mCherry_primary,8,488nm Binned,0.0,0.0,1.0,1.0,1.0,,True,False,False,8,1,0.125,True,anchored_masked_phase_cross_correlation,N,18,"{'y_start': 393, 'y_stop': 2680, 'x_start': 76, 'x_stop': 2805}"
N18,PLD3_TMEM106B_mCherry_primary,12,488nm Binned,-165.0,-33.0,-0.0026400104850360026,0.16633282893876475,0.9316243150505068,,True,False,False,8,1,0.125,True,anchored_masked_phase_cross_correlation,N,18,"{'y_start': 393, 'y_stop': 2680, 'x_start': 76, 'x_stop': 2805}"
N18,PLD3_TMEM106B_mCherry_primary,16,488nm Binned,-70.0,-10.0,0.002099431552272403,0.13379814990461747,0.9721910992065577,,True,False,False,8,1,0.125,True,anchored_masked_phase_cross_correlation,N,18,"{'y_start': 393, 'y_stop': 2680, 'x_start': 76, 'x_stop': 2805}"
N18,PLD3_TMEM106B_mCherry_primary,20,488nm Binned,-170.0,-26.0,0.003445018702142506,0.11270262903515914,0.9321970514833035,,True,False,False,8,1,0.125,True,anchored_masked_phase_cross_correlation,N,18,"{'y_start': 393, 'y_stop': 2680, 'x_start': 76, 'x_stop': 2805}"
N18,PLD3_TMEM106B_mCherry_primary,25,488nm Binned,91.0,-12.0,-0.0037737994001105545,0.2597913453460187,0.9642192305223415,,True,False,True,20,1,0.125,True,anchored_masked_phase_cross_correlation,N,18,"{'y_start': 393, 'y_stop': 2680, 'x_start': 76, 'x_stop': 2805}"
N18,PLD3_TMEM106B_mCherry_primary,29,488nm Binned,49.0,-16.0,0.003591934068108766,0.23571193571289742,0.9774314369690851,,True,False,False,20,1,0.125,True,anchored_masked_phase_cross_correlation,N,18,"{'y_start': 393, 'y_stop': 2680, 'x_start': 76, 'x_stop': 2805}"
N18,PLD3_TMEM106B_mCherry_primary,32,488nm Binned,348.0,-43.0,-0.00346824975481439,0.1831122395564666,0.8654872988918261,,True,False,False,20,1,0.125,True,anchored_masked_phase_cross_correlation,N,18,"{'y_start': 393, 'y_stop': 2680, 'x_start': 76, 'x_stop': 2805}"
N18,PLD3_TMEM106B_mCherry_primary,36,488nm Binned,-188.0,-63.0,-0.005725406106745876,0.16743826662699235,0.9139224920198643,,True,False,False,20,1,0.125,True,anchored_masked_phase_cross_correlation,N,18,"{'y_start': 393, 'y_stop': 2680, 'x_start': 76, 'x_stop': 2805}"
N18,PLD3_TMEM106B_mCherry_primary,39,488nm Binned,569.0,126.0,-0.0033932907698543797,0.10236600173520449,0.766386997193093,,True,True,False,20,1,0.125,True,anchored_masked_phase_cross_correlation,N,18,"{'y_start': 393, 'y_stop': 2680, 'x_start': 76, 'x_stop': 2805}"
N20,PLD3_TMEM106B_mCherry_primary,8,488nm Binned,0.0,0.0,1.0,1.0,1.0,,True,False,False,8,2,0.25,True,anchored_masked_phase_cross_correlation,N,20,"{'y_start': 360, 'y_stop': 2656, 'x_start': 76, 'x_stop': 2806}"
N20,PLD3_TMEM106B_mCherry_primary,12,488nm Binned,-181.0,-34.0,0.005038271538497345,0.1823738380321693,0.9257830356222366,,True,False,False,8,2,0.25,True,anchored_masked_phase_cross_correlation,N,20,"{'y_start': 360, 'y_stop': 2656, 'x_start': 76, 'x_stop': 2806}"
N20,PLD3_TMEM106B_mCherry_primary,16,488nm Binned,-76.0,-7.0,0.004462345670293365,0.14269606811719007,0.9711246496229252,,True,False,False,8,2,0.25,True,anchored_masked_phase_cross_correlation,N,20,"{'y_start': 360, 'y_stop': 2656, 'x_start': 76, 'x_stop': 2806}"
N20,PLD3_TMEM106B_mCherry_primary,20,488nm Binned,-198.0,-25.0,-0.0010635163153186649,0.10415235404419708,0.922847259910249,,True,False,False,8,2,0.25,True,anchored_masked_phase_cross_correlation,N,20,"{'y_start': 360, 'y_stop': 2656, 'x_start': 76, 'x_stop': 2806}"
N20,PLD3_TMEM106B_mCherry_primary,25,488nm Binned,90.0,-11.0,0.012382103690198926,0.2515267605147424,0.9649041800155226,,True,False,True,20,2,0.25,True,anchored_masked_phase_cross_correlation,N,20,"{'y_start': 360, 'y_stop': 2656, 'x_start': 76, 'x_stop': 2806}"
N20,PLD3_TMEM106B_mCherry_primary,29,488nm Binned,48.0,-16.0,0.0022280930016688786,0.2418378306643546,0.9777781668154736,,True,False,False,20,2,0.25,True,anchored_masked_phase_cross_correlation,N,20,"{'y_start': 360, 'y_stop': 2656, 'x_start': 76, 'x_stop': 2806}"
N20,PLD3_TMEM106B_mCherry_primary,32,488nm Binned,321.0,-39.0,0.0042941740253390264,0.17414836467555178,0.8759989758582658,,True,False,False,20,2,0.25,True,anchored_masked_phase_cross_correlation,N,20,"{'y_start': 360, 'y_stop': 2656, 'x_start': 76, 'x_stop': 2806}"
N20,PLD3_TMEM106B_mCherry_primary,36,488nm Binned,-212.0,-62.0,0.001034913558804531,0.1521212488290151,0.9060610127818335,,True,False,False,20,2,0.25,True,anchored_masked_phase_cross_correlation,N,20,"{'y_start': 360, 'y_stop': 2656, 'x_start': 76, 'x_stop': 2806}"
N20,PLD3_TMEM106B_mCherry_primary,39,488nm Binned,512.0,128.0,0.005675318610588525,0.18931257429819442,0.7848154696949361,,True,True,True,36,2,0.25,True,anchored_masked_phase_cross_correlation,N,20,"{'y_start': 360, 'y_stop': 2656, 'x_start': 76, 'x_stop': 2806}"
N19,PLD3_TMEM106B_mCherry_primary,8,488nm Binned,0.0,0.0,1.0,1.0,1.0,,True,False,False,8,2,0.25,True,anchored_masked_phase_cross_correlation,N,19,"{'y_start': 383, 'y_stop': 2673, 'x_start': 77, 'x_stop': 2802}"
N19,PLD3_TMEM106B_mCherry_primary,12,488nm Binned,-175.0,-34.0,0.00486609045653698,0.19073722525412046,0.9278502846783339,,True,False,False,8,2,0.25,True,anchored_masked_phase_cross_correlation,N,19,"{'y_start': 383, 'y_stop': 2673, 'x_start': 77, 'x_stop': 2802}"
N19,PLD3_TMEM106B_mCherry_primary,16,488nm Binned,-75.0,-11.0,-0.0022925943395447927,0.1486599470259313,0.9701142457823451,,True,False,False,8,2,0.25,True,anchored_masked_phase_cross_correlation,N,19,"{'y_start': 383, 'y_stop': 2673, 'x_start': 77, 'x_stop': 2802}"
N19,PLD3_TMEM106B_mCherry_primary,20,488nm Binned,-179.0,-28.0,0.014443954421768719,0.12289114711078197,0.9284335980734854,,True,False,False,8,2,0.25,True,anchored_masked_phase_cross_correlation,N,19,"{'y_start': 383, 'y_stop': 2673, 'x_start': 77, 'x_stop': 2802}"
N19,PLD3_TMEM106B_mCherry_primary,25,488nm Binned,96.0,-13.0,0.006411953538356475,0.27336019216390384,0.962146145900807,,True,False,True,20,2,0.25,True,anchored_masked_phase_cross_correlation,N,19,"{'y_start': 383, 'y_stop': 2673, 'x_start': 77, 'x_stop': 2802}"
N19,PLD3_TMEM106B_mCherry_primary,29,488nm Binned,56.0,-18.0,0.01429471537027439,0.2163103428494014,0.9743205942939841,,True,False,False,20,2,0.25,True,anchored_masked_phase_cross_correlation,N,19,"{'y_start': 383, 'y_stop': 2673, 'x_start': 77, 'x_stop': 2802}"
N19,PLD3_TMEM106B_mCherry_primary,32,488nm Binned,341.0,-44.0,0.004775111370655123,0.1498280015927811,0.8675842120722287,,True,False,False,20,2,0.25,True,anchored_masked_phase_cross_correlation,N,19,"{'y_start': 383, 'y_stop': 2673, 'x_start': 77, 'x_stop': 2802}"
N19,PLD3_TMEM106B_mCherry_primary,36,488nm Binned,-195.0,-66.0,0.007148017207755766,0.15246428488711125,0.9105604768824075,,True,False,False,20,2,0.25,True,anchored_masked_phase_cross_correlation,N,19,"{'y_start': 383, 'y_stop': 2673, 'x_start': 77, 'x_stop': 2802}"
N19,PLD3_TMEM106B_mCherry_primary,39,488nm Binned,546.0,119.0,-0.00218002556619189,0.11399939416878699,0.7760302690779223,,True,True,True,36,2,0.25,True,anchored_masked_phase_cross_correlation,N,19,"{'y_start': 383, 'y_stop': 2673, 'x_start': 77, 'x_stop': 2802}"
